Entity,Code,Year,Upper secondary education
Afghanistan,AFG,1990,9
Afghanistan,AFG,1991,9.5
Afghanistan,AFG,1992,10
Afghanistan,AFG,1993,10.5
Afghanistan,AFG,1994,10.9
Afghanistan,AFG,1995,11.2
Afghanistan,AFG,1996,11.5
Afghanistan,AFG,1997,11.7
Afghanistan,AFG,1998,12
Afghanistan,AFG,1999,12.2
Afghanistan,AFG,2000,12.6
Afghanistan,AFG,2001,12.9
Afghanistan,AFG,2002,13.2
Afghanistan,AFG,2003,13.5
Afghanistan,AFG,2004,13.8
Afghanistan,AFG,2005,14.2
Afghanistan,AFG,2006,14.8
Afghanistan,AFG,2007,15.8
Afghanistan,AFG,2008,17.1
Afghanistan,AFG,2009,18.6
Afghanistan,AFG,2010,20.4
Afghanistan,AFG,2011,22.6
Afghanistan,AFG,2012,24.5
Afghanistan,AFG,2013,26.2
Afghanistan,AFG,2014,27.5
Afghanistan,AFG,2015,28.7
Afghanistan,AFG,2016,29.7
Afghanistan,AFG,2017,30.7
Afghanistan,AFG,2018,31.6
Afghanistan,AFG,2019,32.7
Afghanistan,AFG,2020,33.7
Afghanistan,AFG,2021,34.8
Afghanistan,AFG,2022,35.8
Afghanistan,AFG,2023,36.8
Afghanistan,AFG,2024,37.7
Albania,ALB,1990,47.7
Albania,ALB,1991,48.4
Albania,ALB,1992,48.8
Albania,ALB,1993,48.7
Albania,ALB,1994,48.2
Albania,ALB,1995,47.4
Albania,ALB,1996,46.3
Albania,ALB,1997,44.9
Albania,ALB,1998,43.7
Albania,ALB,1999,42.8
Albania,ALB,2000,42.5
Albania,ALB,2001,42.7
Albania,ALB,2002,43.6
Albania,ALB,2003,44.7
Albania,ALB,2004,46.3
Albania,ALB,2005,48.1
Albania,ALB,2006,50.1
Albania,ALB,2007,52.2
Albania,ALB,2008,54.5
Albania,ALB,2009,57.1
Albania,ALB,2010,60.1
Albania,ALB,2011,63.3
Albania,ALB,2012,66.5
Albania,ALB,2013,69.7
Albania,ALB,2014,72.6
Albania,ALB,2015,75.3
Albania,ALB,2016,77.8
Albania,ALB,2017,79.8
Albania,ALB,2018,81.7
Albania,ALB,2019,83.2
Albania,ALB,2020,84.5
Albania,ALB,2021,85.6
Albania,ALB,2022,86.5
Albania,ALB,2023,87.4
Albania,ALB,2024,88.2
Algeria,DZA,1990,7
Algeria,DZA,1991,7.5
Algeria,DZA,1992,8.2
Algeria,DZA,1993,8.8
Algeria,DZA,1994,9.5
Algeria,DZA,1995,10.2
Algeria,DZA,1996,10.9
Algeria,DZA,1997,11.9
Algeria,DZA,1998,13
Algeria,DZA,1999,14.1
Algeria,DZA,2000,15.4
Algeria,DZA,2001,16.6
Algeria,DZA,2002,17.8
Algeria,DZA,2003,18.9
Algeria,DZA,2004,20.1
Algeria,DZA,2005,21.4
Algeria,DZA,2006,22.8
Algeria,DZA,2007,24.3
Algeria,DZA,2008,26
Algeria,DZA,2009,27.7
Algeria,DZA,2010,29.4
Algeria,DZA,2011,31.2
Algeria,DZA,2012,32.7
Algeria,DZA,2013,34.1
Algeria,DZA,2014,35.4
Algeria,DZA,2015,36.7
Algeria,DZA,2016,38
Algeria,DZA,2017,39.2
Algeria,DZA,2018,40.3
Algeria,DZA,2019,41.6
Algeria,DZA,2020,42.9
Algeria,DZA,2021,44.4
Algeria,DZA,2022,46.1
Algeria,DZA,2023,47.8
Algeria,DZA,2024,49.4
Angola,AGO,1990,9.4
Angola,AGO,1991,9.7
Angola,AGO,1992,9.9
Angola,AGO,1993,10.2
Angola,AGO,1994,10.4
Angola,AGO,1995,10.6
Angola,AGO,1996,10.9
Angola,AGO,1997,11.2
Angola,AGO,1998,11.5
Angola,AGO,1999,12
Angola,AGO,2000,12.4
Angola,AGO,2001,13
Angola,AGO,2002,13.5
Angola,AGO,2003,14
Angola,AGO,2004,14.4
Angola,AGO,2005,14.8
Angola,AGO,2006,15.2
Angola,AGO,2007,15.5
Angola,AGO,2008,15.9
Angola,AGO,2009,16.2
Angola,AGO,2010,16.5
Angola,AGO,2011,16.8
Angola,AGO,2012,16.9
Angola,AGO,2013,16.8
Angola,AGO,2014,16.7
Angola,AGO,2015,16.8
Angola,AGO,2016,17
Angola,AGO,2017,17.3
Angola,AGO,2018,17.6
Angola,AGO,2019,18
Angola,AGO,2020,18.4
Angola,AGO,2021,18.9
Angola,AGO,2022,19.2
Angola,AGO,2023,19.5
Angola,AGO,2024,20
Argentina,ARG,1990,52.3
Argentina,ARG,1991,53
Argentina,ARG,1992,53.4
Argentina,ARG,1993,54
Argentina,ARG,1994,54.3
Argentina,ARG,1995,55
Argentina,ARG,1996,55.8
Argentina,ARG,1997,56.5
Argentina,ARG,1998,56.8
Argentina,ARG,1999,56.9
Argentina,ARG,2000,57.1
Argentina,ARG,2001,57.2
Argentina,ARG,2002,57.5
Argentina,ARG,2003,57.7
Argentina,ARG,2004,58
Argentina,ARG,2005,58.1
Argentina,ARG,2006,59.3
Argentina,ARG,2007,60.7
Argentina,ARG,2008,62.1
Argentina,ARG,2009,62.5
Argentina,ARG,2010,62.7
Argentina,ARG,2011,62.7
Argentina,ARG,2012,62.5
Argentina,ARG,2013,62.3
Argentina,ARG,2014,62.2
Argentina,ARG,2015,62.4
Argentina,ARG,2016,62.6
Argentina,ARG,2017,62.9
Argentina,ARG,2018,63.3
Argentina,ARG,2019,63.7
Argentina,ARG,2020,64.2
Argentina,ARG,2021,64.6
Argentina,ARG,2022,65
Argentina,ARG,2023,65.4
Argentina,ARG,2024,65.7
Armenia,ARM,1990,89
Armenia,ARM,1991,89.1
Armenia,ARM,1992,89.1
Armenia,ARM,1993,88.9
Armenia,ARM,1994,88.5
Armenia,ARM,1995,87.8
Armenia,ARM,1996,86.7
Armenia,ARM,1997,85.6
Armenia,ARM,1998,84.8
Armenia,ARM,1999,84.5
Armenia,ARM,2000,84.6
Armenia,ARM,2001,84.7
Armenia,ARM,2002,84.8
Armenia,ARM,2003,85
Armenia,ARM,2004,85.3
Armenia,ARM,2005,85.7
Armenia,ARM,2006,86.1
Armenia,ARM,2007,86.4
Armenia,ARM,2008,86.7
Armenia,ARM,2009,87.1
Armenia,ARM,2010,87.6
Armenia,ARM,2011,88.1
Armenia,ARM,2012,88.5
Armenia,ARM,2013,88.7
Armenia,ARM,2014,88.9
Armenia,ARM,2015,89.1
Armenia,ARM,2016,89.2
Armenia,ARM,2017,89.3
Armenia,ARM,2018,89.4
Armenia,ARM,2019,89.6
Armenia,ARM,2020,89.8
Armenia,ARM,2021,89.9
Armenia,ARM,2022,90
Armenia,ARM,2023,90.2
Armenia,ARM,2024,90.3
Australia,AUS,1990,77.2
Australia,AUS,1991,77.6
Australia,AUS,1992,78
Australia,AUS,1993,78.4
Australia,AUS,1994,78.7
Australia,AUS,1995,79.1
Australia,AUS,1996,79.5
Australia,AUS,1997,79.9
Australia,AUS,1998,80.3
Australia,AUS,1999,80.7
Australia,AUS,2000,81.1
Australia,AUS,2001,81.6
Australia,AUS,2002,82.2
Australia,AUS,2003,82.7
Australia,AUS,2004,83.2
Australia,AUS,2005,83.6
Australia,AUS,2006,83.9
Australia,AUS,2007,84.1
Australia,AUS,2008,84.5
Australia,AUS,2009,84.8
Australia,AUS,2010,85
Australia,AUS,2011,85
Australia,AUS,2012,85
Australia,AUS,2013,85.2
Australia,AUS,2014,85.4
Australia,AUS,2015,85.7
Australia,AUS,2016,85.9
Australia,AUS,2017,86.3
Australia,AUS,2018,86.7
Australia,AUS,2019,87.2
Australia,AUS,2020,87.6
Australia,AUS,2021,87.8
Australia,AUS,2022,88.1
Australia,AUS,2023,88.4
Australia,AUS,2024,88.6
Austria,AUT,1990,82.3
Austria,AUT,1991,82.8
Austria,AUT,1992,83
Austria,AUT,1993,83.4
Austria,AUT,1994,83.8
Austria,AUT,1995,84.3
Austria,AUT,1996,84.8
Austria,AUT,1997,85.1
Austria,AUT,1998,85.3
Austria,AUT,1999,85.6
Austria,AUT,2000,86
Austria,AUT,2001,86
Austria,AUT,2002,85.7
Austria,AUT,2003,85.2
Austria,AUT,2004,84.8
Austria,AUT,2005,84.4
Austria,AUT,2006,84.2
Austria,AUT,2007,84.2
Austria,AUT,2008,84.2
Austria,AUT,2009,84.3
Austria,AUT,2010,84.4
Austria,AUT,2011,84.6
Austria,AUT,2012,84.9
Austria,AUT,2013,85.1
Austria,AUT,2014,85.1
Austria,AUT,2015,84.9
Austria,AUT,2016,84.8
Austria,AUT,2017,84.7
Austria,AUT,2018,84.7
Austria,AUT,2019,84.9
Austria,AUT,2020,85.1
Austria,AUT,2021,85.3
Austria,AUT,2022,85.5
Austria,AUT,2023,85.6
Austria,AUT,2024,85.9
Azerbaijan,AZE,1990,26.4
Azerbaijan,AZE,1991,26.6
Azerbaijan,AZE,1992,27.2
Azerbaijan,AZE,1993,28.5
Azerbaijan,AZE,1994,30.6
Azerbaijan,AZE,1995,33.6
Azerbaijan,AZE,1996,37.2
Azerbaijan,AZE,1997,40.9
Azerbaijan,AZE,1998,44.3
Azerbaijan,AZE,1999,47.5
Azerbaijan,AZE,2000,50.3
Azerbaijan,AZE,2001,53
Azerbaijan,AZE,2002,55.6
Azerbaijan,AZE,2003,57.9
Azerbaijan,AZE,2004,60
Azerbaijan,AZE,2005,61.6
Azerbaijan,AZE,2006,62.6
Azerbaijan,AZE,2007,62.8
Azerbaijan,AZE,2008,62.3
Azerbaijan,AZE,2009,61.3
Azerbaijan,AZE,2010,60.6
Azerbaijan,AZE,2011,60.3
Azerbaijan,AZE,2012,60.4
Azerbaijan,AZE,2013,60.8
Azerbaijan,AZE,2014,61.4
Azerbaijan,AZE,2015,62.2
Azerbaijan,AZE,2016,63.4
Azerbaijan,AZE,2017,64.8
Azerbaijan,AZE,2018,66.4
Azerbaijan,AZE,2019,68.1
Azerbaijan,AZE,2020,69.9
Azerbaijan,AZE,2021,71.7
Azerbaijan,AZE,2022,73.7
Azerbaijan,AZE,2023,75.7
Azerbaijan,AZE,2024,77.6
Bangladesh,BGD,1990,8.8
Bangladesh,BGD,1991,8.9
Bangladesh,BGD,1992,9.1
Bangladesh,BGD,1993,9.2
Bangladesh,BGD,1994,9.5
Bangladesh,BGD,1995,9.8
Bangladesh,BGD,1996,10.2
Bangladesh,BGD,1997,10.6
Bangladesh,BGD,1998,11
Bangladesh,BGD,1999,11.4
Bangladesh,BGD,2000,11.5
Bangladesh,BGD,2001,11.5
Bangladesh,BGD,2002,11.4
Bangladesh,BGD,2003,11.3
Bangladesh,BGD,2004,11.3
Bangladesh,BGD,2005,11.4
Bangladesh,BGD,2006,11.6
Bangladesh,BGD,2007,12
Bangladesh,BGD,2008,12.5
Bangladesh,BGD,2009,13.4
Bangladesh,BGD,2010,14.6
Bangladesh,BGD,2011,16.2
Bangladesh,BGD,2012,18
Bangladesh,BGD,2013,19.9
Bangladesh,BGD,2014,22.1
Bangladesh,BGD,2015,24.1
Bangladesh,BGD,2016,26.1
Bangladesh,BGD,2017,28
Bangladesh,BGD,2018,29.6
Bangladesh,BGD,2019,31.2
Bangladesh,BGD,2020,32.6
Bangladesh,BGD,2021,34.3
Bangladesh,BGD,2022,36.1
Bangladesh,BGD,2023,37.8
Bangladesh,BGD,2024,39.3
Barbados,BRB,1990,84.8
Barbados,BRB,1991,85.2
Barbados,BRB,1992,85.7
Barbados,BRB,1993,86.1
Barbados,BRB,1994,86.5
Barbados,BRB,1995,87.1
Barbados,BRB,1996,87.7
Barbados,BRB,1997,88.2
Barbados,BRB,1998,88.7
Barbados,BRB,1999,89.1
Barbados,BRB,2000,89.5
Barbados,BRB,2001,89.9
Barbados,BRB,2002,90.3
Barbados,BRB,2003,90.6
Barbados,BRB,2004,90.9
Barbados,BRB,2005,91.1
Barbados,BRB,2006,91.3
Barbados,BRB,2007,91.6
Barbados,BRB,2008,91.8
Barbados,BRB,2009,92.1
Barbados,BRB,2010,92.4
Barbados,BRB,2011,92.6
Barbados,BRB,2012,92.9
Barbados,BRB,2013,93.1
Barbados,BRB,2014,93.4
Barbados,BRB,2015,93.6
Barbados,BRB,2016,93.8
Barbados,BRB,2017,94.1
Barbados,BRB,2018,94.3
Barbados,BRB,2019,94.4
Barbados,BRB,2020,94.7
Barbados,BRB,2021,94.8
Barbados,BRB,2022,95
Barbados,BRB,2023,95.2
Barbados,BRB,2024,95.4
Belarus,BLR,1990,75.5
Belarus,BLR,1991,76.5
Belarus,BLR,1992,77.7
Belarus,BLR,1993,79.1
Belarus,BLR,1994,80.6
Belarus,BLR,1995,81.9
Belarus,BLR,1996,83
Belarus,BLR,1997,83.9
Belarus,BLR,1998,84.7
Belarus,BLR,1999,85.4
Belarus,BLR,2000,86
Belarus,BLR,2001,86.7
Belarus,BLR,2002,87.2
Belarus,BLR,2003,87.7
Belarus,BLR,2004,88.1
Belarus,BLR,2005,88.5
Belarus,BLR,2006,88.8
Belarus,BLR,2007,89
Belarus,BLR,2008,89.2
Belarus,BLR,2009,89.4
Belarus,BLR,2010,89.6
Belarus,BLR,2011,89.7
Belarus,BLR,2012,89.8
Belarus,BLR,2013,89.8
Belarus,BLR,2014,89.9
Belarus,BLR,2015,90.2
Belarus,BLR,2016,90.5
Belarus,BLR,2017,90.8
Belarus,BLR,2018,91.1
Belarus,BLR,2019,91.3
Belarus,BLR,2020,91.6
Belarus,BLR,2021,92
Belarus,BLR,2022,92.3
Belarus,BLR,2023,92.6
Belarus,BLR,2024,92.9
Belgium,BEL,1990,73.7
Belgium,BEL,1991,74.5
Belgium,BEL,1992,75.2
Belgium,BEL,1993,75.8
Belgium,BEL,1994,76.3
Belgium,BEL,1995,76.8
Belgium,BEL,1996,77.3
Belgium,BEL,1997,77.8
Belgium,BEL,1998,78.4
Belgium,BEL,1999,78.8
Belgium,BEL,2000,78.9
Belgium,BEL,2001,78.9
Belgium,BEL,2002,78.9
Belgium,BEL,2003,78.8
Belgium,BEL,2004,78.9
Belgium,BEL,2005,79.1
Belgium,BEL,2006,79.4
Belgium,BEL,2007,79.7
Belgium,BEL,2008,79.9
Belgium,BEL,2009,80
Belgium,BEL,2010,80.2
Belgium,BEL,2011,80.4
Belgium,BEL,2012,81
Belgium,BEL,2013,81.6
Belgium,BEL,2014,82.3
Belgium,BEL,2015,82.9
Belgium,BEL,2016,83.4
Belgium,BEL,2017,83.8
Belgium,BEL,2018,84.2
Belgium,BEL,2019,84.6
Belgium,BEL,2020,84.9
Belgium,BEL,2021,85.2
Belgium,BEL,2022,85.5
Belgium,BEL,2023,85.8
Belgium,BEL,2024,86
Belize,BLZ,1990,10.1
Belize,BLZ,1991,10.4
Belize,BLZ,1992,10.7
Belize,BLZ,1993,10.9
Belize,BLZ,1994,11.1
Belize,BLZ,1995,11.3
Belize,BLZ,1996,11.5
Belize,BLZ,1997,11.7
Belize,BLZ,1998,11.7
Belize,BLZ,1999,11.8
Belize,BLZ,2000,12
Belize,BLZ,2001,12.4
Belize,BLZ,2002,12.8
Belize,BLZ,2003,13.3
Belize,BLZ,2004,13.8
Belize,BLZ,2005,14.2
Belize,BLZ,2006,14.6
Belize,BLZ,2007,14.8
Belize,BLZ,2008,15
Belize,BLZ,2009,15.2
Belize,BLZ,2010,15.4
Belize,BLZ,2011,15.3
Belize,BLZ,2012,15
Belize,BLZ,2013,14.7
Belize,BLZ,2014,14.7
Belize,BLZ,2015,14.7
Belize,BLZ,2016,14.8
Belize,BLZ,2017,15
Belize,BLZ,2018,15.3
Belize,BLZ,2019,15.5
Belize,BLZ,2020,15.7
Belize,BLZ,2021,16
Belize,BLZ,2022,16.3
Belize,BLZ,2023,16.6
Belize,BLZ,2024,16.7
Benin,BEN,1990,4.6
Benin,BEN,1991,4.4
Benin,BEN,1992,4.3
Benin,BEN,1993,4.3
Benin,BEN,1994,4.3
Benin,BEN,1995,4.3
Benin,BEN,1996,4.4
Benin,BEN,1997,4.5
Benin,BEN,1998,4.8
Benin,BEN,1999,5.1
Benin,BEN,2000,5.4
Benin,BEN,2001,5.6
Benin,BEN,2002,6
Benin,BEN,2003,6.5
Benin,BEN,2004,7.2
Benin,BEN,2005,7.9
Benin,BEN,2006,8.5
Benin,BEN,2007,9.2
Benin,BEN,2008,10.1
Benin,BEN,2009,10.9
Benin,BEN,2010,11.4
Benin,BEN,2011,11.7
Benin,BEN,2012,12.2
Benin,BEN,2013,12.7
Benin,BEN,2014,13.4
Benin,BEN,2015,14.3
Benin,BEN,2016,15.1
Benin,BEN,2017,15.8
Benin,BEN,2018,16.6
Benin,BEN,2019,17.3
Benin,BEN,2020,18.1
Benin,BEN,2021,18.8
Benin,BEN,2022,19.4
Benin,BEN,2023,20
Benin,BEN,2024,20.6
Bhutan,BTN,1990,13.4
Bhutan,BTN,1991,14.2
Bhutan,BTN,1992,14.8
Bhutan,BTN,1993,15.3
Bhutan,BTN,1994,15.7
Bhutan,BTN,1995,16.4
Bhutan,BTN,1996,17.4
Bhutan,BTN,1997,18.8
Bhutan,BTN,1998,20.4
Bhutan,BTN,1999,22.2
Bhutan,BTN,2000,24.2
Bhutan,BTN,2001,26.4
Bhutan,BTN,2002,28.6
Bhutan,BTN,2003,30.9
Bhutan,BTN,2004,33.3
Bhutan,BTN,2005,35.8
Bhutan,BTN,2006,38.3
Bhutan,BTN,2007,40.7
Bhutan,BTN,2008,43.2
Bhutan,BTN,2009,45.7
Bhutan,BTN,2010,48.2
Bhutan,BTN,2011,50.5
Bhutan,BTN,2012,52.7
Bhutan,BTN,2013,54.8
Bhutan,BTN,2014,56.7
Bhutan,BTN,2015,58.7
Bhutan,BTN,2016,60.6
Bhutan,BTN,2017,62.5
Bhutan,BTN,2018,64.3
Bhutan,BTN,2019,66.1
Bhutan,BTN,2020,67.9
Bhutan,BTN,2021,69.6
Bhutan,BTN,2022,71.3
Bhutan,BTN,2023,72.9
Bhutan,BTN,2024,74.5
Bolivia,BOL,1990,33.9
Bolivia,BOL,1991,34.8
Bolivia,BOL,1992,35.9
Bolivia,BOL,1993,37.1
Bolivia,BOL,1994,38.5
Bolivia,BOL,1995,40
Bolivia,BOL,1996,41.6
Bolivia,BOL,1997,43
Bolivia,BOL,1998,44.4
Bolivia,BOL,1999,45.8
Bolivia,BOL,2000,47.5
Bolivia,BOL,2001,48.9
Bolivia,BOL,2002,50.4
Bolivia,BOL,2003,51.9
Bolivia,BOL,2004,53.3
Bolivia,BOL,2005,54.4
Bolivia,BOL,2006,55.7
Bolivia,BOL,2007,57.2
Bolivia,BOL,2008,58.5
Bolivia,BOL,2009,59.4
Bolivia,BOL,2010,60
Bolivia,BOL,2011,60.8
Bolivia,BOL,2012,61.8
Bolivia,BOL,2013,63.2
Bolivia,BOL,2014,64.6
Bolivia,BOL,2015,66.1
Bolivia,BOL,2016,67.5
Bolivia,BOL,2017,68.7
Bolivia,BOL,2018,70
Bolivia,BOL,2019,71.1
Bolivia,BOL,2020,72
Bolivia,BOL,2021,73
Bolivia,BOL,2022,73.9
Bolivia,BOL,2023,74.8
Bolivia,BOL,2024,75.8
Bosnia and Herzegovina,BIH,1990,42
Bosnia and Herzegovina,BIH,1991,42
Bosnia and Herzegovina,BIH,1992,42.3
Bosnia and Herzegovina,BIH,1993,42.6
Bosnia and Herzegovina,BIH,1994,42.9
Bosnia and Herzegovina,BIH,1995,43.4
Bosnia and Herzegovina,BIH,1996,44.3
Bosnia and Herzegovina,BIH,1997,45.2
Bosnia and Herzegovina,BIH,1998,46.3
Bosnia and Herzegovina,BIH,1999,47.6
Bosnia and Herzegovina,BIH,2000,48.9
Bosnia and Herzegovina,BIH,2001,50
Bosnia and Herzegovina,BIH,2002,51.2
Bosnia and Herzegovina,BIH,2003,52.2
Bosnia and Herzegovina,BIH,2004,53.2
Bosnia and Herzegovina,BIH,2005,54.2
Bosnia and Herzegovina,BIH,2006,55
Bosnia and Herzegovina,BIH,2007,55.7
Bosnia and Herzegovina,BIH,2008,56.4
Bosnia and Herzegovina,BIH,2009,56.9
Bosnia and Herzegovina,BIH,2010,57.5
Bosnia and Herzegovina,BIH,2011,58.1
Bosnia and Herzegovina,BIH,2012,58.8
Bosnia and Herzegovina,BIH,2013,59.4
Bosnia and Herzegovina,BIH,2014,60
Bosnia and Herzegovina,BIH,2015,60.5
Bosnia and Herzegovina,BIH,2016,61
Bosnia and Herzegovina,BIH,2017,61.6
Bosnia and Herzegovina,BIH,2018,62.2
Bosnia and Herzegovina,BIH,2019,62.8
Bosnia and Herzegovina,BIH,2020,63.3
Bosnia and Herzegovina,BIH,2021,63.9
Bosnia and Herzegovina,BIH,2022,64.5
Bosnia and Herzegovina,BIH,2023,65
Bosnia and Herzegovina,BIH,2024,65.5
Botswana,BWA,1990,20.1
Botswana,BWA,1991,21.6
Botswana,BWA,1992,22.9
Botswana,BWA,1993,24
Botswana,BWA,1994,24.8
Botswana,BWA,1995,25.8
Botswana,BWA,1996,27
Botswana,BWA,1997,28
Botswana,BWA,1998,28.9
Botswana,BWA,1999,29.5
Botswana,BWA,2000,29.8
Botswana,BWA,2001,30.3
Botswana,BWA,2002,31.3
Botswana,BWA,2003,32.5
Botswana,BWA,2004,33.6
Botswana,BWA,2005,34.5
Botswana,BWA,2006,35.3
Botswana,BWA,2007,36.4
Botswana,BWA,2008,38
Botswana,BWA,2009,40.2
Botswana,BWA,2010,42.7
Botswana,BWA,2011,45.6
Botswana,BWA,2012,47.8
Botswana,BWA,2013,49.5
Botswana,BWA,2014,50.9
Botswana,BWA,2015,52.2
Botswana,BWA,2016,53.7
Botswana,BWA,2017,55
Botswana,BWA,2018,56.4
Botswana,BWA,2019,57.7
Botswana,BWA,2020,59
Botswana,BWA,2021,60.3
Botswana,BWA,2022,61.5
Botswana,BWA,2023,62.7
Botswana,BWA,2024,63.9
Brazil,BRA,1990,33.8
Brazil,BRA,1991,34.4
Brazil,BRA,1992,35
Brazil,BRA,1993,35.7
Brazil,BRA,1994,36.2
Brazil,BRA,1995,36.8
Brazil,BRA,1996,37.8
Brazil,BRA,1997,39.2
Brazil,BRA,1998,41
Brazil,BRA,1999,43
Brazil,BRA,2000,44.8
Brazil,BRA,2001,46.8
Brazil,BRA,2002,48.5
Brazil,BRA,2003,50
Brazil,BRA,2004,50.9
Brazil,BRA,2005,51.7
Brazil,BRA,2006,52.5
Brazil,BRA,2007,53.4
Brazil,BRA,2008,54.3
Brazil,BRA,2009,55.1
Brazil,BRA,2010,55.8
Brazil,BRA,2011,56.6
Brazil,BRA,2012,57.2
Brazil,BRA,2013,57.9
Brazil,BRA,2014,58.7
Brazil,BRA,2015,59.9
Brazil,BRA,2016,61.5
Brazil,BRA,2017,63.2
Brazil,BRA,2018,65
Brazil,BRA,2019,66.7
Brazil,BRA,2020,68
Brazil,BRA,2021,69
Brazil,BRA,2022,69.8
Brazil,BRA,2023,70.6
Brazil,BRA,2024,71.3
Bulgaria,BGR,1990,81.7
Bulgaria,BGR,1991,81.8
Bulgaria,BGR,1992,81.9
Bulgaria,BGR,1993,81.7
Bulgaria,BGR,1994,81.6
Bulgaria,BGR,1995,81.5
Bulgaria,BGR,1996,81.5
Bulgaria,BGR,1997,81.5
Bulgaria,BGR,1998,81.5
Bulgaria,BGR,1999,81.3
Bulgaria,BGR,2000,81
Bulgaria,BGR,2001,80.8
Bulgaria,BGR,2002,80.7
Bulgaria,BGR,2003,80.7
Bulgaria,BGR,2004,80.7
Bulgaria,BGR,2005,81
Bulgaria,BGR,2006,81.6
Bulgaria,BGR,2007,82.2
Bulgaria,BGR,2008,82.7
Bulgaria,BGR,2009,82.9
Bulgaria,BGR,2010,83.2
Bulgaria,BGR,2011,83.4
Bulgaria,BGR,2012,83.6
Bulgaria,BGR,2013,83.9
Bulgaria,BGR,2014,84.2
Bulgaria,BGR,2015,84.5
Bulgaria,BGR,2016,84.9
Bulgaria,BGR,2017,85.3
Bulgaria,BGR,2018,85.7
Bulgaria,BGR,2019,85.9
Bulgaria,BGR,2020,86.1
Bulgaria,BGR,2021,86.3
Bulgaria,BGR,2022,86.6
Bulgaria,BGR,2023,86.8
Bulgaria,BGR,2024,87
Burkina Faso,BFA,1990,2.2
Burkina Faso,BFA,1991,2.4
Burkina Faso,BFA,1992,2.6
Burkina Faso,BFA,1993,2.8
Burkina Faso,BFA,1994,3
Burkina Faso,BFA,1995,3.1
Burkina Faso,BFA,1996,3.2
Burkina Faso,BFA,1997,3.2
Burkina Faso,BFA,1998,3.2
Burkina Faso,BFA,1999,3.2
Burkina Faso,BFA,2000,3.3
Burkina Faso,BFA,2001,3.3
Burkina Faso,BFA,2002,3.4
Burkina Faso,BFA,2003,3.4
Burkina Faso,BFA,2004,3.5
Burkina Faso,BFA,2005,3.5
Burkina Faso,BFA,2006,3.6
Burkina Faso,BFA,2007,3.8
Burkina Faso,BFA,2008,4.1
Burkina Faso,BFA,2009,4.5
Burkina Faso,BFA,2010,4.9
Burkina Faso,BFA,2011,5.3
Burkina Faso,BFA,2012,5.8
Burkina Faso,BFA,2013,6.3
Burkina Faso,BFA,2014,6.9
Burkina Faso,BFA,2015,7.5
Burkina Faso,BFA,2016,8.3
Burkina Faso,BFA,2017,9.1
Burkina Faso,BFA,2018,10.1
Burkina Faso,BFA,2019,11.1
Burkina Faso,BFA,2020,12.2
Burkina Faso,BFA,2021,13.3
Burkina Faso,BFA,2022,14.2
Burkina Faso,BFA,2023,14.8
Burkina Faso,BFA,2024,15.5
Burundi,BDI,1990,1.7
Burundi,BDI,1991,1.7
Burundi,BDI,1992,1.8
Burundi,BDI,1993,1.8
Burundi,BDI,1994,1.9
Burundi,BDI,1995,2
Burundi,BDI,1996,2
Burundi,BDI,1997,2.2
Burundi,BDI,1998,2.3
Burundi,BDI,1999,2.4
Burundi,BDI,2000,2.6
Burundi,BDI,2001,2.7
Burundi,BDI,2002,2.8
Burundi,BDI,2003,2.9
Burundi,BDI,2004,3
Burundi,BDI,2005,3.2
Burundi,BDI,2006,3.5
Burundi,BDI,2007,3.8
Burundi,BDI,2008,4.1
Burundi,BDI,2009,4.5
Burundi,BDI,2010,4.9
Burundi,BDI,2011,5.3
Burundi,BDI,2012,5.8
Burundi,BDI,2013,6.3
Burundi,BDI,2014,6.7
Burundi,BDI,2015,7.1
Burundi,BDI,2016,7.4
Burundi,BDI,2017,7.6
Burundi,BDI,2018,7.8
Burundi,BDI,2019,8.1
Burundi,BDI,2020,8.4
Burundi,BDI,2021,8.8
Burundi,BDI,2022,9.1
Burundi,BDI,2023,9.5
Burundi,BDI,2024,9.8
Cambodia,KHM,1990,5.9
Cambodia,KHM,1991,6.2
Cambodia,KHM,1992,6.6
Cambodia,KHM,1993,6.8
Cambodia,KHM,1994,7.1
Cambodia,KHM,1995,7
Cambodia,KHM,1996,6.7
Cambodia,KHM,1997,6.4
Cambodia,KHM,1998,6.2
Cambodia,KHM,1999,6.5
Cambodia,KHM,2000,7.3
Cambodia,KHM,2001,8.3
Cambodia,KHM,2002,9.2
Cambodia,KHM,2003,9.9
Cambodia,KHM,2004,10.6
Cambodia,KHM,2005,11.2
Cambodia,KHM,2006,11.7
Cambodia,KHM,2007,12.4
Cambodia,KHM,2008,13.2
Cambodia,KHM,2009,14.2
Cambodia,KHM,2010,15.1
Cambodia,KHM,2011,15.9
Cambodia,KHM,2012,16.5
Cambodia,KHM,2013,17
Cambodia,KHM,2014,17.4
Cambodia,KHM,2015,17.7
Cambodia,KHM,2016,17.8
Cambodia,KHM,2017,17.9
Cambodia,KHM,2018,18.2
Cambodia,KHM,2019,18.7
Cambodia,KHM,2020,19.8
Cambodia,KHM,2021,21
Cambodia,KHM,2022,22.5
Cambodia,KHM,2023,23.7
Cambodia,KHM,2024,24.7
Cameroon,CMR,1990,8.3
Cameroon,CMR,1991,8.3
Cameroon,CMR,1992,8.3
Cameroon,CMR,1993,8.2
Cameroon,CMR,1994,8.2
Cameroon,CMR,1995,8.2
Cameroon,CMR,1996,8.2
Cameroon,CMR,1997,8.2
Cameroon,CMR,1998,8.4
Cameroon,CMR,1999,8.5
Cameroon,CMR,2000,8.7
Cameroon,CMR,2001,8.8
Cameroon,CMR,2002,9
Cameroon,CMR,2003,9.2
Cameroon,CMR,2004,9.6
Cameroon,CMR,2005,10.2
Cameroon,CMR,2006,10.9
Cameroon,CMR,2007,11.7
Cameroon,CMR,2008,12.5
Cameroon,CMR,2009,13.1
Cameroon,CMR,2010,13.6
Cameroon,CMR,2011,13.9
Cameroon,CMR,2012,14.3
Cameroon,CMR,2013,14.8
Cameroon,CMR,2014,15.5
Cameroon,CMR,2015,16.3
Cameroon,CMR,2016,17
Cameroon,CMR,2017,17.6
Cameroon,CMR,2018,18.2
Cameroon,CMR,2019,18.8
Cameroon,CMR,2020,19.3
Cameroon,CMR,2021,19.7
Cameroon,CMR,2022,20.2
Cameroon,CMR,2023,20.7
Cameroon,CMR,2024,21.1
Canada,CAN,1990,85
Canada,CAN,1991,85.3
Canada,CAN,1992,85.4
Canada,CAN,1993,85.5
Canada,CAN,1994,85.8
Canada,CAN,1995,86.2
Canada,CAN,1996,86.4
Canada,CAN,1997,86.3
Canada,CAN,1998,86.3
Canada,CAN,1999,86.4
Canada,CAN,2000,86.4
Canada,CAN,2001,86.2
Canada,CAN,2002,85.9
Canada,CAN,2003,85.7
Canada,CAN,2004,85.5
Canada,CAN,2005,85.3
Canada,CAN,2006,85.1
Canada,CAN,2007,85
Canada,CAN,2008,85
Canada,CAN,2009,85.1
Canada,CAN,2010,85.2
Canada,CAN,2011,85.5
Canada,CAN,2012,85.6
Canada,CAN,2013,85.9
Canada,CAN,2014,86.1
Canada,CAN,2015,86.3
Canada,CAN,2016,86.4
Canada,CAN,2017,86.6
Canada,CAN,2018,86.9
Canada,CAN,2019,87
Canada,CAN,2020,87.3
Canada,CAN,2021,87.5
Canada,CAN,2022,87.7
Canada,CAN,2023,87.9
Canada,CAN,2024,88
Central African Republic,CAF,1990,6.6
Central African Republic,CAF,1991,6.6
Central African Republic,CAF,1992,6.7
Central African Republic,CAF,1993,6.7
Central African Republic,CAF,1994,6.8
Central African Republic,CAF,1995,6.8
Central African Republic,CAF,1996,7
Central African Republic,CAF,1997,7
Central African Republic,CAF,1998,7.2
Central African Republic,CAF,1999,7.2
Central African Republic,CAF,2000,7.2
Central African Republic,CAF,2001,7.2
Central African Republic,CAF,2002,7.2
Central African Republic,CAF,2003,7.2
Central African Republic,CAF,2004,7.2
Central African Republic,CAF,2005,7.2
Central African Republic,CAF,2006,7.4
Central African Republic,CAF,2007,7.6
Central African Republic,CAF,2008,8
Central African Republic,CAF,2009,8.3
Central African Republic,CAF,2010,8.5
Central African Republic,CAF,2011,8.6
Central African Republic,CAF,2012,8.6
Central African Republic,CAF,2013,8.4
Central African Republic,CAF,2014,8.4
Central African Republic,CAF,2015,8.3
Central African Republic,CAF,2016,8.4
Central African Republic,CAF,2017,8.5
Central African Republic,CAF,2018,8.5
Central African Republic,CAF,2019,8.5
Central African Republic,CAF,2020,8.6
Central African Republic,CAF,2021,8.7
Central African Republic,CAF,2022,8.8
Central African Republic,CAF,2023,8.9
Central African Republic,CAF,2024,9.1
Chad,TCD,1990,2.9
Chad,TCD,1991,3
Chad,TCD,1992,3.1
Chad,TCD,1993,3.2
Chad,TCD,1994,3.4
Chad,TCD,1995,3.5
Chad,TCD,1996,3.7
Chad,TCD,1997,3.9
Chad,TCD,1998,4.2
Chad,TCD,1999,4.4
Chad,TCD,2000,4.6
Chad,TCD,2001,4.8
Chad,TCD,2002,4.8
Chad,TCD,2003,4.8
Chad,TCD,2004,4.9
Chad,TCD,2005,5.1
Chad,TCD,2006,5.3
Chad,TCD,2007,5.4
Chad,TCD,2008,5.6
Chad,TCD,2009,5.7
Chad,TCD,2010,5.7
Chad,TCD,2011,5.8
Chad,TCD,2012,5.9
Chad,TCD,2013,6
Chad,TCD,2014,6.1
Chad,TCD,2015,6.2
Chad,TCD,2016,6.1
Chad,TCD,2017,6
Chad,TCD,2018,5.8
Chad,TCD,2019,5.7
Chad,TCD,2020,5.8
Chad,TCD,2021,5.9
Chad,TCD,2022,6
Chad,TCD,2023,6.2
Chad,TCD,2024,6.4
Chile,CHL,1990,58
Chile,CHL,1991,59.4
Chile,CHL,1992,60.6
Chile,CHL,1993,61.9
Chile,CHL,1994,62.5
Chile,CHL,1995,62.7
Chile,CHL,1996,62.5
Chile,CHL,1997,62.6
Chile,CHL,1998,63.1
Chile,CHL,1999,64.1
Chile,CHL,2000,65.4
Chile,CHL,2001,67
Chile,CHL,2002,68.6
Chile,CHL,2003,70.2
Chile,CHL,2004,71.6
Chile,CHL,2005,72.8
Chile,CHL,2006,73.8
Chile,CHL,2007,74.5
Chile,CHL,2008,75.1
Chile,CHL,2009,75.6
Chile,CHL,2010,75.8
Chile,CHL,2011,75.9
Chile,CHL,2012,76.4
Chile,CHL,2013,77.1
Chile,CHL,2014,78
Chile,CHL,2015,79
Chile,CHL,2016,80
Chile,CHL,2017,80.7
Chile,CHL,2018,81.3
Chile,CHL,2019,81.8
Chile,CHL,2020,82.4
Chile,CHL,2021,83
Chile,CHL,2022,83.6
Chile,CHL,2023,84.1
Chile,CHL,2024,84.6
China,CHN,1990,15.4
China,CHN,1991,16.2
China,CHN,1992,16.9
China,CHN,1993,17.5
China,CHN,1994,18.2
China,CHN,1995,19
China,CHN,1996,20.1
China,CHN,1997,21.8
China,CHN,1998,24
China,CHN,1999,26.3
China,CHN,2000,28.3
China,CHN,2001,29.7
China,CHN,2002,30.6
China,CHN,2003,31.5
China,CHN,2004,32.5
China,CHN,2005,33.7
China,CHN,2006,35.5
China,CHN,2007,37.7
China,CHN,2008,40.4
China,CHN,2009,43.7
China,CHN,2010,47.5
China,CHN,2011,51.9
China,CHN,2012,56.3
China,CHN,2013,60.5
China,CHN,2014,63.9
China,CHN,2015,66.9
China,CHN,2016,69.8
China,CHN,2017,72.6
China,CHN,2018,75.4
China,CHN,2019,78.1
China,CHN,2020,80.6
China,CHN,2021,82.9
China,CHN,2022,84.8
China,CHN,2023,86.5
China,CHN,2024,88.1
Colombia,COL,1990,37.8
Colombia,COL,1991,39
Colombia,COL,1992,40.3
Colombia,COL,1993,41.7
Colombia,COL,1994,42.8
Colombia,COL,1995,44.3
Colombia,COL,1996,46
Colombia,COL,1997,48.1
Colombia,COL,1998,50.2
Colombia,COL,1999,52.2
Colombia,COL,2000,53.8
Colombia,COL,2001,54.9
Colombia,COL,2002,55.7
Colombia,COL,2003,56.5
Colombia,COL,2004,57.6
Colombia,COL,2005,58.6
Colombia,COL,2006,59.5
Colombia,COL,2007,60.5
Colombia,COL,2008,61.9
Colombia,COL,2009,63.6
Colombia,COL,2010,64.9
Colombia,COL,2011,66.1
Colombia,COL,2012,67.1
Colombia,COL,2013,67.9
Colombia,COL,2014,68.3
Colombia,COL,2015,68
Colombia,COL,2016,67.2
Colombia,COL,2017,65.9
Colombia,COL,2018,64.8
Colombia,COL,2019,64.2
Colombia,COL,2020,64.1
Colombia,COL,2021,64.4
Colombia,COL,2022,65.1
Colombia,COL,2023,65.9
Colombia,COL,2024,66.7
Comoros,COM,1990,7.9
Comoros,COM,1991,8
Comoros,COM,1992,8
Comoros,COM,1993,8.2
Comoros,COM,1994,8.4
Comoros,COM,1995,8.7
Comoros,COM,1996,9.1
Comoros,COM,1997,9.6
Comoros,COM,1998,10.1
Comoros,COM,1999,10.7
Comoros,COM,2000,11.3
Comoros,COM,2001,12
Comoros,COM,2002,12.7
Comoros,COM,2003,13.5
Comoros,COM,2004,14.3
Comoros,COM,2005,15.2
Comoros,COM,2006,16.3
Comoros,COM,2007,17.2
Comoros,COM,2008,18.1
Comoros,COM,2009,18.9
Comoros,COM,2010,19.7
Comoros,COM,2011,20.7
Comoros,COM,2012,21.5
Comoros,COM,2013,22.4
Comoros,COM,2014,23.4
Comoros,COM,2015,24.6
Comoros,COM,2016,25.8
Comoros,COM,2017,27.1
Comoros,COM,2018,28.5
Comoros,COM,2019,29.7
Comoros,COM,2020,30.9
Comoros,COM,2021,31.7
Comoros,COM,2022,32.6
Comoros,COM,2023,33.6
Comoros,COM,2024,34.6
Congo,COG,1990,16.9
Congo,COG,1991,16.6
Congo,COG,1992,16.3
Congo,COG,1993,16.1
Congo,COG,1994,15.8
Congo,COG,1995,15.8
Congo,COG,1996,15.6
Congo,COG,1997,15.4
Congo,COG,1998,15
Congo,COG,1999,14.5
Congo,COG,2000,13.9
Congo,COG,2001,13.4
Congo,COG,2002,12.9
Congo,COG,2003,12.4
Congo,COG,2004,12.4
Congo,COG,2005,12.5
Congo,COG,2006,13
Congo,COG,2007,13.6
Congo,COG,2008,14.3
Congo,COG,2009,14.9
Congo,COG,2010,15.4
Congo,COG,2011,16.2
Congo,COG,2012,17.4
Congo,COG,2013,19.1
Congo,COG,2014,21.3
Congo,COG,2015,23.6
Congo,COG,2016,25.4
Congo,COG,2017,26.8
Congo,COG,2018,27.7
Congo,COG,2019,28.4
Congo,COG,2020,29.1
Congo,COG,2021,29.8
Congo,COG,2022,30.3
Congo,COG,2023,30.7
Congo,COG,2024,31.1
Costa Rica,CRI,1990,29.9
Costa Rica,CRI,1991,29.6
Costa Rica,CRI,1992,29.7
Costa Rica,CRI,1993,30.4
Costa Rica,CRI,1994,31.5
Costa Rica,CRI,1995,32.7
Costa Rica,CRI,1996,33.4
Costa Rica,CRI,1997,33.9
Costa Rica,CRI,1998,34.8
Costa Rica,CRI,1999,35.9
Costa Rica,CRI,2000,36.8
Costa Rica,CRI,2001,37.3
Costa Rica,CRI,2002,37.8
Costa Rica,CRI,2003,38.8
Costa Rica,CRI,2004,39.6
Costa Rica,CRI,2005,40.4
Costa Rica,CRI,2006,41.1
Costa Rica,CRI,2007,42.1
Costa Rica,CRI,2008,43.3
Costa Rica,CRI,2009,44.8
Costa Rica,CRI,2010,46.4
Costa Rica,CRI,2011,47.6
Costa Rica,CRI,2012,48.7
Costa Rica,CRI,2013,49.4
Costa Rica,CRI,2014,50
Costa Rica,CRI,2015,50.6
Costa Rica,CRI,2016,51.4
Costa Rica,CRI,2017,52.1
Costa Rica,CRI,2018,52.7
Costa Rica,CRI,2019,53.2
Costa Rica,CRI,2020,53.7
Costa Rica,CRI,2021,54.2
Costa Rica,CRI,2022,54.7
Costa Rica,CRI,2023,55.3
Costa Rica,CRI,2024,55.9
Cote d'Ivoire,CIV,1990,4.2
Cote d'Ivoire,CIV,1991,4.4
Cote d'Ivoire,CIV,1992,4.6
Cote d'Ivoire,CIV,1993,4.9
Cote d'Ivoire,CIV,1994,5.2
Cote d'Ivoire,CIV,1995,5.6
Cote d'Ivoire,CIV,1996,6
Cote d'Ivoire,CIV,1997,6.4
Cote d'Ivoire,CIV,1998,6.6
Cote d'Ivoire,CIV,1999,6.9
Cote d'Ivoire,CIV,2000,7.1
Cote d'Ivoire,CIV,2001,7.4
Cote d'Ivoire,CIV,2002,7.6
Cote d'Ivoire,CIV,2003,7.8
Cote d'Ivoire,CIV,2004,8
Cote d'Ivoire,CIV,2005,8.2
Cote d'Ivoire,CIV,2006,8.4
Cote d'Ivoire,CIV,2007,8.9
Cote d'Ivoire,CIV,2008,9.4
Cote d'Ivoire,CIV,2009,9.9
Cote d'Ivoire,CIV,2010,10.3
Cote d'Ivoire,CIV,2011,10.6
Cote d'Ivoire,CIV,2012,10.8
Cote d'Ivoire,CIV,2013,11
Cote d'Ivoire,CIV,2014,11.3
Cote d'Ivoire,CIV,2015,11.7
Cote d'Ivoire,CIV,2016,12
Cote d'Ivoire,CIV,2017,12.4
Cote d'Ivoire,CIV,2018,12.9
Cote d'Ivoire,CIV,2019,13.5
Cote d'Ivoire,CIV,2020,14.1
Cote d'Ivoire,CIV,2021,14.7
Cote d'Ivoire,CIV,2022,15.2
Cote d'Ivoire,CIV,2023,15.8
Cote d'Ivoire,CIV,2024,16.3
Croatia,HRV,1990,71.3
Croatia,HRV,1991,72.7
Croatia,HRV,1992,74.1
Croatia,HRV,1993,75.5
Croatia,HRV,1994,76.9
Croatia,HRV,1995,78.4
Croatia,HRV,1996,80
Croatia,HRV,1997,81.5
Croatia,HRV,1998,82.9
Croatia,HRV,1999,84.2
Croatia,HRV,2000,85.5
Croatia,HRV,2001,86.7
Croatia,HRV,2002,87.9
Croatia,HRV,2003,89
Croatia,HRV,2004,89.8
Croatia,HRV,2005,90.6
Croatia,HRV,2006,91.1
Croatia,HRV,2007,91.7
Croatia,HRV,2008,92.3
Croatia,HRV,2009,92.9
Croatia,HRV,2010,93.5
Croatia,HRV,2011,94.1
Croatia,HRV,2012,94.6
Croatia,HRV,2013,95.1
Croatia,HRV,2014,95.4
Croatia,HRV,2015,95.7
Croatia,HRV,2016,96
Croatia,HRV,2017,96.3
Croatia,HRV,2018,96.6
Croatia,HRV,2019,96.9
Croatia,HRV,2020,97.1
Croatia,HRV,2021,97.4
Croatia,HRV,2022,97.6
Croatia,HRV,2023,97.9
Croatia,HRV,2024,98.1
Cuba,CUB,1990,59.1
Cuba,CUB,1991,59.3
Cuba,CUB,1992,59.6
Cuba,CUB,1993,59.8
Cuba,CUB,1994,59.6
Cuba,CUB,1995,59
Cuba,CUB,1996,58.4
Cuba,CUB,1997,57.9
Cuba,CUB,1998,57.4
Cuba,CUB,1999,57.2
Cuba,CUB,2000,57.6
Cuba,CUB,2001,58.7
Cuba,CUB,2002,60.5
Cuba,CUB,2003,62.7
Cuba,CUB,2004,65.3
Cuba,CUB,2005,67.7
Cuba,CUB,2006,70
Cuba,CUB,2007,71.9
Cuba,CUB,2008,73.5
Cuba,CUB,2009,74.8
Cuba,CUB,2010,76
Cuba,CUB,2011,76.9
Cuba,CUB,2012,77
Cuba,CUB,2013,76.4
Cuba,CUB,2014,75.1
Cuba,CUB,2015,73.8
Cuba,CUB,2016,72.6
Cuba,CUB,2017,71.6
Cuba,CUB,2018,70.9
Cuba,CUB,2019,70.4
Cuba,CUB,2020,70.5
Cuba,CUB,2021,70.7
Cuba,CUB,2022,71
Cuba,CUB,2023,71.4
Cuba,CUB,2024,71.9
Cyprus,CYP,1990,77.8
Cyprus,CYP,1991,78.5
Cyprus,CYP,1992,79.2
Cyprus,CYP,1993,79.9
Cyprus,CYP,1994,80.6
Cyprus,CYP,1995,81.2
Cyprus,CYP,1996,81.7
Cyprus,CYP,1997,82.1
Cyprus,CYP,1998,82.5
Cyprus,CYP,1999,82.8
Cyprus,CYP,2000,83.3
Cyprus,CYP,2001,83.8
Cyprus,CYP,2002,84.2
Cyprus,CYP,2003,84.7
Cyprus,CYP,2004,85.3
Cyprus,CYP,2005,85.9
Cyprus,CYP,2006,86.3
Cyprus,CYP,2007,86.7
Cyprus,CYP,2008,87.2
Cyprus,CYP,2009,87.9
Cyprus,CYP,2010,88.6
Cyprus,CYP,2011,89.4
Cyprus,CYP,2012,90
Cyprus,CYP,2013,90.5
Cyprus,CYP,2014,90.7
Cyprus,CYP,2015,90.8
Cyprus,CYP,2016,90.9
Cyprus,CYP,2017,91.1
Cyprus,CYP,2018,91.3
Cyprus,CYP,2019,91.6
Cyprus,CYP,2020,91.8
Cyprus,CYP,2021,92.1
Cyprus,CYP,2022,92.4
Cyprus,CYP,2023,92.7
Cyprus,CYP,2024,92.9
Czechia,CZE,1990,92.3
Czechia,CZE,1991,92.4
Czechia,CZE,1992,92.5
Czechia,CZE,1993,92.6
Czechia,CZE,1994,92.7
Czechia,CZE,1995,92.8
Czechia,CZE,1996,92.9
Czechia,CZE,1997,92.9
Czechia,CZE,1998,92.9
Czechia,CZE,1999,93
Czechia,CZE,2000,93
Czechia,CZE,2001,92.9
Czechia,CZE,2002,92.8
Czechia,CZE,2003,92.6
Czechia,CZE,2004,92.4
Czechia,CZE,2005,92.3
Czechia,CZE,2006,92.1
Czechia,CZE,2007,92
Czechia,CZE,2008,91.8
Czechia,CZE,2009,91.6
Czechia,CZE,2010,91.4
Czechia,CZE,2011,91.1
Czechia,CZE,2012,90.9
Czechia,CZE,2013,90.7
Czechia,CZE,2014,90.5
Czechia,CZE,2015,90.3
Czechia,CZE,2016,90.1
Czechia,CZE,2017,89.9
Czechia,CZE,2018,89.7
Czechia,CZE,2019,89.7
Czechia,CZE,2020,89.7
Czechia,CZE,2021,89.8
Czechia,CZE,2022,89.9
Czechia,CZE,2023,90
Czechia,CZE,2024,90.1
Democratic Republic of Congo,COD,1990,13.7
Democratic Republic of Congo,COD,1991,13.6
Democratic Republic of Congo,COD,1992,13.4
Democratic Republic of Congo,COD,1993,13.1
Democratic Republic of Congo,COD,1994,12.8
Democratic Republic of Congo,COD,1995,12.8
Democratic Republic of Congo,COD,1996,12.8
Democratic Republic of Congo,COD,1997,12.9
Democratic Republic of Congo,COD,1998,13
Democratic Republic of Congo,COD,1999,13.1
Democratic Republic of Congo,COD,2000,13
Democratic Republic of Congo,COD,2001,12.9
Democratic Republic of Congo,COD,2002,12.7
Democratic Republic of Congo,COD,2003,12.7
Democratic Republic of Congo,COD,2004,12.7
Democratic Republic of Congo,COD,2005,12.8
Democratic Republic of Congo,COD,2006,13
Democratic Republic of Congo,COD,2007,13.3
Democratic Republic of Congo,COD,2008,13.9
Democratic Republic of Congo,COD,2009,14.7
Democratic Republic of Congo,COD,2010,15.7
Democratic Republic of Congo,COD,2011,16.5
Democratic Republic of Congo,COD,2012,17.1
Democratic Republic of Congo,COD,2013,17.5
Democratic Republic of Congo,COD,2014,17.9
Democratic Republic of Congo,COD,2015,18.6
Democratic Republic of Congo,COD,2016,19.3
Democratic Republic of Congo,COD,2017,20
Democratic Republic of Congo,COD,2018,20.6
Democratic Republic of Congo,COD,2019,21
Democratic Republic of Congo,COD,2020,21.3
Democratic Republic of Congo,COD,2021,21.6
Democratic Republic of Congo,COD,2022,21.9
Democratic Republic of Congo,COD,2023,22.1
Democratic Republic of Congo,COD,2024,22.5
Denmark,DNK,1990,74.4
Denmark,DNK,1991,74.9
Denmark,DNK,1992,75.5
Denmark,DNK,1993,76.1
Denmark,DNK,1994,76.8
Denmark,DNK,1995,77.5
Denmark,DNK,1996,78.1
Denmark,DNK,1997,78.4
Denmark,DNK,1998,78.6
Denmark,DNK,1999,78.6
Denmark,DNK,2000,78.6
Denmark,DNK,2001,78.4
Denmark,DNK,2002,77.9
Denmark,DNK,2003,77.4
Denmark,DNK,2004,76.8
Denmark,DNK,2005,76.1
Denmark,DNK,2006,75.7
Denmark,DNK,2007,75.3
Denmark,DNK,2008,75
Denmark,DNK,2009,74.6
Denmark,DNK,2010,74.2
Denmark,DNK,2011,74
Denmark,DNK,2012,73.9
Denmark,DNK,2013,74
Denmark,DNK,2014,74.3
Denmark,DNK,2015,74.6
Denmark,DNK,2016,74.7
Denmark,DNK,2017,74.9
Denmark,DNK,2018,74.9
Denmark,DNK,2019,75.1
Denmark,DNK,2020,75.3
Denmark,DNK,2021,75.5
Denmark,DNK,2022,75.7
Denmark,DNK,2023,76
Denmark,DNK,2024,76.2
Djibouti,DJI,1990,8.1
Djibouti,DJI,1991,8.6
Djibouti,DJI,1992,9.1
Djibouti,DJI,1993,9.6
Djibouti,DJI,1994,10.1
Djibouti,DJI,1995,10.6
Djibouti,DJI,1996,11.1
Djibouti,DJI,1997,11.5
Djibouti,DJI,1998,12
Djibouti,DJI,1999,12.6
Djibouti,DJI,2000,13.3
Djibouti,DJI,2001,14.2
Djibouti,DJI,2002,15
Djibouti,DJI,2003,16
Djibouti,DJI,2004,16.9
Djibouti,DJI,2005,17.8
Djibouti,DJI,2006,18.4
Djibouti,DJI,2007,19
Djibouti,DJI,2008,19.8
Djibouti,DJI,2009,20.5
Djibouti,DJI,2010,21.3
Djibouti,DJI,2011,22.1
Djibouti,DJI,2012,22.9
Djibouti,DJI,2013,23.6
Djibouti,DJI,2014,24.5
Djibouti,DJI,2015,25.5
Djibouti,DJI,2016,26.3
Djibouti,DJI,2017,27.2
Djibouti,DJI,2018,28.1
Djibouti,DJI,2019,29.1
Djibouti,DJI,2020,30
Djibouti,DJI,2021,31
Djibouti,DJI,2022,32
Djibouti,DJI,2023,32.9
Djibouti,DJI,2024,33.7
Dominican Republic,DOM,1990,30.2
Dominican Republic,DOM,1991,30.1
Dominican Republic,DOM,1992,30.3
Dominican Republic,DOM,1993,31
Dominican Republic,DOM,1994,31.6
Dominican Republic,DOM,1995,32.5
Dominican Republic,DOM,1996,33.8
Dominican Republic,DOM,1997,35.1
Dominican Republic,DOM,1998,36.5
Dominican Republic,DOM,1999,38.1
Dominican Republic,DOM,2000,39.4
Dominican Republic,DOM,2001,40.7
Dominican Republic,DOM,2002,41.4
Dominican Republic,DOM,2003,42.6
Dominican Republic,DOM,2004,43.9
Dominican Republic,DOM,2005,45.3
Dominican Republic,DOM,2006,46.4
Dominican Republic,DOM,2007,47.4
Dominican Republic,DOM,2008,48.5
Dominican Republic,DOM,2009,50.1
Dominican Republic,DOM,2010,51.6
Dominican Republic,DOM,2011,52.8
Dominican Republic,DOM,2012,53.4
Dominican Republic,DOM,2013,53.8
Dominican Republic,DOM,2014,54.1
Dominican Republic,DOM,2015,54.3
Dominican Republic,DOM,2016,54.6
Dominican Republic,DOM,2017,55.1
Dominican Republic,DOM,2018,55.9
Dominican Republic,DOM,2019,56.9
Dominican Republic,DOM,2020,57.8
Dominican Republic,DOM,2021,58.6
Dominican Republic,DOM,2022,59.3
Dominican Republic,DOM,2023,60
Dominican Republic,DOM,2024,60.6
East Timor,TLS,1990,22.9
East Timor,TLS,1991,23.7
East Timor,TLS,1992,24.5
East Timor,TLS,1993,25.3
East Timor,TLS,1994,26.3
East Timor,TLS,1995,27.4
East Timor,TLS,1996,28.8
East Timor,TLS,1997,30.2
East Timor,TLS,1998,31.5
East Timor,TLS,1999,32.8
East Timor,TLS,2000,34
East Timor,TLS,2001,35.3
East Timor,TLS,2002,36.7
East Timor,TLS,2003,38.2
East Timor,TLS,2004,39.8
East Timor,TLS,2005,41.5
East Timor,TLS,2006,43.5
East Timor,TLS,2007,45.3
East Timor,TLS,2008,47
East Timor,TLS,2009,48.4
East Timor,TLS,2010,49.4
East Timor,TLS,2011,49.9
East Timor,TLS,2012,50.1
East Timor,TLS,2013,50.2
East Timor,TLS,2014,50.1
East Timor,TLS,2015,49.8
East Timor,TLS,2016,49.4
East Timor,TLS,2017,49.4
East Timor,TLS,2018,49.9
East Timor,TLS,2019,50.8
East Timor,TLS,2020,51.7
East Timor,TLS,2021,52.6
East Timor,TLS,2022,53.8
East Timor,TLS,2023,54.6
East Timor,TLS,2024,55.6
Ecuador,ECU,1990,35.9
Ecuador,ECU,1991,36
Ecuador,ECU,1992,36.3
Ecuador,ECU,1993,36.4
Ecuador,ECU,1994,36.7
Ecuador,ECU,1995,37.1
Ecuador,ECU,1996,37.7
Ecuador,ECU,1997,38.2
Ecuador,ECU,1998,38.6
Ecuador,ECU,1999,39.3
Ecuador,ECU,2000,40.2
Ecuador,ECU,2001,41.1
Ecuador,ECU,2002,41.8
Ecuador,ECU,2003,42.3
Ecuador,ECU,2004,43
Ecuador,ECU,2005,44.1
Ecuador,ECU,2006,45.7
Ecuador,ECU,2007,47.5
Ecuador,ECU,2008,49.4
Ecuador,ECU,2009,51.4
Ecuador,ECU,2010,53.1
Ecuador,ECU,2011,55.1
Ecuador,ECU,2012,57.4
Ecuador,ECU,2013,60.2
Ecuador,ECU,2014,63
Ecuador,ECU,2015,65.4
Ecuador,ECU,2016,67.5
Ecuador,ECU,2017,69.3
Ecuador,ECU,2018,70.7
Ecuador,ECU,2019,71.7
Ecuador,ECU,2020,72.7
Ecuador,ECU,2021,73.5
Ecuador,ECU,2022,74.4
Ecuador,ECU,2023,75.1
Ecuador,ECU,2024,76
Egypt,EGY,1990,48.2
Egypt,EGY,1991,49.3
Egypt,EGY,1992,50.2
Egypt,EGY,1993,50.9
Egypt,EGY,1994,52
Egypt,EGY,1995,53.2
Egypt,EGY,1996,54.7
Egypt,EGY,1997,56.2
Egypt,EGY,1998,57.7
Egypt,EGY,1999,59.1
Egypt,EGY,2000,60.3
Egypt,EGY,2001,61.8
Egypt,EGY,2002,63.4
Egypt,EGY,2003,65.1
Egypt,EGY,2004,66.6
Egypt,EGY,2005,68.1
Egypt,EGY,2006,69.5
Egypt,EGY,2007,70.9
Egypt,EGY,2008,72.4
Egypt,EGY,2009,73.8
Egypt,EGY,2010,75.2
Egypt,EGY,2011,76.2
Egypt,EGY,2012,77.2
Egypt,EGY,2013,78.2
Egypt,EGY,2014,79.2
Egypt,EGY,2015,80.2
Egypt,EGY,2016,81.1
Egypt,EGY,2017,82.1
Egypt,EGY,2018,83
Egypt,EGY,2019,83.9
Egypt,EGY,2020,84.6
Egypt,EGY,2021,85.4
Egypt,EGY,2022,86.2
Egypt,EGY,2023,86.9
Egypt,EGY,2024,87.6
El Salvador,SLV,1990,22.4
El Salvador,SLV,1991,22.7
El Salvador,SLV,1992,23
El Salvador,SLV,1993,23.4
El Salvador,SLV,1994,23.8
El Salvador,SLV,1995,24.4
El Salvador,SLV,1996,25
El Salvador,SLV,1997,25.8
El Salvador,SLV,1998,26.3
El Salvador,SLV,1999,26.7
El Salvador,SLV,2000,26.7
El Salvador,SLV,2001,26.8
El Salvador,SLV,2002,27
El Salvador,SLV,2003,27.3
El Salvador,SLV,2004,27.8
El Salvador,SLV,2005,28.6
El Salvador,SLV,2006,29.5
El Salvador,SLV,2007,30.7
El Salvador,SLV,2008,31.9
El Salvador,SLV,2009,32.9
El Salvador,SLV,2010,33.8
El Salvador,SLV,2011,34.4
El Salvador,SLV,2012,34.7
El Salvador,SLV,2013,34.7
El Salvador,SLV,2014,34.5
El Salvador,SLV,2015,34.3
El Salvador,SLV,2016,34
El Salvador,SLV,2017,33.6
El Salvador,SLV,2018,33.4
El Salvador,SLV,2019,33.5
El Salvador,SLV,2020,33.7
El Salvador,SLV,2021,34.1
El Salvador,SLV,2022,34.6
El Salvador,SLV,2023,35
El Salvador,SLV,2024,35.3
Equatorial Guinea,GNQ,1990,5.3
Equatorial Guinea,GNQ,1991,5.3
Equatorial Guinea,GNQ,1992,5.3
Equatorial Guinea,GNQ,1993,5.3
Equatorial Guinea,GNQ,1994,5.3
Equatorial Guinea,GNQ,1995,5.3
Equatorial Guinea,GNQ,1996,5.4
Equatorial Guinea,GNQ,1997,5.4
Equatorial Guinea,GNQ,1998,5.4
Equatorial Guinea,GNQ,1999,5.5
Equatorial Guinea,GNQ,2000,5.6
Equatorial Guinea,GNQ,2001,5.6
Equatorial Guinea,GNQ,2002,5.7
Equatorial Guinea,GNQ,2003,5.8
Equatorial Guinea,GNQ,2004,5.9
Equatorial Guinea,GNQ,2005,6
Equatorial Guinea,GNQ,2006,6.1
Equatorial Guinea,GNQ,2007,6.3
Equatorial Guinea,GNQ,2008,6.4
Equatorial Guinea,GNQ,2009,6.5
Equatorial Guinea,GNQ,2010,6.6
Equatorial Guinea,GNQ,2011,6.8
Equatorial Guinea,GNQ,2012,6.9
Equatorial Guinea,GNQ,2013,7
Equatorial Guinea,GNQ,2014,7.1
Equatorial Guinea,GNQ,2015,7.2
Equatorial Guinea,GNQ,2016,7.3
Equatorial Guinea,GNQ,2017,7.5
Equatorial Guinea,GNQ,2018,7.6
Equatorial Guinea,GNQ,2019,7.8
Equatorial Guinea,GNQ,2020,7.9
Equatorial Guinea,GNQ,2021,8
Equatorial Guinea,GNQ,2022,8.1
Equatorial Guinea,GNQ,2023,8.1
Equatorial Guinea,GNQ,2024,8.2
Estonia,EST,1990,91.4
Estonia,EST,1991,90.8
Estonia,EST,1992,89.9
Estonia,EST,1993,88.7
Estonia,EST,1994,87.3
Estonia,EST,1995,85.9
Estonia,EST,1996,84.5
Estonia,EST,1997,83.1
Estonia,EST,1998,82.1
Estonia,EST,1999,81.4
Estonia,EST,2000,80.9
Estonia,EST,2001,80.9
Estonia,EST,2002,81.2
Estonia,EST,2003,81.8
Estonia,EST,2004,82.3
Estonia,EST,2005,82.6
Estonia,EST,2006,82.6
Estonia,EST,2007,82.5
Estonia,EST,2008,82.3
Estonia,EST,2009,82.1
Estonia,EST,2010,81.9
Estonia,EST,2011,82
Estonia,EST,2012,82.2
Estonia,EST,2013,82.7
Estonia,EST,2014,83.3
Estonia,EST,2015,83.7
Estonia,EST,2016,84
Estonia,EST,2017,84.1
Estonia,EST,2018,84.1
Estonia,EST,2019,84.1
Estonia,EST,2020,84.2
Estonia,EST,2021,84.3
Estonia,EST,2022,84.7
Estonia,EST,2023,84.9
Estonia,EST,2024,85.2
Eswatini,SWZ,1990,26.3
Eswatini,SWZ,1991,27.2
Eswatini,SWZ,1992,28
Eswatini,SWZ,1993,28.7
Eswatini,SWZ,1994,29.4
Eswatini,SWZ,1995,30.2
Eswatini,SWZ,1996,31
Eswatini,SWZ,1997,31.6
Eswatini,SWZ,1998,31.8
Eswatini,SWZ,1999,31.7
Eswatini,SWZ,2000,31.3
Eswatini,SWZ,2001,30.8
Eswatini,SWZ,2002,30.3
Eswatini,SWZ,2003,30.1
Eswatini,SWZ,2004,30
Eswatini,SWZ,2005,30.2
Eswatini,SWZ,2006,30.5
Eswatini,SWZ,2007,31.2
Eswatini,SWZ,2008,32
Eswatini,SWZ,2009,33.2
Eswatini,SWZ,2010,34.4
Eswatini,SWZ,2011,35.5
Eswatini,SWZ,2012,36.5
Eswatini,SWZ,2013,37.5
Eswatini,SWZ,2014,38.8
Eswatini,SWZ,2015,40.4
Eswatini,SWZ,2016,42.3
Eswatini,SWZ,2017,44.5
Eswatini,SWZ,2018,46.5
Eswatini,SWZ,2019,48.9
Eswatini,SWZ,2020,51.1
Eswatini,SWZ,2021,52.8
Eswatini,SWZ,2022,54.1
Eswatini,SWZ,2023,55.1
Eswatini,SWZ,2024,56
Ethiopia,ETH,1990,5.2
Ethiopia,ETH,1991,5.3
Ethiopia,ETH,1992,5.4
Ethiopia,ETH,1993,5.6
Ethiopia,ETH,1994,5.8
Ethiopia,ETH,1995,5.8
Ethiopia,ETH,1996,5.9
Ethiopia,ETH,1997,5.9
Ethiopia,ETH,1998,5.9
Ethiopia,ETH,1999,6
Ethiopia,ETH,2000,6.1
Ethiopia,ETH,2001,6.3
Ethiopia,ETH,2002,6.6
Ethiopia,ETH,2003,7
Ethiopia,ETH,2004,7.4
Ethiopia,ETH,2005,7.7
Ethiopia,ETH,2006,8.1
Ethiopia,ETH,2007,8.5
Ethiopia,ETH,2008,9
Ethiopia,ETH,2009,9.6
Ethiopia,ETH,2010,10.2
Ethiopia,ETH,2011,10.6
Ethiopia,ETH,2012,11.1
Ethiopia,ETH,2013,11.5
Ethiopia,ETH,2014,11.8
Ethiopia,ETH,2015,12.1
Ethiopia,ETH,2016,12.5
Ethiopia,ETH,2017,12.8
Ethiopia,ETH,2018,13.2
Ethiopia,ETH,2019,13.5
Ethiopia,ETH,2020,13.8
Ethiopia,ETH,2021,14.1
Ethiopia,ETH,2022,14.5
Ethiopia,ETH,2023,14.8
Ethiopia,ETH,2024,15.2
Fiji,FJI,1990,50.5
Fiji,FJI,1991,52.7
Fiji,FJI,1992,55.1
Fiji,FJI,1993,58
Fiji,FJI,1994,61
Fiji,FJI,1995,64
Fiji,FJI,1996,66.6
Fiji,FJI,1997,68.5
Fiji,FJI,1998,69.7
Fiji,FJI,1999,70.8
Fiji,FJI,2000,72
Fiji,FJI,2001,73.3
Fiji,FJI,2002,74.5
Fiji,FJI,2003,75.4
Fiji,FJI,2004,76.3
Fiji,FJI,2005,77.2
Fiji,FJI,2006,78.2
Fiji,FJI,2007,79.4
Fiji,FJI,2008,80.5
Fiji,FJI,2009,81.4
Fiji,FJI,2010,82.2
Fiji,FJI,2011,82.9
Fiji,FJI,2012,83.6
Fiji,FJI,2013,84.1
Fiji,FJI,2014,84.7
Fiji,FJI,2015,85.6
Fiji,FJI,2016,86.7
Fiji,FJI,2017,87.8
Fiji,FJI,2018,88.9
Fiji,FJI,2019,89.9
Fiji,FJI,2020,90.8
Fiji,FJI,2021,91.6
Fiji,FJI,2022,92.3
Fiji,FJI,2023,92.9
Fiji,FJI,2024,93.4
Finland,FIN,1990,85.5
Finland,FIN,1991,85.5
Finland,FIN,1992,85.5
Finland,FIN,1993,85.7
Finland,FIN,1994,85.9
Finland,FIN,1995,86.2
Finland,FIN,1996,86.7
Finland,FIN,1997,87.3
Finland,FIN,1998,87.6
Finland,FIN,1999,87.8
Finland,FIN,2000,87.9
Finland,FIN,2001,87.8
Finland,FIN,2002,87.6
Finland,FIN,2003,87.3
Finland,FIN,2004,86.9
Finland,FIN,2005,86.6
Finland,FIN,2006,86.4
Finland,FIN,2007,86.3
Finland,FIN,2008,86.4
Finland,FIN,2009,86.5
Finland,FIN,2010,86.6
Finland,FIN,2011,86.7
Finland,FIN,2012,86.9
Finland,FIN,2013,87.2
Finland,FIN,2014,87.5
Finland,FIN,2015,87.9
Finland,FIN,2016,88.3
Finland,FIN,2017,88.6
Finland,FIN,2018,88.7
Finland,FIN,2019,88.8
Finland,FIN,2020,88.9
Finland,FIN,2021,89.1
Finland,FIN,2022,89.3
Finland,FIN,2023,89.4
Finland,FIN,2024,89.7
France,FRA,1990,72.7
France,FRA,1991,73.6
France,FRA,1992,74.6
France,FRA,1993,75.5
France,FRA,1994,76.3
France,FRA,1995,77.1
France,FRA,1996,77.9
France,FRA,1997,78.7
France,FRA,1998,79.3
France,FRA,1999,79.7
France,FRA,2000,79.9
France,FRA,2001,80.2
France,FRA,2002,80.3
France,FRA,2003,80.4
France,FRA,2004,80.2
France,FRA,2005,80.2
France,FRA,2006,80.5
France,FRA,2007,80.9
France,FRA,2008,81.3
France,FRA,2009,81.6
France,FRA,2010,81.9
France,FRA,2011,82.4
France,FRA,2012,82.8
France,FRA,2013,83.2
France,FRA,2014,83.5
France,FRA,2015,83.8
France,FRA,2016,84.3
France,FRA,2017,84.7
France,FRA,2018,85.2
France,FRA,2019,85.6
France,FRA,2020,86
France,FRA,2021,86.3
France,FRA,2022,86.7
France,FRA,2023,87
France,FRA,2024,87.4
Gabon,GAB,1990,13.2
Gabon,GAB,1991,13.3
Gabon,GAB,1992,13.3
Gabon,GAB,1993,13.2
Gabon,GAB,1994,13.2
Gabon,GAB,1995,13
Gabon,GAB,1996,12.8
Gabon,GAB,1997,12.7
Gabon,GAB,1998,12.7
Gabon,GAB,1999,12.6
Gabon,GAB,2000,12.7
Gabon,GAB,2001,12.9
Gabon,GAB,2002,13.3
Gabon,GAB,2003,13.6
Gabon,GAB,2004,14.1
Gabon,GAB,2005,14.4
Gabon,GAB,2006,14.8
Gabon,GAB,2007,15.2
Gabon,GAB,2008,15.5
Gabon,GAB,2009,15.8
Gabon,GAB,2010,16
Gabon,GAB,2011,16.2
Gabon,GAB,2012,16.5
Gabon,GAB,2013,16.9
Gabon,GAB,2014,17.4
Gabon,GAB,2015,17.8
Gabon,GAB,2016,18.2
Gabon,GAB,2017,18.8
Gabon,GAB,2018,19.5
Gabon,GAB,2019,20.2
Gabon,GAB,2020,20.9
Gabon,GAB,2021,21.4
Gabon,GAB,2022,21.8
Gabon,GAB,2023,22
Gabon,GAB,2024,22.4
Gambia,GMB,1990,10
Gambia,GMB,1991,10.3
Gambia,GMB,1992,10.6
Gambia,GMB,1993,10.9
Gambia,GMB,1994,11.4
Gambia,GMB,1995,12
Gambia,GMB,1996,12.6
Gambia,GMB,1997,13.2
Gambia,GMB,1998,14.1
Gambia,GMB,1999,15.2
Gambia,GMB,2000,16.4
Gambia,GMB,2001,17.5
Gambia,GMB,2002,18.5
Gambia,GMB,2003,19.3
Gambia,GMB,2004,20.2
Gambia,GMB,2005,21.2
Gambia,GMB,2006,22.3
Gambia,GMB,2007,23.3
Gambia,GMB,2008,24.3
Gambia,GMB,2009,25.1
Gambia,GMB,2010,25.7
Gambia,GMB,2011,26.1
Gambia,GMB,2012,26.3
Gambia,GMB,2013,26.5
Gambia,GMB,2014,26.8
Gambia,GMB,2015,27.3
Gambia,GMB,2016,27.9
Gambia,GMB,2017,28.3
Gambia,GMB,2018,28.8
Gambia,GMB,2019,29.3
Gambia,GMB,2020,29.9
Gambia,GMB,2021,30.7
Gambia,GMB,2022,31.5
Gambia,GMB,2023,32.3
Gambia,GMB,2024,33.1
Georgia,GEO,1990,93.1
Georgia,GEO,1991,93.4
Georgia,GEO,1992,93.8
Georgia,GEO,1993,93.9
Georgia,GEO,1994,94
Georgia,GEO,1995,93.8
Georgia,GEO,1996,93.6
Georgia,GEO,1997,93.1
Georgia,GEO,1998,92.7
Georgia,GEO,1999,92.2
Georgia,GEO,2000,91.6
Georgia,GEO,2001,91.1
Georgia,GEO,2002,90.7
Georgia,GEO,2003,90.5
Georgia,GEO,2004,90.5
Georgia,GEO,2005,90.8
Georgia,GEO,2006,91.1
Georgia,GEO,2007,91.3
Georgia,GEO,2008,91.6
Georgia,GEO,2009,91.9
Georgia,GEO,2010,92.3
Georgia,GEO,2011,92.6
Georgia,GEO,2012,92.7
Georgia,GEO,2013,92.7
Georgia,GEO,2014,92.4
Georgia,GEO,2015,91.9
Georgia,GEO,2016,91.5
Georgia,GEO,2017,91.3
Georgia,GEO,2018,91.3
Georgia,GEO,2019,91.5
Georgia,GEO,2020,91.8
Georgia,GEO,2021,92
Georgia,GEO,2022,92.2
Georgia,GEO,2023,92.4
Georgia,GEO,2024,92.5
Germany,DEU,1990,81.2
Germany,DEU,1991,81.1
Germany,DEU,1992,80.9
Germany,DEU,1993,80.8
Germany,DEU,1994,80.4
Germany,DEU,1995,79.8
Germany,DEU,1996,79.5
Germany,DEU,1997,79.3
Germany,DEU,1998,79.5
Germany,DEU,1999,79.6
Germany,DEU,2000,79.8
Germany,DEU,2001,79.7
Germany,DEU,2002,79.7
Germany,DEU,2003,79.8
Germany,DEU,2004,80
Germany,DEU,2005,80.1
Germany,DEU,2006,80
Germany,DEU,2007,79.8
Germany,DEU,2008,79.6
Germany,DEU,2009,79.6
Germany,DEU,2010,79.6
Germany,DEU,2011,79.6
Germany,DEU,2012,79.7
Germany,DEU,2013,79.9
Germany,DEU,2014,80.2
Germany,DEU,2015,80.4
Germany,DEU,2016,80.7
Germany,DEU,2017,80.9
Germany,DEU,2018,81
Germany,DEU,2019,81.1
Germany,DEU,2020,81.2
Germany,DEU,2021,81.4
Germany,DEU,2022,81.5
Germany,DEU,2023,81.7
Germany,DEU,2024,81.9
Ghana,GHA,1990,7.7
Ghana,GHA,1991,7.8
Ghana,GHA,1992,8
Ghana,GHA,1993,8.4
Ghana,GHA,1994,8.9
Ghana,GHA,1995,9.6
Ghana,GHA,1996,10.4
Ghana,GHA,1997,11.3
Ghana,GHA,1998,11.9
Ghana,GHA,1999,12.4
Ghana,GHA,2000,12.7
Ghana,GHA,2001,13.2
Ghana,GHA,2002,13.6
Ghana,GHA,2003,14.2
Ghana,GHA,2004,15.1
Ghana,GHA,2005,16.3
Ghana,GHA,2006,17.9
Ghana,GHA,2007,19.5
Ghana,GHA,2008,20.8
Ghana,GHA,2009,22.1
Ghana,GHA,2010,23
Ghana,GHA,2011,24.2
Ghana,GHA,2012,25.6
Ghana,GHA,2013,27.2
Ghana,GHA,2014,28.9
Ghana,GHA,2015,30.3
Ghana,GHA,2016,31.7
Ghana,GHA,2017,33.2
Ghana,GHA,2018,35
Ghana,GHA,2019,36.6
Ghana,GHA,2020,38.3
Ghana,GHA,2021,40.1
Ghana,GHA,2022,42.1
Ghana,GHA,2023,43.7
Ghana,GHA,2024,45.2
Greece,GRC,1990,72.2
Greece,GRC,1991,73.4
Greece,GRC,1992,74.5
Greece,GRC,1993,75.3
Greece,GRC,1994,75.9
Greece,GRC,1995,76.2
Greece,GRC,1996,76.7
Greece,GRC,1997,77.3
Greece,GRC,1998,78
Greece,GRC,1999,78.7
Greece,GRC,2000,79.4
Greece,GRC,2001,80.5
Greece,GRC,2002,81.2
Greece,GRC,2003,81.7
Greece,GRC,2004,82.1
Greece,GRC,2005,82.8
Greece,GRC,2006,83.5
Greece,GRC,2007,84.4
Greece,GRC,2008,85.3
Greece,GRC,2009,86.3
Greece,GRC,2010,87.1
Greece,GRC,2011,87.7
Greece,GRC,2012,88.4
Greece,GRC,2013,89.3
Greece,GRC,2014,90.3
Greece,GRC,2015,91.2
Greece,GRC,2016,91.9
Greece,GRC,2017,92.4
Greece,GRC,2018,92.8
Greece,GRC,2019,93.2
Greece,GRC,2020,93.6
Greece,GRC,2021,93.9
Greece,GRC,2022,94.2
Greece,GRC,2023,94.6
Greece,GRC,2024,94.9
Guatemala,GTM,1990,14.1
Guatemala,GTM,1991,14.4
Guatemala,GTM,1992,14.7
Guatemala,GTM,1993,14.9
Guatemala,GTM,1994,15.1
Guatemala,GTM,1995,15.3
Guatemala,GTM,1996,15.8
Guatemala,GTM,1997,16.2
Guatemala,GTM,1998,16.7
Guatemala,GTM,1999,17.1
Guatemala,GTM,2000,17.7
Guatemala,GTM,2001,18.3
Guatemala,GTM,2002,19.1
Guatemala,GTM,2003,19.9
Guatemala,GTM,2004,20.7
Guatemala,GTM,2005,21.6
Guatemala,GTM,2006,22.8
Guatemala,GTM,2007,24.1
Guatemala,GTM,2008,25.4
Guatemala,GTM,2009,26.6
Guatemala,GTM,2010,27.8
Guatemala,GTM,2011,28.9
Guatemala,GTM,2012,30.1
Guatemala,GTM,2013,31.2
Guatemala,GTM,2014,32.1
Guatemala,GTM,2015,33
Guatemala,GTM,2016,33.9
Guatemala,GTM,2017,34.8
Guatemala,GTM,2018,35.5
Guatemala,GTM,2019,36.2
Guatemala,GTM,2020,36.8
Guatemala,GTM,2021,37.6
Guatemala,GTM,2022,38.3
Guatemala,GTM,2023,39.1
Guatemala,GTM,2024,39.8
Guinea,GIN,1990,4.8
Guinea,GIN,1991,4.9
Guinea,GIN,1992,5
Guinea,GIN,1993,5.2
Guinea,GIN,1994,5.3
Guinea,GIN,1995,5.6
Guinea,GIN,1996,5.8
Guinea,GIN,1997,6.1
Guinea,GIN,1998,6.4
Guinea,GIN,1999,6.8
Guinea,GIN,2000,7.2
Guinea,GIN,2001,7.8
Guinea,GIN,2002,8.3
Guinea,GIN,2003,8.9
Guinea,GIN,2004,9.6
Guinea,GIN,2005,10.3
Guinea,GIN,2006,11.1
Guinea,GIN,2007,11.9
Guinea,GIN,2008,12.8
Guinea,GIN,2009,13.7
Guinea,GIN,2010,14.5
Guinea,GIN,2011,15.3
Guinea,GIN,2012,15.9
Guinea,GIN,2013,16.8
Guinea,GIN,2014,17.7
Guinea,GIN,2015,18.7
Guinea,GIN,2016,19.6
Guinea,GIN,2017,20.2
Guinea,GIN,2018,20.8
Guinea,GIN,2019,21.2
Guinea,GIN,2020,21.7
Guinea,GIN,2021,22.5
Guinea,GIN,2022,23.3
Guinea,GIN,2023,24.1
Guinea,GIN,2024,24.9
Guinea-Bissau,GNB,1990,4
Guinea-Bissau,GNB,1991,4.1
Guinea-Bissau,GNB,1992,4.2
Guinea-Bissau,GNB,1993,4.3
Guinea-Bissau,GNB,1994,4.5
Guinea-Bissau,GNB,1995,4.8
Guinea-Bissau,GNB,1996,5
Guinea-Bissau,GNB,1997,5.2
Guinea-Bissau,GNB,1998,5.2
Guinea-Bissau,GNB,1999,5.2
Guinea-Bissau,GNB,2000,5.3
Guinea-Bissau,GNB,2001,5.4
Guinea-Bissau,GNB,2002,5.6
Guinea-Bissau,GNB,2003,5.8
Guinea-Bissau,GNB,2004,5.9
Guinea-Bissau,GNB,2005,6.1
Guinea-Bissau,GNB,2006,6.2
Guinea-Bissau,GNB,2007,6.5
Guinea-Bissau,GNB,2008,6.8
Guinea-Bissau,GNB,2009,7.1
Guinea-Bissau,GNB,2010,7.3
Guinea-Bissau,GNB,2011,7.6
Guinea-Bissau,GNB,2012,7.8
Guinea-Bissau,GNB,2013,8.1
Guinea-Bissau,GNB,2014,8.5
Guinea-Bissau,GNB,2015,8.8
Guinea-Bissau,GNB,2016,9.1
Guinea-Bissau,GNB,2017,9.4
Guinea-Bissau,GNB,2018,9.7
Guinea-Bissau,GNB,2019,10
Guinea-Bissau,GNB,2020,10.2
Guinea-Bissau,GNB,2021,10.5
Guinea-Bissau,GNB,2022,10.8
Guinea-Bissau,GNB,2023,11
Guinea-Bissau,GNB,2024,11.3
Guyana,GUY,1990,26.7
Guyana,GUY,1991,27.4
Guyana,GUY,1992,28.4
Guyana,GUY,1993,29.4
Guyana,GUY,1994,30.4
Guyana,GUY,1995,31.5
Guyana,GUY,1996,32.7
Guyana,GUY,1997,34
Guyana,GUY,1998,35.4
Guyana,GUY,1999,36.9
Guyana,GUY,2000,38.6
Guyana,GUY,2001,40.3
Guyana,GUY,2002,42.3
Guyana,GUY,2003,44.2
Guyana,GUY,2004,46.1
Guyana,GUY,2005,47.7
Guyana,GUY,2006,49
Guyana,GUY,2007,50
Guyana,GUY,2008,51.2
Guyana,GUY,2009,52.4
Guyana,GUY,2010,53.6
Guyana,GUY,2011,54.7
Guyana,GUY,2012,55.7
Guyana,GUY,2013,56.9
Guyana,GUY,2014,58.3
Guyana,GUY,2015,59.9
Guyana,GUY,2016,61.3
Guyana,GUY,2017,62.6
Guyana,GUY,2018,63.8
Guyana,GUY,2019,64.8
Guyana,GUY,2020,65.8
Guyana,GUY,2021,66.8
Guyana,GUY,2022,67.9
Guyana,GUY,2023,69
Guyana,GUY,2024,70.1
Haiti,HTI,1990,4.3
Haiti,HTI,1991,4.7
Haiti,HTI,1992,5.1
Haiti,HTI,1993,5.5
Haiti,HTI,1994,5.8
Haiti,HTI,1995,6
Haiti,HTI,1996,6.2
Haiti,HTI,1997,6.4
Haiti,HTI,1998,6.6
Haiti,HTI,1999,7
Haiti,HTI,2000,7.3
Haiti,HTI,2001,7.8
Haiti,HTI,2002,8.4
Haiti,HTI,2003,9.2
Haiti,HTI,2004,9.8
Haiti,HTI,2005,10.3
Haiti,HTI,2006,10.7
Haiti,HTI,2007,11.1
Haiti,HTI,2008,11.5
Haiti,HTI,2009,11.9
Haiti,HTI,2010,12.2
Haiti,HTI,2011,12.6
Haiti,HTI,2012,13.1
Haiti,HTI,2013,13.8
Haiti,HTI,2014,14.2
Haiti,HTI,2015,14.7
Haiti,HTI,2016,15
Haiti,HTI,2017,15.3
Haiti,HTI,2018,15.7
Haiti,HTI,2019,16.3
Haiti,HTI,2020,16.9
Haiti,HTI,2021,17.4
Haiti,HTI,2022,18.2
Haiti,HTI,2023,18.9
Haiti,HTI,2024,19.5
Honduras,HND,1990,21.1
Honduras,HND,1991,20.9
Honduras,HND,1992,20.6
Honduras,HND,1993,20.2
Honduras,HND,1994,20
Honduras,HND,1995,19.9
Honduras,HND,1996,19.9
Honduras,HND,1997,20
Honduras,HND,1998,20.1
Honduras,HND,1999,20.4
Honduras,HND,2000,20.9
Honduras,HND,2001,21.5
Honduras,HND,2002,22.9
Honduras,HND,2003,24.5
Honduras,HND,2004,26.6
Honduras,HND,2005,28.5
Honduras,HND,2006,30.4
Honduras,HND,2007,32.1
Honduras,HND,2008,33.8
Honduras,HND,2009,35.7
Honduras,HND,2010,37.7
Honduras,HND,2011,39.6
Honduras,HND,2012,41.2
Honduras,HND,2013,42.3
Honduras,HND,2014,43
Honduras,HND,2015,43.6
Honduras,HND,2016,44.5
Honduras,HND,2017,45.4
Honduras,HND,2018,46.4
Honduras,HND,2019,47.3
Honduras,HND,2020,48.3
Honduras,HND,2021,49.2
Honduras,HND,2022,50.1
Honduras,HND,2023,50.9
Honduras,HND,2024,51.7
Hungary,HUN,1990,79.7
Hungary,HUN,1991,79.5
Hungary,HUN,1992,79.5
Hungary,HUN,1993,79.7
Hungary,HUN,1994,79.9
Hungary,HUN,1995,80.2
Hungary,HUN,1996,80.6
Hungary,HUN,1997,81.2
Hungary,HUN,1998,81.8
Hungary,HUN,1999,82.5
Hungary,HUN,2000,83.2
Hungary,HUN,2001,83.8
Hungary,HUN,2002,84
Hungary,HUN,2003,83.8
Hungary,HUN,2004,83.5
Hungary,HUN,2005,83.1
Hungary,HUN,2006,82.9
Hungary,HUN,2007,83
Hungary,HUN,2008,83.2
Hungary,HUN,2009,83.3
Hungary,HUN,2010,83.4
Hungary,HUN,2011,83.6
Hungary,HUN,2012,83.7
Hungary,HUN,2013,83.9
Hungary,HUN,2014,84
Hungary,HUN,2015,84.1
Hungary,HUN,2016,84.2
Hungary,HUN,2017,84.4
Hungary,HUN,2018,84.7
Hungary,HUN,2019,85
Hungary,HUN,2020,85.2
Hungary,HUN,2021,85.5
Hungary,HUN,2022,85.7
Hungary,HUN,2023,85.9
Hungary,HUN,2024,86.1
Iceland,ISL,1990,65.6
Iceland,ISL,1991,66.1
Iceland,ISL,1992,66.3
Iceland,ISL,1993,66.4
Iceland,ISL,1994,66.7
Iceland,ISL,1995,67.1
Iceland,ISL,1996,67.4
Iceland,ISL,1997,67.6
Iceland,ISL,1998,67.5
Iceland,ISL,1999,67.3
Iceland,ISL,2000,67.1
Iceland,ISL,2001,66.9
Iceland,ISL,2002,66.9
Iceland,ISL,2003,66.7
Iceland,ISL,2004,66.4
Iceland,ISL,2005,66
Iceland,ISL,2006,65.7
Iceland,ISL,2007,65.5
Iceland,ISL,2008,65.3
Iceland,ISL,2009,65.1
Iceland,ISL,2010,64.7
Iceland,ISL,2011,64.3
Iceland,ISL,2012,64.1
Iceland,ISL,2013,64.3
Iceland,ISL,2014,64.6
Iceland,ISL,2015,64.7
Iceland,ISL,2016,64.8
Iceland,ISL,2017,64.8
Iceland,ISL,2018,64.8
Iceland,ISL,2019,64.9
Iceland,ISL,2020,65
Iceland,ISL,2021,65.3
Iceland,ISL,2022,65.6
Iceland,ISL,2023,65.9
Iceland,ISL,2024,66.1
India,IND,1990,18.6
India,IND,1991,19.3
India,IND,1992,20
India,IND,1993,20.8
India,IND,1994,21.6
India,IND,1995,22.5
India,IND,1996,23.1
India,IND,1997,23.6
India,IND,1998,24
India,IND,1999,24.5
India,IND,2000,25.3
India,IND,2001,26
India,IND,2002,26.9
India,IND,2003,27.8
India,IND,2004,28.9
India,IND,2005,30.2
India,IND,2006,31.6
India,IND,2007,33.1
India,IND,2008,34.9
India,IND,2009,36.8
India,IND,2010,39.1
India,IND,2011,41.2
India,IND,2012,43.4
India,IND,2013,45.2
India,IND,2014,47.3
India,IND,2015,49.4
India,IND,2016,51.6
India,IND,2017,53.3
India,IND,2018,54.9
India,IND,2019,56.6
India,IND,2020,58.3
India,IND,2021,59.9
India,IND,2022,61.3
India,IND,2023,62.6
India,IND,2024,63.9
Indonesia,IDN,1990,33.5
Indonesia,IDN,1991,34.2
Indonesia,IDN,1992,34.5
Indonesia,IDN,1993,34.7
Indonesia,IDN,1994,34.9
Indonesia,IDN,1995,35.2
Indonesia,IDN,1996,35.5
Indonesia,IDN,1997,36.2
Indonesia,IDN,1998,37.1
Indonesia,IDN,1999,38
Indonesia,IDN,2000,39
Indonesia,IDN,2001,39.9
Indonesia,IDN,2002,40.9
Indonesia,IDN,2003,42
Indonesia,IDN,2004,42.9
Indonesia,IDN,2005,43.8
Indonesia,IDN,2006,44.7
Indonesia,IDN,2007,45.7
Indonesia,IDN,2008,46.8
Indonesia,IDN,2009,47.9
Indonesia,IDN,2010,49
Indonesia,IDN,2011,50.2
Indonesia,IDN,2012,51.5
Indonesia,IDN,2013,52.9
Indonesia,IDN,2014,54
Indonesia,IDN,2015,54.8
Indonesia,IDN,2016,55
Indonesia,IDN,2017,54.5
Indonesia,IDN,2018,52.9
Indonesia,IDN,2019,50.6
Indonesia,IDN,2020,47.7
Indonesia,IDN,2021,44.9
Indonesia,IDN,2022,42.5
Indonesia,IDN,2023,40.9
Indonesia,IDN,2024,40
Iran,IRN,1990,28.4
Iran,IRN,1991,29.4
Iran,IRN,1992,30.4
Iran,IRN,1993,31.8
Iran,IRN,1994,33.3
Iran,IRN,1995,35.3
Iran,IRN,1996,37.2
Iran,IRN,1997,39.1
Iran,IRN,1998,40.8
Iran,IRN,1999,42.8
Iran,IRN,2000,45.1
Iran,IRN,2001,47.5
Iran,IRN,2002,49.6
Iran,IRN,2003,50.8
Iran,IRN,2004,51.9
Iran,IRN,2005,52.5
Iran,IRN,2006,53.3
Iran,IRN,2007,53.8
Iran,IRN,2008,54.8
Iran,IRN,2009,56
Iran,IRN,2010,57.3
Iran,IRN,2011,58.6
Iran,IRN,2012,60
Iran,IRN,2013,61.4
Iran,IRN,2014,62.7
Iran,IRN,2015,63.9
Iran,IRN,2016,65.1
Iran,IRN,2017,66.3
Iran,IRN,2018,67.5
Iran,IRN,2019,68.6
Iran,IRN,2020,69.8
Iran,IRN,2021,70.9
Iran,IRN,2022,72
Iran,IRN,2023,73.2
Iran,IRN,2024,74.3
Iraq,IRQ,1990,17.7
Iraq,IRQ,1991,17.5
Iraq,IRQ,1992,17
Iraq,IRQ,1993,16.4
Iraq,IRQ,1994,15.8
Iraq,IRQ,1995,15.4
Iraq,IRQ,1996,15.3
Iraq,IRQ,1997,15.4
Iraq,IRQ,1998,15.3
Iraq,IRQ,1999,15
Iraq,IRQ,2000,14.9
Iraq,IRQ,2001,15.1
Iraq,IRQ,2002,15.5
Iraq,IRQ,2003,15.9
Iraq,IRQ,2004,16.2
Iraq,IRQ,2005,16.6
Iraq,IRQ,2006,17.2
Iraq,IRQ,2007,18.4
Iraq,IRQ,2008,19.7
Iraq,IRQ,2009,21.1
Iraq,IRQ,2010,22.2
Iraq,IRQ,2011,23
Iraq,IRQ,2012,24
Iraq,IRQ,2013,25.4
Iraq,IRQ,2014,27.6
Iraq,IRQ,2015,30.2
Iraq,IRQ,2016,33.5
Iraq,IRQ,2017,37.2
Iraq,IRQ,2018,40.6
Iraq,IRQ,2019,43.6
Iraq,IRQ,2020,46
Iraq,IRQ,2021,47.8
Iraq,IRQ,2022,49.4
Iraq,IRQ,2023,51
Iraq,IRQ,2024,52.2
Ireland,IRL,1990,75
Ireland,IRL,1991,76.4
Ireland,IRL,1992,77.7
Ireland,IRL,1993,79
Ireland,IRL,1994,80.3
Ireland,IRL,1995,81.6
Ireland,IRL,1996,82.8
Ireland,IRL,1997,84.1
Ireland,IRL,1998,85.1
Ireland,IRL,1999,85.8
Ireland,IRL,2000,86.1
Ireland,IRL,2001,86.3
Ireland,IRL,2002,86.5
Ireland,IRL,2003,86.5
Ireland,IRL,2004,86.5
Ireland,IRL,2005,86.5
Ireland,IRL,2006,86.7
Ireland,IRL,2007,87
Ireland,IRL,2008,87.5
Ireland,IRL,2009,88
Ireland,IRL,2010,88.6
Ireland,IRL,2011,89.3
Ireland,IRL,2012,90.1
Ireland,IRL,2013,90.7
Ireland,IRL,2014,91.3
Ireland,IRL,2015,91.8
Ireland,IRL,2016,92.2
Ireland,IRL,2017,92.5
Ireland,IRL,2018,92.8
Ireland,IRL,2019,93.1
Ireland,IRL,2020,93.4
Ireland,IRL,2021,93.8
Ireland,IRL,2022,94.1
Ireland,IRL,2023,94.4
Ireland,IRL,2024,94.7
Israel,ISR,1990,78.3
Israel,ISR,1991,78.6
Israel,ISR,1992,79
Israel,ISR,1993,79.6
Israel,ISR,1994,80.3
Israel,ISR,1995,81
Israel,ISR,1996,81.8
Israel,ISR,1997,82.6
Israel,ISR,1998,83.4
Israel,ISR,1999,84.4
Israel,ISR,2000,85.3
Israel,ISR,2001,86.2
Israel,ISR,2002,86.8
Israel,ISR,2003,87.4
Israel,ISR,2004,87.9
Israel,ISR,2005,88.3
Israel,ISR,2006,88.6
Israel,ISR,2007,89
Israel,ISR,2008,89.3
Israel,ISR,2009,89.6
Israel,ISR,2010,89.7
Israel,ISR,2011,89.9
Israel,ISR,2012,90
Israel,ISR,2013,90.1
Israel,ISR,2014,90.3
Israel,ISR,2015,90.4
Israel,ISR,2016,90.6
Israel,ISR,2017,90.9
Israel,ISR,2018,91.2
Israel,ISR,2019,91.5
Israel,ISR,2020,91.8
Israel,ISR,2021,92.1
Israel,ISR,2022,92.4
Israel,ISR,2023,92.7
Israel,ISR,2024,92.9
Italy,ITA,1990,54.4
Italy,ITA,1991,55.2
Italy,ITA,1992,56.5
Italy,ITA,1993,57.8
Italy,ITA,1994,59.3
Italy,ITA,1995,60.7
Italy,ITA,1996,61.9
Italy,ITA,1997,63.2
Italy,ITA,1998,64.4
Italy,ITA,1999,65.5
Italy,ITA,2000,66.5
Italy,ITA,2001,67.4
Italy,ITA,2002,68.2
Italy,ITA,2003,69.1
Italy,ITA,2004,70.1
Italy,ITA,2005,71.1
Italy,ITA,2006,72.2
Italy,ITA,2007,73.1
Italy,ITA,2008,73.8
Italy,ITA,2009,74.8
Italy,ITA,2010,76
Italy,ITA,2011,77.3
Italy,ITA,2012,78.2
Italy,ITA,2013,79.1
Italy,ITA,2014,80
Italy,ITA,2015,81
Italy,ITA,2016,82
Italy,ITA,2017,82.7
Italy,ITA,2018,83.2
Italy,ITA,2019,83.8
Italy,ITA,2020,84.5
Italy,ITA,2021,85.1
Italy,ITA,2022,85.8
Italy,ITA,2023,86.4
Italy,ITA,2024,87
Jamaica,JAM,1990,73
Jamaica,JAM,1991,73.7
Jamaica,JAM,1992,74.4
Jamaica,JAM,1993,75.1
Jamaica,JAM,1994,76.1
Jamaica,JAM,1995,76.9
Jamaica,JAM,1996,77.6
Jamaica,JAM,1997,78.2
Jamaica,JAM,1998,79.3
Jamaica,JAM,1999,80.8
Jamaica,JAM,2000,82.4
Jamaica,JAM,2001,83.8
Jamaica,JAM,2002,85
Jamaica,JAM,2003,85.9
Jamaica,JAM,2004,86.9
Jamaica,JAM,2005,87.8
Jamaica,JAM,2006,88.7
Jamaica,JAM,2007,89.5
Jamaica,JAM,2008,90.2
Jamaica,JAM,2009,90.8
Jamaica,JAM,2010,91.3
Jamaica,JAM,2011,91.7
Jamaica,JAM,2012,92
Jamaica,JAM,2013,92.3
Jamaica,JAM,2014,92.5
Jamaica,JAM,2015,92.8
Jamaica,JAM,2016,93
Jamaica,JAM,2017,93.3
Jamaica,JAM,2018,93.7
Jamaica,JAM,2019,94.1
Jamaica,JAM,2020,94.4
Jamaica,JAM,2021,94.7
Jamaica,JAM,2022,95
Jamaica,JAM,2023,95.3
Jamaica,JAM,2024,95.5
Jordan,JOR,1990,46.9
Jordan,JOR,1991,46.2
Jordan,JOR,1992,45.6
Jordan,JOR,1993,45.3
Jordan,JOR,1994,45.1
Jordan,JOR,1995,44.8
Jordan,JOR,1996,44.7
Jordan,JOR,1997,45
Jordan,JOR,1998,46
Jordan,JOR,1999,47.5
Jordan,JOR,2000,49.3
Jordan,JOR,2001,51.3
Jordan,JOR,2002,53.2
Jordan,JOR,2003,54.7
Jordan,JOR,2004,55.6
Jordan,JOR,2005,56.2
Jordan,JOR,2006,56.9
Jordan,JOR,2007,57.8
Jordan,JOR,2008,58.7
Jordan,JOR,2009,59.6
Jordan,JOR,2010,60.2
Jordan,JOR,2011,60.9
Jordan,JOR,2012,61.6
Jordan,JOR,2013,62
Jordan,JOR,2014,62
Jordan,JOR,2015,61.6
Jordan,JOR,2016,60.9
Jordan,JOR,2017,60.5
Jordan,JOR,2018,60.8
Jordan,JOR,2019,61.5
Jordan,JOR,2020,62.5
Jordan,JOR,2021,63.6
Jordan,JOR,2022,65
Jordan,JOR,2023,66.4
Jordan,JOR,2024,67.6
Kazakhstan,KAZ,1990,77.5
Kazakhstan,KAZ,1991,78.7
Kazakhstan,KAZ,1992,80.1
Kazakhstan,KAZ,1993,81.4
Kazakhstan,KAZ,1994,82.8
Kazakhstan,KAZ,1995,84
Kazakhstan,KAZ,1996,85.1
Kazakhstan,KAZ,1997,86.1
Kazakhstan,KAZ,1998,87.2
Kazakhstan,KAZ,1999,88.3
Kazakhstan,KAZ,2000,89.6
Kazakhstan,KAZ,2001,90.8
Kazakhstan,KAZ,2002,91.9
Kazakhstan,KAZ,2003,92.8
Kazakhstan,KAZ,2004,93.7
Kazakhstan,KAZ,2005,94.5
Kazakhstan,KAZ,2006,95.1
Kazakhstan,KAZ,2007,95.5
Kazakhstan,KAZ,2008,95.9
Kazakhstan,KAZ,2009,96.2
Kazakhstan,KAZ,2010,96.4
Kazakhstan,KAZ,2011,96.6
Kazakhstan,KAZ,2012,96.7
Kazakhstan,KAZ,2013,96.9
Kazakhstan,KAZ,2014,97.1
Kazakhstan,KAZ,2015,97.2
Kazakhstan,KAZ,2016,97.4
Kazakhstan,KAZ,2017,97.7
Kazakhstan,KAZ,2018,97.9
Kazakhstan,KAZ,2019,98.1
Kazakhstan,KAZ,2020,98.3
Kazakhstan,KAZ,2021,98.5
Kazakhstan,KAZ,2022,98.6
Kazakhstan,KAZ,2023,98.8
Kazakhstan,KAZ,2024,99
Kenya,KEN,1990,21.2
Kenya,KEN,1991,21.2
Kenya,KEN,1992,21.4
Kenya,KEN,1993,21.3
Kenya,KEN,1994,21.3
Kenya,KEN,1995,21.2
Kenya,KEN,1996,21.2
Kenya,KEN,1997,21
Kenya,KEN,1998,20.8
Kenya,KEN,1999,20.9
Kenya,KEN,2000,21.3
Kenya,KEN,2001,21.7
Kenya,KEN,2002,22.2
Kenya,KEN,2003,22.7
Kenya,KEN,2004,23
Kenya,KEN,2005,23.4
Kenya,KEN,2006,24
Kenya,KEN,2007,24.9
Kenya,KEN,2008,26
Kenya,KEN,2009,27
Kenya,KEN,2010,28.2
Kenya,KEN,2011,29.6
Kenya,KEN,2012,31.1
Kenya,KEN,2013,32.4
Kenya,KEN,2014,33.6
Kenya,KEN,2015,34.5
Kenya,KEN,2016,35.2
Kenya,KEN,2017,35.9
Kenya,KEN,2018,36.5
Kenya,KEN,2019,36.8
Kenya,KEN,2020,36.9
Kenya,KEN,2021,36.8
Kenya,KEN,2022,36.8
Kenya,KEN,2023,37
Kenya,KEN,2024,37.4
Kiribati,KIR,1990,4.3
Kiribati,KIR,1991,4.6
Kiribati,KIR,1992,4.8
Kiribati,KIR,1993,5
Kiribati,KIR,1994,5.3
Kiribati,KIR,1995,5.6
Kiribati,KIR,1996,5.9
Kiribati,KIR,1997,6.1
Kiribati,KIR,1998,6.4
Kiribati,KIR,1999,6.8
Kiribati,KIR,2000,7.1
Kiribati,KIR,2001,7.5
Kiribati,KIR,2002,8
Kiribati,KIR,2003,8.5
Kiribati,KIR,2004,9
Kiribati,KIR,2005,9.4
Kiribati,KIR,2006,9.7
Kiribati,KIR,2007,10.1
Kiribati,KIR,2008,10.5
Kiribati,KIR,2009,11
Kiribati,KIR,2010,11.5
Kiribati,KIR,2011,12
Kiribati,KIR,2012,12.5
Kiribati,KIR,2013,13.1
Kiribati,KIR,2014,13.8
Kiribati,KIR,2015,14.4
Kiribati,KIR,2016,15.1
Kiribati,KIR,2017,16
Kiribati,KIR,2018,16.8
Kiribati,KIR,2019,17.6
Kiribati,KIR,2020,18.3
Kiribati,KIR,2021,18.9
Kiribati,KIR,2022,19.5
Kiribati,KIR,2023,20.1
Kiribati,KIR,2024,20.8
Kyrgyzstan,KGZ,1990,73.2
Kyrgyzstan,KGZ,1991,73.4
Kyrgyzstan,KGZ,1992,73.9
Kyrgyzstan,KGZ,1993,74.7
Kyrgyzstan,KGZ,1994,75.9
Kyrgyzstan,KGZ,1995,77.6
Kyrgyzstan,KGZ,1996,79.4
Kyrgyzstan,KGZ,1997,81.2
Kyrgyzstan,KGZ,1998,83
Kyrgyzstan,KGZ,1999,84.7
Kyrgyzstan,KGZ,2000,86.4
Kyrgyzstan,KGZ,2001,87.9
Kyrgyzstan,KGZ,2002,89.2
Kyrgyzstan,KGZ,2003,90.4
Kyrgyzstan,KGZ,2004,91.3
Kyrgyzstan,KGZ,2005,91.9
Kyrgyzstan,KGZ,2006,92.3
Kyrgyzstan,KGZ,2007,92.5
Kyrgyzstan,KGZ,2008,92.5
Kyrgyzstan,KGZ,2009,92.4
Kyrgyzstan,KGZ,2010,92.3
Kyrgyzstan,KGZ,2011,92
Kyrgyzstan,KGZ,2012,91.8
Kyrgyzstan,KGZ,2013,91.5
Kyrgyzstan,KGZ,2014,91.2
Kyrgyzstan,KGZ,2015,91
Kyrgyzstan,KGZ,2016,91
Kyrgyzstan,KGZ,2017,91.1
Kyrgyzstan,KGZ,2018,91.3
Kyrgyzstan,KGZ,2019,91.5
Kyrgyzstan,KGZ,2020,91.7
Kyrgyzstan,KGZ,2021,92
Kyrgyzstan,KGZ,2022,92.4
Kyrgyzstan,KGZ,2023,92.7
Kyrgyzstan,KGZ,2024,93.1
Laos,LAO,1990,12.8
Laos,LAO,1991,13.2
Laos,LAO,1992,13.3
Laos,LAO,1993,13.1
Laos,LAO,1994,12.9
Laos,LAO,1995,12.8
Laos,LAO,1996,12.9
Laos,LAO,1997,13.1
Laos,LAO,1998,13.6
Laos,LAO,1999,14.2
Laos,LAO,2000,15.1
Laos,LAO,2001,16.1
Laos,LAO,2002,17.2
Laos,LAO,2003,18.4
Laos,LAO,2004,19.6
Laos,LAO,2005,20.7
Laos,LAO,2006,21.6
Laos,LAO,2007,22.1
Laos,LAO,2008,22.6
Laos,LAO,2009,23.1
Laos,LAO,2010,23.7
Laos,LAO,2011,24.3
Laos,LAO,2012,24.9
Laos,LAO,2013,25.4
Laos,LAO,2014,25.8
Laos,LAO,2015,26.3
Laos,LAO,2016,27.1
Laos,LAO,2017,27.6
Laos,LAO,2018,28.1
Laos,LAO,2019,28.7
Laos,LAO,2020,29.3
Laos,LAO,2021,30
Laos,LAO,2022,30.5
Laos,LAO,2023,31.1
Laos,LAO,2024,31.8
Latvia,LVA,1990,87.8
Latvia,LVA,1991,87.4
Latvia,LVA,1992,86.6
Latvia,LVA,1993,85.4
Latvia,LVA,1994,84
Latvia,LVA,1995,82.2
Latvia,LVA,1996,80.2
Latvia,LVA,1997,78
Latvia,LVA,1998,76.2
Latvia,LVA,1999,75.1
Latvia,LVA,2000,74.8
Latvia,LVA,2001,75.2
Latvia,LVA,2002,76
Latvia,LVA,2003,77
Latvia,LVA,2004,78.1
Latvia,LVA,2005,78.9
Latvia,LVA,2006,79.6
Latvia,LVA,2007,80
Latvia,LVA,2008,80.4
Latvia,LVA,2009,80.7
Latvia,LVA,2010,81.1
Latvia,LVA,2011,81.7
Latvia,LVA,2012,82.4
Latvia,LVA,2013,83.2
Latvia,LVA,2014,83.7
Latvia,LVA,2015,84.1
Latvia,LVA,2016,84.4
Latvia,LVA,2017,84.7
Latvia,LVA,2018,85
Latvia,LVA,2019,85.3
Latvia,LVA,2020,85.6
Latvia,LVA,2021,85.9
Latvia,LVA,2022,86.3
Latvia,LVA,2023,86.7
Latvia,LVA,2024,86.9
Lesotho,LSO,1990,9.3
Lesotho,LSO,1991,9.6
Lesotho,LSO,1992,9.7
Lesotho,LSO,1993,9.9
Lesotho,LSO,1994,10.2
Lesotho,LSO,1995,10.6
Lesotho,LSO,1996,11
Lesotho,LSO,1997,11.6
Lesotho,LSO,1998,12.1
Lesotho,LSO,1999,12.6
Lesotho,LSO,2000,12.8
Lesotho,LSO,2001,13.1
Lesotho,LSO,2002,13.3
Lesotho,LSO,2003,13.6
Lesotho,LSO,2004,14.2
Lesotho,LSO,2005,15
Lesotho,LSO,2006,15.7
Lesotho,LSO,2007,16.3
Lesotho,LSO,2008,16.5
Lesotho,LSO,2009,16.8
Lesotho,LSO,2010,17.3
Lesotho,LSO,2011,17.9
Lesotho,LSO,2012,18.4
Lesotho,LSO,2013,18.8
Lesotho,LSO,2014,19.1
Lesotho,LSO,2015,19.6
Lesotho,LSO,2016,20.2
Lesotho,LSO,2017,20.7
Lesotho,LSO,2018,21.2
Lesotho,LSO,2019,21.7
Lesotho,LSO,2020,22.1
Lesotho,LSO,2021,22.5
Lesotho,LSO,2022,23
Lesotho,LSO,2023,23.6
Lesotho,LSO,2024,24
Liberia,LBR,1990,11.4
Liberia,LBR,1991,11.2
Liberia,LBR,1992,11
Liberia,LBR,1993,10.9
Liberia,LBR,1994,10.9
Liberia,LBR,1995,11
Liberia,LBR,1996,11
Liberia,LBR,1997,11
Liberia,LBR,1998,10.8
Liberia,LBR,1999,10.5
Liberia,LBR,2000,10.1
Liberia,LBR,2001,9.7
Liberia,LBR,2002,9.4
Liberia,LBR,2003,9.2
Liberia,LBR,2004,9.3
Liberia,LBR,2005,9.5
Liberia,LBR,2006,9.8
Liberia,LBR,2007,10
Liberia,LBR,2008,10.2
Liberia,LBR,2009,10.5
Liberia,LBR,2010,10.9
Liberia,LBR,2011,11.1
Liberia,LBR,2012,11.2
Liberia,LBR,2013,11.5
Liberia,LBR,2014,11.8
Liberia,LBR,2015,12.2
Liberia,LBR,2016,12.4
Liberia,LBR,2017,12.6
Liberia,LBR,2018,12.8
Liberia,LBR,2019,13
Liberia,LBR,2020,13.2
Liberia,LBR,2021,13.4
Liberia,LBR,2022,13.5
Liberia,LBR,2023,13.7
Liberia,LBR,2024,13.9
Lithuania,LTU,1990,94.2
Lithuania,LTU,1991,93.6
Lithuania,LTU,1992,92.8
Lithuania,LTU,1993,91.7
Lithuania,LTU,1994,90.5
Lithuania,LTU,1995,89
Lithuania,LTU,1996,87.5
Lithuania,LTU,1997,85.9
Lithuania,LTU,1998,84.7
Lithuania,LTU,1999,83.8
Lithuania,LTU,2000,83.6
Lithuania,LTU,2001,84
Lithuania,LTU,2002,84.7
Lithuania,LTU,2003,85.6
Lithuania,LTU,2004,86.6
Lithuania,LTU,2005,87.5
Lithuania,LTU,2006,88.3
Lithuania,LTU,2007,88.7
Lithuania,LTU,2008,89
Lithuania,LTU,2009,89.1
Lithuania,LTU,2010,89.2
Lithuania,LTU,2011,89.4
Lithuania,LTU,2012,89.7
Lithuania,LTU,2013,90
Lithuania,LTU,2014,90.2
Lithuania,LTU,2015,90.2
Lithuania,LTU,2016,90.2
Lithuania,LTU,2017,90.2
Lithuania,LTU,2018,90.3
Lithuania,LTU,2019,90.5
Lithuania,LTU,2020,90.7
Lithuania,LTU,2021,90.9
Lithuania,LTU,2022,91.2
Lithuania,LTU,2023,91.4
Lithuania,LTU,2024,91.7
Luxembourg,LUX,1990,61.7
Luxembourg,LUX,1991,62.5
Luxembourg,LUX,1992,63.1
Luxembourg,LUX,1993,63.8
Luxembourg,LUX,1994,64.5
Luxembourg,LUX,1995,65.1
Luxembourg,LUX,1996,65.8
Luxembourg,LUX,1997,66.4
Luxembourg,LUX,1998,67
Luxembourg,LUX,1999,67.8
Luxembourg,LUX,2000,68.8
Luxembourg,LUX,2001,69.8
Luxembourg,LUX,2002,71
Luxembourg,LUX,2003,72.1
Luxembourg,LUX,2004,73.3
Luxembourg,LUX,2005,74.2
Luxembourg,LUX,2006,74.9
Luxembourg,LUX,2007,75.7
Luxembourg,LUX,2008,76.4
Luxembourg,LUX,2009,76.9
Luxembourg,LUX,2010,77.2
Luxembourg,LUX,2011,77.5
Luxembourg,LUX,2012,77.6
Luxembourg,LUX,2013,77.6
Luxembourg,LUX,2014,77.7
Luxembourg,LUX,2015,77.8
Luxembourg,LUX,2016,77.9
Luxembourg,LUX,2017,78.1
Luxembourg,LUX,2018,78.3
Luxembourg,LUX,2019,78.6
Luxembourg,LUX,2020,79.1
Luxembourg,LUX,2021,79.6
Luxembourg,LUX,2022,80
Luxembourg,LUX,2023,80.6
Luxembourg,LUX,2024,81
Madagascar,MDG,1990,8
Madagascar,MDG,1991,7.7
Madagascar,MDG,1992,7.4
Madagascar,MDG,1993,7
Madagascar,MDG,1994,6.7
Madagascar,MDG,1995,6.4
Madagascar,MDG,1996,6.1
Madagascar,MDG,1997,5.9
Madagascar,MDG,1998,5.7
Madagascar,MDG,1999,5.6
Madagascar,MDG,2000,5.5
Madagascar,MDG,2001,5.4
Madagascar,MDG,2002,5.5
Madagascar,MDG,2003,5.6
Madagascar,MDG,2004,5.9
Madagascar,MDG,2005,6.3
Madagascar,MDG,2006,6.8
Madagascar,MDG,2007,7.4
Madagascar,MDG,2008,8
Madagascar,MDG,2009,8.6
Madagascar,MDG,2010,9.2
Madagascar,MDG,2011,9.6
Madagascar,MDG,2012,9.9
Madagascar,MDG,2013,10.2
Madagascar,MDG,2014,10.5
Madagascar,MDG,2015,10.9
Madagascar,MDG,2016,11.2
Madagascar,MDG,2017,11.5
Madagascar,MDG,2018,11.8
Madagascar,MDG,2019,12.1
Madagascar,MDG,2020,12.6
Madagascar,MDG,2021,13.1
Madagascar,MDG,2022,13.5
Madagascar,MDG,2023,13.8
Madagascar,MDG,2024,14.1
Malawi,MWI,1990,5.1
Malawi,MWI,1991,5.4
Malawi,MWI,1992,5.7
Malawi,MWI,1993,6
Malawi,MWI,1994,6.6
Malawi,MWI,1995,7.2
Malawi,MWI,1996,7.8
Malawi,MWI,1997,8.3
Malawi,MWI,1998,8.6
Malawi,MWI,1999,9
Malawi,MWI,2000,9.2
Malawi,MWI,2001,9.3
Malawi,MWI,2002,9.3
Malawi,MWI,2003,9.4
Malawi,MWI,2004,9.6
Malawi,MWI,2005,10
Malawi,MWI,2006,10.4
Malawi,MWI,2007,10.9
Malawi,MWI,2008,11.4
Malawi,MWI,2009,11.9
Malawi,MWI,2010,12.3
Malawi,MWI,2011,12.6
Malawi,MWI,2012,12.7
Malawi,MWI,2013,12.8
Malawi,MWI,2014,12.9
Malawi,MWI,2015,13.1
Malawi,MWI,2016,13.4
Malawi,MWI,2017,13.8
Malawi,MWI,2018,14.2
Malawi,MWI,2019,14.5
Malawi,MWI,2020,14.6
Malawi,MWI,2021,14.7
Malawi,MWI,2022,14.9
Malawi,MWI,2023,15.3
Malawi,MWI,2024,15.7
Malaysia,MYS,1990,16.1
Malaysia,MYS,1991,16.5
Malaysia,MYS,1992,17
Malaysia,MYS,1993,17.6
Malaysia,MYS,1994,18
Malaysia,MYS,1995,18.5
Malaysia,MYS,1996,19.4
Malaysia,MYS,1997,20.8
Malaysia,MYS,1998,22.9
Malaysia,MYS,1999,25.4
Malaysia,MYS,2000,28.2
Malaysia,MYS,2001,30.7
Malaysia,MYS,2002,32.7
Malaysia,MYS,2003,34.1
Malaysia,MYS,2004,35.4
Malaysia,MYS,2005,36.7
Malaysia,MYS,2006,38.2
Malaysia,MYS,2007,39.5
Malaysia,MYS,2008,40.9
Malaysia,MYS,2009,42.2
Malaysia,MYS,2010,43.5
Malaysia,MYS,2011,44.8
Malaysia,MYS,2012,46
Malaysia,MYS,2013,47.3
Malaysia,MYS,2014,48.8
Malaysia,MYS,2015,50.1
Malaysia,MYS,2016,51.3
Malaysia,MYS,2017,52.6
Malaysia,MYS,2018,54
Malaysia,MYS,2019,55.5
Malaysia,MYS,2020,56.9
Malaysia,MYS,2021,58.3
Malaysia,MYS,2022,59.7
Malaysia,MYS,2023,61
Malaysia,MYS,2024,62.3
Maldives,MDV,1990,6
Maldives,MDV,1991,6.5
Maldives,MDV,1992,7
Maldives,MDV,1993,7.6
Maldives,MDV,1994,8.2
Maldives,MDV,1995,8.9
Maldives,MDV,1996,9.6
Maldives,MDV,1997,10.4
Maldives,MDV,1998,11
Maldives,MDV,1999,11.6
Maldives,MDV,2000,12.2
Maldives,MDV,2001,13
Maldives,MDV,2002,13.8
Maldives,MDV,2003,14.7
Maldives,MDV,2004,15.6
Maldives,MDV,2005,16.5
Maldives,MDV,2006,17.3
Maldives,MDV,2007,18
Maldives,MDV,2008,18.8
Maldives,MDV,2009,19.7
Maldives,MDV,2010,20.6
Maldives,MDV,2011,21.8
Maldives,MDV,2012,22.9
Maldives,MDV,2013,24.1
Maldives,MDV,2014,25.5
Maldives,MDV,2015,27.1
Maldives,MDV,2016,28.8
Maldives,MDV,2017,30.2
Maldives,MDV,2018,31.5
Maldives,MDV,2019,32.6
Maldives,MDV,2020,34
Maldives,MDV,2021,35.3
Maldives,MDV,2022,36.8
Maldives,MDV,2023,38.1
Maldives,MDV,2024,39.4
Mali,MLI,1990,3.2
Mali,MLI,1991,3.2
Mali,MLI,1992,3.2
Mali,MLI,1993,3.3
Mali,MLI,1994,3.4
Mali,MLI,1995,3.6
Mali,MLI,1996,3.8
Mali,MLI,1997,4
Mali,MLI,1998,4.2
Mali,MLI,1999,4.3
Mali,MLI,2000,4.4
Mali,MLI,2001,4.6
Mali,MLI,2002,4.7
Mali,MLI,2003,5
Mali,MLI,2004,5.4
Mali,MLI,2005,5.9
Mali,MLI,2006,6.5
Mali,MLI,2007,7.1
Mali,MLI,2008,7.6
Mali,MLI,2009,8
Mali,MLI,2010,8.4
Mali,MLI,2011,8.9
Mali,MLI,2012,9.4
Mali,MLI,2013,9.7
Mali,MLI,2014,10
Mali,MLI,2015,10.2
Mali,MLI,2016,10.3
Mali,MLI,2017,10.4
Mali,MLI,2018,10.4
Mali,MLI,2019,10.6
Mali,MLI,2020,10.8
Mali,MLI,2021,11.2
Mali,MLI,2022,11.5
Mali,MLI,2023,11.8
Mali,MLI,2024,12.1
Malta,MLT,1990,34
Malta,MLT,1991,35.3
Malta,MLT,1992,36.5
Malta,MLT,1993,37.8
Malta,MLT,1994,39.5
Malta,MLT,1995,41.3
Malta,MLT,1996,43.3
Malta,MLT,1997,45.1
Malta,MLT,1998,46.8
Malta,MLT,1999,48.1
Malta,MLT,2000,49.3
Malta,MLT,2001,50.5
Malta,MLT,2002,51.7
Malta,MLT,2003,53.1
Malta,MLT,2004,54.7
Malta,MLT,2005,56.5
Malta,MLT,2006,58.5
Malta,MLT,2007,60.5
Malta,MLT,2008,62.4
Malta,MLT,2009,64.2
Malta,MLT,2010,66.1
Malta,MLT,2011,67.9
Malta,MLT,2012,69.6
Malta,MLT,2013,71.2
Malta,MLT,2014,72.6
Malta,MLT,2015,73.6
Malta,MLT,2016,74.6
Malta,MLT,2017,75.5
Malta,MLT,2018,76.5
Malta,MLT,2019,77.6
Malta,MLT,2020,78.7
Malta,MLT,2021,79.8
Malta,MLT,2022,80.7
Malta,MLT,2023,81.8
Malta,MLT,2024,82.6
Mauritania,MRT,1990,7.1
Mauritania,MRT,1991,6.9
Mauritania,MRT,1992,6.7
Mauritania,MRT,1993,6.6
Mauritania,MRT,1994,6.4
Mauritania,MRT,1995,6.3
Mauritania,MRT,1996,6.3
Mauritania,MRT,1997,6.3
Mauritania,MRT,1998,6.4
Mauritania,MRT,1999,6.3
Mauritania,MRT,2000,6.2
Mauritania,MRT,2001,6
Mauritania,MRT,2002,5.9
Mauritania,MRT,2003,5.8
Mauritania,MRT,2004,5.9
Mauritania,MRT,2005,5.9
Mauritania,MRT,2006,6.1
Mauritania,MRT,2007,6.4
Mauritania,MRT,2008,6.8
Mauritania,MRT,2009,7.4
Mauritania,MRT,2010,8.1
Mauritania,MRT,2011,8.9
Mauritania,MRT,2012,10.1
Mauritania,MRT,2013,11.6
Mauritania,MRT,2014,13.2
Mauritania,MRT,2015,14.8
Mauritania,MRT,2016,16.3
Mauritania,MRT,2017,17.6
Mauritania,MRT,2018,18.8
Mauritania,MRT,2019,19.8
Mauritania,MRT,2020,20.7
Mauritania,MRT,2021,21.3
Mauritania,MRT,2022,21.9
Mauritania,MRT,2023,22.5
Mauritania,MRT,2024,23.3
Mauritius,MUS,1990,12.5
Mauritius,MUS,1991,13.3
Mauritius,MUS,1992,14
Mauritius,MUS,1993,14.7
Mauritius,MUS,1994,15.4
Mauritius,MUS,1995,16
Mauritius,MUS,1996,16.8
Mauritius,MUS,1997,17.4
Mauritius,MUS,1998,18
Mauritius,MUS,1999,18.8
Mauritius,MUS,2000,19.7
Mauritius,MUS,2001,20.8
Mauritius,MUS,2002,21.9
Mauritius,MUS,2003,23.3
Mauritius,MUS,2004,24.9
Mauritius,MUS,2005,26.8
Mauritius,MUS,2006,29
Mauritius,MUS,2007,31.3
Mauritius,MUS,2008,33.7
Mauritius,MUS,2009,36.1
Mauritius,MUS,2010,38.7
Mauritius,MUS,2011,41.3
Mauritius,MUS,2012,43.5
Mauritius,MUS,2013,45.2
Mauritius,MUS,2014,46.6
Mauritius,MUS,2015,48.1
Mauritius,MUS,2016,49.4
Mauritius,MUS,2017,50.9
Mauritius,MUS,2018,52.4
Mauritius,MUS,2019,53.8
Mauritius,MUS,2020,55.2
Mauritius,MUS,2021,56.5
Mauritius,MUS,2022,57.8
Mauritius,MUS,2023,59
Mauritius,MUS,2024,60.4
Mexico,MEX,1990,30
Mexico,MEX,1991,30
Mexico,MEX,1992,29.9
Mexico,MEX,1993,30
Mexico,MEX,1994,30.5
Mexico,MEX,1995,31
Mexico,MEX,1996,31.4
Mexico,MEX,1997,31.5
Mexico,MEX,1998,31.8
Mexico,MEX,1999,32.6
Mexico,MEX,2000,33.7
Mexico,MEX,2001,34.9
Mexico,MEX,2002,35.7
Mexico,MEX,2003,36.6
Mexico,MEX,2004,38
Mexico,MEX,2005,39.5
Mexico,MEX,2006,40.7
Mexico,MEX,2007,41.7
Mexico,MEX,2008,42.8
Mexico,MEX,2009,44.3
Mexico,MEX,2010,45.5
Mexico,MEX,2011,46.5
Mexico,MEX,2012,47
Mexico,MEX,2013,47.7
Mexico,MEX,2014,48.6
Mexico,MEX,2015,49.7
Mexico,MEX,2016,50.8
Mexico,MEX,2017,52
Mexico,MEX,2018,53.2
Mexico,MEX,2019,54.8
Mexico,MEX,2020,56
Mexico,MEX,2021,56.9
Mexico,MEX,2022,57.4
Mexico,MEX,2023,58
Mexico,MEX,2024,58.7
Moldova,MDA,1990,75
Moldova,MDA,1991,75.3
Moldova,MDA,1992,75.8
Moldova,MDA,1993,76.4
Moldova,MDA,1994,76.9
Moldova,MDA,1995,77.3
Moldova,MDA,1996,77.5
Moldova,MDA,1997,77.4
Moldova,MDA,1998,77.4
Moldova,MDA,1999,77.4
Moldova,MDA,2000,77.4
Moldova,MDA,2001,77.4
Moldova,MDA,2002,77.3
Moldova,MDA,2003,77.1
Moldova,MDA,2004,77
Moldova,MDA,2005,77
Moldova,MDA,2006,77.1
Moldova,MDA,2007,77.1
Moldova,MDA,2008,77
Moldova,MDA,2009,77.1
Moldova,MDA,2010,77.2
Moldova,MDA,2011,77.5
Moldova,MDA,2012,77.9
Moldova,MDA,2013,78.2
Moldova,MDA,2014,78.5
Moldova,MDA,2015,78.7
Moldova,MDA,2016,79
Moldova,MDA,2017,79.2
Moldova,MDA,2018,79.4
Moldova,MDA,2019,79.7
Moldova,MDA,2020,79.9
Moldova,MDA,2021,80.4
Moldova,MDA,2022,80.6
Moldova,MDA,2023,80.8
Moldova,MDA,2024,81
Mongolia,MNG,1990,51.6
Mongolia,MNG,1991,52
Mongolia,MNG,1992,51.9
Mongolia,MNG,1993,51
Mongolia,MNG,1994,49.2
Mongolia,MNG,1995,46.8
Mongolia,MNG,1996,44.1
Mongolia,MNG,1997,41.8
Mongolia,MNG,1998,40.6
Mongolia,MNG,1999,40.6
Mongolia,MNG,2000,41.8
Mongolia,MNG,2001,43.5
Mongolia,MNG,2002,45.8
Mongolia,MNG,2003,48.4
Mongolia,MNG,2004,51.3
Mongolia,MNG,2005,54.3
Mongolia,MNG,2006,57.4
Mongolia,MNG,2007,60.7
Mongolia,MNG,2008,64
Mongolia,MNG,2009,67.1
Mongolia,MNG,2010,69.7
Mongolia,MNG,2011,71.9
Mongolia,MNG,2012,73.5
Mongolia,MNG,2013,75
Mongolia,MNG,2014,76.6
Mongolia,MNG,2015,78.5
Mongolia,MNG,2016,80.5
Mongolia,MNG,2017,82.7
Mongolia,MNG,2018,84.7
Mongolia,MNG,2019,86.6
Mongolia,MNG,2020,88.2
Mongolia,MNG,2021,89.5
Mongolia,MNG,2022,90.4
Mongolia,MNG,2023,91.4
Mongolia,MNG,2024,92.2
Montenegro,MNE,1990,64.3
Montenegro,MNE,1991,64.5
Montenegro,MNE,1992,64.6
Montenegro,MNE,1993,64.6
Montenegro,MNE,1994,64.6
Montenegro,MNE,1995,64.5
Montenegro,MNE,1996,64.5
Montenegro,MNE,1997,64.7
Montenegro,MNE,1998,65.2
Montenegro,MNE,1999,65.9
Montenegro,MNE,2000,66.7
Montenegro,MNE,2001,67.6
Montenegro,MNE,2002,68.5
Montenegro,MNE,2003,69.2
Montenegro,MNE,2004,70.1
Montenegro,MNE,2005,71.2
Montenegro,MNE,2006,72.5
Montenegro,MNE,2007,73.8
Montenegro,MNE,2008,75.1
Montenegro,MNE,2009,76.5
Montenegro,MNE,2010,77.9
Montenegro,MNE,2011,79.2
Montenegro,MNE,2012,80.7
Montenegro,MNE,2013,82
Montenegro,MNE,2014,83.2
Montenegro,MNE,2015,84.2
Montenegro,MNE,2016,84.9
Montenegro,MNE,2017,85.6
Montenegro,MNE,2018,86.2
Montenegro,MNE,2019,86.7
Montenegro,MNE,2020,87.2
Montenegro,MNE,2021,87.6
Montenegro,MNE,2022,88
Montenegro,MNE,2023,88.4
Montenegro,MNE,2024,88.8
Morocco,MAR,1990,15.5
Morocco,MAR,1991,15.3
Morocco,MAR,1992,15.1
Morocco,MAR,1993,15.3
Morocco,MAR,1994,15.3
Morocco,MAR,1995,15.2
Morocco,MAR,1996,15.1
Morocco,MAR,1997,15.1
Morocco,MAR,1998,15.3
Morocco,MAR,1999,15.6
Morocco,MAR,2000,16.1
Morocco,MAR,2001,16.8
Morocco,MAR,2002,17.8
Morocco,MAR,2003,18.9
Morocco,MAR,2004,19.7
Morocco,MAR,2005,20.2
Morocco,MAR,2006,20.4
Morocco,MAR,2007,20.7
Morocco,MAR,2008,21
Morocco,MAR,2009,21.3
Morocco,MAR,2010,21.7
Morocco,MAR,2011,22
Morocco,MAR,2012,22.4
Morocco,MAR,2013,22.8
Morocco,MAR,2014,23.1
Morocco,MAR,2015,23.4
Morocco,MAR,2016,23.8
Morocco,MAR,2017,24.1
Morocco,MAR,2018,24.4
Morocco,MAR,2019,24.7
Morocco,MAR,2020,25
Morocco,MAR,2021,25.4
Morocco,MAR,2022,25.8
Morocco,MAR,2023,26.2
Morocco,MAR,2024,26.5
Mozambique,MOZ,1990,2.3
Mozambique,MOZ,1991,2.4
Mozambique,MOZ,1992,2.4
Mozambique,MOZ,1993,2.4
Mozambique,MOZ,1994,2.4
Mozambique,MOZ,1995,2.5
Mozambique,MOZ,1996,2.5
Mozambique,MOZ,1997,2.5
Mozambique,MOZ,1998,2.7
Mozambique,MOZ,1999,2.8
Mozambique,MOZ,2000,2.9
Mozambique,MOZ,2001,3.1
Mozambique,MOZ,2002,3.2
Mozambique,MOZ,2003,3.3
Mozambique,MOZ,2004,3.4
Mozambique,MOZ,2005,3.5
Mozambique,MOZ,2006,3.7
Mozambique,MOZ,2007,3.8
Mozambique,MOZ,2008,3.9
Mozambique,MOZ,2009,4
Mozambique,MOZ,2010,4.2
Mozambique,MOZ,2011,4.4
Mozambique,MOZ,2012,4.6
Mozambique,MOZ,2013,4.8
Mozambique,MOZ,2014,4.9
Mozambique,MOZ,2015,5
Mozambique,MOZ,2016,5.2
Mozambique,MOZ,2017,5.4
Mozambique,MOZ,2018,5.7
Mozambique,MOZ,2019,6.1
Mozambique,MOZ,2020,6.5
Mozambique,MOZ,2021,7
Mozambique,MOZ,2022,7.6
Mozambique,MOZ,2023,8
Mozambique,MOZ,2024,8.3
Myanmar,MMR,1990,8.7
Myanmar,MMR,1991,8.8
Myanmar,MMR,1992,8.9
Myanmar,MMR,1993,9
Myanmar,MMR,1994,9
Myanmar,MMR,1995,9.1
Myanmar,MMR,1996,9.4
Myanmar,MMR,1997,9.9
Myanmar,MMR,1998,10.6
Myanmar,MMR,1999,11
Myanmar,MMR,2000,11.4
Myanmar,MMR,2001,11.9
Myanmar,MMR,2002,12.7
Myanmar,MMR,2003,13.6
Myanmar,MMR,2004,14.3
Myanmar,MMR,2005,14.8
Myanmar,MMR,2006,15.3
Myanmar,MMR,2007,15.5
Myanmar,MMR,2008,15.6
Myanmar,MMR,2009,15.7
Myanmar,MMR,2010,16.2
Myanmar,MMR,2011,17.1
Myanmar,MMR,2012,18.1
Myanmar,MMR,2013,19
Myanmar,MMR,2014,19.6
Myanmar,MMR,2015,19.9
Myanmar,MMR,2016,20
Myanmar,MMR,2017,20.3
Myanmar,MMR,2018,20.8
Myanmar,MMR,2019,21.3
Myanmar,MMR,2020,21.8
Myanmar,MMR,2021,22.2
Myanmar,MMR,2022,22.7
Myanmar,MMR,2023,23.3
Myanmar,MMR,2024,23.8
Namibia,NAM,1990,19.8
Namibia,NAM,1991,20.5
Namibia,NAM,1992,21.5
Namibia,NAM,1993,22.5
Namibia,NAM,1994,23.5
Namibia,NAM,1995,24.1
Namibia,NAM,1996,24.4
Namibia,NAM,1997,24.5
Namibia,NAM,1998,24.5
Namibia,NAM,1999,24.6
Namibia,NAM,2000,24.7
Namibia,NAM,2001,24.6
Namibia,NAM,2002,24.2
Namibia,NAM,2003,23.6
Namibia,NAM,2004,23.3
Namibia,NAM,2005,23.3
Namibia,NAM,2006,23.7
Namibia,NAM,2007,24.3
Namibia,NAM,2008,25.2
Namibia,NAM,2009,26.3
Namibia,NAM,2010,27.5
Namibia,NAM,2011,28.8
Namibia,NAM,2012,29.8
Namibia,NAM,2013,30.7
Namibia,NAM,2014,31.4
Namibia,NAM,2015,31.9
Namibia,NAM,2016,32.4
Namibia,NAM,2017,33
Namibia,NAM,2018,33.6
Namibia,NAM,2019,34.1
Namibia,NAM,2020,34.5
Namibia,NAM,2021,35.2
Namibia,NAM,2022,35.5
Namibia,NAM,2023,36
Namibia,NAM,2024,36.5
Nauru,NRU,1990,74
Nauru,NRU,1991,74.4
Nauru,NRU,1992,74.8
Nauru,NRU,1993,75
Nauru,NRU,1994,75.3
Nauru,NRU,1995,75.6
Nauru,NRU,1996,75.8
Nauru,NRU,1997,76.1
Nauru,NRU,1998,76.5
Nauru,NRU,1999,76.9
Nauru,NRU,2000,77.1
Nauru,NRU,2001,77.6
Nauru,NRU,2002,77.8
Nauru,NRU,2003,78.1
Nauru,NRU,2004,78.4
Nauru,NRU,2005,78.6
Nauru,NRU,2006,78.8
Nauru,NRU,2007,78.9
Nauru,NRU,2008,79
Nauru,NRU,2009,79.1
Nauru,NRU,2010,79.3
Nauru,NRU,2011,79.5
Nauru,NRU,2012,79.9
Nauru,NRU,2013,80.2
Nauru,NRU,2014,80.5
Nauru,NRU,2015,80.8
Nauru,NRU,2016,81.1
Nauru,NRU,2017,81.2
Nauru,NRU,2018,81.4
Nauru,NRU,2019,81.4
Nauru,NRU,2020,81.4
Nauru,NRU,2021,81.5
Nauru,NRU,2022,81.6
Nauru,NRU,2023,81.9
Nauru,NRU,2024,82.1
Nepal,NPL,1990,8.9
Nepal,NPL,1991,9.4
Nepal,NPL,1992,9.8
Nepal,NPL,1993,10.1
Nepal,NPL,1994,10.4
Nepal,NPL,1995,10.8
Nepal,NPL,1996,11.4
Nepal,NPL,1997,12
Nepal,NPL,1998,12.5
Nepal,NPL,1999,13.1
Nepal,NPL,2000,13.7
Nepal,NPL,2001,14.3
Nepal,NPL,2002,14.8
Nepal,NPL,2003,15.2
Nepal,NPL,2004,15.9
Nepal,NPL,2005,17
Nepal,NPL,2006,18.3
Nepal,NPL,2007,20
Nepal,NPL,2008,22.1
Nepal,NPL,2009,24.4
Nepal,NPL,2010,26.8
Nepal,NPL,2011,28.9
Nepal,NPL,2012,30.3
Nepal,NPL,2013,31.1
Nepal,NPL,2014,31.5
Nepal,NPL,2015,32.3
Nepal,NPL,2016,33.6
Nepal,NPL,2017,35.2
Nepal,NPL,2018,37.2
Nepal,NPL,2019,39.5
Nepal,NPL,2020,42
Nepal,NPL,2021,44.5
Nepal,NPL,2022,46.8
Nepal,NPL,2023,48.8
Nepal,NPL,2024,50.4
Netherlands,NLD,1990,65.6
Netherlands,NLD,1991,66.4
Netherlands,NLD,1992,67.3
Netherlands,NLD,1993,67.9
Netherlands,NLD,1994,68.6
Netherlands,NLD,1995,69
Netherlands,NLD,1996,69.6
Netherlands,NLD,1997,70.2
Netherlands,NLD,1998,70.8
Netherlands,NLD,1999,71.1
Netherlands,NLD,2000,71.4
Netherlands,NLD,2001,71.5
Netherlands,NLD,2002,71.7
Netherlands,NLD,2003,71.9
Netherlands,NLD,2004,72.3
Netherlands,NLD,2005,72.7
Netherlands,NLD,2006,73.2
Netherlands,NLD,2007,73.7
Netherlands,NLD,2008,74.4
Netherlands,NLD,2009,75
Netherlands,NLD,2010,75.3
Netherlands,NLD,2011,75.8
Netherlands,NLD,2012,76.1
Netherlands,NLD,2013,76.3
Netherlands,NLD,2014,76.4
Netherlands,NLD,2015,76.6
Netherlands,NLD,2016,76.8
Netherlands,NLD,2017,76.9
Netherlands,NLD,2018,77
Netherlands,NLD,2019,77.3
Netherlands,NLD,2020,77.6
Netherlands,NLD,2021,78
Netherlands,NLD,2022,78.4
Netherlands,NLD,2023,78.8
Netherlands,NLD,2024,79.2
Nicaragua,NIC,1990,19.4
Nicaragua,NIC,1991,19.4
Nicaragua,NIC,1992,19.5
Nicaragua,NIC,1993,20.1
Nicaragua,NIC,1994,20.7
Nicaragua,NIC,1995,21.3
Nicaragua,NIC,1996,21.6
Nicaragua,NIC,1997,22.1
Nicaragua,NIC,1998,22.9
Nicaragua,NIC,1999,23.9
Nicaragua,NIC,2000,24.8
Nicaragua,NIC,2001,25.2
Nicaragua,NIC,2002,25.6
Nicaragua,NIC,2003,26.2
Nicaragua,NIC,2004,27.2
Nicaragua,NIC,2005,28.3
Nicaragua,NIC,2006,29.1
Nicaragua,NIC,2007,29.8
Nicaragua,NIC,2008,30.2
Nicaragua,NIC,2009,30.7
Nicaragua,NIC,2010,31.1
Nicaragua,NIC,2011,31.6
Nicaragua,NIC,2012,32.1
Nicaragua,NIC,2013,32.5
Nicaragua,NIC,2014,33
Nicaragua,NIC,2015,33.6
Nicaragua,NIC,2016,34
Nicaragua,NIC,2017,34.5
Nicaragua,NIC,2018,35.1
Nicaragua,NIC,2019,35.5
Nicaragua,NIC,2020,36.1
Nicaragua,NIC,2021,36.6
Nicaragua,NIC,2022,37.1
Nicaragua,NIC,2023,37.7
Nicaragua,NIC,2024,38.3
Niger,NER,1990,2.4
Niger,NER,1991,2.3
Niger,NER,1992,2.2
Niger,NER,1993,2.2
Niger,NER,1994,2.2
Niger,NER,1995,2.2
Niger,NER,1996,2.2
Niger,NER,1997,2.2
Niger,NER,1998,2.2
Niger,NER,1999,2.2
Niger,NER,2000,2.2
Niger,NER,2001,2.1
Niger,NER,2002,2.1
Niger,NER,2003,2.1
Niger,NER,2004,2.1
Niger,NER,2005,2.1
Niger,NER,2006,2
Niger,NER,2007,2
Niger,NER,2008,2.1
Niger,NER,2009,2.2
Niger,NER,2010,2.4
Niger,NER,2011,2.5
Niger,NER,2012,2.6
Niger,NER,2013,2.8
Niger,NER,2014,3
Niger,NER,2015,3.3
Niger,NER,2016,3.6
Niger,NER,2017,3.9
Niger,NER,2018,4.1
Niger,NER,2019,4.3
Niger,NER,2020,4.4
Niger,NER,2021,4.6
Niger,NER,2022,4.7
Niger,NER,2023,4.8
Niger,NER,2024,4.9
Nigeria,NGA,1990,42.1
Nigeria,NGA,1991,42.7
Nigeria,NGA,1992,43.4
Nigeria,NGA,1993,44.3
Nigeria,NGA,1994,45.4
Nigeria,NGA,1995,46.5
Nigeria,NGA,1996,47.5
Nigeria,NGA,1997,48.4
Nigeria,NGA,1998,49.4
Nigeria,NGA,1999,50.2
Nigeria,NGA,2000,50.9
Nigeria,NGA,2001,51.5
Nigeria,NGA,2002,52.5
Nigeria,NGA,2003,53.8
Nigeria,NGA,2004,55.3
Nigeria,NGA,2005,56.1
Nigeria,NGA,2006,56.5
Nigeria,NGA,2007,56.6
Nigeria,NGA,2008,56.7
Nigeria,NGA,2009,57
Nigeria,NGA,2010,57.1
Nigeria,NGA,2011,57.1
Nigeria,NGA,2012,57.2
Nigeria,NGA,2013,57.6
Nigeria,NGA,2014,58.3
Nigeria,NGA,2015,58.9
Nigeria,NGA,2016,59.3
Nigeria,NGA,2017,59.7
Nigeria,NGA,2018,60.2
Nigeria,NGA,2019,60.9
Nigeria,NGA,2020,61.7
Nigeria,NGA,2021,62.3
Nigeria,NGA,2022,62.9
Nigeria,NGA,2023,63.4
Nigeria,NGA,2024,64
North Macedonia,MKD,1990,41.9
North Macedonia,MKD,1991,43
North Macedonia,MKD,1992,44.1
North Macedonia,MKD,1993,45.2
North Macedonia,MKD,1994,46.2
North Macedonia,MKD,1995,47.4
North Macedonia,MKD,1996,48.8
North Macedonia,MKD,1997,50.1
North Macedonia,MKD,1998,51.5
North Macedonia,MKD,1999,52.7
North Macedonia,MKD,2000,54.2
North Macedonia,MKD,2001,55.7
North Macedonia,MKD,2002,57.3
North Macedonia,MKD,2003,58.9
North Macedonia,MKD,2004,60.3
North Macedonia,MKD,2005,61.9
North Macedonia,MKD,2006,63.5
North Macedonia,MKD,2007,65.5
North Macedonia,MKD,2008,67.2
North Macedonia,MKD,2009,68.9
North Macedonia,MKD,2010,70.4
North Macedonia,MKD,2011,72
North Macedonia,MKD,2012,73.6
North Macedonia,MKD,2013,74.9
North Macedonia,MKD,2014,76.1
North Macedonia,MKD,2015,77.3
North Macedonia,MKD,2016,78.4
North Macedonia,MKD,2017,79.3
North Macedonia,MKD,2018,80.2
North Macedonia,MKD,2019,81.1
North Macedonia,MKD,2020,82
North Macedonia,MKD,2021,82.7
North Macedonia,MKD,2022,83.6
North Macedonia,MKD,2023,84.4
North Macedonia,MKD,2024,85.1
Norway,NOR,1990,77.6
Norway,NOR,1991,77.9
Norway,NOR,1992,78.2
Norway,NOR,1993,78.8
Norway,NOR,1994,79.3
Norway,NOR,1995,79.9
Norway,NOR,1996,80.2
Norway,NOR,1997,80.5
Norway,NOR,1998,80.6
Norway,NOR,1999,80.6
Norway,NOR,2000,80.5
Norway,NOR,2001,80.4
Norway,NOR,2002,80.1
Norway,NOR,2003,79.8
Norway,NOR,2004,79.5
Norway,NOR,2005,79.2
Norway,NOR,2006,78.8
Norway,NOR,2007,78.4
Norway,NOR,2008,78
Norway,NOR,2009,77.7
Norway,NOR,2010,77.3
Norway,NOR,2011,77.1
Norway,NOR,2012,77
Norway,NOR,2013,77.2
Norway,NOR,2014,77.6
Norway,NOR,2015,78
Norway,NOR,2016,78.4
Norway,NOR,2017,78.7
Norway,NOR,2018,79.2
Norway,NOR,2019,79.5
Norway,NOR,2020,79.8
Norway,NOR,2021,80
Norway,NOR,2022,80.3
Norway,NOR,2023,80.6
Norway,NOR,2024,80.9
Pakistan,PAK,1990,9.9
Pakistan,PAK,1991,10.4
Pakistan,PAK,1992,10.9
Pakistan,PAK,1993,11.2
Pakistan,PAK,1994,11.4
Pakistan,PAK,1995,11.4
Pakistan,PAK,1996,11.6
Pakistan,PAK,1997,11.8
Pakistan,PAK,1998,12.1
Pakistan,PAK,1999,12.5
Pakistan,PAK,2000,13
Pakistan,PAK,2001,13.5
Pakistan,PAK,2002,13.9
Pakistan,PAK,2003,14.1
Pakistan,PAK,2004,14.4
Pakistan,PAK,2005,14.7
Pakistan,PAK,2006,15.2
Pakistan,PAK,2007,16
Pakistan,PAK,2008,16.9
Pakistan,PAK,2009,17.8
Pakistan,PAK,2010,18.5
Pakistan,PAK,2011,19.2
Pakistan,PAK,2012,20
Pakistan,PAK,2013,20.6
Pakistan,PAK,2014,21
Pakistan,PAK,2015,21.4
Pakistan,PAK,2016,21.9
Pakistan,PAK,2017,22.4
Pakistan,PAK,2018,22.9
Pakistan,PAK,2019,23.4
Pakistan,PAK,2020,23.8
Pakistan,PAK,2021,24.4
Pakistan,PAK,2022,25.1
Pakistan,PAK,2023,25.6
Pakistan,PAK,2024,26.2
Palestine,PSE,1990,50.4
Palestine,PSE,1991,51.6
Palestine,PSE,1992,52.9
Palestine,PSE,1993,54.5
Palestine,PSE,1994,55.8
Palestine,PSE,1995,57
Palestine,PSE,1996,58
Palestine,PSE,1997,59
Palestine,PSE,1998,59.9
Palestine,PSE,1999,61.2
Palestine,PSE,2000,62.8
Palestine,PSE,2001,64.5
Palestine,PSE,2002,66.2
Palestine,PSE,2003,67.9
Palestine,PSE,2004,69.9
Palestine,PSE,2005,72.1
Palestine,PSE,2006,74.4
Palestine,PSE,2007,76.6
Palestine,PSE,2008,78.4
Palestine,PSE,2009,79.7
Palestine,PSE,2010,80.3
Palestine,PSE,2011,80.2
Palestine,PSE,2012,79.7
Palestine,PSE,2013,79.2
Palestine,PSE,2014,78.9
Palestine,PSE,2015,78.8
Palestine,PSE,2016,79
Palestine,PSE,2017,79.3
Palestine,PSE,2018,79.7
Palestine,PSE,2019,80.3
Palestine,PSE,2020,81
Palestine,PSE,2021,81.7
Palestine,PSE,2022,82.5
Palestine,PSE,2023,83.3
Palestine,PSE,2024,83.9
Panama,PAN,1990,42.8
Panama,PAN,1991,43.4
Panama,PAN,1992,44.2
Panama,PAN,1993,44.9
Panama,PAN,1994,45.2
Panama,PAN,1995,45.3
Panama,PAN,1996,45.3
Panama,PAN,1997,45.7
Panama,PAN,1998,46
Panama,PAN,1999,47.2
Panama,PAN,2000,47.8
Panama,PAN,2001,48.4
Panama,PAN,2002,48.8
Panama,PAN,2003,49.5
Panama,PAN,2004,50.3
Panama,PAN,2005,50.7
Panama,PAN,2006,51.2
Panama,PAN,2007,52.1
Panama,PAN,2008,53.1
Panama,PAN,2009,54.1
Panama,PAN,2010,55
Panama,PAN,2011,56
Panama,PAN,2012,56.8
Panama,PAN,2013,57.8
Panama,PAN,2014,58.5
Panama,PAN,2015,59.2
Panama,PAN,2016,59.7
Panama,PAN,2017,60.2
Panama,PAN,2018,60.7
Panama,PAN,2019,61.2
Panama,PAN,2020,61.7
Panama,PAN,2021,62.2
Panama,PAN,2022,62.8
Panama,PAN,2023,63.4
Panama,PAN,2024,63.9
Papua New Guinea,PNG,1990,9.7
Papua New Guinea,PNG,1991,9.5
Papua New Guinea,PNG,1992,9.2
Papua New Guinea,PNG,1993,8.8
Papua New Guinea,PNG,1994,8.6
Papua New Guinea,PNG,1995,8.4
Papua New Guinea,PNG,1996,8.4
Papua New Guinea,PNG,1997,8.5
Papua New Guinea,PNG,1998,8.7
Papua New Guinea,PNG,1999,8.9
Papua New Guinea,PNG,2000,9
Papua New Guinea,PNG,2001,9
Papua New Guinea,PNG,2002,9
Papua New Guinea,PNG,2003,9.2
Papua New Guinea,PNG,2004,9.4
Papua New Guinea,PNG,2005,9.7
Papua New Guinea,PNG,2006,10.1
Papua New Guinea,PNG,2007,10.4
Papua New Guinea,PNG,2008,10.7
Papua New Guinea,PNG,2009,11.1
Papua New Guinea,PNG,2010,11.5
Papua New Guinea,PNG,2011,11.8
Papua New Guinea,PNG,2012,12.2
Papua New Guinea,PNG,2013,12.5
Papua New Guinea,PNG,2014,12.9
Papua New Guinea,PNG,2015,13.2
Papua New Guinea,PNG,2016,13.5
Papua New Guinea,PNG,2017,13.8
Papua New Guinea,PNG,2018,14
Papua New Guinea,PNG,2019,14.2
Papua New Guinea,PNG,2020,14.4
Papua New Guinea,PNG,2021,14.5
Papua New Guinea,PNG,2022,14.7
Papua New Guinea,PNG,2023,14.8
Papua New Guinea,PNG,2024,15.1
Paraguay,PRY,1990,35.7
Paraguay,PRY,1991,36.2
Paraguay,PRY,1992,36.8
Paraguay,PRY,1993,37.4
Paraguay,PRY,1994,37.8
Paraguay,PRY,1995,38.5
Paraguay,PRY,1996,39.7
Paraguay,PRY,1997,41.1
Paraguay,PRY,1998,42.7
Paraguay,PRY,1999,44.3
Paraguay,PRY,2000,46.3
Paraguay,PRY,2001,48.6
Paraguay,PRY,2002,50.5
Paraguay,PRY,2003,52.4
Paraguay,PRY,2004,53.9
Paraguay,PRY,2005,55.2
Paraguay,PRY,2006,56
Paraguay,PRY,2007,56.4
Paraguay,PRY,2008,56.7
Paraguay,PRY,2009,57
Paraguay,PRY,2010,57.6
Paraguay,PRY,2011,58.3
Paraguay,PRY,2012,59.1
Paraguay,PRY,2013,59.7
Paraguay,PRY,2014,60.6
Paraguay,PRY,2015,61.3
Paraguay,PRY,2016,62.1
Paraguay,PRY,2017,63
Paraguay,PRY,2018,63.6
Paraguay,PRY,2019,64.1
Paraguay,PRY,2020,64.7
Paraguay,PRY,2021,65.4
Paraguay,PRY,2022,66.3
Paraguay,PRY,2023,66.9
Paraguay,PRY,2024,67.7
Peru,PER,1990,53.7
Peru,PER,1991,54.5
Peru,PER,1992,55.5
Peru,PER,1993,56.7
Peru,PER,1994,57.8
Peru,PER,1995,58.7
Peru,PER,1996,59
Peru,PER,1997,59.9
Peru,PER,1998,60.6
Peru,PER,1999,61.8
Peru,PER,2000,62.8
Peru,PER,2001,63.8
Peru,PER,2002,64.6
Peru,PER,2003,65.3
Peru,PER,2004,66.1
Peru,PER,2005,67.2
Peru,PER,2006,68.5
Peru,PER,2007,69.9
Peru,PER,2008,71.3
Peru,PER,2009,72.2
Peru,PER,2010,73.1
Peru,PER,2011,74
Peru,PER,2012,75
Peru,PER,2013,75.7
Peru,PER,2014,76.5
Peru,PER,2015,77.5
Peru,PER,2016,79
Peru,PER,2017,80.4
Peru,PER,2018,81.9
Peru,PER,2019,82.7
Peru,PER,2020,83.6
Peru,PER,2021,84.3
Peru,PER,2022,85
Peru,PER,2023,85.6
Peru,PER,2024,86.2
Philippines,PHL,1990,51.9
Philippines,PHL,1991,52.9
Philippines,PHL,1992,53.7
Philippines,PHL,1993,54.3
Philippines,PHL,1994,55
Philippines,PHL,1995,55.9
Philippines,PHL,1996,57
Philippines,PHL,1997,58
Philippines,PHL,1998,58.7
Philippines,PHL,1999,59.8
Philippines,PHL,2000,60.4
Philippines,PHL,2001,61
Philippines,PHL,2002,61.2
Philippines,PHL,2003,61.4
Philippines,PHL,2004,61.7
Philippines,PHL,2005,61.7
Philippines,PHL,2006,61.9
Philippines,PHL,2007,62.4
Philippines,PHL,2008,63
Philippines,PHL,2009,64
Philippines,PHL,2010,64.9
Philippines,PHL,2011,65.8
Philippines,PHL,2012,66.3
Philippines,PHL,2013,67.1
Philippines,PHL,2014,67.8
Philippines,PHL,2015,68.6
Philippines,PHL,2016,69.2
Philippines,PHL,2017,69.5
Philippines,PHL,2018,69.7
Philippines,PHL,2019,70.1
Philippines,PHL,2020,70.6
Philippines,PHL,2021,71.1
Philippines,PHL,2022,71.6
Philippines,PHL,2023,72.1
Philippines,PHL,2024,72.6
Poland,POL,1990,88.8
Poland,POL,1991,89.1
Poland,POL,1992,89.5
Poland,POL,1993,89.9
Poland,POL,1994,90.1
Poland,POL,1995,90.3
Poland,POL,1996,90.5
Poland,POL,1997,90.5
Poland,POL,1998,90.6
Poland,POL,1999,90.9
Poland,POL,2000,91.3
Poland,POL,2001,91.6
Poland,POL,2002,91.9
Poland,POL,2003,92.1
Poland,POL,2004,92.3
Poland,POL,2005,92.5
Poland,POL,2006,92.7
Poland,POL,2007,92.6
Poland,POL,2008,92.4
Poland,POL,2009,92
Poland,POL,2010,91.5
Poland,POL,2011,91.1
Poland,POL,2012,90.9
Poland,POL,2013,90.9
Poland,POL,2014,90.9
Poland,POL,2015,90.9
Poland,POL,2016,90.9
Poland,POL,2017,90.8
Poland,POL,2018,90.8
Poland,POL,2019,90.9
Poland,POL,2020,91
Poland,POL,2021,91.1
Poland,POL,2022,91.3
Poland,POL,2023,91.4
Poland,POL,2024,91.5
Portugal,PRT,1990,28.4
Portugal,PRT,1991,30.2
Portugal,PRT,1992,32.9
Portugal,PRT,1993,35.5
Portugal,PRT,1994,37.5
Portugal,PRT,1995,39.2
Portugal,PRT,1996,40.9
Portugal,PRT,1997,42.7
Portugal,PRT,1998,44.2
Portugal,PRT,1999,45.8
Portugal,PRT,2000,47.4
Portugal,PRT,2001,48.8
Portugal,PRT,2002,50
Portugal,PRT,2003,50.8
Portugal,PRT,2004,51.4
Portugal,PRT,2005,51.9
Portugal,PRT,2006,52.5
Portugal,PRT,2007,53.9
Portugal,PRT,2008,55.8
Portugal,PRT,2009,58
Portugal,PRT,2010,60.2
Portugal,PRT,2011,61.9
Portugal,PRT,2012,63.9
Portugal,PRT,2013,66.1
Portugal,PRT,2014,68.5
Portugal,PRT,2015,70.7
Portugal,PRT,2016,72.6
Portugal,PRT,2017,74.3
Portugal,PRT,2018,75.7
Portugal,PRT,2019,76.9
Portugal,PRT,2020,78.1
Portugal,PRT,2021,79.1
Portugal,PRT,2022,80.3
Portugal,PRT,2023,81.3
Portugal,PRT,2024,82.3
Qatar,QAT,1990,75.2
Qatar,QAT,1991,75.6
Qatar,QAT,1992,76
Qatar,QAT,1993,76.5
Qatar,QAT,1994,76.8
Qatar,QAT,1995,77
Qatar,QAT,1996,77
Qatar,QAT,1997,76.8
Qatar,QAT,1998,76.7
Qatar,QAT,1999,76.7
Qatar,QAT,2000,76.6
Qatar,QAT,2001,76.7
Qatar,QAT,2002,76.9
Qatar,QAT,2003,77.2
Qatar,QAT,2004,77.6
Qatar,QAT,2005,78.1
Qatar,QAT,2006,78.6
Qatar,QAT,2007,79.3
Qatar,QAT,2008,79.9
Qatar,QAT,2009,80.6
Qatar,QAT,2010,81.3
Qatar,QAT,2011,81.9
Qatar,QAT,2012,82.5
Qatar,QAT,2013,83
Qatar,QAT,2014,83.3
Qatar,QAT,2015,83.7
Qatar,QAT,2016,84
Qatar,QAT,2017,84.2
Qatar,QAT,2018,84.6
Qatar,QAT,2019,84.8
Qatar,QAT,2020,85.1
Qatar,QAT,2021,85.4
Qatar,QAT,2022,85.7
Qatar,QAT,2023,86
Qatar,QAT,2024,86.3
Romania,ROU,1990,79.4
Romania,ROU,1991,79.6
Romania,ROU,1992,79.8
Romania,ROU,1993,79.9
Romania,ROU,1994,79.5
Romania,ROU,1995,78
Romania,ROU,1996,75.9
Romania,ROU,1997,74
Romania,ROU,1998,73
Romania,ROU,1999,72.8
Romania,ROU,2000,73.2
Romania,ROU,2001,73.8
Romania,ROU,2002,74.6
Romania,ROU,2003,75.1
Romania,ROU,2004,75.4
Romania,ROU,2005,75.8
Romania,ROU,2006,76.1
Romania,ROU,2007,76.3
Romania,ROU,2008,76.3
Romania,ROU,2009,76.3
Romania,ROU,2010,76.6
Romania,ROU,2011,77.1
Romania,ROU,2012,77.5
Romania,ROU,2013,78
Romania,ROU,2014,78.6
Romania,ROU,2015,79.1
Romania,ROU,2016,79.4
Romania,ROU,2017,79.5
Romania,ROU,2018,79.8
Romania,ROU,2019,80.2
Romania,ROU,2020,80.5
Romania,ROU,2021,80.7
Romania,ROU,2022,80.9
Romania,ROU,2023,81.1
Romania,ROU,2024,81.4
Russia,RUS,1990,82.6
Russia,RUS,1991,82.9
Russia,RUS,1992,83.1
Russia,RUS,1993,83.1
Russia,RUS,1994,83.1
Russia,RUS,1995,83
Russia,RUS,1996,83.1
Russia,RUS,1997,83.5
Russia,RUS,1998,84
Russia,RUS,1999,84.7
Russia,RUS,2000,85.5
Russia,RUS,2001,86.4
Russia,RUS,2002,87
Russia,RUS,2003,87.2
Russia,RUS,2004,87.3
Russia,RUS,2005,87.3
Russia,RUS,2006,87.2
Russia,RUS,2007,87.2
Russia,RUS,2008,87.1
Russia,RUS,2009,87.3
Russia,RUS,2010,87.7
Russia,RUS,2011,88.2
Russia,RUS,2012,88.6
Russia,RUS,2013,89
Russia,RUS,2014,89.4
Russia,RUS,2015,89.8
Russia,RUS,2016,89.9
Russia,RUS,2017,90.1
Russia,RUS,2018,90.2
Russia,RUS,2019,90.3
Russia,RUS,2020,90.5
Russia,RUS,2021,90.8
Russia,RUS,2022,91
Russia,RUS,2023,91.2
Russia,RUS,2024,91.4
Rwanda,RWA,1990,3
Rwanda,RWA,1991,3.3
Rwanda,RWA,1992,3.4
Rwanda,RWA,1993,3.5
Rwanda,RWA,1994,3.5
Rwanda,RWA,1995,3.5
Rwanda,RWA,1996,3.6
Rwanda,RWA,1997,3.8
Rwanda,RWA,1998,3.9
Rwanda,RWA,1999,4
Rwanda,RWA,2000,4.2
Rwanda,RWA,2001,4.4
Rwanda,RWA,2002,4.6
Rwanda,RWA,2003,4.8
Rwanda,RWA,2004,4.9
Rwanda,RWA,2005,5.3
Rwanda,RWA,2006,5.8
Rwanda,RWA,2007,6.6
Rwanda,RWA,2008,7.4
Rwanda,RWA,2009,8.2
Rwanda,RWA,2010,8.8
Rwanda,RWA,2011,9.4
Rwanda,RWA,2012,10
Rwanda,RWA,2013,10.7
Rwanda,RWA,2014,11.7
Rwanda,RWA,2015,12.8
Rwanda,RWA,2016,13.8
Rwanda,RWA,2017,14.6
Rwanda,RWA,2018,15.5
Rwanda,RWA,2019,16.5
Rwanda,RWA,2020,17.6
Rwanda,RWA,2021,18.7
Rwanda,RWA,2022,19.8
Rwanda,RWA,2023,20.8
Rwanda,RWA,2024,21.8
Saint Lucia,LCA,1990,36.5
Saint Lucia,LCA,1991,38.3
Saint Lucia,LCA,1992,40.4
Saint Lucia,LCA,1993,42.3
Saint Lucia,LCA,1994,44.4
Saint Lucia,LCA,1995,46.6
Saint Lucia,LCA,1996,48.8
Saint Lucia,LCA,1997,51
Saint Lucia,LCA,1998,53.3
Saint Lucia,LCA,1999,55.7
Saint Lucia,LCA,2000,57.9
Saint Lucia,LCA,2001,60.1
Saint Lucia,LCA,2002,62.2
Saint Lucia,LCA,2003,64.1
Saint Lucia,LCA,2004,66.1
Saint Lucia,LCA,2005,68.1
Saint Lucia,LCA,2006,70
Saint Lucia,LCA,2007,71.9
Saint Lucia,LCA,2008,73.7
Saint Lucia,LCA,2009,75.4
Saint Lucia,LCA,2010,77
Saint Lucia,LCA,2011,78.7
Saint Lucia,LCA,2012,80.2
Saint Lucia,LCA,2013,81.7
Saint Lucia,LCA,2014,83
Saint Lucia,LCA,2015,84.2
Saint Lucia,LCA,2016,85.5
Saint Lucia,LCA,2017,86.7
Saint Lucia,LCA,2018,87.8
Saint Lucia,LCA,2019,88.8
Saint Lucia,LCA,2020,89.7
Saint Lucia,LCA,2021,90.6
Saint Lucia,LCA,2022,91.4
Saint Lucia,LCA,2023,92.2
Saint Lucia,LCA,2024,92.8
Samoa,WSM,1990,34.5
Samoa,WSM,1991,35
Samoa,WSM,1992,35.9
Samoa,WSM,1993,36.6
Samoa,WSM,1994,37.5
Samoa,WSM,1995,38
Samoa,WSM,1996,38.6
Samoa,WSM,1997,39.4
Samoa,WSM,1998,40
Samoa,WSM,1999,40.6
Samoa,WSM,2000,41.5
Samoa,WSM,2001,42.3
Samoa,WSM,2002,43.1
Samoa,WSM,2003,44
Samoa,WSM,2004,45.3
Samoa,WSM,2005,46.5
Samoa,WSM,2006,47.6
Samoa,WSM,2007,48.4
Samoa,WSM,2008,49.1
Samoa,WSM,2009,49.6
Samoa,WSM,2010,50.3
Samoa,WSM,2011,51
Samoa,WSM,2012,51.6
Samoa,WSM,2013,52.3
Samoa,WSM,2014,52.6
Samoa,WSM,2015,52.9
Samoa,WSM,2016,53.3
Samoa,WSM,2017,54.1
Samoa,WSM,2018,55
Samoa,WSM,2019,56
Samoa,WSM,2020,57
Samoa,WSM,2021,57.7
Samoa,WSM,2022,58.2
Samoa,WSM,2023,58.8
Samoa,WSM,2024,59.6
Sao Tome and Principe,STP,1990,11.6
Sao Tome and Principe,STP,1991,11.7
Sao Tome and Principe,STP,1992,11.7
Sao Tome and Principe,STP,1993,11.8
Sao Tome and Principe,STP,1994,12.1
Sao Tome and Principe,STP,1995,12.4
Sao Tome and Principe,STP,1996,12.8
Sao Tome and Principe,STP,1997,13.2
Sao Tome and Principe,STP,1998,13.4
Sao Tome and Principe,STP,1999,13.8
Sao Tome and Principe,STP,2000,14.1
Sao Tome and Principe,STP,2001,14.6
Sao Tome and Principe,STP,2002,15.2
Sao Tome and Principe,STP,2003,15.9
Sao Tome and Principe,STP,2004,16.5
Sao Tome and Principe,STP,2005,17.1
Sao Tome and Principe,STP,2006,17.5
Sao Tome and Principe,STP,2007,18
Sao Tome and Principe,STP,2008,18.5
Sao Tome and Principe,STP,2009,19.2
Sao Tome and Principe,STP,2010,20.3
Sao Tome and Principe,STP,2011,21.7
Sao Tome and Principe,STP,2012,23.6
Sao Tome and Principe,STP,2013,26.2
Sao Tome and Principe,STP,2014,29.3
Sao Tome and Principe,STP,2015,32.7
Sao Tome and Principe,STP,2016,36.2
Sao Tome and Principe,STP,2017,39.6
Sao Tome and Principe,STP,2018,42.8
Sao Tome and Principe,STP,2019,45.6
Sao Tome and Principe,STP,2020,47.9
Sao Tome and Principe,STP,2021,49.9
Sao Tome and Principe,STP,2022,51.5
Sao Tome and Principe,STP,2023,53
Sao Tome and Principe,STP,2024,54.3
Senegal,SEN,1990,3.8
Senegal,SEN,1991,3.9
Senegal,SEN,1992,4.1
Senegal,SEN,1993,4.2
Senegal,SEN,1994,4.2
Senegal,SEN,1995,4.1
Senegal,SEN,1996,4.2
Senegal,SEN,1997,4.3
Senegal,SEN,1998,4.4
Senegal,SEN,1999,4.5
Senegal,SEN,2000,4.6
Senegal,SEN,2001,4.6
Senegal,SEN,2002,4.7
Senegal,SEN,2003,4.8
Senegal,SEN,2004,4.9
Senegal,SEN,2005,5.1
Senegal,SEN,2006,5.3
Senegal,SEN,2007,5.6
Senegal,SEN,2008,6
Senegal,SEN,2009,6.4
Senegal,SEN,2010,6.9
Senegal,SEN,2011,7.3
Senegal,SEN,2012,7.7
Senegal,SEN,2013,8.1
Senegal,SEN,2014,8.6
Senegal,SEN,2015,9.1
Senegal,SEN,2016,9.7
Senegal,SEN,2017,10.2
Senegal,SEN,2018,10.9
Senegal,SEN,2019,11.6
Senegal,SEN,2020,12.2
Senegal,SEN,2021,12.9
Senegal,SEN,2022,13.5
Senegal,SEN,2023,14.1
Senegal,SEN,2024,14.6
Serbia,SRB,1990,59.5
Serbia,SRB,1991,59.9
Serbia,SRB,1992,60.1
Serbia,SRB,1993,59.9
Serbia,SRB,1994,59.7
Serbia,SRB,1995,59.4
Serbia,SRB,1996,59.2
Serbia,SRB,1997,58.8
Serbia,SRB,1998,58.2
Serbia,SRB,1999,57.9
Serbia,SRB,2000,57.8
Serbia,SRB,2001,58.3
Serbia,SRB,2002,59.1
Serbia,SRB,2003,60.1
Serbia,SRB,2004,61.2
Serbia,SRB,2005,62.2
Serbia,SRB,2006,63
Serbia,SRB,2007,63.8
Serbia,SRB,2008,65
Serbia,SRB,2009,66.5
Serbia,SRB,2010,68.2
Serbia,SRB,2011,69.7
Serbia,SRB,2012,71.1
Serbia,SRB,2013,72.3
Serbia,SRB,2014,73.6
Serbia,SRB,2015,74.9
Serbia,SRB,2016,76.1
Serbia,SRB,2017,77.3
Serbia,SRB,2018,78.4
Serbia,SRB,2019,79.4
Serbia,SRB,2020,80.1
Serbia,SRB,2021,80.6
Serbia,SRB,2022,81.1
Serbia,SRB,2023,81.5
Serbia,SRB,2024,82
Sierra Leone,SLE,1990,6.3
Sierra Leone,SLE,1991,6.1
Sierra Leone,SLE,1992,6
Sierra Leone,SLE,1993,5.9
Sierra Leone,SLE,1994,5.9
Sierra Leone,SLE,1995,5.8
Sierra Leone,SLE,1996,5.8
Sierra Leone,SLE,1997,5.8
Sierra Leone,SLE,1998,5.8
Sierra Leone,SLE,1999,5.9
Sierra Leone,SLE,2000,6.1
Sierra Leone,SLE,2001,6.3
Sierra Leone,SLE,2002,6.7
Sierra Leone,SLE,2003,7.1
Sierra Leone,SLE,2004,7.5
Sierra Leone,SLE,2005,8.1
Sierra Leone,SLE,2006,8.6
Sierra Leone,SLE,2007,9.4
Sierra Leone,SLE,2008,10
Sierra Leone,SLE,2009,10.6
Sierra Leone,SLE,2010,11.1
Sierra Leone,SLE,2011,11.6
Sierra Leone,SLE,2012,12.2
Sierra Leone,SLE,2013,12.8
Sierra Leone,SLE,2014,13.2
Sierra Leone,SLE,2015,13.4
Sierra Leone,SLE,2016,13.5
Sierra Leone,SLE,2017,13.5
Sierra Leone,SLE,2018,13.4
Sierra Leone,SLE,2019,13.2
Sierra Leone,SLE,2020,13.3
Sierra Leone,SLE,2021,13.4
Sierra Leone,SLE,2022,13.6
Sierra Leone,SLE,2023,13.8
Sierra Leone,SLE,2024,14.1
Slovakia,SVK,1990,93.8
Slovakia,SVK,1991,93.9
Slovakia,SVK,1992,94
Slovakia,SVK,1993,94.1
Slovakia,SVK,1994,94.1
Slovakia,SVK,1995,94.1
Slovakia,SVK,1996,94.1
Slovakia,SVK,1997,94.1
Slovakia,SVK,1998,94.1
Slovakia,SVK,1999,94.1
Slovakia,SVK,2000,94
Slovakia,SVK,2001,94
Slovakia,SVK,2002,93.9
Slovakia,SVK,2003,93.8
Slovakia,SVK,2004,93.7
Slovakia,SVK,2005,93.5
Slovakia,SVK,2006,93.4
Slovakia,SVK,2007,93.3
Slovakia,SVK,2008,93.2
Slovakia,SVK,2009,93.2
Slovakia,SVK,2010,93.2
Slovakia,SVK,2011,93.1
Slovakia,SVK,2012,93.1
Slovakia,SVK,2013,93
Slovakia,SVK,2014,92.9
Slovakia,SVK,2015,92.7
Slovakia,SVK,2016,92.6
Slovakia,SVK,2017,92.5
Slovakia,SVK,2018,92.6
Slovakia,SVK,2019,92.7
Slovakia,SVK,2020,92.8
Slovakia,SVK,2021,92.8
Slovakia,SVK,2022,92.9
Slovakia,SVK,2023,93
Slovakia,SVK,2024,93.2
Slovenia,SVN,1990,76.2
Slovenia,SVN,1991,76.8
Slovenia,SVN,1992,77.7
Slovenia,SVN,1993,79
Slovenia,SVN,1994,80.4
Slovenia,SVN,1995,81.7
Slovenia,SVN,1996,83
Slovenia,SVN,1997,84.4
Slovenia,SVN,1998,85.6
Slovenia,SVN,1999,86.7
Slovenia,SVN,2000,87.6
Slovenia,SVN,2001,88.3
Slovenia,SVN,2002,88.8
Slovenia,SVN,2003,89.1
Slovenia,SVN,2004,89.3
Slovenia,SVN,2005,89.5
Slovenia,SVN,2006,89.7
Slovenia,SVN,2007,89.8
Slovenia,SVN,2008,89.9
Slovenia,SVN,2009,89.8
Slovenia,SVN,2010,89.8
Slovenia,SVN,2011,89.8
Slovenia,SVN,2012,90
Slovenia,SVN,2013,90.3
Slovenia,SVN,2014,90.5
Slovenia,SVN,2015,90.6
Slovenia,SVN,2016,90.8
Slovenia,SVN,2017,91
Slovenia,SVN,2018,91.2
Slovenia,SVN,2019,91.5
Slovenia,SVN,2020,91.8
Slovenia,SVN,2021,92.1
Slovenia,SVN,2022,92.4
Slovenia,SVN,2023,92.7
Slovenia,SVN,2024,92.9
Somalia,SOM,1990,7.3
Somalia,SOM,1991,7.3
Somalia,SOM,1992,7.2
Somalia,SOM,1993,7.2
Somalia,SOM,1994,7
Somalia,SOM,1995,6.9
Somalia,SOM,1996,6.6
Somalia,SOM,1997,6.4
Somalia,SOM,1998,6.2
Somalia,SOM,1999,6.1
Somalia,SOM,2000,6
Somalia,SOM,2001,6
Somalia,SOM,2002,6
Somalia,SOM,2003,6.1
Somalia,SOM,2004,6.2
Somalia,SOM,2005,6.4
Somalia,SOM,2006,6.5
Somalia,SOM,2007,6.6
Somalia,SOM,2008,6.8
Somalia,SOM,2009,6.9
Somalia,SOM,2010,6.9
Somalia,SOM,2011,7
Somalia,SOM,2012,7.2
Somalia,SOM,2013,7.3
Somalia,SOM,2014,7.4
Somalia,SOM,2015,7.5
Somalia,SOM,2016,7.6
Somalia,SOM,2017,7.8
Somalia,SOM,2018,7.9
Somalia,SOM,2019,8
Somalia,SOM,2020,8.1
Somalia,SOM,2021,8.2
Somalia,SOM,2022,8.4
Somalia,SOM,2023,8.5
Somalia,SOM,2024,8.6
South Africa,ZAF,1990,33.6
South Africa,ZAF,1991,34.6
South Africa,ZAF,1992,36
South Africa,ZAF,1993,37.4
South Africa,ZAF,1994,38.8
South Africa,ZAF,1995,39.7
South Africa,ZAF,1996,40.3
South Africa,ZAF,1997,40.8
South Africa,ZAF,1998,41.2
South Africa,ZAF,1999,41.5
South Africa,ZAF,2000,41.7
South Africa,ZAF,2001,41.6
South Africa,ZAF,2002,41.8
South Africa,ZAF,2003,41.8
South Africa,ZAF,2004,42
South Africa,ZAF,2005,42.1
South Africa,ZAF,2006,42.6
South Africa,ZAF,2007,43.2
South Africa,ZAF,2008,43.8
South Africa,ZAF,2009,44.2
South Africa,ZAF,2010,44.6
South Africa,ZAF,2011,45.1
South Africa,ZAF,2012,45.7
South Africa,ZAF,2013,45.9
South Africa,ZAF,2014,45.9
South Africa,ZAF,2015,45.8
South Africa,ZAF,2016,46.2
South Africa,ZAF,2017,46.8
South Africa,ZAF,2018,47.4
South Africa,ZAF,2019,48
South Africa,ZAF,2020,48.7
South Africa,ZAF,2021,49.3
South Africa,ZAF,2022,49.9
South Africa,ZAF,2023,50.4
South Africa,ZAF,2024,50.9
South Korea,KOR,1990,96.7
South Korea,KOR,1991,96.8
South Korea,KOR,1992,97
South Korea,KOR,1993,97.2
South Korea,KOR,1994,97.4
South Korea,KOR,1995,97.6
South Korea,KOR,1996,97.7
South Korea,KOR,1997,97.9
South Korea,KOR,1998,98
South Korea,KOR,1999,98.1
South Korea,KOR,2000,98.2
South Korea,KOR,2001,98.3
South Korea,KOR,2002,98.3
South Korea,KOR,2003,98.3
South Korea,KOR,2004,98.4
South Korea,KOR,2005,98.4
South Korea,KOR,2006,98.5
South Korea,KOR,2007,98.5
South Korea,KOR,2008,98.5
South Korea,KOR,2009,98.5
South Korea,KOR,2010,98.5
South Korea,KOR,2011,98.6
South Korea,KOR,2012,98.6
South Korea,KOR,2013,98.7
South Korea,KOR,2014,98.7
South Korea,KOR,2015,98.8
South Korea,KOR,2016,98.9
South Korea,KOR,2017,98.9
South Korea,KOR,2018,99
South Korea,KOR,2019,99
South Korea,KOR,2020,99.1
South Korea,KOR,2021,99.1
South Korea,KOR,2022,99.2
South Korea,KOR,2023,99.2
South Korea,KOR,2024,99.3
South Sudan,SSD,1990,0.7
South Sudan,SSD,1991,0.7
South Sudan,SSD,1992,0.7
South Sudan,SSD,1993,0.7
South Sudan,SSD,1994,0.7
South Sudan,SSD,1995,0.7
South Sudan,SSD,1996,0.7
South Sudan,SSD,1997,0.8
South Sudan,SSD,1998,0.7
South Sudan,SSD,1999,0.7
South Sudan,SSD,2000,0.7
South Sudan,SSD,2001,0.7
South Sudan,SSD,2002,0.7
South Sudan,SSD,2003,0.7
South Sudan,SSD,2004,0.7
South Sudan,SSD,2005,0.7
South Sudan,SSD,2006,0.7
South Sudan,SSD,2007,0.7
South Sudan,SSD,2008,0.8
South Sudan,SSD,2009,0.9
South Sudan,SSD,2010,1.1
South Sudan,SSD,2011,1.3
South Sudan,SSD,2012,1.4
South Sudan,SSD,2013,1.4
South Sudan,SSD,2014,1.5
South Sudan,SSD,2015,1.6
South Sudan,SSD,2016,1.6
South Sudan,SSD,2017,1.6
South Sudan,SSD,2018,1.7
South Sudan,SSD,2019,1.7
South Sudan,SSD,2020,1.8
South Sudan,SSD,2021,1.9
South Sudan,SSD,2022,1.9
South Sudan,SSD,2023,2
South Sudan,SSD,2024,2
Spain,ESP,1990,56.1
Spain,ESP,1991,57.6
Spain,ESP,1992,59
Spain,ESP,1993,60
Spain,ESP,1994,61.3
Spain,ESP,1995,62.6
Spain,ESP,1996,63.9
Spain,ESP,1997,64.5
Spain,ESP,1998,65
Spain,ESP,1999,64.9
Spain,ESP,2000,64.6
Spain,ESP,2001,64.2
Spain,ESP,2002,63.7
Spain,ESP,2003,63.2
Spain,ESP,2004,62.6
Spain,ESP,2005,62.3
Spain,ESP,2006,62
Spain,ESP,2007,62.1
Spain,ESP,2008,62.5
Spain,ESP,2009,63.1
Spain,ESP,2010,63.7
Spain,ESP,2011,64.5
Spain,ESP,2012,65.8
Spain,ESP,2013,67.2
Spain,ESP,2014,68.9
Spain,ESP,2015,70
Spain,ESP,2016,70.6
Spain,ESP,2017,70.9
Spain,ESP,2018,71.3
Spain,ESP,2019,71.7
Spain,ESP,2020,72.3
Spain,ESP,2021,72.7
Spain,ESP,2022,73.2
Spain,ESP,2023,73.7
Spain,ESP,2024,74.3
Sudan,SDN,1990,13.4
Sudan,SDN,1991,14
Sudan,SDN,1992,14.6
Sudan,SDN,1993,15.1
Sudan,SDN,1994,15.8
Sudan,SDN,1995,16.5
Sudan,SDN,1996,17.2
Sudan,SDN,1997,17.6
Sudan,SDN,1998,18
Sudan,SDN,1999,18.2
Sudan,SDN,2000,18.5
Sudan,SDN,2001,18.7
Sudan,SDN,2002,19
Sudan,SDN,2003,19.5
Sudan,SDN,2004,20.3
Sudan,SDN,2005,21.3
Sudan,SDN,2006,22.4
Sudan,SDN,2007,23.5
Sudan,SDN,2008,24.6
Sudan,SDN,2009,25.9
Sudan,SDN,2010,27.1
Sudan,SDN,2011,27.9
Sudan,SDN,2012,28.4
Sudan,SDN,2013,28.7
Sudan,SDN,2014,29
Sudan,SDN,2015,29.3
Sudan,SDN,2016,29.5
Sudan,SDN,2017,30
Sudan,SDN,2018,30.3
Sudan,SDN,2019,30.9
Sudan,SDN,2020,31.5
Sudan,SDN,2021,32.1
Sudan,SDN,2022,32.7
Sudan,SDN,2023,33.3
Sudan,SDN,2024,33.9
Suriname,SUR,1990,14
Suriname,SUR,1991,14.1
Suriname,SUR,1992,14.2
Suriname,SUR,1993,14.3
Suriname,SUR,1994,14.5
Suriname,SUR,1995,14.8
Suriname,SUR,1996,15.2
Suriname,SUR,1997,15.8
Suriname,SUR,1998,16.4
Suriname,SUR,1999,17
Suriname,SUR,2000,17.8
Suriname,SUR,2001,18.8
Suriname,SUR,2002,19.7
Suriname,SUR,2003,20.4
Suriname,SUR,2004,20.9
Suriname,SUR,2005,21.4
Suriname,SUR,2006,21.9
Suriname,SUR,2007,22.8
Suriname,SUR,2008,23.7
Suriname,SUR,2009,24.6
Suriname,SUR,2010,25.3
Suriname,SUR,2011,26.1
Suriname,SUR,2012,27
Suriname,SUR,2013,27.7
Suriname,SUR,2014,28.1
Suriname,SUR,2015,28.3
Suriname,SUR,2016,28.6
Suriname,SUR,2017,29
Suriname,SUR,2018,29.4
Suriname,SUR,2019,30.1
Suriname,SUR,2020,30.6
Suriname,SUR,2021,31.1
Suriname,SUR,2022,31.7
Suriname,SUR,2023,32.3
Suriname,SUR,2024,32.8
Sweden,SWE,1990,87
Sweden,SWE,1991,87.2
Sweden,SWE,1992,87.4
Sweden,SWE,1993,87.5
Sweden,SWE,1994,87.6
Sweden,SWE,1995,87.7
Sweden,SWE,1996,87.9
Sweden,SWE,1997,87.9
Sweden,SWE,1998,87.6
Sweden,SWE,1999,87.2
Sweden,SWE,2000,86.8
Sweden,SWE,2001,86.6
Sweden,SWE,2002,86.6
Sweden,SWE,2003,86.7
Sweden,SWE,2004,86.8
Sweden,SWE,2005,86.9
Sweden,SWE,2006,87.2
Sweden,SWE,2007,87.5
Sweden,SWE,2008,87.8
Sweden,SWE,2009,87.9
Sweden,SWE,2010,88
Sweden,SWE,2011,88.1
Sweden,SWE,2012,88.1
Sweden,SWE,2013,88.2
Sweden,SWE,2014,88.3
Sweden,SWE,2015,88.4
Sweden,SWE,2016,88.4
Sweden,SWE,2017,88.4
Sweden,SWE,2018,88.3
Sweden,SWE,2019,88.4
Sweden,SWE,2020,88.5
Sweden,SWE,2021,88.7
Sweden,SWE,2022,88.8
Sweden,SWE,2023,89
Sweden,SWE,2024,89.1
Switzerland,CHE,1990,85.1
Switzerland,CHE,1991,85.1
Switzerland,CHE,1992,85.1
Switzerland,CHE,1993,85.1
Switzerland,CHE,1994,85.1
Switzerland,CHE,1995,85.1
Switzerland,CHE,1996,85.3
Switzerland,CHE,1997,85.7
Switzerland,CHE,1998,86.2
Switzerland,CHE,1999,86.5
Switzerland,CHE,2000,86.8
Switzerland,CHE,2001,87.1
Switzerland,CHE,2002,87.3
Switzerland,CHE,2003,87.4
Switzerland,CHE,2004,87.5
Switzerland,CHE,2005,87.6
Switzerland,CHE,2006,87.9
Switzerland,CHE,2007,88.4
Switzerland,CHE,2008,89
Switzerland,CHE,2009,89.7
Switzerland,CHE,2010,90.2
Switzerland,CHE,2011,90.7
Switzerland,CHE,2012,91
Switzerland,CHE,2013,91.3
Switzerland,CHE,2014,91.5
Switzerland,CHE,2015,91.5
Switzerland,CHE,2016,91.6
Switzerland,CHE,2017,91.7
Switzerland,CHE,2018,91.8
Switzerland,CHE,2019,91.9
Switzerland,CHE,2020,92
Switzerland,CHE,2021,92.2
Switzerland,CHE,2022,92.4
Switzerland,CHE,2023,92.6
Switzerland,CHE,2024,92.7
Syria,SYR,1990,23.9
Syria,SYR,1991,23.8
Syria,SYR,1992,23.9
Syria,SYR,1993,23.9
Syria,SYR,1994,23.7
Syria,SYR,1995,23.3
Syria,SYR,1996,23
Syria,SYR,1997,23
Syria,SYR,1998,23.1
Syria,SYR,1999,23.4
Syria,SYR,2000,23.7
Syria,SYR,2001,24.3
Syria,SYR,2002,25.1
Syria,SYR,2003,26
Syria,SYR,2004,26.9
Syria,SYR,2005,27.9
Syria,SYR,2006,28.9
Syria,SYR,2007,29.7
Syria,SYR,2008,30.2
Syria,SYR,2009,30.6
Syria,SYR,2010,30.9
Syria,SYR,2011,31.3
Syria,SYR,2012,31.7
Syria,SYR,2013,32
Syria,SYR,2014,32.4
Syria,SYR,2015,32.8
Syria,SYR,2016,33.2
Syria,SYR,2017,33.6
Syria,SYR,2018,34.1
Syria,SYR,2019,34.6
Syria,SYR,2020,35.1
Syria,SYR,2021,35.5
Syria,SYR,2022,35.8
Syria,SYR,2023,36.1
Syria,SYR,2024,36.6
Tajikistan,TJK,1990,43.5
Tajikistan,TJK,1991,44
Tajikistan,TJK,1992,44.6
Tajikistan,TJK,1993,45.6
Tajikistan,TJK,1994,47.1
Tajikistan,TJK,1995,48.8
Tajikistan,TJK,1996,50.2
Tajikistan,TJK,1997,51
Tajikistan,TJK,1998,51.5
Tajikistan,TJK,1999,52
Tajikistan,TJK,2000,52.7
Tajikistan,TJK,2001,53.2
Tajikistan,TJK,2002,53.9
Tajikistan,TJK,2003,54.6
Tajikistan,TJK,2004,55.5
Tajikistan,TJK,2005,56.4
Tajikistan,TJK,2006,57.3
Tajikistan,TJK,2007,58
Tajikistan,TJK,2008,58.8
Tajikistan,TJK,2009,59.8
Tajikistan,TJK,2010,61.1
Tajikistan,TJK,2011,62.6
Tajikistan,TJK,2012,64.4
Tajikistan,TJK,2013,66.3
Tajikistan,TJK,2014,68.1
Tajikistan,TJK,2015,69.8
Tajikistan,TJK,2016,71.5
Tajikistan,TJK,2017,73.1
Tajikistan,TJK,2018,74.4
Tajikistan,TJK,2019,75.5
Tajikistan,TJK,2020,76.3
Tajikistan,TJK,2021,77
Tajikistan,TJK,2022,77.7
Tajikistan,TJK,2023,78.4
Tajikistan,TJK,2024,79.1
Tanzania,TZA,1990,4.5
Tanzania,TZA,1991,4.6
Tanzania,TZA,1992,4.6
Tanzania,TZA,1993,4.7
Tanzania,TZA,1994,4.7
Tanzania,TZA,1995,4.7
Tanzania,TZA,1996,4.7
Tanzania,TZA,1997,4.8
Tanzania,TZA,1998,4.8
Tanzania,TZA,1999,5
Tanzania,TZA,2000,5.2
Tanzania,TZA,2001,5.4
Tanzania,TZA,2002,5.7
Tanzania,TZA,2003,5.9
Tanzania,TZA,2004,6.1
Tanzania,TZA,2005,6.4
Tanzania,TZA,2006,6.7
Tanzania,TZA,2007,7.2
Tanzania,TZA,2008,7.6
Tanzania,TZA,2009,8.1
Tanzania,TZA,2010,8.5
Tanzania,TZA,2011,9
Tanzania,TZA,2012,9.5
Tanzania,TZA,2013,9.9
Tanzania,TZA,2014,10
Tanzania,TZA,2015,10
Tanzania,TZA,2016,10.2
Tanzania,TZA,2017,10.4
Tanzania,TZA,2018,10.6
Tanzania,TZA,2019,10.8
Tanzania,TZA,2020,10.9
Tanzania,TZA,2021,10.8
Tanzania,TZA,2022,10.8
Tanzania,TZA,2023,10.8
Tanzania,TZA,2024,10.9
Thailand,THA,1990,24
Thailand,THA,1991,24.6
Thailand,THA,1992,25.4
Thailand,THA,1993,26.3
Thailand,THA,1994,27.7
Thailand,THA,1995,29.7
Thailand,THA,1996,32.4
Thailand,THA,1997,35.5
Thailand,THA,1998,39.1
Thailand,THA,1999,42.6
Thailand,THA,2000,45.9
Thailand,THA,2001,48.6
Thailand,THA,2002,50.4
Thailand,THA,2003,51.8
Thailand,THA,2004,52.9
Thailand,THA,2005,53.8
Thailand,THA,2006,54.1
Thailand,THA,2007,54.4
Thailand,THA,2008,54.6
Thailand,THA,2009,54.9
Thailand,THA,2010,55.1
Thailand,THA,2011,55.3
Thailand,THA,2012,55.9
Thailand,THA,2013,56.7
Thailand,THA,2014,57.7
Thailand,THA,2015,58.8
Thailand,THA,2016,60.2
Thailand,THA,2017,61.5
Thailand,THA,2018,62.7
Thailand,THA,2019,63.8
Thailand,THA,2020,65.2
Thailand,THA,2021,66.8
Thailand,THA,2022,68.4
Thailand,THA,2023,69.9
Thailand,THA,2024,71.2
Togo,TGO,1990,3.2
Togo,TGO,1991,3.3
Togo,TGO,1992,3.4
Togo,TGO,1993,3.5
Togo,TGO,1994,3.7
Togo,TGO,1995,3.8
Togo,TGO,1996,4
Togo,TGO,1997,4.2
Togo,TGO,1998,4.4
Togo,TGO,1999,4.6
Togo,TGO,2000,5
Togo,TGO,2001,5.3
Togo,TGO,2002,5.8
Togo,TGO,2003,6.2
Togo,TGO,2004,6.6
Togo,TGO,2005,6.9
Togo,TGO,2006,7.4
Togo,TGO,2007,7.8
Togo,TGO,2008,8.3
Togo,TGO,2009,8.7
Togo,TGO,2010,9.3
Togo,TGO,2011,10.1
Togo,TGO,2012,11.1
Togo,TGO,2013,12.1
Togo,TGO,2014,13.2
Togo,TGO,2015,14.4
Togo,TGO,2016,15.6
Togo,TGO,2017,16.6
Togo,TGO,2018,17.5
Togo,TGO,2019,18.3
Togo,TGO,2020,19
Togo,TGO,2021,19.7
Togo,TGO,2022,20.5
Togo,TGO,2023,21.2
Togo,TGO,2024,22
Tonga,TON,1990,69.8
Tonga,TON,1991,70.4
Tonga,TON,1992,71
Tonga,TON,1993,71.5
Tonga,TON,1994,72.1
Tonga,TON,1995,72.6
Tonga,TON,1996,73.3
Tonga,TON,1997,73.8
Tonga,TON,1998,74.3
Tonga,TON,1999,74.8
Tonga,TON,2000,75.4
Tonga,TON,2001,75.9
Tonga,TON,2002,76.3
Tonga,TON,2003,76.7
Tonga,TON,2004,77.1
Tonga,TON,2005,77.6
Tonga,TON,2006,78.1
Tonga,TON,2007,78.5
Tonga,TON,2008,79
Tonga,TON,2009,79.5
Tonga,TON,2010,80
Tonga,TON,2011,80.5
Tonga,TON,2012,81
Tonga,TON,2013,81.6
Tonga,TON,2014,82.2
Tonga,TON,2015,82.8
Tonga,TON,2016,83.4
Tonga,TON,2017,83.9
Tonga,TON,2018,84.4
Tonga,TON,2019,84.9
Tonga,TON,2020,85.4
Tonga,TON,2021,85.8
Tonga,TON,2022,86.2
Tonga,TON,2023,86.6
Tonga,TON,2024,86.9
Trinidad and Tobago,TTO,1990,66.9
Trinidad and Tobago,TTO,1991,68.4
Trinidad and Tobago,TTO,1992,69.6
Trinidad and Tobago,TTO,1993,70.4
Trinidad and Tobago,TTO,1994,71.1
Trinidad and Tobago,TTO,1995,71.9
Trinidad and Tobago,TTO,1996,72.7
Trinidad and Tobago,TTO,1997,73.5
Trinidad and Tobago,TTO,1998,74
Trinidad and Tobago,TTO,1999,74.2
Trinidad and Tobago,TTO,2000,74.5
Trinidad and Tobago,TTO,2001,74.9
Trinidad and Tobago,TTO,2002,75.6
Trinidad and Tobago,TTO,2003,76.2
Trinidad and Tobago,TTO,2004,77.2
Trinidad and Tobago,TTO,2005,78.5
Trinidad and Tobago,TTO,2006,79.9
Trinidad and Tobago,TTO,2007,81.2
Trinidad and Tobago,TTO,2008,82.1
Trinidad and Tobago,TTO,2009,82.8
Trinidad and Tobago,TTO,2010,83.4
Trinidad and Tobago,TTO,2011,83.7
Trinidad and Tobago,TTO,2012,83.8
Trinidad and Tobago,TTO,2013,83.7
Trinidad and Tobago,TTO,2014,83.7
Trinidad and Tobago,TTO,2015,83.6
Trinidad and Tobago,TTO,2016,83.6
Trinidad and Tobago,TTO,2017,83.6
Trinidad and Tobago,TTO,2018,83.5
Trinidad and Tobago,TTO,2019,83.5
Trinidad and Tobago,TTO,2020,83.6
Trinidad and Tobago,TTO,2021,83.6
Trinidad and Tobago,TTO,2022,83.8
Trinidad and Tobago,TTO,2023,84.1
Trinidad and Tobago,TTO,2024,84.6
Tunisia,TUN,1990,20.2
Tunisia,TUN,1991,21
Tunisia,TUN,1992,21.9
Tunisia,TUN,1993,22.7
Tunisia,TUN,1994,23.6
Tunisia,TUN,1995,24.6
Tunisia,TUN,1996,25.5
Tunisia,TUN,1997,26.5
Tunisia,TUN,1998,27.7
Tunisia,TUN,1999,29
Tunisia,TUN,2000,30.6
Tunisia,TUN,2001,32.2
Tunisia,TUN,2002,34.1
Tunisia,TUN,2003,36.2
Tunisia,TUN,2004,38.2
Tunisia,TUN,2005,40
Tunisia,TUN,2006,41.5
Tunisia,TUN,2007,42.9
Tunisia,TUN,2008,44.5
Tunisia,TUN,2009,46.2
Tunisia,TUN,2010,47.5
Tunisia,TUN,2011,48.6
Tunisia,TUN,2012,49.3
Tunisia,TUN,2013,50.1
Tunisia,TUN,2014,50.9
Tunisia,TUN,2015,51.7
Tunisia,TUN,2016,52.3
Tunisia,TUN,2017,53
Tunisia,TUN,2018,53.9
Tunisia,TUN,2019,54.7
Tunisia,TUN,2020,55.6
Tunisia,TUN,2021,56.3
Tunisia,TUN,2022,57.1
Tunisia,TUN,2023,58.1
Tunisia,TUN,2024,59.3
Turkey,TUR,1990,19.3
Turkey,TUR,1991,19.9
Turkey,TUR,1992,20.4
Turkey,TUR,1993,21.1
Turkey,TUR,1994,21.9
Turkey,TUR,1995,23.6
Turkey,TUR,1996,25.5
Turkey,TUR,1997,27.4
Turkey,TUR,1998,29.2
Turkey,TUR,1999,31.1
Turkey,TUR,2000,32.4
Turkey,TUR,2001,33.6
Turkey,TUR,2002,34.4
Turkey,TUR,2003,35.7
Turkey,TUR,2004,37.5
Turkey,TUR,2005,39.9
Turkey,TUR,2006,42.4
Turkey,TUR,2007,44.8
Turkey,TUR,2008,47.2
Turkey,TUR,2009,49.4
Turkey,TUR,2010,51.6
Turkey,TUR,2011,53.6
Turkey,TUR,2012,55.2
Turkey,TUR,2013,56.5
Turkey,TUR,2014,57.4
Turkey,TUR,2015,58.5
Turkey,TUR,2016,60
Turkey,TUR,2017,62
Turkey,TUR,2018,64
Turkey,TUR,2019,65.9
Turkey,TUR,2020,67.1
Turkey,TUR,2021,68.2
Turkey,TUR,2022,69.1
Turkey,TUR,2023,70.3
Turkey,TUR,2024,71.4
Turkmenistan,TKM,1990,93.4
Turkmenistan,TKM,1991,93.4
Turkmenistan,TKM,1992,93.3
Turkmenistan,TKM,1993,93.2
Turkmenistan,TKM,1994,93.1
Turkmenistan,TKM,1995,93
Turkmenistan,TKM,1996,92.9
Turkmenistan,TKM,1997,92.7
Turkmenistan,TKM,1998,92.5
Turkmenistan,TKM,1999,92.3
Turkmenistan,TKM,2000,92.2
Turkmenistan,TKM,2001,92.3
Turkmenistan,TKM,2002,92.4
Turkmenistan,TKM,2003,92.5
Turkmenistan,TKM,2004,92.6
Turkmenistan,TKM,2005,92.7
Turkmenistan,TKM,2006,92.8
Turkmenistan,TKM,2007,92.9
Turkmenistan,TKM,2008,93
Turkmenistan,TKM,2009,93.1
Turkmenistan,TKM,2010,93.2
Turkmenistan,TKM,2011,93.3
Turkmenistan,TKM,2012,93.4
Turkmenistan,TKM,2013,93.5
Turkmenistan,TKM,2014,93.5
Turkmenistan,TKM,2015,93.7
Turkmenistan,TKM,2016,93.8
Turkmenistan,TKM,2017,93.9
Turkmenistan,TKM,2018,94
Turkmenistan,TKM,2019,94.1
Turkmenistan,TKM,2020,94.2
Turkmenistan,TKM,2021,94.3
Turkmenistan,TKM,2022,94.4
Turkmenistan,TKM,2023,94.5
Turkmenistan,TKM,2024,94.5
Tuvalu,TUV,1990,26.7
Tuvalu,TUV,1991,27.3
Tuvalu,TUV,1992,27.9
Tuvalu,TUV,1993,28.5
Tuvalu,TUV,1994,29.2
Tuvalu,TUV,1995,30.1
Tuvalu,TUV,1996,30.6
Tuvalu,TUV,1997,31.3
Tuvalu,TUV,1998,32
Tuvalu,TUV,1999,32.9
Tuvalu,TUV,2000,33.4
Tuvalu,TUV,2001,34.1
Tuvalu,TUV,2002,34.8
Tuvalu,TUV,2003,35.6
Tuvalu,TUV,2004,36.4
Tuvalu,TUV,2005,37.2
Tuvalu,TUV,2006,38
Tuvalu,TUV,2007,39
Tuvalu,TUV,2008,40
Tuvalu,TUV,2009,41
Tuvalu,TUV,2010,42.1
Tuvalu,TUV,2011,43.2
Tuvalu,TUV,2012,44.3
Tuvalu,TUV,2013,45.5
Tuvalu,TUV,2014,46.5
Tuvalu,TUV,2015,47.6
Tuvalu,TUV,2016,48.7
Tuvalu,TUV,2017,49.6
Tuvalu,TUV,2018,50.2
Tuvalu,TUV,2019,51.1
Tuvalu,TUV,2020,51.8
Tuvalu,TUV,2021,52.6
Tuvalu,TUV,2022,53.5
Tuvalu,TUV,2023,54.3
Tuvalu,TUV,2024,55.2
Uganda,UGA,1990,7.4
Uganda,UGA,1991,7.5
Uganda,UGA,1992,7.5
Uganda,UGA,1993,7.4
Uganda,UGA,1994,7.3
Uganda,UGA,1995,7.3
Uganda,UGA,1996,7.7
Uganda,UGA,1997,8.2
Uganda,UGA,1998,8.7
Uganda,UGA,1999,9
Uganda,UGA,2000,9.2
Uganda,UGA,2001,9.4
Uganda,UGA,2002,9.9
Uganda,UGA,2003,10.4
Uganda,UGA,2004,11
Uganda,UGA,2005,11.6
Uganda,UGA,2006,12.1
Uganda,UGA,2007,12.6
Uganda,UGA,2008,13.2
Uganda,UGA,2009,13.9
Uganda,UGA,2010,14.7
Uganda,UGA,2011,15.4
Uganda,UGA,2012,15.9
Uganda,UGA,2013,16.2
Uganda,UGA,2014,16.2
Uganda,UGA,2015,15.9
Uganda,UGA,2016,15.4
Uganda,UGA,2017,15.2
Uganda,UGA,2018,15.3
Uganda,UGA,2019,15.5
Uganda,UGA,2020,15.8
Uganda,UGA,2021,16
Uganda,UGA,2022,16.4
Uganda,UGA,2023,16.8
Uganda,UGA,2024,17.2
Ukraine,UKR,1990,80.1
Ukraine,UKR,1991,80.9
Ukraine,UKR,1992,81.7
Ukraine,UKR,1993,82.6
Ukraine,UKR,1994,83.5
Ukraine,UKR,1995,84.4
Ukraine,UKR,1996,85.3
Ukraine,UKR,1997,86.3
Ukraine,UKR,1998,87.2
Ukraine,UKR,1999,88
Ukraine,UKR,2000,88.8
Ukraine,UKR,2001,89.6
Ukraine,UKR,2002,90.3
Ukraine,UKR,2003,91
Ukraine,UKR,2004,91.7
Ukraine,UKR,2005,92.3
Ukraine,UKR,2006,92.8
Ukraine,UKR,2007,93.1
Ukraine,UKR,2008,93.4
Ukraine,UKR,2009,93.6
Ukraine,UKR,2010,93.7
Ukraine,UKR,2011,94
Ukraine,UKR,2012,94.2
Ukraine,UKR,2013,94.4
Ukraine,UKR,2014,94.7
Ukraine,UKR,2015,95
Ukraine,UKR,2016,95.3
Ukraine,UKR,2017,95.5
Ukraine,UKR,2018,95.8
Ukraine,UKR,2019,96
Ukraine,UKR,2020,96.3
Ukraine,UKR,2021,96.5
Ukraine,UKR,2022,96.7
Ukraine,UKR,2023,96.9
Ukraine,UKR,2024,97.1
United Kingdom,GBR,1990,85
United Kingdom,GBR,1991,85.4
United Kingdom,GBR,1992,85.8
United Kingdom,GBR,1993,86.1
United Kingdom,GBR,1994,86.5
United Kingdom,GBR,1995,86.8
United Kingdom,GBR,1996,87
United Kingdom,GBR,1997,87.2
United Kingdom,GBR,1998,87.3
United Kingdom,GBR,1999,87.3
United Kingdom,GBR,2000,87.4
United Kingdom,GBR,2001,87.4
United Kingdom,GBR,2002,87.5
United Kingdom,GBR,2003,87.5
United Kingdom,GBR,2004,87.5
United Kingdom,GBR,2005,87.5
United Kingdom,GBR,2006,87.5
United Kingdom,GBR,2007,87.6
United Kingdom,GBR,2008,87.6
United Kingdom,GBR,2009,87.6
United Kingdom,GBR,2010,87.6
United Kingdom,GBR,2011,87.7
United Kingdom,GBR,2012,87.8
United Kingdom,GBR,2013,88
United Kingdom,GBR,2014,88.2
United Kingdom,GBR,2015,88.4
United Kingdom,GBR,2016,88.5
United Kingdom,GBR,2017,88.7
United Kingdom,GBR,2018,88.9
United Kingdom,GBR,2019,89.1
United Kingdom,GBR,2020,89.2
United Kingdom,GBR,2021,89.4
United Kingdom,GBR,2022,89.7
United Kingdom,GBR,2023,89.8
United Kingdom,GBR,2024,90
United States,USA,1990,89
United States,USA,1991,88.9
United States,USA,1992,88.6
United States,USA,1993,88.3
United States,USA,1994,88.1
United States,USA,1995,88
United States,USA,1996,87.9
United States,USA,1997,87.8
United States,USA,1998,87.7
United States,USA,1999,87.8
United States,USA,2000,88.1
United States,USA,2001,88.2
United States,USA,2002,88.4
United States,USA,2003,88.5
United States,USA,2004,88.8
United States,USA,2005,89.2
United States,USA,2006,89.6
United States,USA,2007,89.9
United States,USA,2008,90.1
United States,USA,2009,90.5
United States,USA,2010,90.9
United States,USA,2011,91.3
United States,USA,2012,91.6
United States,USA,2013,91.9
United States,USA,2014,92.2
United States,USA,2015,92.5
United States,USA,2016,92.6
United States,USA,2017,92.6
United States,USA,2018,92.6
United States,USA,2019,92.8
United States,USA,2020,93
United States,USA,2021,93
United States,USA,2022,93.1
United States,USA,2023,93.1
United States,USA,2024,93.2
Uruguay,URY,1990,34.4
Uruguay,URY,1991,34.2
Uruguay,URY,1992,34.1
Uruguay,URY,1993,34
Uruguay,URY,1994,33.7
Uruguay,URY,1995,33.4
Uruguay,URY,1996,33.1
Uruguay,URY,1997,33
Uruguay,URY,1998,33.2
Uruguay,URY,1999,33.9
Uruguay,URY,2000,34.7
Uruguay,URY,2001,35.8
Uruguay,URY,2002,36.5
Uruguay,URY,2003,36.9
Uruguay,URY,2004,37
Uruguay,URY,2005,37
Uruguay,URY,2006,37.2
Uruguay,URY,2007,37.3
Uruguay,URY,2008,37.5
Uruguay,URY,2009,37.8
Uruguay,URY,2010,38.1
Uruguay,URY,2011,38.5
Uruguay,URY,2012,39.2
Uruguay,URY,2013,39.7
Uruguay,URY,2014,40.1
Uruguay,URY,2015,40.6
Uruguay,URY,2016,40.8
Uruguay,URY,2017,41.2
Uruguay,URY,2018,41.6
Uruguay,URY,2019,42
Uruguay,URY,2020,42.4
Uruguay,URY,2021,42.7
Uruguay,URY,2022,43
Uruguay,URY,2023,43.3
Uruguay,URY,2024,43.7
Uzbekistan,UZB,1990,45
Uzbekistan,UZB,1991,45.3
Uzbekistan,UZB,1992,46
Uzbekistan,UZB,1993,47.1
Uzbekistan,UZB,1994,48.6
Uzbekistan,UZB,1995,50.5
Uzbekistan,UZB,1996,52.4
Uzbekistan,UZB,1997,54.1
Uzbekistan,UZB,1998,55.4
Uzbekistan,UZB,1999,56.5
Uzbekistan,UZB,2000,57.7
Uzbekistan,UZB,2001,59.6
Uzbekistan,UZB,2002,62.2
Uzbekistan,UZB,2003,65.1
Uzbekistan,UZB,2004,67.9
Uzbekistan,UZB,2005,70.4
Uzbekistan,UZB,2006,72.6
Uzbekistan,UZB,2007,74.2
Uzbekistan,UZB,2008,75.6
Uzbekistan,UZB,2009,76.9
Uzbekistan,UZB,2010,78.6
Uzbekistan,UZB,2011,80.8
Uzbekistan,UZB,2012,83.4
Uzbekistan,UZB,2013,86.3
Uzbekistan,UZB,2014,89.2
Uzbekistan,UZB,2015,91.7
Uzbekistan,UZB,2016,93.8
Uzbekistan,UZB,2017,95.3
Uzbekistan,UZB,2018,96.4
Uzbekistan,UZB,2019,97.2
Uzbekistan,UZB,2020,97.7
Uzbekistan,UZB,2021,98.1
Uzbekistan,UZB,2022,98.4
Uzbekistan,UZB,2023,98.6
Uzbekistan,UZB,2024,98.8
Vanuatu,VUT,1990,5.7
Vanuatu,VUT,1991,5.8
Vanuatu,VUT,1992,5.8
Vanuatu,VUT,1993,5.8
Vanuatu,VUT,1994,5.9
Vanuatu,VUT,1995,6
Vanuatu,VUT,1996,6.1
Vanuatu,VUT,1997,6.2
Vanuatu,VUT,1998,6.4
Vanuatu,VUT,1999,6.5
Vanuatu,VUT,2000,6.6
Vanuatu,VUT,2001,6.8
Vanuatu,VUT,2002,6.9
Vanuatu,VUT,2003,7.2
Vanuatu,VUT,2004,7.3
Vanuatu,VUT,2005,7.5
Vanuatu,VUT,2006,7.7
Vanuatu,VUT,2007,7.9
Vanuatu,VUT,2008,8.1
Vanuatu,VUT,2009,8.3
Vanuatu,VUT,2010,8.4
Vanuatu,VUT,2011,8.7
Vanuatu,VUT,2012,8.9
Vanuatu,VUT,2013,9
Vanuatu,VUT,2014,9.2
Vanuatu,VUT,2015,9.4
Vanuatu,VUT,2016,9.6
Vanuatu,VUT,2017,9.8
Vanuatu,VUT,2018,10
Vanuatu,VUT,2019,10.2
Vanuatu,VUT,2020,10.4
Vanuatu,VUT,2021,10.7
Vanuatu,VUT,2022,10.8
Vanuatu,VUT,2023,11.1
Vanuatu,VUT,2024,11.3
Venezuela,VEN,1990,27.2
Venezuela,VEN,1991,27.8
Venezuela,VEN,1992,28
Venezuela,VEN,1993,28.3
Venezuela,VEN,1994,28.4
Venezuela,VEN,1995,28.9
Venezuela,VEN,1996,29.1
Venezuela,VEN,1997,29.6
Venezuela,VEN,1998,30.2
Venezuela,VEN,1999,31
Venezuela,VEN,2000,31.8
Venezuela,VEN,2001,32.8
Venezuela,VEN,2002,33.6
Venezuela,VEN,2003,34.2
Venezuela,VEN,2004,34.7
Venezuela,VEN,2005,35.1
Venezuela,VEN,2006,35.6
Venezuela,VEN,2007,36.1
Venezuela,VEN,2008,36.6
Venezuela,VEN,2009,37.2
Venezuela,VEN,2010,37.6
Venezuela,VEN,2011,38.1
Venezuela,VEN,2012,38.6
Venezuela,VEN,2013,39.2
Venezuela,VEN,2014,39.8
Venezuela,VEN,2015,40.2
Venezuela,VEN,2016,40.8
Venezuela,VEN,2017,41.3
Venezuela,VEN,2018,41.9
Venezuela,VEN,2019,42.3
Venezuela,VEN,2020,42.9
Venezuela,VEN,2021,43.3
Venezuela,VEN,2022,43.8
Venezuela,VEN,2023,44.4
Venezuela,VEN,2024,44.9
Vietnam,VNM,1990,30.6
Vietnam,VNM,1991,31.4
Vietnam,VNM,1992,31.8
Vietnam,VNM,1993,31.7
Vietnam,VNM,1994,31
Vietnam,VNM,1995,30.2
Vietnam,VNM,1996,29.5
Vietnam,VNM,1997,29.6
Vietnam,VNM,1998,30.6
Vietnam,VNM,1999,32.3
Vietnam,VNM,2000,34.4
Vietnam,VNM,2001,36.8
Vietnam,VNM,2002,39.4
Vietnam,VNM,2003,41.8
Vietnam,VNM,2004,44.1
Vietnam,VNM,2005,46
Vietnam,VNM,2006,47.4
Vietnam,VNM,2007,48.7
Vietnam,VNM,2008,50.4
Vietnam,VNM,2009,52.6
Vietnam,VNM,2010,54.6
Vietnam,VNM,2011,56.2
Vietnam,VNM,2012,57.4
Vietnam,VNM,2013,58.4
Vietnam,VNM,2014,59.2
Vietnam,VNM,2015,59.7
Vietnam,VNM,2016,59.8
Vietnam,VNM,2017,58.9
Vietnam,VNM,2018,56.8
Vietnam,VNM,2019,54.3
Vietnam,VNM,2020,52.5
Vietnam,VNM,2021,51.9
Vietnam,VNM,2022,52.2
Vietnam,VNM,2023,52.6
Vietnam,VNM,2024,53.3
Yemen,YEM,1990,14
Yemen,YEM,1991,14.9
Yemen,YEM,1992,15.8
Yemen,YEM,1993,16.7
Yemen,YEM,1994,17.6
Yemen,YEM,1995,18.3
Yemen,YEM,1996,19.1
Yemen,YEM,1997,19.9
Yemen,YEM,1998,20.6
Yemen,YEM,1999,21.5
Yemen,YEM,2000,22.4
Yemen,YEM,2001,23.3
Yemen,YEM,2002,24.1
Yemen,YEM,2003,24.8
Yemen,YEM,2004,25.5
Yemen,YEM,2005,26
Yemen,YEM,2006,26.3
Yemen,YEM,2007,26.6
Yemen,YEM,2008,26.9
Yemen,YEM,2009,27.1
Yemen,YEM,2010,27.3
Yemen,YEM,2011,27.5
Yemen,YEM,2012,28
Yemen,YEM,2013,28.7
Yemen,YEM,2014,29.5
Yemen,YEM,2015,30.7
Yemen,YEM,2016,31.8
Yemen,YEM,2017,32.8
Yemen,YEM,2018,33.6
Yemen,YEM,2019,34.1
Yemen,YEM,2020,34.9
Yemen,YEM,2021,35.8
Yemen,YEM,2022,36.9
Yemen,YEM,2023,38
Yemen,YEM,2024,39
Zambia,ZMB,1990,13.5
Zambia,ZMB,1991,13.5
Zambia,ZMB,1992,13.7
Zambia,ZMB,1993,13.7
Zambia,ZMB,1994,13.7
Zambia,ZMB,1995,13.6
Zambia,ZMB,1996,13.8
Zambia,ZMB,1997,14
Zambia,ZMB,1998,14.2
Zambia,ZMB,1999,14.5
Zambia,ZMB,2000,15
Zambia,ZMB,2001,15.4
Zambia,ZMB,2002,15.7
Zambia,ZMB,2003,16
Zambia,ZMB,2004,16.4
Zambia,ZMB,2005,17
Zambia,ZMB,2006,17.7
Zambia,ZMB,2007,18.5
Zambia,ZMB,2008,19.2
Zambia,ZMB,2009,19.9
Zambia,ZMB,2010,20.7
Zambia,ZMB,2011,21.6
Zambia,ZMB,2012,22.7
Zambia,ZMB,2013,23.5
Zambia,ZMB,2014,24.2
Zambia,ZMB,2015,25
Zambia,ZMB,2016,25.6
Zambia,ZMB,2017,26.2
Zambia,ZMB,2018,26.8
Zambia,ZMB,2019,27.4
Zambia,ZMB,2020,27.9
Zambia,ZMB,2021,28.4
Zambia,ZMB,2022,28.8
Zambia,ZMB,2023,29.4
Zambia,ZMB,2024,29.8
Zimbabwe,ZWE,1990,11.2
Zimbabwe,ZWE,1991,11.2
Zimbabwe,ZWE,1992,11.2
Zimbabwe,ZWE,1993,11.1
Zimbabwe,ZWE,1994,10.7
Zimbabwe,ZWE,1995,10.1
Zimbabwe,ZWE,1996,9.6
Zimbabwe,ZWE,1997,9.4
Zimbabwe,ZWE,1998,9.4
Zimbabwe,ZWE,1999,9.5
Zimbabwe,ZWE,2000,9.6
Zimbabwe,ZWE,2001,9.6
Zimbabwe,ZWE,2002,9.6
Zimbabwe,ZWE,2003,9.7
Zimbabwe,ZWE,2004,9.9
Zimbabwe,ZWE,2005,10
Zimbabwe,ZWE,2006,10.2
Zimbabwe,ZWE,2007,10.3
Zimbabwe,ZWE,2008,10.3
Zimbabwe,ZWE,2009,10.1
Zimbabwe,ZWE,2010,9.7
Zimbabwe,ZWE,2011,9.2
Zimbabwe,ZWE,2012,8.9
Zimbabwe,ZWE,2013,8.6
Zimbabwe,ZWE,2014,8.5
Zimbabwe,ZWE,2015,8.4
Zimbabwe,ZWE,2016,8.2
Zimbabwe,ZWE,2017,8
Zimbabwe,ZWE,2018,7.8
Zimbabwe,ZWE,2019,7.7
Zimbabwe,ZWE,2020,7.7
Zimbabwe,ZWE,2021,7.7
Zimbabwe,ZWE,2022,7.8
Zimbabwe,ZWE,2023,7.9
Zimbabwe,ZWE,2024,8