Unnamed: 0;iso_code;country;year;region;compl_primary;out_primary
914;AGO;Angola;2015;Bengo;0.537699997425079;0.320100009441376
915;AGO;Angola;2015;Benguela;0.616800010204315;0.206900000572205
916;AGO;Angola;2015;Bie;0.410400003194809;0.324699997901917
917;AGO;Angola;2015;Cabinda;0.690500020980835;0.171200007200241
918;AGO;Angola;2015;Cuando Cubango;0.263300001621246;0.473300009965897
919;AGO;Angola;2015;Cuanza Norte;0.558399975299835;0.287900000810623
920;AGO;Angola;2015;Cuanza Sul;0.337599992752075;0.427599996328354
921;AGO;Angola;2015;Cunene;0.366699993610382;0.359100013971329
922;AGO;Angola;2015;Huambo;0.488599985837936;0.248600006103516
923;AGO;Angola;2015;Huila;0.407099992036819;0.23870000243187
924;AGO;Angola;2015;Luanda;0.809099972248077;0.130300000309944
925;AGO;Angola;2015;Lunda Norte;0.338800013065338;0.42960000038147
926;AGO;Angola;2015;Lunda Sul;0.454800009727478;0.240500003099442
927;AGO;Angola;2015;Malanje;0.534600019454956;0.251800000667572
928;AGO;Angola;2015;Moxico;0.474400013685226;0.392199993133545
929;AGO;Angola;2015;Namibe;0.647899985313416;0.19030000269413
930;AGO;Angola;2015;Uige;0.447499990463257;0.31580001115799
931;AGO;Angola;2015;Zaire;0.688899993896484;0.283899992704391
2232;BDI;Burundi;2010;Bujumbura;0.592299997806549;0.065700002014637
2233;BDI;Burundi;2010;Centre East;0.332199990749359;0.156100004911423
2234;BDI;Burundi;2010;Nord;0.300300002098083;0.191100001335144
2235;BDI;Burundi;2010;Ouest;0.41100001335144;0.171700000762939
2236;BDI;Burundi;2010;Sud;0.495000004768372;0.115000002086163
2421;BDI;Burundi;2000;Centre;;
2422;BDI;Burundi;2000;Est;;
2423;BDI;Burundi;2000;Nord;;
2424;BDI;Burundi;2000;Ouest;;
2425;BDI;Burundi;2000;Sud;;
2518;BDI;Burundi;2005;Centre;;
2519;BDI;Burundi;2005;Est;;
2520;BDI;Burundi;2005;Nord;;
2521;BDI;Burundi;2005;Ouest;;
2522;BDI;Burundi;2005;Sud;;
2677;BEN;Benin;2001;Atacora;0.221100002527237;0.569199979305267
2678;BEN;Benin;2001;Atlantique;0.483399987220764;0.247899994254112
2679;BEN;Benin;2001;Borgou;0.287900000810623;0.488900005817413
2680;BEN;Benin;2001;Mono;0.25110000371933;0.382099986076355
2681;BEN;Benin;2001;Oueme;0.319599986076355;0.332800000905991
2682;BEN;Benin;2001;Zou;0.291799992322922;0.441199988126755
2813;BEN;Benin;2006;Alibori;0.157800003886223;0.676400005817413
2814;BEN;Benin;2006;Atacora;0.333299994468689;0.453000009059906
2815;BEN;Benin;2006;Atlantique;0.539900004863739;0.259400010108948
2816;BEN;Benin;2006;Borgou;0.427899986505508;0.412299990653992
2817;BEN;Benin;2006;Collines;0.528900027275085;0.236200004816055
2818;BEN;Benin;2006;Couffo;0.528500020503998;0.26350000500679
2819;BEN;Benin;2006;Donga;0.439399987459183;0.358300000429153
2820;BEN;Benin;2006;Littoral;0.705999970436096;0.143999993801117
2821;BEN;Benin;2006;Mono;0.561699986457825;0.225999996066093
2822;BEN;Benin;2006;Oueme;0.591099977493286;0.219600006937981
2823;BEN;Benin;2006;Plateau;0.421499997377396;0.396499991416931
2824;BEN;Benin;2006;Zou;0.476999998092651;0.284299999475479
3149;BEN;Benin;2014;Alibori;0.232700005173683;0.61080002784729
3150;BEN;Benin;2014;Atacora;0.413500010967255;0.328900009393692
3151;BEN;Benin;2014;Atlantique;0.61379998922348;0.119699999690056
3152;BEN;Benin;2014;Borgou;0.440400004386902;0.44990000128746
3153;BEN;Benin;2014;Collines;0.630699992179871;0.18809999525547
3154;BEN;Benin;2014;Couffo;0.483399987220764;0.277799993753433
3155;BEN;Benin;2014;Donga;0.486900001764297;0.259299993515015
3156;BEN;Benin;2014;Littoral;0.752600014209747;0.0744000002741814
3157;BEN;Benin;2014;Mono;0.651000022888184;0.101499997079372
3158;BEN;Benin;2014;Oueme;0.678300023078918;0.128099992871284
3159;BEN;Benin;2014;Plateau;0.53549998998642;0.221499994397163
3160;BEN;Benin;2014;Zou;0.575600028038025;0.172700002789497
3452;BFA;Burkina Faso;2003;Boucle De Mouhoun;0.21340000629425;0.692300021648407
3453;BFA;Burkina Faso;2003;Cascades;0.304800003767014;0.64630001783371
3454;BFA;Burkina Faso;2003;Centre (Sans Ouagadougou);0.217899993062019;0.519299983978271
3455;BFA;Burkina Faso;2003;Centre Est;0.309300005435944;0.674700021743774
3456;BFA;Burkina Faso;2003;Centre Nord;0.179399996995926;0.712800025939941
3457;BFA;Burkina Faso;2003;Centre Ouest;0.308800011873245;0.66619998216629
3458;BFA;Burkina Faso;2003;Centre Sud;0.195800006389618;0.626600027084351
3459;BFA;Burkina Faso;2003;Est;0.0509999990463257;0.859300017356873
3460;BFA;Burkina Faso;2003;Hauts Bassins;0.248099997639656;0.625699996948242
3461;BFA;Burkina Faso;2003;Nord;0.141399994492531;0.723699986934662
3462;BFA;Burkina Faso;2003;Ouagadougou;0.594399988651276;0.146200001239777
3463;BFA;Burkina Faso;2003;Plateau Central;0.200800001621246;0.659900009632111
3464;BFA;Burkina Faso;2003;Sahel;0.0546999983489513;0.810500025749207
3465;BFA;Burkina Faso;2003;Sud Ouest;0.256900012493134;0.754000008106232
3803;BFA;Burkina Faso;2010;Boucle De Mouhoun;0.256500005722046;0.527300000190735
3804;BFA;Burkina Faso;2010;Cascades;0.33899998664856;0.380100011825562
3805;BFA;Burkina Faso;2010;Centre;0.588199973106384;0.153300002217293
3806;BFA;Burkina Faso;2010;Centre Est;0.283100008964539;0.534799993038177
3807;BFA;Burkina Faso;2010;Centre Nord;0.157299995422363;0.53030002117157
3808;BFA;Burkina Faso;2010;Centre Ouest;0.309599995613098;0.473800003528595
3809;BFA;Burkina Faso;2010;Centre Sud;0.383300006389618;0.380899995565414
3810;BFA;Burkina Faso;2010;Est;0.16889999806881;0.663800001144409
3811;BFA;Burkina Faso;2010;Hauts Bassins;0.388900011777878;0.36379998922348
3812;BFA;Burkina Faso;2010;Nord;0.287999987602234;0.383300006389618
3813;BFA;Burkina Faso;2010;Plateau Central;0.298599988222122;0.393799990415573
3814;BFA;Burkina Faso;2010;Sahel;0.0921000018715858;0.766600012779236
3815;BFA;Burkina Faso;2010;Sud Ouest;0.207399994134903;0.636600017547607
4151;BFA;Burkina Faso;2006;Boucle De Mouhoun;;
4152;BFA;Burkina Faso;2006;Cascades;;
4153;BFA;Burkina Faso;2006;Centre;;
4154;BFA;Burkina Faso;2006;Centre Est;;
4155;BFA;Burkina Faso;2006;Centre Nord;;
4156;BFA;Burkina Faso;2006;Centre Ouest;;
4157;BFA;Burkina Faso;2006;Centre Sud;;
4158;BFA;Burkina Faso;2006;Est;;
4159;BFA;Burkina Faso;2006;Hauts Bassins;;
4160;BFA;Burkina Faso;2006;Nord;;
4161;BFA;Burkina Faso;2006;Plateau Central;;
4162;BFA;Burkina Faso;2006;Sahel;;
4163;BFA;Burkina Faso;2006;Sud Ouest;;
11003;CAF;Central African Republic;2000;Baminigui Bangoran;;
11004;CAF;Central African Republic;2000;Bangui;;
11005;CAF;Central African Republic;2000;Basse Kotto;;
11006;CAF;Central African Republic;2000;Haut Mbomou;;
11007;CAF;Central African Republic;2000;Haute Kotto;;
11008;CAF;Central African Republic;2000;Kemo;;
11009;CAF;Central African Republic;2000;Lobaye;;
11010;CAF;Central African Republic;2000;Mambere Kadei;;
11011;CAF;Central African Republic;2000;Mbomou;;
11012;CAF;Central African Republic;2000;Nana Grebizi;;
11013;CAF;Central African Republic;2000;Nana Mambere;;
11014;CAF;Central African Republic;2000;Ombella M'Poko;;
11015;CAF;Central African Republic;2000;Ouaka;;
11016;CAF;Central African Republic;2000;Ouham;;
11017;CAF;Central African Republic;2000;Ouham Pende;;
11018;CAF;Central African Republic;2000;Sangha Mbaere;;
11019;CAF;Central African Republic;2000;Vakaga;;
11216;CAF;Central African Republic;2006;Baminigui Bangoran;;
11217;CAF;Central African Republic;2006;Bangui;;
11218;CAF;Central African Republic;2006;Basse Kotto;;
11219;CAF;Central African Republic;2006;Haut Mbomou;;
11220;CAF;Central African Republic;2006;Haute Kotto;;
11221;CAF;Central African Republic;2006;Lobaye;;
11222;CAF;Central African Republic;2006;Mambere Kadei;;
11223;CAF;Central African Republic;2006;Mbomou;;
11224;CAF;Central African Republic;2006;Nana Mambere;;
11225;CAF;Central African Republic;2006;Ombella M'Poko;;
11226;CAF;Central African Republic;2006;Ouaka;;
11227;CAF;Central African Republic;2006;Ouham;;
11228;CAF;Central African Republic;2006;Ouham Pende;;
11229;CAF;Central African Republic;2006;Sangha Mbaere;;
11459;CAF;Central African Republic;2010;Baminigui Bangoran;0.511799991130829;0.186100006103516
11460;CAF;Central African Republic;2010;Bangui;0.743900001049042;0.0706999972462654
11461;CAF;Central African Republic;2010;Basse Kotto;0.217199996113777;0.360599994659424
11462;CAF;Central African Republic;2010;Haut Mbomou;0.380299985408783;0.283899992704391
11463;CAF;Central African Republic;2010;Haute Kotto;0.29449999332428;0.232099995017052
11464;CAF;Central African Republic;2010;Kemo;0.375200003385544;0.271600008010864
11465;CAF;Central African Republic;2010;Lobaye;0.392500013113022;0.266299992799759
11466;CAF;Central African Republic;2010;Mambere Kadei;0.314599990844727;0.409900009632111
11467;CAF;Central African Republic;2010;Mbomou;0.289400011301041;0.264299988746643
11468;CAF;Central African Republic;2010;Nana Grebizi;0.451299995183945;0.211199998855591
11469;CAF;Central African Republic;2010;Nana Mambere;0.280699998140335;0.386799991130829
11470;CAF;Central African Republic;2010;Ombella M'Poko;0.393799990415573;0.237700000405312
11471;CAF;Central African Republic;2010;Ouaka;0.288599997758865;0.326299995183945
11472;CAF;Central African Republic;2010;Ouham;0.241799995303154;0.381300002336502
11473;CAF;Central African Republic;2010;Ouham Pende;0.304100006818771;0.219400003552437
11474;CAF;Central African Republic;2010;Sangha Mbaere;0.417699992656708;0.349000006914139
11475;CAF;Central African Republic;2010;Vakaga;;0.165800005197525
13622;CIV;Côte d'Ivoire;2012;Centre;0.443300008773804;0.353799998760223
13623;CIV;Côte d'Ivoire;2012;Centre Est;0.435600012540817;0.331099987030029
13624;CIV;Côte d'Ivoire;2012;Centre Nord;0.45890000462532;0.296299993991852
13625;CIV;Côte d'Ivoire;2012;Centre Ouest;0.391499996185303;0.342099994421005
13626;CIV;Côte d'Ivoire;2012;Nord;0.294900000095367;0.503099977970123
13627;CIV;Côte d'Ivoire;2012;Nord Est;0.384200006723404;0.372000008821487
13628;CIV;Côte d'Ivoire;2012;Nord Ouest;0.193900004029274;0.448100000619888
13629;CIV;Côte d'Ivoire;2012;Ouest;0.32370001077652;0.306100010871887
13630;CIV;Côte d'Ivoire;2012;Sud (Sans Ville D'Abidjan);0.540199995040894;0.213799998164177
13631;CIV;Côte d'Ivoire;2012;Sud Ouest;0.373100012540817;0.395599991083145
13632;CIV;Côte d'Ivoire;2012;Ville D'Abidjan;0.588100016117096;0.176599994301796
13917;CIV;Côte d'Ivoire;2000;Centre;;
13918;CIV;Côte d'Ivoire;2000;Centre Est;;
13919;CIV;Côte d'Ivoire;2000;Centre Nord;;
13920;CIV;Côte d'Ivoire;2000;Centre Ouest;;
13921;CIV;Côte d'Ivoire;2000;Nord;;
13922;CIV;Côte d'Ivoire;2000;Nord Est;;
13923;CIV;Côte d'Ivoire;2000;Nord Ouest;;
13924;CIV;Côte d'Ivoire;2000;Ouest;;
13925;CIV;Côte d'Ivoire;2000;Sud (Sans Ville D'Abidjan);;
13926;CIV;Côte d'Ivoire;2000;Sud Ouest;;
13927;CIV;Côte d'Ivoire;2000;Ville D'Abidjan;;
14126;CIV;Côte d'Ivoire;2006;Centre;;
14127;CIV;Côte d'Ivoire;2006;Centre Est;;
14128;CIV;Côte d'Ivoire;2006;Centre Nord;;
14129;CIV;Côte d'Ivoire;2006;Centre Ouest;;
14130;CIV;Côte d'Ivoire;2006;Nord;;
14131;CIV;Côte d'Ivoire;2006;Nord Est;;
14132;CIV;Côte d'Ivoire;2006;Nord Ouest;;
14133;CIV;Côte d'Ivoire;2006;Ouest;;
14134;CIV;Côte d'Ivoire;2006;Sud (Sans Ville D'Abidjan);;
14135;CIV;Côte d'Ivoire;2006;Sud Ouest;;
14136;CIV;Côte d'Ivoire;2006;Ville D'Abidjan;;
14433;CIV;Côte d'Ivoire;2016;Centre;0.647599995136261;0.177799999713898
14434;CIV;Côte d'Ivoire;2016;Centre Est;0.484200000762939;0.219200000166893
14435;CIV;Côte d'Ivoire;2016;Centre Nord;0.605799973011017;0.225400000810623
14436;CIV;Côte d'Ivoire;2016;Centre Ouest;0.521200001239777;0.263099998235703
14437;CIV;Côte d'Ivoire;2016;Nord;0.374199986457825;0.428400009870529
14438;CIV;Côte d'Ivoire;2016;Nord Est;0.541499972343445;0.275000005960464
14439;CIV;Côte d'Ivoire;2016;Nord Ouest;0.316500008106232;0.367599993944168
14440;CIV;Côte d'Ivoire;2016;Ouest;0.49210000038147;0.264999985694885
14441;CIV;Côte d'Ivoire;2016;Sud (Sans Ville D'Abidjan);0.615899980068207;0.17229999601841
14442;CIV;Côte d'Ivoire;2016;Sud Ouest;0.498800009489059;0.266200006008148
14443;CIV;Côte d'Ivoire;2016;Ville D'Abidjan;0.672399997711182;0.104800000786781
14759;CMR;Cameroon;2004;Adamaoua;0.317400008440018;0.303400009870529
14760;CMR;Cameroon;2004;Centre;0.652800023555756;0.0494999997317791
14761;CMR;Cameroon;2004;Douala;0.826399981975555;0.0153000000864267
14762;CMR;Cameroon;2004;Est;0.530200004577637;0.0921000018715858
14763;CMR;Cameroon;2004;Extreme Nord;0.158899992704391;0.397100001573563
14764;CMR;Cameroon;2004;Littoral;0.710300028324127;0.025900000706315
14765;CMR;Cameroon;2004;Nord;0.188999995589256;0.433600008487701
14766;CMR;Cameroon;2004;Nord Ouest;0.790700018405914;0.0500000007450581
14767;CMR;Cameroon;2004;Ouest;0.655099987983704;0.0197000000625849
14768;CMR;Cameroon;2004;Sud;0.732200026512146;0.0285000000149012
14769;CMR;Cameroon;2004;Sud Ouest;0.848599970340729;0.0353999994695187
14770;CMR;Cameroon;2004;Yaounde;0.867900013923645;0.0286999996751547
15096;CMR;Cameroon;2011;Adamaoua;0.492599993944168;0.190699994564056
15097;CMR;Cameroon;2011;Centre;0.814899981021881;0.0168999992311001
15098;CMR;Cameroon;2011;Douala;0.926500022411346;0.0159000009298325
15099;CMR;Cameroon;2011;Est;0.672100007534027;0.102200001478195
15100;CMR;Cameroon;2011;Extreme Nord;0.24779999256134;0.404300004243851
15101;CMR;Cameroon;2011;Littoral;0.873600006103516;0.0087000001221895
15102;CMR;Cameroon;2011;Nord;0.352200001478195;0.281399995088577
15103;CMR;Cameroon;2011;Nord Ouest;0.866400003433228;0.034000001847744
15104;CMR;Cameroon;2011;Ouest;0.873000025749207;0.0148000000044703
15105;CMR;Cameroon;2011;Sud;0.868499994277954;0.0204000007361174
15106;CMR;Cameroon;2011;Sud Ouest;0.890900015830994;0.031199999153614
15107;CMR;Cameroon;2011;Yaounde;0.910300016403198;0.0154999997466803
15368;CMR;Cameroon;2000;Centre Avec Yaounde;;
15369;CMR;Cameroon;2000;Est;;
15370;CMR;Cameroon;2000;Extreme Nord;;
15371;CMR;Cameroon;2000;Littoral Avec Douala;;
15372;CMR;Cameroon;2000;Nord;;
15373;CMR;Cameroon;2000;Nord Ouest;;
15374;CMR;Cameroon;2000;Ouest;;
15375;CMR;Cameroon;2000;Sud;;
15376;CMR;Cameroon;2000;Sud Ouest;;
15511;CMR;Cameroon;2006;Adamaoua;;
15512;CMR;Cameroon;2006;Centre;;
15513;CMR;Cameroon;2006;Douala;;
15514;CMR;Cameroon;2006;Est;;
15515;CMR;Cameroon;2006;Extreme Nord;;
15516;CMR;Cameroon;2006;Littoral;;
15517;CMR;Cameroon;2006;Nord;;
15518;CMR;Cameroon;2006;Nord Ouest;;
15519;CMR;Cameroon;2006;Ouest;;
15520;CMR;Cameroon;2006;Sud;;
15521;CMR;Cameroon;2006;Sud Ouest;;
15522;CMR;Cameroon;2006;Yaounde;;
15813;CMR;Cameroon;2014;Adamaoua;0.524100005626678;0.19930000603199
15814;CMR;Cameroon;2014;Centre;0.869400024414062;0.0215000007301569
15815;CMR;Cameroon;2014;Douala;0.917999982833862;0.0329999998211861
15816;CMR;Cameroon;2014;Est;0.706200003623962;0.133200004696846
15817;CMR;Cameroon;2014;Extreme Nord;0.403499990701675;0.349500000476837
15818;CMR;Cameroon;2014;Littoral;0.941299974918365;0.0129000004380941
15819;CMR;Cameroon;2014;Nord;0.464199990034103;0.256099998950958
15820;CMR;Cameroon;2014;Nord Ouest;0.955099999904633;0.016499999910593
15821;CMR;Cameroon;2014;Ouest;0.905200004577637;0.0093999998643994
15822;CMR;Cameroon;2014;Sud;0.870500028133392;0.0181000009179115
15823;CMR;Cameroon;2014;Sud Ouest;0.955699980258942;0.0248000007122755
15824;CMR;Cameroon;2014;Yaounde;0.939199984073639;0.0038999998942017
16112;COD;D. R. Congo;2007;Bandundu;0.357800006866455;0.357100009918213
16113;COD;D. R. Congo;2007;Bas Congo;0.495299994945526;0.2483000010252
16114;COD;D. R. Congo;2007;Equateur;0.315200001001358;0.375200003385544
16115;COD;D. R. Congo;2007;Kasai Occidental;0.440299987792969;0.331800013780594
16116;COD;D. R. Congo;2007;Kasai Oriental;0.515500009059906;0.238100007176399
16117;COD;D. R. Congo;2007;Katanga;0.492300003767014;0.288800001144409
16118;COD;D. R. Congo;2007;Kinshasa;0.823800027370453;0.104999996721745
16119;COD;D. R. Congo;2007;Maniema;0.384499996900558;0.246299996972084
16120;COD;D. R. Congo;2007;Nord Kivu;0.364800006151199;0.341399997472763
16121;COD;D. R. Congo;2007;Province Orientale;0.331699997186661;0.339300006628036
16122;COD;D. R. Congo;2007;Sud Kivu;0.505100011825562;0.273099988698959
16413;COD;D. R. Congo;2013;Bandundu;0.724799990653992;0.10530000180006
16414;COD;D. R. Congo;2013;Bas Congo;0.606700003147125;0.111299999058247
16415;COD;D. R. Congo;2013;Equateur;0.591300010681152;0.140699997544289
16416;COD;D. R. Congo;2013;Kasai Occidental;0.666499972343445;0.130799993872643
16417;COD;D. R. Congo;2013;Kasai Oriental;0.712400019168854;0.0903000012040138
16418;COD;D. R. Congo;2013;Katanga;0.663500010967255;0.145699992775917
16419;COD;D. R. Congo;2013;Kinshasa;0.931699991226196;0.0780000016093254
16420;COD;D. R. Congo;2013;Maniema;0.755999982357025;0.0979999974370003
16421;COD;D. R. Congo;2013;Nord Kivu;0.668500006198883;0.195700004696846
16422;COD;D. R. Congo;2013;Province Orientale;0.578100025653839;0.153300002217293
16423;COD;D. R. Congo;2013;Sud Kivu;0.678600013256073;0.168699994683266
16682;COD;D. R. Congo;2001;Bandundu;;
16683;COD;D. R. Congo;2001;Bas Congo;;
16684;COD;D. R. Congo;2001;Equateur;;
16685;COD;D. R. Congo;2001;Kasai Occidental;;
16686;COD;D. R. Congo;2001;Kasai Oriental;;
16687;COD;D. R. Congo;2001;Katanga;;
16688;COD;D. R. Congo;2001;Kinshasa;;
16689;COD;D. R. Congo;2001;Maniema;;
16690;COD;D. R. Congo;2001;Nord Kivu;;
16691;COD;D. R. Congo;2001;Province Orientale;;
16692;COD;D. R. Congo;2001;Sud Kivu;;
16871;COD;D. R. Congo;2010;Bandundu;0.417499989271164;0.19709999859333
16872;COD;D. R. Congo;2010;Bas Congo;0.422500014305115;0.211300000548363
16873;COD;D. R. Congo;2010;Equateur;0.263300001621246;0.316300004720688
16874;COD;D. R. Congo;2010;Kasai Occidental;0.32490000128746;0.332399994134903
16875;COD;D. R. Congo;2010;Kasai Oriental;0.513800024986267;0.216700002551079
16876;COD;D. R. Congo;2010;Katanga;0.376199990510941;0.338699996471405
16877;COD;D. R. Congo;2010;Kinshasa;0.827199995517731;0.0967999994754791
16878;COD;D. R. Congo;2010;Maniema;0.490000009536743;0.214699998497963
16879;COD;D. R. Congo;2010;Nord Kivu;0.439300000667572;0.274399995803833
16880;COD;D. R. Congo;2010;Province Orientale;0.312200009822845;0.238299995660782
16881;COD;D. R. Congo;2010;Sud Kivu;0.456200003623962;0.272000014781952
17183;COG;Congo;2005;Brazzaville;0.809000015258789;0.0373999997973442
17184;COG;Congo;2005;Nord;0.538100004196167;0.106899999082088
17185;COG;Congo;2005;Pointe Noire;0.715399980545044;0.0377000011503696
17186;COG;Congo;2005;Sud;0.467900007963181;0.0901999995112419
17866;COM;Comoros;2012;Moheli;0.696399986743927;0.153600007295609
17867;COM;Comoros;2012;Ndzouani;0.738399982452393;0.212599992752075
17868;COM;Comoros;2012;Ngazidja;0.81139999628067;0.0632999986410141
17971;COM;Comoros;2000;Moheli;;
17972;COM;Comoros;2000;Ndzouani;;
17973;COM;Comoros;2000;Ngazidja;;
18272;DJI;Djibouti;2006;Arrondissement 1;;
18273;DJI;Djibouti;2006;Arrondissement 2;;
18274;DJI;Djibouti;2006;Arrondissement 3;;
18275;DJI;Djibouti;2006;Arrondissement 4;;
18276;DJI;Djibouti;2006;Arrondissement 5;;
18277;DJI;Djibouti;2006;Pas D'Arrondissement;;
19584;EGY;Egypt;2000;Frontier Governorates;0.809800028800964;0.126800000667572
19585;EGY;Egypt;2000;Lower Egypt Rural;0.801100015640259;0.0542000010609627
19586;EGY;Egypt;2000;Lower Egypt Urban;0.886900007724762;0.035300001502037
19587;EGY;Egypt;2000;Upper Egypt Rural;0.70389997959137;0.136700004339218
19588;EGY;Egypt;2000;Upper Egypt Urban;0.901000022888184;0.0581000000238419
19589;EGY;Egypt;2000;Urban Governorates;0.890500009059906;0.0564999990165234
19644;EGY;Egypt;2005;Frontier Governorates;0.80239999294281;0.0654999986290932
19645;EGY;Egypt;2005;Lower Egypt Rural;0.869899988174438;0.030799999833107
19646;EGY;Egypt;2005;Lower Egypt Urban;0.932900011539459;0.0181000009179115
19647;EGY;Egypt;2005;Upper Egypt Rural;0.736599981784821;0.0821999981999397
19648;EGY;Egypt;2005;Upper Egypt Urban;875;0.033500000834465
19649;EGY;Egypt;2005;Urban Governorates;0.882300019264221;0.0403000004589558
19808;EGY;Egypt;2014;Frontier Governorates;0.916100025177002;0.0476999990642071
19809;EGY;Egypt;2014;Lower Egypt Rural;0.923200011253357;0.0225000008940697
19810;EGY;Egypt;2014;Lower Egypt Urban;0.936100006103516;0.0247000008821487
19811;EGY;Egypt;2014;Upper Egypt Rural;0.870899975299835;0.0447999984025955
19812;EGY;Egypt;2014;Upper Egypt Urban;0.910700023174286;0.0416000001132488
19813;EGY;Egypt;2014;Urban Governorates;0.932900011539459;0.0273000001907349
19964;ETH;Ethiopia;2000;Addis Ababa;0.672699987888336;0.144899994134903
19965;ETH;Ethiopia;2000;Afar;0.184499993920326;0.78600001335144
19966;ETH;Ethiopia;2000;Amhara;0.133599996566772;0.653900027275085
19967;ETH;Ethiopia;2000;Benishangul Gumuz;0.11089999973774;0.564999997615814
19968;ETH;Ethiopia;2000;Dire Dawa;0.52700001001358;0.425399988889694
19969;ETH;Ethiopia;2000;Gambela;0.280499994754791;0.34349998831749
19970;ETH;Ethiopia;2000;Harari;0.443399995565414;0.306699991226196
19971;ETH;Ethiopia;2000;Oromia;0.154599994421005;0.66839998960495
19972;ETH;Ethiopia;2000;SNNPR;0.147300004959106;0.66100001335144
19973;ETH;Ethiopia;2000;Somali;0.0904000028967857;0.850199997425079
19974;ETH;Ethiopia;2000;Tigray;0.269300013780594;0.621800005435944
20108;ETH;Ethiopia;2005;Addis Ababa;0.681500017642975;0.117899999022484
20109;ETH;Ethiopia;2005;Afar;0.0829999968409538;0.835099995136261
20110;ETH;Ethiopia;2005;Amhara;0.261000007390976;0.433499991893768
20111;ETH;Ethiopia;2005;Benishangul Gumuz;0.240899994969368;0.43189999461174
20112;ETH;Ethiopia;2005;Dire Dawa;0.573300004005432;0.375299990177155
20113;ETH;Ethiopia;2005;Gambela;0.467400014400482;0.47859999537468
20114;ETH;Ethiopia;2005;Harari;0.490099996328354;0.380100011825562
20115;ETH;Ethiopia;2005;Oromia;0.266099989414215;0.485000014305115
20116;ETH;Ethiopia;2005;SNNPR;0.247999995946884;0.572000026702881
20117;ETH;Ethiopia;2005;Somali;0.111100003123283;0.85290002822876
20118;ETH;Ethiopia;2005;Tigray;0.332899987697601;0.440200001001358
20434;ETH;Ethiopia;2011;Addis Ababa;0.72409999370575;0.100000001490116
20435;ETH;Ethiopia;2011;Afar;0.26910001039505;0.485700011253357
20436;ETH;Ethiopia;2011;Amhara;0.375499993562698;0.320800006389618
20437;ETH;Ethiopia;2011;Benishangul Gumuz;0.386700004339218;0.338699996471405
20438;ETH;Ethiopia;2011;Dire Dawa;0.630500018596649;0.268099993467331
20439;ETH;Ethiopia;2011;Gambela;0.490500003099442;0.207900002598763
20440;ETH;Ethiopia;2011;Harari;0.61599999666214;0.257600009441376
20441;ETH;Ethiopia;2011;Oromia;0.367700010538101;0.428799986839294
20442;ETH;Ethiopia;2011;SNNPR;0.395799994468689;0.40599998831749
20443;ETH;Ethiopia;2011;Somali;0.222599998116493;0.43419998884201
20444;ETH;Ethiopia;2011;Tigray;0.488999992609024;0.24600000679493
20782;GAB;Gabon;2000;Big Cities;0.604700028896332;
20783;GAB;Gabon;2000;East (Haut Ogoou<U+0082> & Ogoou<U+0082> Lolo);0.36599999666214;
20784;GAB;Gabon;2000;North (Ogoou<U+0082> Ivindo & Woleu Ntem);0.429199993610382;
20785;GAB;Gabon;2000;South (Ngouni<U+0082>, Nyanga);0.366899996995926;
20786;GAB;Gabon;2000;West (Estuaire, Moyen Ogoou<U+0082> & Ogoou<U+0082> Maritime);0.439900010824203;
20898;GAB;Gabon;2012;Estuaire;0.750199973583221;0.0627999976277351
20899;GAB;Gabon;2012;Haut Ogooue;0.607200026512146;0.0685999989509583
20900;GAB;Gabon;2012;Libreville Port Gentil;0.840200006961823;0.0401999987661839
20901;GAB;Gabon;2012;Moyen Ogooue;0.593999981880188;0.096500001847744
20902;GAB;Gabon;2012;Ngounie;0.479999989271164;0.0762000009417534
20903;GAB;Gabon;2012;Nyanga;0.530399978160858;0.0710999965667725
20904;GAB;Gabon;2012;Ogooue Ivindo;0.349900007247925;0.125300005078316
20905;GAB;Gabon;2012;Ogooue Lolo;0.455199986696243;0.0843999981880188
20906;GAB;Gabon;2012;Ogooue Maritime;0.554899990558624;0.0520000010728836
20907;GAB;Gabon;2012;Woleu Ntem;0.608699977397919;0.0229000002145767
21415;GHA;Ghana;2003;Ashanti;0.695200026035309;0.310499995946884
21416;GHA;Ghana;2003;Brong Ahafo;0.482800006866455;0.374099999666214
21417;GHA;Ghana;2003;Central;0.587499976158142;0.381099998950958
21418;GHA;Ghana;2003;Eastern;0.678200006484985;0.397000014781952
21419;GHA;Ghana;2003;Greater Accra;0.731700003147125;0.276300013065338
21420;GHA;Ghana;2003;Northern;0.287999987602234;0.55460000038147
21421;GHA;Ghana;2003;Upper East;0.231199994683266;0.5557000041008
21422;GHA;Ghana;2003;Upper West;0.401600003242493;0.582499980926514
21423;GHA;Ghana;2003;Volta;0.537400007247925;0.355599999427795
21424;GHA;Ghana;2003;Western;0.621200025081635;0.294699996709824
21680;GHA;Ghana;2014;Ashanti;0.785799980163574;0.260899990797043
21681;GHA;Ghana;2014;Brong Ahafo;0.611899971961975;0.316599994897842
21682;GHA;Ghana;2014;Central;0.691200017929077;0.54720002412796
21683;GHA;Ghana;2014;Eastern;0.664399981498718;0.321299999952316
21684;GHA;Ghana;2014;Greater Accra;0.756500005722046;0.239999994635582
21685;GHA;Ghana;2014;Northern;0.438400000333786;0.323500007390976
21686;GHA;Ghana;2014;Upper East;0.512399971485138;0.275599986314774
21687;GHA;Ghana;2014;Upper West;0.461199998855591;0.365500003099442
21688;GHA;Ghana;2014;Volta;0.574000000953674;0.287699997425079
21689;GHA;Ghana;2014;Western;0.751800000667572;0.205599993467331
21967;GHA;Ghana;2006;Ashanti;;
21968;GHA;Ghana;2006;Brong Ahafo;;
21969;GHA;Ghana;2006;Central;;
21970;GHA;Ghana;2006;Eastern;;
21971;GHA;Ghana;2006;Greater Accra;;
21972;GHA;Ghana;2006;Northern;;
21973;GHA;Ghana;2006;Upper East;;
21974;GHA;Ghana;2006;Upper West;;
21975;GHA;Ghana;2006;Volta;;
21976;GHA;Ghana;2006;Western;;
22240;GHA;Ghana;2011;Ashanti;0.812399983406067;0.261900007724762
22241;GHA;Ghana;2011;Brong Ahafo;0.619899988174438;0.27590000629425
22242;GHA;Ghana;2011;Central;0.709399998188019;0.267699986696243
22243;GHA;Ghana;2011;Eastern;0.672599971294403;0.252999991178513
22244;GHA;Ghana;2011;Greater Accra;0.711899995803833;0.185399994254112
22245;GHA;Ghana;2011;Northern;0.432599991559982;0.405800014734268
22246;GHA;Ghana;2011;Upper East;0.451499998569489;0.28549998998642
22247;GHA;Ghana;2011;Upper West;0.465999990701675;0.348199993371964
22248;GHA;Ghana;2011;Volta;0.57779997587204;0.268599987030029
22249;GHA;Ghana;2011;Western;0.699299991130829;0.232800006866455
22572;GIN;Guinea;2012;Boke;0.455300003290176;0.349299997091293
22573;GIN;Guinea;2012;Conakry;0.719500005245209;0.134100005030632
22574;GIN;Guinea;2012;Faranah;0.249200001358986;0.545000016689301
22575;GIN;Guinea;2012;Kankan;0.205799996852875;0.639800012111664
22576;GIN;Guinea;2012;Kindia;0.322699993848801;0.461699992418289
22577;GIN;Guinea;2012;Labe;0.368999987840652;0.478899985551834
22578;GIN;Guinea;2012;Mamou;0.345499992370605;0.47639998793602
22579;GIN;Guinea;2012;N'Zerekore;0.38620001077652;0.372599989175797
22794;GMB;Gambia;2013;Banjul;0.838800013065338;0.129999995231628
22795;GMB;Gambia;2013;Basse;0.234599992632866;0.389699995517731
22796;GMB;Gambia;2013;Brikama;0.71560001373291;0.220400005578995
22797;GMB;Gambia;2013;Janjanbureh;0.490099996328354;0.438100010156631
22798;GMB;Gambia;2013;Kanifing;0.782299995422363;0.186100006103516
22799;GMB;Gambia;2013;Kerewan;0.547999978065491;0.365599989891052
22800;GMB;Gambia;2013;Kuntaur;0.39860001206398;0.586399972438812
22801;GMB;Gambia;2013;Mansakonko;0.64029997587204;0.19650000333786
22967;GMB;Gambia;2000;Banjul;;
22968;GMB;Gambia;2000;Brikama;;
22969;GMB;Gambia;2000;Janjanbureh;;
22970;GMB;Gambia;2000;Kanifing;;
22971;GMB;Gambia;2000;Kerewan;;
22972;GMB;Gambia;2000;Kuntaur;;
22973;GMB;Gambia;2000;Mansakonko;;
23062;GMB;Gambia;2006;Banjul;;
23063;GMB;Gambia;2006;Basse;;
23064;GMB;Gambia;2006;Brikama;;
23065;GMB;Gambia;2006;Janjanbureh;;
23066;GMB;Gambia;2006;Kanifing;;
23067;GMB;Gambia;2006;Kerewan;;
23068;GMB;Gambia;2006;Kuntaur;;
23069;GMB;Gambia;2006;Mansakonko;;
23219;GNB;Guinea-Bissau;2000;Bafata;;
23220;GNB;Guinea-Bissau;2000;Biombo;;
23221;GNB;Guinea-Bissau;2000;Bolama/Bijagos;;
23222;GNB;Guinea-Bissau;2000;Cacheu;;
23223;GNB;Guinea-Bissau;2000;Gabu;;
23224;GNB;Guinea-Bissau;2000;Oio;;
23225;GNB;Guinea-Bissau;2000;Quinara;;
23226;GNB;Guinea-Bissau;2000;Sab;;
23227;GNB;Guinea-Bissau;2000;Tombali;;
23329;GNB;Guinea-Bissau;2006;Est (Bafata E Gabu);;
23330;GNB;Guinea-Bissau;2006;Nord (Biombo, Cacheu E Oio);;
23331;GNB;Guinea-Bissau;2006;Sab;;
23332;GNB;Guinea-Bissau;2006;Sud (Bolama, Quinara E Tombali);;
23470;GNB;Guinea-Bissau;2014;Bafata;0.103299997746944;0.521899998188019
23471;GNB;Guinea-Bissau;2014;Biombo;0.255499988794327;0.289400011301041
23472;GNB;Guinea-Bissau;2014;Bolama/Bijagos;0.310699999332428;0.226999998092651
23473;GNB;Guinea-Bissau;2014;Cacheu;0.260600000619888;0.384700000286102
23474;GNB;Guinea-Bissau;2014;Gabu;0.0878999978303909;0.538299977779388
23475;GNB;Guinea-Bissau;2014;Oio;0.141699999570847;0.435000002384186
23476;GNB;Guinea-Bissau;2014;Quinara;0.12389999628067;0.350100010633469
23477;GNB;Guinea-Bissau;2014;Sab;0.530600011348724;0.247400000691414
23478;GNB;Guinea-Bissau;2014;Tombali;0.126900002360344;0.36710000038147
23678;GNQ;Equat. Guinea;2000;Bioko Norte;;
23679;GNQ;Equat. Guinea;2000;Centro Sur;;
23680;GNQ;Equat. Guinea;2000;Kie Ntem;;
23681;GNQ;Equat. Guinea;2000;Litoral;;
23682;GNQ;Equat. Guinea;2000;Wele Nzas;;
28890;KEN;Kenya;2003;Central;0.798900008201599;0.116400003433228
28891;KEN;Kenya;2003;Coast;0.41100001335144;0.360799998044968
28892;KEN;Kenya;2003;Eastern;0.560800015926361;0.185000002384186
28893;KEN;Kenya;2003;Nairobi;0.773800015449524;0.162100002169609
28894;KEN;Kenya;2003;North Eastern;0.202000007033348;0.660000026226044
28895;KEN;Kenya;2003;Nyanza;0.474500000476837;0.250699996948242
28896;KEN;Kenya;2003;Rift Valley;0.544600009918213;0.31020000576973
28897;KEN;Kenya;2003;Western;0.484600007534027;0.177499994635582
29165;KEN;Kenya;2014;Central;0.971400022506714;0.0197999998927116
29166;KEN;Kenya;2014;Coast;0.731899976730347;0.202099993824959
29167;KEN;Kenya;2014;Eastern;0.853799998760223;0.062100000679493
29168;KEN;Kenya;2014;Nairobi;0.953599989414215;0.0560999996960163
29169;KEN;Kenya;2014;North Eastern;0.591600000858307;0.443500012159348
29170;KEN;Kenya;2014;Nyanza;0.870299994945526;0.121299996972084
29171;KEN;Kenya;2014;Rift Valley;0.812600016593933;0.125799998641014
29172;KEN;Kenya;2014;Western;0.825299978256226;0.090599998831749
29398;KEN;Kenya;2000;Central;;
29399;KEN;Kenya;2000;Coast;;
29400;KEN;Kenya;2000;Eastern;;
29401;KEN;Kenya;2000;Nairobi;;
29402;KEN;Kenya;2000;Nyanza;;
29403;KEN;Kenya;2000;Rift Valley;;
29404;KEN;Kenya;2000;Western;;
31434;LBR;Liberia;2007;Monrovia;0.359600007534027;0.492000013589859
31435;LBR;Liberia;2007;North Central;0.093800000846386;0.750400006771088
31436;LBR;Liberia;2007;North Western;0.266499996185303;0.781799972057343
31437;LBR;Liberia;2007;South Central;0.172099992632866;0.754599988460541
31438;LBR;Liberia;2007;South Eastern A;0.0733999982476234;0.78600001335144
31439;LBR;Liberia;2007;South Eastern B;0.086499996483326;0.676599979400635
31649;LBR;Liberia;2013;North Central;0.179700002074242;0.670000016689301
31650;LBR;Liberia;2013;North Western;0.228900000452995;0.652499973773956
31651;LBR;Liberia;2013;South Central;0.445600003004074;0.491499990224838
31652;LBR;Liberia;2013;South Eastern A;0.17679999768734;0.596800029277802
31653;LBR;Liberia;2013;South Eastern B;0.246199995279312;0.57889997959137
31935;LSO;Lesotho;2009;Berea;0.756900012493134;0.033500000834465
31936;LSO;Lesotho;2009;Butha Buthe;0.681900024414062;0.0524999983608723
31937;LSO;Lesotho;2009;Leribe;0.668900012969971;0.0340999998152256
31938;LSO;Lesotho;2009;Mafeteng;0.625599980354309;0.0555999986827374
31939;LSO;Lesotho;2009;Maseru;0.71340000629425;0.0427000001072884
31940;LSO;Lesotho;2009;Mohale's Hoek;0.587599992752075;0.090999998152256
31941;LSO;Lesotho;2009;Mokhotlong;0.451200008392334;0.101400002837181
31942;LSO;Lesotho;2009;Qacha's Nek;0.574500024318695;0.068000003695488
31943;LSO;Lesotho;2009;Quthing;0.533500015735626;0.0718000009655952
31944;LSO;Lesotho;2009;Thaba Tseka;0.449000000953674;0.119999997317791
32190;LSO;Lesotho;2014;Berea;0.737500011920929;0.0120000001043081
32191;LSO;Lesotho;2014;Butha Buthe;0.730300009250641;0.0434999987483025
32192;LSO;Lesotho;2014;Leribe;0.731299996376038;0.0177999995648861
32193;LSO;Lesotho;2014;Mafeteng;0.62279999256134;0.0255999993532896
32194;LSO;Lesotho;2014;Maseru;0.725000023841858;0.031700000166893
32195;LSO;Lesotho;2014;Mohale's Hoek;0.569599986076355;0.0676999986171722
32196;LSO;Lesotho;2014;Mokhotlong;0.4408999979496;0.0856000036001205
32197;LSO;Lesotho;2014;Qacha's Nek;0.633700013160706;0.0260000005364418
32198;LSO;Lesotho;2014;Quthing;0.52810001373291;0.0419999994337559
32199;LSO;Lesotho;2014;Thaba Tseka;0.501500010490417;0.0829999968409538
32806;MDG;Madagascar;2004;Antananarivo;0.481799989938736;0.136199995875359
32807;MDG;Madagascar;2004;Antsiranana;0.210600003600121;0.223600000143051
32808;MDG;Madagascar;2004;Fianarantsoa;0.258500009775162;0.204999998211861
32809;MDG;Madagascar;2004;Mahajanga;0.171599999070168;0.37279999256134
32810;MDG;Madagascar;2004;Toamasina;0.252600014209747;0.191200003027916
32811;MDG;Madagascar;2004;Toliary;0.137600004673004;0.387600004673004
32991;MDG;Madagascar;2009;Alaotra Mangoro;0.435099989175797;0.125100001692772
32992;MDG;Madagascar;2009;Amoron'i Mania;0.392800003290176;0.179299995303154
32993;MDG;Madagascar;2009;Analamanga;0.657899975776672;0.0693999975919724
32994;MDG;Madagascar;2009;Analanjirofo;0.345400005578995;0.152799993753433
32995;MDG;Madagascar;2009;Androy;0.0922000035643578;0.557299971580505
32996;MDG;Madagascar;2009;Anosy;0.158899992704391;0.462099999189377
32997;MDG;Madagascar;2009;Atsimo Andrefana;0.299800008535385;0.463600009679794
32998;MDG;Madagascar;2009;Atsimo Atsinanana;0.125699996948242;0.344099998474121
32999;MDG;Madagascar;2009;Atsinanana;0.480599999427795;0.091499999165535
33000;MDG;Madagascar;2009;Betsiboka;0.222699999809265;0.349900007247925
33001;MDG;Madagascar;2009;Boeny;0.425900012254715;0.240700006484985
33002;MDG;Madagascar;2009;Bongolava;0.373499989509583;0.199799999594688
33003;MDG;Madagascar;2009;Diana;0.339899986982346;0.174600005149841
33004;MDG;Madagascar;2009;Haute Matsiatra;0.391000002622604;0.104400001466274
33005;MDG;Madagascar;2009;Ihorombe;0.205099999904633;0.282000005245209
33006;MDG;Madagascar;2009;Itasy;0.368600010871887;0.166199997067451
33007;MDG;Madagascar;2009;Melaky;0.0802000015974045;0.467099994421005
33008;MDG;Madagascar;2009;Menabe;0.230100005865097;0.310499995946884
33009;MDG;Madagascar;2009;Sava;0.393200010061264;0.140599995851517
33010;MDG;Madagascar;2009;Sofia;0.418799996376038;0.148200005292892
33011;MDG;Madagascar;2009;Vakinankaratra;0.499900013208389;0.174999997019768
33012;MDG;Madagascar;2009;Vatovavy Fitovinany;0.150299996137619;0.238600000739098
34019;MLI;Mali;2001;Bamako;0.4375;0.198899999260902
34020;MLI;Mali;2001;Gao;0.226500004529953;0.504199981689453
34021;MLI;Mali;2001;Kayes;0.0856999978423119;0.671000003814697
34022;MLI;Mali;2001;Kidal;0.312700003385544;0.355500012636185
34023;MLI;Mali;2001;Koulikoro;0.106499999761581;0.55460000038147
34024;MLI;Mali;2001;Mopti;0.119000002741814;0.771000027656555
34025;MLI;Mali;2001;Segou;0.166800007224083;0.68419998884201
34026;MLI;Mali;2001;Sikasso;0.150299996137619;0.649800002574921
34027;MLI;Mali;2001;Tombouctou;0.142199993133545;0.722000002861023
34146;MLI;Mali;2006;Bamako;0.536400020122528;0.204799994826317
34147;MLI;Mali;2006;Gao;0.340900003910065;0.453500002622604
34148;MLI;Mali;2006;Kayes;0.120999999344349;0.597299993038177
34149;MLI;Mali;2006;Kidal;0.406899988651276;0.595200002193451
34150;MLI;Mali;2006;Koulikoro;0.312900006771088;0.531499981880188
34151;MLI;Mali;2006;Mopti;0.20720000565052;0.651000022888184
34152;MLI;Mali;2006;Segou;0.283399999141693;0.543900012969971
34153;MLI;Mali;2006;Sikasso;0.24609999358654;0.562200009822845
34154;MLI;Mali;2006;Tombouctou;0.234300002455711;0.568000018596649
34433;MLI;Mali;2010;Bamako;0.552799999713898;0.151700004935265
34434;MLI;Mali;2010;Gao;0.401800006628036;0.295199990272522
34435;MLI;Mali;2010;Kayes;0.269800007343292;0.500299990177155
34436;MLI;Mali;2010;Kidal;0.227599993348122;0.532000005245209
34437;MLI;Mali;2010;Koulikoro;0.438100010156631;0.344599992036819
34438;MLI;Mali;2010;Mopti;0.230199992656708;0.55239999294281
34439;MLI;Mali;2010;Segou;0.31479999423027;0.482800006866455
34440;MLI;Mali;2010;Sikasso;0.379299998283386;0.380800008773804
34441;MLI;Mali;2010;Tombouctou;0.181799992918968;0.626200020313263
34721;MLI;Mali;2015;Bamako;0.763800024986267;
34722;MLI;Mali;2015;Gao;0.25670000910759;
34723;MLI;Mali;2015;Kayes;0.375499993562698;
34724;MLI;Mali;2015;Koulikoro;0.533800005912781;
34725;MLI;Mali;2015;Mopti;0.234899997711182;
34726;MLI;Mali;2015;Segou;0.36829999089241;
34727;MLI;Mali;2015;Sikasso;0.463699996471405;
34728;MLI;Mali;2015;Tombouctou;0.259299993515015;
36089;MOZ;Mozambique;2003;Cabo Delgado;0.0313999988138676;0.335999995470047
36090;MOZ;Mozambique;2003;Gaza;0.102700002491474;0.163900002837181
36091;MOZ;Mozambique;2003;Inhambane;0.112999998033047;0.157100006937981
36092;MOZ;Mozambique;2003;Manica;0.1199000030756;0.241500005125999
36093;MOZ;Mozambique;2003;Maputo Cidade;0.218199998140335;0.0434999987483025
36094;MOZ;Mozambique;2003;Maputo Provincia;0.199100002646446;0.0811000019311905
36095;MOZ;Mozambique;2003;Nampula;0.0855000019073486;0.443399995565414
36096;MOZ;Mozambique;2003;Niassa;0.0560999996960163;0.486900001764297
36097;MOZ;Mozambique;2003;Sofala;0.096000000834465;0.295800000429153
36098;MOZ;Mozambique;2003;Tete;0.0838000029325485;0.373100012540817
36099;MOZ;Mozambique;2003;Zambezia;0.0698999986052513;0.412000000476837
36405;MOZ;Mozambique;2011;Cabo Delgado;0.235499992966652;0.395099997520447
36406;MOZ;Mozambique;2011;Gaza;0.453700006008148;0.172099992632866
36407;MOZ;Mozambique;2011;Inhambane;0.594799995422363;0.1216000020504
36408;MOZ;Mozambique;2011;Manica;0.524800002574921;0.118600003421307
36409;MOZ;Mozambique;2011;Maputo Cidade;0.796400010585785;0.0419999994337559
36410;MOZ;Mozambique;2011;Maputo Provincia;0.727400004863739;0.0667999982833862
36411;MOZ;Mozambique;2011;Nampula;0.385399997234344;0.283600002527237
36412;MOZ;Mozambique;2011;Niassa;0.391799986362457;0.330700010061264
36413;MOZ;Mozambique;2011;Sofala;0.414299994707108;0.218500003218651
36414;MOZ;Mozambique;2011;Tete;0.259200006723404;0.331200003623962
36415;MOZ;Mozambique;2011;Zambezia;0.219400003552437;0.216299995779991
36690;MOZ;Mozambique;2008;Cabo Delgado;;
36691;MOZ;Mozambique;2008;Gaza;;
36692;MOZ;Mozambique;2008;Inhambane;;
36693;MOZ;Mozambique;2008;Manica;;
36694;MOZ;Mozambique;2008;Maputo Cidade;;
36695;MOZ;Mozambique;2008;Maputo Provincia;;
36696;MOZ;Mozambique;2008;Nampula;;
36697;MOZ;Mozambique;2008;Niassa;;
36698;MOZ;Mozambique;2008;Sofala;;
36699;MOZ;Mozambique;2008;Tete;;
36700;MOZ;Mozambique;2008;Zambezia;;
36907;MRT;Mauritania;2007;Adrar;;
36908;MRT;Mauritania;2007;Assaba;;
36909;MRT;Mauritania;2007;Brakna;;
36910;MRT;Mauritania;2007;Gorgol;;
36911;MRT;Mauritania;2007;Guidimagha;;
36912;MRT;Mauritania;2007;Hodh Ech Charghi;;
36913;MRT;Mauritania;2007;Hodh El Gharbi;;
36914;MRT;Mauritania;2007;Inchiri;;
36915;MRT;Mauritania;2007;Nouadhibou;;
36916;MRT;Mauritania;2007;Nouakchott;;
36917;MRT;Mauritania;2007;Tagant;;
36918;MRT;Mauritania;2007;Tiris Zemmour;;
36919;MRT;Mauritania;2007;Trarza;;
37130;MRT;Mauritania;2011;Adrar;0.621200025081635;0.180999994277954
37131;MRT;Mauritania;2011;Assaba;0.301800012588501;0.513400018215179
37132;MRT;Mauritania;2011;Brakna;0.361099988222122;0.335999995470047
37133;MRT;Mauritania;2011;Dakhlett Nouadibou;0.655799984931946;0.19930000603199
37134;MRT;Mauritania;2011;Gorgol;0.365900009870529;0.475300014019012
37135;MRT;Mauritania;2011;Guidimagha;0.302199989557266;0.362100005149841
37136;MRT;Mauritania;2011;Hodh Ech Charghi;0.375999987125397;0.468100011348724
37137;MRT;Mauritania;2011;Hodh El Gharbi;0.329600006341934;0.565400004386902
37138;MRT;Mauritania;2011;Nouakchott;0.5935999751091;0.266200006008148
37139;MRT;Mauritania;2011;Tagant;0.481700003147125;0.236800000071526
37140;MRT;Mauritania;2011;Tiris Zemmour;0.729900002479553;0.148699998855591
37141;MRT;Mauritania;2011;Trarza;0.495599985122681;0.381900012493134
37359;MRT;Mauritania;2015;Adrar;;0.161799997091293
37360;MRT;Mauritania;2015;Assaba;;0.485700011253357
37361;MRT;Mauritania;2015;Brakna;;0.402799993753433
37362;MRT;Mauritania;2015;Dakhlett Nouadibou;;0.159600004553795
37363;MRT;Mauritania;2015;Gorgol;;0.455900013446808
37364;MRT;Mauritania;2015;Guidimagha;;0.554000020027161
37365;MRT;Mauritania;2015;Hodh Ech Charghi;;0.488099992275238
37366;MRT;Mauritania;2015;Hodh El Gharbi;;0.552699983119965
37367;MRT;Mauritania;2015;Inchiri;;0.174500003457069
37368;MRT;Mauritania;2015;Nouakchott;;0.210600003600121
37369;MRT;Mauritania;2015;Tagant;;0.291700005531311
37370;MRT;Mauritania;2015;Tiris Zemmour;;0.129399999976158
37371;MRT;Mauritania;2015;Trarza;;0.313699990510941
37596;MWI;Malawi;2000;Central;0.366699993610382;0.182600006461143
37597;MWI;Malawi;2000;Northern;0.607400000095367;0.0610000006854534
37598;MWI;Malawi;2000;Southern;0.402300000190735;0.17960000038147
37714;MWI;Malawi;2004;Central;0.455799996852875;0.14470000565052
37715;MWI;Malawi;2004;Northern;0.681500017642975;0.0333999991416931
37716;MWI;Malawi;2004;Southern;0.485000014305115;0.149599999189377
37901;MWI;Malawi;2010;Central;0.472499996423721;0.101400002837181
37902;MWI;Malawi;2010;Northern;0.728299975395203;0.0320999994874001
37903;MWI;Malawi;2010;Southern;0.561699986457825;0.0987000018358231
38089;MWI;Malawi;2006;Central;;
38090;MWI;Malawi;2006;Northern;;
38091;MWI;Malawi;2006;Southern;;
38272;MWI;Malawi;2014;Central;0.432599991559982;0.0728000029921532
38273;MWI;Malawi;2014;Northern;0.6632000207901;0.0357000008225441
38274;MWI;Malawi;2014;Southern;0.474299997091293;0.0681999996304512
38410;NAM;Namibia;2000;Caprivi;0.747500002384186;0.166899994015694
38411;NAM;Namibia;2000;Erongo;0.967199981212616;0.0410999990999699
38412;NAM;Namibia;2000;Hardap;0.843500018119812;0.0623000003397465
38413;NAM;Namibia;2000;Karas;0.862800002098083;0.0254999995231628
38414;NAM;Namibia;2000;Kavango;0.608399987220764;0.131899997591972
38415;NAM;Namibia;2000;Khomas;0.861800014972687;0.0610000006854534
38416;NAM;Namibia;2000;Kunene;0.637899994850159;0.284200012683868
38417;NAM;Namibia;2000;Ohangwena;0.451299995183945;0.149100005626678
38418;NAM;Namibia;2000;Omaheke;0.568899989128113;0.244100004434586
38419;NAM;Namibia;2000;Omusati;0.694500029087067;0.0573000013828278
38420;NAM;Namibia;2000;Oshana;0.749800026416779;0.0098999999463558
38421;NAM;Namibia;2000;Oshikoto;0.637399971485138;0.0835999995470047
38422;NAM;Namibia;2000;Otjozondjupa;0.706900000572205;0.185599997639656
38512;NAM;Namibia;2007;Caprivi;0.783900022506714;0.0364000014960766
38513;NAM;Namibia;2007;Erongo;0.94980001449585;0.0329999998211861
38514;NAM;Namibia;2007;Hardap;0.856599986553192;0.058899998664856
38515;NAM;Namibia;2007;Karas;0.919399976730347;0.0147000001743436
38516;NAM;Namibia;2007;Kavango;0.6942999958992;0.101400002837181
38517;NAM;Namibia;2007;Khomas;0.914399981498718;0.0196000002324581
38518;NAM;Namibia;2007;Kunene;0.585399985313416;0.440499991178513
38519;NAM;Namibia;2007;Ohangwena;0.707599997520447;0.0680999979376793
38520;NAM;Namibia;2007;Omaheke;0.72790002822876;0.138400003314018
38521;NAM;Namibia;2007;Omusati;0.832300007343292;0.0215000007301569
38522;NAM;Namibia;2007;Oshana;0.85699999332428;0.0201999992132187
38523;NAM;Namibia;2007;Oshikoto;0.677600026130676;0.0417999997735023
38524;NAM;Namibia;2007;Otjozondjupa;0.716899991035461;0.142599999904633
38772;NAM;Namibia;2013;Caprivi;0.798600018024445;0.0425999984145164
38773;NAM;Namibia;2013;Erongo;0.959100008010864;0.0196000002324581
38774;NAM;Namibia;2013;Hardap;0.859000027179718;0.0520000010728836
38775;NAM;Namibia;2013;Karas;0.911800026893616;0.0333000011742115
38776;NAM;Namibia;2013;Kavango;0.640699982643127;0.100000001490116
38777;NAM;Namibia;2013;Khomas;0.953499972820282;0.0252000000327826
38778;NAM;Namibia;2013;Kunene;0.540199995040894;0.261000007390976
38779;NAM;Namibia;2013;Ohangwena;0.768899977207184;0.0778999999165535
38780;NAM;Namibia;2013;Omaheke;0.64740002155304;0.143099993467331
38781;NAM;Namibia;2013;Omusati;0.845300018787384;0.0509999990463257
38782;NAM;Namibia;2013;Oshana;0.895799994468689;0.0270000007003546
38783;NAM;Namibia;2013;Oshikoto;0.815199971199036;0.0599999986588955
38784;NAM;Namibia;2013;Otjozondjupa;0.804300010204315;0.0970999971032143
39054;NER;Niger;2006;Agadez;0.379299998283386;0.441000014543533
39055;NER;Niger;2006;Diffa;0.125900000333786;0.696799993515015
39056;NER;Niger;2006;Dosso;0.144500002264977;0.528599977493286
39057;NER;Niger;2006;Maradi;0.109399996697903;0.647599995136261
39058;NER;Niger;2006;Niamey;0.476700007915497;0.216199994087219
39059;NER;Niger;2006;Tahoua;0.0883999988436699;0.655499994754791
39060;NER;Niger;2006;Tillaberi;0.091499999165535;0.670700013637543
39061;NER;Niger;2006;Zinder;0.163900002837181;0.712599992752075
39249;NER;Niger;2012;Agadez;0.451299995183945;0.406899988651276
39250;NER;Niger;2012;Diffa;0.238100007176399;0.65090000629425
39251;NER;Niger;2012;Dosso;0.286100000143051;0.444099992513657
39252;NER;Niger;2012;Maradi;0.280000001192093;0.48879998922348
39253;NER;Niger;2012;Niamey;0.569599986076355;0.122599996626377
39254;NER;Niger;2012;Tahoua;0.145600005984306;0.582300007343292
39255;NER;Niger;2012;Tillaberi;0.243499994277954;0.450100004673004
39256;NER;Niger;2012;Zinder;0.290800005197525;0.567499995231628
39415;NER;Niger;2000;Agadez;;
39416;NER;Niger;2000;Dosso;;
39417;NER;Niger;2000;Maradi;;
39418;NER;Niger;2000;Niamey;;
39419;NER;Niger;2000;Tahoua;;
39420;NER;Niger;2000;Tillaberi;;
39421;NER;Niger;2000;Zinder;;
39494;NGA;Nigeria;2003;North Central;0.665300011634827;0.21340000629425
39495;NGA;Nigeria;2003;North East;0.320899993181229;0.505200028419495
39496;NGA;Nigeria;2003;North West;0.325700014829636;0.511500000953674
39497;NGA;Nigeria;2003;South East;0.76010000705719;0.109399996697903
39498;NGA;Nigeria;2003;South South;0.833999991416931;0.0899000018835068
39499;NGA;Nigeria;2003;South West;0.862100005149841;0.069300003349781
39707;NGA;Nigeria;2008;North Central;0.685999989509583;0.242899999022484
39708;NGA;Nigeria;2008;North East;0.375800013542175;0.54009997844696
39709;NGA;Nigeria;2008;North West;0.420700013637543;0.533399999141693
39710;NGA;Nigeria;2008;South East;0.920499980449677;0.097900003194809
39711;NGA;Nigeria;2008;South South;0.907100021839142;0.0974999964237213
39712;NGA;Nigeria;2008;South West;0.89190000295639;0.0967999994754791
39951;NGA;Nigeria;2013;North Central;0.748099982738495;0.211500003933907
39952;NGA;Nigeria;2013;North East;0.432799994945526;0.516499996185303
39953;NGA;Nigeria;2013;North West;0.503099977970123;0.484499990940094
39954;NGA;Nigeria;2013;South East;0.919900000095367;0.0762000009417534
39955;NGA;Nigeria;2013;South South;0.885599970817566;0.0698999986052513
39956;NGA;Nigeria;2013;South West;0.916100025177002;0.0768999978899956
40148;NGA;Nigeria;2007;Abia;;
40149;NGA;Nigeria;2007;Adamawa;;
40150;NGA;Nigeria;2007;Akwa Ibom;;
40151;NGA;Nigeria;2007;Anambra;;
40152;NGA;Nigeria;2007;Bauchi;;
40153;NGA;Nigeria;2007;Bayelsa;;
40154;NGA;Nigeria;2007;Benue;;
40155;NGA;Nigeria;2007;Borno;;
40156;NGA;Nigeria;2007;Cross River;;
40157;NGA;Nigeria;2007;Delta;;
40158;NGA;Nigeria;2007;Ebonyi;;
40159;NGA;Nigeria;2007;Edo;;
40160;NGA;Nigeria;2007;Ekiti;;
40161;NGA;Nigeria;2007;Enugu;;
40162;NGA;Nigeria;2007;FCT (Abuja);;
40163;NGA;Nigeria;2007;Gombe;;
40164;NGA;Nigeria;2007;Imo;;
40165;NGA;Nigeria;2007;Jigawa;;
40166;NGA;Nigeria;2007;Kaduna;;
40167;NGA;Nigeria;2007;Kano;;
40168;NGA;Nigeria;2007;Katsina;;
40169;NGA;Nigeria;2007;Kebbi;;
40170;NGA;Nigeria;2007;Kogi;;
40171;NGA;Nigeria;2007;Kwara;;
40172;NGA;Nigeria;2007;Lagos;;
40173;NGA;Nigeria;2007;Nasarawa;;
40174;NGA;Nigeria;2007;Niger;;
40175;NGA;Nigeria;2007;Ogun;;
40176;NGA;Nigeria;2007;Ondo;;
40177;NGA;Nigeria;2007;Osun;;
40178;NGA;Nigeria;2007;Oyo;;
40179;NGA;Nigeria;2007;Plateau;;
40180;NGA;Nigeria;2007;Rivers;;
40181;NGA;Nigeria;2007;Sokoto;;
40182;NGA;Nigeria;2007;Taraba;;
40183;NGA;Nigeria;2007;Yobe;;
40184;NGA;Nigeria;2007;Zamfara;;
40725;NGA;Nigeria;2011;Abia;0.870899975299835;0.0518999993801117
40726;NGA;Nigeria;2011;Adamawa;0.647300004959106;0.240700006484985
40727;NGA;Nigeria;2011;Akwa Ibom;0.912800014019012;0.069300003349781
40728;NGA;Nigeria;2011;Anambra;0.885399997234344;0.0756999999284744
40729;NGA;Nigeria;2011;Bauchi;0.351599991321564;0.648800015449524
40730;NGA;Nigeria;2011;Bayelsa;0.890399992465973;0.0857999995350838
40731;NGA;Nigeria;2011;Benue;0.655799984931946;0.28549998998642
40732;NGA;Nigeria;2011;Borno;0.512399971485138;0.628499984741211
40733;NGA;Nigeria;2011;Cross River;0.895099997520447;0.143199995160103
40734;NGA;Nigeria;2011;Delta;0.807699978351593;0.0886000022292137
40735;NGA;Nigeria;2011;Ebonyi;0.698800027370453;0.242599993944168
40736;NGA;Nigeria;2011;Edo;0.885299980640411;0.0763000026345253
40737;NGA;Nigeria;2011;Ekiti;0.930800020694733;0.062100000679493
40738;NGA;Nigeria;2011;Enugu;0.868099987506866;0.101800002157688
40739;NGA;Nigeria;2011;FCT (Abuja);0.844399988651276;0.120999999344349
40740;NGA;Nigeria;2011;Gombe;0.483500003814697;0.411300003528595
40741;NGA;Nigeria;2011;Imo;0.905900001525879;0.0631999969482422
40742;NGA;Nigeria;2011;Jigawa;0.425799995660782;0.569800019264221
40743;NGA;Nigeria;2011;Kaduna;0.768400013446808;0.25780001282692
40744;NGA;Nigeria;2011;Kano;0.679000020027161;0.426600009202957
40745;NGA;Nigeria;2011;Katsina;0.531199991703033;0.51010000705719
40746;NGA;Nigeria;2011;Kebbi;0.338699996471405;0.691399991512299
40747;NGA;Nigeria;2011;Kogi;0.841199994087219;0.187199994921684
40748;NGA;Nigeria;2011;Kwara;0.764999985694885;0.166600003838539
40749;NGA;Nigeria;2011;Lagos;0.971199989318848;0.0342999994754791
40750;NGA;Nigeria;2011;Nasarawa;0.599500000476837;0.246399998664856
40751;NGA;Nigeria;2011;Niger;0.451599985361099;0.484100013971329
40752;NGA;Nigeria;2011;Ogun;0.916400015354156;0.0957999974489212
40753;NGA;Nigeria;2011;Ondo;0.924499988555908;0.0434999987483025
40754;NGA;Nigeria;2011;Osun;0.950399994850159;0.101700000464916
40755;NGA;Nigeria;2011;Oyo;0.808399975299835;0.173099994659424
40756;NGA;Nigeria;2011;Plateau;0.726700007915497;0.213599994778633
40757;NGA;Nigeria;2011;Rivers;0.936699986457825;0.0890000015497208
40758;NGA;Nigeria;2011;Sokoto;0.371300011873245;0.644800007343292
40759;NGA;Nigeria;2011;Taraba;0.576099991798401;0.294099986553192
40760;NGA;Nigeria;2011;Yobe;0.418199986219406;0.638800024986267
40761;NGA;Nigeria;2011;Zamfara;0.5067999958992;0.651199996471405
44396;RWA;Rwanda;2000;Butare;0.27020001411438;0.286799997091293
44397;RWA;Rwanda;2000;Byumba;0.275099992752075;0.29449999332428
44398;RWA;Rwanda;2000;Cyangugu;0.311599999666214;0.217999994754791
44399;RWA;Rwanda;2000;Gikongoro;0.293000012636185;0.277300000190735
44400;RWA;Rwanda;2000;Gisenyi;0.233999997377396;0.24889999628067
44401;RWA;Rwanda;2000;Gitarama;0.300999999046326;0.18019999563694
44402;RWA;Rwanda;2000;Kibungo;0.189099997282028;0.35809999704361
44403;RWA;Rwanda;2000;Kibuye;0.152700006961823;0.230900004506111
44404;RWA;Rwanda;2000;Kigali City;0.484699994325638;0.225299999117851
44405;RWA;Rwanda;2000;Kigali Rural;0.332500010728836;0.220300003886223
44406;RWA;Rwanda;2000;Ruhengeri;0.235499992966652;0.237100005149841
44407;RWA;Rwanda;2000;Umutara;0.170699998736382;0.205799996852875
44480;RWA;Rwanda;2005;Butare;0.0888999998569489;0.214000001549721
44481;RWA;Rwanda;2005;Byumba;0.0555999986827374;0.136099994182587
44482;RWA;Rwanda;2005;Cyangugu;0.0860999971628189;0.171399995684624
44483;RWA;Rwanda;2005;Gikongoro;0.0582999996840954;0.165399998426437
44484;RWA;Rwanda;2005;Gisenyi;0.0737000033259392;0.141599997878075
44485;RWA;Rwanda;2005;Gitarama;0.139200001955032;0.10869999974966
44486;RWA;Rwanda;2005;Kibungo;0.0597000010311604;0.133300006389618
44487;RWA;Rwanda;2005;Kibuye;0.109399996697903;0.155599996447563
44488;RWA;Rwanda;2005;Kigali City;0.302300006151199;0.0813999995589256
44489;RWA;Rwanda;2005;Kigali Rural;0.128600001335144;0.143900007009506
44490;RWA;Rwanda;2005;Ruhengeri;0.101000003516674;0.107400000095367
44491;RWA;Rwanda;2005;Umutara;0.0879999995231628;0.193499997258186
44760;RWA;Rwanda;2010;East;0.373499989509583;0.0824000015854836
44761;RWA;Rwanda;2010;Kigali City;0.542200028896332;0.0485000014305115
44762;RWA;Rwanda;2010;North;0.450100004673004;0.0447000004351139
44763;RWA;Rwanda;2010;South;0.371800005435944;0.064800001680851
44764;RWA;Rwanda;2010;West;0.359100013971329;0.0780000016093254
44922;RWA;Rwanda;2015;East;0.483999997377396;0.0645999982953072
44923;RWA;Rwanda;2015;Kigali City;0.644599974155426;0.0546000003814697
44924;RWA;Rwanda;2015;North;0.588699996471405;0.0438000001013279
44925;RWA;Rwanda;2015;South;0.503600001335144;0.0601000003516674
44926;RWA;Rwanda;2015;West;0.568700015544891;0.0515000000596046
45066;RWA;Rwanda;2000;Butare;;
45067;RWA;Rwanda;2000;Byumba;;
45068;RWA;Rwanda;2000;Cyangugu;;
45069;RWA;Rwanda;2000;Gikongoro;;
45070;RWA;Rwanda;2000;Gisenyi;;
45071;RWA;Rwanda;2000;Gitarama;;
45072;RWA;Rwanda;2000;Kibungo;;
45073;RWA;Rwanda;2000;Kibuye;;
45074;RWA;Rwanda;2000;Kigali City;;
45075;RWA;Rwanda;2000;Kigali Rural;;
45076;RWA;Rwanda;2000;Ruhengeri;;
45077;RWA;Rwanda;2000;Umutara;;
45170;SDN;Sudan;2000;Al Gadarif;;
45171;SDN;Sudan;2000;Al Gazira;;
45172;SDN;Sudan;2000;Blue Nile;;
45173;SDN;Sudan;2000;Kassala;;
45174;SDN;Sudan;2000;Khartoum;;
45175;SDN;Sudan;2000;North;;
45176;SDN;Sudan;2000;North Darfur;;
45177;SDN;Sudan;2000;North Kordofan;;
45178;SDN;Sudan;2000;Red Sea;;
45179;SDN;Sudan;2000;River Nile;;
45180;SDN;Sudan;2000;Sinnar;;
45181;SDN;Sudan;2000;South Darfur;;
45182;SDN;Sudan;2000;South Kordofan;;
45183;SDN;Sudan;2000;West Darfur;;
45184;SDN;Sudan;2000;West Kordofan;;
45185;SDN;Sudan;2000;White Nile;;
45451;SDN;Sudan;2010;Blue Nile;0.526400029659271;0.466899991035461
45452;SDN;Sudan;2010;Gadarif;0.612399995326996;0.372500002384186
45453;SDN;Sudan;2010;Gezira;0.846000015735626;0.184400007128716
45454;SDN;Sudan;2010;Kassala;0.521000027656555;0.446599990129471
45455;SDN;Sudan;2010;Khartoum;0.913800001144409;0.0952999964356422
45456;SDN;Sudan;2010;North Darfur;0.71450001001358;0.278200000524521
45457;SDN;Sudan;2010;North Kordofan;0.643700003623962;0.330599993467331
45458;SDN;Sudan;2010;Northern;0.83569997549057;0.0785999968647957
45459;SDN;Sudan;2010;Red Sea;0.593500018119812;0.290600001811981
45460;SDN;Sudan;2010;River Nile;0.771899998188019;0.157000005245209
45461;SDN;Sudan;2010;Sinnar;0.666899979114532;0.347699999809265
45462;SDN;Sudan;2010;South Darfur;0.593299984931946;0.416799992322922
45463;SDN;Sudan;2010;South Kordofan;0.587599992752075;0.368800014257431
45464;SDN;Sudan;2010;West Darfur;0.386099994182587;0.453000009059906
45465;SDN;Sudan;2010;White Nile;0.741800010204315;0.237499997019768
45752;SDN;Sudan;2014;Blue Nile;0.52240002155304;0.490900009870529
45753;SDN;Sudan;2014;Central Darfur;0.475199997425079;0.514500021934509
45754;SDN;Sudan;2014;East Darfur;0.550499975681305;0.455700010061264
45755;SDN;Sudan;2014;Gadarif;0.51800000667572;0.390899986028671
45756;SDN;Sudan;2014;Gezira;0.766499996185303;0.200399994850159
45757;SDN;Sudan;2014;Kassala;0.530700027942657;0.461699992418289
45758;SDN;Sudan;2014;Khartoum;0.933000028133392;0.100000001490116
45759;SDN;Sudan;2014;North Darfur;0.672399997711182;0.325399994850159
45760;SDN;Sudan;2014;North Kordofan;0.605400025844574;0.279700011014938
45761;SDN;Sudan;2014;Northern;0.824699997901917;0.0710999965667725
45762;SDN;Sudan;2014;Red Sea;0.686100006103516;0.232400000095367
45763;SDN;Sudan;2014;River Nile;0.817900002002716;0.112300001084805
45764;SDN;Sudan;2014;Sinnar;0.62830001115799;0.331400007009506
45765;SDN;Sudan;2014;South Darfur;0.552799999713898;0.43860000371933
45766;SDN;Sudan;2014;South Kordofan;0.604300022125244;0.362300008535385
45767;SDN;Sudan;2014;West Darfur;0.614000022411346;0.493600010871887
45768;SDN;Sudan;2014;West Kordofan;0.495099991559982;0.53710001707077
45769;SDN;Sudan;2014;White Nile;0.693400025367737;0.24379999935627
46203;SEN;Senegal;2014;Dakar;0.661499977111816;0.188199996948242
46204;SEN;Senegal;2014;Diourbel;0.184400007128716;0.639699995517731
46205;SEN;Senegal;2014;Fatick;0.625100016593933;0.261000007390976
46206;SEN;Senegal;2014;Kaffrine;0.308499991893768;0.60290002822876
46207;SEN;Senegal;2014;Kaolack;0.409099996089935;0.52020001411438
46208;SEN;Senegal;2014;Kedougou;0.470099985599518;0.260399997234344
46209;SEN;Senegal;2014;Kolda;0.47749999165535;0.284700006246567
46210;SEN;Senegal;2014;Louga;0.313400000333786;0.541700005531311
46211;SEN;Senegal;2014;Matam;0.409000009298325;0.472499996423721
46212;SEN;Senegal;2014;Saint Louis;0.559599995613098;0.339800000190735
46213;SEN;Senegal;2014;Sedhiou;0.648400008678436;0.321999996900558
46214;SEN;Senegal;2014;Tambacounda;0.265799999237061;0.555899977684021
46215;SEN;Senegal;2014;Thies;0.55239999294281;0.338200002908707
46216;SEN;Senegal;2014;Ziguinchor;0.782899975776672;0.0509000010788441
46470;SEN;Senegal;2000;Dakar;;
46471;SEN;Senegal;2000;Diourbel;;
46472;SEN;Senegal;2000;Fatick;;
46473;SEN;Senegal;2000;Kaolack;;
46474;SEN;Senegal;2000;Kolda;;
46475;SEN;Senegal;2000;Louga;;
46476;SEN;Senegal;2000;Saint Louis;;
46477;SEN;Senegal;2000;Tambacounda;;
46478;SEN;Senegal;2000;Thies;;
46479;SEN;Senegal;2000;Ziguinchor;;
46611;SLE;Sierra Leone;2008;East;0.372299998998642;0.306100010871887
46612;SLE;Sierra Leone;2008;North;0.465999990701675;0.358799993991852
46613;SLE;Sierra Leone;2008;South;0.336699992418289;0.333999991416931
46614;SLE;Sierra Leone;2008;West;0.711700022220612;0.121200002729893
46784;SLE;Sierra Leone;2013;East;0.603999972343445;0.271499991416931
46785;SLE;Sierra Leone;2013;North;0.653299987316132;0.261400014162064
46786;SLE;Sierra Leone;2013;South;0.567700028419495;0.254599988460541
46787;SLE;Sierra Leone;2013;West;0.868399977684021;0.117600001394749
46914;SLE;Sierra Leone;2000;East;;
46915;SLE;Sierra Leone;2000;North;;
46916;SLE;Sierra Leone;2000;South;;
46917;SLE;Sierra Leone;2000;West;;
46983;SLE;Sierra Leone;2005;East;;
46984;SLE;Sierra Leone;2005;North;;
46985;SLE;Sierra Leone;2005;South;;
46986;SLE;Sierra Leone;2005;West;;
47106;SLE;Sierra Leone;2010;East;0.586600005626678;0.203799992799759
47107;SLE;Sierra Leone;2010;North;0.540000021457672;0.270799994468689
47108;SLE;Sierra Leone;2010;South;0.534099996089935;0.334600001573563
47109;SLE;Sierra Leone;2010;West;0.800599992275238;0.145400002598763
47326;SOM;Somalia;2006;Central South;;
47327;SOM;Somalia;2006;North East;;
47328;SOM;Somalia;2006;North West;;
47749;SSD;South Sudan;2000;Juba Town;;
47750;SSD;South Sudan;2000;Malakal Town;;
47751;SSD;South Sudan;2000;Wau Town;;
47811;SSD;South Sudan;2010;Central Equatoria;0.451900005340576;0.461499989032745
47812;SSD;South Sudan;2010;Eastern Equatoria;0.226899996399879;0.72979998588562
47813;SSD;South Sudan;2010;Jonglei;0.103500001132488;0.86710000038147
47814;SSD;South Sudan;2010;Lakes;0.157199993729591;0.879299998283386
47815;SSD;South Sudan;2010;Northern Bahr El Ghazal;0.151800006628036;0.842599987983704
47816;SSD;South Sudan;2010;Unity;0.154899999499321;0.935400009155273
47817;SSD;South Sudan;2010;Upper Nile;0.438100010156631;0.660300016403198
47818;SSD;South Sudan;2010;Warap;0.0685999989509583;0.881699979305267
47819;SSD;South Sudan;2010;Western Bahr El Ghazal;0.316199988126755;0.656000018119812
47820;SSD;South Sudan;2010;Western Equatoria;0.232500001788139;0.541400015354156
48037;STP;S. Tome/Principe;2000;Centro;;
48038;STP;S. Tome/Principe;2000;Norte;;
48039;STP;S. Tome/Principe;2000;Principe;;
48040;STP;S. Tome/Principe;2000;Sul;;
48129;STP;S. Tome/Principe;2014;Centro Este;0.834999978542328;0.0604000017046928
48130;STP;S. Tome/Principe;2014;Norte Oeste;0.815900027751923;0.0483000017702579
48131;STP;S. Tome/Principe;2014;Principe;0.777300000190735;0.0432000011205673
48132;STP;S. Tome/Principe;2014;Sul Este;0.796299993991852;0.0656000003218651
48729;SWZ;Eswatini;2006;Hhohho;0.679499983787537;0.0692000016570091
48730;SWZ;Eswatini;2006;Lubombo;0.499000012874603;0.0883999988436699
48731;SWZ;Eswatini;2006;Manzini;0.696099996566772;0.0546999983489513
48732;SWZ;Eswatini;2006;Shiselweni;0.674899995326996;0.144099995493889
48874;SWZ;Eswatini;2010;Hhohho;0.644999980926514;0.0292000006884336
48875;SWZ;Eswatini;2010;Lubombo;0.628799974918365;0.0454000011086464
48876;SWZ;Eswatini;2010;Manzini;0.731899976730347;0.0274000000208616
48877;SWZ;Eswatini;2010;Shiselweni;0.632000029087067;0.0351999998092651
48995;SWZ;Eswatini;2014;Hhohho;0.736999988555908;0.0230999998748302
48996;SWZ;Eswatini;2014;Lubombo;0.674199998378754;0.0255999993532896
48997;SWZ;Eswatini;2014;Manzini;0.696600019931793;0.0165999997407198
48998;SWZ;Eswatini;2014;Shiselweni;0.713100016117096;0.0188999995589256
49431;TCD;Chad;2004;Bar Azoum;0.0275999996811152;
49432;TCD;Chad;2004;Borkou/Ennedi/Tibesti;0.0842000022530556;
49433;TCD;Chad;2004;Centre Est;0.0741999968886375;
49434;TCD;Chad;2004;Chari Baguirmi;0.0745000019669533;
49435;TCD;Chad;2004;Logone Occidental;0.171000003814697;
49436;TCD;Chad;2004;Mayo Kebbi;0.303200006484985;
49437;TCD;Chad;2004;Moyen Chari;0.0921000018715858;
49438;TCD;Chad;2004;N'Djamena;0.57889997959137;
49439;TCD;Chad;2004;Ouaddai Est;0.0557999983429909;
49621;TCD;Chad;2000;Autres Villes;;
49622;TCD;Chad;2000;N'Djamena;;
49623;TCD;Chad;2000;Rural;;
49713;TCD;Chad;2010;Barh El Gazal;0.0615000016987324;0.637899994850159
49714;TCD;Chad;2010;Batha;0.0819000005722046;0.648899972438812
49715;TCD;Chad;2010;Borkou/Ennedi/Tibesti;0.109600000083447;0.532899975776672
49716;TCD;Chad;2010;Chari Baguirmi;0.143399998545647;0.669700026512146
49717;TCD;Chad;2010;Guera;0.101700000464916;0.521799981594086
49718;TCD;Chad;2010;Hadjer Lamis;0.0392999984323978;0.790899991989136
49719;TCD;Chad;2010;Kanem;0.0962999984622002;0.658699989318848
49720;TCD;Chad;2010;Lac;0.108199998736382;0.748600006103516
49721;TCD;Chad;2010;Logone Occidental;0.373299986124039;0.245000004768372
49722;TCD;Chad;2010;Logone Oriental;0.265100002288818;0.337399989366531
49723;TCD;Chad;2010;Mandoul;0.305900007486343;0.354499995708466
49724;TCD;Chad;2010;Mayo Kebbi Est;0.420100003480911;0.332300007343292
49725;TCD;Chad;2010;Mayo Kebbi Ouest;0.486699998378754;0.255100011825562
49726;TCD;Chad;2010;Moyen Chari;0.420300006866455;0.148499995470047
49727;TCD;Chad;2010;N'Djamena;0.532500028610229;0.240600004792213
49728;TCD;Chad;2010;Ouaddai;0.105099998414516;0.651199996471405
49729;TCD;Chad;2010;Salamat;0.0423000007867813;0.75629997253418
49730;TCD;Chad;2010;Sila;0.0274000000208616;0.7117999792099
49731;TCD;Chad;2010;Tandjile;0.400599986314774;0.260199993848801
49732;TCD;Chad;2010;Wadi Fira;0.043699998408556;0.871900022029877
50156;TGO;Togo;2014;Centrale;0.694599986076355;0.0697000026702881
50157;TGO;Togo;2014;Kara;0.592000007629395;0.175300002098083
50158;TGO;Togo;2014;Lome;0.769699990749359;0.044599998742342
50159;TGO;Togo;2014;Maritime;0.587000012397766;0.0784000009298325
50160;TGO;Togo;2014;Plateaux;0.557900011539459;0.140000000596046
50161;TGO;Togo;2014;Savanes;0.42179998755455;0.226099997758865
50337;TGO;Togo;2000;Centrale;;
50338;TGO;Togo;2000;Kara;;
50339;TGO;Togo;2000;Lome;;
50340;TGO;Togo;2000;Maritime;;
50341;TGO;Togo;2000;Plateaux;;
50342;TGO;Togo;2000;Savanes;;
50441;TGO;Togo;2006;Centrale;;
50442;TGO;Togo;2006;Kara;;
50443;TGO;Togo;2006;Lome;;
50444;TGO;Togo;2006;Maritime;;
50445;TGO;Togo;2006;Plateaux;;
50446;TGO;Togo;2006;Savanes;;
50615;TGO;Togo;2010;Centrale;0.620000004768372;0.102200001478195
50616;TGO;Togo;2010;Kara;0.599799990653992;0.114699997007847
50617;TGO;Togo;2010;Lome;0.761600017547607;0.0615000016987324
50618;TGO;Togo;2010;Maritime;0.629299998283386;0.0740000009536743
50619;TGO;Togo;2010;Plateaux;0.597500026226044;0.124200001358986
50620;TGO;Togo;2010;Savanes;0.323199987411499;0.190999999642372
52078;TUN;Tunisia;2012;Centre Est;0.947300016880035;0.0083999997004866
52079;TUN;Tunisia;2012;District Tunis;0.973999977111816;0.0115000000223517
52080;TUN;Tunisia;2012;Kairouan;0.873499989509583;0.0340999998152256
52081;TUN;Tunisia;2012;Kasserine;0.784200012683868;0.033100001513958
52082;TUN;Tunisia;2012;Nord Est;0.962000012397766;0.0143999997526407
52083;TUN;Tunisia;2012;Nord Ouest;0.911099970340729;0.0256999991834164
52084;TUN;Tunisia;2012;Sidi Bouzid;0.927500009536743;0.02280000038445
52085;TUN;Tunisia;2012;Sud Est;0.9617999792099;0.0236000008881092
52086;TUN;Tunisia;2012;Sud Ouest;0.977400004863739;0.0083999997004866
52571;TZA;U. R. Tanzania;2004;Arusha;0.697700023651123;0.19310000538826
52572;TZA;U. R. Tanzania;2004;Dar Es Salaam;0.859300017356873;0.0653999969363213
52573;TZA;U. R. Tanzania;2004;Dodoma;0.459399998188019;0.232999995350838
52574;TZA;U. R. Tanzania;2004;Iringa;0.7185999751091;0.0811000019311905
52575;TZA;U. R. Tanzania;2004;Kagera;0.522000014781952;0.202199995517731
52576;TZA;U. R. Tanzania;2004;Kigoma;0.522000014781952;0.150800004601479
52577;TZA;U. R. Tanzania;2004;Kilimanjaro;0.802100002765656;0.0483000017702579
52578;TZA;U. R. Tanzania;2004;Lindi;0.467099994421005;0.199799999594688
52579;TZA;U. R. Tanzania;2004;Manyara;0.375099986791611;0.21340000629425
52580;TZA;U. R. Tanzania;2004;Mara;0.65200001001358;0.0835999995470047
52581;TZA;U. R. Tanzania;2004;Mbeya;0.616500020027161;0.309799998998642
52582;TZA;U. R. Tanzania;2004;Morogoro;0.601000010967255;0.112899996340275
52583;TZA;U. R. Tanzania;2004;Mtwara;0.424600005149841;0.204600006341934
52584;TZA;U. R. Tanzania;2004;Mwanza;0.475600004196167;0.179199993610382
52585;TZA;U. R. Tanzania;2004;Pemba North;0.540000021457672;0.27810001373291
52586;TZA;U. R. Tanzania;2004;Pemba South;0.580200016498566;0.225099995732307
52587;TZA;U. R. Tanzania;2004;Pwani;0.570200026035309;0.142700001597404
52588;TZA;U. R. Tanzania;2004;Rukwa;0.366299986839294;0.299400001764297
52589;TZA;U. R. Tanzania;2004;Ruvuma;0.688499987125397;0.12890000641346
52590;TZA;U. R. Tanzania;2004;Shinyanga;0.528199970722198;0.226500004529953
52591;TZA;U. R. Tanzania;2004;Singida;0.46900001168251;0.180600002408028
52592;TZA;U. R. Tanzania;2004;Tabora;0.358700007200241;0.47749999165535
52593;TZA;U. R. Tanzania;2004;Tanga;0.542400002479553;0.0635000020265579
52594;TZA;U. R. Tanzania;2004;Town West;0.785799980163574;0.111000001430511
52595;TZA;U. R. Tanzania;2004;Zanzibar North;0.58899998664856;0.211400002241135
52596;TZA;U. R. Tanzania;2004;Zanzibar South;0.773999989032745;0.0837000012397766
53068;TZA;U. R. Tanzania;2015;Arusha;0.90719997882843;0.186000004410744
53069;TZA;U. R. Tanzania;2015;Dar Es Salaam;0.94980001449585;0.0581000000238419
53070;TZA;U. R. Tanzania;2015;Dodoma;0.699599981307983;0.201299995183945
53071;TZA;U. R. Tanzania;2015;Geita;0.65149998664856;0.292400002479553
53072;TZA;U. R. Tanzania;2015;Iringa;0.950100004673004;0.111199997365475
53073;TZA;U. R. Tanzania;2015;Kagera;0.757099986076355;0.201900005340576
53074;TZA;U. R. Tanzania;2015;Katavi;0.561200022697449;0.373699992895126
53075;TZA;U. R. Tanzania;2015;Kigoma;0.719799995422363;0.258700013160706
53076;TZA;U. R. Tanzania;2015;Kilimanjaro;0.964299976825714;0.0324999988079071
53077;TZA;U. R. Tanzania;2015;Lindi;0.722000002861023;0.213499993085861
53078;TZA;U. R. Tanzania;2015;Manyara;0.788299977779388;0.187900006771088
53079;TZA;U. R. Tanzania;2015;Mara;0.796400010585785;0.130300000309944
53080;TZA;U. R. Tanzania;2015;Mbeya;0.848299980163574;0.175300002098083
53081;TZA;U. R. Tanzania;2015;Mjini Magharibi;0.95440000295639;0.0557000003755093
53082;TZA;U. R. Tanzania;2015;Morogoro;0.80239999294281;0.209299996495247
53083;TZA;U. R. Tanzania;2015;Mtwara;0.894599974155426;0.243300005793571
53084;TZA;U. R. Tanzania;2015;Mwanza;0.742399990558624;0.182699993252754
53085;TZA;U. R. Tanzania;2015;Njombe;0.903199970722198;0.10980000346899
53086;TZA;U. R. Tanzania;2015;Pemba North;0.64740002155304;0.201299995183945
53087;TZA;U. R. Tanzania;2015;Pemba South;0.828999996185303;0.167300000786781
53088;TZA;U. R. Tanzania;2015;Pwani;0.748799979686737;0.179299995303154
53089;TZA;U. R. Tanzania;2015;Rukwa;0.582400023937225;0.318800002336502
53090;TZA;U. R. Tanzania;2015;Ruvuma;0.874700009822845;0.142000004649162
53091;TZA;U. R. Tanzania;2015;Shinyanga;0.756699979305267;0.310600012540817
53092;TZA;U. R. Tanzania;2015;Simiyu;0.827199995517731;0.240899994969368
53093;TZA;U. R. Tanzania;2015;Singida;0.849699974060059;0.224299997091293
53094;TZA;U. R. Tanzania;2015;Tabora;0.61710000038147;0.364600002765656
53095;TZA;U. R. Tanzania;2015;Tanga;0.790499985218048;0.172800004482269
53096;TZA;U. R. Tanzania;2015;Unguja North;0.712499976158142;0.0789000019431114
53097;TZA;U. R. Tanzania;2015;Unguja South;0.913299977779388;0.0524999983608723
53536;UGA;Uganda;2001;Central;0.551800012588501;0.126499995589256
53537;UGA;Uganda;2001;Eastern;0.345999985933304;0.0680999979376793
53538;UGA;Uganda;2001;Northern;0.207800000905991;0.203099995851517
53539;UGA;Uganda;2001;Western;0.333499997854233;0.130500003695488
53601;UGA;Uganda;2006;Central 1;0.484699994325638;0.165199995040894
53602;UGA;Uganda;2006;Central 2;0.432200014591217;0.155499994754791
53603;UGA;Uganda;2006;East Central;0.335799992084503;0.138699993491173
53604;UGA;Uganda;2006;Eastern;0.217199996113777;0.124399997293949
53605;UGA;Uganda;2006;Kampala;0.739199995994568;0.0957999974489212
53606;UGA;Uganda;2006;North;0.141000002622604;0.253600001335144
53607;UGA;Uganda;2006;Southwest;0.29899999499321;0.186100006103516
53608;UGA;Uganda;2006;West Nile;0.163000002503395;0.195299997925758
53609;UGA;Uganda;2006;Western;0.152999997138977;0.19709999859333
53863;UGA;Uganda;2011;Central 1;0.536800026893616;0.066200003027916
53864;UGA;Uganda;2011;Central 2;0.51910001039505;0.104400001466274
53865;UGA;Uganda;2011;East Central;0.424299985170364;0.0786999985575676
53866;UGA;Uganda;2011;Eastern;0.310799986124039;0.0612999983131886
53867;UGA;Uganda;2011;Kampala;0.765799999237061;0.096000000834465
53868;UGA;Uganda;2011;Karamoja;0.150099992752075;0.44760000705719
53869;UGA;Uganda;2011;North;0.214300006628036;0.115000002086163
53870;UGA;Uganda;2011;Southwest;0.354699999094009;0.123400002717972
53871;UGA;Uganda;2011;West Nile;0.245199993252754;0.149700000882149
53872;UGA;Uganda;2011;Western;0.36829999089241;0.115199998021126
56148;ZMB;Zambia;2007;Central;0.584500014781952;0.156200006604195
56149;ZMB;Zambia;2007;Copperbelt;0.794300019741058;0.0934000015258789
56150;ZMB;Zambia;2007;Eastern;0.410199999809265;0.252700001001358
56151;ZMB;Zambia;2007;Luapula;0.475499987602234;0.269499987363815
56152;ZMB;Zambia;2007;Lusaka;0.763400018215179;0.11150000244379
56153;ZMB;Zambia;2007;North Western;0.44420000910759;0.197300001978874
56154;ZMB;Zambia;2007;Northern;0.445499986410141;0.228699997067451
56155;ZMB;Zambia;2007;Southern;0.721499979496002;0.116999998688698
56156;ZMB;Zambia;2007;Western;0.505599975585938;0.283699989318848
56498;ZMB;Zambia;2013;Central;0.736800014972687;0.109999999403954
56499;ZMB;Zambia;2013;Copperbelt;0.891799986362457;0.0908000022172928
56500;ZMB;Zambia;2013;Eastern;0.53930002450943;0.241899996995926
56501;ZMB;Zambia;2013;Luapula;0.659099996089935;0.161699995398521
56502;ZMB;Zambia;2013;Lusaka;0.859899997711182;0.0736000016331673
56503;ZMB;Zambia;2013;Muchinga;0.737600028514862;0.136700004339218
56504;ZMB;Zambia;2013;North Western;0.722500026226044;0.124799996614456
56505;ZMB;Zambia;2013;Northern;0.687600016593933;0.146500006318092
56506;ZMB;Zambia;2013;Southern;0.74260002374649;0.0929000005125999
56507;ZMB;Zambia;2013;Western;0.643700003623962;0.159700006246567
56803;ZMB;Zambia;1999;Central;;
56804;ZMB;Zambia;1999;Copperbelt;;
56805;ZMB;Zambia;1999;Eastern;;
56806;ZMB;Zambia;1999;Luapula;;
56807;ZMB;Zambia;1999;Lusaka;;
56808;ZMB;Zambia;1999;North Western;;
56809;ZMB;Zambia;1999;Northern;;
56810;ZMB;Zambia;1999;Southern;;
56811;ZMB;Zambia;1999;Western;;
56968;ZWE;Zimbabwe;2005;Bulawayo;0.986899971961975;0.0244999993592501
56969;ZWE;Zimbabwe;2005;Harare;0.983399987220764;0.024100000038743
56970;ZWE;Zimbabwe;2005;Manicaland;0.835500001907349;0.088299997150898
56971;ZWE;Zimbabwe;2005;Mashonaland Central;0.769500017166138;0.151099994778633
56972;ZWE;Zimbabwe;2005;Mashonaland East;0.923200011253357;0.0461999997496605
56973;ZWE;Zimbabwe;2005;Mashonaland West;0.768899977207184;0.126300007104874
56974;ZWE;Zimbabwe;2005;Masvingo;0.871299982070923;0.0706999972462654
56975;ZWE;Zimbabwe;2005;Matabeleland North;0.852100014686584;0.0904000028967857
56976;ZWE;Zimbabwe;2005;Matabeleland South;0.893400013446808;0.0681999996304512
56977;ZWE;Zimbabwe;2005;Midlands;0.856000006198883;0.0715000033378601
57208;ZWE;Zimbabwe;2010;Bulawayo;0.980700016021729;0.0364000014960766
57209;ZWE;Zimbabwe;2010;Harare;0.946399986743927;0.0403999984264374
57210;ZWE;Zimbabwe;2010;Manicaland;0.882600009441376;0.0557000003755093
57211;ZWE;Zimbabwe;2010;Mashonaland Central;0.775099992752075;0.0579000003635883
57212;ZWE;Zimbabwe;2010;Mashonaland East;0.925800025463104;0.0555999986827374
57213;ZWE;Zimbabwe;2010;Mashonaland West;0.867399990558624;0.0635000020265579
57214;ZWE;Zimbabwe;2010;Masvingo;0.913299977779388;0.0640999972820282
57215;ZWE;Zimbabwe;2010;Matabeleland North;0.773699998855591;0.0940999984741211
57216;ZWE;Zimbabwe;2010;Matabeleland South;0.9132000207901;0.0542999990284443
57217;ZWE;Zimbabwe;2010;Midlands;0.833999991416931;0.0688999965786934
57452;ZWE;Zimbabwe;2015;Bulawayo;0.982599973678589;0.0216000005602837
57453;ZWE;Zimbabwe;2015;Harare;0.9689000248909;0.0252999998629093
57454;ZWE;Zimbabwe;2015;Manicaland;0.847800016403198;0.0653000026941299
57455;ZWE;Zimbabwe;2015;Mashonaland Central;0.758300006389618;0.0698999986052513
57456;ZWE;Zimbabwe;2015;Mashonaland East;0.9064000248909;0.0430000014603138
57457;ZWE;Zimbabwe;2015;Mashonaland West;0.917100012302399;0.0535999983549118
57458;ZWE;Zimbabwe;2015;Masvingo;0.880999982357025;0.0703999996185303
57459;ZWE;Zimbabwe;2015;Matabeleland North;0.915300011634827;0.0406999997794628
57460;ZWE;Zimbabwe;2015;Matabeleland South;0.861100018024445;0.0728000029921532
57461;ZWE;Zimbabwe;2015;Midlands;0.84689998626709;0.0494999997317791
57701;ZWE;Zimbabwe;2009;Bulawayo;;
57702;ZWE;Zimbabwe;2009;Harare;;
57703;ZWE;Zimbabwe;2009;Manicaland;;
57704;ZWE;Zimbabwe;2009;Mashonaland Central;;
57705;ZWE;Zimbabwe;2009;Mashonaland East;;
57706;ZWE;Zimbabwe;2009;Mashonaland West;;
57707;ZWE;Zimbabwe;2009;Masvingo;;
57708;ZWE;Zimbabwe;2009;Matabeleland North;;
57709;ZWE;Zimbabwe;2009;Matabeleland South;;
57710;ZWE;Zimbabwe;2009;Midlands;;
57927;ZWE;Zimbabwe;2014;Bulawayo;0.961700022220612;0.0264999996870756
57928;ZWE;Zimbabwe;2014;Harare;0.958899974822998;0.0489999987185001
57929;ZWE;Zimbabwe;2014;Manicaland;0.865700006484985;0.0736000016331673
57930;ZWE;Zimbabwe;2014;Mashonaland Central;0.734200000762939;0.096900001168251
57931;ZWE;Zimbabwe;2014;Mashonaland East;0.925499975681305;0.0540999993681908
57932;ZWE;Zimbabwe;2014;Mashonaland West;0.830600023269653;0.0800999999046326
57933;ZWE;Zimbabwe;2014;Masvingo;0.814599990844727;0.0759999975562096
57934;ZWE;Zimbabwe;2014;Matabeleland North;0.88239997625351;0.0555000007152557
57935;ZWE;Zimbabwe;2014;Matabeleland South;0.861599981784821;0.0575000010430813
57936;ZWE;Zimbabwe;2014;Midlands;0.841600000858307;0.0776999965310097
70915;COD;D. R. Congo;2018;Bas Uele;;0.110100001096725
70916;COD;D. R. Congo;2018;Equateur;;0.190999999642372
70917;COD;D. R. Congo;2018;Haut Katanga;;0.24719999730587
70918;COD;D. R. Congo;2018;Haut Lomami;;0.19760000705719
70919;COD;D. R. Congo;2018;Haut Uele;;0.258599996566772
70920;COD;D. R. Congo;2018;Ituri;;0.349200010299683
70921;COD;D. R. Congo;2018;Kasai;;0.423200011253357
70922;COD;D. R. Congo;2018;Kasai Central;;0.269600003957748
70923;COD;D. R. Congo;2018;Kasai Oriental;;0.222599998116493
70924;COD;D. R. Congo;2018;Kinshasa;;0.0795999988913536
70925;COD;D. R. Congo;2018;Kongo Central;;0.180999994277954
70926;COD;D. R. Congo;2018;Kwango;;0.324200004339218
70927;COD;D. R. Congo;2018;Kwilu;;0.218899995088577
70928;COD;D. R. Congo;2018;Lomami;;0.201800003647804
70929;COD;D. R. Congo;2018;Lualaba;;0.325199991464615
70930;COD;D. R. Congo;2018;Maindombe;;0.197400003671646
70931;COD;D. R. Congo;2018;Maniema;;0.170300006866455
70932;COD;D. R. Congo;2018;Mongala;;0.303299993276596
70933;COD;D. R. Congo;2018;Nord Kivu;;0.190799996256828
70934;COD;D. R. Congo;2018;Nord Ubangi;;0.233999997377396
70935;COD;D. R. Congo;2018;Sankuru;;0.128700003027916
70936;COD;D. R. Congo;2018;Sud Kivu;;0.18529999256134
70937;COD;D. R. Congo;2018;Sud Ubangi;;0.2533999979496
70938;COD;D. R. Congo;2018;Tanganyika;;0.375400006771088
70939;COD;D. R. Congo;2018;Tshopo;;0.156000003218651
70940;COD;D. R. Congo;2018;Tshuapa;;0.38850000500679
72333;DZA;Algeria;2019;Haut Plateau Centre;0.930199980735779;0.0461999997496605
72334;DZA;Algeria;2019;Haut Plateau Est;0.96450001001358;0.0240000002086163
72335;DZA;Algeria;2019;Haut Plateau Ouest;0.968699991703033;0.0215000007301569
72336;DZA;Algeria;2019;Nord Centre;0.971400022506714;0.0294000003486872
72337;DZA;Algeria;2019;Nord Est;0.969399988651276;0.0254999995231628
72338;DZA;Algeria;2019;Nord Ouest;0.967599987983704;0.0294000003486872
72339;DZA;Algeria;2019;Sud;0.949500024318695;0.0274000000208616
72922;GHA;Ghana;2018;Ashanti;;0.137099996209145
72923;GHA;Ghana;2018;Brong Ahafo;;0.216700002551079
72924;GHA;Ghana;2018;Central;;0.179700002074242
72925;GHA;Ghana;2018;Eastern;;0.157399997115135
72926;GHA;Ghana;2018;Greater Accra;;0.105700001120567
72927;GHA;Ghana;2018;Northern;;0.32940000295639
72928;GHA;Ghana;2018;Upper East;;0.188999995589256
72929;GHA;Ghana;2018;Upper West;;0.239199995994568
72930;GHA;Ghana;2018;Volta;;0.251300007104874
72931;GHA;Ghana;2018;Western;;0.190200001001358
73262;GMB;Gambia;2018;Banjul;0.814300000667572;0.0689999982714653
73263;GMB;Gambia;2018;Basse;0.363900005817413;0.258100003004074
73264;GMB;Gambia;2018;Brikama;0.750999987125397;0.179499998688698
73265;GMB;Gambia;2018;Janjanbureh;0.461800009012222;0.365299999713898
73266;GMB;Gambia;2018;Kanifing;0.79449999332428;0.135900005698204
73267;GMB;Gambia;2018;Kerewan;0.539799988269806;0.284999996423721
73268;GMB;Gambia;2018;Kuntaur;0.327499985694885;0.408300012350082
73269;GMB;Gambia;2018;Mansakonko;0.654299974441528;0.135900005698204
73495;GNB;Guinea-Bissau;2019;Bafata;;0.319000005722046
73496;GNB;Guinea-Bissau;2019;Biombo;;0.2533999979496
73497;GNB;Guinea-Bissau;2019;Bolama/Bijagos;;0.258899986743927
73498;GNB;Guinea-Bissau;2019;Cacheu;;0.203899994492531
73499;GNB;Guinea-Bissau;2019;Gabu;;0.479000002145767
73500;GNB;Guinea-Bissau;2019;Oio;;0.487899988889694
73501;GNB;Guinea-Bissau;2019;Quinara;;0.236800000071526
73502;GNB;Guinea-Bissau;2019;Sab;;0.151099994778633
73503;GNB;Guinea-Bissau;2019;Tombali;;0.265599995851517
75352;MDG;Madagascar;2018;Alaotra Mangoro;0.662000000476837;0.162599995732307
75353;MDG;Madagascar;2018;Amoron'i Mania;;0.198899999260902
75354;MDG;Madagascar;2018;Analamanga;0.823599994182587;0.0566999986767769
75355;MDG;Madagascar;2018;Analanjirofo;0.752900004386902;0.12890000641346
75356;MDG;Madagascar;2018;Androy;0.270099997520447;0.323900014162064
75357;MDG;Madagascar;2018;Anosy;0.307799994945526;0.504000008106232
75358;MDG;Madagascar;2018;Atsimo Andrefana;0.254799991846085;0.512899994850159
75359;MDG;Madagascar;2018;Atsimo Atsinanana;0.330300003290176;0.42960000038147
75360;MDG;Madagascar;2018;Atsinanana;0.589600026607513;0.143500000238419
75361;MDG;Madagascar;2018;Betsiboka;0.458799988031387;0.296299993991852
75362;MDG;Madagascar;2018;Boeny;0.40599998831749;0.327499985694885
75363;MDG;Madagascar;2018;Bongolava;0.551900029182434;0.209399998188019
75364;MDG;Madagascar;2018;Diana;0.735099971294403;0.145300000905991
75365;MDG;Madagascar;2018;Haute Matsiatra;0.58160001039505;0.150499999523163
75366;MDG;Madagascar;2018;Ihorombe;0.307200014591217;0.422100007534027
75367;MDG;Madagascar;2018;Itasy;0.625999987125397;0.111900001764297
75368;MDG;Madagascar;2018;Melaky;0.298099994659424;0.347600013017654
75369;MDG;Madagascar;2018;Menabe;0.372599989175797;0.393299996852875
75370;MDG;Madagascar;2018;Sava;0.750199973583221;0.0627000033855438
75371;MDG;Madagascar;2018;Sofia;0.667999982833862;0.164000004529953
75372;MDG;Madagascar;2018;Vakinankaratra;0.665300011634827;0.155200004577637
75373;MDG;Madagascar;2018;Vatovavy Fitovinany;0.447200000286102;0.301099985837936
77235;SLE;Sierra Leone;2017;East;0.609000027179718;0.1807000041008
77236;SLE;Sierra Leone;2017;North;0.585399985313416;0.196899995207787
77237;SLE;Sierra Leone;2017;South;0.523800015449524;0.229200005531311
77238;SLE;Sierra Leone;2017;West;0.847400009632111;0.10419999808073
77535;STP;S. Tome/Principe;2019;Distrito De Agua Grande;0.945200026035309;0.0625
77536;STP;S. Tome/Principe;2019;Distrito De M<c9> Zochi;0.910099983215332;0.193599998950958
77537;STP;S. Tome/Principe;2019;Regi<c3>O Autonoma Do Principe;0.81879997253418;0.135000005364418
77538;STP;S. Tome/Principe;2019;Regi<c3>O Norte Oeste;0.884599983692169;0.0878000035881996
77539;STP;S. Tome/Principe;2019;Regi<c3>O Sul Este;0.847800016403198;0.0749000012874603
78000;TCD;Chad;2019;Barh El Gazal;0.11259999871254;0.819199979305267
78001;TCD;Chad;2019;Batha;0.0996000021696091;0.825299978256226
78002;TCD;Chad;2019;Borkou;0.161200001835823;0.821300029754639
78003;TCD;Chad;2019;Chari Baguirmi;0.163200005888939;0.741299986839294
78004;TCD;Chad;2019;Ennedi Est;0.118699997663498;0.810199975967407
78005;TCD;Chad;2019;Ennedi Ouest;0.163599997758865;0.748199999332428
78006;TCD;Chad;2019;Guera;0.324400007724762;0.600300014019012
78007;TCD;Chad;2019;Hadjer Lamis;0.0826999992132187;0.861599981784821
78008;TCD;Chad;2019;Kanem;0.0236000008881092;0.94760000705719
78009;TCD;Chad;2019;Lac;0.142100006341934;0.829800009727478
78010;TCD;Chad;2019;Logone Occidental;0.475400000810623;0.316399991512299
78011;TCD;Chad;2019;Logone Oriental;0.39190000295639;0.28600001335144
78012;TCD;Chad;2019;Mandoul;0.392800003290176;0.35139998793602
78013;TCD;Chad;2019;Mayo Kebbi Est;0.577600002288818;0.340400010347366
78014;TCD;Chad;2019;Mayo Kebbi Ouest;0.724200010299683;0.306100010871887
78015;TCD;Chad;2019;Moyen Chari;0.513400018215179;0.279399991035461
78016;TCD;Chad;2019;N'Djamena;0.637899994850159;0.374399989843369
78017;TCD;Chad;2019;Ouaddae;0.106200002133846;0.841600000858307
78018;TCD;Chad;2019;Salamat;0.144899994134903;0.744799971580505
78019;TCD;Chad;2019;Sila;0.0926000028848648;0.856100022792816
78020;TCD;Chad;2019;Tandjile;0.390100002288818;0.372399985790253
78021;TCD;Chad;2019;Wadi Fira;0.134800001978874;0.82150000333786
79239;TGO;Togo;2017;Centrale;;0.0659999996423721
79240;TGO;Togo;2017;Golfe Urbain;;0.032600000500679
79241;TGO;Togo;2017;Kara;;0.164700001478195
79242;TGO;Togo;2017;Lom<e9> Commune;;0.0318000018596649
79243;TGO;Togo;2017;Maritime;;0.0716999992728233
79244;TGO;Togo;2017;Plateaux;;0.0684999972581863
79245;TGO;Togo;2017;Savanes;;0.161300003528595
80189;ZWE;Zimbabwe;2019;Bulawayo;0.983299970626831;0.0542999990284443
80190;ZWE;Zimbabwe;2019;Harare;0.997699975967407;0.0637999996542931
80191;ZWE;Zimbabwe;2019;Manicaland;0.928300023078918;0.0975999981164932
80192;ZWE;Zimbabwe;2019;Mashonaland Central;0.882000029087067;0.155100002884865
80193;ZWE;Zimbabwe;2019;Mashonaland East;0.940500020980835;0.0961999967694283
80194;ZWE;Zimbabwe;2019;Mashonaland West;0.910300016403198;0.111100003123283
80195;ZWE;Zimbabwe;2019;Masvingo;0.889900028705597;0.106600001454353
80196;ZWE;Zimbabwe;2019;Matabeleland North;0.911800026893616;0.0953999981284142
80197;ZWE;Zimbabwe;2019;Matabeleland South;0.936500012874603;0.104699999094009
80198;ZWE;Zimbabwe;2019;Midlands;0.934899985790253;0.0800999999046326
82299;EGY;Egypt;2015;Alexandria;0.869199991226196;0.0689999982714653
82300;EGY;Egypt;2015;Cairo;0.932399988174438;0.0272000003606081
82301;EGY;Egypt;2015;Port said;0.989099979400635;0.0405000001192093
82302;EGY;Egypt;2015;Suez;0.965900003910065;0.0208999998867512
82303;EGY;Egypt;2015;]Assiut;0.84799998998642;0.0982000008225441
82304;EGY;Egypt;2015;]Aswan;0.936699986457825;0.0531000010669231
82305;EGY;Egypt;2015;]Bani swef;0.877099990844727;0.0614000000059605
82306;EGY;Egypt;2015;]Beheira;0.869599997997284;0.0876000002026558
82307;EGY;Egypt;2015;]Dakahlia;0.939800024032593;0.0491999983787537
82308;EGY;Egypt;2015;]Damietta;0.953700006008148;0.0283000003546476
82309;EGY;Egypt;2015;]Elbahr elahmar;;0.0126000000163913
82310;EGY;Egypt;2015;]Elwadi elgadid;;0.0
82311;EGY;Egypt;2015;]Fayoum;0.841199994087219;0.0975999981164932
82312;EGY;Egypt;2015;]Gharbia;0.966899991035461;0.0498999990522861
82313;EGY;Egypt;2015;]Giza;0.943599998950958;0.0480999983847141
82314;EGY;Egypt;2015;]Ismailya;0.978200018405914;0.0693999975919724
82315;EGY;Egypt;2015;]Kafr elsheikh;0.912999987602234;0.0566000007092953
82316;EGY;Egypt;2015;]Luxor;0.949100017547607;0.0357000008225441
82317;EGY;Egypt;2015;]Matrouh;0.870100021362305;0.105400003492832
82318;EGY;Egypt;2015;]Menia;0.875999987125397;0.0888999998569489
82319;EGY;Egypt;2015;]Monofia;0.899100005626678;0.0425000004470348
82320;EGY;Egypt;2015;]North sinai;1.0;0.0229000002145767
82321;EGY;Egypt;2015;]Qena;0.964600026607513;0.0733999982476234
82322;EGY;Egypt;2015;]Qualioubia;0.927900016307831;0.0416000001132488
82323;EGY;Egypt;2015;]Sharkia;0.943199992179871;0.0456000007688999
82324;EGY;Egypt;2015;]Sohag;0.848100006580353;0.13400000333786
82325;EGY;Egypt;2015;]South sinai;;
82806;EGY;Egypt;2017;Alexandria;0.904500007629395;0.0520999990403652
82807;EGY;Egypt;2017;Cairo;0.95279997587204;0.0230999998748302
82808;EGY;Egypt;2017;Port Said;0.982999980449677;0.0211999993771315
82809;EGY;Egypt;2017;Suez;0.969900012016296;0.0392000004649162
82810;EGY;Egypt;2017;Assiut;0.874599993228912;0.0544999986886978
82811;EGY;Egypt;2017;Aswan;0.981899976730347;0.0324999988079071
82812;EGY;Egypt;2017;Bani Swef;0.898500025272369;0.0310999993234873
82813;EGY;Egypt;2017;Beheira;0.917900025844574;0.0328000001609325
82814;EGY;Egypt;2017;Dakahlia;0.956700026988983;0.0461999997496605
82815;EGY;Egypt;2017;Damietta;0.937099993228912;0.0129000004380941
82816;EGY;Egypt;2017;Fayoum;0.887000024318695;0.0653999969363213
82817;EGY;Egypt;2017;Frontier Governorates;0.935599982738495;0.0118000004440546
82818;EGY;Egypt;2017;Gharbia;0.96450001001358;0.0247000008821487
82819;EGY;Egypt;2017;Giza;0.952199995517731;0.0335999988019466
82820;EGY;Egypt;2017;Ismailya;0.922100007534027;0.0255999993532896
82821;EGY;Egypt;2017;Kafr Elsheikh;0.98360002040863;0.0229000002145767
82822;EGY;Egypt;2017;Luxor;0.985499978065491;0.0388000011444092
82823;EGY;Egypt;2017;Menia;0.922500014305115;0.0410000011324883
82824;EGY;Egypt;2017;Monofia;0.938799977302551;0.035300001502037
82825;EGY;Egypt;2017;Qena;0.921599984169006;0.0377999991178513
82826;EGY;Egypt;2017;Qualioubia;0.914600014686584;0.025900000706315
82827;EGY;Egypt;2017;Sharkia;0.987299978733063;0.0119000002741814
82828;EGY;Egypt;2017;Sohag;0.926999986171722;0.0750000029802322
156721;CAF;C. A. R.;2019;RÃÂ©Gion 3;0.121200002729893;0.305500000715256
156722;CAF;C. A. R.;2019;RÃÂ©Gion 4;0.180800005793571;0.278699994087219
156723;CAF;C. A. R.;2019;RÃÂ©Gion 1;0.304100006818771;0.209999993443489
156724;CAF;C. A. R.;2019;RÃÂ©Gion 2;0.223100006580353;0.325599998235703
156725;CAF;C. A. R.;2019;RÃÂ©Gion 7;0.594799995422363;0.067100003361702
156726;CAF;C. A. R.;2019;RÃÂ©Gion 6;0.209499999880791;0.419699996709824
156727;CAF;C. A. R.;2019;RÃÂ©Gion 5;0.133100003004074;0.318699985742569
161119;LBR;Liberia;2019;North Central;0.187000006437302;0.662599980831146
161120;LBR;Liberia;2019;North Western;0.238399997353554;0.617200016975403
161121;LBR;Liberia;2019;South Central;0.427100002765656;0.483500003814697
161122;LBR;Liberia;2019;South Eastern A;0.146200001239777;0.68010002374649
161123;LBR;Liberia;2019;South Eastern B;0.188899993896484;0.537800014019012
161586;MRT;Mauritania;2020;Adrar;0.559099972248077;0.162400007247925
161587;MRT;Mauritania;2020;Assaba;0.330099999904633;0.497999995946884
161588;MRT;Mauritania;2020;Brakna;0.421000003814697;0.378899991512299
161589;MRT;Mauritania;2020;Dakhlet Nouadhibou;0.754000008106232;0.22579999268055
161590;MRT;Mauritania;2020;Gorgol;0.266099989414215;0.527100026607513
161591;MRT;Mauritania;2020;Guidimagha;0.276800006628036;0.541100025177002
161592;MRT;Mauritania;2020;Hodh Echargui;0.20270000398159;0.558399975299835
161593;MRT;Mauritania;2020;Hodh Gharbi;0.22409999370575;0.624700009822845
161594;MRT;Mauritania;2020;Nouakchott Nord;0.551699995994568;0.284200012683868
161595;MRT;Mauritania;2020;Nouakchott Ouest;0.623300015926361;0.295100003480911
161596;MRT;Mauritania;2020;Nouakchott Sud;0.557399988174438;0.353199988603592
161597;MRT;Mauritania;2020;Tagant;0.407499998807907;0.341800004243851
161598;MRT;Mauritania;2020;Tiris Zemour Et Inchiri;0.701799988746643;0.19030000269413
161599;MRT;Mauritania;2020;Trarza;0.484400004148483;0.33500000834465
162024;MWI;Malawi;2020;Central;0.448399990797043;0.0740000009536743
162025;MWI;Malawi;2020;North;0.610499978065491;0.0299999993294477
162026;MWI;Malawi;2020;South;0.507200002670288;0.0720999985933304
162126;RWA;Rwanda;2020;East;0.572700023651123;0.0636999979615211
162127;RWA;Rwanda;2020;Kigali;0.755299985408783;0.0397000014781952
162128;RWA;Rwanda;2020;North;0.592299997806549;0.0410000011324883
162129;RWA;Rwanda;2020;South;0.620000004768372;0.064300000667572
162130;RWA;Rwanda;2020;West;0.644800007343292;0.0838999971747398
162809;SLE;Sierra Leone;2019;Eastern;0.694800019264221;0.0856999978423119
162810;SLE;Sierra Leone;2019;North Western;0.62389999628067;0.117399998009205
162811;SLE;Sierra Leone;2019;Northern;0.70169997215271;0.116599999368191
162812;SLE;Sierra Leone;2019;Southern;0.549899995326996;0.131600007414818
162813;SLE;Sierra Leone;2019;Western;0.857800006866455;0.0731000006198883
164443;SEN;Senegal;2019;Thies;0.528299987316132;0.330799996852875
164516;SEN;Senegal;2019;Diourbel;0.225099995732307;0.71450001001358
164686;SEN;Senegal;2019;Fatick;0.501299977302551;0.352400004863739
164704;SEN;Senegal;2019;Louga;0.39190000295639;0.433200001716614
164712;SEN;Senegal;2019;Dakar;0.631200015544891;0.190999999642372
164733;SEN;Senegal;2019;Tambacounda;0.348399996757507;0.430400013923645
164774;SEN;Senegal;2019;Ziguinchor;0.754999995231628;0.058899998664856
164871;SEN;Senegal;2019;Kaffrine;0.229000002145767;0.700100004673004
164881;SEN;Senegal;2019;Saint Louis;0.421900004148483;0.358200013637543
164911;SEN;Senegal;2019;Kedougou;0.62389999628067;0.127900004386902
164915;SEN;Senegal;2019;Kolda;0.55129998922348;0.303400009870529
164972;SEN;Senegal;2019;Kaolack;0.492700010538101;0.446299999952316
164989;SEN;Senegal;2019;Matam;0.354699999094009;0.45770001411438
165001;SEN;Senegal;2019;Sedhiou;0.517300009727478;0.259700000286102
166749;MDG;Madagascar;2021;Alaotra Mangoro;0.60369998216629;0.125699996948242
166750;MDG;Madagascar;2021;Amoron I Mania;0.431400001049042;0.165299996733665
166751;MDG;Madagascar;2021;Analamanga;0.751399993896484;0.0573999993503094
166752;MDG;Madagascar;2021;Analanjirofo;0.628099977970123;0.103399999439716
166753;MDG;Madagascar;2021;Androy;0.242300003767014;0.31029999256134
166754;MDG;Madagascar;2021;Anosy;0.231800004839897;0.543500006198883
166755;MDG;Madagascar;2021;Antananarivo;0.803900003433228;0.0590999983251095
166756;MDG;Madagascar;2021;Atsimo Andrefana;0.405699998140335;0.454899996519089
166757;MDG;Madagascar;2021;Atsimo Atsinanana;0.35139998793602;0.410600006580353
166758;MDG;Madagascar;2021;Atsinanana;0.444400012493134;0.174400001764297
166759;MDG;Madagascar;2021;Betsiboka;0.410899996757507;0.340299993753433
166760;MDG;Madagascar;2021;Boeny;0.448100000619888;0.265399992465973
166761;MDG;Madagascar;2021;Bongolava;0.503799974918365;0.134299993515015
166762;MDG;Madagascar;2021;Diana;0.603900015354156;0.11879999935627
166763;MDG;Madagascar;2021;Haute Matsiatra;0.463299989700317;0.170699998736382
166764;MDG;Madagascar;2021;Ihorombe;0.316700011491776;0.418199986219406
166765;MDG;Madagascar;2021;Itasy;0.492900013923645;0.112800002098083
166766;MDG;Madagascar;2021;Melaky;0.262699991464615;0.410299986600876
166767;MDG;Madagascar;2021;Menabe;0.227099999785423;0.560500025749207
166768;MDG;Madagascar;2021;Sava;0.540199995040894;0.1283999979496
166769;MDG;Madagascar;2021;Sofia;0.443399995565414;0.152099996805191
166770;MDG;Madagascar;2021;Vakinankaratra;0.596800029277802;0.0982000008225441
166771;MDG;Madagascar;2021;Vatovavy Fitovinany;0.401899993419647;0.207900002598763
174682;TUN;Tunisia;2018;Centre Est;0.948099970817566;0.0275999996811152
174683;TUN;Tunisia;2018;Centre Ouest;0.891300022602081;0.0416000001132488
174684;TUN;Tunisia;2018;District Tunis;0.981800019741058;0.0287999995052814
174685;TUN;Tunisia;2018;Nord Est;0.95279997587204;0.0509999990463257
174686;TUN;Tunisia;2018;Nord Ouest;0.935800015926361;0.0296999998390675
174687;TUN;Tunisia;2018;Sud Est;0.975199997425079;0.0247000008821487
174688;TUN;Tunisia;2018;Sud Ouest;0.979200005531311;0.0362000018358231
177659;BEN;Benin;2017;Plateau;0.364199995994568;0.256900012493134
177660;BEN;Benin;2017;Zou;0.596199989318848;0.222599998116493
177661;BEN;Benin;2017;Atlantic;0.576799988746643;0.166600003838539
177662;BEN;Benin;2017;Borgou;0.355399996042252;0.52700001001358
177663;BEN;Benin;2017;Donga;0.407799988985062;0.259900003671646
177664;BEN;Benin;2017;Littoral;0.76419997215271;0.0564000010490417
177665;BEN;Benin;2017;Oueme;0.66509997844696;0.112800002098083
177666;BEN;Benin;2017;Collines;0.621100008487701;0.180899992585182
177667;BEN;Benin;2017;Atacora;0.343400001525879;0.447299987077713
177668;BEN;Benin;2017;Couffo;0.414499998092651;0.261700004339218
177669;BEN;Benin;2017;Alibori;0.224500000476837;0.662199974060059
177670;BEN;Benin;2017;Mono;0.517799973487854;0.104800000786781
177671;COG;Congo;2015;Cuvette;0.643400013446808;0.0397000014781952
177672;COG;Congo;2015;Pointe Noire;0.880599975585938;0.015599999576807
177673;COG;Congo;2015;Lekoumou;0.520500004291534;0.0976999998092651
177674;COG;Congo;2015;Niari;0.607900023460388;0.0443999990820885
177675;COG;Congo;2015;Pool;0.512099981307983;0.0463000014424324
177676;COG;Congo;2015;Plateaux;0.5310999751091;0.048200000077486
177677;COG;Congo;2015;Kouilou;0.549199998378754;0.0869000032544136
177678;COG;Congo;2015;Likouala;0.604700028896332;0.0706000030040741
177679;COG;Congo;2015;Cuvette Ouest;0.488499999046326;0.0608999989926815
177680;COG;Congo;2015;Brazzaville;0.926400005817413;0.0187999997287989
177681;COG;Congo;2015;Sangha;0.662999987602234;0.117799997329712
177682;COG;Congo;2015;Bouenza;0.637499988079071;0.0377999991178513
177686;GIN;Guinea;2018;N'Zerekore;0.431100010871887;0.314399987459183
177687;GIN;Guinea;2018;Kindia;0.48089998960495;0.283300012350082
177688;GIN;Guinea;2018;Conakry;0.734300017356873;0.115900002419949
177689;GIN;Guinea;2018;Faranah;0.366800010204315;0.437299996614456
177690;GIN;Guinea;2018;Boke;0.419600009918213;0.379599988460541
177691;GIN;Guinea;2018;Labe;0.33500000834465;0.396899998188019
177692;GIN;Guinea;2018;Kankan;0.233199998736382;0.524900019168854
177693;GIN;Guinea;2018;Mamou;0.451799988746643;0.308400005102158
177710;MDG;Madagascar;2018;Amoron'I Mania;0.554499983787537;
177711;MLI;Mali;2018;Segou;0.411500006914139;0.531000018119812
177712;MLI;Mali;2018;Gao;0.387100011110306;0.504999995231628
177713;MLI;Mali;2018;Kidal;0.0693999975919724;0.820200026035309
177714;MLI;Mali;2018;Sikasso;0.385600000619888;0.422100007534027
177715;MLI;Mali;2018;Mopti;0.381599992513657;0.580299973487854
177716;MLI;Mali;2018;Bamako;0.779600024223328;0.179399996995926
177717;MLI;Mali;2018;Koulikoro;0.462399989366531;0.412299990653992
177718;MLI;Mali;2018;Toumbouctou;0.337900012731552;0.640699982643127
177719;MLI;Mali;2018;Kayes;0.380699992179871;0.406899988651276
177720;NGA;Nigeria;2018;South South;0.962800025939941;0.131500005722046
177721;NGA;Nigeria;2018;South West;0.933700025081635;0.120099999010563
177722;NGA;Nigeria;2018;North Central;0.742200016975403;0.335099995136261
177723;NGA;Nigeria;2018;North East;0.467900007963181;0.52209997177124
177724;NGA;Nigeria;2018;South East;0.917800009250641;0.107600003480911
177725;NGA;Nigeria;2018;North West;0.57480001449585;0.420199990272522
177736;SEN;Senegal;2017;Kolda;0.335599988698959;0.346199989318848
177737;SEN;Senegal;2017;Kedougou;0.517599999904633;0.271100014448166
177738;SEN;Senegal;2017;Thies;0.51529997587204;0.290399998426437
177739;SEN;Senegal;2017;Louga;0.339700013399124;0.543699979782104
177740;SEN;Senegal;2017;Matam;0.440499991178513;0.488200008869171
177741;SEN;Senegal;2017;Sedhiou;0.516799986362457;0.312700003385544
177742;SEN;Senegal;2017;Tambacounda;0.325899988412857;0.478199988603592
177743;SEN;Senegal;2017;Diourbel;0.225899994373322;0.661899983882904
177744;SEN;Senegal;2017;Dakar;0.72299998998642;0.119400002062321
177745;SEN;Senegal;2017;Kaolack;0.479499995708466;0.454100012779236
177746;SEN;Senegal;2017;Fatick;0.614799976348877;0.292400002479553
177747;SEN;Senegal;2017;Saint Louis;0.48199999332428;0.342200011014938
177748;SEN;Senegal;2017;Ziguinchor;0.777400016784668;0.0776000022888184
177749;SEN;Senegal;2017;Kaffrine;0.228300005197525;0.666000008583069
177750;ZAF;South Africa;2016;Gauteng;0.997900009155273;0.0078999996185302
177751;ZAF;South Africa;2016;Free State;0.955999970436096;0.0111999996006489
177752;ZAF;South Africa;2016;Northern Cape;0.949599981307983;0.0151000004261732
177753;ZAF;South Africa;2016;Limpopo;0.981599986553192;0.0024000001139938
177754;ZAF;South Africa;2016;North West;0.935699999332428;0.0176999997347593
177755;ZAF;South Africa;2016;Kwazulu Natal;0.974399983882904;0.0189999993890524
177756;ZAF;South Africa;2016;Western Cape;0.994899988174438;0.0120000001043081
177757;ZAF;South Africa;2016;Eastern Cape;0.917699992656708;0.014299999922514
177758;ZAF;South Africa;2016;Mpumalanga;0.936699986457825;0.0116999996826053
177764;ZMB;Zambia;2018;Eastern;0.506500005722046;0.277700006961823
177765;ZMB;Zambia;2018;Luapula;0.598999977111816;0.250499993562698
177766;ZMB;Zambia;2018;Western;0.681299984455109;0.140599995851517
177767;ZMB;Zambia;2018;North Western;0.702700018882751;0.111000001430511
177768;ZMB;Zambia;2018;Northern;0.635299980640411;0.174700006842613
177769;ZMB;Zambia;2018;Copperbelt;0.847599983215332;0.115800000727177
177770;ZMB;Zambia;2018;Muchinga;0.661800026893616;0.169100001454353
177771;ZMB;Zambia;2018;Lusaka;0.866900026798248;0.09740000218153
177772;ZMB;Zambia;2018;Southern;0.802699983119965;0.0997999981045723
177773;ZMB;Zambia;2018;Central;0.754199981689453;0.205099999904633
179124;MLI;Mali;2020;Bamako;0.780900001525879;0.0821999981999397
179125;MLI;Mali;2020;Gao;0.710900008678436;0.168400004506111
179126;MLI;Mali;2020;Kayes;0.236599996685982;0.381000012159348
179127;MLI;Mali;2020;Kidal;0.138899996876717;0.503000020980835
179128;MLI;Mali;2020;Koulikoro;0.388000011444092;0.42509999871254
179129;MLI;Mali;2020;Mopti;0.392899990081787;0.587999999523163
179130;MLI;Mali;2020;Sikasso;0.517000019550323;0.344599992036819
179131;MLI;Mali;2020;SÃÂ©gou;0.435499995946884;0.453299999237061
179132;MLI;Mali;2020;Tombouctou;0.439900010824203;0.360599994659424
208158;BEN;Benin;2018;Alibori;0.339800000190735;0.561999976634979
208159;BEN;Benin;2018;Atacora;0.550599992275238;0.471700012683868
208160;BEN;Benin;2018;Atlantique;0.900300025939941;0.118500001728535
208161;BEN;Benin;2018;Borgou;0.521899998188019;0.488599985837936
208162;BEN;Benin;2018;Collines;0.791800022125244;0.174600005149841
208163;BEN;Benin;2018;Couffo;0.733200013637543;0.26230001449585
208164;BEN;Benin;2018;Donga;0.752600014209747;0.339100003242493
208165;BEN;Benin;2018;Littoral;0.89520001411438;0.093299999833107
208166;BEN;Benin;2018;Mono;0.895500004291534;0.137199997901917
208167;BEN;Benin;2018;Oueme;0.9060999751091;0.108499996364117
208168;BEN;Benin;2018;Plateau;0.758599996566772;0.266000002622604
208169;BEN;Benin;2018;Zou;0.887799978256226;0.129700005054474
208413;BFA;Burkina Faso;2019;Boucle du Mouhoun;0.508199989795685;0.4966000020504
208414;BFA;Burkina Faso;2019;Cascades;0.726999998092651;0.438499987125397
208415;BFA;Burkina Faso;2019;Centre;0.902100026607513;0.122800000011921
208416;BFA;Burkina Faso;2019;Centre-Est;0.724799990653992;0.404700011014938
208417;BFA;Burkina Faso;2019;Centre-Nord;0.497999995946884;0.626800000667572
208418;BFA;Burkina Faso;2019;Centre-Ouest;0.677600026130676;0.505299985408783
208419;BFA;Burkina Faso;2019;Centre-Sud;0.880999982357025;0.319599986076355
208420;BFA;Burkina Faso;2019;Est;0.474799990653992;0.499599993228912
208421;BFA;Burkina Faso;2019;Hauts Bassins;0.713100016117096;0.368600010871887
208422;BFA;Burkina Faso;2019;Nord;0.611899971961975;0.450300008058548
208423;BFA;Burkina Faso;2019;Plateau-Central;0.814300000667572;0.44200000166893
208424;BFA;Burkina Faso;2019;Sahel;0.383599996566772;0.725300014019012
208425;BFA;Burkina Faso;2019;Sud-Ouest;0.692900002002716;0.407900005578995
208854;NER;Niger;2018;Agadez;0.691399991512299;0.364699989557266
208855;NER;Niger;2018;Diffa;0.414499998092651;0.614799976348877
208856;NER;Niger;2018;Dosso;0.717899978160858;0.361699998378754
208857;NER;Niger;2018;Maradi;0.578299999237061;0.47299998998642
208858;NER;Niger;2018;Tahoua;0.398499995470047;0.485500007867813
208859;NER;Niger;2018;Tillaberi;0.569199979305267;0.447400003671646
208860;NER;Niger;2018;Zinder;0.444999992847443;0.564499974250793
208861;NER;Niger;2018;Niamey;0.918500006198883;0.0803999975323677
209274;UGA;Uganda;2019;Central;0.39750000834465;0.0140000004321337
209275;UGA;Uganda;2019;Eastern;0.28099998831749;0.0606000013649464
209276;UGA;Uganda;2019;Northern;0.109700001776218;0.225500002503395
209277;UGA;Uganda;2019;Western;0.266200006008148;0.0533000007271767