iso3,year,pct_gdp,country,continent,level
ABW,2000,21.80771064758301,ABW,North America,total
ABW,2001,21.32317924499512,ABW,North America,total
ABW,2002,19.75715065002441,ABW,North America,total
ABW,2004,14.90291023254395,ABW,North America,total
ABW,2005,18.88828086853027,ABW,North America,total
ABW,2007,20.79264068603516,ABW,North America,total
ABW,2008,19.02882957458496,ABW,North America,total
ABW,2009,21.56355094909668,ABW,North America,total
ABW,2010,22.17678070068359,ABW,North America,total
ABW,2011,21.75053977966309,ABW,North America,total
ABW,2012,20.63408088684082,ABW,North America,total
ABW,2013,21.87763023376465,ABW,North America,total
ABW,2014,19.61797904968262,ABW,North America,total
ABW,2015,23.20137977600098,ABW,North America,total
ABW,2016,21.85375022888184,ABW,North America,total
ABW,2017,18.52140849515657,ABW,North America,total
ABW,2018,20.12344033946892,ABW,North America,total
ABW,2019,19.40142706009356,ABW,North America,total
ABW,2021,10.95644296081246,ABW,North America,total
AFG,2000,0.0,AFG,Asia,total
AFG,2001,0.0,AFG,Asia,total
AFG,2010,17.07712936401367,AFG,Asia,total
AFG,2011,16.04842948913574,AFG,Asia,total
AFG,2012,10.3568000793457,AFG,Asia,total
AFG,2013,14.1028003692627,AFG,Asia,total
AFG,2014,14.46592998504639,AFG,Asia,total
AFG,2015,12.50899982452393,AFG,Asia,total
AFG,2016,16.21170043945313,AFG,Asia,total
AFG,2017,15.66137981414795,AFG,Asia,total
AGO,2000,5.255080223083496,AGO,Africa,total
AGO,2005,7.992350101470947,AGO,Africa,total
AGO,2006,7.454790115356445,AGO,Africa,total
AGO,2010,8.684769630432129,AGO,Africa,total
AGO,2012,8.370432445245541,AGO,Africa,total
AGO,2013,8.826970611277849,AGO,Africa,total
AGO,2015,8.918776535199198,AGO,Africa,total
AGO,2016,6.550974048507172,AGO,Africa,total
AGO,2017,6.763776862139573,AGO,Africa,total
AGO,2018,5.777524545665425,AGO,Africa,total
AGO,2019,6.045355647235148,AGO,Africa,total
AGO,2020,5.294735722737711,AGO,Africa,total
AGO,2021,6.919610063027055,AGO,Africa,total
AGO,2022,6.640472120780773,AGO,Africa,total
AGO,2023,7.738962509912019,AGO,Africa,total
AGO,2024,6.36976605603197,AGO,Africa,total
AIA,2013,12.04232749356389,AIA,North America,total
AIA,2014,11.60092064586532,AIA,North America,total
AIA,2015,12.54403384916802,AIA,North America,total
AIA,2016,11.97237149643151,AIA,North America,total
AIA,2017,11.59026985581959,AIA,North America,total
AIA,2018,9.108467654682055,AIA,North America,total
AIA,2019,11.11986072965301,AIA,North America,total
AIA,2020,10.67566828407773,AIA,North America,total
AIA,2021,11.04676370718868,AIA,North America,total
AIA,2022,13.35959095412863,AIA,North America,total
AIA,2023,12.97385720863458,AIA,North America,total
AIA,2024,10.2872343982428,AIA,North America,total
ALB,2000,10.13702964782715,ALB,Europe,total
ALB,2001,10.58193016052246,ALB,Europe,total
ALB,2002,9.886919975280762,ALB,Europe,total
ALB,2003,10.57359981536865,ALB,Europe,total
ALB,2004,10.70316028594971,ALB,Europe,total
ALB,2005,11.35797023773193,ALB,Europe,total
ALB,2006,10.93295001983643,ALB,Europe,total
ALB,2007,11.17718982696533,ALB,Europe,total
ALB,2011,10.96722347168107,ALB,Europe,total
ALB,2012,11.50985671468504,ALB,Europe,total
ALB,2013,12.12390995025635,ALB,Europe,total
ALB,2014,10.91816811673631,ALB,Europe,total
ALB,2015,11.17755031585693,ALB,Europe,total
ALB,2016,13.59696006774902,ALB,Europe,total
ALB,2017,12.38521003723145,ALB,Europe,total
ALB,2018,10.88173224365852,ALB,Europe,total
ALB,2019,13.43340015411377,ALB,Europe,total
ALB,2020,10.26743030548096,ALB,Europe,total
ALB,2021,9.40900993347168,ALB,Europe,total
ALB,2022,9.014089584350586,ALB,Europe,total
ALB,2023,10.85657978057861,ALB,Europe,total
AND,2012,9.84161391329076,AND,Europe,total
AND,2013,6.195529937744141,AND,Europe,total
AND,2014,13.31521034240723,AND,Europe,total
AND,2015,10.44281005859375,AND,Europe,total
AND,2016,9.99098014831543,AND,Europe,total
AND,2017,9.39243984222412,AND,Europe,total
AND,2018,13.4619197845459,AND,Europe,total
AND,2019,10.89523983001709,AND,Europe,total
AND,2020,8.991869225938949,AND,Europe,total
AND,2021,10.26473536638295,AND,Europe,total
AND,2022,6.961249828338623,AND,Europe,total
AND,2023,12.76951536894096,AND,Europe,total
AND,2024,12.00451540811257,AND,Europe,total
ARE,2019,13.56886959075928,ARE,Asia,total
ARE,2020,12.79823017120361,ARE,Asia,total
ARE,2021,14.75561046600342,ARE,Asia,total
ARG,2000,16.22615051269531,ARG,South America,total
ARG,2001,16.35596084594727,ARG,South America,total
ARG,2002,16.44220924377441,ARG,South America,total
ARG,2003,14.35472011566162,ARG,South America,total
ARG,2004,15.13930034637451,ARG,South America,total
ARG,2005,15.8031702041626,ARG,South America,total
ARG,2006,15.50984001159668,ARG,South America,total
ARG,2007,15.10157012939453,ARG,South America,total
ARG,2008,15.74783992767334,ARG,South America,total
ARG,2009,16.02066993713379,ARG,South America,total
ARG,2010,15.04796981811523,ARG,South America,total
ARG,2011,15.15855979919434,ARG,South America,total
ARG,2012,14.51826000213623,ARG,South America,total
ARG,2013,14.45792961120605,ARG,South America,total
ARG,2014,13.79932975769043,ARG,South America,total
ARG,2015,13.96331024169922,ARG,South America,total
ARG,2016,13.35554027557373,ARG,South America,total
ARG,2017,13.26391983032227,ARG,South America,total
ARG,2018,12.52334022521973,ARG,South America,total
ARG,2019,12.51445960998535,ARG,South America,total
ARG,2020,12.42228984832764,ARG,South America,total
ARG,2021,12.28489971160889,ARG,South America,total
ARG,2022,12.70757961273193,ARG,South America,total
ARG,2023,13.22395992279053,ARG,South America,total
ARM,2000,0.0,ARM,Asia,total
ARM,2001,0.0,ARM,Asia,total
ARM,2002,0.0,ARM,Asia,total
ARM,2003,0.0,ARM,Asia,total
ARM,2004,0.0,ARM,Asia,total
ARM,2005,13.64809036254883,ARM,Asia,total
ARM,2006,13.57851982116699,ARM,Asia,total
ARM,2007,13.46558952331543,ARM,Asia,total
ARM,2008,14.2684497833252,ARM,Asia,total
ARM,2009,13.45121955871582,ARM,Asia,total
ARM,2010,12.40050983428955,ARM,Asia,total
ARM,2011,12.59333992004395,ARM,Asia,total
ARM,2012,12.36896991729736,ARM,Asia,total
ARM,2013,11.13675975799561,ARM,Asia,total
ARM,2014,9.367119789123535,ARM,Asia,total
ARM,2015,10.65635967254639,ARM,Asia,total
ARM,2016,10.19719982147217,ARM,Asia,total
ARM,2017,10.40312957763672,ARM,Asia,total
ARM,2018,8.678587595846022,ARM,Asia,total
ARM,2019,8.575244272365575,ARM,Asia,total
ARM,2020,8.827779769897461,ARM,Asia,total
ARM,2021,9.655320167541504,ARM,Asia,total
ARM,2022,9.446550369262695,ARM,Asia,total
ARM,2023,9.03689956665039,ARM,Asia,total
ARM,2024,9.440014663011535,ARM,Asia,total
ATG,2002,11.70153999328613,ATG,North America,total
ATG,2009,6.928140163421631,ATG,North America,total
ATG,2012,10.14325661585533,ATG,North America,total
ATG,2013,10.73023376289031,ATG,North America,total
ATG,2014,10.31662372166527,ATG,North America,total
ATG,2015,7.630211861107441,ATG,North America,total
ATG,2016,6.483569777718107,ATG,North America,total
ATG,2017,7.172854627390551,ATG,North America,total
ATG,2018,7.587625434543993,ATG,North America,total
ATG,2019,9.543664171125895,ATG,North America,total
ATG,2020,7.378756730220585,ATG,North America,total
ATG,2021,6.85999508093725,ATG,North America,total
ATG,2022,7.805379692752923,ATG,North America,total
ATG,2023,8.669606644639806,ATG,North America,total
ATG,2024,11.03589805478581,ATG,North America,total
AUS,2020,12.16913986206055,AUS,Oceania,total
AUS,2021,12.1088399887085,AUS,Oceania,total
AUS,2022,12.64196968078613,AUS,Oceania,total
AUT,2000,11.0332202911377,AUT,Europe,total
AUT,2001,10.81678009033203,AUT,Europe,total
AUT,2002,10.77766036987305,AUT,Europe,total
AUT,2003,10.41788005828857,AUT,Europe,total
AUT,2004,9.83547019958496,AUT,Europe,total
AUT,2005,10.22817039489746,AUT,Europe,total
AUT,2006,10.33712005615234,AUT,Europe,total
AUT,2007,10.41668033599854,AUT,Europe,total
AUT,2008,10.51202964782715,AUT,Europe,total
AUT,2009,10.56037044525146,AUT,Europe,total
AUT,2010,10.75069046020508,AUT,Europe,total
AUT,2011,10.96181964874268,AUT,Europe,total
AUT,2012,10.65845966339111,AUT,Europe,total
AUT,2013,10.67006969451904,AUT,Europe,total
AUT,2014,10.49254035949707,AUT,Europe,total
AUT,2015,10.7222204208374,AUT,Europe,total
AUT,2016,10.87989044189453,AUT,Europe,total
AUT,2017,10.84245014190674,AUT,Europe,total
AUT,2018,10.68115043640137,AUT,Europe,total
AUT,2019,10.67115020751953,AUT,Europe,total
AUT,2020,9.735380172729492,AUT,Europe,total
AUT,2021,9.782340049743652,AUT,Europe,total
AUT,2022,9.95557975769043,AUT,Europe,total
AZE,2000,21.11907958984375,AZE,Asia,total
AZE,2001,20.87755012512207,AZE,Asia,total
AZE,2002,13.6307201385498,AZE,Asia,total
AZE,2003,15.1708402633667,AZE,Asia,total
AZE,2004,14.23503971099854,AZE,Asia,total
AZE,2005,13.2231502532959,AZE,Asia,total
AZE,2006,10.10041999816895,AZE,Asia,total
AZE,2007,9.779370307922363,AZE,Asia,total
AZE,2008,7.763840198516846,AZE,Asia,total
AZE,2009,9.3439302444458,AZE,Asia,total
AZE,2010,8.70083999633789,AZE,Asia,total
AZE,2011,7.219860076904297,AZE,Asia,total
AZE,2012,5.643670082092285,AZE,Asia,total
AZE,2013,6.46412992477417,AZE,Asia,total
AZE,2014,7.238729953765869,AZE,Asia,total
AZE,2015,7.627110004425049,AZE,Asia,total
AZE,2016,8.195779800415039,AZE,Asia,total
AZE,2017,6.954559803009033,AZE,Asia,total
AZE,2018,7.399650096893311,AZE,Asia,total
AZE,2019,9.767569541931152,AZE,Asia,total
AZE,2020,10.78785037994385,AZE,Asia,total
AZE,2021,11.50881958007813,AZE,Asia,total
AZE,2022,11.63961029052734,AZE,Asia,total
AZE,2023,11.18455028533936,AZE,Asia,total
AZE,2024,11.44960076291508,AZE,Asia,total
BDI,2000,10.73526000976563,BDI,Africa,total
BDI,2001,11.43313026428223,BDI,Africa,total
BDI,2002,12.48608016967773,BDI,Africa,total
BDI,2004,9.17908000946045,BDI,Africa,total
BDI,2005,10.95926952362061,BDI,Africa,total
BDI,2008,12.61553955078125,BDI,Africa,total
BDI,2009,16.30168914794922,BDI,Africa,total
BDI,2010,16.58810043334961,BDI,Africa,total
BDI,2011,14.97929954528809,BDI,Africa,total
BDI,2012,16.42831993103027,BDI,Africa,total
BDI,2013,17.24325942993164,BDI,Africa,total
BDI,2014,23.84000015258789,BDI,Africa,total
BDI,2015,27.49724006652832,BDI,Africa,total
BDI,2016,20.78461074829102,BDI,Africa,total
BDI,2017,19.76485061645508,BDI,Africa,total
BDI,2018,19.51926040649414,BDI,Africa,total
BDI,2019,21.2221666369194,BDI,Africa,total
BDI,2020,20.74195234309137,BDI,Africa,total
BDI,2021,20.43854000560069,BDI,Africa,total
BDI,2022,20.63708380730232,BDI,Africa,total
BEL,2005,11.1755199432373,BEL,Europe,total
BEL,2008,12.47245025634766,BEL,Europe,total
BEL,2009,11.80014991760254,BEL,Europe,total
BEL,2010,11.94892024993896,BEL,Europe,total
BEL,2011,11.60301971435547,BEL,Europe,total
BEL,2012,11.67440032958984,BEL,Europe,total
BEL,2013,11.80877017974854,BEL,Europe,total
BEL,2014,11.83518981933594,BEL,Europe,total
BEL,2015,12.00726985931396,BEL,Europe,total
BEL,2016,12.15122032165527,BEL,Europe,total
BEL,2017,12.34185981750488,BEL,Europe,total
BEL,2018,12.18058013916016,BEL,Europe,total
BEL,2019,12.2196102142334,BEL,Europe,total
BEL,2020,11.55578994750977,BEL,Europe,total
BEL,2021,11.6143798828125,BEL,Europe,total
BEL,2022,12.01037979125977,BEL,Europe,total
BEN,2000,13.51319980621338,BEN,Africa,total
BEN,2001,15.31058025360107,BEN,Africa,total
BEN,2002,14.12907981872559,BEN,Africa,total
BEN,2003,16.68252944946289,BEN,Africa,total
BEN,2004,19.21394920349121,BEN,Africa,total
BEN,2005,18.79039001464844,BEN,Africa,total
BEN,2006,19.70960998535156,BEN,Africa,total
BEN,2007,14.94869041442871,BEN,Africa,total
BEN,2008,19.08857917785645,BEN,Africa,total
BEN,2009,18.17561912536621,BEN,Africa,total
BEN,2010,26.14396095275879,BEN,Africa,total
BEN,2012,25.02131080627441,BEN,Africa,total
BEN,2013,22.34122085571289,BEN,Africa,total
BEN,2014,22.22771072387695,BEN,Africa,total
BEN,2015,17.47952079772949,BEN,Africa,total
BEN,2016,18.79140090942383,BEN,Africa,total
BEN,2017,19.8796501159668,BEN,Africa,total
BEN,2018,17.70918083190918,BEN,Africa,total
BEN,2019,18.86811614915913,BEN,Africa,total
BEN,2020,15.72035389877586,BEN,Africa,total
BEN,2021,14.7747873406015,BEN,Africa,total
BEN,2022,14.99147068718993,BEN,Africa,total
BEN,2023,15.797556817439,BEN,Africa,total
BEN,2024,17.96803182192264,BEN,Africa,total
BFA,2005,19.49419021606445,BFA,Africa,total
BFA,2006,18.20170021057129,BFA,Africa,total
BFA,2007,17.86381912231445,BFA,Africa,total
BFA,2010,16.17281913757324,BFA,Africa,total
BFA,2011,19.5006103515625,BFA,Africa,total
BFA,2012,15.8953800201416,BFA,Africa,total
BFA,2013,16.16527938842773,BFA,Africa,total
BFA,2014,19.36811065673828,BFA,Africa,total
BFA,2015,18.02708053588867,BFA,Africa,total
BFA,2017,21.44400024414063,BFA,Africa,total
BFA,2018,22.66116905212402,BFA,Africa,total
BFA,2019,21.65662042305029,BFA,Africa,total
BFA,2020,20.99245879205485,BFA,Africa,total
BFA,2021,21.39246515992313,BFA,Africa,total
BFA,2022,21.9580967321077,BFA,Africa,total
BFA,2023,20.2971969686914,BFA,Africa,total
BGD,2000,20.49041938781738,BGD,Asia,total
BGD,2001,18.58477973937988,BGD,Asia,total
BGD,2002,15.69379997253418,BGD,Asia,total
BGD,2003,16.6816291809082,BGD,Asia,total
BGD,2004,15.95312023162842,BGD,Asia,total
BGD,2006,17.3365306854248,BGD,Asia,total
BGD,2007,18.15340042114258,BGD,Asia,total
BGD,2008,17.81619071960449,BGD,Asia,total
BGD,2009,14.02987003326416,BGD,Asia,total
BGD,2011,16.79397010803223,BGD,Asia,total
BGD,2012,15.74512004852295,BGD,Asia,total
BGD,2013,14.03464984893799,BGD,Asia,total
BGD,2014,13.30632793577933,BGD,Asia,total
BGD,2015,12.04410314352193,BGD,Asia,total
BGD,2016,11.0494499206543,BGD,Asia,total
BGD,2018,14.24517178526184,BGD,Asia,total
BGD,2019,8.732950210571289,BGD,Asia,total
BGD,2020,15.03070258948972,BGD,Asia,total
BGD,2021,12.76997604748202,BGD,Asia,total
BGD,2022,12.40404380791912,BGD,Asia,total
BGD,2023,13.00122481669384,BGD,Asia,total
BGD,2024,11.99301640226573,BGD,Asia,total
BGR,2001,9.277739524841309,BGR,Europe,total
BGR,2002,9.654319763183594,BGR,Europe,total
BGR,2003,11.18025016784668,BGR,Europe,total
BGR,2004,12.27917957305908,BGR,Europe,total
BGR,2005,12.07252025604248,BGR,Europe,total
BGR,2006,12.01047992706299,BGR,Europe,total
BGR,2007,11.11392021179199,BGR,Europe,total
BGR,2008,12.61225986480713,BGR,Europe,total
BGR,2009,12.6567497253418,BGR,Europe,total
BGR,2010,11.16341972351074,BGR,Europe,total
BGR,2011,11.10004997253418,BGR,Europe,total
BGR,2012,10.69091987609863,BGR,Europe,total
BGR,2013,11.43980026245117,BGR,Europe,total
BGR,2014,11.31035041809082,BGR,Europe,total
BGR,2015,10.40633964538574,BGR,Europe,total
BGR,2016,11.6558198928833,BGR,Europe,total
BGR,2017,12.73095035552979,BGR,Europe,total
BGR,2018,11.79002952575684,BGR,Europe,total
BGR,2019,11.70670986175537,BGR,Europe,total
BGR,2020,11.91499996185303,BGR,Europe,total
BGR,2021,12.25271034240723,BGR,Europe,total
BGR,2022,11.98184967041016,BGR,Europe,total
BHR,2006,11.91866016387939,BHR,Asia,total
BHR,2007,11.02672958374023,BHR,Asia,total
BHR,2008,10.55867004394531,BHR,Asia,total
BHR,2010,8.625524229684478,BHR,Asia,total
BHR,2011,8.769654500444263,BHR,Asia,total
BHR,2012,8.179829597473145,BHR,Asia,total
BHR,2013,7.458600044250488,BHR,Asia,total
BHR,2014,8.684029579162598,BHR,Asia,total
BHR,2015,7.328189849853516,BHR,Asia,total
BHR,2016,9.620668061041863,BHR,Asia,total
BHR,2017,7.223849773406982,BHR,Asia,total
BHR,2018,9.25130901584206,BHR,Asia,total
BHR,2019,8.55740317815593,BHR,Asia,total
BHR,2020,7.138605286289597,BHR,Asia,total
BHR,2021,7.664672447013593,BHR,Asia,total
BHR,2022,7.660179863727669,BHR,Asia,total
BHR,2023,7.724914375449581,BHR,Asia,total
BHR,2024,8.7409747478851,BHR,Asia,total
BHS,2000,19.79520988464355,BHS,North America,total
BHS,2010,12.49522559877134,BHS,North America,total
BHS,2011,12.36150148265652,BHS,North America,total
BHS,2012,12.17644841679832,BHS,North America,total
BHS,2013,12.14246608523937,BHS,North America,total
BHS,2014,12.08616846380537,BHS,North America,total
BHS,2015,11.55411694216819,BHS,North America,total
BHS,2016,11.64422612027612,BHS,North America,total
BHS,2017,11.53251878655341,BHS,North America,total
BHS,2018,12.79880419210419,BHS,North America,total
BHS,2019,12.91649652305366,BHS,North America,total
BHS,2020,12.65664036288942,BHS,North America,total
BHS,2021,10.68517684956843,BHS,North America,total
BHS,2022,10.35661261851113,BHS,North America,total
BHS,2023,11.59723907553566,BHS,North America,total
BHS,2024,10.84636552563694,BHS,North America,total
BIH,2016,10.2874002456665,BIH,Europe,total
BIH,2018,9.630789756774902,BIH,Europe,total
BIH,2019,10.13315010070801,BIH,Europe,total
BIH,2021,10.1768798828125,BIH,Europe,total
BLR,2000,0.0,BLR,Europe,total
BLR,2004,12.55235004425049,BLR,Europe,total
BLR,2005,12.62010955810547,BLR,Europe,total
BLR,2006,12.45032024383545,BLR,Europe,total
BLR,2007,10.13372039794922,BLR,Europe,total
BLR,2009,8.449549674987793,BLR,Europe,total
BLR,2010,11.77812957763672,BLR,Europe,total
BLR,2011,11.62664985656738,BLR,Europe,total
BLR,2012,12.75230026245117,BLR,Europe,total
BLR,2013,12.2739896774292,BLR,Europe,total
BLR,2014,12.40672016143799,BLR,Europe,total
BLR,2015,11.46173000335693,BLR,Europe,total
BLR,2016,12.15878009796143,BLR,Europe,total
BLR,2017,12.28168964385986,BLR,Europe,total
BLR,2018,12.7802095413208,BLR,Europe,total
BLR,2019,13.33073997497559,BLR,Europe,total
BLR,2020,12.78114986419678,BLR,Europe,total
BLR,2021,12.81599998474121,BLR,Europe,total
BLR,2022,12.17733001708984,BLR,Europe,total
BLR,2023,12.2770299911499,BLR,Europe,total
BLR,2024,12.34191989898682,BLR,Europe,total
BLZ,2000,15.61225986480713,BLZ,North America,total
BLZ,2001,18.30537033081055,BLZ,North America,total
BLZ,2003,16.02519035339355,BLZ,North America,total
BLZ,2004,16.32427978515625,BLZ,North America,total
BLZ,2008,19.4965991973877,BLZ,North America,total
BLZ,2009,22.05760955810547,BLZ,North America,total
BLZ,2010,22.61046981811523,BLZ,North America,total
BLZ,2011,21.5642707347762,BLZ,North America,total
BLZ,2012,21.23012168501997,BLZ,North America,total
BLZ,2013,23.13282012939453,BLZ,North America,total
BLZ,2014,21.56307983398438,BLZ,North America,total
BLZ,2015,21.59255027770996,BLZ,North America,total
BLZ,2016,20.48530006408691,BLZ,North America,total
BLZ,2017,21.5186595916748,BLZ,North America,total
BLZ,2018,22.14901924133301,BLZ,North America,total
BLZ,2019,22.22006034851074,BLZ,North America,total
BLZ,2020,18.99353981018066,BLZ,North America,total
BLZ,2021,17.95356941223145,BLZ,North America,total
BLZ,2022,17.83135032653809,BLZ,North America,total
BLZ,2023,18.05937957763672,BLZ,North America,total
BLZ,2024,18.9034569346512,BLZ,North America,total
BMU,2003,11.03660011291504,BMU,North America,total
BMU,2004,11.11384963989258,BMU,North America,total
BMU,2005,12.10540008544922,BMU,North America,total
BMU,2009,13.97043037414551,BMU,North America,total
BMU,2010,12.93424034118652,BMU,North America,total
BMU,2014,7.796440124511719,BMU,North America,total
BMU,2015,9.018799781799316,BMU,North America,total
BMU,2017,7.773469924926758,BMU,North America,total
BOL,2006,21.56677055358887,BOL,South America,total
BOL,2007,20.58189964294434,BOL,South America,total
BOL,2008,19.02747917175293,BOL,South America,total
BOL,2009,22.81318092346191,BOL,South America,total
BOL,2010,22.13941955566406,BOL,South America,total
BOL,2011,18.24453926086426,BOL,South America,total
BOL,2012,18.39156913757324,BOL,South America,total
BOL,2013,19.19638061523438,BOL,South America,total
BOL,2014,18.1302604675293,BOL,South America,total
BOL,2015,18.29406929016113,BOL,South America,total
BOL,2016,20.37919044494629,BOL,South America,total
BOL,2017,20.95578956604004,BOL,South America,total
BOL,2018,21.25337982177734,BOL,South America,total
BOL,2019,22.38405990600586,BOL,South America,total
BOL,2020,22.94177055358887,BOL,South America,total
BOL,2021,22.90138053894043,BOL,South America,total
BOL,2022,21.04229927062988,BOL,South America,total
BOL,2023,20.39962959289551,BOL,South America,total
BOL,2024,20.16016006469727,BOL,South America,total
BRA,2000,0.0,BRA,South America,total
BRA,2001,9.65944004058838,BRA,South America,total
BRA,2002,8.428790092468262,BRA,South America,total
BRA,2004,10.01616954803467,BRA,South America,total
BRA,2005,10.69752025604248,BRA,South America,total
BRA,2006,11.44332981109619,BRA,South America,total
BRA,2007,12.32724952697754,BRA,South America,total
BRA,2008,13.19997024536133,BRA,South America,total
BRA,2009,13.47807025909424,BRA,South America,total
BRA,2010,14.29500961303711,BRA,South America,total
BRA,2011,14.57406997680664,BRA,South America,total
BRA,2012,14.89486980438232,BRA,South America,total
BRA,2013,14.67778968811035,BRA,South America,total
BRA,2014,14.35914039611816,BRA,South America,total
BRA,2015,13.51146030426025,BRA,South America,total
BRA,2016,13.8761100769043,BRA,South America,total
BRA,2017,14.26830959320068,BRA,South America,total
BRA,2018,13.78094005584717,BRA,South America,total
BRA,2019,13.85472011566162,BRA,South America,total
BRA,2020,12.49825000762939,BRA,South America,total
BRA,2021,13.61616039276123,BRA,South America,total
BRA,2022,12.93400955200195,BRA,South America,total
BRB,2000,22.15035057067871,BRB,North America,total
BRB,2001,26.88882064819336,BRB,North America,total
BRB,2002,24.72448921203613,BRB,North America,total
BRB,2003,18.58456039428711,BRB,North America,total
BRB,2004,18.61813926696777,BRB,North America,total
BRB,2005,18.24297904968262,BRB,North America,total
BRB,2007,17.22097015380859,BRB,North America,total
BRB,2008,15.71065044403076,BRB,North America,total
BRB,2009,16.1005802154541,BRB,North America,total
BRB,2010,18.0963306427002,BRB,North America,total
BRB,2012,16.70269012451172,BRB,North America,total
BRB,2013,14.84482002258301,BRB,North America,total
BRB,2014,17.45105934143066,BRB,North America,total
BRB,2015,17.80954719358017,BRB,North America,total
BRB,2016,13.36244964599609,BRB,North America,total
BRB,2017,12.879150390625,BRB,North America,total
BRB,2018,16.3585713461348,BRB,North America,total
BRB,2019,13.85986042022705,BRB,North America,total
BRB,2020,16.14246940612793,BRB,North America,total
BRB,2021,14.84473037719727,BRB,North America,total
BRB,2022,12.73071956634521,BRB,North America,total
BRB,2023,12.4731502532959,BRB,North America,total
BRB,2024,11.83971733960862,BRB,North America,total
BRN,2000,8.920740127563477,BRN,Asia,total
BRN,2010,5.302080154418945,BRN,Asia,total
BRN,2011,9.18218994140625,BRN,Asia,total
BRN,2012,9.726420402526855,BRN,Asia,total
BRN,2014,9.984600067138672,BRN,Asia,total
BRN,2016,11.44194984436035,BRN,Asia,total
BTN,2000,13.92039012908936,BTN,Asia,total
BTN,2001,13.22609996795654,BTN,Asia,total
BTN,2004,18.60663032531738,BTN,Asia,total
BTN,2005,22.83286094665527,BTN,Asia,total
BTN,2008,15.10490989685059,BTN,Asia,total
BTN,2009,12.84471035003662,BTN,Asia,total
BTN,2010,10.29551982879639,BTN,Asia,total
BTN,2011,11.38751029968262,BTN,Asia,total
BTN,2013,15.68694972991943,BTN,Asia,total
BTN,2014,17.45413970947266,BTN,Asia,total
BTN,2015,25.34506988525391,BTN,Asia,total
BTN,2016,24.36861991882324,BTN,Asia,total
BTN,2017,23.04472923278809,BTN,Asia,total
BTN,2018,21.85482025146484,BTN,Asia,total
BTN,2019,18.08603525567063,BTN,Asia,total
BTN,2020,16.25513860217371,BTN,Asia,total
BTN,2021,16.90229552017217,BTN,Asia,total
BTN,2022,22.10643543228469,BTN,Asia,total
BTN,2023,19.19111061096191,BTN,Asia,total
BTN,2024,17.17575353471745,BTN,Asia,total
BWA,2005,25.82353019714355,BWA,Africa,total
BWA,2007,26.50778961181641,BWA,Africa,total
BWA,2009,20.4773998260498,BWA,Africa,total
BWA,2010,23.55052847334032,BWA,Africa,total
BWA,2011,24.19450015552829,BWA,Africa,total
BWA,2012,21.67181957951714,BWA,Africa,total
BWA,2013,20.91291976578029,BWA,Africa,total
BWA,2014,22.66012520102593,BWA,Africa,total
BWA,2015,23.05355280998783,BWA,Africa,total
BWA,2016,22.00429103147222,BWA,Africa,total
BWA,2017,22.8162628925243,BWA,Africa,total
BWA,2018,22.56106645769163,BWA,Africa,total
BWA,2019,22.34200103692729,BWA,Africa,total
BWA,2020,21.46508740641373,BWA,Africa,total
CAF,2000,9.93076992034912,CAF,Africa,total
CAF,2002,9.199870109558104,CAF,Africa,total
CAF,2003,12.01257991790771,CAF,Africa,total
CAF,2004,12.04712963104248,CAF,Africa,total
CAF,2005,9.666500091552734,CAF,Africa,total
CAF,2006,10.05424022674561,CAF,Africa,total
CAF,2007,9.86948013305664,CAF,Africa,total
CAF,2008,7.860000133514404,CAF,Africa,total
CAF,2009,7.841720104217529,CAF,Africa,total
CAF,2010,6.475379943847656,CAF,Africa,total
CAF,2011,7.825459957122803,CAF,Africa,total
CAF,2012,10.61656912548137,CAF,Africa,total
CAF,2013,8.083443903931409,CAF,Africa,total
CAF,2014,9.387187516772306,CAF,Africa,total
CAF,2015,8.386741861801614,CAF,Africa,total
CAF,2016,7.31902194047271,CAF,Africa,total
CAF,2017,8.895049900832982,CAF,Africa,total
CAF,2018,9.135496419530964,CAF,Africa,total
CAF,2019,9.79781209629898,CAF,Africa,total
CAF,2020,9.782442732726116,CAF,Africa,total
CAF,2021,9.088691997242645,CAF,Africa,total
CAF,2022,10.7420521886098,CAF,Africa,total
CAF,2023,9.993928156111604,CAF,Africa,total
CAN,2000,12.98260021209717,CAN,North America,total
CAN,2001,12.21224021911621,CAN,North America,total
CAN,2002,12.14789962768555,CAN,North America,total
CAN,2005,12.17807006835938,CAN,North America,total
CAN,2007,12.32855987548828,CAN,North America,total
CAN,2008,12.00996017456055,CAN,North America,total
CAN,2009,12.48363971710205,CAN,North America,total
CAN,2010,12.33596038818359,CAN,North America,total
CAN,2011,12.21914005279541,CAN,North America,total
CAN,2013,11.21290969848633,CAN,North America,total
CAN,2014,12.12088012695313,CAN,North America,total
CAN,2015,12.35161972045898,CAN,North America,total
CAN,2016,12.03549957275391,CAN,North America,total
CAN,2017,12.17074012756348,CAN,North America,total
CAN,2018,12.08487033843994,CAN,North America,total
CAN,2019,11.73793983459473,CAN,North America,total
CAN,2020,12.04234981536865,CAN,North America,total
CAN,2021,9.068719863891602,CAN,North America,total
CAN,2022,10.65355968475342,CAN,North America,total
CHE,2000,14.4521598815918,CHE,Europe,total
CHE,2001,15.25533962249756,CHE,Europe,total
CHE,2002,15.18126010894775,CHE,Europe,total
CHE,2003,16.19942092895508,CHE,Europe,total
CHE,2004,16.09639930725098,CHE,Europe,total
CHE,2005,15.70398998260498,CHE,Europe,total
CHE,2006,15.85387992858887,CHE,Europe,total
CHE,2007,15.56042003631592,CHE,Europe,total
CHE,2008,15.88504028320313,CHE,Europe,total
CHE,2009,15.52213954925537,CHE,Europe,total
CHE,2010,15.28763961791992,CHE,Europe,total
CHE,2011,15.44705009460449,CHE,Europe,total
CHE,2012,15.47457027435303,CHE,Europe,total
CHE,2013,15.09430980682373,CHE,Europe,total
CHE,2014,15.32168960571289,CHE,Europe,total
CHE,2015,15.38836002349854,CHE,Europe,total
CHE,2016,15.36046981811523,CHE,Europe,total
CHE,2017,15.46105003356934,CHE,Europe,total
CHE,2018,15.52597045898438,CHE,Europe,total
CHE,2019,15.67673969268799,CHE,Europe,total
CHE,2020,14.27455997467041,CHE,Europe,total
CHE,2021,14.60931015014648,CHE,Europe,total
CHE,2022,15.41516971588135,CHE,Europe,total
CHL,2000,16.42790985107422,CHL,South America,total
CHL,2002,17.45059967041016,CHL,South America,total
CHL,2003,17.63722038269043,CHL,South America,total
CHL,2004,17.02104949951172,CHL,South America,total
CHL,2005,16.19908905029297,CHL,South America,total
CHL,2006,16.23127937316895,CHL,South America,total
CHL,2007,16.74641036987305,CHL,South America,total
CHL,2008,17.40113067626953,CHL,South America,total
CHL,2009,17.03561019897461,CHL,South America,total
CHL,2010,17.85330963134766,CHL,South America,total
CHL,2011,17.7475700378418,CHL,South America,total
CHL,2013,19.67765045166016,CHL,South America,total
CHL,2014,19.9210090637207,CHL,South America,total
CHL,2015,19.59370994567871,CHL,South America,total
CHL,2016,21.15559959411621,CHL,South America,total
CHL,2017,21.31123924255371,CHL,South America,total
CHL,2018,21.36606979370117,CHL,South America,total
CHL,2019,21.23362922668457,CHL,South America,total
CHL,2020,19.35458946228027,CHL,South America,total
CHL,2021,14.88084983825684,CHL,South America,total
CHL,2022,18.37988090515137,CHL,South America,total
CHN,2023,11.90557956695557,CHN,Asia,total
CIV,2000,20.80694961547852,CIV,Africa,total
CIV,2001,23.20203018188477,CIV,Africa,total
CIV,2002,22.59230041503906,CIV,Africa,total
CIV,2003,22.64822959899902,CIV,Africa,total
CIV,2004,22.1071605682373,CIV,Africa,total
CIV,2005,21.84568977355957,CIV,Africa,total
CIV,2006,20.01789093017578,CIV,Africa,total
CIV,2007,20.75588035583496,CIV,Africa,total
CIV,2008,21.52691078186035,CIV,Africa,total
CIV,2009,22.18955993652344,CIV,Africa,total
CIV,2010,22.77275085449219,CIV,Africa,total
CIV,2011,22.42686080932617,CIV,Africa,total
CIV,2012,20.85876083374023,CIV,Africa,total
CIV,2013,21.57472991943359,CIV,Africa,total
CIV,2014,21.76678085327148,CIV,Africa,total
CIV,2015,21.17321968078613,CIV,Africa,total
CIV,2016,22.38759994506836,CIV,Africa,total
CIV,2017,20.63349914550781,CIV,Africa,total
CIV,2018,18.28890037536621,CIV,Africa,total
CIV,2019,19.8460693359375,CIV,Africa,total
CIV,2020,18.59025001525879,CIV,Africa,total
CIV,2021,16.26627922058105,CIV,Africa,total
CIV,2022,15.90301036834717,CIV,Africa,total
CIV,2023,15.94645977020264,CIV,Africa,total
CIV,2024,17.62277030944824,CIV,Africa,total
CMR,2000,11.68369960784912,CMR,Africa,total
CMR,2001,15.73330974578857,CMR,Africa,total
CMR,2003,21.44202041625977,CMR,Africa,total
CMR,2004,20.84712028503418,CMR,Africa,total
CMR,2005,21.37760925292969,CMR,Africa,total
CMR,2006,20.31266021728516,CMR,Africa,total
CMR,2007,21.37933921813965,CMR,Africa,total
CMR,2008,15.70061016082764,CMR,Africa,total
CMR,2009,19.7797908782959,CMR,Africa,total
CMR,2010,18.7538890838623,CMR,Africa,total
CMR,2011,14.86777019500732,CMR,Africa,total
CMR,2012,15.17621994018555,CMR,Africa,total
CMR,2013,13.82495021820068,CMR,Africa,total
CMR,2014,12.87975978851318,CMR,Africa,total
CMR,2015,13.24398994445801,CMR,Africa,total
CMR,2016,12.69468975067139,CMR,Africa,total
CMR,2017,15.91281032562256,CMR,Africa,total
CMR,2018,16.88315963745117,CMR,Africa,total
CMR,2019,14.17869849931574,CMR,Africa,total
CMR,2020,14.45112220468882,CMR,Africa,total
CMR,2021,15.04790385368358,CMR,Africa,total
CMR,2022,12.76697549752368,CMR,Africa,total
CMR,2023,13.08295109449348,CMR,Africa,total
CMR,2024,13.83037652518901,CMR,Africa,total
COD,2010,9.578410148620604,COD,Africa,total
COD,2013,16.17480087280273,COD,Africa,total
COD,2014,13.35221004486084,COD,Africa,total
COD,2015,14.85070037841797,COD,Africa,total
COD,2016,14.22933959960938,COD,Africa,total
COD,2017,13.14776992797852,COD,Africa,total
COG,2002,9.054849624633787,COG,Africa,total
COG,2003,9.519949913024902,COG,Africa,total
COG,2004,8.561809539794922,COG,Africa,total
COG,2005,7.597819805145264,COG,Africa,total
COG,2010,24.72777938842773,COG,Africa,total
COG,2011,6.493709291750934,COG,Africa,total
COG,2013,14.7248982435275,COG,Africa,total
COG,2014,6.555920124053955,COG,Africa,total
COG,2015,7.950399875640869,COG,Africa,total
COG,2016,8.709630671311789,COG,Africa,total
COG,2017,15.68577003479004,COG,Africa,total
COG,2018,15.58290004730225,COG,Africa,total
COG,2019,17.00742215760968,COG,Africa,total
COG,2020,17.00914003582359,COG,Africa,total
COG,2021,16.56100485034036,COG,Africa,total
COG,2022,15.50950162568215,COG,Africa,total
COG,2023,14.72915282472632,COG,Africa,total
COK,2000,6.694660186767578,COK,Oceania,total
COK,2011,9.642640113830566,COK,Oceania,total
COK,2012,8.308850288391113,COK,Oceania,total
COK,2013,8.808850288391113,COK,Oceania,total
COK,2014,11.55288982391357,COK,Oceania,total
COK,2015,10.16181958017452,COK,Oceania,total
COK,2016,11.17017530648799,COK,Oceania,total
COK,2017,9.20479966911298,COK,Oceania,total
COK,2018,11.99343020721017,COK,Oceania,total
COK,2019,10.97759781240471,COK,Oceania,total
COK,2020,7.931153019050437,COK,Oceania,total
COK,2021,7.508371527452998,COK,Oceania,total
COK,2022,8.88137054765592,COK,Oceania,total
COK,2023,8.88137054765592,COK,Oceania,total
COK,2024,11.74517049350519,COK,Oceania,total
COM,2002,15.789719581604,COM,Africa,total
COM,2008,29.23311996459961,COM,Africa,total
COM,2011,21.41486930847168,COM,Africa,total
COM,2012,18.49151039123535,COM,Africa,total
COM,2013,16.07073020935059,COM,Africa,total
COM,2014,18.89289093017578,COM,Africa,total
COM,2015,13.35365009307861,COM,Africa,total
COM,2020,11.47596467202517,COM,Africa,total
COM,2021,10.28568683717058,COM,Africa,total
COM,2022,10.47602302600098,COM,Africa,total
COM,2023,11.0260827119111,COM,Africa,total
COM,2024,9.933377655502706,COM,Africa,total
CPV,2002,19.7662296295166,CPV,Africa,total
CPV,2004,20.84048080444336,CPV,Africa,total
CPV,2006,17.54058074951172,CPV,Africa,total
CPV,2007,18.32875061035156,CPV,Africa,total
CPV,2008,18.24098968505859,CPV,Africa,total
CPV,2009,15.886549949646,CPV,Africa,total
CPV,2010,14.21689987182617,CPV,Africa,total
CPV,2011,15.15328025817871,CPV,Africa,total
CPV,2012,16.1216750633724,CPV,Africa,total
CPV,2013,14.77822971343994,CPV,Africa,total
CPV,2014,16.28219032287598,CPV,Africa,total
CPV,2015,16.74822998046875,CPV,Africa,total
CPV,2016,17.84300994873047,CPV,Africa,total
CPV,2017,16.4125804901123,CPV,Africa,total
CPV,2018,17.56854079329492,CPV,Africa,total
CPV,2019,15.15369987487793,CPV,Africa,total
CPV,2020,17.09018707185526,CPV,Africa,total
CPV,2021,15.11298200301099,CPV,Africa,total
CPV,2022,15.69360418589167,CPV,Africa,total
CPV,2023,14.70472311499097,CPV,Africa,total
CPV,2024,13.40885595218155,CPV,Africa,total
CRI,2000,18.81950950622559,CRI,North America,total
CRI,2001,19.1528205871582,CRI,North America,total
CRI,2002,19.24049949645996,CRI,North America,total
CRI,2003,20.15172004699707,CRI,North America,total
CRI,2004,20.43088912963867,CRI,North America,total
CRI,2006,20.64333915710449,CRI,North America,total
CRI,2007,21.02189064025879,CRI,North America,total
CRI,2008,20.81096076965332,CRI,North America,total
CRI,2009,23.4082202911377,CRI,North America,total
CRI,2010,22.88088989257813,CRI,North America,total
CRI,2011,23.00962066650391,CRI,North America,total
CRI,2012,23.50156021118164,CRI,North America,total
CRI,2013,22.83090972900391,CRI,North America,total
CRI,2014,23.10952949523926,CRI,North America,total
CRI,2015,23.3734302520752,CRI,North America,total
CRI,2016,23.4232006072998,CRI,North America,total
CRI,2017,30.15142059326172,CRI,North America,total
CRI,2018,26.086669921875,CRI,North America,total
CRI,2019,32.59157943725586,CRI,North America,total
CRI,2020,30.08221054077148,CRI,North America,total
CRI,2021,31.1666202545166,CRI,North America,total
CRI,2022,21.58196067810059,CRI,North America,total
CRI,2023,20.37882995605469,CRI,North America,total
CUB,2012,16.47883094348026,CUB,North America,total
CUB,2013,16.51965319041797,CUB,North America,total
CUB,2014,15.80173823117369,CUB,North America,total
CUB,2015,15.26356828174869,CUB,North America,total
CUB,2016,14.93756539716783,CUB,North America,total
CUB,2017,13.56491398652213,CUB,North America,total
CUB,2018,12.65997455831457,CUB,North America,total
CUB,2019,14.22594333096668,CUB,North America,total
CUB,2020,16.66110044251482,CUB,North America,total
CUB,2021,15.96662987024738,CUB,North America,total
CUB,2022,16.95996416926849,CUB,North America,total
CUW,2010,25.71545206130219,CUW,North America,total
CUW,2011,16.57671363322861,CUW,North America,total
CUW,2012,16.1475990687922,CUW,North America,total
CUW,2013,18.33178214796874,CUW,North America,total
CUW,2014,18.05021356973694,CUW,North America,total
CUW,2015,17.17136269511968,CUW,North America,total
CUW,2016,11.77755647673986,CUW,North America,total
CUW,2017,16.16595516231673,CUW,North America,total
CUW,2018,16.98187022385538,CUW,North America,total
CUW,2019,17.02933427620147,CUW,North America,total
CUW,2020,13.7589443706295,CUW,North America,total
CUW,2021,14.27061961855634,CUW,North America,total
CUW,2022,11.88024951477075,CUW,North America,total
CUW,2023,16.23445339008584,CUW,North America,total
CUW,2024,16.43770724774988,CUW,North America,total
CYM,2018,14.92417011710189,CYM,North America,total
CYM,2019,14.95815752230223,CYM,North America,total
CYP,2000,14.26830959320068,CYP,Asia,total
CYP,2001,14.32157039642334,CYP,Asia,total
CYP,2002,14.91421031951904,CYP,Asia,total
CYP,2003,16.51523017883301,CYP,Asia,total
CYP,2004,15.83298015594482,CYP,Asia,total
CYP,2005,15.83936023712158,CYP,Asia,total
CYP,2006,16.17962074279785,CYP,Asia,total
CYP,2007,16.72047996520996,CYP,Asia,total
CYP,2008,17.59074974060059,CYP,Asia,total
CYP,2009,17.20125007629395,CYP,Asia,total
CYP,2010,15.64949035644531,CYP,Asia,total
CYP,2011,15.49765014648438,CYP,Asia,total
CYP,2013,15.3621301651001,CYP,Asia,total
CYP,2014,12.33479976654053,CYP,Asia,total
CYP,2015,14.6587495803833,CYP,Asia,total
CYP,2016,15.4384298324585,CYP,Asia,total
CYP,2017,14.8294095993042,CYP,Asia,total
CYP,2019,12.82557010650635,CYP,Asia,total
CYP,2020,12.11332035064697,CYP,Asia,total
CYP,2021,11.92158985137939,CYP,Asia,total
CYP,2022,12.48295021057129,CYP,Asia,total
CZE,2000,8.917739868164062,CZE,Europe,total
CZE,2001,8.618889808654785,CZE,Europe,total
CZE,2002,8.864620208740234,CZE,Europe,total
CZE,2003,8.382209777832031,CZE,Europe,total
CZE,2004,9.432900428771973,CZE,Europe,total
CZE,2005,9.124210357666016,CZE,Europe,total
CZE,2006,10.1192798614502,CZE,Europe,total
CZE,2007,9.51356029510498,CZE,Europe,total
CZE,2008,9.119939804077148,CZE,Europe,total
CZE,2009,9.346969604492188,CZE,Europe,total
CZE,2010,9.244799613952637,CZE,Europe,total
CZE,2011,9.822460174560549,CZE,Europe,total
CZE,2012,9.444860458374023,CZE,Europe,total
CZE,2013,9.488269805908203,CZE,Europe,total
CZE,2014,9.303239822387695,CZE,Europe,total
CZE,2015,13.71592044830322,CZE,Europe,total
CZE,2016,13.97049045562744,CZE,Europe,total
CZE,2017,9.763449668884276,CZE,Europe,total
CZE,2018,10.50821018218994,CZE,Europe,total
CZE,2019,11.06536960601807,CZE,Europe,total
CZE,2020,9.999500274658203,CZE,Europe,total
CZE,2021,10.33135986328125,CZE,Europe,total
CZE,2022,10.00936031341553,CZE,Europe,total
DEU,2008,10.07110977172852,DEU,Europe,total
DEU,2010,10.38199043273926,DEU,Europe,total
DEU,2011,10.79154968261719,DEU,Europe,total
DEU,2012,10.71685981750488,DEU,Europe,total
DEU,2013,10.71767997741699,DEU,Europe,total
DEU,2014,10.84512996673584,DEU,Europe,total
DEU,2015,10.69878005981445,DEU,Europe,total
DEU,2016,10.65153980255127,DEU,Europe,total
DEU,2017,10.72179985046387,DEU,Europe,total
DEU,2018,10.92897033691406,DEU,Europe,total
DEU,2019,11.03421974182129,DEU,Europe,total
DEU,2020,10.78824996948242,DEU,Europe,total
DEU,2021,10.57594966888428,DEU,Europe,total
DEU,2022,10.68212032318115,DEU,Europe,total
DJI,2000,29.38595008850098,DJI,Africa,total
DJI,2001,26.28001976013184,DJI,Africa,total
DJI,2002,25.48930931091309,DJI,Africa,total
DJI,2003,24.2714900970459,DJI,Africa,total
DJI,2004,24.70113945007324,DJI,Africa,total
DJI,2005,22.71504974365234,DJI,Africa,total
DJI,2006,24.70796012878418,DJI,Africa,total
DJI,2007,22.52743911743164,DJI,Africa,total
DJI,2010,12.32839965820313,DJI,Africa,total
DJI,2015,8.57643985748291,DJI,Africa,total
DJI,2016,15.15958976745605,DJI,Africa,total
DJI,2017,15.64371967315674,DJI,Africa,total
DJI,2018,14.47414970397949,DJI,Africa,total
DMA,2015,10.20800971984863,DMA,North America,total
DMA,2016,12.6980996948118,DMA,North America,total
DMA,2017,9.749302418283284,DMA,North America,total
DMA,2018,8.445836483421536,DMA,North America,total
DMA,2019,8.298299789428711,DMA,North America,total
DMA,2020,10.66617012023926,DMA,North America,total
DMA,2021,7.76732754491018,DMA,North America,total
DMA,2022,9.356604358153463,DMA,North America,total
DMA,2023,6.412836916666667,DMA,North America,total
DMA,2024,7.090665076051297,DMA,North America,total
DNK,2000,15.30189990997314,DNK,Europe,total
DNK,2001,15.49320983886719,DNK,Europe,total
DNK,2002,15.45448970794678,DNK,Europe,total
DNK,2003,15.15820980072021,DNK,Europe,total
DNK,2004,15.50994968414307,DNK,Europe,total
DNK,2005,15.79619026184082,DNK,Europe,total
DNK,2006,15.52223014831543,DNK,Europe,total
DNK,2007,15.36106014251709,DNK,Europe,total
DNK,2008,14.80020046234131,DNK,Europe,total
DNK,2009,14.93513011932373,DNK,Europe,total
DNK,2010,15.12911033630371,DNK,Europe,total
DNK,2011,15.05974960327148,DNK,Europe,total
DNK,2012,12.51296997070313,DNK,Europe,total
DNK,2013,15.23678970336914,DNK,Europe,total
DNK,2014,13.86225032806396,DNK,Europe,total
DNK,2016,14.73752021789551,DNK,Europe,total
DNK,2017,14.56484985351563,DNK,Europe,total
DNK,2018,14.43712997436523,DNK,Europe,total
DNK,2019,14.60803031921387,DNK,Europe,total
DNK,2020,13.84665012359619,DNK,Europe,total
DNK,2021,14.07894992828369,DNK,Europe,total
DNK,2022,14.16075992584229,DNK,Europe,total
DOM,2000,13.39904022216797,DOM,North America,total
DOM,2001,13.21448040008545,DOM,North America,total
DOM,2002,11.61762046813965,DOM,North America,total
DOM,2003,10.70979022979736,DOM,North America,total
DOM,2007,12.54104995727539,DOM,North America,total
DOM,2010,9.875718105797617,DOM,North America,total
DOM,2011,10.63718033579033,DOM,North America,total
DOM,2013,21.70730648981093,DOM,North America,total
DOM,2014,21.54460429943541,DOM,North America,total
DOM,2015,22.31356993478897,DOM,North America,total
DOM,2016,21.9452020986914,DOM,North America,total
DOM,2017,22.34360032877145,DOM,North America,total
DOM,2018,22.15546882873581,DOM,North America,total
DOM,2019,22.34150730083174,DOM,North America,total
DOM,2020,20.63404198848996,DOM,North America,total
DOM,2021,19.59417804309385,DOM,North America,total
DOM,2022,19.2600265459877,DOM,North America,total
DOM,2023,20.55798350419906,DOM,North America,total
DOM,2024,21.86369775622919,DOM,North America,total
DZA,2008,11.02075958251953,DZA,Africa,total
DZA,2010,17.76915671014429,DZA,Africa,total
DZA,2011,17.56471598370765,DZA,Africa,total
DZA,2012,15.98372508480203,DZA,Africa,total
DZA,2013,17.64603466557793,DZA,Africa,total
DZA,2014,16.46920163613744,DZA,Africa,total
DZA,2015,16.08455526888726,DZA,Africa,total
DZA,2016,16.11104415043452,DZA,Africa,total
DZA,2017,17.55607198088715,DZA,Africa,total
DZA,2018,15.61973705828652,DZA,Africa,total
DZA,2019,16.02175872935791,DZA,Africa,total
DZA,2020,16.54917134063403,DZA,Africa,total
DZA,2021,16.05069774001689,DZA,Africa,total
DZA,2022,13.10150652428898,DZA,Africa,total
DZA,2023,13.26102322941753,DZA,Africa,total
DZA,2024,23.88846015930176,DZA,Africa,total
ECU,2000,4.957300186157227,ECU,South America,total
ECU,2009,13.17257022857666,ECU,South America,total
ECU,2010,12.99656009674072,ECU,South America,total
ECU,2011,11.97611045837402,ECU,South America,total
ECU,2012,10.77888965606689,ECU,South America,total
ECU,2013,10.54977035522461,ECU,South America,total
ECU,2014,11.34290981292725,ECU,South America,total
ECU,2015,11.58061981201172,ECU,South America,total
ECU,2019,10.68029022216797,ECU,South America,total
ECU,2020,10.59955024719238,ECU,South America,total
ECU,2021,9.761850357055664,ECU,South America,total
ECU,2022,9.299229621887209,ECU,South America,total
ECU,2023,9.681349754333496,ECU,South America,total
ECU,2024,9.694049835205078,ECU,South America,total
EGY,2003,15.35190010070801,EGY,Africa,total
EGY,2004,14.7487096786499,EGY,Africa,total
EGY,2005,15.04360961914063,EGY,Africa,total
EGY,2006,11.01858997344971,EGY,Africa,total
EGY,2007,11.20963954925537,EGY,Africa,total
EGY,2008,10.94180011749268,EGY,Africa,total
ERI,2001,8.784939765930176,ERI,Africa,total
ERI,2002,7.581009864807129,ERI,Africa,total
ERI,2004,7.131400108337402,ERI,Africa,total
ERI,2006,5.445159912109375,ERI,Africa,total
ESP,2000,10.65303039550781,ESP,Europe,total
ESP,2001,10.70273971557617,ESP,Europe,total
ESP,2002,10.70096969604492,ESP,Europe,total
ESP,2003,10.87534999847412,ESP,Europe,total
ESP,2004,10.71127033233643,ESP,Europe,total
ESP,2005,10.76976013183594,ESP,Europe,total
ESP,2006,10.88782978057861,ESP,Europe,total
ESP,2007,10.83693981170654,ESP,Europe,total
ESP,2008,10.92607975006104,ESP,Europe,total
ESP,2009,10.62497997283936,ESP,Europe,total
ESP,2010,10.54881000518799,ESP,Europe,total
ESP,2011,10.27163028717041,ESP,Europe,total
ESP,2012,9.05819034576416,ESP,Europe,total
ESP,2013,9.37672996520996,ESP,Europe,total
ESP,2014,9.488670349121094,ESP,Europe,total
ESP,2015,9.72698974609375,ESP,Europe,total
ESP,2016,9.951040267944336,ESP,Europe,total
ESP,2017,10.17955017089844,ESP,Europe,total
ESP,2018,9.995770454406738,ESP,Europe,total
ESP,2019,10.00430965423584,ESP,Europe,total
ESP,2020,9.432290077209473,ESP,Europe,total
ESP,2021,9.724980354309082,ESP,Europe,total
ESP,2022,9.87539005279541,ESP,Europe,total
EST,2000,14.68504047393799,EST,Europe,total
EST,2001,14.82614994049072,EST,Europe,total
EST,2002,15.15062999725342,EST,Europe,total
EST,2003,15.03921985626221,EST,Europe,total
EST,2004,14.30607986450195,EST,Europe,total
EST,2005,14.26515007019043,EST,Europe,total
EST,2007,13.65025997161865,EST,Europe,total
EST,2008,13.86493015289307,EST,Europe,total
EST,2009,12.92809963226318,EST,Europe,total
EST,2010,13.55863952636719,EST,Europe,total
EST,2011,13.27637958526611,EST,Europe,total
EST,2012,11.86328983306885,EST,Europe,total
EST,2013,12.47807025909424,EST,Europe,total
EST,2014,11.51916980743408,EST,Europe,total
EST,2015,12.86756038665771,EST,Europe,total
EST,2016,12.99442005157471,EST,Europe,total
EST,2017,12.51416015625,EST,Europe,total
EST,2018,13.2388801574707,EST,Europe,total
EST,2019,13.20110988616943,EST,Europe,total
EST,2020,12.16341018676758,EST,Europe,total
EST,2021,12.38945960998535,EST,Europe,total
EST,2022,13.02919006347656,EST,Europe,total
ETH,2000,14.90773010253906,ETH,Africa,total
ETH,2001,14.46177005767822,ETH,Africa,total
ETH,2002,16.1877498626709,ETH,Africa,total
ETH,2006,23.97537994384766,ETH,Africa,total
ETH,2007,24.69944953918457,ETH,Africa,total
ETH,2008,26.3557300567627,ETH,Africa,total
ETH,2009,23.58374977111816,ETH,Africa,total
ETH,2010,26.30404090881348,ETH,Africa,total
ETH,2011,29.67443084716797,ETH,Africa,total
ETH,2012,30.5395393371582,ETH,Africa,total
ETH,2013,27.02109909057617,ETH,Africa,total
ETH,2014,25.91838073730469,ETH,Africa,total
ETH,2015,22.34983060990013,ETH,Africa,total
ETH,2016,23.01336282376745,ETH,Africa,total
ETH,2017,23.32417186571006,ETH,Africa,total
ETH,2018,22.99175734506698,ETH,Africa,total
ETH,2019,20.92220251939825,ETH,Africa,total
ETH,2020,22.44771928828446,ETH,Africa,total
ETH,2021,23.56204274559288,ETH,Africa,total
ETH,2022,23.00640250333574,ETH,Africa,total
ETH,2023,18.33261773450317,ETH,Africa,total
ETH,2024,16.6954473535013,ETH,Africa,total
FIN,2000,12.17092037200928,FIN,Europe,total
FIN,2001,12.63444995880127,FIN,Europe,total
FIN,2002,12.68253040313721,FIN,Europe,total
FIN,2003,12.77597045898438,FIN,Europe,total
FIN,2004,12.77896022796631,FIN,Europe,total
FIN,2005,12.24969959259033,FIN,Europe,total
FIN,2006,12.28382015228271,FIN,Europe,total
FIN,2007,12.14995002746582,FIN,Europe,total
FIN,2008,12.17858982086182,FIN,Europe,total
FIN,2009,11.94272041320801,FIN,Europe,total
FIN,2010,12.04104042053223,FIN,Europe,total
FIN,2011,11.99326038360596,FIN,Europe,total
FIN,2012,12.87594985961914,FIN,Europe,total
FIN,2013,12.52550983428955,FIN,Europe,total
FIN,2014,12.38753986358643,FIN,Europe,total
FIN,2015,12.68671035766602,FIN,Europe,total
FIN,2016,12.53769969940186,FIN,Europe,total
FIN,2017,12.12551021575928,FIN,Europe,total
FIN,2018,11.99582004547119,FIN,Europe,total
FIN,2019,12.26821041107178,FIN,Europe,total
FIN,2020,11.83516979217529,FIN,Europe,total
FIN,2021,11.94511985778809,FIN,Europe,total
FIN,2022,12.11277008056641,FIN,Europe,total
FJI,2000,21.75859069824219,FJI,Oceania,total
FJI,2001,19.63863945007324,FJI,Oceania,total
FJI,2002,21.03780937194824,FJI,Oceania,total
FJI,2004,23.74914932250977,FJI,Oceania,total
FJI,2005,20.2661304473877,FJI,Oceania,total
FJI,2006,20.84329032897949,FJI,Oceania,total
FJI,2007,23.17040061950684,FJI,Oceania,total
FJI,2008,17.36972045898438,FJI,Oceania,total
FJI,2009,15.85361957550049,FJI,Oceania,total
FJI,2011,15.23478984832764,FJI,Oceania,total
FJI,2012,16.70896968947985,FJI,Oceania,total
FJI,2013,14.30039024353027,FJI,Oceania,total
FJI,2014,16.17557576823983,FJI,Oceania,total
FJI,2015,17.39185485370105,FJI,Oceania,total
FJI,2016,15.16988685509207,FJI,Oceania,total
FJI,2017,16.81718692825801,FJI,Oceania,total
FJI,2018,14.93481193843894,FJI,Oceania,total
FJI,2019,16.83369923117153,FJI,Oceania,total
FJI,2020,16.64013835413739,FJI,Oceania,total
FJI,2021,13.55910811640185,FJI,Oceania,total
FJI,2022,12.64653425561562,FJI,Oceania,total
FJI,2023,14.62911048479398,FJI,Oceania,total
FJI,2024,14.70003561495398,FJI,Oceania,total
FRA,2017,9.476829528808594,FRA,Europe,total
FRA,2018,9.624759674072266,FRA,Europe,total
FRA,2019,9.696269989013672,FRA,Europe,total
FRA,2020,9.171839714050291,FRA,Europe,total
FRA,2021,9.110549926757812,FRA,Europe,total
FRA,2022,9.117480278015137,FRA,Europe,total
FSM,2000,9.965120315551758,FSM,Oceania,total
FSM,2012,17.76050311293935,FSM,Oceania,total
FSM,2013,20.38500978904449,FSM,Oceania,total
FSM,2014,22.10170358813491,FSM,Oceania,total
FSM,2015,22.3123893737793,FSM,Oceania,total
FSM,2016,21.58470940352849,FSM,Oceania,total
FSM,2017,19.1484521619327,FSM,Oceania,total
FSM,2018,17.12529459148553,FSM,Oceania,total
FSM,2019,18.10730826773528,FSM,Oceania,total
FSM,2020,18.61471861471862,FSM,Oceania,total
GAB,2000,17.70648956298828,GAB,Africa,total
GAB,2010,13.33041954040527,GAB,Africa,total
GAB,2011,13.53407955169678,GAB,Africa,total
GAB,2012,12.5822696685791,GAB,Africa,total
GAB,2013,8.737569808959961,GAB,Africa,total
GAB,2014,11.22548961639404,GAB,Africa,total
GAB,2015,11.61052173332244,GAB,Africa,total
GAB,2016,10.30154224564391,GAB,Africa,total
GAB,2017,15.27667169359652,GAB,Africa,total
GAB,2018,14.6146271384588,GAB,Africa,total
GAB,2019,14.07447729193581,GAB,Africa,total
GAB,2020,15.76416495237714,GAB,Africa,total
GAB,2021,15.35516318543324,GAB,Africa,total
GAB,2022,13.80337861374016,GAB,Africa,total
GAB,2023,13.56582336675369,GAB,Africa,total
GBR,2000,11.85175037384033,GBR,Europe,total
GBR,2001,12.08215045928955,GBR,Europe,total
GBR,2002,13.30615997314453,GBR,Europe,total
GBR,2003,13.3586597442627,GBR,Europe,total
GBR,2004,12.72544002532959,GBR,Europe,total
GBR,2005,12.96028995513916,GBR,Europe,total
GBR,2006,12.94647979736328,GBR,Europe,total
GBR,2007,12.81916999816895,GBR,Europe,total
GBR,2008,12.7018404006958,GBR,Europe,total
GBR,2009,12.36063957214355,GBR,Europe,total
GBR,2010,12.76912021636963,GBR,Europe,total
GBR,2011,12.4644603729248,GBR,Europe,total
GBR,2013,12.68640995025635,GBR,Europe,total
GBR,2014,13.38755035400391,GBR,Europe,total
GBR,2015,13.48701000213623,GBR,Europe,total
GBR,2016,13.42720985412598,GBR,Europe,total
GBR,2017,13.7579402923584,GBR,Europe,total
GBR,2018,13.29176044464111,GBR,Europe,total
GBR,2019,13.53487014770508,GBR,Europe,total
GBR,2020,14.03225994110107,GBR,Europe,total
GBR,2021,11.81680011749268,GBR,Europe,total
GEO,2000,12.54071998596191,GEO,Asia,total
GEO,2001,12.36196041107178,GEO,Asia,total
GEO,2002,13.6035099029541,GEO,Asia,total
GEO,2003,12.49293994903564,GEO,Asia,total
GEO,2004,15.0367603302002,GEO,Asia,total
GEO,2005,11.18124961853027,GEO,Asia,total
GEO,2006,12.89538955688477,GEO,Asia,total
GEO,2007,9.486650466918944,GEO,Asia,total
GEO,2008,8.937600135803223,GEO,Asia,total
GEO,2009,8.998250007629395,GEO,Asia,total
GEO,2010,8.185358151235766,GEO,Asia,total
GEO,2011,9.26943016052246,GEO,Asia,total
GEO,2012,6.707759857177734,GEO,Asia,total
GEO,2013,9.553533701151531,GEO,Asia,total
GEO,2014,9.66660503771528,GEO,Asia,total
GEO,2015,10.12915439596197,GEO,Asia,total
GEO,2016,12.66619968414307,GEO,Asia,total
GEO,2017,12.95335960388184,GEO,Asia,total
GEO,2018,12.95149993896484,GEO,Asia,total
GEO,2019,13.35789966583252,GEO,Asia,total
GEO,2020,10.34467876223047,GEO,Asia,total
GEO,2021,11.52476024627686,GEO,Asia,total
GEO,2022,13.17226028442383,GEO,Asia,total
GEO,2023,12.49619007110596,GEO,Asia,total
GEO,2024,12.20669414726865,GEO,Asia,total
GHA,2001,15.74110984802246,GHA,Africa,total
GHA,2004,22.37924957275391,GHA,Africa,total
GHA,2005,23.42996025085449,GHA,Africa,total
GHA,2006,24.16197967529297,GHA,Africa,total
GHA,2007,22.31702041625977,GHA,Africa,total
GHA,2008,24.03750038146973,GHA,Africa,total
GHA,2009,22.49513053894043,GHA,Africa,total
GHA,2010,20.69614028930664,GHA,Africa,total
GHA,2011,30.63430976867676,GHA,Africa,total
GHA,2012,26.58139038085938,GHA,Africa,total
GHA,2013,21.22220993041992,GHA,Africa,total
GHA,2014,20.98513984680176,GHA,Africa,total
GHA,2015,23.80879974365234,GHA,Africa,total
GHA,2016,22.09332084655762,GHA,Africa,total
GHA,2017,20.0976390838623,GHA,Africa,total
GHA,2018,18.59816932678223,GHA,Africa,total
GHA,2019,14.27171852670263,GHA,Africa,total
GHA,2020,13.62947488294126,GHA,Africa,total
GHA,2021,12.16741440536586,GHA,Africa,total
GHA,2022,13.17930452770039,GHA,Africa,total
GIB,2010,7.96277066350702,GIB,Europe,total
GIB,2011,5.930107651207186,GIB,Europe,total
GIB,2012,4.720022833427564,GIB,Europe,total
GIB,2013,5.355535506020994,GIB,Europe,total
GIB,2014,6.239955070955863,GIB,Europe,total
GIB,2015,7.031283643442412,GIB,Europe,total
GIB,2016,8.011709595047769,GIB,Europe,total
GIB,2017,7.626872681448911,GIB,Europe,total
GIB,2018,7.759975395754262,GIB,Europe,total
GIB,2019,7.365379880331028,GIB,Europe,total
GIB,2020,7.680571940499738,GIB,Europe,total
GIB,2021,7.136644493311235,GIB,Europe,total
GIB,2022,7.820756325822321,GIB,Europe,total
GIB,2023,7.937872532645245,GIB,Europe,total
GIB,2024,9.4819334929474,GIB,Europe,total
GIN,2000,15.23692035675049,GIN,Africa,total
GIN,2001,10.3699197769165,GIN,Africa,total
GIN,2002,13.20514011383057,GIN,Africa,total
GIN,2003,11.64904975891113,GIN,Africa,total
GIN,2004,12.34939956665039,GIN,Africa,total
GIN,2005,10.96621036529541,GIN,Africa,total
GIN,2008,15.69478034973145,GIN,Africa,total
GIN,2009,13.60393047332764,GIN,Africa,total
GIN,2010,12.43877029418945,GIN,Africa,total
GIN,2011,14.27241992950439,GIN,Africa,total
GIN,2012,9.695520401000977,GIN,Africa,total
GIN,2013,14.14521026611328,GIN,Africa,total
GIN,2014,12.0756196975708,GIN,Africa,total
GIN,2015,11.60953998565674,GIN,Africa,total
GIN,2016,15.83125972747803,GIN,Africa,total
GIN,2017,13.43634986877441,GIN,Africa,total
GIN,2018,14.98083972930908,GIN,Africa,total
GIN,2019,12.48435020446777,GIN,Africa,total
GIN,2020,14.33590030670166,GIN,Africa,total
GIN,2021,11.50166804226586,GIN,Africa,total
GIN,2022,11.9496957293769,GIN,Africa,total
GIN,2023,10.02691827598385,GIN,Africa,total
GIN,2024,9.293803501818514,GIN,Africa,total
GMB,2000,11.921799659729,GMB,Africa,total
GMB,2001,8.205269813537598,GMB,Africa,total
GMB,2002,10.94752025604248,GMB,Africa,total
GMB,2003,8.468839645385742,GMB,Africa,total
GMB,2004,5.029540061950684,GMB,Africa,total
GMB,2005,5.344170093536377,GMB,Africa,total
GMB,2006,5.36076021194458,GMB,Africa,total
GMB,2007,7.297500133514404,GMB,Africa,total
GMB,2008,18.88171005249023,GMB,Africa,total
GMB,2009,13.29374027252197,GMB,Africa,total
GMB,2010,17.61123085021973,GMB,Africa,total
GMB,2011,15.11833000183105,GMB,Africa,total
GMB,2012,13.79553031921387,GMB,Africa,total
GMB,2013,10.58541965484619,GMB,Africa,total
GMB,2014,11.75232028961182,GMB,Africa,total
GMB,2015,11.03293037414551,GMB,Africa,total
GMB,2016,10.44995975494385,GMB,Africa,total
GMB,2017,15.44113756076256,GMB,Africa,total
GMB,2018,12.444580078125,GMB,Africa,total
GMB,2019,16.85204544830215,GMB,Africa,total
GMB,2020,14.27606001588469,GMB,Africa,total
GMB,2021,15.62181876123116,GMB,Africa,total
GMB,2022,17.12517417857725,GMB,Africa,total
GMB,2023,18.69554957290834,GMB,Africa,total
GMB,2024,15.10347217915986,GMB,Africa,total
GNB,2010,9.069239616394045,GNB,Africa,total
GNB,2011,10.19974040985107,GNB,Africa,total
GNB,2012,14.53979969024658,GNB,Africa,total
GNB,2013,16.19137954711914,GNB,Africa,total
"GPE: East Asia & Pacific WB FY24, December 2024",2000,15.2360897064209,"GPE: East Asia & Pacific WB FY24, December 2024",,total
"GPE: East Asia & Pacific WB FY24, December 2024",2001,12.77033042907715,"GPE: East Asia & Pacific WB FY24, December 2024",,total
"GPE: East Asia & Pacific WB FY24, December 2024",2002,14.59162521362305,"GPE: East Asia & Pacific WB FY24, December 2024",,total
"GPE: East Asia & Pacific WB FY24, December 2024",2008,14.44198989868164,"GPE: East Asia & Pacific WB FY24, December 2024",,total
"GPE: East Asia & Pacific WB FY24, December 2024",2009,15.18871021270752,"GPE: East Asia & Pacific WB FY24, December 2024",,total
"GPE: East Asia & Pacific WB FY24, December 2024",2011,12.68100547790527,"GPE: East Asia & Pacific WB FY24, December 2024",,total
"GPE: East Asia & Pacific WB FY24, December 2024",2012,17.23473739624023,"GPE: East Asia & Pacific WB FY24, December 2024",,total
"GPE: East Asia & Pacific WB FY24, December 2024",2013,16.60785484313965,"GPE: East Asia & Pacific WB FY24, December 2024",,total
"GPE: East Asia & Pacific WB FY24, December 2024",2014,16.49393272399902,"GPE: East Asia & Pacific WB FY24, December 2024",,total
"GPE: East Asia & Pacific WB FY24, December 2024",2015,15.01675319671631,"GPE: East Asia & Pacific WB FY24, December 2024",,total
"GPE: East Asia & Pacific WB FY24, December 2024",2016,13.0631103515625,"GPE: East Asia & Pacific WB FY24, December 2024",,total
"GPE: East Asia & Pacific WB FY24, December 2024",2017,12.64562034606934,"GPE: East Asia & Pacific WB FY24, December 2024",,total
"GPE: East Asia & Pacific WB FY24, December 2024",2018,14.93481159210205,"GPE: East Asia & Pacific WB FY24, December 2024",,total
"GPE: East Asia & Pacific WB FY24, December 2024",2019,12.99594211578369,"GPE: East Asia & Pacific WB FY24, December 2024",,total
"GPE: East Asia & Pacific WB FY24, December 2024",2020,11.03631210327148,"GPE: East Asia & Pacific WB FY24, December 2024",,total
"GPE: East Asia & Pacific WB FY24, December 2024",2021,13.41466522216797,"GPE: East Asia & Pacific WB FY24, December 2024",,total
"GPE: East Asia & Pacific WB FY24, December 2024",2022,12.16040802001953,"GPE: East Asia & Pacific WB FY24, December 2024",,total
"GPE: East Asia & Pacific WB FY24, December 2024",2023,11.74246788024902,"GPE: East Asia & Pacific WB FY24, December 2024",,total
"GPE: East Asia & Pacific WB FY24, December 2024",2024,13.32394886016846,"GPE: East Asia & Pacific WB FY24, December 2024",,total
"GPE: Europe & Central Asia WB FY24, December 2024",2000,12.07600975036621,"GPE: Europe & Central Asia WB FY24, December 2024",,total
"GPE: Europe & Central Asia WB FY24, December 2024",2001,13.26617050170898,"GPE: Europe & Central Asia WB FY24, December 2024",,total
"GPE: Europe & Central Asia WB FY24, December 2024",2002,14.5001049041748,"GPE: Europe & Central Asia WB FY24, December 2024",,total
"GPE: Europe & Central Asia WB FY24, December 2024",2003,13.56387996673584,"GPE: Europe & Central Asia WB FY24, December 2024",,total
"GPE: Europe & Central Asia WB FY24, December 2024",2004,14.37320995330811,"GPE: Europe & Central Asia WB FY24, December 2024",,total
"GPE: Europe & Central Asia WB FY24, December 2024",2005,14.5391902923584,"GPE: Europe & Central Asia WB FY24, December 2024",,total
"GPE: Europe & Central Asia WB FY24, December 2024",2006,14.88490009307861,"GPE: Europe & Central Asia WB FY24, December 2024",,total
"GPE: Europe & Central Asia WB FY24, December 2024",2007,15.42934036254883,"GPE: Europe & Central Asia WB FY24, December 2024",,total
"GPE: Europe & Central Asia WB FY24, December 2024",2008,15.40024948120117,"GPE: Europe & Central Asia WB FY24, December 2024",,total
"GPE: Europe & Central Asia WB FY24, December 2024",2009,16.20727920532227,"GPE: Europe & Central Asia WB FY24, December 2024",,total
"GPE: Europe & Central Asia WB FY24, December 2024",2010,15.27350997924805,"GPE: Europe & Central Asia WB FY24, December 2024",,total
"GPE: Europe & Central Asia WB FY24, December 2024",2011,14.84606456756592,"GPE: Europe & Central Asia WB FY24, December 2024",,total
"GPE: Europe & Central Asia WB FY24, December 2024",2012,14.95759963989258,"GPE: Europe & Central Asia WB FY24, December 2024",,total
"GPE: Europe & Central Asia WB FY24, December 2024",2013,17.36895751953125,"GPE: Europe & Central Asia WB FY24, December 2024",,total
"GPE: Europe & Central Asia WB FY24, December 2024",2014,14.36483955383301,"GPE: Europe & Central Asia WB FY24, December 2024",,total
"GPE: Europe & Central Asia WB FY24, December 2024",2015,15.71675968170166,"GPE: Europe & Central Asia WB FY24, December 2024",,total
"GPE: Europe & Central Asia WB FY24, December 2024",2016,16.92091941833496,"GPE: Europe & Central Asia WB FY24, December 2024",,total
"GPE: Europe & Central Asia WB FY24, December 2024",2017,16.27813911437988,"GPE: Europe & Central Asia WB FY24, December 2024",,total
"GPE: Europe & Central Asia WB FY24, December 2024",2018,15.88862228393555,"GPE: Europe & Central Asia WB FY24, December 2024",,total
"GPE: Europe & Central Asia WB FY24, December 2024",2019,16.47274971008301,"GPE: Europe & Central Asia WB FY24, December 2024",,total
"GPE: Europe & Central Asia WB FY24, December 2024",2020,17.06019020080566,"GPE: Europe & Central Asia WB FY24, December 2024",,total
"GPE: Europe & Central Asia WB FY24, December 2024",2021,15.04331588745117,"GPE: Europe & Central Asia WB FY24, December 2024",,total
"GPE: Europe & Central Asia WB FY24, December 2024",2022,16.69313049316406,"GPE: Europe & Central Asia WB FY24, December 2024",,total
"GPE: Europe & Central Asia WB FY24, December 2024",2023,16.88652992248535,"GPE: Europe & Central Asia WB FY24, December 2024",,total
"GPE: Europe & Central Asia WB FY24, December 2024",2024,15.96475982666016,"GPE: Europe & Central Asia WB FY24, December 2024",,total
"GPE: Fragile or Conflict-affected countries (FCAC) FY24, December 2024",2008,13.82739448547363,"GPE: Fragile or Conflict-affected countries (FCAC) FY24, December 2024",,total
"GPE: Fragile or Conflict-affected countries (FCAC) FY24, December 2024",2010,13.21115970611572,"GPE: Fragile or Conflict-affected countries (FCAC) FY24, December 2024",,total
"GPE: Fragile or Conflict-affected countries (FCAC) FY24, December 2024",2011,11.38041591644287,"GPE: Fragile or Conflict-affected countries (FCAC) FY24, December 2024",,total
"GPE: Fragile or Conflict-affected countries (FCAC) FY24, December 2024",2012,13.43833923339844,"GPE: Fragile or Conflict-affected countries (FCAC) FY24, December 2024",,total
"GPE: Fragile or Conflict-affected countries (FCAC) FY24, December 2024",2013,14.41384887695313,"GPE: Fragile or Conflict-affected countries (FCAC) FY24, December 2024",,total
"GPE: Fragile or Conflict-affected countries (FCAC) FY24, December 2024",2014,13.12135028839111,"GPE: Fragile or Conflict-affected countries (FCAC) FY24, December 2024",,total
"GPE: Fragile or Conflict-affected countries (FCAC) FY24, December 2024",2015,13.18727970123291,"GPE: Fragile or Conflict-affected countries (FCAC) FY24, December 2024",,total
"GPE: Fragile or Conflict-affected countries (FCAC) FY24, December 2024",2016,13.35365009307861,"GPE: Fragile or Conflict-affected countries (FCAC) FY24, December 2024",,total
"GPE: Fragile or Conflict-affected countries (FCAC) FY24, December 2024",2017,14.69501972198486,"GPE: Fragile or Conflict-affected countries (FCAC) FY24, December 2024",,total
"GPE: Fragile or Conflict-affected countries (FCAC) FY24, December 2024",2018,15.58290004730225,"GPE: Fragile or Conflict-affected countries (FCAC) FY24, December 2024",,total
"GPE: Fragile or Conflict-affected countries (FCAC) FY24, December 2024",2019,13.14776992797852,"GPE: Fragile or Conflict-affected countries (FCAC) FY24, December 2024",,total
"GPE: Fragile or Conflict-affected countries (FCAC) FY24, December 2024",2020,12.81850433349609,"GPE: Fragile or Conflict-affected countries (FCAC) FY24, December 2024",,total
"GPE: Fragile or Conflict-affected countries (FCAC) FY24, December 2024",2021,14.1590633392334,"GPE: Fragile or Conflict-affected countries (FCAC) FY24, December 2024",,total
"GPE: Fragile or Conflict-affected countries (FCAC) FY24, December 2024",2022,12.84717559814453,"GPE: Fragile or Conflict-affected countries (FCAC) FY24, December 2024",,total
"GPE: Fragile or Conflict-affected countries (FCAC) FY24, December 2024",2023,12.59236526489258,"GPE: Fragile or Conflict-affected countries (FCAC) FY24, December 2024",,total
"GPE: High income WB FY24, December 2024",2000,17.65683937072754,"GPE: High income WB FY24, December 2024",,total
"GPE: High income WB FY24, December 2024",2001,16.5555591583252,"GPE: High income WB FY24, December 2024",,total
"GPE: High income WB FY24, December 2024",2002,16.90000915527344,"GPE: High income WB FY24, December 2024",,total
"GPE: High income WB FY24, December 2024",2003,13.81455993652344,"GPE: High income WB FY24, December 2024",,total
"GPE: High income WB FY24, December 2024",2004,11.08073997497559,"GPE: High income WB FY24, December 2024",,total
"GPE: High income WB FY24, December 2024",2005,13.8234395980835,"GPE: High income WB FY24, December 2024",,total
"GPE: High income WB FY24, December 2024",2006,13.48169040679932,"GPE: High income WB FY24, December 2024",,total
"GPE: High income WB FY24, December 2024",2007,11.52616024017334,"GPE: High income WB FY24, December 2024",,total
"GPE: High income WB FY24, December 2024",2009,10.338210105896,"GPE: High income WB FY24, December 2024",,total
"GPE: High income WB FY24, December 2024",2010,11.96580982208252,"GPE: High income WB FY24, December 2024",,total
"GPE: High income WB FY24, December 2024",2011,11.82289981842041,"GPE: High income WB FY24, December 2024",,total
"GPE: High income WB FY24, December 2024",2012,10.25959014892578,"GPE: High income WB FY24, December 2024",,total
"GPE: High income WB FY24, December 2024",2014,18.87751960754395,"GPE: High income WB FY24, December 2024",,total
"GPE: High income WB FY24, December 2024",2015,17.91942024230957,"GPE: High income WB FY24, December 2024",,total
"GPE: High income WB FY24, December 2024",2016,18.81353950500488,"GPE: High income WB FY24, December 2024",,total
"GPE: High income WB FY24, December 2024",2017,17.73406028747559,"GPE: High income WB FY24, December 2024",,total
"GPE: High income WB FY24, December 2024",2018,16.15208053588867,"GPE: High income WB FY24, December 2024",,total
"GPE: Latin America & Caribbean WB FY24, December 2024",2000,15.61225986480713,"GPE: Latin America & Caribbean WB FY24, December 2024",,total
"GPE: Latin America & Caribbean WB FY24, December 2024",2003,14.88700008392334,"GPE: Latin America & Caribbean WB FY24, December 2024",,total
"GPE: Latin America & Caribbean WB FY24, December 2024",2009,16.11274909973145,"GPE: Latin America & Caribbean WB FY24, December 2024",,total
"GPE: Latin America & Caribbean WB FY24, December 2024",2010,15.68910980224609,"GPE: Latin America & Caribbean WB FY24, December 2024",,total
"GPE: Latin America & Caribbean WB FY24, December 2024",2011,15.45465469360352,"GPE: Latin America & Caribbean WB FY24, December 2024",,total
"GPE: Latin America & Caribbean WB FY24, December 2024",2012,14.5217456817627,"GPE: Latin America & Caribbean WB FY24, December 2024",,total
"GPE: Latin America & Caribbean WB FY24, December 2024",2013,15.48563003540039,"GPE: Latin America & Caribbean WB FY24, December 2024",,total
"GPE: Latin America & Caribbean WB FY24, December 2024",2014,17.18157577514648,"GPE: Latin America & Caribbean WB FY24, December 2024",,total
"GPE: Latin America & Caribbean WB FY24, December 2024",2015,17.20000076293945,"GPE: Latin America & Caribbean WB FY24, December 2024",,total
"GPE: Latin America & Caribbean WB FY24, December 2024",2016,20.14841079711914,"GPE: Latin America & Caribbean WB FY24, December 2024",,total
"GPE: Latin America & Caribbean WB FY24, December 2024",2017,17.73406028747559,"GPE: Latin America & Caribbean WB FY24, December 2024",,total
"GPE: Latin America & Caribbean WB FY24, December 2024",2018,16.15208053588867,"GPE: Latin America & Caribbean WB FY24, December 2024",,total
"GPE: Latin America & Caribbean WB FY24, December 2024",2019,16.15208053588867,"GPE: Latin America & Caribbean WB FY24, December 2024",,total
"GPE: Latin America & Caribbean WB FY24, December 2024",2020,14.39326953887939,"GPE: Latin America & Caribbean WB FY24, December 2024",,total
"GPE: Latin America & Caribbean WB FY24, December 2024",2021,16.10693550109863,"GPE: Latin America & Caribbean WB FY24, December 2024",,total
"GPE: Latin America & Caribbean WB FY24, December 2024",2022,16.15208053588867,"GPE: Latin America & Caribbean WB FY24, December 2024",,total
"GPE: Latin America & Caribbean WB FY24, December 2024",2023,16.15208053588867,"GPE: Latin America & Caribbean WB FY24, December 2024",,total
"GPE: Latin America & Caribbean WB FY24, December 2024",2024,13.84879398345947,"GPE: Latin America & Caribbean WB FY24, December 2024",,total
"GPE: Low income WB FY24, December 2024",2000,13.8761100769043,"GPE: Low income WB FY24, December 2024",,total
"GPE: Low income WB FY24, December 2024",2001,13.78684997558594,"GPE: Low income WB FY24, December 2024",,total
"GPE: Low income WB FY24, December 2024",2002,13.78684997558594,"GPE: Low income WB FY24, December 2024",,total
"GPE: Low income WB FY24, December 2024",2004,15.01662445068359,"GPE: Low income WB FY24, December 2024",,total
"GPE: Low income WB FY24, December 2024",2005,16.1877498626709,"GPE: Low income WB FY24, December 2024",,total
"GPE: Low income WB FY24, December 2024",2008,15.88442039489746,"GPE: Low income WB FY24, December 2024",,total
"GPE: Low income WB FY24, December 2024",2009,16.10084533691406,"GPE: Low income WB FY24, December 2024",,total
"GPE: Low income WB FY24, December 2024",2010,14.48640918731689,"GPE: Low income WB FY24, December 2024",,total
"GPE: Low income WB FY24, December 2024",2011,14.97929954528809,"GPE: Low income WB FY24, December 2024",,total
"GPE: Low income WB FY24, December 2024",2012,13.79553031921387,"GPE: Low income WB FY24, December 2024",,total
"GPE: Low income WB FY24, December 2024",2013,15.19999980926514,"GPE: Low income WB FY24, December 2024",,total
"GPE: Low income WB FY24, December 2024",2014,14.46592998504639,"GPE: Low income WB FY24, December 2024",,total
"GPE: Low income WB FY24, December 2024",2015,14.03539085388184,"GPE: Low income WB FY24, December 2024",,total
"GPE: Low income WB FY24, December 2024",2016,13.19655990600586,"GPE: Low income WB FY24, December 2024",,total
"GPE: Low income WB FY24, December 2024",2017,14.89277839660645,"GPE: Low income WB FY24, December 2024",,total
"GPE: Low income WB FY24, December 2024",2018,15.74536514282227,"GPE: Low income WB FY24, December 2024",,total
"GPE: Low income WB FY24, December 2024",2019,14.78540992736816,"GPE: Low income WB FY24, December 2024",,total
"GPE: Low income WB FY24, December 2024",2020,13.80430030822754,"GPE: Low income WB FY24, December 2024",,total
"GPE: Low income WB FY24, December 2024",2021,15.57702922821045,"GPE: Low income WB FY24, December 2024",,total
"GPE: Low income WB FY24, December 2024",2022,15.06859970092773,"GPE: Low income WB FY24, December 2024",,total
"GPE: Low income WB FY24, December 2024",2023,15.34300994873047,"GPE: Low income WB FY24, December 2024",,total
"GPE: Lower middle Income WB FY24, December 2024",2000,14.89023017883301,"GPE: Lower middle Income WB FY24, December 2024",,total
"GPE: Lower middle Income WB FY24, December 2024",2001,14.00712966918945,"GPE: Lower middle Income WB FY24, December 2024",,total
"GPE: Lower middle Income WB FY24, December 2024",2002,15.14647006988525,"GPE: Lower middle Income WB FY24, December 2024",,total
"GPE: Lower middle Income WB FY24, December 2024",2004,15.789719581604,"GPE: Lower middle Income WB FY24, December 2024",,total
"GPE: Lower middle Income WB FY24, December 2024",2005,15.33973026275635,"GPE: Lower middle Income WB FY24, December 2024",,total
"GPE: Lower middle Income WB FY24, December 2024",2006,15.789719581604,"GPE: Lower middle Income WB FY24, December 2024",,total
"GPE: Lower middle Income WB FY24, December 2024",2007,16.73992156982422,"GPE: Lower middle Income WB FY24, December 2024",,total
"GPE: Lower middle Income WB FY24, December 2024",2008,16.65345001220703,"GPE: Lower middle Income WB FY24, December 2024",,total
"GPE: Lower middle Income WB FY24, December 2024",2009,15.18871021270752,"GPE: Lower middle Income WB FY24, December 2024",,total
"GPE: Lower middle Income WB FY24, December 2024",2010,14.71113967895508,"GPE: Lower middle Income WB FY24, December 2024",,total
"GPE: Lower middle Income WB FY24, December 2024",2011,13.97758483886719,"GPE: Lower middle Income WB FY24, December 2024",,total
"GPE: Lower middle Income WB FY24, December 2024",2012,15.74512004852295,"GPE: Lower middle Income WB FY24, December 2024",,total
"GPE: Lower middle Income WB FY24, December 2024",2013,16.07073020935059,"GPE: Lower middle Income WB FY24, December 2024",,total
"GPE: Lower middle Income WB FY24, December 2024",2014,15.8990650177002,"GPE: Lower middle Income WB FY24, December 2024",,total
"GPE: Lower middle Income WB FY24, December 2024",2015,14.56777954101563,"GPE: Lower middle Income WB FY24, December 2024",,total
"GPE: Lower middle Income WB FY24, December 2024",2016,15.66361999511719,"GPE: Lower middle Income WB FY24, December 2024",,total
"GPE: Lower middle Income WB FY24, December 2024",2017,15.47429656982422,"GPE: Lower middle Income WB FY24, December 2024",,total
"GPE: Lower middle Income WB FY24, December 2024",2018,15.88862228393555,"GPE: Lower middle Income WB FY24, December 2024",,total
"GPE: Lower middle Income WB FY24, December 2024",2019,14.17869853973389,"GPE: Lower middle Income WB FY24, December 2024",,total
"GPE: Lower middle Income WB FY24, December 2024",2020,14.45112228393555,"GPE: Lower middle Income WB FY24, December 2024",,total
"GPE: Lower middle Income WB FY24, December 2024",2021,14.77478694915771,"GPE: Lower middle Income WB FY24, December 2024",,total
"GPE: Lower middle Income WB FY24, December 2024",2022,14.08535003662109,"GPE: Lower middle Income WB FY24, December 2024",,total
"GPE: Lower middle Income WB FY24, December 2024",2023,13.74215793609619,"GPE: Lower middle Income WB FY24, December 2024",,total
"GPE: Lower middle Income WB FY24, December 2024",2024,13.77688980102539,"GPE: Lower middle Income WB FY24, December 2024",,total
"GPE: Middle East & North Africa WB FY24, December 2024",2000,29.38595008850098,"GPE: Middle East & North Africa WB FY24, December 2024",,total
"GPE: Middle East & North Africa WB FY24, December 2024",2001,25.46389007568359,"GPE: Middle East & North Africa WB FY24, December 2024",,total
"GPE: Middle East & North Africa WB FY24, December 2024",2002,24.18471908569336,"GPE: Middle East & North Africa WB FY24, December 2024",,total
"GPE: Middle East & North Africa WB FY24, December 2024",2003,24.2714900970459,"GPE: Middle East & North Africa WB FY24, December 2024",,total
"GPE: Middle East & North Africa WB FY24, December 2024",2004,24.70113945007324,"GPE: Middle East & North Africa WB FY24, December 2024",,total
"GPE: Middle East & North Africa WB FY24, December 2024",2005,22.71504974365234,"GPE: Middle East & North Africa WB FY24, December 2024",,total
"GPE: Middle East & North Africa WB FY24, December 2024",2006,24.70796012878418,"GPE: Middle East & North Africa WB FY24, December 2024",,total
"GPE: Middle East & North Africa WB FY24, December 2024",2007,22.52743911743164,"GPE: Middle East & North Africa WB FY24, December 2024",,total
"GPE: Middle East & North Africa WB FY24, December 2024",2008,12.48923969268799,"GPE: Middle East & North Africa WB FY24, December 2024",,total
"GPE: Middle East & North Africa WB FY24, December 2024",2010,11.63509941101074,"GPE: Middle East & North Africa WB FY24, December 2024",,total
"GPE: Middle East & North Africa WB FY24, December 2024",2012,12.10262107849121,"GPE: Middle East & North Africa WB FY24, December 2024",,total
"GPE: Middle East & North Africa WB FY24, December 2024",2015,11.71551990509033,"GPE: Middle East & North Africa WB FY24, December 2024",,total
"GPE: Middle East & North Africa WB FY24, December 2024",2016,12.03277015686035,"GPE: Middle East & North Africa WB FY24, December 2024",,total
"GPE: Middle East & North Africa WB FY24, December 2024",2017,11.71551990509033,"GPE: Middle East & North Africa WB FY24, December 2024",,total
"GPE: Middle East & North Africa WB FY24, December 2024",2018,11.71551990509033,"GPE: Middle East & North Africa WB FY24, December 2024",,total
"GPE: Middle East & North Africa WB FY24, December 2024",2019,11.71551990509033,"GPE: Middle East & North Africa WB FY24, December 2024",,total
"GPE: Middle East & North Africa WB FY24, December 2024",2020,12.22861099243164,"GPE: Middle East & North Africa WB FY24, December 2024",,total
"GPE: Middle East & North Africa WB FY24, December 2024",2022,11.71551990509033,"GPE: Middle East & North Africa WB FY24, December 2024",,total
"GPE: Middle East & North Africa WB FY24, December 2024",2024,11.71551990509033,"GPE: Middle East & North Africa WB FY24, December 2024",,total
"GPE: Non Fragile & non Conflict-affected countries (NON-FCAC) FY24, December 2024",2000,15.75138473510742,"GPE: Non Fragile & non Conflict-affected countries (NON-FCAC) FY24, December 2024",,total
"GPE: Non Fragile & non Conflict-affected countries (NON-FCAC) FY24, December 2024",2001,15.90793991088867,"GPE: Non Fragile & non Conflict-affected countries (NON-FCAC) FY24, December 2024",,total
"GPE: Non Fragile & non Conflict-affected countries (NON-FCAC) FY24, December 2024",2002,16.27425003051758,"GPE: Non Fragile & non Conflict-affected countries (NON-FCAC) FY24, December 2024",,total
"GPE: Non Fragile & non Conflict-affected countries (NON-FCAC) FY24, December 2024",2003,16.11750984191895,"GPE: Non Fragile & non Conflict-affected countries (NON-FCAC) FY24, December 2024",,total
"GPE: Non Fragile & non Conflict-affected countries (NON-FCAC) FY24, December 2024",2004,16.73001098632813,"GPE: Non Fragile & non Conflict-affected countries (NON-FCAC) FY24, December 2024",,total
"GPE: Non Fragile & non Conflict-affected countries (NON-FCAC) FY24, December 2024",2005,16.63308525085449,"GPE: Non Fragile & non Conflict-affected countries (NON-FCAC) FY24, December 2024",,total
"GPE: Non Fragile & non Conflict-affected countries (NON-FCAC) FY24, December 2024",2006,17.3365306854248,"GPE: Non Fragile & non Conflict-affected countries (NON-FCAC) FY24, December 2024",,total
"GPE: Non Fragile & non Conflict-affected countries (NON-FCAC) FY24, December 2024",2007,18.1017894744873,"GPE: Non Fragile & non Conflict-affected countries (NON-FCAC) FY24, December 2024",,total
"GPE: Non Fragile & non Conflict-affected countries (NON-FCAC) FY24, December 2024",2008,18.00123977661133,"GPE: Non Fragile & non Conflict-affected countries (NON-FCAC) FY24, December 2024",,total
"GPE: Non Fragile & non Conflict-affected countries (NON-FCAC) FY24, December 2024",2009,16.2810001373291,"GPE: Non Fragile & non Conflict-affected countries (NON-FCAC) FY24, December 2024",,total
"GPE: Non Fragile & non Conflict-affected countries (NON-FCAC) FY24, December 2024",2010,15.55981063842773,"GPE: Non Fragile & non Conflict-affected countries (NON-FCAC) FY24, December 2024",,total
"GPE: Non Fragile & non Conflict-affected countries (NON-FCAC) FY24, December 2024",2011,15.42368030548096,"GPE: Non Fragile & non Conflict-affected countries (NON-FCAC) FY24, December 2024",,total
"GPE: Non Fragile & non Conflict-affected countries (NON-FCAC) FY24, December 2024",2012,15.81546974182129,"GPE: Non Fragile & non Conflict-affected countries (NON-FCAC) FY24, December 2024",,total
"GPE: Non Fragile & non Conflict-affected countries (NON-FCAC) FY24, December 2024",2013,15.49767971038818,"GPE: Non Fragile & non Conflict-affected countries (NON-FCAC) FY24, December 2024",,total
"GPE: Non Fragile & non Conflict-affected countries (NON-FCAC) FY24, December 2024",2014,16.28219032287598,"GPE: Non Fragile & non Conflict-affected countries (NON-FCAC) FY24, December 2024",,total
"GPE: Non Fragile & non Conflict-affected countries (NON-FCAC) FY24, December 2024",2015,16.30515480041504,"GPE: Non Fragile & non Conflict-affected countries (NON-FCAC) FY24, December 2024",,total
"GPE: Non Fragile & non Conflict-affected countries (NON-FCAC) FY24, December 2024",2016,15.91128540039063,"GPE: Non Fragile & non Conflict-affected countries (NON-FCAC) FY24, December 2024",,total
"GPE: Non Fragile & non Conflict-affected countries (NON-FCAC) FY24, December 2024",2017,15.4577169418335,"GPE: Non Fragile & non Conflict-affected countries (NON-FCAC) FY24, December 2024",,total
"GPE: Non Fragile & non Conflict-affected countries (NON-FCAC) FY24, December 2024",2018,15.40509510040283,"GPE: Non Fragile & non Conflict-affected countries (NON-FCAC) FY24, December 2024",,total
"GPE: Non Fragile & non Conflict-affected countries (NON-FCAC) FY24, December 2024",2019,14.38312911987305,"GPE: Non Fragile & non Conflict-affected countries (NON-FCAC) FY24, December 2024",,total
"GPE: Non Fragile & non Conflict-affected countries (NON-FCAC) FY24, December 2024",2020,14.36458492279053,"GPE: Non Fragile & non Conflict-affected countries (NON-FCAC) FY24, December 2024",,total
"GPE: Non Fragile & non Conflict-affected countries (NON-FCAC) FY24, December 2024",2021,14.47086811065674,"GPE: Non Fragile & non Conflict-affected countries (NON-FCAC) FY24, December 2024",,total
"GPE: Non Fragile & non Conflict-affected countries (NON-FCAC) FY24, December 2024",2022,14.40312957763672,"GPE: Non Fragile & non Conflict-affected countries (NON-FCAC) FY24, December 2024",,total
"GPE: Non Fragile & non Conflict-affected countries (NON-FCAC) FY24, December 2024",2023,14.666916847229,"GPE: Non Fragile & non Conflict-affected countries (NON-FCAC) FY24, December 2024",,total
"GPE: Non Fragile & non Conflict-affected countries (NON-FCAC) FY24, December 2024",2024,14.01988697052002,"GPE: Non Fragile & non Conflict-affected countries (NON-FCAC) FY24, December 2024",,total
"GPE: Overall FY24, all 90 countries, December 2024",2000,14.90773010253906,"GPE: Overall FY24, all 90 countries, December 2024",,total
"GPE: Overall FY24, all 90 countries, December 2024",2001,14.46177005767822,"GPE: Overall FY24, all 90 countries, December 2024",,total
"GPE: Overall FY24, all 90 countries, December 2024",2002,15.14647006988525,"GPE: Overall FY24, all 90 countries, December 2024",,total
"GPE: Overall FY24, all 90 countries, December 2024",2003,15.42216014862061,"GPE: Overall FY24, all 90 countries, December 2024",,total
"GPE: Overall FY24, all 90 countries, December 2024",2004,15.789719581604,"GPE: Overall FY24, all 90 countries, December 2024",,total
"GPE: Overall FY24, all 90 countries, December 2024",2005,15.64986038208008,"GPE: Overall FY24, all 90 countries, December 2024",,total
"GPE: Overall FY24, all 90 countries, December 2024",2006,15.84657001495361,"GPE: Overall FY24, all 90 countries, December 2024",,total
"GPE: Overall FY24, all 90 countries, December 2024",2007,16.73992156982422,"GPE: Overall FY24, all 90 countries, December 2024",,total
"GPE: Overall FY24, all 90 countries, December 2024",2008,16.25814056396484,"GPE: Overall FY24, all 90 countries, December 2024",,total
"GPE: Overall FY24, all 90 countries, December 2024",2009,15.89327526092529,"GPE: Overall FY24, all 90 countries, December 2024",,total
"GPE: Overall FY24, all 90 countries, December 2024",2010,15.48891448974609,"GPE: Overall FY24, all 90 countries, December 2024",,total
"GPE: Overall FY24, all 90 countries, December 2024",2011,14.92353439331055,"GPE: Overall FY24, all 90 countries, December 2024",,total
"GPE: Overall FY24, all 90 countries, December 2024",2012,14.53979969024658,"GPE: Overall FY24, all 90 countries, December 2024",,total
"GPE: Overall FY24, all 90 countries, December 2024",2013,15.48563003540039,"GPE: Overall FY24, all 90 countries, December 2024",,total
"GPE: Overall FY24, all 90 countries, December 2024",2014,15.50078582763672,"GPE: Overall FY24, all 90 countries, December 2024",,total
"GPE: Overall FY24, all 90 countries, December 2024",2015,14.85070037841797,"GPE: Overall FY24, all 90 countries, December 2024",,total
"GPE: Overall FY24, all 90 countries, December 2024",2016,15.16988658905029,"GPE: Overall FY24, all 90 countries, December 2024",,total
"GPE: Overall FY24, all 90 countries, December 2024",2017,15.2990894317627,"GPE: Overall FY24, all 90 countries, December 2024",,total
"GPE: Overall FY24, all 90 countries, December 2024",2018,15.58290004730225,"GPE: Overall FY24, all 90 countries, December 2024",,total
"GPE: Overall FY24, all 90 countries, December 2024",2019,14.17869853973389,"GPE: Overall FY24, all 90 countries, December 2024",,total
"GPE: Overall FY24, all 90 countries, December 2024",2020,14.18070507049561,"GPE: Overall FY24, all 90 countries, December 2024",,total
"GPE: Overall FY24, all 90 countries, December 2024",2021,14.47086811065674,"GPE: Overall FY24, all 90 countries, December 2024",,total
"GPE: Overall FY24, all 90 countries, December 2024",2022,13.38979530334473,"GPE: Overall FY24, all 90 countries, December 2024",,total
"GPE: Overall FY24, all 90 countries, December 2024",2023,13.72319793701172,"GPE: Overall FY24, all 90 countries, December 2024",,total
"GPE: Overall FY24, all 90 countries, December 2024",2024,13.80363273620605,"GPE: Overall FY24, all 90 countries, December 2024",,total
"GPE: Small island and landlocked developing states, December 2024",2000,17.65683937072754,"GPE: Small island and landlocked developing states, December 2024",,total
"GPE: Small island and landlocked developing states, December 2024",2002,16.36329460144043,"GPE: Small island and landlocked developing states, December 2024",,total
"GPE: Small island and landlocked developing states, December 2024",2003,15.42216014862061,"GPE: Small island and landlocked developing states, December 2024",,total
"GPE: Small island and landlocked developing states, December 2024",2008,17.36972045898438,"GPE: Small island and landlocked developing states, December 2024",,total
"GPE: Small island and landlocked developing states, December 2024",2009,14.87446975708008,"GPE: Small island and landlocked developing states, December 2024",,total
"GPE: Small island and landlocked developing states, December 2024",2010,14.2094898223877,"GPE: Small island and landlocked developing states, December 2024",,total
"GPE: Small island and landlocked developing states, December 2024",2011,12.82983016967773,"GPE: Small island and landlocked developing states, December 2024",,total
"GPE: Small island and landlocked developing states, December 2024",2012,14.60362434387207,"GPE: Small island and landlocked developing states, December 2024",,total
"GPE: Small island and landlocked developing states, December 2024",2013,15.13192939758301,"GPE: Small island and landlocked developing states, December 2024",,total
"GPE: Small island and landlocked developing states, December 2024",2014,16.2288818359375,"GPE: Small island and landlocked developing states, December 2024",,total
"GPE: Small island and landlocked developing states, December 2024",2015,16.74822998046875,"GPE: Small island and landlocked developing states, December 2024",,total
"GPE: Small island and landlocked developing states, December 2024",2016,17.84300994873047,"GPE: Small island and landlocked developing states, December 2024",,total
"GPE: Small island and landlocked developing states, December 2024",2017,15.2990894317627,"GPE: Small island and landlocked developing states, December 2024",,total
"GPE: Small island and landlocked developing states, December 2024",2018,16.15208053588867,"GPE: Small island and landlocked developing states, December 2024",,total
"GPE: Small island and landlocked developing states, December 2024",2019,15.04273986816406,"GPE: Small island and landlocked developing states, December 2024",,total
"GPE: Small island and landlocked developing states, December 2024",2020,13.69663429260254,"GPE: Small island and landlocked developing states, December 2024",,total
"GPE: Small island and landlocked developing states, December 2024",2021,14.79028415679932,"GPE: Small island and landlocked developing states, December 2024",,total
"GPE: Small island and landlocked developing states, December 2024",2022,14.4136848449707,"GPE: Small island and landlocked developing states, December 2024",,total
"GPE: Small island and landlocked developing states, December 2024",2023,14.18563461303711,"GPE: Small island and landlocked developing states, December 2024",,total
"GPE: Small island and landlocked developing states, December 2024",2024,14.18394470214844,"GPE: Small island and landlocked developing states, December 2024",,total
"GPE: South Asia WB FY24, December 2024",2000,13.92039012908936,"GPE: South Asia WB FY24, December 2024",,total
"GPE: South Asia WB FY24, December 2024",2001,13.22609996795654,"GPE: South Asia WB FY24, December 2024",,total
"GPE: South Asia WB FY24, December 2024",2004,17.27987480163574,"GPE: South Asia WB FY24, December 2024",,total
"GPE: South Asia WB FY24, December 2024",2005,14.86531448364258,"GPE: South Asia WB FY24, December 2024",,total
"GPE: South Asia WB FY24, December 2024",2006,16.31281471252441,"GPE: South Asia WB FY24, December 2024",,total
"GPE: South Asia WB FY24, December 2024",2007,16.79946136474609,"GPE: South Asia WB FY24, December 2024",,total
"GPE: South Asia WB FY24, December 2024",2008,14.6009349822998,"GPE: South Asia WB FY24, December 2024",,total
"GPE: South Asia WB FY24, December 2024",2009,12.84471035003662,"GPE: South Asia WB FY24, December 2024",,total
"GPE: South Asia WB FY24, December 2024",2010,11.86466026306152,"GPE: South Asia WB FY24, December 2024",,total
"GPE: South Asia WB FY24, December 2024",2011,11.38751029968262,"GPE: South Asia WB FY24, December 2024",,total
"GPE: South Asia WB FY24, December 2024",2012,11.22364044189453,"GPE: South Asia WB FY24, December 2024",,total
"GPE: South Asia WB FY24, December 2024",2013,14.03464984893799,"GPE: South Asia WB FY24, December 2024",,total
"GPE: South Asia WB FY24, December 2024",2014,13.30632781982422,"GPE: South Asia WB FY24, December 2024",,total
"GPE: South Asia WB FY24, December 2024",2015,12.50899982452393,"GPE: South Asia WB FY24, December 2024",,total
"GPE: South Asia WB FY24, December 2024",2016,16.21170043945313,"GPE: South Asia WB FY24, December 2024",,total
"GPE: South Asia WB FY24, December 2024",2017,14.54477977752686,"GPE: South Asia WB FY24, December 2024",,total
"GPE: South Asia WB FY24, December 2024",2018,14.10186958312988,"GPE: South Asia WB FY24, December 2024",,total
"GPE: South Asia WB FY24, December 2024",2019,12.05514430999756,"GPE: South Asia WB FY24, December 2024",,total
"GPE: South Asia WB FY24, December 2024",2020,15.00512504577637,"GPE: South Asia WB FY24, December 2024",,total
"GPE: South Asia WB FY24, December 2024",2021,12.76997566223145,"GPE: South Asia WB FY24, December 2024",,total
"GPE: South Asia WB FY24, December 2024",2022,12.40404415130615,"GPE: South Asia WB FY24, December 2024",,total
"GPE: South Asia WB FY24, December 2024",2023,13.00122451782227,"GPE: South Asia WB FY24, December 2024",,total
"GPE: South Asia WB FY24, December 2024",2024,11.26471042633057,"GPE: South Asia WB FY24, December 2024",,total
"GPE: Sub-Saharan Africa WB FY24, December 2024",2000,15.07232475280762,"GPE: Sub-Saharan Africa WB FY24, December 2024",,total
"GPE: Sub-Saharan Africa WB FY24, December 2024",2001,14.49349975585938,"GPE: Sub-Saharan Africa WB FY24, December 2024",,total
"GPE: Sub-Saharan Africa WB FY24, December 2024",2002,14.5252103805542,"GPE: Sub-Saharan Africa WB FY24, December 2024",,total
"GPE: Sub-Saharan Africa WB FY24, December 2024",2003,15.76313972473145,"GPE: Sub-Saharan Africa WB FY24, December 2024",,total
"GPE: Sub-Saharan Africa WB FY24, December 2024",2004,16.49777030944824,"GPE: Sub-Saharan Africa WB FY24, December 2024",,total
"GPE: Sub-Saharan Africa WB FY24, December 2024",2005,16.38903427124023,"GPE: Sub-Saharan Africa WB FY24, December 2024",,total
"GPE: Sub-Saharan Africa WB FY24, December 2024",2006,16.38903427124023,"GPE: Sub-Saharan Africa WB FY24, December 2024",,total
"GPE: Sub-Saharan Africa WB FY24, December 2024",2008,17.86381912231445,"GPE: Sub-Saharan Africa WB FY24, December 2024",,total
"GPE: Sub-Saharan Africa WB FY24, December 2024",2009,17.68234062194824,"GPE: Sub-Saharan Africa WB FY24, December 2024",,total
"GPE: Sub-Saharan Africa WB FY24, December 2024",2010,17.06808090209961,"GPE: Sub-Saharan Africa WB FY24, December 2024",,total
"GPE: Sub-Saharan Africa WB FY24, December 2024",2011,15.11833000183105,"GPE: Sub-Saharan Africa WB FY24, December 2024",,total
"GPE: Sub-Saharan Africa WB FY24, December 2024",2012,15.85542488098145,"GPE: Sub-Saharan Africa WB FY24, December 2024",,total
"GPE: Sub-Saharan Africa WB FY24, December 2024",2013,16.17004013061523,"GPE: Sub-Saharan Africa WB FY24, December 2024",,total
"GPE: Sub-Saharan Africa WB FY24, December 2024",2014,16.23678588867188,"GPE: Sub-Saharan Africa WB FY24, December 2024",,total
"GPE: Sub-Saharan Africa WB FY24, December 2024",2015,15.09000015258789,"GPE: Sub-Saharan Africa WB FY24, December 2024",,total
"GPE: Sub-Saharan Africa WB FY24, December 2024",2016,15.34716033935547,"GPE: Sub-Saharan Africa WB FY24, December 2024",,total
"GPE: Sub-Saharan Africa WB FY24, December 2024",2017,15.91281032562256,"GPE: Sub-Saharan Africa WB FY24, December 2024",,total
"GPE: Sub-Saharan Africa WB FY24, December 2024",2018,16.36274909973145,"GPE: Sub-Saharan Africa WB FY24, December 2024",,total
"GPE: Sub-Saharan Africa WB FY24, December 2024",2019,14.2921085357666,"GPE: Sub-Saharan Africa WB FY24, December 2024",,total
"GPE: Sub-Saharan Africa WB FY24, December 2024",2020,14.33590030670166,"GPE: Sub-Saharan Africa WB FY24, December 2024",,total
"GPE: Sub-Saharan Africa WB FY24, December 2024",2021,15.11298179626465,"GPE: Sub-Saharan Africa WB FY24, December 2024",,total
"GPE: Sub-Saharan Africa WB FY24, December 2024",2022,14.47581958770752,"GPE: Sub-Saharan Africa WB FY24, December 2024",,total
"GPE: Sub-Saharan Africa WB FY24, December 2024",2023,14.72915267944336,"GPE: Sub-Saharan Africa WB FY24, December 2024",,total
"GPE: Sub-Saharan Africa WB FY24, December 2024",2024,14.72915267944336,"GPE: Sub-Saharan Africa WB FY24, December 2024",,total
"GPE: Upper middle Income WB FY24, December 2024",2000,14.57811546325684,"GPE: Upper middle Income WB FY24, December 2024",,total
"GPE: Upper middle Income WB FY24, December 2024",2001,17.36506652832031,"GPE: Upper middle Income WB FY24, December 2024",,total
"GPE: Upper middle Income WB FY24, December 2024",2002,16.85546112060547,"GPE: Upper middle Income WB FY24, December 2024",,total
"GPE: Upper middle Income WB FY24, December 2024",2003,16.19259071350098,"GPE: Upper middle Income WB FY24, December 2024",,total
"GPE: Upper middle Income WB FY24, December 2024",2004,16.32427978515625,"GPE: Upper middle Income WB FY24, December 2024",,total
"GPE: Upper middle Income WB FY24, December 2024",2005,16.30697059631348,"GPE: Upper middle Income WB FY24, December 2024",,total
"GPE: Upper middle Income WB FY24, December 2024",2006,17.46654891967773,"GPE: Upper middle Income WB FY24, December 2024",,total
"GPE: Upper middle Income WB FY24, December 2024",2007,17.6678295135498,"GPE: Upper middle Income WB FY24, December 2024",,total
"GPE: Upper middle Income WB FY24, December 2024",2008,18.62984466552734,"GPE: Upper middle Income WB FY24, December 2024",,total
"GPE: Upper middle Income WB FY24, December 2024",2009,17.64437866210938,"GPE: Upper middle Income WB FY24, December 2024",,total
"GPE: Upper middle Income WB FY24, December 2024",2010,15.83601474761963,"GPE: Upper middle Income WB FY24, December 2024",,total
"GPE: Upper middle Income WB FY24, December 2024",2011,15.45465469360352,"GPE: Upper middle Income WB FY24, December 2024",,total
"GPE: Upper middle Income WB FY24, December 2024",2012,16.09729957580566,"GPE: Upper middle Income WB FY24, December 2024",,total
"GPE: Upper middle Income WB FY24, December 2024",2013,14.89301013946533,"GPE: Upper middle Income WB FY24, December 2024",,total
"GPE: Upper middle Income WB FY24, December 2024",2014,15.83060264587402,"GPE: Upper middle Income WB FY24, December 2024",,total
"GPE: Upper middle Income WB FY24, December 2024",2015,17.20000076293945,"GPE: Upper middle Income WB FY24, December 2024",,total
"GPE: Upper middle Income WB FY24, December 2024",2016,15.16988658905029,"GPE: Upper middle Income WB FY24, December 2024",,total
"GPE: Upper middle Income WB FY24, December 2024",2017,14.0616397857666,"GPE: Upper middle Income WB FY24, December 2024",,total
"GPE: Upper middle Income WB FY24, December 2024",2018,13.06204986572266,"GPE: Upper middle Income WB FY24, December 2024",,total
"GPE: Upper middle Income WB FY24, December 2024",2019,13.43340015411377,"GPE: Upper middle Income WB FY24, December 2024",,total
"GPE: Upper middle Income WB FY24, December 2024",2020,11.09907531738281,"GPE: Upper middle Income WB FY24, December 2024",,total
"GPE: Upper middle Income WB FY24, December 2024",2021,12.26238059997559,"GPE: Upper middle Income WB FY24, December 2024",,total
"GPE: Upper middle Income WB FY24, December 2024",2022,12.02540683746338,"GPE: Upper middle Income WB FY24, December 2024",,total
"GPE: Upper middle Income WB FY24, December 2024",2023,11.67769432067871,"GPE: Upper middle Income WB FY24, December 2024",,total
"GPE: Upper middle Income WB FY24, December 2024",2024,12.41678619384766,"GPE: Upper middle Income WB FY24, December 2024",,total
GRC,2000,6.957769870758057,GRC,Europe,total
GRC,2001,7.316520214080811,GRC,Europe,total
GRC,2002,7.477159976959229,GRC,Europe,total
GRC,2003,7.360400199890137,GRC,Europe,total
GRC,2004,7.70182991027832,GRC,Europe,total
GRC,2005,8.700209617614746,GRC,Europe,total
GRC,2015,7.101439952850342,GRC,Europe,total
GRC,2017,7.144780158996582,GRC,Europe,total
GRC,2018,7.36313009262085,GRC,Europe,total
GRC,2019,7.459390163421631,GRC,Europe,total
GRC,2022,6.39132022857666,GRC,Europe,total
GRD,2003,10.97463989257813,GRD,North America,total
GRD,2010,15.55981096221902,GRD,North America,total
GRD,2011,14.72077350104389,GRD,North America,total
GRD,2012,10.70311860096915,GRD,North America,total
GRD,2014,11.79899890627003,GRD,North America,total
GRD,2015,9.902500406260712,GRD,North America,total
GRD,2017,14.0616397857666,GRD,North America,total
GRD,2018,10.08057320329803,GRD,North America,total
GRD,2021,10.05946401476978,GRD,North America,total
GRD,2022,9.87272223310091,GRD,North America,total
GRD,2023,16.71856867050965,GRD,North America,total
GRD,2024,14.51909423757452,GRD,North America,total
GTM,2006,20.33844947814941,GTM,North America,total
GTM,2007,21.27816009521484,GTM,North America,total
GTM,2008,23.34815979003906,GTM,North America,total
GTM,2010,19.29692077636719,GTM,North America,total
GTM,2011,20.24641036987305,GTM,North America,total
GTM,2012,21.10514068603516,GTM,North America,total
GTM,2013,20.6379508972168,GTM,North America,total
GTM,2014,21.95939064025879,GTM,North America,total
GTM,2015,24.08550071716309,GTM,North America,total
GTM,2016,23.43474960327148,GTM,North America,total
GTM,2017,23.08805084228516,GTM,North America,total
GTM,2018,23.74954032897949,GTM,North America,total
GTM,2019,23.75538063049316,GTM,North America,total
GTM,2020,21.14117050170898,GTM,North America,total
GTM,2021,22.95527076721191,GTM,North America,total
GTM,2022,22.48452949523926,GTM,North America,total
GTM,2023,22.63916015625,GTM,North America,total
GTM,2024,22.9936695098877,GTM,North America,total
GUY,2000,17.65683937072754,GUY,South America,total
GUY,2001,16.5555591583252,GUY,South America,total
GUY,2002,16.90000915527344,GUY,South America,total
GUY,2003,13.81455993652344,GUY,South America,total
GUY,2004,11.08073997497559,GUY,South America,total
GUY,2005,13.8234395980835,GUY,South America,total
GUY,2006,13.48169040679932,GUY,South America,total
GUY,2007,11.52616024017334,GUY,South America,total
GUY,2009,10.338210105896,GUY,South America,total
GUY,2010,11.96580982208252,GUY,South America,total
GUY,2011,11.82289981842041,GUY,South America,total
GUY,2012,10.25959014892578,GUY,South America,total
GUY,2014,18.87751960754395,GUY,South America,total
GUY,2015,17.91942024230957,GUY,South America,total
GUY,2016,18.81353950500488,GUY,South America,total
GUY,2017,17.73406028747559,GUY,South America,total
GUY,2018,16.15208053588867,GUY,South America,total
HKG,2001,22.41877937316895,HKG,Asia,total
HKG,2002,22.20729064941406,HKG,Asia,total
HKG,2003,23.24428939819336,HKG,Asia,total
HKG,2004,23.15106010437012,HKG,Asia,total
HKG,2005,22.47858047485352,HKG,Asia,total
HKG,2006,23.28260040283203,HKG,Asia,total
HKG,2007,22.8922290802002,HKG,Asia,total
HKG,2008,22.92239952087402,HKG,Asia,total
HKG,2009,24.00515937805176,HKG,Asia,total
HKG,2010,19.90941047668457,HKG,Asia,total
HKG,2011,20.14833068847656,HKG,Asia,total
HKG,2012,18.64948081970215,HKG,Asia,total
HKG,2013,20.30080032348633,HKG,Asia,total
HKG,2014,17.62039947509766,HKG,Asia,total
HKG,2015,18.60857009887695,HKG,Asia,total
HKG,2016,18.12718963623047,HKG,Asia,total
HKG,2017,17.84127998352051,HKG,Asia,total
HKG,2018,18.78783988952637,HKG,Asia,total
HKG,2019,20.31401062011719,HKG,Asia,total
HKG,2020,20.62105941772461,HKG,Asia,total
HKG,2021,13.11645984649658,HKG,Asia,total
HKG,2022,14.38998031616211,HKG,Asia,total
HKG,2023,13.18148040771484,HKG,Asia,total
HKG,2024,15.74114036560059,HKG,Asia,total
HND,2013,20.99983024597168,HND,North America,total
HND,2014,26.86442947387695,HND,North America,total
HND,2015,24.64455986022949,HND,North America,total
HND,2018,23.15510940551758,HND,North America,total
HRV,2002,7.77331018447876,HRV,Europe,total
HRV,2003,7.795300006866455,HRV,Europe,total
HRV,2004,7.802519798278809,HRV,Europe,total
HRV,2007,8.56842041015625,HRV,Europe,total
HRV,2008,9.24820041656494,HRV,Europe,total
HRV,2009,8.861860275268555,HRV,Europe,total
HRV,2010,8.739689826965332,HRV,Europe,total
HRV,2011,8.452879905700684,HRV,Europe,total
HRV,2013,9.397109985351562,HRV,Europe,total
HRV,2017,8.7887601852417,HRV,Europe,total
HRV,2018,8.73954963684082,HRV,Europe,total
HRV,2019,8.90884017944336,HRV,Europe,total
HRV,2020,8.215370178222656,HRV,Europe,total
HRV,2021,8.504079818725586,HRV,Europe,total
HTI,2014,11.98414993286133,HTI,North America,total
HTI,2015,14.56777954101563,HTI,North America,total
HTI,2016,13.23316955566406,HTI,North America,total
HTI,2017,14.69501972198486,HTI,North America,total
HTI,2018,14.49096965789795,HTI,North America,total
HTI,2019,12.8616709116158,HTI,North America,total
HTI,2020,10.00410946552592,HTI,North America,total
HTI,2021,16.10693634818653,HTI,North America,total
HTI,2022,13.12404456183104,HTI,North America,total
HTI,2023,11.23081088448598,HTI,North America,total
HTI,2024,13.01935627097854,HTI,North America,total
HUN,2000,10.28238010406494,HUN,Europe,total
HUN,2001,10.43548965454102,HUN,Europe,total
HUN,2002,10.15637969970703,HUN,Europe,total
HUN,2003,11.79174041748047,HUN,Europe,total
HUN,2004,10.93478965759277,HUN,Europe,total
HUN,2005,10.78715038299561,HUN,Europe,total
HUN,2006,10.29981994628906,HUN,Europe,total
HUN,2007,10.29848003387451,HUN,Europe,total
HUN,2008,10.19106960296631,HUN,Europe,total
HUN,2009,9.783329963684082,HUN,Europe,total
HUN,2010,9.677240371704102,HUN,Europe,total
HUN,2011,9.301119804382324,HUN,Europe,total
HUN,2012,8.434149742126465,HUN,Europe,total
HUN,2013,8.367520332336426,HUN,Europe,total
HUN,2014,9.194669723510742,HUN,Europe,total
HUN,2015,8.922639846801758,HUN,Europe,total
HUN,2016,9.862380027770996,HUN,Europe,total
HUN,2017,9.94773006439209,HUN,Europe,total
HUN,2018,10.0292501449585,HUN,Europe,total
HUN,2019,9.164090156555176,HUN,Europe,total
HUN,2020,8.078720092773438,HUN,Europe,total
HUN,2021,9.678420066833496,HUN,Europe,total
HUN,2022,7.803410053253174,HUN,Europe,total
IDN,2001,11.59389019012451,IDN,Asia,total
IDN,2002,14.36905002593994,IDN,Asia,total
IDN,2003,16.27817916870117,IDN,Asia,total
IDN,2004,14.1702995300293,IDN,Asia,total
IDN,2005,15.18210983276367,IDN,Asia,total
IDN,2007,14.93992042541504,IDN,Asia,total
IDN,2008,13.67475032806396,IDN,Asia,total
IDN,2009,19.30813980102539,IDN,Asia,total
IDN,2010,16.65394020080566,IDN,Asia,total
IDN,2011,18.0055103302002,IDN,Asia,total
IDN,2012,18.09041976928711,IDN,Asia,total
IDN,2013,17.8482608795166,IDN,Asia,total
IDN,2014,17.90389060974121,IDN,Asia,total
IDN,2015,20.35886001586914,IDN,Asia,total
IDN,2016,11.32283857807055,IDN,Asia,total
IDN,2017,10.88036268382381,IDN,Asia,total
IDN,2018,10.14524638809098,IDN,Asia,total
IDN,2019,9.342609248993478,IDN,Asia,total
IDN,2020,9.319640244565266,IDN,Asia,total
IDN,2021,8.965597690311167,IDN,Asia,total
IDN,2022,8.70282050991956,IDN,Asia,total
IND,2000,16.73051071166992,IND,Asia,total
IND,2003,12.41079998016357,IND,Asia,total
IND,2004,11.19686031341553,IND,Asia,total
IND,2005,11.20845985412598,IND,Asia,total
IND,2006,11.69371032714844,IND,Asia,total
IND,2009,11.19120025634766,IND,Asia,total
IND,2010,11.83368015289307,IND,Asia,total
IND,2011,13.56490993499756,IND,Asia,total
IND,2012,13.99211978912354,IND,Asia,total
IND,2013,14.05018043518066,IND,Asia,total
IND,2014,15.71815397007452,IND,Asia,total
IND,2015,15.69221973419189,IND,Asia,total
IND,2016,15.72150039672852,IND,Asia,total
IND,2017,15.80976963043213,IND,Asia,total
IND,2018,16.63537979125977,IND,Asia,total
IND,2019,14.82382011413574,IND,Asia,total
IND,2020,15.99260997772217,IND,Asia,total
IND,2021,14.92459964752197,IND,Asia,total
IND,2022,14.15547447282382,IND,Asia,total
IRL,2000,13.5181999206543,IRL,Europe,total
IRL,2001,12.70464992523193,IRL,Europe,total
IRL,2002,12.48445987701416,IRL,Europe,total
IRL,2003,12.87310981750488,IRL,Europe,total
IRL,2004,13.65855979919434,IRL,Europe,total
IRL,2005,13.68492984771729,IRL,Europe,total
IRL,2006,13.54899978637695,IRL,Europe,total
IRL,2007,13.23058986663818,IRL,Europe,total
IRL,2008,13.13430976867676,IRL,Europe,total
IRL,2009,13.13325023651123,IRL,Europe,total
IRL,2010,9.323320388793944,IRL,Europe,total
IRL,2011,12.33757019042969,IRL,Europe,total
IRL,2012,13.52248954772949,IRL,Europe,total
IRL,2013,13.1515998840332,IRL,Europe,total
IRL,2014,12.96996974945068,IRL,Europe,total
IRL,2015,12.92430973052979,IRL,Europe,total
IRL,2016,13.31054019927979,IRL,Europe,total
IRL,2017,13.3671703338623,IRL,Europe,total
IRL,2018,13.33841991424561,IRL,Europe,total
IRL,2019,13.52929973602295,IRL,Europe,total
IRL,2020,11.96757984161377,IRL,Europe,total
IRL,2021,12.33450984954834,IRL,Europe,total
IRN,2000,20.63385009765625,IRN,Asia,total
IRN,2001,24.42416954040527,IRN,Asia,total
IRN,2002,26.50642967224121,IRN,Asia,total
IRN,2003,22.13546943664551,IRN,Asia,total
IRN,2004,21.52145004272461,IRN,Asia,total
IRN,2005,21.89969062805176,IRN,Asia,total
IRN,2006,19.45677947998047,IRN,Asia,total
IRN,2007,20.03128051757813,IRN,Asia,total
IRN,2008,22.38460922241211,IRN,Asia,total
IRN,2009,18.56262016296387,IRN,Asia,total
IRN,2010,19.25691032409668,IRN,Asia,total
IRN,2011,20.15138053894043,IRN,Asia,total
IRN,2012,17.39579010009766,IRN,Asia,total
IRN,2013,21.67350006103516,IRN,Asia,total
IRN,2014,19.66486930847168,IRN,Asia,total
IRN,2015,18.56875038146973,IRN,Asia,total
IRN,2016,19.44543075561523,IRN,Asia,total
IRN,2017,20.30521011352539,IRN,Asia,total
IRN,2018,21.14603996276855,IRN,Asia,total
IRN,2019,21.24452972412109,IRN,Asia,total
IRN,2020,22.66550064086914,IRN,Asia,total
IRN,2022,18.82119941711426,IRN,Asia,total
ISL,2000,14.34761047363281,ISL,Europe,total
ISL,2001,14.14177989959717,ISL,Europe,total
ISL,2002,16.05661010742188,ISL,Europe,total
ISL,2003,15.15958023071289,ISL,Europe,total
ISL,2004,15.33897018432617,ISL,Europe,total
ISL,2005,16.30814933776855,ISL,Europe,total
ISL,2006,16.0469799041748,ISL,Europe,total
ISL,2007,15.51906967163086,ISL,Europe,total
ISL,2008,11.10029983520508,ISL,Europe,total
ISL,2009,13.41956043243408,ISL,Europe,total
ISL,2010,14.23122024536133,ISL,Europe,total
ISL,2011,13.43597030639648,ISL,Europe,total
ISL,2012,15.88494968414307,ISL,Europe,total
ISL,2013,16.20466995239258,ISL,Europe,total
ISL,2014,16.67432975769043,ISL,Europe,total
ISL,2015,17.1551399230957,ISL,Europe,total
ISL,2016,16.00481986999512,ISL,Europe,total
ISL,2017,17.07719039916992,ISL,Europe,total
ISL,2018,17.24921989440918,ISL,Europe,total
ISL,2019,17.44318962097168,ISL,Europe,total
ISL,2020,16.79796981811523,ISL,Europe,total
ISL,2021,16.59103965759277,ISL,Europe,total
ISL,2022,15.65501022338867,ISL,Europe,total
ISR,2000,13.67479038238525,ISR,Asia,total
ISR,2001,13.40509986877441,ISR,Asia,total
ISR,2002,12.51935958862305,ISR,Asia,total
ISR,2003,13.52538967132568,ISR,Asia,total
ISR,2004,13.38453006744385,ISR,Asia,total
ISR,2005,13.1606502532959,ISR,Asia,total
ISR,2006,13.43054962158203,ISR,Asia,total
ISR,2007,13.28104019165039,ISR,Asia,total
ISR,2008,13.13895034790039,ISR,Asia,total
ISR,2009,12.93437004089355,ISR,Asia,total
ISR,2010,13.63444042205811,ISR,Asia,total
ISR,2011,13.82794952392578,ISR,Asia,total
ISR,2012,14.07756996154785,ISR,Asia,total
ISR,2013,14.55673027038574,ISR,Asia,total
ISR,2014,14.90192031860352,ISR,Asia,total
ISR,2015,15.46302032470703,ISR,Asia,total
ISR,2016,15.3488597869873,ISR,Asia,total
ISR,2017,15.70734977722168,ISR,Asia,total
ISR,2018,15.5355396270752,ISR,Asia,total
ISR,2019,15.74977970123291,ISR,Asia,total
ISR,2020,14.5418701171875,ISR,Asia,total
ISR,2021,15.40744972229004,ISR,Asia,total
ISR,2022,16.0677604675293,ISR,Asia,total
ITA,2000,9.230279922485352,ITA,Europe,total
ITA,2001,9.832320213317873,ITA,Europe,total
ITA,2002,9.496430397033691,ITA,Europe,total
ITA,2003,9.637439727783203,ITA,Europe,total
ITA,2004,9.364350318908691,ITA,Europe,total
ITA,2005,8.974749565124512,ITA,Europe,total
ITA,2006,9.471480369567873,ITA,Europe,total
ITA,2007,8.7716703414917,ITA,Europe,total
ITA,2008,9.155610084533691,ITA,Europe,total
ITA,2009,8.822580337524414,ITA,Europe,total
ITA,2010,8.667400360107422,ITA,Europe,total
ITA,2011,8.351200103759766,ITA,Europe,total
ITA,2012,7.99275016784668,ITA,Europe,total
ITA,2013,8.097970008850098,ITA,Europe,total
ITA,2014,7.966609954833984,ITA,Europe,total
ITA,2015,8.069100379943848,ITA,Europe,total
ITA,2016,7.749090194702148,ITA,Europe,total
ITA,2017,8.254170417785645,ITA,Europe,total
ITA,2018,8.776639938354492,ITA,Europe,total
ITA,2019,8.422369956970215,ITA,Europe,total
ITA,2020,7.780439853668213,ITA,Europe,total
ITA,2021,7.443339824676514,ITA,Europe,total
ITA,2022,7.405159950256348,ITA,Europe,total
JAM,2000,16.79660034179688,JAM,North America,total
JAM,2001,19.99114990234375,JAM,North America,total
JAM,2002,18.36392974853516,JAM,North America,total
JAM,2003,13.36233997344971,JAM,North America,total
JAM,2004,11.73301982879639,JAM,North America,total
JAM,2005,14.26937007904053,JAM,North America,total
JAM,2007,17.17304992675781,JAM,North America,total
JAM,2008,19.11938095092773,JAM,North America,total
JAM,2009,17.5528392791748,JAM,North America,total
JAM,2010,16.10293960571289,JAM,North America,total
JAM,2011,18.58193016052246,JAM,North America,total
JAM,2012,18.80925941467285,JAM,North America,total
JAM,2013,20.57386016845703,JAM,North America,total
JAM,2014,21.79748916625977,JAM,North America,total
JAM,2015,20.05147933959961,JAM,North America,total
JAM,2016,19.14512062072754,JAM,North America,total
JAM,2017,18.40254020690918,JAM,North America,total
JAM,2018,18.58399963378906,JAM,North America,total
JAM,2019,17.31398963928223,JAM,North America,total
JAM,2021,17.41790008544922,JAM,North America,total
JAM,2022,16.93285942077637,JAM,North America,total
JAM,2024,17.86577033996582,JAM,North America,total
JOR,2010,10.69395401981491,JOR,Asia,total
JOR,2011,11.09997597353175,JOR,Asia,total
JOR,2012,11.87684168839197,JOR,Asia,total
JOR,2013,13.07868718131611,JOR,Asia,total
JOR,2014,12.55225712879914,JOR,Asia,total
JOR,2015,13.1707308975649,JOR,Asia,total
JOR,2016,11.5762996673584,JOR,Asia,total
JOR,2017,10.85793972015381,JOR,Asia,total
JOR,2018,9.239620208740234,JOR,Asia,total
JOR,2019,9.236700057983398,JOR,Asia,total
JOR,2020,11.96798131241838,JOR,Asia,total
JOR,2021,9.216389656066896,JOR,Asia,total
JOR,2022,9.476269721984863,JOR,Asia,total
JOR,2023,11.55861289402402,JOR,Asia,total
JOR,2024,9.785690307617188,JOR,Asia,total
KAZ,2000,0.0,KAZ,Asia,total
KAZ,2002,14.75948047637939,KAZ,Asia,total
KAZ,2004,10.60968017578125,KAZ,Asia,total
KAZ,2005,10.28594970703125,KAZ,Asia,total
KAZ,2006,13.26669979095459,KAZ,Asia,total
KAZ,2007,11.94447040557861,KAZ,Asia,total
KAZ,2008,13.64694023132324,KAZ,Asia,total
KAZ,2009,13.04090023040771,KAZ,Asia,total
KAZ,2010,15.91928479165183,KAZ,Asia,total
KAZ,2011,16.97598616377303,KAZ,Asia,total
KAZ,2012,17.76632605120977,KAZ,Asia,total
KAZ,2013,17.32329650992277,KAZ,Asia,total
KAZ,2014,16.08365153861613,KAZ,Asia,total
KAZ,2015,12.193039894104,KAZ,Asia,total
KAZ,2016,13.84409999847412,KAZ,Asia,total
KAZ,2017,11.4199104309082,KAZ,Asia,total
KAZ,2018,13.88018035888672,KAZ,Asia,total
KAZ,2019,14.10953044891357,KAZ,Asia,total
KAZ,2020,17.99516493085393,KAZ,Asia,total
KAZ,2021,19.82799145375141,KAZ,Asia,total
KAZ,2022,20.05521042883349,KAZ,Asia,total
KAZ,2023,20.79612922668457,KAZ,Asia,total
KAZ,2024,21.95535386566118,KAZ,Asia,total
KEN,2000,24.06613922119141,KEN,Africa,total
KEN,2001,22.96161079406738,KEN,Africa,total
KEN,2002,26.84721946716309,KEN,Africa,total
KEN,2003,25.8499698638916,KEN,Africa,total
KEN,2004,27.59770965576172,KEN,Africa,total
KEN,2005,28.94343948364258,KEN,Africa,total
KEN,2006,26.95387077331543,KEN,Africa,total
KEN,2010,20.35201072692871,KEN,Africa,total
KEN,2011,20.19197082519531,KEN,Africa,total
KEN,2012,19.48481941223145,KEN,Africa,total
KEN,2013,18.68946075439453,KEN,Africa,total
KEN,2014,17.8151798248291,KEN,Africa,total
KEN,2015,17.36208915710449,KEN,Africa,total
KEN,2016,17.49838066101074,KEN,Africa,total
KEN,2017,17.63139915466309,KEN,Africa,total
KEN,2018,18.95112037658691,KEN,Africa,total
KEN,2019,19.05114365316146,KEN,Africa,total
KEN,2020,17.76485477092805,KEN,Africa,total
KEN,2021,17.27012062487641,KEN,Africa,total
KEN,2022,16.08167547957224,KEN,Africa,total
KEN,2023,24.99424813407208,KEN,Africa,total
KEN,2024,27.92465549914242,KEN,Africa,total
KGZ,2000,11.61130046844482,KGZ,Asia,total
KGZ,2001,13.72138977050781,KGZ,Asia,total
KGZ,2002,15.14647006988525,KGZ,Asia,total
KGZ,2003,15.93953037261963,KGZ,Asia,total
KGZ,2004,16.24381065368652,KGZ,Asia,total
KGZ,2005,16.76840019226074,KGZ,Asia,total
KGZ,2006,19.0526008605957,KGZ,Asia,total
KGZ,2007,21.85145950317383,KGZ,Asia,total
KGZ,2008,21.20623970031738,KGZ,Asia,total
KGZ,2009,19.15300941467285,KGZ,Asia,total
KGZ,2010,15.68130970001221,KGZ,Asia,total
KGZ,2011,18.17252922058105,KGZ,Asia,total
KGZ,2012,18.19500923156738,KGZ,Asia,total
KGZ,2013,17.77379035949707,KGZ,Asia,total
KGZ,2014,14.36483955383301,KGZ,Asia,total
KGZ,2015,15.71675968170166,KGZ,Asia,total
KGZ,2016,16.92091941833496,KGZ,Asia,total
KGZ,2017,16.27813911437988,KGZ,Asia,total
KGZ,2018,16.79590034484863,KGZ,Asia,total
KGZ,2019,16.47274971008301,KGZ,Asia,total
KGZ,2020,17.87512969970703,KGZ,Asia,total
KGZ,2021,16.106689453125,KGZ,Asia,total
KGZ,2022,23.51836483215024,KGZ,Asia,total
KGZ,2023,22.10962153337157,KGZ,Asia,total
KGZ,2024,19.64759166999856,KGZ,Asia,total
KHM,2000,11.07901000976563,KHM,Asia,total
KHM,2001,11.3807897567749,KHM,Asia,total
KHM,2002,10.13757038116455,KHM,Asia,total
KHM,2004,12.40431022644043,KHM,Asia,total
KHM,2007,11.1035099029541,KHM,Asia,total
KHM,2009,8.165240287780762,KHM,Asia,total
KHM,2010,7.337470054626465,KHM,Asia,total
KHM,2011,7.335400104522705,KHM,Asia,total
KHM,2012,7.199850082397461,KHM,Asia,total
KHM,2013,9.59706974029541,KHM,Asia,total
KHM,2014,8.791600227355957,KHM,Asia,total
KHM,2018,9.97500991821289,KHM,Asia,total
KHM,2019,12.13110673475463,KHM,Asia,total
KHM,2020,11.06877199074884,KHM,Asia,total
KHM,2021,9.34959951214734,KHM,Asia,total
KHM,2022,11.67428084419715,KHM,Asia,total
KHM,2023,12.01438511188561,KHM,Asia,total
KHM,2024,11.23393228785298,KHM,Asia,total
KIR,2000,15.26541996002197,KIR,Oceania,total
KIR,2001,11.51613998413086,KIR,Oceania,total
KIR,2012,24.30519466939581,KIR,Oceania,total
KIR,2013,24.07540892999183,KIR,Oceania,total
KIR,2014,21.31180121567801,KIR,Oceania,total
KIR,2015,20.11219836320453,KIR,Oceania,total
KIR,2016,18.46271252048994,KIR,Oceania,total
KIR,2017,15.29908977818064,KIR,Oceania,total
KIR,2018,20.66576720485671,KIR,Oceania,total
KIR,2019,17.94155720681782,KIR,Oceania,total
KIR,2020,20.17760858579944,KIR,Oceania,total
KIR,2021,19.27184167279387,KIR,Oceania,total
KIR,2022,18.89857382096768,KIR,Oceania,total
KIR,2023,21.6432047478521,KIR,Oceania,total
KIR,2024,20.11529243045446,KIR,Oceania,total
KNA,2000,13.68505001068115,KNA,North America,total
KNA,2001,14.31910991668701,KNA,North America,total
KNA,2002,11.05932998657227,KNA,North America,total
KNA,2003,12.28806018829346,KNA,North America,total
KNA,2004,11.79026031494141,KNA,North America,total
KNA,2005,11.05620956420898,KNA,North America,total
KNA,2006,12.47840976715088,KNA,North America,total
KNA,2007,13.0518102645874,KNA,North America,total
KNA,2010,8.654870591694438,KNA,North America,total
KNA,2011,10.65097158741,KNA,North America,total
KNA,2012,11.43145105621606,KNA,North America,total
KNA,2013,13.31337849841601,KNA,North America,total
KNA,2014,12.21721643130057,KNA,North America,total
KNA,2015,8.773480415344238,KNA,North America,total
KNA,2016,14.36052034119215,KNA,North America,total
KNA,2017,13.26362534510543,KNA,North America,total
KNA,2018,10.10633977194714,KNA,North America,total
KNA,2019,8.638546946684855,KNA,North America,total
KNA,2020,9.614765157726564,KNA,North America,total
KNA,2021,6.757699966430664,KNA,North America,total
KNA,2022,7.725908564401099,KNA,North America,total
KNA,2023,9.075799049679418,KNA,North America,total
KNA,2024,10.20318256581093,KNA,North America,total
KWT,2001,22.01040077209473,KWT,Asia,total
KWT,2002,15.82322978973389,KWT,Asia,total
KWT,2004,14.49789047241211,KWT,Asia,total
KWT,2005,13.40655994415283,KWT,Asia,total
KWT,2006,13.04942989349365,KWT,Asia,total
KWT,2016,11.25300673389,KWT,Asia,total
KWT,2017,11.86198941652984,KWT,Asia,total
KWT,2018,12.15754821435901,KWT,Asia,total
KWT,2019,12.85029939538648,KWT,Asia,total
KWT,2020,12.43980164756156,KWT,Asia,total
KWT,2021,12.0027574509284,KWT,Asia,total
KWT,2022,12.26316518781819,KWT,Asia,total
KWT,2023,12.57962268366565,KWT,Asia,total
KWT,2024,12.68860989089407,KWT,Asia,total
LAO,2000,7.295569896697998,LAO,Asia,total
LAO,2001,9.94657039642334,LAO,Asia,total
LAO,2002,15.26266002655029,LAO,Asia,total
LAO,2004,15.87508010864258,LAO,Asia,total
LAO,2005,14.12926959991455,LAO,Asia,total
LAO,2006,17.76235961914063,LAO,Asia,total
LAO,2007,18.1017894744873,LAO,Asia,total
LAO,2008,13.00520992279053,LAO,Asia,total
LAO,2009,7.463099956512451,LAO,Asia,total
LAO,2010,7.246960163116455,LAO,Asia,total
LAO,2011,8.2595796585083,LAO,Asia,total
LAO,2012,7.368390083312988,LAO,Asia,total
LAO,2013,13.34101009368896,LAO,Asia,total
LAO,2014,11.75734996795654,LAO,Asia,total
LAO,2015,10.46939689717049,LAO,Asia,total
LAO,2016,12.89050726641641,LAO,Asia,total
LAO,2017,11.43893559961442,LAO,Asia,total
LAO,2018,11.16837801407134,LAO,Asia,total
LAO,2019,10.83162056832696,LAO,Asia,total
LAO,2020,10.66222109241873,LAO,Asia,total
LAO,2021,11.50620642277846,LAO,Asia,total
LAO,2022,9.824934171803848,LAO,Asia,total
LAO,2023,9.803671883860725,LAO,Asia,total
LAO,2024,8.241551313701287,LAO,Asia,total
LBN,2001,7.421249866485596,LBN,Asia,total
LBN,2002,7.056300163269043,LBN,Asia,total
LBN,2004,7.931230068206787,LBN,Asia,total
LBN,2005,8.421310424804688,LBN,Asia,total
LBN,2006,7.693190097808838,LBN,Asia,total
LBN,2007,7.341040134429932,LBN,Asia,total
LBN,2008,5.869770050048828,LBN,Asia,total
LBN,2009,5.502999782562256,LBN,Asia,total
LBN,2010,5.534289836883545,LBN,Asia,total
LBN,2011,5.733809947967529,LBN,Asia,total
LBN,2012,7.10915994644165,LBN,Asia,total
LBN,2013,8.575519561767578,LBN,Asia,total
LBN,2016,7.148961776273905,LBN,Asia,total
LBN,2017,7.147536183384924,LBN,Asia,total
LBN,2018,8.047454523069348,LBN,Asia,total
LBN,2019,8.143953447501515,LBN,Asia,total
LBN,2020,9.89828549998226,LBN,Asia,total
LBN,2022,8.858170430357449,LBN,Asia,total
LBN,2024,6.113990880418318,LBN,Asia,total
LBR,2008,6.454070091247559,LBR,Africa,total
LBR,2012,5.184340000152588,LBR,Africa,total
LBR,2013,5.652689933776855,LBR,Africa,total
LBR,2014,6.760149955749512,LBR,Africa,total
LBR,2017,7.769100189208984,LBR,Africa,total
LBR,2018,7.96435022354126,LBR,Africa,total
LBR,2021,7.366199970245361,LBR,Africa,total
LCA,2001,25.85462951660156,LCA,North America,total
LCA,2003,15.42216014862061,LCA,North America,total
LCA,2004,15.04104042053223,LCA,North America,total
LCA,2005,16.30697059631348,LCA,North America,total
LCA,2006,19.01137924194336,LCA,North America,total
LCA,2008,19.9433708190918,LCA,North America,total
LCA,2009,13.89531993865967,LCA,North America,total
LCA,2010,14.20207977294922,LCA,North America,total
LCA,2011,13.83675956726074,LCA,North America,total
LCA,2012,12.19244956970215,LCA,North America,total
LCA,2013,13.84786033630371,LCA,North America,total
LCA,2014,15.30152034759521,LCA,North America,total
LCA,2015,16.45298004150391,LCA,North America,total
LCA,2016,21.97570037841797,LCA,North America,total
LCA,2017,14.09973625126395,LCA,North America,total
LCA,2018,14.30671977996826,LCA,North America,total
LCA,2019,14.0734395980835,LCA,North America,total
LCA,2020,14.39326953887939,LCA,North America,total
LCA,2021,14.46758634149414,LCA,North America,total
LCA,2022,16.89816093444824,LCA,North America,total
LCA,2023,11.99497985839844,LCA,North America,total
LCA,2024,13.84879365079365,LCA,North America,total
LKA,2009,8.270790100097656,LKA,Asia,total
LKA,2010,8.605660438537598,LKA,Asia,total
LKA,2011,9.110159873962402,LKA,Asia,total
LKA,2012,8.39402961730957,LKA,Asia,total
LKA,2013,9.419949531555176,LKA,Asia,total
LKA,2014,10.82396030426025,LKA,Asia,total
LKA,2015,10.95026016235352,LKA,Asia,total
LKA,2016,17.728759765625,LKA,Asia,total
LKA,2017,14.49975967407227,LKA,Asia,total
LKA,2018,11.33090019226074,LKA,Asia,total
LKA,2020,5.468591600836235,LKA,Asia,total
LKA,2021,5.038812340874119,LKA,Asia,total
LKA,2022,5.345830425661076,LKA,Asia,total
LKA,2023,8.67846709056539,LKA,Asia,total
LKA,2024,7.222699914015478,LKA,Asia,total
LSO,2000,19.14159965515137,LSO,Africa,total
LSO,2001,22.96562957763672,LSO,Africa,total
LSO,2002,23.48707962036133,LSO,Africa,total
LSO,2003,31.50684928894043,LSO,Africa,total
LSO,2004,27.16360092163086,LSO,Africa,total
LSO,2005,32.5390510559082,LSO,Africa,total
LSO,2006,28.95932006835938,LSO,Africa,total
LSO,2008,24.21858024597168,LSO,Africa,total
LSO,2015,13.93599496099617,LSO,Africa,total
LSO,2016,13.99764024455647,LSO,Africa,total
LSO,2017,15.115309715271,LSO,Africa,total
LSO,2018,14.08535003662109,LSO,Africa,total
LSO,2023,10.99967960836137,LSO,Africa,total
LSO,2024,10.37344398340249,LSO,Africa,total
LTU,2001,15.99485015869141,LTU,Europe,total
LTU,2002,16.81158065795898,LTU,Europe,total
LTU,2003,15.56124019622803,LTU,Europe,total
LTU,2004,15.18828010559082,LTU,Europe,total
LTU,2005,14.30047035217285,LTU,Europe,total
LTU,2006,14.04924011230469,LTU,Europe,total
LTU,2007,13.02009010314941,LTU,Europe,total
LTU,2008,12.69242000579834,LTU,Europe,total
LTU,2009,12.42465019226074,LTU,Europe,total
LTU,2010,12.47957992553711,LTU,Europe,total
LTU,2011,12.86353015899658,LTU,Europe,total
LTU,2012,13.06536960601807,LTU,Europe,total
LTU,2013,12.93937015533447,LTU,Europe,total
LTU,2014,12.87658023834229,LTU,Europe,total
LTU,2015,11.97869968414307,LTU,Europe,total
LTU,2016,11.63877964019775,LTU,Europe,total
LTU,2017,11.42453002929688,LTU,Europe,total
LTU,2018,11.41294956207275,LTU,Europe,total
LTU,2019,11.37759017944336,LTU,Europe,total
LTU,2020,10.56414031982422,LTU,Europe,total
LTU,2021,11.35999011993408,LTU,Europe,total
LTU,2022,11.73038005828857,LTU,Europe,total
LUX,2001,9.280659675598145,LUX,Europe,total
LUX,2012,9.274550437927246,LUX,Europe,total
LUX,2014,9.49374008178711,LUX,Europe,total
LUX,2015,9.334429740905762,LUX,Europe,total
LUX,2017,8.446260452270508,LUX,Europe,total
LUX,2018,8.643280029296875,LUX,Europe,total
LUX,2019,8.676429748535156,LUX,Europe,total
LUX,2020,8.194990158081055,LUX,Europe,total
LUX,2021,8.690329551696777,LUX,Europe,total
LUX,2022,8.450380325317383,LUX,Europe,total
LVA,2000,14.60147953033447,LVA,Europe,total
LVA,2001,15.87751960754395,LVA,Europe,total
LVA,2002,16.37018013000488,LVA,Europe,total
LVA,2003,15.37675952911377,LVA,Europe,total
LVA,2004,14.50181007385254,LVA,Europe,total
LVA,2006,13.91162967681885,LVA,Europe,total
LVA,2007,14.06704998016357,LVA,Europe,total
LVA,2008,14.76309967041016,LVA,Europe,total
LVA,2009,13.02513980865479,LVA,Europe,total
LVA,2010,11.8090295791626,LVA,Europe,total
LVA,2011,12.71531009674072,LVA,Europe,total
LVA,2012,17.73654937744141,LVA,Europe,total
LVA,2013,18.74402046203613,LVA,Europe,total
LVA,2014,13.97237014770508,LVA,Europe,total
LVA,2015,14.12740993499756,LVA,Europe,total
LVA,2016,12.89328956604004,LVA,Europe,total
LVA,2017,11.97128009796143,LVA,Europe,total
LVA,2018,11.15254020690918,LVA,Europe,total
LVA,2019,11.76817035675049,LVA,Europe,total
LVA,2020,11.71951961517334,LVA,Europe,total
LVA,2021,10.69342041015625,LVA,Europe,total
LVA,2022,9.921030044555664,LVA,Europe,total
MAC,2000,11.83891010284424,MAC,Asia,total
MAC,2001,11.09216022491455,MAC,Asia,total
MAC,2002,10.71469020843506,MAC,Asia,total
MAC,2003,10.38807010650635,MAC,Asia,total
MAC,2004,9.002079963684082,MAC,Asia,total
MAC,2005,8.113349914550781,MAC,Asia,total
MAC,2006,11.18393039703369,MAC,Asia,total
MAC,2007,9.946459770202637,MAC,Asia,total
MAC,2008,10.44556999206543,MAC,Asia,total
MAC,2009,11.3725004196167,MAC,Asia,total
MAC,2010,12.97941970825195,MAC,Asia,total
MAC,2011,14.63311004638672,MAC,Asia,total
MAC,2012,22.32860946655273,MAC,Asia,total
MAC,2013,12.58631992340088,MAC,Asia,total
MAC,2014,13.6573600769043,MAC,Asia,total
MAC,2015,13.41969966888428,MAC,Asia,total
MAC,2016,13.83483982086182,MAC,Asia,total
MAC,2017,14.10256958007813,MAC,Asia,total
MAC,2018,15.15968990325928,MAC,Asia,total
MAC,2019,16.59794998168945,MAC,Asia,total
MAC,2020,14.16965961456299,MAC,Asia,total
MAC,2021,14.68649005889893,MAC,Asia,total
MAC,2022,12.26790046691895,MAC,Asia,total
MAR,2008,17.47064018249512,MAR,Africa,total
MAR,2009,17.29528999328613,MAR,Africa,total
MAR,2012,20.74607850492187,MAR,Africa,total
MAR,2014,22.06394278413318,MAR,Africa,total
MAR,2015,22.2395469824195,MAR,Africa,total
MAR,2016,22.25735674888952,MAR,Africa,total
MAR,2017,21.64990385788905,MAR,Africa,total
MAR,2018,22.44476135166153,MAR,Africa,total
MAR,2019,21.46507082738493,MAR,Africa,total
MAR,2020,24.15809398801193,MAR,Africa,total
MAR,2021,23.75648300450683,MAR,Africa,total
MAR,2022,23.86566628044771,MAR,Africa,total
MAR,2023,22.82552009868947,MAR,Africa,total
MAR,2024,23.27887880123122,MAR,Africa,total
MCO,2000,6.327899932861328,MCO,Europe,total
MCO,2004,5.925950050354004,MCO,Europe,total
MCO,2009,6.598810195922852,MCO,Europe,total
MCO,2010,6.36322021484375,MCO,Europe,total
MCO,2011,8.076169967651367,MCO,Europe,total
MCO,2012,8.87594985961914,MCO,Europe,total
MCO,2013,7.059219837188721,MCO,Europe,total
MCO,2014,5.008860111236572,MCO,Europe,total
MCO,2016,6.596549987792969,MCO,Europe,total
MCO,2017,6.980629920959473,MCO,Europe,total
MCO,2019,5.029270172119141,MCO,Europe,total
MCO,2021,5.873690128326416,MCO,Europe,total
MCO,2022,4.795989990234375,MCO,Europe,total
MCO,2023,7.732029914855957,MCO,Europe,total
MDA,2000,12.92393016815186,MDA,Europe,total
MDA,2001,16.42476081848145,MDA,Europe,total
MDA,2002,17.88434028625488,MDA,Europe,total
MDA,2003,16.19259071350098,MDA,Europe,total
MDA,2004,19.4520206451416,MDA,Europe,total
MDA,2005,19.29664993286133,MDA,Europe,total
MDA,2006,18.60881996154785,MDA,Europe,total
MDA,2007,19.41696929931641,MDA,Europe,total
MDA,2008,19.8500804901123,MDA,Europe,total
MDA,2009,20.99263000488281,MDA,Europe,total
MDA,2010,22.26700973510742,MDA,Europe,total
MDA,2011,21.91588020324707,MDA,Europe,total
MDA,2012,20.74197006225586,MDA,Europe,total
MDA,2013,18.27648746613956,MDA,Europe,total
MDA,2014,18.76510047912598,MDA,Europe,total
MDA,2015,18.23871988412744,MDA,Europe,total
MDA,2016,18.62162971496582,MDA,Europe,total
MDA,2017,18.43283081054688,MDA,Europe,total
MDA,2018,17.56772994995117,MDA,Europe,total
MDA,2019,19.46438026428223,MDA,Europe,total
MDA,2020,17.99377059936523,MDA,Europe,total
MDA,2021,16.84165000915527,MDA,Europe,total
MDA,2022,16.69313049316406,MDA,Europe,total
MDA,2023,16.88652992248535,MDA,Europe,total
MDA,2024,15.96476004511937,MDA,Europe,total
MDG,2000,15.89050960540771,MDG,Africa,total
MDG,2001,17.68247032165527,MDG,Africa,total
MDG,2002,17.93675994873047,MDG,Africa,total
MDG,2003,15.76313972473145,MDG,Africa,total
MDG,2004,12.96076965332031,MDG,Africa,total
MDG,2005,18.03303909301758,MDG,Africa,total
MDG,2006,15.32419013977051,MDG,Africa,total
MDG,2007,18.0445499420166,MDG,Africa,total
MDG,2008,16.25814056396484,MDG,Africa,total
MDG,2009,22.58583068847656,MDG,Africa,total
MDG,2010,18.6357054482013,MDG,Africa,total
MDG,2011,19.77969932556152,MDG,Africa,total
MDG,2012,20.3257999420166,MDG,Africa,total
MDG,2013,13.9893798828125,MDG,Africa,total
MDG,2014,18.96677017211914,MDG,Africa,total
MDG,2015,16.96290969848633,MDG,Africa,total
MDG,2016,19.83818054199219,MDG,Africa,total
MDG,2018,19.81801986694336,MDG,Africa,total
MDG,2019,17.9527918245618,MDG,Africa,total
MDV,2002,21.20602989196777,MDV,Asia,total
MDV,2003,20.18581008911133,MDV,Asia,total
MDV,2004,19.37100028991699,MDV,Asia,total
MDV,2005,12.93610000610352,MDV,Asia,total
MDV,2006,13.25502014160156,MDV,Asia,total
MDV,2007,12.6912899017334,MDV,Asia,total
MDV,2008,12.56846046447754,MDV,Asia,total
MDV,2009,13.73838996887207,MDV,Asia,total
MDV,2010,10.94631004333496,MDV,Asia,total
MDV,2011,9.854999542236328,MDV,Asia,total
MDV,2012,11.22364044189453,MDV,Asia,total
MDV,2013,12.55389976501465,MDV,Asia,total
MDV,2014,10.61962985992432,MDV,Asia,total
MDV,2015,11.44925022125244,MDV,Asia,total
MDV,2016,9.805020332336426,MDV,Asia,total
MDV,2017,11.35420883247632,MDV,Asia,total
MDV,2018,11.38990175854686,MDV,Asia,total
MDV,2019,12.05514433717882,MDV,Asia,total
MDV,2020,10.50504097325459,MDV,Asia,total
MDV,2021,10.03292621907933,MDV,Asia,total
MDV,2022,11.07644473108537,MDV,Asia,total
MDV,2023,10.6328052020158,MDV,Asia,total
MDV,2024,10.7169075614071,MDV,Asia,total
MEX,2000,19.6461296081543,MEX,North America,total
MEX,2001,20.62428092956543,MEX,North America,total
MEX,2002,21.46491050720215,MEX,North America,total
MEX,2003,22.47187042236328,MEX,North America,total
MEX,2004,22.05382919311523,MEX,North America,total
MEX,2005,21.90378952026367,MEX,North America,total
MEX,2006,20.82431983947754,MEX,North America,total
MEX,2007,19.88907051086426,MEX,North America,total
MEX,2008,17.38015937805176,MEX,North America,total
MEX,2009,18.66511917114258,MEX,North America,total
MEX,2010,18.6425895690918,MEX,North America,total
MEX,2011,18.4210205078125,MEX,North America,total
MEX,2012,18.08719062805176,MEX,North America,total
MEX,2013,16.90599060058594,MEX,North America,total
MEX,2014,18.80594062805176,MEX,North America,total
MEX,2015,19.01874923706055,MEX,North America,total
MEX,2016,17.93932914733887,MEX,North America,total
MEX,2017,17.57729911804199,MEX,North America,total
MEX,2018,16.57785034179688,MEX,North America,total
MEX,2020,16.19585990905762,MEX,North America,total
MEX,2021,15.88313007354736,MEX,North America,total
MEX,2022,14.23610973358154,MEX,North America,total
MHL,2002,14.81420040130615,MHL,Oceania,total
MHL,2003,22.50875091552734,MHL,Oceania,total
MHL,2013,26.10197514242207,MHL,Oceania,total
MHL,2014,27.39333001730287,MHL,Oceania,total
MHL,2015,26.74951207220904,MHL,Oceania,total
MHL,2016,24.65839914449386,MHL,Oceania,total
MHL,2017,22.38800312770158,MHL,Oceania,total
MHL,2018,21.69809540762708,MHL,Oceania,total
MHL,2019,15.04273986816406,MHL,Oceania,total
MHL,2020,19.3691905422672,MHL,Oceania,total
MHL,2021,22.8696172819017,MHL,Oceania,total
MHL,2022,11.34535980224609,MHL,Oceania,total
MKD,2002,8.64087963104248,MKD,Europe,total
MLI,2000,15.32380962371826,MLI,Africa,total
MLI,2001,14.49349975585938,MLI,Africa,total
MLI,2002,14.5252103805542,MLI,Africa,total
MLI,2003,18.28376007080078,MLI,Africa,total
MLI,2004,17.73634910583496,MLI,Africa,total
MLI,2005,16.28030014038086,MLI,Africa,total
MLI,2008,18.03169059753418,MLI,Africa,total
MLI,2009,16.95940971374512,MLI,Africa,total
MLI,2010,16.50391006469727,MLI,Africa,total
MLI,2011,18.25834083557129,MLI,Africa,total
MLI,2012,22.40337944030762,MLI,Africa,total
MLI,2013,16.62344932556152,MLI,Africa,total
MLI,2014,18.2242603302002,MLI,Africa,total
MLI,2015,18.15549087524414,MLI,Africa,total
MLI,2016,13.90388011932373,MLI,Africa,total
MLI,2017,16.53433036804199,MLI,Africa,total
MLI,2018,17.52153015136719,MLI,Africa,total
MLI,2019,15.35702991485596,MLI,Africa,total
MLI,2020,15.14260959625244,MLI,Africa,total
MLI,2021,16.21821022033691,MLI,Africa,total
MLI,2022,18.1899960391199,MLI,Africa,total
MLI,2023,19.12176917699192,MLI,Africa,total
MLI,2024,17.82390310875428,MLI,Africa,total
MLT,2002,9.535340309143066,MLT,Europe,total
MLT,2004,10.56002044677734,MLT,Europe,total
MLT,2007,14.47568035125732,MLT,Europe,total
MLT,2008,12.99604988098145,MLT,Europe,total
MLT,2009,12.26858997344971,MLT,Europe,total
MLT,2010,15.49619960784912,MLT,Europe,total
MLT,2011,18.2634105682373,MLT,Europe,total
MLT,2012,14.98746013641357,MLT,Europe,total
MLT,2013,18.48130035400391,MLT,Europe,total
MLT,2014,17.30994033813477,MLT,Europe,total
MLT,2015,12.98429012298584,MLT,Europe,total
MLT,2016,13.97729015350342,MLT,Europe,total
MLT,2017,13.27812004089355,MLT,Europe,total
MLT,2019,13.75829982757568,MLT,Europe,total
MLT,2021,12.4916296005249,MLT,Europe,total
MLT,2022,12.4980001449585,MLT,Europe,total
MMR,2011,5.381509780883789,MMR,Asia,total
MMR,2017,10.19062042236328,MMR,Asia,total
MMR,2018,10.11594009399414,MMR,Asia,total
MMR,2019,9.742409706115724,MMR,Asia,total
MNG,2000,16.07476997375488,MNG,Asia,total
MNG,2002,20.31151008605957,MNG,Asia,total
MNG,2004,13.59444999694824,MNG,Asia,total
MNG,2007,13.28645038604736,MNG,Asia,total
MNG,2009,14.51142024993896,MNG,Asia,total
MNG,2010,14.71113967895508,MNG,Asia,total
MNG,2011,12.15085029602051,MNG,Asia,total
MNG,2012,14.40723037719727,MNG,Asia,total
MNG,2013,15.36744976043701,MNG,Asia,total
MNG,2014,14.66810035705566,MNG,Asia,total
MNG,2015,13.54710960388184,MNG,Asia,total
MNG,2016,13.0631103515625,MNG,Asia,total
MNG,2017,12.64562034606934,MNG,Asia,total
MNG,2018,13.11474190183242,MNG,Asia,total
MNG,2019,10.33956454958317,MNG,Asia,total
MNG,2020,8.635278758145478,MNG,Asia,total
MNG,2021,8.364094556565203,MNG,Asia,total
MNG,2022,7.452066419705862,MNG,Asia,total
MNG,2023,11.47054958343506,MNG,Asia,total
MNG,2024,13.77688980102539,MNG,Asia,total
MOZ,2004,18.00153923034668,MOZ,Africa,total
MOZ,2005,22.71817970275879,MOZ,Africa,total
MOZ,2006,18.55003929138184,MOZ,Africa,total
MOZ,2010,20.1663437150228,MOZ,Africa,total
MOZ,2011,19.09857377051365,MOZ,Africa,total
MOZ,2012,19.76724052429199,MOZ,Africa,total
MOZ,2013,19.03288078308105,MOZ,Africa,total
MOZ,2014,17.40730954418632,MOZ,Africa,total
MOZ,2015,19.85233886814993,MOZ,Africa,total
MOZ,2016,19.93637084960938,MOZ,Africa,total
MOZ,2017,18.59365081787109,MOZ,Africa,total
MOZ,2018,16.40555000305176,MOZ,Africa,total
MOZ,2019,19.03368176962698,MOZ,Africa,total
MOZ,2020,17.93492821808247,MOZ,Africa,total
MOZ,2021,20.44973933448757,MOZ,Africa,total
MRT,2001,0.0,MRT,Africa,total
MRT,2002,0.0,MRT,Africa,total
MRT,2003,0.0,MRT,Africa,total
MRT,2004,8.175809860229492,MRT,Africa,total
MRT,2006,10.31007957458496,MRT,Africa,total
MRT,2011,13.68274974822998,MRT,Africa,total
MRT,2012,10.01766014099121,MRT,Africa,total
MRT,2013,11.40542984008789,MRT,Africa,total
MRT,2014,11.90512810405457,MRT,Africa,total
MRT,2015,12.84349379473953,MRT,Africa,total
MRT,2016,9.330610275268556,MRT,Africa,total
MRT,2019,10.22801971435547,MRT,Africa,total
MRT,2020,9.727089881896973,MRT,Africa,total
MRT,2021,9.104820251464844,MRT,Africa,total
MRT,2022,4.841780185699463,MRT,Africa,total
MRT,2023,18.88887977600098,MRT,Africa,total
MRT,2024,31.88661003112793,MRT,Africa,total
MSR,2010,8.598201585466283,MSR,North America,total
MSR,2011,7.212193650934713,MSR,North America,total
MSR,2012,6.349419975126803,MSR,North America,total
MSR,2013,4.829643598994206,MSR,North America,total
MSR,2014,5.470771930594156,MSR,North America,total
MSR,2015,7.596215274293548,MSR,North America,total
MSR,2016,7.790753423220107,MSR,North America,total
MSR,2017,7.798000191926572,MSR,North America,total
MSR,2018,7.487906305184712,MSR,North America,total
MSR,2019,7.318749711973882,MSR,North America,total
MSR,2020,4.200764230498947,MSR,North America,total
MSR,2021,7.966715073535145,MSR,North America,total
MSR,2022,7.051653368114163,MSR,North America,total
MSR,2023,5.706099744484784,MSR,North America,total
MSR,2024,7.681621653560502,MSR,North America,total
MUS,2000,12.97033977508545,MUS,Africa,total
MUS,2001,13.23923969268799,MUS,Africa,total
MUS,2002,12.91514015197754,MUS,Africa,total
MUS,2003,17.92271995544434,MUS,Africa,total
MUS,2004,17.38710021972656,MUS,Africa,total
MUS,2005,17.08813095092773,MUS,Africa,total
MUS,2006,15.17617034912109,MUS,Africa,total
MUS,2007,14.1832799911499,MUS,Africa,total
MUS,2008,14.0394401550293,MUS,Africa,total
MUS,2009,13.24722957611084,MUS,Africa,total
MUS,2010,14.57314968109131,MUS,Africa,total
MUS,2011,13.84617042541504,MUS,Africa,total
MUS,2012,14.96061992645264,MUS,Africa,total
MUS,2013,14.7890100479126,MUS,Africa,total
MUS,2014,20.90517997741699,MUS,Africa,total
MUS,2015,19.45709037780762,MUS,Africa,total
MUS,2016,19.96249961853027,MUS,Africa,total
MUS,2017,20.35720062255859,MUS,Africa,total
MUS,2018,19.27433013916016,MUS,Africa,total
MUS,2019,18.67692947387695,MUS,Africa,total
MUS,2020,15.64669990539551,MUS,Africa,total
MUS,2021,14.32312965393066,MUS,Africa,total
MUS,2022,15.709059715271,MUS,Africa,total
MUS,2023,15.58454990386963,MUS,Africa,total
MUS,2024,14.19320011138916,MUS,Africa,total
MWI,2000,0.0,MWI,Africa,total
MWI,2001,0.0,MWI,Africa,total
MWI,2003,16.49777030944824,MWI,Africa,total
MWI,2010,12.45998001098633,MWI,Africa,total
MWI,2011,15.04564952850342,MWI,Africa,total
MWI,2012,13.64096357734451,MWI,Africa,total
MWI,2013,20.49682998657227,MWI,Africa,total
MWI,2014,16.59646987915039,MWI,Africa,total
MWI,2015,21.79789924621582,MWI,Africa,total
MWI,2016,17.19881057739258,MWI,Africa,total
MWI,2017,14.34442043304443,MWI,Africa,total
MWI,2018,15.82935047149658,MWI,Africa,total
MWI,2020,20.15744840559888,MWI,Africa,total
MWI,2021,17.55940964801724,MWI,Africa,total
MWI,2023,16.0,MWI,Africa,total
MWI,2024,16.0,MWI,Africa,total
MYS,2000,21.39068031311035,MYS,Asia,total
MYS,2001,24.34852027893066,MYS,Asia,total
MYS,2002,25.90360069274902,MYS,Asia,total
MYS,2003,24.54244041442871,MYS,Asia,total
MYS,2004,21.01292037963867,MYS,Asia,total
MYS,2006,16.74556922912598,MYS,Asia,total
MYS,2007,16.12466049194336,MYS,Asia,total
MYS,2008,14.03864002227783,MYS,Asia,total
MYS,2009,18.46463012695313,MYS,Asia,total
MYS,2010,18.40623092651367,MYS,Asia,total
MYS,2011,20.97702026367188,MYS,Asia,total
MYS,2012,19.85116004943848,MYS,Asia,total
MYS,2013,19.45430946350098,MYS,Asia,total
MYS,2014,19.80055999755859,MYS,Asia,total
MYS,2015,19.81072998046875,MYS,Asia,total
MYS,2016,20.78914070129395,MYS,Asia,total
MYS,2017,21.20990943908691,MYS,Asia,total
MYS,2018,19.64325904846191,MYS,Asia,total
MYS,2019,17.63631057739258,MYS,Asia,total
MYS,2020,15.62187957763672,MYS,Asia,total
MYS,2021,20.46257828486389,MYS,Asia,total
MYS,2022,20.14967902953713,MYS,Asia,total
MYS,2023,14.10052013397217,MYS,Asia,total
NAM,2000,21.9250602722168,NAM,Africa,total
NAM,2001,22.77570915222168,NAM,Africa,total
NAM,2002,21.83686065673828,NAM,Africa,total
NAM,2003,20.32821083068848,NAM,Africa,total
NAM,2006,21.60298919677734,NAM,Africa,total
NAM,2008,24.86161041259766,NAM,Africa,total
NAM,2010,26.12351036071777,NAM,Africa,total
NAM,2011,24.39881197928833,NAM,Africa,total
NAM,2012,22.99737014309438,NAM,Africa,total
NAM,2013,24.09998994674373,NAM,Africa,total
NAM,2014,23.95806974314149,NAM,Africa,total
NAM,2015,22.57133242132447,NAM,Africa,total
NAM,2016,23.93919526530498,NAM,Africa,total
NAM,2017,24.67402602115477,NAM,Africa,total
NAM,2018,23.32430318241985,NAM,Africa,total
NAM,2019,29.05619567422946,NAM,Africa,total
NAM,2020,24.94138064056729,NAM,Africa,total
NAM,2021,25.13548897534568,NAM,Africa,total
NAM,2022,24.70692072678206,NAM,Africa,total
NAM,2024,25.05161754418782,NAM,Africa,total
NER,2000,19.05752944946289,NER,Africa,total
NER,2001,16.65031051635742,NER,Africa,total
NER,2002,16.66684913635254,NER,Africa,total
NER,2003,13.84549999237061,NER,Africa,total
NER,2006,16.88376998901367,NER,Africa,total
NER,2007,17.3759708404541,NER,Africa,total
NER,2008,16.17733001708984,NER,Africa,total
NER,2009,18.91250991821289,NER,Africa,total
NER,2010,19.08964920043945,NER,Africa,total
NER,2011,20.11651992797852,NER,Africa,total
NER,2012,19.19202041625977,NER,Africa,total
NER,2013,18.07670021057129,NER,Africa,total
NER,2014,21.66150093078613,NER,Africa,total
NER,2015,18.5121898651123,NER,Africa,total
NER,2016,15.34716033935547,NER,Africa,total
NER,2017,13.21516036987305,NER,Africa,total
NER,2018,16.33996963500977,NER,Africa,total
NER,2019,13.01280543286008,NER,Africa,total
NER,2020,13.33253984583846,NER,Africa,total
NER,2021,11.95261605965375,NER,Africa,total
NER,2022,12.3714513252292,NER,Africa,total
NER,2023,12.80697460445993,NER,Africa,total
NGA,2012,8.547881430944276,NGA,Africa,total
NGA,2013,8.67739295298641,NGA,Africa,total
NGA,2014,9.037187638157349,NGA,Africa,total
NGA,2015,9.25551076252104,NGA,Africa,total
NGA,2016,6.652197285204825,NGA,Africa,total
NGA,2017,6.120105477628156,NGA,Africa,total
NGA,2018,5.944552120925064,NGA,Africa,total
NGA,2019,5.854971851660933,NGA,Africa,total
NGA,2020,5.131436621204518,NGA,Africa,total
NGA,2021,5.140225971926752,NGA,Africa,total
NGA,2022,4.302818010836684,NGA,Africa,total
NGA,2023,3.647272502361618,NGA,Africa,total
NGA,2024,2.978497053240286,NGA,Africa,total
NIC,2000,14.57369995117188,NIC,North America,total
NIC,2002,15.68778991699219,NIC,North America,total
NIC,2003,14.88700008392334,NIC,North America,total
NIC,2010,26.40800094604492,NIC,North America,total
NIC,2014,23.04759979248047,NIC,North America,total
NIC,2015,22.28290939331055,NIC,North America,total
NIC,2016,21.32547950744629,NIC,North America,total
NIC,2017,22.43330001831055,NIC,North America,total
NIC,2018,22.76133298341563,NIC,North America,total
NIC,2019,23.94110248643191,NIC,North America,total
NIC,2020,22.68764741595014,NIC,North America,total
NIC,2021,18.52223668663849,NIC,North America,total
NIC,2022,18.51920973594208,NIC,North America,total
NIC,2023,17.68857002258301,NIC,North America,total
NIC,2024,11.0127834019803,NIC,North America,total
NIU,2020,6.737950427466721,NIU,Oceania,total
NIU,2021,6.914249505302711,NIU,Oceania,total
NIU,2022,6.702117530022028,NIU,Oceania,total
NIU,2023,6.905197500061758,NIU,Oceania,total
NIU,2024,5.898247248255803,NIU,Oceania,total
NLD,2000,10.60684967041016,NLD,Europe,total
NLD,2001,10.63936042785645,NLD,Europe,total
NLD,2002,10.69431972503662,NLD,Europe,total
NLD,2003,10.97206020355225,NLD,Europe,total
NLD,2004,11.28462028503418,NLD,Europe,total
NLD,2005,11.71969985961914,NLD,Europe,total
NLD,2006,11.41699981689453,NLD,Europe,total
NLD,2007,11.22879028320313,NLD,Europe,total
NLD,2008,11.29115009307861,NLD,Europe,total
NLD,2009,11.12102031707764,NLD,Europe,total
NLD,2010,11.16580963134766,NLD,Europe,total
NLD,2011,11.3361701965332,NLD,Europe,total
NLD,2012,11.26502990722656,NLD,Europe,total
NLD,2013,11.535400390625,NLD,Europe,total
NLD,2014,11.55782032012939,NLD,Europe,total
NLD,2015,11.66370964050293,NLD,Europe,total
NLD,2016,12.27208042144775,NLD,Europe,total
NLD,2017,11.8980598449707,NLD,Europe,total
NLD,2018,12.41011047363281,NLD,Europe,total
NLD,2019,12.00983047485352,NLD,Europe,total
NLD,2020,11.06680965423584,NLD,Europe,total
NLD,2021,11.71522045135498,NLD,Europe,total
NLD,2022,11.97062015533447,NLD,Europe,total
NOR,2000,15.63018989562988,NOR,Europe,total
NOR,2001,15.783860206604,NOR,Europe,total
NOR,2002,16.08358001708984,NOR,Europe,total
NOR,2003,15.53073024749756,NOR,Europe,total
NOR,2004,16.26292991638184,NOR,Europe,total
NOR,2005,16.37252998352051,NOR,Europe,total
NOR,2006,15.70711040496826,NOR,Europe,total
NOR,2007,15.87798976898193,NOR,Europe,total
NOR,2008,15.71776008605957,NOR,Europe,total
NOR,2009,15.50778007507324,NOR,Europe,total
NOR,2010,15.0884895324707,NOR,Europe,total
NOR,2011,14.82680988311768,NOR,Europe,total
NOR,2012,17.28206062316895,NOR,Europe,total
NOR,2013,17.11923980712891,NOR,Europe,total
NOR,2014,16.90208053588867,NOR,Europe,total
NOR,2015,15.60758018493652,NOR,Europe,total
NOR,2016,15.84072017669678,NOR,Europe,total
NOR,2017,15.9396800994873,NOR,Europe,total
NOR,2018,15.92572975158691,NOR,Europe,total
NOR,2019,15.66553020477295,NOR,Europe,total
NOR,2020,14.76426982879639,NOR,Europe,total
NOR,2021,15.02766990661621,NOR,Europe,total
NOR,2022,14.46910953521729,NOR,Europe,total
NPL,2000,19.15604019165039,NPL,Asia,total
NPL,2001,21.65620040893555,NPL,Asia,total
NPL,2002,20.44404983520508,NPL,Asia,total
NPL,2003,21.31265068054199,NPL,Asia,total
NPL,2004,21.61335945129395,NPL,Asia,total
NPL,2005,22.29421997070313,NPL,Asia,total
NPL,2006,25.50064086914063,NPL,Asia,total
NPL,2007,21.14613914489746,NPL,Asia,total
NPL,2008,22.23003005981445,NPL,Asia,total
NPL,2009,19.8729305267334,NPL,Asia,total
NPL,2010,16.03235054016113,NPL,Asia,total
NPL,2011,17.98384094238281,NPL,Asia,total
NPL,2012,17.43708038330078,NPL,Asia,total
NPL,2013,17.56963920593262,NPL,Asia,total
NPL,2014,18.28129005432129,NPL,Asia,total
NPL,2015,16.98966026306152,NPL,Asia,total
NPL,2016,19.12849998474121,NPL,Asia,total
NPL,2017,17.09638977050781,NPL,Asia,total
NPL,2018,14.10186958312988,NPL,Asia,total
NPL,2019,12.1130298505003,NPL,Asia,total
NPL,2020,15.0051253828918,NPL,Asia,total
NPL,2021,14.38920810645488,NPL,Asia,total
NPL,2022,12.43792560378043,NPL,Asia,total
NPL,2023,13.08261800001422,NPL,Asia,total
NPL,2024,11.26471041677373,NPL,Asia,total
NRU,2002,0.0,NRU,Oceania,total
NRU,2007,0.0,NRU,Oceania,total
NRU,2014,5.557309780479449,NRU,Oceania,total
NRU,2015,6.248684342216178,NRU,Oceania,total
NRU,2016,5.00017325826806,NRU,Oceania,total
NRU,2017,6.461640003722456,NRU,Oceania,total
NRU,2018,5.386104789137709,NRU,Oceania,total
NRU,2019,4.834024308971225,NRU,Oceania,total
NRU,2020,4.536530788765923,NRU,Oceania,total
NRU,2021,3.816158172915406,NRU,Oceania,total
NRU,2022,4.21463913905028,NRU,Oceania,total
NRU,2023,4.887340068817139,NRU,Oceania,total
NRU,2024,5.332952474699093,NRU,Oceania,total
NZL,2000,14.81348037719727,NZL,Oceania,total
NZL,2013,15.55774021148682,NZL,Oceania,total
NZL,2014,15.52853012084961,NZL,Oceania,total
NZL,2015,15.5518102645874,NZL,Oceania,total
NZL,2016,15.36641025543213,NZL,Oceania,total
NZL,2017,15.04393005371094,NZL,Oceania,total
NZL,2018,14.55949020385742,NZL,Oceania,total
NZL,2019,13.47486019134521,NZL,Oceania,total
NZL,2020,13.62211990356445,NZL,Oceania,total
NZL,2021,13.45761966705322,NZL,Oceania,total
NZL,2022,12.61476993560791,NZL,Oceania,total
NZL,2023,12.72667980194092,NZL,Oceania,total
OMN,2000,8.983440399169922,OMN,Asia,total
OMN,2001,10.5839900970459,OMN,Asia,total
OMN,2002,11.06247997283936,OMN,Asia,total
OMN,2003,10.03896045684814,OMN,Asia,total
OMN,2004,10.3164701461792,OMN,Asia,total
OMN,2005,10.05364036560059,OMN,Asia,total
OMN,2006,11.22463035583496,OMN,Asia,total
OMN,2009,10.94917964935303,OMN,Asia,total
OMN,2013,11.08018016815186,OMN,Asia,total
OMN,2017,15.20722007751465,OMN,Asia,total
OMN,2018,11.96630954742432,OMN,Asia,total
OMN,2019,13.05799961090088,OMN,Asia,total
OMN,2020,15.44277000427246,OMN,Asia,total
OMN,2022,14.17794990539551,OMN,Asia,total
PAK,2000,8.489879608154297,PAK,Asia,total
PAK,2004,11.22935009002686,PAK,Asia,total
PAK,2005,13.77750968933105,PAK,Asia,total
PAK,2006,15.28909969329834,PAK,Asia,total
PAK,2007,15.44552040100098,PAK,Asia,total
PAK,2008,14.09696006774902,PAK,Asia,total
PAK,2009,12.0826301574707,PAK,Asia,total
PAK,2010,11.86466026306152,PAK,Asia,total
PAK,2011,10.92461013793945,PAK,Asia,total
PAK,2012,11.04063034057617,PAK,Asia,total
PAK,2013,11.5139799118042,PAK,Asia,total
PAK,2014,11.30066013336182,PAK,Asia,total
PAK,2015,13.18727970123291,PAK,Asia,total
PAK,2016,15.06348037719727,PAK,Asia,total
PAK,2017,14.54477977752686,PAK,Asia,total
PAK,2018,12.19247939863422,PAK,Asia,total
PAK,2019,11.59167957305908,PAK,Asia,total
PAK,2020,10.79621215389113,PAK,Asia,total
PAK,2021,7.817207608930894,PAK,Asia,total
PAK,2022,9.404403326004356,PAK,Asia,total
PAK,2023,9.755060195922852,PAK,Asia,total
PAN,2000,19.83193969726563,PAN,North America,total
PAN,2001,16.63912963867188,PAN,North America,total
PAN,2002,16.95750045776367,PAN,North America,total
PAN,2003,16.34300994873047,PAN,North America,total
PAN,2004,14.57616996765137,PAN,North America,total
PAN,2008,14.8747501373291,PAN,North America,total
PAN,2011,12.94435977935791,PAN,North America,total
PAN,2014,13.3286304473877,PAN,North America,total
PAN,2015,15.18982028961182,PAN,North America,total
PAN,2016,15.53779029846191,PAN,North America,total
PAN,2017,15.88370990753174,PAN,North America,total
PAN,2018,15.81630992889404,PAN,North America,total
PAN,2019,15.60737761316251,PAN,North America,total
PAN,2020,15.62963008880615,PAN,North America,total
PAN,2021,15.61050033569336,PAN,North America,total
PAN,2022,15.78133010864258,PAN,North America,total
PAN,2023,11.49275016784668,PAN,North America,total
PAN,2024,16.28029529819786,PAN,North America,total
PER,2000,15.25037002563477,PER,South America,total
PER,2001,14.79623031616211,PER,South America,total
PER,2002,14.57806015014648,PER,South America,total
PER,2003,14.65830993652344,PER,South America,total
PER,2004,15.273850440979,PER,South America,total
PER,2005,14.27851963043213,PER,South America,total
PER,2006,14.03530025482178,PER,South America,total
PER,2007,14.141770362854,PER,South America,total
PER,2008,14.37782001495361,PER,South America,total
PER,2009,14.54763031005859,PER,South America,total
PER,2010,13.49236965179443,PER,South America,total
PER,2011,13.54423999786377,PER,South America,total
PER,2012,14.3694896697998,PER,South America,total
PER,2013,15.22194004058838,PER,South America,total
PER,2014,16.22751045227051,PER,South America,total
PER,2015,17.61537933349609,PER,South America,total
PER,2016,17.93577003479004,PER,South America,total
PER,2017,18.32115936279297,PER,South America,total
PER,2018,17.15217971801758,PER,South America,total
PER,2019,17.7330207824707,PER,South America,total
PER,2020,15.92726039886475,PER,South America,total
PER,2021,16.7178897857666,PER,South America,total
PER,2022,16.47299957275391,PER,South America,total
PER,2023,18.85771942138672,PER,South America,total
PER,2024,19.20502090454102,PER,South America,total
PHL,2000,15.20676040649414,PHL,Asia,total
PHL,2001,13.91590976715088,PHL,Asia,total
PHL,2002,14.06892967224121,PHL,Asia,total
PHL,2003,14.38022041320801,PHL,Asia,total
PHL,2004,12.75084972381592,PHL,Asia,total
PHL,2005,12.42236042022705,PHL,Asia,total
PHL,2006,13.26852989196777,PHL,Asia,total
PHL,2007,13.66701984405518,PHL,Asia,total
PHL,2008,14.44198989868164,PHL,Asia,total
PHL,2009,13.21115970611572,PHL,Asia,total
PHL,2014,15.51594074074074,PHL,Asia,total
PHL,2015,15.14553296239448,PHL,Asia,total
PHL,2016,16.64209634219468,PHL,Asia,total
PHL,2017,19.59042695522388,PHL,Asia,total
PHL,2018,18.69201292805947,PHL,Asia,total
PHL,2019,18.16309199781207,PHL,Asia,total
PHL,2020,16.89326487804878,PHL,Asia,total
PHL,2021,16.68165934309809,PHL,Asia,total
PHL,2022,15.69640052950076,PHL,Asia,total
PHL,2023,16.72798407365224,PHL,Asia,total
PHL,2024,16.5494857826479,PHL,Asia,total
PLW,2000,13.80012035369873,PLW,Oceania,total
PLW,2001,15.3078498840332,PLW,Oceania,total
PLW,2002,15.53765964508057,PLW,Oceania,total
PLW,2020,9.009482793676645,PLW,Oceania,total
PLW,2021,8.909601041509365,PLW,Oceania,total
PLW,2022,10.15532483666344,PLW,Oceania,total
PLW,2023,9.528682848680951,PLW,Oceania,total
PLW,2024,9.845098523926364,PLW,Oceania,total
PNG,2015,7.241795778039582,PNG,Oceania,total
PNG,2016,4.091391353039993,PNG,Oceania,total
PNG,2017,10.69820022583008,PNG,Oceania,total
PNG,2018,9.227100372314451,PNG,Oceania,total
PNG,2019,3.577650189049153,PNG,Oceania,total
PNG,2020,3.820020827104105,PNG,Oceania,total
PNG,2021,3.249732498124754,PNG,Oceania,total
PNG,2022,2.93439934399344,PNG,Oceania,total
PNG,2023,3.538144028340903,PNG,Oceania,total
POL,2000,11.58057022094727,POL,Europe,total
POL,2001,11.86565971374512,POL,Europe,total
POL,2002,11.92059993743896,POL,Europe,total
POL,2003,11.67521953582764,POL,Europe,total
POL,2004,12.32353019714355,POL,Europe,total
POL,2005,12.26529026031494,POL,Europe,total
POL,2006,12.70998001098633,POL,Europe,total
POL,2007,11.34832954406738,POL,Europe,total
POL,2008,11.41024971008301,POL,Europe,total
POL,2009,11.08304977416992,POL,Europe,total
POL,2010,11.0465202331543,POL,Europe,total
POL,2011,10.94567966461182,POL,Europe,total
POL,2012,11.1955099105835,POL,Europe,total
POL,2013,11.56643962860107,POL,Europe,total
POL,2014,11.57050037384033,POL,Europe,total
POL,2015,11.53715038299561,POL,Europe,total
POL,2016,11.27159976959229,POL,Europe,total
POL,2017,11.04395961761475,POL,Europe,total
POL,2018,11.11061954498291,POL,Europe,total
POL,2019,11.17117023468018,POL,Europe,total
POL,2020,10.05722999572754,POL,Europe,total
POL,2021,10.60408973693848,POL,Europe,total
POL,2022,9.974410057067873,POL,Europe,total
PRI,2013,0.0,PRI,North America,total
PRI,2014,0.0,PRI,North America,total
PRI,2015,12.28207831869007,PRI,North America,total
PRI,2016,10.08163335581796,PRI,North America,total
PRI,2017,10.88989375747323,PRI,North America,total
PRI,2018,10.28103279515065,PRI,North America,total
PRI,2019,13.8154757913494,PRI,North America,total
PRI,2020,16.67934294245217,PRI,North America,total
PRI,2021,14.07904581906507,PRI,North America,total
PRI,2022,16.37487072581252,PRI,North America,total
PRI,2023,17.48579322163896,PRI,North America,total
PRI,2024,17.14709964001305,PRI,North America,total
PRK,2010,13.08060109289617,PRK,Asia,total
PRK,2011,13.32470892626132,PRK,Asia,total
PRK,2012,13.98279041180086,PRK,Asia,total
PRK,2013,14.56566247440772,PRK,Asia,total
PRK,2014,14.25358448130447,PRK,Asia,total
PRK,2015,14.09163558870538,PRK,Asia,total
PRK,2016,13.76811594202899,PRK,Asia,total
PRK,2017,14.33208489388265,PRK,Asia,total
PRK,2018,14.97201492537313,PRK,Asia,total
PRK,2019,15.03407155025554,PRK,Asia,total
PRK,2020,14.17138395471403,PRK,Asia,total
PRK,2021,12.75985663082437,PRK,Asia,total
PRK,2022,13.8555208161922,PRK,Asia,total
PRK,2023,15.07750117426022,PRK,Asia,total
PRK,2024,13.67651538227231,PRK,Asia,total
PRT,2000,12.05484962463379,PRT,Europe,total
PRT,2001,12.09663009643555,PRT,Europe,total
PRT,2002,11.90095996856689,PRT,Europe,total
PRT,2003,11.63733959197998,PRT,Europe,total
PRT,2004,10.95652008056641,PRT,Europe,total
PRT,2005,10.85196971893311,PRT,Europe,total
PRT,2006,10.87008953094482,PRT,Europe,total
PRT,2007,11.0479097366333,PRT,Europe,total
PRT,2008,10.32433986663818,PRT,Europe,total
PRT,2009,11.06927967071533,PRT,Europe,total
PRT,2010,10.41672992706299,PRT,Europe,total
PRT,2011,10.22797012329102,PRT,Europe,total
PRT,2012,10.12045955657959,PRT,Europe,total
PRT,2013,10.53960037231445,PRT,Europe,total
PRT,2014,9.911219596862791,PRT,Europe,total
PRT,2015,10.150710105896,PRT,Europe,total
PRT,2017,11.05156993865967,PRT,Europe,total
PRT,2018,10.81169986724854,PRT,Europe,total
PRT,2019,10.89321994781494,PRT,Europe,total
PRT,2020,9.901789665222168,PRT,Europe,total
PRT,2021,10.08261966705322,PRT,Europe,total
PRT,2022,10.37423992156982,PRT,Europe,total
PRY,2000,21.55938911437988,PRY,South America,total
PRY,2001,19.87921905517578,PRY,South America,total
PRY,2002,18.81539916992188,PRY,South America,total
PRY,2003,20.89402961730957,PRY,South America,total
PRY,2004,18.21824073791504,PRY,South America,total
PRY,2007,19.42472076416016,PRY,South America,total
PRY,2010,18.76240921020508,PRY,South America,total
PRY,2011,23.2977409362793,PRY,South America,total
PRY,2012,19.63422966003418,PRY,South America,total
PRY,2016,18.15431976318359,PRY,South America,total
PRY,2020,24.52182006835938,PRY,South America,total
PRY,2021,23.63689994812012,PRY,South America,total
PRY,2022,24.06851005554199,PRY,South America,total
PRY,2023,21.98883056640625,PRY,South America,total
PRY,2024,16.83370971679688,PRY,South America,total
QAT,2000,9.676050186157228,QAT,Asia,total
QAT,2001,10.55130958557129,QAT,Asia,total
QAT,2002,12.00745964050293,QAT,Asia,total
QAT,2003,10.70005989074707,QAT,Asia,total
QAT,2004,12.05313014984131,QAT,Asia,total
QAT,2005,13.74475955963135,QAT,Asia,total
QAT,2008,15.05552005767822,QAT,Asia,total
QAT,2009,14.83565044403076,QAT,Asia,total
QAT,2010,13.81727027893066,QAT,Asia,total
QAT,2011,13.10684967041016,QAT,Asia,total
QAT,2012,12.30793952941895,QAT,Asia,total
QAT,2013,13.14834022521973,QAT,Asia,total
QAT,2014,12.74283981323242,QAT,Asia,total
QAT,2017,8.560850143432617,QAT,Asia,total
QAT,2019,8.636489868164062,QAT,Asia,total
QAT,2020,9.319109916687012,QAT,Asia,total
ROU,2000,8.187580108642578,ROU,Europe,total
ROU,2001,9.848819732666016,ROU,Europe,total
ROU,2002,10.92234992980957,ROU,Europe,total
ROU,2003,11.13906002044678,ROU,Europe,total
ROU,2004,9.843310356140137,ROU,Europe,total
ROU,2005,10.83668041229248,ROU,Europe,total
ROU,2006,12.71961975097656,ROU,Europe,total
ROU,2007,12.00496006011963,ROU,Europe,total
ROU,2008,11.61622047424316,ROU,Europe,total
ROU,2009,11.02128982543945,ROU,Europe,total
ROU,2010,9.129130363464355,ROU,Europe,total
ROU,2011,8.312990188598633,ROU,Europe,total
ROU,2012,8.435790061950684,ROU,Europe,total
ROU,2013,8.964130401611328,ROU,Europe,total
ROU,2014,9.256950378417969,ROU,Europe,total
ROU,2015,9.094510078430176,ROU,Europe,total
ROU,2016,9.510589599609377,ROU,Europe,total
ROU,2017,10.05265045166016,ROU,Europe,total
ROU,2018,10.46096038818359,ROU,Europe,total
ROU,2019,10.70549011230469,ROU,Europe,total
ROU,2020,9.399700164794922,ROU,Europe,total
ROU,2021,8.950240135192871,ROU,Europe,total
ROU,2022,8.77511978149414,ROU,Europe,total
RUS,2000,8.951849937438965,RUS,Asia,total
RUS,2001,9.213359832763672,RUS,Asia,total
RUS,2002,10.58384037017822,RUS,Asia,total
RUS,2003,10.53168964385986,RUS,Asia,total
RUS,2004,11.17590999603271,RUS,Asia,total
RUS,2005,11.95057010650635,RUS,Asia,total
RUS,2006,12.42580032348633,RUS,Asia,total
RUS,2008,11.95923042297363,RUS,Asia,total
RUS,2012,11.14675998687744,RUS,Asia,total
RUS,2013,10.86184024810791,RUS,Asia,total
RUS,2014,11.4885196685791,RUS,Asia,total
RUS,2015,10.86946964263916,RUS,Asia,total
RUS,2016,10.98528003692627,RUS,Asia,total
RUS,2017,13.46508026123047,RUS,Asia,total
RUS,2018,14.34107971191406,RUS,Asia,total
RWA,2000,18.83532905578613,RWA,Africa,total
RWA,2001,25.31314086914063,RWA,Africa,total
RWA,2007,17.78655052185059,RWA,Africa,total
RWA,2008,15.59150981903076,RWA,Africa,total
RWA,2010,17.54805946350098,RWA,Africa,total
RWA,2011,15.34337997436523,RWA,Africa,total
RWA,2012,15.81546974182129,RWA,Africa,total
RWA,2013,16.8596305847168,RWA,Africa,total
RWA,2014,13.73431968688965,RWA,Africa,total
RWA,2015,12.53905010223389,RWA,Africa,total
RWA,2016,12.2783899307251,RWA,Africa,total
RWA,2017,11.07960987091064,RWA,Africa,total
RWA,2018,10.80461025238037,RWA,Africa,total
RWA,2019,10.99814605239757,RWA,Africa,total
RWA,2020,10.7835245127746,RWA,Africa,total
RWA,2021,15.53223991394043,RWA,Africa,total
RWA,2022,12.76613998413086,RWA,Africa,total
RWA,2023,15.02464008331299,RWA,Africa,total
RWA,2024,14.19097995758057,RWA,Africa,total
SAU,2000,17.83658981323242,SAU,Asia,total
SAU,2001,20.89613914489746,SAU,Asia,total
SAU,2002,21.29412078857422,SAU,Asia,total
SAU,2003,21.45521926879883,SAU,Asia,total
SAU,2004,20.18865966796875,SAU,Asia,total
SAU,2005,19.29228973388672,SAU,Asia,total
SAU,2006,21.6038703918457,SAU,Asia,total
SAU,2008,19.25741958618164,SAU,Asia,total
SAU,2023,15.84345772499284,SAU,Asia,total
SAU,2024,15.63580692849503,SAU,Asia,total
SDG: Australia and New Zealand,2020,12.8956298828125,SDG: Australia and New Zealand,,total
SDG: Australia and New Zealand,2021,12.78322982788086,SDG: Australia and New Zealand,,total
SDG: Australia and New Zealand,2022,12.62837028503418,SDG: Australia and New Zealand,,total
SDG: Central Asia,2000,11.61130046844482,SDG: Central Asia,,total
SDG: Central Asia,2002,14.75948047637939,SDG: Central Asia,,total
SDG: Central Asia,2004,13.70965957641602,SDG: Central Asia,,total
SDG: Central Asia,2005,15.33973026275635,SDG: Central Asia,,total
SDG: Central Asia,2006,15.84657001495361,SDG: Central Asia,,total
SDG: Central Asia,2007,16.82249069213867,SDG: Central Asia,,total
SDG: Central Asia,2008,17.2426700592041,SDG: Central Asia,,total
SDG: Central Asia,2009,17.35973930358887,SDG: Central Asia,,total
SDG: Central Asia,2010,15.68130970001221,SDG: Central Asia,,total
SDG: Central Asia,2011,16.97598648071289,SDG: Central Asia,,total
SDG: Central Asia,2012,17.98066711425781,SDG: Central Asia,,total
SDG: Central Asia,2013,17.77379035949707,SDG: Central Asia,,total
SDG: Central Asia,2014,17.79638481140137,SDG: Central Asia,,total
SDG: Central Asia,2015,16.3986701965332,SDG: Central Asia,,total
SDG: Central Asia,2016,17.03836250305176,SDG: Central Asia,,total
SDG: Central Asia,2017,18.14114952087402,SDG: Central Asia,,total
SDG: Central Asia,2018,16.79590034484863,SDG: Central Asia,,total
SDG: Central Asia,2019,18.22823905944824,SDG: Central Asia,,total
SDG: Central Asia,2020,17.87512969970703,SDG: Central Asia,,total
SDG: Central Asia,2021,16.106689453125,SDG: Central Asia,,total
SDG: Central Asia,2022,21.85101890563965,SDG: Central Asia,,total
SDG: Central Asia,2023,20.79612922668457,SDG: Central Asia,,total
SDG: Central Asia,2024,21.95535469055176,SDG: Central Asia,,total
SDG: Central and Southern Asia,2000,13.32212066650391,SDG: Central and Southern Asia,,total
SDG: Central and Southern Asia,2001,13.86425971984863,SDG: Central and Southern Asia,,total
SDG: Central and Southern Asia,2002,15.14647006988525,SDG: Central and Southern Asia,,total
SDG: Central and Southern Asia,2003,14.75948047637939,SDG: Central and Southern Asia,,total
SDG: Central and Southern Asia,2004,15.95312023162842,SDG: Central and Southern Asia,,total
SDG: Central and Southern Asia,2005,15.33973026275635,SDG: Central and Southern Asia,,total
SDG: Central and Southern Asia,2006,15.84657001495361,SDG: Central and Southern Asia,,total
SDG: Central and Southern Asia,2007,16.82249069213867,SDG: Central and Southern Asia,,total
SDG: Central and Southern Asia,2008,15.10490989685059,SDG: Central and Southern Asia,,total
SDG: Central and Southern Asia,2009,13.38964462280273,SDG: Central and Southern Asia,,total
SDG: Central and Southern Asia,2010,14.76103496551514,SDG: Central and Southern Asia,,total
SDG: Central and Southern Asia,2011,16.12812042236328,SDG: Central and Southern Asia,,total
SDG: Central and Southern Asia,2012,15.74512004852295,SDG: Central and Southern Asia,,total
SDG: Central and Southern Asia,2013,16.50512313842773,SDG: Central and Southern Asia,,total
SDG: Central and Southern Asia,2014,15.90090179443359,SDG: Central and Southern Asia,,total
SDG: Central and Southern Asia,2015,15.70448970794678,SDG: Central and Southern Asia,,total
SDG: Central and Southern Asia,2016,16.97964096069336,SDG: Central and Southern Asia,,total
SDG: Central and Southern Asia,2017,16.04395484924316,SDG: Central and Southern Asia,,total
SDG: Central and Southern Asia,2018,15.77500152587891,SDG: Central and Southern Asia,,total
SDG: Central and Southern Asia,2019,15.24259948730469,SDG: Central and Southern Asia,,total
SDG: Central and Southern Asia,2020,16.12387466430664,SDG: Central and Southern Asia,,total
SDG: Central and Southern Asia,2021,15.05931282043457,SDG: Central and Southern Asia,,total
SDG: Central and Southern Asia,2022,17.00437164306641,SDG: Central and Southern Asia,,total
SDG: Central and Southern Asia,2023,16.44342803955078,SDG: Central and Southern Asia,,total
SDG: Central and Southern Asia,2024,16.41856575012207,SDG: Central and Southern Asia,,total
SDG: Eastern Asia,2010,13.89587020874023,SDG: Eastern Asia,,total
SDG: Eastern Asia,2011,13.97890949249268,SDG: Eastern Asia,,total
SDG: Eastern Asia,2012,16.52835464477539,SDG: Eastern Asia,,total
SDG: Eastern Asia,2013,14.96655654907227,SDG: Eastern Asia,,total
SDG: Eastern Asia,2014,14.46084213256836,SDG: Eastern Asia,,total
SDG: Eastern Asia,2015,13.81937217712402,SDG: Eastern Asia,,total
SDG: Eastern Asia,2016,13.80147743225098,SDG: Eastern Asia,,total
SDG: Eastern Asia,2017,14.21732711791992,SDG: Eastern Asia,,total
SDG: Eastern Asia,2018,15.06585311889648,SDG: Eastern Asia,,total
SDG: Eastern Asia,2019,15.81601142883301,SDG: Eastern Asia,,total
SDG: Eastern Asia,2020,14.17052173614502,SDG: Eastern Asia,,total
SDG: Eastern Asia,2021,12.93815803527832,SDG: Eastern Asia,,total
SDG: Eastern Asia,2022,13.06171035766602,SDG: Eastern Asia,,total
SDG: Eastern Asia,2023,12.26790046691895,SDG: Eastern Asia,,total
SDG: Eastern and South-Eastern Asia,2000,15.20676040649414,SDG: Eastern and South-Eastern Asia,,total
SDG: Eastern and South-Eastern Asia,2001,13.91590976715088,SDG: Eastern and South-Eastern Asia,,total
SDG: Eastern and South-Eastern Asia,2002,15.26266002655029,SDG: Eastern and South-Eastern Asia,,total
SDG: Eastern and South-Eastern Asia,2004,14.1702995300293,SDG: Eastern and South-Eastern Asia,,total
SDG: Eastern and South-Eastern Asia,2007,14.93992042541504,SDG: Eastern and South-Eastern Asia,,total
SDG: Eastern and South-Eastern Asia,2008,13.67475032806396,SDG: Eastern and South-Eastern Asia,,total
SDG: Eastern and South-Eastern Asia,2009,14.51142024993896,SDG: Eastern and South-Eastern Asia,,total
SDG: Eastern and South-Eastern Asia,2010,13.96114921569824,SDG: Eastern and South-Eastern Asia,,total
SDG: Eastern and South-Eastern Asia,2011,13.32470893859863,SDG: Eastern and South-Eastern Asia,,total
SDG: Eastern and South-Eastern Asia,2012,14.40723037719727,SDG: Eastern and South-Eastern Asia,,total
SDG: Eastern and South-Eastern Asia,2013,14.5656623840332,SDG: Eastern and South-Eastern Asia,,total
SDG: Eastern and South-Eastern Asia,2014,14.66810035705566,SDG: Eastern and South-Eastern Asia,,total
SDG: Eastern and South-Eastern Asia,2015,14.09163570404053,SDG: Eastern and South-Eastern Asia,,total
SDG: Eastern and South-Eastern Asia,2016,13.76811599731445,SDG: Eastern and South-Eastern Asia,,total
SDG: Eastern and South-Eastern Asia,2017,14.10256958007813,SDG: Eastern and South-Eastern Asia,,total
SDG: Eastern and South-Eastern Asia,2018,14.97201538085938,SDG: Eastern and South-Eastern Asia,,total
SDG: Eastern and South-Eastern Asia,2019,15.03407192230225,SDG: Eastern and South-Eastern Asia,,total
SDG: Eastern and South-Eastern Asia,2020,14.16965961456299,SDG: Eastern and South-Eastern Asia,,total
SDG: Eastern and South-Eastern Asia,2021,11.50620651245117,SDG: Eastern and South-Eastern Asia,,total
SDG: Eastern and South-Eastern Asia,2022,12.26790046691895,SDG: Eastern and South-Eastern Asia,,total
SDG: Eastern and South-Eastern Asia,2023,12.14114284515381,SDG: Eastern and South-Eastern Asia,,total
SDG: Eastern and South-Eastern Asia,2024,12.56450843811035,SDG: Eastern and South-Eastern Asia,,total
SDG: Europe,2000,11.35896968841553,SDG: Europe,,total
SDG: Europe,2001,11.82783031463623,SDG: Europe,,total
SDG: Europe,2002,10.77766036987305,SDG: Europe,,total
SDG: Europe,2003,11.18025016784668,SDG: Europe,,total
SDG: Europe,2004,11.28462028503418,SDG: Europe,,total
SDG: Europe,2005,11.83513450622559,SDG: Europe,,total
SDG: Europe,2006,12.14715003967285,SDG: Europe,,total
SDG: Europe,2007,11.22879028320313,SDG: Europe,,total
SDG: Europe,2008,11.32800483703613,SDG: Europe,,total
SDG: Europe,2009,11.14910507202148,SDG: Europe,,total
SDG: Europe,2010,11.03717041015625,SDG: Europe,,total
SDG: Europe,2011,10.96452140808105,SDG: Europe,,total
SDG: Europe,2012,11.17113494873047,SDG: Europe,,total
SDG: Europe,2013,11.15081977844238,SDG: Europe,,total
SDG: Europe,2014,11.39943504333496,SDG: Europe,,total
SDG: Europe,2015,11.02350997924805,SDG: Europe,,total
SDG: Europe,2016,11.27159976959229,SDG: Europe,,total
SDG: Europe,2017,11.23805046081543,SDG: Europe,,total
SDG: Europe,2018,11.22729015350342,SDG: Europe,,total
SDG: Europe,2019,11.32439041137695,SDG: Europe,,total
SDG: Europe,2020,10.51313018798828,SDG: Europe,,total
SDG: Europe,2021,10.59001922607422,SDG: Europe,,total
SDG: Europe,2022,10.75510501861572,SDG: Europe,,total
SDG: Europe and Northern America,2000,11.46977043151855,SDG: Europe and Northern America,,total
SDG: Europe and Northern America,2001,11.84674453735352,SDG: Europe and Northern America,,total
SDG: Europe and Northern America,2002,10.85000514984131,SDG: Europe and Northern America,,total
SDG: Europe and Northern America,2003,11.18025016784668,SDG: Europe and Northern America,,total
SDG: Europe and Northern America,2004,11.28462028503418,SDG: Europe and Northern America,,total
SDG: Europe and Northern America,2005,12.01154518127441,SDG: Europe and Northern America,,total
SDG: Europe and Northern America,2006,12.1417350769043,SDG: Europe and Northern America,,total
SDG: Europe and Northern America,2007,11.34832954406738,SDG: Europe and Northern America,,total
SDG: Europe and Northern America,2008,11.38755416870117,SDG: Europe and Northern America,,total
SDG: Europe and Northern America,2009,11.20944023132324,SDG: Europe and Northern America,,total
SDG: Europe and Northern America,2010,11.10496997833252,SDG: Europe and Northern America,,total
SDG: Europe and Northern America,2011,11.03363609313965,SDG: Europe and Northern America,,total
SDG: Europe and Northern America,2012,11.23027038574219,SDG: Europe and Northern America,,total
SDG: Europe and Northern America,2013,11.32635498046875,SDG: Europe and Northern America,,total
SDG: Europe and Northern America,2014,11.39943504333496,SDG: Europe and Northern America,,total
SDG: Europe and Northern America,2015,11.17755031585693,SDG: Europe and Northern America,,total
SDG: Europe and Northern America,2016,11.45518970489502,SDG: Europe and Northern America,,total
SDG: Europe and Northern America,2017,11.42453002929688,SDG: Europe and Northern America,,total
SDG: Europe and Northern America,2018,11.30204010009766,SDG: Europe and Northern America,,total
SDG: Europe and Northern America,2019,11.37759017944336,SDG: Europe and Northern America,,total
SDG: Europe and Northern America,2020,10.56414031982422,SDG: Europe and Northern America,,total
SDG: Europe and Northern America,2021,10.57594966888428,SDG: Europe and Northern America,,total
SDG: Europe and Northern America,2022,10.68212032318115,SDG: Europe and Northern America,,total
"SDG: Europe, Northern America, Australia and New Zealand",2000,11.58057022094727,"SDG: Europe, Northern America, Australia and New Zealand",,total
"SDG: Europe, Northern America, Australia and New Zealand",2001,11.86565971374512,"SDG: Europe, Northern America, Australia and New Zealand",,total
"SDG: Europe, Northern America, Australia and New Zealand",2002,10.92234992980957,"SDG: Europe, Northern America, Australia and New Zealand",,total
"SDG: Europe, Northern America, Australia and New Zealand",2003,11.40879440307617,"SDG: Europe, Northern America, Australia and New Zealand",,total
"SDG: Europe, Northern America, Australia and New Zealand",2004,11.70343971252441,"SDG: Europe, Northern America, Australia and New Zealand",,total
"SDG: Europe, Northern America, Australia and New Zealand",2005,12.07252025604248,"SDG: Europe, Northern America, Australia and New Zealand",,total
"SDG: Europe, Northern America, Australia and New Zealand",2006,12.17807006835938,"SDG: Europe, Northern America, Australia and New Zealand",,total
"SDG: Europe, Northern America, Australia and New Zealand",2007,11.58008003234863,"SDG: Europe, Northern America, Australia and New Zealand",,total
"SDG: Europe, Northern America, Australia and New Zealand",2008,11.41024971008301,"SDG: Europe, Northern America, Australia and New Zealand",,total
"SDG: Europe, Northern America, Australia and New Zealand",2009,11.24168968200684,"SDG: Europe, Northern America, Australia and New Zealand",,total
"SDG: Europe, Northern America, Australia and New Zealand",2010,11.16341972351074,"SDG: Europe, Northern America, Australia and New Zealand",,total
"SDG: Europe, Northern America, Australia and New Zealand",2011,11.10004997253418,"SDG: Europe, Northern America, Australia and New Zealand",,total
"SDG: Europe, Northern America, Australia and New Zealand",2012,11.26502990722656,"SDG: Europe, Northern America, Australia and New Zealand",,total
"SDG: Europe, Northern America, Australia and New Zealand",2013,11.43980026245117,"SDG: Europe, Northern America, Australia and New Zealand",,total
"SDG: Europe, Northern America, Australia and New Zealand",2014,11.4885196685791,"SDG: Europe, Northern America, Australia and New Zealand",,total
"SDG: Europe, Northern America, Australia and New Zealand",2015,11.31964015960693,"SDG: Europe, Northern America, Australia and New Zealand",,total
"SDG: Europe, Northern America, Australia and New Zealand",2016,11.63877964019775,"SDG: Europe, Northern America, Australia and New Zealand",,total
"SDG: Europe, Northern America, Australia and New Zealand",2017,11.66129493713379,"SDG: Europe, Northern America, Australia and New Zealand",,total
"SDG: Europe, Northern America, Australia and New Zealand",2018,11.35749435424805,"SDG: Europe, Northern America, Australia and New Zealand",,total
"SDG: Europe, Northern America, Australia and New Zealand",2019,11.54215049743652,"SDG: Europe, Northern America, Australia and New Zealand",,total
"SDG: Europe, Northern America, Australia and New Zealand",2020,10.60756969451904,"SDG: Europe, Northern America, Australia and New Zealand",,total
"SDG: Europe, Northern America, Australia and New Zealand",2021,10.60408973693848,"SDG: Europe, Northern America, Australia and New Zealand",,total
"SDG: Europe, Northern America, Australia and New Zealand",2022,10.82808971405029,"SDG: Europe, Northern America, Australia and New Zealand",,total
SDG: Landlocked Developing Countries,2000,12.88421058654785,SDG: Landlocked Developing Countries,,total
SDG: Landlocked Developing Countries,2001,13.8969898223877,SDG: Landlocked Developing Countries,,total
SDG: Landlocked Developing Countries,2002,14.63924980163574,SDG: Landlocked Developing Countries,,total
SDG: Landlocked Developing Countries,2004,15.87508010864258,SDG: Landlocked Developing Countries,,total
SDG: Landlocked Developing Countries,2005,16.1877498626709,SDG: Landlocked Developing Countries,,total
SDG: Landlocked Developing Countries,2006,17.32306480407715,SDG: Landlocked Developing Countries,,total
SDG: Landlocked Developing Countries,2007,17.58126068115234,SDG: Landlocked Developing Countries,,total
SDG: Landlocked Developing Countries,2008,16.33755111694336,SDG: Landlocked Developing Countries,,total
SDG: Landlocked Developing Countries,2009,16.72859001159668,SDG: Landlocked Developing Countries,,total
SDG: Landlocked Developing Countries,2010,16.03235054016113,SDG: Landlocked Developing Countries,,total
SDG: Landlocked Developing Countries,2011,16.12812042236328,SDG: Landlocked Developing Countries,,total
SDG: Landlocked Developing Countries,2012,16.42831993103027,SDG: Landlocked Developing Countries,,total
SDG: Landlocked Developing Countries,2013,17.28327751159668,SDG: Landlocked Developing Countries,,total
SDG: Landlocked Developing Countries,2014,17.96332168579102,SDG: Landlocked Developing Countries,,total
SDG: Landlocked Developing Countries,2015,16.57074928283691,SDG: Landlocked Developing Countries,,total
SDG: Landlocked Developing Countries,2016,16.38330459594727,SDG: Landlocked Developing Countries,,total
SDG: Landlocked Developing Countries,2017,16.32044410705566,SDG: Landlocked Developing Countries,,total
SDG: Landlocked Developing Countries,2018,16.35136032104492,SDG: Landlocked Developing Countries,,total
SDG: Landlocked Developing Countries,2019,15.32444763183594,SDG: Landlocked Developing Countries,,total
SDG: Landlocked Developing Countries,2020,15.66399574279785,SDG: Landlocked Developing Countries,,total
SDG: Landlocked Developing Countries,2021,15.48997497558594,SDG: Landlocked Developing Countries,,total
SDG: Landlocked Developing Countries,2022,16.65703201293945,SDG: Landlocked Developing Countries,,total
SDG: Landlocked Developing Countries,2023,16.2421760559082,SDG: Landlocked Developing Countries,,total
SDG: Landlocked Developing Countries,2024,16.1601676940918,SDG: Landlocked Developing Countries,,total
SDG: Latin America and the Caribbean,2000,16.22615051269531,SDG: Latin America and the Caribbean,,total
SDG: Latin America and the Caribbean,2010,15.26679992675781,SDG: Latin America and the Caribbean,,total
SDG: Latin America and the Caribbean,2011,15.16055488586426,SDG: Latin America and the Caribbean,,total
SDG: Latin America and the Caribbean,2012,14.70656490325928,SDG: Latin America and the Caribbean,,total
SDG: Latin America and the Caribbean,2013,14.84482002258301,SDG: Latin America and the Caribbean,,total
SDG: Latin America and the Caribbean,2014,15.39357566833496,SDG: Latin America and the Caribbean,,total
SDG: Latin America and the Caribbean,2015,15.22669410705566,SDG: Latin America and the Caribbean,,total
SDG: Latin America and the Caribbean,2016,14.8238525390625,SDG: Latin America and the Caribbean,,total
SDG: Latin America and the Caribbean,2017,14.7781400680542,SDG: Latin America and the Caribbean,,total
SDG: Latin America and the Caribbean,2018,14.92417049407959,SDG: Latin America and the Caribbean,,total
SDG: Latin America and the Caribbean,2019,15.1325101852417,SDG: Latin America and the Caribbean,,total
SDG: Latin America and the Caribbean,2020,14.39326953887939,SDG: Latin America and the Caribbean,,total
SDG: Latin America and the Caribbean,2021,14.46758651733398,SDG: Latin America and the Caribbean,,total
SDG: Latin America and the Caribbean,2022,14.58486938476563,SDG: Latin America and the Caribbean,,total
SDG: Latin America and the Caribbean,2023,13.22395992279053,SDG: Latin America and the Caribbean,,total
SDG: Latin America and the Caribbean,2024,13.84879398345947,SDG: Latin America and the Caribbean,,total
SDG: Least Developed Countries,2000,15.07232475280762,SDG: Least Developed Countries,,total
SDG: Least Developed Countries,2001,12.6514949798584,SDG: Least Developed Countries,,total
SDG: Least Developed Countries,2002,13.95796489715576,SDG: Least Developed Countries,,total
SDG: Least Developed Countries,2004,15.83239936828613,SDG: Least Developed Countries,,total
SDG: Least Developed Countries,2005,15.789719581604,SDG: Least Developed Countries,,total
SDG: Least Developed Countries,2006,15.789719581604,SDG: Least Developed Countries,,total
SDG: Least Developed Countries,2008,16.21773529052734,SDG: Least Developed Countries,,total
SDG: Least Developed Countries,2009,16.10084533691406,SDG: Least Developed Countries,,total
SDG: Least Developed Countries,2010,13.4149341583252,SDG: Least Developed Countries,,total
SDG: Least Developed Countries,2011,14.6258602142334,SDG: Least Developed Countries,,total
SDG: Least Developed Countries,2012,13.96276473999023,SDG: Least Developed Countries,,total
SDG: Least Developed Countries,2013,15.34883975982666,SDG: Least Developed Countries,,total
SDG: Least Developed Countries,2014,13.73431968688965,SDG: Least Developed Countries,,total
SDG: Least Developed Countries,2015,13.286865234375,SDG: Least Developed Countries,,total
SDG: Least Developed Countries,2016,13.95075988769531,SDG: Least Developed Countries,,total
SDG: Least Developed Countries,2017,14.8146800994873,SDG: Least Developed Countries,,total
SDG: Least Developed Countries,2018,14.48255920410156,SDG: Least Developed Countries,,total
SDG: Least Developed Countries,2019,13.7194995880127,SDG: Least Developed Countries,,total
SDG: Least Developed Countries,2020,13.62855815887451,SDG: Least Developed Countries,,total
SDG: Least Developed Countries,2021,14.08535003662109,SDG: Least Developed Countries,,total
SDG: Least Developed Countries,2022,13.12404441833496,SDG: Least Developed Countries,,total
SDG: Least Developed Countries,2023,13.70423793792725,SDG: Least Developed Countries,,total
SDG: Least Developed Countries,2024,13.4080982208252,SDG: Least Developed Countries,,total
SDG: Northern Africa,2008,11.02075958251953,SDG: Northern Africa,,total
SDG: Northern Africa and Western Asia,2001,13.86333465576172,SDG: Northern Africa and Western Asia,,total
SDG: Northern Africa and Western Asia,2002,13.61711502075195,SDG: Northern Africa and Western Asia,,total
SDG: Northern Africa and Western Asia,2004,14.49789047241211,SDG: Northern Africa and Western Asia,,total
SDG: Northern Africa and Western Asia,2005,13.64809036254883,SDG: Northern Africa and Western Asia,,total
SDG: Northern Africa and Western Asia,2006,13.239990234375,SDG: Northern Africa and Western Asia,,total
SDG: Northern Africa and Western Asia,2008,12.76933479309082,SDG: Northern Africa and Western Asia,,total
SDG: Northern Africa and Western Asia,2009,12.71180534362793,SDG: Northern Africa and Western Asia,,total
SDG: Northern Africa and Western Asia,2012,12.42910480499268,SDG: Northern Africa and Western Asia,,total
SDG: Northern Africa and Western Asia,2013,12.97069931030273,SDG: Northern Africa and Western Asia,,total
SDG: Northern Africa and Western Asia,2016,12.57771968841553,SDG: Northern Africa and Western Asia,,total
SDG: Northern Africa and Western Asia,2017,12.72130012512207,SDG: Northern Africa and Western Asia,,total
SDG: Northern Africa and Western Asia,2018,12.32339382171631,SDG: Northern Africa and Western Asia,,total
SDG: Northern Africa and Western Asia,2019,12.82557010650635,SDG: Northern Africa and Western Asia,,total
SDG: Northern Africa and Western Asia,2020,12.11332035064697,SDG: Northern Africa and Western Asia,,total
SDG: Northern Africa and Western Asia,2021,11.92158985137939,SDG: Northern Africa and Western Asia,,total
SDG: Northern Africa and Western Asia,2022,12.48295021057129,SDG: Northern Africa and Western Asia,,total
SDG: Northern America,2015,12.35161972045898,SDG: Northern America,,total
SDG: Northern America,2017,12.17074012756348,SDG: Northern America,,total
SDG: Oceania,2020,11.5864953994751,SDG: Oceania,,total
SDG: Oceania,2021,13.36392116546631,SDG: Oceania,,total
SDG: Oceania,2022,12.62837028503418,SDG: Oceania,,total
SDG: Oceania,2023,12.00119018554688,SDG: Oceania,,total
SDG: Oceania (excluding Australia and New Zealand),2017,15.23440933227539,SDG: Oceania (excluding Australia and New Zealand),,total
SDG: Oceania (excluding Australia and New Zealand),2018,15.24652099609375,SDG: Oceania (excluding Australia and New Zealand),,total
SDG: Oceania (excluding Australia and New Zealand),2019,14.23884201049805,SDG: Oceania (excluding Australia and New Zealand),,total
SDG: Oceania (excluding Australia and New Zealand),2020,10.86769962310791,SDG: Oceania (excluding Australia and New Zealand),,total
SDG: Oceania (excluding Australia and New Zealand),2021,13.41466522216797,SDG: Oceania (excluding Australia and New Zealand),,total
SDG: Oceania (excluding Australia and New Zealand),2022,11.99594688415527,SDG: Oceania (excluding Australia and New Zealand),,total
SDG: Oceania (excluding Australia and New Zealand),2023,11.35288429260254,SDG: Oceania (excluding Australia and New Zealand),,total
SDG: Oceania (excluding Australia and New Zealand),2024,12.30808925628662,SDG: Oceania (excluding Australia and New Zealand),,total
SDG: Small Island Developing States,2011,13.83675956726074,SDG: Small Island Developing States,,total
SDG: Small Island Developing States,2012,14.96061992645264,SDG: Small Island Developing States,,total
SDG: Small Island Developing States,2013,14.84482002258301,SDG: Small Island Developing States,,total
SDG: Small Island Developing States,2014,15.66969871520996,SDG: Small Island Developing States,,total
SDG: Small Island Developing States,2015,15.26356792449951,SDG: Small Island Developing States,,total
SDG: Small Island Developing States,2016,14.360520362854,SDG: Small Island Developing States,,total
SDG: Small Island Developing States,2017,14.09973621368408,SDG: Small Island Developing States,,total
SDG: Small Island Developing States,2018,14.72417259216309,SDG: Small Island Developing States,,total
SDG: Small Island Developing States,2019,14.0734395980835,SDG: Small Island Developing States,,total
SDG: Small Island Developing States,2020,12.81194877624512,SDG: Small Island Developing States,,total
SDG: Small Island Developing States,2021,13.0,SDG: Small Island Developing States,,total
SDG: Small Island Developing States,2022,12.68862724304199,SDG: Small Island Developing States,,total
SDG: Small Island Developing States,2023,12.60656547546387,SDG: Small Island Developing States,,total
SDG: Small Island Developing States,2024,12.86606216430664,SDG: Small Island Developing States,,total
SDG: South-Eastern Asia,2000,15.20676040649414,SDG: South-Eastern Asia,,total
SDG: South-Eastern Asia,2001,12.7548999786377,SDG: South-Eastern Asia,,total
SDG: South-Eastern Asia,2002,14.81585502624512,SDG: South-Eastern Asia,,total
SDG: South-Eastern Asia,2003,15.77042007446289,SDG: South-Eastern Asia,,total
SDG: South-Eastern Asia,2004,15.02268981933594,SDG: South-Eastern Asia,,total
SDG: South-Eastern Asia,2005,14.65568923950195,SDG: South-Eastern Asia,,total
SDG: South-Eastern Asia,2006,15.96383953094482,SDG: South-Eastern Asia,,total
SDG: South-Eastern Asia,2007,15.5322904586792,SDG: South-Eastern Asia,,total
SDG: South-Eastern Asia,2008,13.8566951751709,SDG: South-Eastern Asia,,total
SDG: South-Eastern Asia,2009,14.19993495941162,SDG: South-Eastern Asia,,total
SDG: South-Eastern Asia,2010,14.71689033508301,SDG: South-Eastern Asia,,total
SDG: South-Eastern Asia,2011,13.21115970611572,SDG: South-Eastern Asia,,total
SDG: South-Eastern Asia,2012,13.21115970611572,SDG: South-Eastern Asia,,total
SDG: South-Eastern Asia,2013,13.34101009368896,SDG: South-Eastern Asia,,total
SDG: South-Eastern Asia,2014,15.51594066619873,SDG: South-Eastern Asia,,total
SDG: South-Eastern Asia,2015,15.01675319671631,SDG: South-Eastern Asia,,total
SDG: South-Eastern Asia,2016,12.89050769805908,SDG: South-Eastern Asia,,total
SDG: South-Eastern Asia,2017,11.44194984436035,SDG: South-Eastern Asia,,total
SDG: South-Eastern Asia,2018,11.44194984436035,SDG: South-Eastern Asia,,total
SDG: South-Eastern Asia,2019,12.13110637664795,SDG: South-Eastern Asia,,total
SDG: South-Eastern Asia,2020,11.44194984436035,SDG: South-Eastern Asia,,total
SDG: South-Eastern Asia,2021,11.47173976898193,SDG: South-Eastern Asia,,total
SDG: South-Eastern Asia,2022,11.67428112030029,SDG: South-Eastern Asia,,total
SDG: South-Eastern Asia,2023,12.01438522338867,SDG: South-Eastern Asia,,total
SDG: South-Eastern Asia,2024,11.44194984436035,SDG: South-Eastern Asia,,total
SDG: Southern Asia,2000,16.73051071166992,SDG: Southern Asia,,total
SDG: Southern Asia,2001,16.73051071166992,SDG: Southern Asia,,total
SDG: Southern Asia,2003,14.95386505126953,SDG: Southern Asia,,total
SDG: Southern Asia,2004,17.27987480163574,SDG: Southern Asia,,total
SDG: Southern Asia,2005,14.86531448364258,SDG: Southern Asia,,total
SDG: Southern Asia,2006,16.31281471252441,SDG: Southern Asia,,total
SDG: Southern Asia,2007,16.79946136474609,SDG: Southern Asia,,total
SDG: Southern Asia,2008,14.6009349822998,SDG: Southern Asia,,total
SDG: Southern Asia,2009,12.84471035003662,SDG: Southern Asia,,total
SDG: Southern Asia,2010,11.86466026306152,SDG: Southern Asia,,total
SDG: Southern Asia,2011,13.56490993499756,SDG: Southern Asia,,total
SDG: Southern Asia,2012,11.38751029968262,SDG: Southern Asia,,total
SDG: Southern Asia,2013,14.05018043518066,SDG: Southern Asia,,total
SDG: Southern Asia,2014,14.46592998504639,SDG: Southern Asia,,total
SDG: Southern Asia,2015,13.18727970123291,SDG: Southern Asia,,total
SDG: Southern Asia,2016,16.21170043945313,SDG: Southern Asia,,total
SDG: Southern Asia,2017,15.66137981414795,SDG: Southern Asia,,total
SDG: Southern Asia,2018,14.24517154693604,SDG: Southern Asia,,total
SDG: Southern Asia,2019,12.11302947998047,SDG: Southern Asia,,total
SDG: Southern Asia,2020,15.03070259094238,SDG: Southern Asia,,total
SDG: Southern Asia,2021,14.38920783996582,SDG: Southern Asia,,total
SDG: Southern Asia,2022,12.43792533874512,SDG: Southern Asia,,total
SDG: Southern Asia,2023,13.08261775970459,SDG: Southern Asia,,total
SDG: Southern Asia,2024,11.99301624298096,SDG: Southern Asia,,total
SDG: Sub-Saharan Africa,2000,15.28036499023438,SDG: Sub-Saharan Africa,,total
SDG: Sub-Saharan Africa,2001,15.72974014282227,SDG: Sub-Saharan Africa,,total
SDG: Sub-Saharan Africa,2002,15.73720932006836,SDG: Sub-Saharan Africa,,total
SDG: Sub-Saharan Africa,2003,16.15262985229492,SDG: Sub-Saharan Africa,,total
SDG: Sub-Saharan Africa,2004,17.26855087280273,SDG: Sub-Saharan Africa,,total
SDG: Sub-Saharan Africa,2005,17.69228363037109,SDG: Sub-Saharan Africa,,total
SDG: Sub-Saharan Africa,2006,17.08520889282227,SDG: Sub-Saharan Africa,,total
SDG: Sub-Saharan Africa,2008,17.90630912780762,SDG: Sub-Saharan Africa,,total
SDG: Sub-Saharan Africa,2009,17.86381912231445,SDG: Sub-Saharan Africa,,total
SDG: Sub-Saharan Africa,2010,17.06808090209961,SDG: Sub-Saharan Africa,,total
SDG: Sub-Saharan Africa,2011,15.11833000183105,SDG: Sub-Saharan Africa,,total
SDG: Sub-Saharan Africa,2012,15.85542488098145,SDG: Sub-Saharan Africa,,total
SDG: Sub-Saharan Africa,2013,16.17004013061523,SDG: Sub-Saharan Africa,,total
SDG: Sub-Saharan Africa,2014,16.4393310546875,SDG: Sub-Saharan Africa,,total
SDG: Sub-Saharan Africa,2015,16.19137954711914,SDG: Sub-Saharan Africa,,total
SDG: Sub-Saharan Africa,2016,15.66361999511719,SDG: Sub-Saharan Africa,,total
SDG: Sub-Saharan Africa,2017,16.19137954711914,SDG: Sub-Saharan Africa,,total
SDG: Sub-Saharan Africa,2018,16.40555000305176,SDG: Sub-Saharan Africa,,total
SDG: Sub-Saharan Africa,2019,14.69312000274658,SDG: Sub-Saharan Africa,,total
SDG: Sub-Saharan Africa,2020,15.14260959625244,SDG: Sub-Saharan Africa,,total
SDG: Sub-Saharan Africa,2021,15.34086990356445,SDG: Sub-Saharan Africa,,total
SDG: Sub-Saharan Africa,2022,14.99147033691406,SDG: Sub-Saharan Africa,,total
SDG: Sub-Saharan Africa,2023,14.82360458374023,SDG: Sub-Saharan Africa,,total
SDG: Sub-Saharan Africa,2024,14.72915267944336,SDG: Sub-Saharan Africa,,total
SDG: Western Asia,2000,13.67479038238525,SDG: Western Asia,,total
SDG: Western Asia,2001,13.86333465576172,SDG: Western Asia,,total
SDG: Western Asia,2002,13.61711502075195,SDG: Western Asia,,total
SDG: Western Asia,2003,14.34811496734619,SDG: Western Asia,,total
SDG: Western Asia,2004,14.36646461486816,SDG: Western Asia,,total
SDG: Western Asia,2005,13.52732467651367,SDG: Western Asia,,total
SDG: Western Asia,2006,13.43054962158203,SDG: Western Asia,,total
SDG: Western Asia,2008,13.04942989349365,SDG: Western Asia,,total
SDG: Western Asia,2009,12.93437004089355,SDG: Western Asia,,total
SDG: Western Asia,2010,12.44487476348877,SDG: Western Asia,,total
SDG: Western Asia,2011,12.59333992004395,SDG: Western Asia,,total
SDG: Western Asia,2012,12.36896991729736,SDG: Western Asia,,total
SDG: Western Asia,2013,12.89196968078613,SDG: Western Asia,,total
SDG: Western Asia,2014,12.48923969268799,SDG: Western Asia,,total
SDG: Western Asia,2016,12.48923969268799,SDG: Western Asia,,total
SDG: Western Asia,2017,12.48923969268799,SDG: Western Asia,,total
SDG: Western Asia,2018,12.15754795074463,SDG: Western Asia,,total
SDG: Western Asia,2019,12.67463493347168,SDG: Western Asia,,total
SDG: Western Asia,2020,12.04065132141113,SDG: Western Asia,,total
SDG: Western Asia,2021,11.72317504882813,SDG: Western Asia,,total
SDG: Western Asia,2022,12.3730583190918,SDG: Western Asia,,total
SDG: World,2000,13.6799201965332,SDG: World,,total
SDG: World,2001,14.00712966918945,SDG: World,,total
SDG: World,2002,14.36500549316406,SDG: World,,total
SDG: World,2004,13.85227012634277,SDG: World,,total
SDG: World,2008,14.0394401550293,SDG: World,,total
SDG: World,2009,13.54100036621094,SDG: World,,total
SDG: World,2010,13.19379043579102,SDG: World,,total
SDG: World,2011,13.30054473876953,SDG: World,,total
SDG: World,2012,13.5994119644165,SDG: World,,total
SDG: World,2013,14.22280025482178,SDG: World,,total
SDG: World,2014,13.8507604598999,SDG: World,,total
SDG: World,2015,13.52905464172363,SDG: World,,total
SDG: World,2016,13.69145965576172,SDG: World,,total
SDG: World,2017,13.9685697555542,SDG: World,,total
SDG: World,2018,14.10186958312988,SDG: World,,total
SDG: World,2019,13.53208541870117,SDG: World,,total
SDG: World,2020,12.81194877624512,SDG: World,,total
SDG: World,2021,12.75985622406006,SDG: World,,total
SDG: World,2022,12.70153427124023,SDG: World,,total
SDG: World,2023,12.73332977294922,SDG: World,,total
SDN,2000,9.11688995361328,SDN,Africa,total
SDN,2002,11.04489040374756,SDN,Africa,total
SDN,2004,7.949240207672119,SDN,Africa,total
SDN,2005,5.966800212860107,SDN,Africa,total
SDN,2006,8.25316047668457,SDN,Africa,total
SDN,2008,9.392780303955078,SDN,Africa,total
SDN,2009,10.78182029724121,SDN,Africa,total
SEN,2000,17.61849021911621,SEN,Africa,total
SEN,2001,15.72974014282227,SEN,Africa,total
SEN,2002,16.72192001342773,SEN,Africa,total
SEN,2003,16.11750984191895,SEN,Africa,total
SEN,2004,16.96224975585938,SEN,Africa,total
SEN,2005,21.77096939086914,SEN,Africa,total
SEN,2006,17.95463943481445,SEN,Africa,total
SEN,2008,19.22613906860352,SEN,Africa,total
SEN,2009,23.30044937133789,SEN,Africa,total
SEN,2010,2.510600090026855,SEN,Africa,total
SEN,2011,21.08696937561035,SEN,Africa,total
SEN,2012,20.79524993896484,SEN,Africa,total
SEN,2013,25.74234962463379,SEN,Africa,total
SEN,2014,24.80130958557129,SEN,Africa,total
SEN,2015,23.77827072143555,SEN,Africa,total
SEN,2016,21.33736991882324,SEN,Africa,total
SEN,2017,21.1016902923584,SEN,Africa,total
SEN,2018,22.65928077697754,SEN,Africa,total
SEN,2019,14.69312000274658,SEN,Africa,total
SEN,2020,19.21673965454102,SEN,Africa,total
SEN,2021,16.67687034606934,SEN,Africa,total
SEN,2022,16.49155044555664,SEN,Africa,total
SEN,2023,22.54717094722479,SEN,Africa,total
SGP,2000,20.3055305480957,SGP,Asia,total
SGP,2001,21.55665969848633,SGP,Asia,total
SGP,2002,21.41607093811035,SGP,Asia,total
SGP,2003,24.75983047485352,SGP,Asia,total
SGP,2004,22.74440956115723,SGP,Asia,total
SGP,2005,22.27878952026367,SGP,Asia,total
SGP,2006,22.53677940368652,SGP,Asia,total
SGP,2007,23.23229026794434,SGP,Asia,total
SGP,2008,30.09940910339355,SGP,Asia,total
SGP,2009,21.85297012329102,SGP,Asia,total
SGP,2010,18.57172966003418,SGP,Asia,total
SGP,2011,28.86183929443359,SGP,Asia,total
SGP,2012,31.37174987792969,SGP,Asia,total
SGP,2013,28.83914947509766,SGP,Asia,total
SGP,2014,20.47440082050123,SGP,Asia,total
SGP,2015,17.69537562827109,SGP,Asia,total
SGP,2016,17.55084805405025,SGP,Asia,total
SGP,2017,17.25352112676056,SGP,Asia,total
SGP,2018,20.71953010559082,SGP,Asia,total
SGP,2019,19.4742603302002,SGP,Asia,total
SGP,2020,19.19477081298828,SGP,Asia,total
SGP,2021,11.47173976898193,SGP,Asia,total
SGP,2022,15.13492965698242,SGP,Asia,total
SGP,2023,14.07042026519775,SGP,Asia,total
SGP,2024,12.86111523846083,SGP,Asia,total
SLB,2007,34.68080902099609,SLB,Oceania,total
SLB,2008,28.40707969665527,SLB,Oceania,total
SLB,2009,29.35206985473633,SLB,Oceania,total
SLB,2010,33.12895965576172,SLB,Oceania,total
SLB,2020,30.49439159197995,SLB,Oceania,total
SLB,2021,25.99682636108489,SLB,Oceania,total
SLB,2022,25.78161745826794,SLB,Oceania,total
SLB,2023,23.19963245685154,SLB,Oceania,total
SLB,2024,25.22878488543724,SLB,Oceania,total
SLE,2000,20.72999954223633,SLE,Africa,total
SLE,2001,17.96999931335449,SLE,Africa,total
SLE,2002,17.69999885559082,SLE,Africa,total
SLE,2003,17.31999969482422,SLE,Africa,total
SLE,2004,17.14999961853027,SLE,Africa,total
SLE,2005,15.51000022888184,SLE,Africa,total
SLE,2007,19.75,SLE,Africa,total
SLE,2008,14.92999935150146,SLE,Africa,total
SLE,2009,15.90000057220459,SLE,Africa,total
SLE,2010,12.79999923706055,SLE,Africa,total
SLE,2011,12.40999984741211,SLE,Africa,total
SLE,2012,14.13000011444092,SLE,Africa,total
SLE,2013,15.19999980926514,SLE,Africa,total
SLE,2014,15.09000015258789,SLE,Africa,total
SLE,2016,12.47000026702881,SLE,Africa,total
SLE,2017,19.88999938964844,SLE,Africa,total
SLE,2018,32.72999954223633,SLE,Africa,total
SLE,2019,35.0099983215332,SLE,Africa,total
SLE,2020,34.2400016784668,SLE,Africa,total
SLE,2021,33.42000198364258,SLE,Africa,total
SLE,2022,29.3700008392334,SLE,Africa,total
SLE,2024,19.95918997330075,SLE,Africa,total
SLV,2000,13.54397010803223,SLV,North America,total
SLV,2002,14.40474987030029,SLV,North America,total
SLV,2003,13.85227012634277,SLV,North America,total
SLV,2005,14.16685009002686,SLV,North America,total
SLV,2006,14.91919040679932,SLV,North America,total
SLV,2007,15.81505012512207,SLV,North America,total
SLV,2008,18.16251945495605,SLV,North America,total
SLV,2009,17.95026016235352,SLV,North America,total
SLV,2010,15.81840991973877,SLV,North America,total
SLV,2011,15.42368030548096,SLV,North America,total
SLV,2012,13.55786037445068,SLV,North America,total
SLV,2013,13.34160041809082,SLV,North America,total
SLV,2014,13.8507604598999,SLV,North America,total
SLV,2015,14.42251014709473,SLV,North America,total
SLV,2016,13.9301700592041,SLV,North America,total
SLV,2017,13.26113033294678,SLV,North America,total
SLV,2018,13.06204986572266,SLV,North America,total
SLV,2019,12.19194030761719,SLV,North America,total
SLV,2020,11.19429969787598,SLV,North America,total
SLV,2021,11.50806999206543,SLV,North America,total
SLV,2022,11.4042797088623,SLV,North America,total
SLV,2023,10.44163990020752,SLV,North America,total
SLV,2024,10.57559013366699,SLV,North America,total
SMR,2010,10.78129005432129,SMR,Europe,total
SMR,2011,10.64035987854004,SMR,Europe,total
SMR,2017,13.17934989929199,SMR,Europe,total
SMR,2018,14.48633003234863,SMR,Europe,total
SMR,2019,15.05992031097412,SMR,Europe,total
SMR,2020,5.789347375,SMR,Europe,total
SMR,2021,8.379810333251953,SMR,Europe,total
SMR,2022,13.36878967285156,SMR,Europe,total
SMR,2023,12.98976039886475,SMR,Europe,total
SOM,2015,1.421131717311304,SOM,Africa,total
SOM,2016,1.314840640059248,SOM,Africa,total
SOM,2017,2.223461869229261,SOM,Africa,total
SOM,2018,2.961797677124395,SOM,Africa,total
SOM,2019,4.287322881221026,SOM,Africa,total
SOM,2020,2.99771462084585,SOM,Africa,total
SOM,2021,3.650244490654222,SOM,Africa,total
SOM,2022,2.762152554394516,SOM,Africa,total
SOM,2023,3.591566981105978,SOM,Africa,total
SOM,2024,6.955547596212627,SOM,Africa,total
SRB,2007,9.976639747619627,SRB,Europe,total
SRB,2009,10.48217964172363,SRB,Europe,total
SRB,2011,10.17957019805908,SRB,Europe,total
SRB,2016,8.69299030303955,SRB,Europe,total
SRB,2017,9.256460189819336,SRB,Europe,total
SRB,2018,8.804280281066895,SRB,Europe,total
SRB,2019,8.604599952697754,SRB,Europe,total
SRB,2021,7.086689949035645,SRB,Europe,total
SRB,2022,7.449689865112305,SRB,Europe,total
SRB,2023,8.383540153503418,SRB,Europe,total
SSD,2011,3.950700044631958,SSD,Africa,total
SSD,2013,3.228019952774048,SSD,Africa,total
SSD,2014,4.131360054016113,SSD,Africa,total
SSD,2015,3.324949979782104,SSD,Africa,total
SSD,2024,0.0033599999733269,SSD,Africa,total
STP,2002,6.560440063476563,STP,Africa,total
STP,2003,6.692009925842285,STP,Africa,total
STP,2004,5.85359001159668,STP,Africa,total
STP,2005,12.12547969818115,STP,Africa,total
STP,2006,14.08423042297363,STP,Africa,total
STP,2007,16.65735054016113,STP,Africa,total
STP,2008,18.24863052368164,STP,Africa,total
STP,2009,20.5607795715332,STP,Africa,total
STP,2010,19.3274097442627,STP,Africa,total
STP,2011,11.38041578226418,STP,Africa,total
STP,2012,13.72161960601807,STP,Africa,total
STP,2013,18.82966995239258,STP,Africa,total
STP,2014,12.32466983795166,STP,Africa,total
STP,2015,11.29734039306641,STP,Africa,total
STP,2016,15.96667957305908,STP,Africa,total
STP,2017,18.39999961853027,STP,Africa,total
STP,2018,20.11654090881348,STP,Africa,total
STP,2019,17.59244509009995,STP,Africa,total
STP,2020,16.12593579791158,STP,Africa,total
STP,2021,16.58419120232069,STP,Africa,total
STP,2022,17.08632851845202,STP,Africa,total
STP,2023,18.34500625165563,STP,Africa,total
STP,2024,18.08669695163878,STP,Africa,total
SUR,2015,11.37659899072879,SUR,South America,total
SUR,2016,16.07541860914182,SUR,South America,total
SUR,2017,17.32357800330422,SUR,South America,total
SUR,2018,14.72417251755266,SUR,South America,total
SUR,2019,15.27698863636364,SUR,South America,total
SUR,2020,13.94234545597361,SUR,South America,total
SUR,2021,11.78294573643411,SUR,South America,total
SUR,2022,10.9554367201426,SUR,South America,total
SUR,2023,7.536292151822169,SUR,South America,total
SUR,2024,8.553004298996902,SUR,South America,total
SVK,2000,7.265600204467773,SVK,Europe,total
SVK,2001,8.526269912719727,SVK,Europe,total
SVK,2002,9.24452018737793,SVK,Europe,total
SVK,2003,10.579270362854,SVK,Europe,total
SVK,2004,10.72064018249512,SVK,Europe,total
SVK,2005,9.647489547729492,SVK,Europe,total
SVK,2006,9.71280002593994,SVK,Europe,total
SVK,2007,9.804280281066896,SVK,Europe,total
SVK,2008,9.657059669494627,SVK,Europe,total
SVK,2009,9.272170066833496,SVK,Europe,total
SVK,2010,9.85927963256836,SVK,Europe,total
SVK,2011,9.57921028137207,SVK,Europe,total
SVK,2012,9.6274995803833,SVK,Europe,total
SVK,2013,9.879949569702148,SVK,Europe,total
SVK,2014,10.01690006256104,SVK,Europe,total
SVK,2015,10.34344959259033,SVK,Europe,total
SVK,2016,9.495800018310549,SVK,Europe,total
SVK,2017,9.850279808044434,SVK,Europe,total
SVK,2018,9.92531967163086,SVK,Europe,total
SVK,2019,10.49930953979492,SVK,Europe,total
SVK,2020,10.60756969451904,SVK,Europe,total
SVK,2021,10.50737953186035,SVK,Europe,total
SVK,2022,10.82808971405029,SVK,Europe,total
SVN,2001,11.82783031463623,SVN,Europe,total
SVN,2002,12.01115989685059,SVN,Europe,total
SVN,2003,12.09881019592285,SVN,Europe,total
SVN,2004,12.12226009368896,SVN,Europe,total
SVN,2005,12.09897994995117,SVN,Europe,total
SVN,2006,12.30090999603271,SVN,Europe,total
SVN,2007,11.81182956695557,SVN,Europe,total
SVN,2008,11.36485958099365,SVN,Europe,total
SVN,2009,11.24168968200684,SVN,Europe,total
SVN,2010,11.02781963348389,SVN,Europe,total
SVN,2011,10.85939979553223,SVN,Europe,total
SVN,2012,11.33905982971191,SVN,Europe,total
SVN,2013,9.47187042236328,SVN,Europe,total
SVN,2014,10.56888961791992,SVN,Europe,total
SVN,2015,10.0119800567627,SVN,Europe,total
SVN,2016,10.32664966583252,SVN,Europe,total
SVN,2017,10.81285953521729,SVN,Europe,total
SVN,2018,11.30204010009766,SVN,Europe,total
SVN,2019,11.27118968963623,SVN,Europe,total
SVN,2020,10.46212005615234,SVN,Europe,total
SVN,2021,10.80632019042969,SVN,Europe,total
SVN,2022,11.0809497833252,SVN,Europe,total
SWE,2000,12.89867973327637,SWE,Europe,total
SWE,2001,12.78553009033203,SWE,Europe,total
SWE,2002,13.1183500289917,SWE,Europe,total
SWE,2003,12.83382987976074,SWE,Europe,total
SWE,2004,12.91322994232178,SWE,Europe,total
SWE,2005,12.73132991790771,SWE,Europe,total
SWE,2006,12.71201992034912,SWE,Europe,total
SWE,2007,12.76568031311035,SWE,Europe,total
SWE,2008,12.92362976074219,SWE,Europe,total
SWE,2009,13.12812042236328,SWE,Europe,total
SWE,2010,13.19379043579102,SWE,Europe,total
SWE,2011,13.04813003540039,SWE,Europe,total
SWE,2012,15.07507991790771,SWE,Europe,total
SWE,2013,14.88731956481934,SWE,Europe,total
SWE,2014,15.04500961303711,SWE,Europe,total
SWE,2015,15.18671035766602,SWE,Europe,total
SWE,2016,15.46417045593262,SWE,Europe,total
SWE,2017,15.53695011138916,SWE,Europe,total
SWE,2018,15.51504993438721,SWE,Europe,total
SWE,2019,15.74522972106934,SWE,Europe,total
SWE,2020,15.31173992156982,SWE,Europe,total
SWE,2021,15.54915046691895,SWE,Europe,total
SWE,2022,15.27604961395264,SWE,Europe,total
SWZ,2000,18.74508094787598,SWZ,Africa,total
SWZ,2001,19.65617942810059,SWZ,Africa,total
SWZ,2002,17.29376983642578,SWZ,Africa,total
SWZ,2003,22.06381988525391,SWZ,Africa,total
SWZ,2004,21.10407066345215,SWZ,Africa,total
SWZ,2005,20.89185905456543,SWZ,Africa,total
SWZ,2006,22.70756912231445,SWZ,Africa,total
SWZ,2008,21.81324005126953,SWZ,Africa,total
SWZ,2009,19.38637924194336,SWZ,Africa,total
SWZ,2010,18.28302955627441,SWZ,Africa,total
SWZ,2011,22.33392906188965,SWZ,Africa,total
SWZ,2012,21.43775954342454,SWZ,Africa,total
SWZ,2013,17.23399640698286,SWZ,Africa,total
SWZ,2014,24.79544067382813,SWZ,Africa,total
SWZ,2015,16.41538784288528,SWZ,Africa,total
SWZ,2016,16.55491112702872,SWZ,Africa,total
SWZ,2017,18.66627509147846,SWZ,Africa,total
SWZ,2018,17.22101182665492,SWZ,Africa,total
SWZ,2019,18.5068975878254,SWZ,Africa,total
SWZ,2020,15.8905396021243,SWZ,Africa,total
SWZ,2021,15.34087001860497,SWZ,Africa,total
SWZ,2022,16.620931006141,SWZ,Africa,total
SWZ,2023,16.93638831213255,SWZ,Africa,total
SWZ,2024,19.35419607602253,SWZ,Africa,total
SXM,2022,22.61103633916554,SXM,North America,total
SXM,2023,23.04426925409339,SXM,North America,total
SYC,2002,9.220159530639648,SYC,Africa,total
SYC,2003,12.04319953918457,SYC,Africa,total
SYC,2006,10.9545202255249,SYC,Africa,total
SYC,2011,10.36830043792725,SYC,Africa,total
SYC,2012,6.779669761657715,SYC,Africa,total
SYC,2013,9.536629676818848,SYC,Africa,total
SYC,2014,11.84099960327148,SYC,Africa,total
SYC,2015,15.59241962432861,SYC,Africa,total
SYC,2016,11.66483020782471,SYC,Africa,total
SYC,2017,10.25983040033385,SYC,Africa,total
SYC,2018,10.51462021660156,SYC,Africa,total
SYC,2019,11.130556515303,SYC,Africa,total
SYC,2020,9.168005070426334,SYC,Africa,total
SYC,2021,10.4837460475179,SYC,Africa,total
SYC,2022,10.64876286796686,SYC,Africa,total
SYC,2023,12.7399803021294,SYC,Africa,total
SYC,2024,13.14195809729167,SYC,Africa,total
SYR,2001,15.66205978393555,SYR,Asia,total
SYR,2002,16.82607078552246,SYR,Asia,total
SYR,2003,19.85540008544922,SYR,Asia,total
SYR,2004,17.14539909362793,SYR,Asia,total
SYR,2006,20.0484790802002,SYR,Asia,total
SYR,2007,18.92593002319336,SYR,Asia,total
SYR,2008,20.04079055786133,SYR,Asia,total
SYR,2009,19.18404960632324,SYR,Asia,total
TCA,2000,0.0,TCA,North America,total
TCA,2001,0.0,TCA,North America,total
TCA,2002,0.0,TCA,North America,total
TCA,2003,0.0,TCA,North America,total
TCA,2005,0.0,TCA,North America,total
TCA,2011,11.70387309139757,TCA,North America,total
TCA,2012,11.62089334250613,TCA,North America,total
TCA,2013,12.24923485452426,TCA,North America,total
TCA,2014,11.80901857810291,TCA,North America,total
TCA,2015,14.19169998168945,TCA,North America,total
TCA,2016,13.17629654439459,TCA,North America,total
TCA,2017,11.03374853686171,TCA,North America,total
TCA,2018,11.94102001190186,TCA,North America,total
TCA,2019,9.615440368652344,TCA,North America,total
TCA,2020,10.82221277044946,TCA,North America,total
TCA,2021,11.23834991455078,TCA,North America,total
TCA,2022,11.86330032348633,TCA,North America,total
TCA,2023,9.317347232734036,TCA,North America,total
TCA,2024,10.73425260585465,TCA,North America,total
TCD,2000,12.84449005126953,TCD,Africa,total
TCD,2001,13.78684997558594,TCD,Africa,total
TCD,2004,11.03190040588379,TCD,Africa,total
TCD,2005,14.67282009124756,TCD,Africa,total
TCD,2009,8.828180313110352,TCD,Africa,total
TCD,2010,8.119279861450195,TCD,Africa,total
TCD,2011,10.08325958251953,TCD,Africa,total
TCD,2012,9.212409973144531,TCD,Africa,total
TCD,2013,12.46146011352539,TCD,Africa,total
TCD,2017,16.36274909973145,TCD,Africa,total
TCD,2019,14.21379003899466,TCD,Africa,total
TCD,2020,11.6715060004173,TCD,Africa,total
TCD,2021,15.44771003723145,TCD,Africa,total
TCD,2022,16.72260975170407,TCD,Africa,total
TCD,2023,16.48435344243246,TCD,Africa,total
TGO,2000,24.42370986938477,TGO,Africa,total
TGO,2001,25.73135948181152,TGO,Africa,total
TGO,2002,30.70002937316895,TGO,Africa,total
TGO,2003,27.75642967224121,TGO,Africa,total
TGO,2004,21.83069038391113,TGO,Africa,total
TGO,2005,17.67807960510254,TGO,Africa,total
TGO,2006,17.28664970397949,TGO,Africa,total
TGO,2007,18.15452003479004,TGO,Africa,total
TGO,2008,19.24566078186035,TGO,Africa,total
TGO,2009,19.37198066711426,TGO,Africa,total
TGO,2010,19.61576080322266,TGO,Africa,total
TGO,2011,16.90378952026367,TGO,Africa,total
TGO,2012,17.68042945861816,TGO,Africa,total
TGO,2013,15.49767971038818,TGO,Africa,total
TGO,2014,15.63267993927002,TGO,Africa,total
TGO,2015,16.21163940429688,TGO,Africa,total
TGO,2016,15.99131011962891,TGO,Africa,total
TGO,2017,23.14003944396973,TGO,Africa,total
TGO,2018,21.76909065246582,TGO,Africa,total
TGO,2019,19.23478396953854,TGO,Africa,total
TGO,2020,18.14345287396986,TGO,Africa,total
TGO,2021,17.45342364551913,TGO,Africa,total
TGO,2022,14.47581978700893,TGO,Africa,total
TGO,2023,14.82360413302916,TGO,Africa,total
TGO,2024,11.64543515210437,TGO,Africa,total
THA,2000,28.38859939575195,THA,Asia,total
THA,2001,24.24134063720703,THA,Asia,total
THA,2002,16.22293090820313,THA,Asia,total
THA,2003,20.8663501739502,THA,Asia,total
THA,2004,21.45767021179199,THA,Asia,total
THA,2005,20.54681968688965,THA,Asia,total
THA,2006,22.0027904510498,THA,Asia,total
THA,2007,18.48467063903809,THA,Asia,total
THA,2008,18.16284942626953,THA,Asia,total
THA,2009,18.17830085754395,THA,Asia,total
THA,2010,16.22262001037598,THA,Asia,total
THA,2011,22.63023948669434,THA,Asia,total
THA,2012,21.39679908752441,THA,Asia,total
THA,2013,19.12552070617676,THA,Asia,total
THA,2014,20.5354099009901,THA,Asia,total
THA,2015,20.62309902912622,THA,Asia,total
THA,2016,19.80216498559078,THA,Asia,total
THA,2017,18.36236743072186,THA,Asia,total
THA,2018,17.16620983606557,THA,Asia,total
THA,2019,17.01423333333333,THA,Asia,total
THA,2020,15.431959375,THA,Asia,total
THA,2021,14.69172283427898,THA,Asia,total
THA,2022,14.64165161290322,THA,Asia,total
THA,2023,14.18629827315542,THA,Asia,total
THA,2024,13.09098850574713,THA,Asia,total
TJK,2000,12.72385025024414,TJK,Asia,total
TJK,2001,14.00712966918945,TJK,Asia,total
TJK,2002,14.63924980163574,TJK,Asia,total
TJK,2003,12.70823955535889,TJK,Asia,total
TJK,2004,13.70965957641602,TJK,Asia,total
TJK,2005,15.33973026275635,TJK,Asia,total
TJK,2006,15.84657001495361,TJK,Asia,total
TJK,2007,16.82249069213867,TJK,Asia,total
TJK,2008,17.2426700592041,TJK,Asia,total
TJK,2009,17.35973930358887,TJK,Asia,total
TJK,2010,15.49219989776611,TJK,Asia,total
TJK,2011,16.20780944824219,TJK,Asia,total
TJK,2012,16.24967956542969,TJK,Asia,total
TJK,2013,17.3689571897652,TJK,Asia,total
TJK,2014,17.79638391116646,TJK,Asia,total
TJK,2015,16.3986701965332,TJK,Asia,total
TJK,2016,17.03836344891204,TJK,Asia,total
TJK,2017,18.14115030542452,TJK,Asia,total
TJK,2018,15.88862268984674,TJK,Asia,total
TJK,2019,18.22823856874412,TJK,Asia,total
TJK,2020,17.29742307954632,TJK,Asia,total
TJK,2021,15.04331613819054,TJK,Asia,total
TJK,2022,18.3473626996201,TJK,Asia,total
TJK,2023,17.22547497292963,TJK,Asia,total
TJK,2024,19.25516240406395,TJK,Asia,total
TKM,2012,20.79550933837891,TKM,Asia,total
TKM,2019,23.01025009155273,TKM,Asia,total
TKM,2020,27.99839973449707,TKM,Asia,total
TKM,2021,29.08345031738281,TKM,Asia,total
TKM,2022,28.68071937561035,TKM,Asia,total
TKM,2023,19.10349082946777,TKM,Asia,total
TKM,2024,27.62454986572266,TKM,Asia,total
TLS,2008,7.090539932250977,TLS,Asia,total
TLS,2009,10.58611965179443,TLS,Asia,total
TLS,2010,9.154210090637209,TLS,Asia,total
TLS,2011,7.650899887084961,TLS,Asia,total
TLS,2012,5.537690162658691,TLS,Asia,total
TLS,2013,5.893179893493652,TLS,Asia,total
TLS,2014,6.772870063781738,TLS,Asia,total
TLS,2015,8.636969566345215,TLS,Asia,total
TLS,2016,7.246910095214844,TLS,Asia,total
TLS,2017,8.217690467834473,TLS,Asia,total
TLS,2018,8.005629539489746,TLS,Asia,total
TLS,2019,6.869692216372372,TLS,Asia,total
TLS,2020,6.956637108994876,TLS,Asia,total
TLS,2021,7.470769802551831,TLS,Asia,total
TLS,2024,6.275140230587752,TLS,Asia,total
TON,2000,22.95586013793945,TON,Oceania,total
TON,2001,22.10918045043945,TON,Oceania,total
TON,2002,15.82658004760742,TON,Oceania,total
TON,2003,18.61911964416504,TON,Oceania,total
TON,2004,19.09716987609863,TON,Oceania,total
TON,2017,11.07814541206856,TON,Oceania,total
TON,2018,11.27844772078499,TON,Oceania,total
TON,2019,12.99594240349265,TON,Oceania,total
TON,2020,10.73154864869994,TON,Oceania,total
TON,2021,10.1174321653832,TON,Oceania,total
TON,2022,9.76537216828479,TON,Oceania,total
TON,2023,8.442249580302184,TON,Oceania,total
TON,2024,9.32964222353637,TON,Oceania,total
TTO,2000,11.73112010955811,TTO,North America,total
TTO,2001,12.16543006896973,TTO,North America,total
TTO,2002,14.28520965576172,TTO,North America,total
TTO,2003,13.91007041931152,TTO,North America,total
TTO,2010,12.90331022029134,TTO,North America,total
TTO,2011,11.1150541951613,TTO,North America,total
TTO,2012,11.27329497083383,TTO,North America,total
TTO,2013,11.73038445827487,TTO,North America,total
TTO,2014,10.50938763190676,TTO,North America,total
TTO,2015,12.30704474869261,TTO,North America,total
TTO,2016,11.7850028841985,TTO,North America,total
TTO,2017,9.88690577318633,TTO,North America,total
TTO,2018,10.65227805216344,TTO,North America,total
TTO,2019,10.45610419572353,TTO,North America,total
TTO,2020,11.71627044677734,TTO,North America,total
TTO,2021,10.02651977539063,TTO,North America,total
TTO,2022,10.40559005737305,TTO,North America,total
TTO,2023,9.826899528503418,TTO,North America,total
TTO,2024,9.146889324895392,TTO,North America,total
TUN,2000,24.5917797088623,TUN,Africa,total
TUN,2001,24.64776039123535,TUN,Africa,total
TUN,2002,22.88013076782227,TUN,Africa,total
TUN,2003,27.68428993225098,TUN,Africa,total
TUN,2004,27.83381080627441,TUN,Africa,total
TUN,2005,26.6956901550293,TUN,Africa,total
TUN,2006,26.86130905151367,TUN,Africa,total
TUN,2007,26.42863082885742,TUN,Africa,total
TUN,2008,25.25867080688477,TUN,Africa,total
TUN,2009,25.26201057434082,TUN,Africa,total
TUN,2010,24.84683036804199,TUN,Africa,total
TUN,2012,20.99101066589355,TUN,Africa,total
TUN,2015,22.66534042358398,TUN,Africa,total
TUN,2019,17.64667720415611,TUN,Africa,total
TUN,2020,20.81347541533815,TUN,Africa,total
TUN,2021,19.75151556248728,TUN,Africa,total
TUN,2022,19.97026247720816,TUN,Africa,total
TUN,2023,18.10789713042393,TUN,Africa,total
TUN,2024,17.80989549368782,TUN,Africa,total
TUR,2011,12.86585998535156,TUR,Asia,total
TUR,2012,12.85289001464844,TUR,Asia,total
TUR,2013,12.89196968078613,TUR,Asia,total
TUR,2014,13.52735042572021,TUR,Asia,total
TUR,2015,13.26185035705566,TUR,Asia,total
TUR,2016,13.69145965576172,TUR,Asia,total
TUR,2017,13.25858020782471,TUR,Asia,total
TUR,2018,12.53085994720459,TUR,Asia,total
TUR,2019,12.52369976043701,TUR,Asia,total
TUR,2020,11.63362979888916,TUR,Asia,total
TUR,2021,11.30918025970459,TUR,Asia,total
TUR,2022,11.32629013061523,TUR,Asia,total
TUV,2020,11.00385063402681,TUV,Oceania,total
TUV,2021,13.270222607687,TUV,Oceania,total
TUV,2022,12.92737622565877,TUV,Oceania,total
TUV,2023,11.3604097366333,TUV,Oceania,total
TUV,2024,16.9789718325253,TUV,Oceania,total
TZA,2004,19.49263954162598,TZA,Africa,total
TZA,2005,18.14314079284668,TZA,Africa,total
TZA,2006,15.01506996154785,TZA,Africa,total
TZA,2007,19.4492301940918,TZA,Africa,total
TZA,2008,18.94046974182129,TZA,Africa,total
TZA,2009,17.68234062194824,TZA,Africa,total
TZA,2010,19.8020191192627,TZA,Africa,total
TZA,2011,17.61824331453819,TZA,Africa,total
TZA,2012,16.87873519645095,TZA,Africa,total
TZA,2013,19.11519213018508,TZA,Africa,total
TZA,2014,17.29710006713867,TZA,Africa,total
TZA,2015,17.63455049746813,TZA,Africa,total
TZA,2016,17.20423195750261,TZA,Africa,total
TZA,2017,24.39653968811035,TZA,Africa,total
TZA,2018,20.50494003295898,TZA,Africa,total
TZA,2019,14.2921084679586,TZA,Africa,total
TZA,2020,13.62855799097489,TZA,Africa,total
TZA,2021,13.53700810698688,TZA,Africa,total
TZA,2022,14.33210929641049,TZA,Africa,total
TZA,2023,13.70423764362136,TZA,Africa,total
TZA,2024,13.40809811638705,TZA,Africa,total
UGA,2000,10.3548698425293,UGA,Africa,total
UGA,2004,20.30834007263184,UGA,Africa,total
UGA,2010,10.10488986968994,UGA,Africa,total
UGA,2011,13.61137008666992,UGA,Africa,total
UGA,2012,11.45189952850342,UGA,Africa,total
UGA,2013,11.74312019348145,UGA,Africa,total
UGA,2014,11.70491027832031,UGA,Africa,total
UGA,2015,13.22008037567139,UGA,Africa,total
UGA,2016,12.46916961669922,UGA,Africa,total
UGA,2017,12.19733047485352,UGA,Africa,total
UGA,2018,11.25364971160889,UGA,Africa,total
UGA,2019,8.89710752279272,UGA,Africa,total
UGA,2020,8.528804654958815,UGA,Africa,total
UGA,2021,8.21456053372555,UGA,Africa,total
UGA,2022,8.482364332061273,UGA,Africa,total
UKR,2000,11.35896968841553,UKR,Europe,total
UKR,2001,12.81095027923584,UKR,Europe,total
UKR,2002,14.36096000671387,UKR,Europe,total
UKR,2003,14.41952037811279,UKR,Europe,total
UKR,2004,12.7817497253418,UKR,Europe,total
UKR,2005,13.73865032196045,UKR,Europe,total
UKR,2006,13.92323017120361,UKR,Europe,total
UKR,2007,14.03619003295898,UKR,Europe,total
UKR,2008,13.55782985687256,UKR,Europe,total
UKR,2009,15.05482006072998,UKR,Europe,total
UKR,2011,13.48431968688965,UKR,Europe,total
UKR,2012,13.66551971435547,UKR,Europe,total
UKR,2013,13.86763954162598,UKR,Europe,total
UKR,2014,13.12135028839111,UKR,Europe,total
UKR,2015,12.4049319402434,UKR,Europe,total
UKR,2016,12.28328990936279,UKR,Europe,total
UKR,2017,12.99993991851807,UKR,Europe,total
UKR,2018,12.69019985198975,UKR,Europe,total
UKR,2019,13.11063003540039,UKR,Europe,total
UKR,2020,11.80327987670898,UKR,Europe,total
UKR,2021,12.69548988342285,UKR,Europe,total
URY,2000,8.359169960021973,URY,South America,total
URY,2001,9.22963047027588,URY,South America,total
URY,2002,7.71265983581543,URY,South America,total
URY,2003,6.836269855499268,URY,South America,total
URY,2004,8.60923957824707,URY,South America,total
URY,2005,9.470970153808594,URY,South America,total
URY,2006,9.84121036529541,URY,South America,total
URY,2011,15.16254997253418,URY,South America,total
URY,2012,17.67792781931658,URY,South America,total
URY,2013,14.37047004699707,URY,South America,total
URY,2014,14.44427013397217,URY,South America,total
URY,2015,14.72430038452148,URY,South America,total
URY,2016,14.71014022827148,URY,South America,total
URY,2017,14.86126041412354,URY,South America,total
URY,2018,15.17232990264893,URY,South America,total
URY,2019,15.1325101852417,URY,South America,total
URY,2020,13.88360977172852,URY,South America,total
URY,2021,14.76788997650146,URY,South America,total
URY,2022,14.93362998962402,URY,South America,total
URY,2023,15.60958003997803,URY,South America,total
USA,2015,13.54664993286133,USA,North America,total
USA,2016,13.17061042785645,USA,North America,total
USA,2017,13.8754997253418,USA,North America,total
USA,2018,13.14741039276123,USA,North America,total
USA,2019,13.27268981933594,USA,North America,total
USA,2020,12.1569995880127,USA,North America,total
USA,2021,11.29265975952148,USA,North America,total
UZB,2013,22.7609691619873,UZB,Asia,total
UZB,2014,22.97685050964355,UZB,Asia,total
UZB,2015,22.36525917053223,UZB,Asia,total
UZB,2016,23.09033012390137,UZB,Asia,total
UZB,2017,22.53945922851563,UZB,Asia,total
UZB,2018,25.87523091799072,UZB,Asia,total
UZB,2019,28.41832847917145,UZB,Asia,total
UZB,2020,17.06019020080566,UZB,Asia,total
UZB,2021,15.07530975341797,UZB,Asia,total
UZB,2022,21.85101834454068,UZB,Asia,total
UZB,2023,22.64815662659952,UZB,Asia,total
UZB,2024,22.07464503820453,UZB,Asia,total
VCT,2000,30.78919982910156,VCT,North America,total
VCT,2002,28.70130920410156,VCT,North America,total
VCT,2003,31.47550964355469,VCT,North America,total
VCT,2005,22.59198951721191,VCT,North America,total
VCT,2007,20.03841018676758,VCT,North America,total
VCT,2009,17.33849906921387,VCT,North America,total
VCT,2010,15.48563003540039,VCT,North America,total
VCT,2015,17.2,VCT,North America,total
VCT,2016,20.14841079711914,VCT,North America,total
VCT,2017,20.19763946533203,VCT,North America,total
VCT,2018,19.8603401184082,VCT,North America,total
VCT,2020,13.0,VCT,North America,total
VCT,2022,15.2270812769575,VCT,North America,total
VCT,2023,12.8554647399902,VCT,North America,total
VCT,2024,12.62687748820431,VCT,North America,total
VEN,2023,0.0095300003886223,VEN,South America,total
VEN,2024,10.25429208655959,VEN,South America,total
VGB,2012,12.05877296564658,VGB,North America,total
VGB,2013,15.73427620009728,VGB,North America,total
VGB,2014,14.70944245282069,VGB,North America,total
VGB,2015,13.26398155301168,VGB,North America,total
VGB,2016,12.8649093973932,VGB,North America,total
VGB,2017,12.64089345012552,VGB,North America,total
VGB,2018,10.21799741849662,VGB,North America,total
VGB,2019,17.20144753593073,VGB,North America,total
VGB,2020,11.86371459312473,VGB,North America,total
VGB,2021,10.84606846878262,VGB,North America,total
VGB,2022,12.20016621925425,VGB,North America,total
VGB,2023,11.08530357499431,VGB,North America,total
VGB,2024,10.86002798172683,VGB,North America,total
VNM,2008,18.00123977661133,VNM,Asia,total
VNM,2009,15.18871021270752,VNM,Asia,total
VNM,2010,17.05666923522949,VNM,Asia,total
VNM,2011,17.81126976013184,VNM,Asia,total
VNM,2012,18.78499031066895,VNM,Asia,total
VNM,2013,18.51551055908203,VNM,Asia,total
VNM,2014,16.81228974657813,VNM,Asia,total
VNM,2015,15.0167530601057,VNM,Asia,total
VNM,2016,15.60490036010742,VNM,Asia,total
VNM,2017,15.47429664576261,VNM,Asia,total
VNM,2018,16.09086990356445,VNM,Asia,total
VNM,2019,15.57194904947498,VNM,Asia,total
VNM,2020,14.47188120473168,VNM,Asia,total
VNM,2021,14.81748666271488,VNM,Asia,total
VNM,2022,15.44934439089992,VNM,Asia,total
VUT,2000,27.52419090270996,VUT,Oceania,total
VUT,2001,40.07754898071289,VUT,Oceania,total
VUT,2002,36.40961837768555,VUT,Oceania,total
VUT,2003,44.80179977416992,VUT,Oceania,total
VUT,2008,21.40563011169434,VUT,Oceania,total
VUT,2009,18.7231502532959,VUT,Oceania,total
VUT,2014,22.19061088562012,VUT,Oceania,total
VUT,2015,12.70670032501221,VUT,Oceania,total
VUT,2016,12.4892469656623,VUT,Oceania,total
VUT,2017,12.20798015594482,VUT,Oceania,total
VUT,2018,20.13215140933384,VUT,Oceania,total
VUT,2019,4.455299854278564,VUT,Oceania,total
VUT,2020,5.011050224304199,VUT,Oceania,total
VUT,2021,20.00745061838172,VUT,Oceania,total
VUT,2022,20.93909991250744,VUT,Oceania,total
VUT,2023,18.40105056762695,VUT,Oceania,total
VUT,2024,19.30835914611816,VUT,Oceania,total
WB: East Asia & Pacific (excluding high income),2000,15.67009544372559,WB: East Asia & Pacific (excluding high income),,total
WB: East Asia & Pacific (excluding high income),2001,13.91590976715088,WB: East Asia & Pacific (excluding high income),,total
WB: East Asia & Pacific (excluding high income),2002,15.03843021392822,WB: East Asia & Pacific (excluding high income),,total
WB: East Asia & Pacific (excluding high income),2008,14.44198989868164,WB: East Asia & Pacific (excluding high income),,total
WB: East Asia & Pacific (excluding high income),2009,15.85361957550049,WB: East Asia & Pacific (excluding high income),,total
WB: East Asia & Pacific (excluding high income),2010,15.28237915039063,WB: East Asia & Pacific (excluding high income),,total
WB: East Asia & Pacific (excluding high income),2011,13.32470893859863,WB: East Asia & Pacific (excluding high income),,total
WB: East Asia & Pacific (excluding high income),2012,17.7605037689209,WB: East Asia & Pacific (excluding high income),,total
WB: East Asia & Pacific (excluding high income),2013,17.8482608795166,WB: East Asia & Pacific (excluding high income),,total
WB: East Asia & Pacific (excluding high income),2014,16.81229019165039,WB: East Asia & Pacific (excluding high income),,total
WB: East Asia & Pacific (excluding high income),2015,15.08114242553711,WB: East Asia & Pacific (excluding high income),,total
WB: East Asia & Pacific (excluding high income),2016,14.46900177001953,WB: East Asia & Pacific (excluding high income),,total
WB: East Asia & Pacific (excluding high income),2017,14.75090599060059,WB: East Asia & Pacific (excluding high income),,total
WB: East Asia & Pacific (excluding high income),2018,14.96369934082031,WB: East Asia & Pacific (excluding high income),,total
WB: East Asia & Pacific (excluding high income),2019,14.2345085144043,WB: East Asia & Pacific (excluding high income),,total
WB: East Asia & Pacific (excluding high income),2020,12.81194877624512,WB: East Asia & Pacific (excluding high income),,total
WB: East Asia & Pacific (excluding high income),2021,13.55910778045654,WB: East Asia & Pacific (excluding high income),,total
WB: East Asia & Pacific (excluding high income),2022,12.92737579345703,WB: East Asia & Pacific (excluding high income),,total
WB: East Asia & Pacific (excluding high income),2023,12.87827110290527,WB: East Asia & Pacific (excluding high income),,total
WB: East Asia & Pacific (excluding high income),2024,13.38375186920166,WB: East Asia & Pacific (excluding high income),,total
WB: Europe & Central Asia (excluding high income),2000,11.48513507843018,WB: Europe & Central Asia (excluding high income),,total
WB: Europe & Central Asia (excluding high income),2001,12.58645534515381,WB: Europe & Central Asia (excluding high income),,total
WB: Europe & Central Asia (excluding high income),2002,13.6307201385498,WB: Europe & Central Asia (excluding high income),,total
WB: Europe & Central Asia (excluding high income),2003,12.70823955535889,WB: Europe & Central Asia (excluding high income),,total
WB: Europe & Central Asia (excluding high income),2004,12.7817497253418,WB: Europe & Central Asia (excluding high income),,total
WB: Europe & Central Asia (excluding high income),2005,13.2231502532959,WB: Europe & Central Asia (excluding high income),,total
WB: Europe & Central Asia (excluding high income),2006,13.26669979095459,WB: Europe & Central Asia (excluding high income),,total
WB: Europe & Central Asia (excluding high income),2007,11.56083011627197,WB: Europe & Central Asia (excluding high income),,total
WB: Europe & Central Asia (excluding high income),2008,12.36750984191895,WB: Europe & Central Asia (excluding high income),,total
WB: Europe & Central Asia (excluding high income),2009,12.10904502868652,WB: Europe & Central Asia (excluding high income),,total
WB: Europe & Central Asia (excluding high income),2010,12.08931922912598,WB: Europe & Central Asia (excluding high income),,total
WB: Europe & Central Asia (excluding high income),2011,12.59333992004395,WB: Europe & Central Asia (excluding high income),,total
WB: Europe & Central Asia (excluding high income),2012,12.8025951385498,WB: Europe & Central Asia (excluding high income),,total
WB: Europe & Central Asia (excluding high income),2013,12.89196968078613,WB: Europe & Central Asia (excluding high income),,total
WB: Europe & Central Asia (excluding high income),2014,13.12135028839111,WB: Europe & Central Asia (excluding high income),,total
WB: Europe & Central Asia (excluding high income),2015,12.193039894104,WB: Europe & Central Asia (excluding high income),,total
WB: Europe & Central Asia (excluding high income),2016,13.1315803527832,WB: Europe & Central Asia (excluding high income),,total
WB: Europe & Central Asia (excluding high income),2017,12.66928482055664,WB: Europe & Central Asia (excluding high income),,total
WB: Europe & Central Asia (excluding high income),2018,12.73520469665527,WB: Europe & Central Asia (excluding high income),,total
WB: Europe & Central Asia (excluding high income),2019,13.34432029724121,WB: Europe & Central Asia (excluding high income),,total
WB: Europe & Central Asia (excluding high income),2020,11.71845436096191,WB: Europe & Central Asia (excluding high income),,total
WB: Europe & Central Asia (excluding high income),2021,12.1101245880127,WB: Europe & Central Asia (excluding high income),,total
WB: Europe & Central Asia (excluding high income),2022,12.43640995025635,WB: Europe & Central Asia (excluding high income),,total
WB: Europe & Central Asia (excluding high income),2023,12.38661003112793,WB: Europe & Central Asia (excluding high income),,total
WB: Europe & Central Asia (excluding high income),2024,12.27430725097656,WB: Europe & Central Asia (excluding high income),,total
WB: High income (July 2025),2000,12.89867973327637,WB: High income (July 2025),,total
WB: High income (July 2025),2001,12.63444995880127,WB: High income (July 2025),,total
WB: High income (July 2025),2002,12.01115989685059,WB: High income (July 2025),,total
WB: High income (July 2025),2003,12.1233549118042,WB: High income (July 2025),,total
WB: High income (July 2025),2004,12.13508033752441,WB: High income (July 2025),,total
WB: High income (July 2025),2005,12.17807006835938,WB: High income (July 2025),,total
WB: High income (July 2025),2006,12.45210456848145,WB: High income (July 2025),,total
WB: High income (July 2025),2007,12.23925495147705,WB: High income (July 2025),,total
WB: High income (July 2025),2008,12.10540008544922,WB: High income (July 2025),,total
WB: High income (July 2025),2009,12.26858997344971,WB: High income (July 2025),,total
WB: High income (July 2025),2010,11.95407485961914,WB: High income (July 2025),,total
WB: High income (July 2025),2011,11.97624588012695,WB: High income (July 2025),,total
WB: High income (July 2025),2012,11.86328983306885,WB: High income (July 2025),,total
WB: High income (July 2025),2013,12.19585037231445,WB: High income (July 2025),,total
WB: High income (July 2025),2014,12.10352420806885,WB: High income (July 2025),,total
WB: High income (July 2025),2015,12.68671035766602,WB: High income (July 2025),,total
WB: High income (July 2025),2016,12.15122032165527,WB: High income (July 2025),,total
WB: High income (July 2025),2017,12.14812469482422,WB: High income (July 2025),,total
WB: High income (July 2025),2018,12.08487033843994,WB: High income (July 2025),,total
WB: High income (July 2025),2019,12.54689025878906,WB: High income (July 2025),,total
WB: High income (July 2025),2020,11.86371421813965,WB: High income (July 2025),,total
WB: High income (July 2025),2021,11.35999011993408,WB: High income (July 2025),,total
WB: High income (July 2025),2022,11.87177467346191,WB: High income (July 2025),,total
WB: Latin America & Caribbean (excluding high income),2000,15.61225986480713,WB: Latin America & Caribbean (excluding high income),,total
WB: Latin America & Caribbean (excluding high income),2002,17.3737907409668,WB: Latin America & Caribbean (excluding high income),,total
WB: Latin America & Caribbean (excluding high income),2003,14.65830993652344,WB: Latin America & Caribbean (excluding high income),,total
WB: Latin America & Caribbean (excluding high income),2007,16.32427978515625,WB: Latin America & Caribbean (excluding high income),,total
WB: Latin America & Caribbean (excluding high income),2008,18.16251945495605,WB: Latin America & Caribbean (excluding high income),,total
WB: Latin America & Caribbean (excluding high income),2009,17.33849906921387,WB: Latin America & Caribbean (excluding high income),,total
WB: Latin America & Caribbean (excluding high income),2010,15.81840991973877,WB: Latin America & Caribbean (excluding high income),,total
WB: Latin America & Caribbean (excluding high income),2011,15.48563003540039,WB: Latin America & Caribbean (excluding high income),,total
WB: Latin America & Caribbean (excluding high income),2012,15.9822301864624,WB: Latin America & Caribbean (excluding high income),,total
WB: Latin America & Caribbean (excluding high income),2013,16.90599060058594,WB: Latin America & Caribbean (excluding high income),,total
WB: Latin America & Caribbean (excluding high income),2014,17.17888641357422,WB: Latin America & Caribbean (excluding high income),,total
WB: Latin America & Caribbean (excluding high income),2015,17.40769004821777,WB: Latin America & Caribbean (excluding high income),,total
WB: Latin America & Caribbean (excluding high income),2016,18.04682540893555,WB: Latin America & Caribbean (excluding high income),,total
WB: Latin America & Caribbean (excluding high income),2017,17.86581039428711,WB: Latin America & Caribbean (excluding high income),,total
WB: Latin America & Caribbean (excluding high income),2018,16.86501502990723,WB: Latin America & Caribbean (excluding high income),,total
WB: Latin America & Caribbean (excluding high income),2019,16.94591903686523,WB: Latin America & Caribbean (excluding high income),,total
WB: Latin America & Caribbean (excluding high income),2020,16.06155967712402,WB: Latin America & Caribbean (excluding high income),,total
WB: Latin America & Caribbean (excluding high income),2021,16.03678321838379,WB: Latin America & Caribbean (excluding high income),,total
WB: Latin America & Caribbean (excluding high income),2022,16.68558120727539,WB: Latin America & Caribbean (excluding high income),,total
WB: Latin America & Caribbean (excluding high income),2023,16.82571411132813,WB: Latin America & Caribbean (excluding high income),,total
WB: Latin America & Caribbean (excluding high income),2024,14.37760162353516,WB: Latin America & Caribbean (excluding high income),,total
WB: Low & middle income (July 2025),2000,15.20676040649414,WB: Low & middle income (July 2025),,total
WB: Low & middle income (July 2025),2001,14.79623031616211,WB: Low & middle income (July 2025),,total
WB: Low & middle income (July 2025),2002,15.20456504821777,WB: Low & middle income (July 2025),,total
WB: Low & middle income (July 2025),2003,15.38702964782715,WB: Low & middle income (July 2025),,total
WB: Low & middle income (July 2025),2004,15.40575504302979,WB: Low & middle income (July 2025),,total
WB: Low & middle income (July 2025),2005,15.66368961334229,WB: Low & middle income (July 2025),,total
WB: Low & middle income (July 2025),2006,15.66368961334229,WB: Low & middle income (July 2025),,total
WB: Low & middle income (July 2025),2007,16.41102600097656,WB: Low & middle income (July 2025),,total
WB: Low & middle income (July 2025),2008,16.06422996520996,WB: Low & middle income (July 2025),,total
WB: Low & middle income (July 2025),2009,15.89327526092529,WB: Low & middle income (July 2025),,total
WB: Low & middle income (July 2025),2010,15.49219989776611,WB: Low & middle income (July 2025),,total
WB: Low & middle income (July 2025),2011,15.01247406005859,WB: Low & middle income (July 2025),,total
WB: Low & middle income (July 2025),2012,15.17621994018555,WB: Low & middle income (July 2025),,total
WB: Low & middle income (July 2025),2013,15.53765964508057,WB: Low & middle income (July 2025),,total
WB: Low & middle income (July 2025),2014,15.7599458694458,WB: Low & middle income (July 2025),,total
WB: Low & middle income (July 2025),2015,15.11776638031006,WB: Low & middle income (July 2025),,total
WB: Low & middle income (July 2025),2016,15.53765964508057,WB: Low & middle income (July 2025),,total
WB: Low & middle income (July 2025),2017,15.47429656982422,WB: Low & middle income (July 2025),,total
WB: Low & middle income (July 2025),2018,15.58290004730225,WB: Low & middle income (July 2025),,total
WB: Low & middle income (July 2025),2019,14.34107971191406,WB: Low & middle income (July 2025),,total
WB: Low & middle income (July 2025),2020,14.42219543457031,WB: Low & middle income (July 2025),,total
WB: Low & middle income (July 2025),2021,14.73325538635254,WB: Low & middle income (July 2025),,total
WB: Low & middle income (July 2025),2022,14.12041282653809,WB: Low & middle income (July 2025),,total
WB: Low & middle income (July 2025),2023,14.10052013397217,WB: Low & middle income (July 2025),,total
WB: Low & middle income (July 2025),2024,13.84879398345947,WB: Low & middle income (July 2025),,total
WB: Low income (July 2025),2000,13.8761100769043,WB: Low income (July 2025),,total
WB: Low income (July 2025),2001,14.12430953979492,WB: Low income (July 2025),,total
WB: Low income (July 2025),2002,14.15603065490723,WB: Low income (July 2025),,total
WB: Low income (July 2025),2004,16.1877498626709,WB: Low income (July 2025),,total
WB: Low income (July 2025),2008,16.17733001708984,WB: Low income (July 2025),,total
WB: Low income (July 2025),2009,16.30168914794922,WB: Low income (July 2025),,total
WB: Low income (July 2025),2010,14.62670993804932,WB: Low income (July 2025),,total
WB: Low income (July 2025),2011,14.97929954528809,WB: Low income (July 2025),,total
WB: Low income (July 2025),2012,13.98278999328613,WB: Low income (July 2025),,total
WB: Low income (July 2025),2013,15.19999980926514,WB: Low income (July 2025),,total
WB: Low income (July 2025),2014,14.46592998504639,WB: Low income (July 2025),,total
WB: Low income (July 2025),2015,14.47116851806641,WB: Low income (July 2025),,total
WB: Low income (July 2025),2016,13.83599853515625,WB: Low income (July 2025),,total
WB: Low income (July 2025),2017,14.89277839660645,WB: Low income (July 2025),,total
WB: Low income (July 2025),2018,15.74536514282227,WB: Low income (July 2025),,total
WB: Low income (July 2025),2019,15.1955509185791,WB: Low income (July 2025),,total
WB: Low income (July 2025),2020,14.22372245788574,WB: Low income (July 2025),,total
WB: Low income (July 2025),2021,15.57702922821045,WB: Low income (July 2025),,total
WB: Low income (July 2025),2022,15.06859970092773,WB: Low income (July 2025),,total
WB: Low income (July 2025),2023,15.36944007873535,WB: Low income (July 2025),,total
WB: Lower middle income (July 2025),2000,15.23692035675049,WB: Lower middle income (July 2025),,total
WB: Lower middle income (July 2025),2001,14.94214057922363,WB: Lower middle income (July 2025),,total
WB: Lower middle income (July 2025),2002,15.26266002655029,WB: Lower middle income (July 2025),,total
WB: Lower middle income (July 2025),2003,15.30727958679199,WB: Lower middle income (July 2025),,total
WB: Lower middle income (July 2025),2004,15.87508010864258,WB: Lower middle income (July 2025),,total
WB: Lower middle income (July 2025),2005,15.789719581604,WB: Lower middle income (July 2025),,total
WB: Lower middle income (July 2025),2006,16.59155082702637,WB: Lower middle income (July 2025),,total
WB: Lower middle income (July 2025),2008,17.6434154510498,WB: Lower middle income (July 2025),,total
WB: Lower middle income (July 2025),2009,17.29528999328613,WB: Lower middle income (July 2025),,total
WB: Lower middle income (July 2025),2010,15.68130970001221,WB: Lower middle income (July 2025),,total
WB: Lower middle income (July 2025),2011,15.53779029846191,WB: Lower middle income (July 2025),,total
WB: Lower middle income (July 2025),2012,16.87873458862305,WB: Lower middle income (July 2025),,total
WB: Lower middle income (July 2025),2013,17.46791648864746,WB: Lower middle income (July 2025),,total
WB: Lower middle income (July 2025),2014,17.37561988830566,WB: Lower middle income (July 2025),,total
WB: Lower middle income (July 2025),2015,15.14553260803223,WB: Lower middle income (July 2025),,total
WB: Lower middle income (July 2025),2016,15.96667957305908,WB: Lower middle income (July 2025),,total
WB: Lower middle income (July 2025),2017,15.80976963043213,WB: Lower middle income (July 2025),,total
WB: Lower middle income (July 2025),2018,16.79590034484863,WB: Lower middle income (July 2025),,total
WB: Lower middle income (July 2025),2019,14.47414970397949,WB: Lower middle income (July 2025),,total
WB: Lower middle income (July 2025),2020,15.00512504577637,WB: Lower middle income (July 2025),,total
WB: Lower middle income (July 2025),2021,14.92459964752197,WB: Lower middle income (July 2025),,total
WB: Lower middle income (July 2025),2022,14.47414970397949,WB: Lower middle income (July 2025),,total
WB: Lower middle income (July 2025),2023,14.47414970397949,WB: Lower middle income (July 2025),,total
WB: Lower middle income (July 2025),2024,14.72915267944336,WB: Lower middle income (July 2025),,total
WB: Middle East & North Africa (excluding high income),2001,20.04311370849609,WB: Middle East & North Africa (excluding high income),,total
WB: Middle East & North Africa (excluding high income),2004,17.14539909362793,WB: Middle East & North Africa (excluding high income),,total
WB: Middle East & North Africa (excluding high income),2006,19.45677947998047,WB: Middle East & North Africa (excluding high income),,total
WB: Middle East & North Africa (excluding high income),2007,18.92593002319336,WB: Middle East & North Africa (excluding high income),,total
WB: Middle East & North Africa (excluding high income),2008,14.09696006774902,WB: Middle East & North Africa (excluding high income),,total
WB: Middle East & North Africa (excluding high income),2010,14.78318405151367,WB: Middle East & North Africa (excluding high income),,total
WB: Middle East & North Africa (excluding high income),2012,12.4088191986084,WB: Middle East & North Africa (excluding high income),,total
WB: Middle East & North Africa (excluding high income),2015,13.17900466918945,WB: Middle East & North Africa (excluding high income),,total
WB: Middle East & North Africa (excluding high income),2016,15.63531684875488,WB: Middle East & North Africa (excluding high income),,total
WB: Middle East & North Africa (excluding high income),2017,15.65254974365234,WB: Middle East & North Africa (excluding high income),,total
WB: Middle East & North Africa (excluding high income),2018,15.04694366455078,WB: Middle East & North Africa (excluding high income),,total
WB: Middle East & North Africa (excluding high income),2019,15.06776428222656,WB: Middle East & North Africa (excluding high income),,total
WB: Middle East & North Africa (excluding high income),2020,15.06776428222656,WB: Middle East & North Africa (excluding high income),,total
WB: Middle East & North Africa (excluding high income),2022,13.78782844543457,WB: Middle East & North Africa (excluding high income),,total
WB: Middle income (July 2025),2000,15.23692035675049,WB: Middle income (July 2025),,total
WB: Middle income (July 2025),2001,15.31058025360107,WB: Middle income (July 2025),,total
WB: Middle income (July 2025),2002,15.40015983581543,WB: Middle income (July 2025),,total
WB: Middle income (July 2025),2003,15.38702964782715,WB: Middle income (July 2025),,total
WB: Middle income (July 2025),2004,15.273850440979,WB: Middle income (July 2025),,total
WB: Middle income (July 2025),2005,15.43869495391846,WB: Middle income (July 2025),,total
WB: Middle income (July 2025),2006,15.52375030517578,WB: Middle income (July 2025),,total
WB: Middle income (July 2025),2007,15.96985530853271,WB: Middle income (July 2025),,total
WB: Middle income (July 2025),2008,15.90603446960449,WB: Middle income (July 2025),,total
WB: Middle income (July 2025),2009,15.85361957550049,WB: Middle income (July 2025),,total
WB: Middle income (July 2025),2010,15.49219989776611,WB: Middle income (July 2025),,total
WB: Middle income (July 2025),2011,15.15328025817871,WB: Middle income (July 2025),,total
WB: Middle income (July 2025),2012,15.64138984680176,WB: Middle income (July 2025),,total
WB: Middle income (July 2025),2013,15.87883949279785,WB: Middle income (July 2025),,total
WB: Middle income (July 2025),2014,16.17557525634766,WB: Middle income (July 2025),,total
WB: Middle income (July 2025),2015,15.40061378479004,WB: Middle income (July 2025),,total
WB: Middle income (July 2025),2016,15.72150039672852,WB: Middle income (July 2025),,total
WB: Middle income (July 2025),2017,15.53765964508057,WB: Middle income (July 2025),,total
WB: Middle income (July 2025),2018,15.53765964508057,WB: Middle income (July 2025),,total
WB: Middle income (July 2025),2019,14.2921085357666,WB: Middle income (July 2025),,total
WB: Middle income (July 2025),2020,14.46150207519531,WB: Middle income (July 2025),,total
WB: Middle income (July 2025),2021,14.47086811065674,WB: Middle income (July 2025),,total
WB: Middle income (July 2025),2022,13.94436454772949,WB: Middle income (July 2025),,total
WB: Middle income (July 2025),2023,13.70423793792725,WB: Middle income (July 2025),,total
WB: Middle income (July 2025),2024,13.83037662506104,WB: Middle income (July 2025),,total
WB: Sub-Saharan Africa (excluding high income),2000,15.07232475280762,WB: Sub-Saharan Africa (excluding high income),,total
WB: Sub-Saharan Africa (excluding high income),2001,15.31058025360107,WB: Sub-Saharan Africa (excluding high income),,total
WB: Sub-Saharan Africa (excluding high income),2002,15.73330974578857,WB: Sub-Saharan Africa (excluding high income),,total
WB: Sub-Saharan Africa (excluding high income),2003,16.11750984191895,WB: Sub-Saharan Africa (excluding high income),,total
WB: Sub-Saharan Africa (excluding high income),2004,17.14999961853027,WB: Sub-Saharan Africa (excluding high income),,total
WB: Sub-Saharan Africa (excluding high income),2005,17.67807960510254,WB: Sub-Saharan Africa (excluding high income),,total
WB: Sub-Saharan Africa (excluding high income),2006,16.88376998901367,WB: Sub-Saharan Africa (excluding high income),,total
WB: Sub-Saharan Africa (excluding high income),2008,17.88506317138672,WB: Sub-Saharan Africa (excluding high income),,total
WB: Sub-Saharan Africa (excluding high income),2009,17.78515434265137,WB: Sub-Saharan Africa (excluding high income),,total
WB: Sub-Saharan Africa (excluding high income),2010,17.54805946350098,WB: Sub-Saharan Africa (excluding high income),,total
WB: Sub-Saharan Africa (excluding high income),2011,15.13580513000488,WB: Sub-Saharan Africa (excluding high income),,total
WB: Sub-Saharan Africa (excluding high income),2012,15.8953800201416,WB: Sub-Saharan Africa (excluding high income),,total
WB: Sub-Saharan Africa (excluding high income),2013,16.17480087280273,WB: Sub-Saharan Africa (excluding high income),,total
WB: Sub-Saharan Africa (excluding high income),2014,16.59646987915039,WB: Sub-Saharan Africa (excluding high income),,total
WB: Sub-Saharan Africa (excluding high income),2015,16.20150947570801,WB: Sub-Saharan Africa (excluding high income),,total
WB: Sub-Saharan Africa (excluding high income),2016,15.74744033813477,WB: Sub-Saharan Africa (excluding high income),,total
WB: Sub-Saharan Africa (excluding high income),2017,16.27706527709961,WB: Sub-Saharan Africa (excluding high income),,total
WB: Sub-Saharan Africa (excluding high income),2018,16.64435577392578,WB: Sub-Saharan Africa (excluding high income),,total
WB: Sub-Saharan Africa (excluding high income),2019,14.92341041564941,WB: Sub-Saharan Africa (excluding high income),,total
WB: Sub-Saharan Africa (excluding high income),2020,15.39465522766113,WB: Sub-Saharan Africa (excluding high income),,total
WB: Sub-Saharan Africa (excluding high income),2021,15.3480167388916,WB: Sub-Saharan Africa (excluding high income),,total
WB: Sub-Saharan Africa (excluding high income),2022,15.25048637390137,WB: Sub-Saharan Africa (excluding high income),,total
WB: Sub-Saharan Africa (excluding high income),2023,14.92412185668945,WB: Sub-Saharan Africa (excluding high income),,total
WB: Sub-Saharan Africa (excluding high income),2024,14.9163122177124,WB: Sub-Saharan Africa (excluding high income),,total
WB: Upper middle income (July 2025),2000,15.25037002563477,WB: Upper middle income (July 2025),,total
WB: Upper middle income (July 2025),2001,16.35596084594727,WB: Upper middle income (July 2025),,total
WB: Upper middle income (July 2025),2002,15.82658004760742,WB: Upper middle income (July 2025),,total
WB: Upper middle income (July 2025),2003,15.72367477416992,WB: Upper middle income (July 2025),,total
WB: Upper middle income (July 2025),2004,15.09016990661621,WB: Upper middle income (July 2025),,total
WB: Upper middle income (July 2025),2005,15.18210983276367,WB: Upper middle income (July 2025),,total
WB: Upper middle income (July 2025),2007,15.10157012939453,WB: Upper middle income (July 2025),,total
WB: Upper middle income (July 2025),2008,15.06282997131348,WB: Upper middle income (July 2025),,total
WB: Upper middle income (July 2025),2009,15.87008476257324,WB: Upper middle income (July 2025),,total
WB: Upper middle income (July 2025),2010,15.27022552490234,WB: Upper middle income (July 2025),,total
WB: Upper middle income (July 2025),2011,15.15328025817871,WB: Upper middle income (July 2025),,total
WB: Upper middle income (July 2025),2012,14.96061992645264,WB: Upper middle income (July 2025),,total
WB: Upper middle income (July 2025),2013,15.22194004058838,WB: Upper middle income (July 2025),,total
WB: Upper middle income (July 2025),2014,16.08365058898926,WB: Upper middle income (July 2025),,total
WB: Upper middle income (July 2025),2015,16.08455467224121,WB: Upper middle income (July 2025),,total
WB: Upper middle income (July 2025),2016,15.05372619628906,WB: Upper middle income (July 2025),,total
WB: Upper middle income (July 2025),2017,14.71901893615723,WB: Upper middle income (July 2025),,total
WB: Upper middle income (July 2025),2018,14.46067333221436,WB: Upper middle income (July 2025),,total
WB: Upper middle income (July 2025),2019,14.09200382232666,WB: Upper middle income (July 2025),,total
WB: Upper middle income (July 2025),2020,13.94234561920166,WB: Upper middle income (July 2025),,total
WB: Upper middle income (July 2025),2021,13.61616039276123,WB: Upper middle income (July 2025),,total
WB: Upper middle income (July 2025),2022,13.10150623321533,WB: Upper middle income (July 2025),,total
WB: Upper middle income (July 2025),2023,13.0789852142334,WB: Upper middle income (July 2025),,total
WB: Upper middle income (July 2025),2024,13.31640815734863,WB: Upper middle income (July 2025),,total
WSM,2000,10.46129989624023,WSM,Oceania,total
WSM,2001,12.77033042907715,WSM,Oceania,total
WSM,2002,12.79380035400391,WSM,Oceania,total
WSM,2008,16.06422996520996,WSM,Oceania,total
WSM,2010,8.817218542851569,WSM,Oceania,total
WSM,2011,11.03494443700629,WSM,Oceania,total
WSM,2012,12.16064931430171,WSM,Oceania,total
WSM,2013,14.65286453685526,WSM,Oceania,total
WSM,2014,15.01105645050883,WSM,Oceania,total
WSM,2015,14.69388782500543,WSM,Oceania,total
WSM,2016,13.03890037536621,WSM,Oceania,total
WSM,2017,15.16972796096324,WSM,Oceania,total
WSM,2018,14.95538266968449,WSM,Oceania,total
WSM,2019,13.43494376785901,WSM,Oceania,total
WSM,2020,12.81194919965289,WSM,Oceania,total
WSM,2021,15.36419003988169,WSM,Oceania,total
WSM,2022,13.60028784624415,WSM,Oceania,total
WSM,2023,13.74215778569854,WSM,Oceania,total
WSM,2024,12.87100790475802,WSM,Oceania,total
YEM,2000,30.48928070068359,YEM,Asia,total
YEM,2001,30.32127952575684,YEM,Asia,total
YEM,2008,12.48923969268799,YEM,Asia,total
ZAF,2000,0.0,ZAF,Africa,total
ZAF,2001,20.47204971313477,ZAF,Africa,total
ZAF,2002,20.09569931030273,ZAF,Africa,total
ZAF,2003,19.59230041503906,ZAF,Africa,total
ZAF,2004,19.93462944030762,ZAF,Africa,total
ZAF,2005,19.92498970031738,ZAF,Africa,total
ZAF,2006,18.00498962402344,ZAF,Africa,total
ZAF,2007,18.02706909179688,ZAF,Africa,total
ZAF,2008,17.90630912780762,ZAF,Africa,total
ZAF,2009,18.30625915527344,ZAF,Africa,total
ZAF,2010,18.04437065124512,ZAF,Africa,total
ZAF,2011,18.66229057312012,ZAF,Africa,total
ZAF,2012,19.66995048522949,ZAF,Africa,total
ZAF,2013,18.69659996032715,ZAF,Africa,total
ZAF,2014,18.98916053771973,ZAF,Africa,total
ZAF,2015,18.69935035705566,ZAF,Africa,total
ZAF,2016,18.04874038696289,ZAF,Africa,total
ZAF,2017,18.71928977966309,ZAF,Africa,total
ZAF,2018,18.90159034729004,ZAF,Africa,total
ZAF,2019,19.60577011108398,ZAF,Africa,total
ZAF,2020,19.65570068359375,ZAF,Africa,total
ZAF,2021,18.93695068359375,ZAF,Africa,total
ZAF,2022,18.89266014099121,ZAF,Africa,total
ZAF,2023,19.17062950134277,ZAF,Africa,total
ZAF,2024,18.51523017883301,ZAF,Africa,total
ZMB,2000,8.352620124816895,ZMB,Africa,total
ZMB,2004,10.58498954772949,ZMB,Africa,total
ZMB,2005,7.729730129241943,ZMB,Africa,total
ZMB,2007,6.227910041809082,ZMB,Africa,total
ZMB,2008,5.651800155639648,ZMB,Africa,total
ZMB,2010,19.86445584945388,ZMB,Africa,total
ZMB,2011,18.64306095221401,ZMB,Africa,total
ZMB,2012,17.51196828674788,ZMB,Africa,total
ZMB,2013,17.46791588280217,ZMB,Africa,total
ZMB,2014,20.16540930603065,ZMB,Africa,total
ZMB,2015,16.72611045837402,ZMB,Africa,total
ZMB,2016,15.66361999511719,ZMB,Africa,total
ZMB,2017,14.93433952331543,ZMB,Africa,total
ZMB,2018,17.09090042114258,ZMB,Africa,total
ZMB,2019,15.29186540319494,ZMB,Africa,total
ZMB,2020,12.37802473730647,ZMB,Africa,total
ZMB,2021,11.51413827885303,ZMB,Africa,total
ZMB,2023,13.85877500801112,ZMB,Africa,total
ZMB,2024,15.3772099653715,ZMB,Africa,total
ZWE,2010,8.536724931129475,ZWE,Africa,total
ZWE,2012,29.75108820160366,ZWE,Africa,total
ZWE,2013,28.66034051076615,ZWE,Africa,total
ZWE,2014,30.01514923501379,ZWE,Africa,total
ZWE,2015,29.47082989585527,ZWE,Africa,total
ZWE,2016,23.5270848466941,ZWE,Africa,total
ZWE,2017,19.69122878131862,ZWE,Africa,total
ZWE,2018,19.15878462692604,ZWE,Africa,total
ZWE,2019,10.46358868354785,ZWE,Africa,total
ZWE,2020,15.66661086388859,ZWE,Africa,total
ZWE,2023,10.68896230055768,ZWE,Africa,total
ZWE,2024,16.32033510430204,ZWE,Africa,total
