iso3,country,region,year,indicator,value
AFG,Afghanistan,Central and Southern Asia,2023,child_labor,13.3
DZA,Algeria,Sub-Saharan Africa,2019,child_labor,1.9
AGO,Angola,Sub-Saharan Africa,2016,child_labor,9.7
ARG,Argentina,Latin America and the Caribbean,2017,child_labor,1.8
ARM,Armenia,Central and Southern Asia,2015,child_labor,3.9
AZE,Azerbaijan,Central and Southern Asia,2023,child_labor,4.8
BGD,Bangladesh,Central and Southern Asia,2022,child_labor,7.0
BLR,Belarus,Europe and Northern America,2019,child_labor,4.0
BLZ,Belize,Europe and Northern America,2013,child_labor,2.2
BEN,Benin,Sub-Saharan Africa,2022,child_labor,16.0
BRA,Brazil,Latin America and the Caribbean,2022,child_labor,1.5
BFA,Burkina Faso,Sub-Saharan Africa,2022,child_labor,18.4
BDI,Burundi,Sub-Saharan Africa,2020,child_labor,53.5
KHM,Cambodia,Central and Southern Asia,2021,child_labor,10.4
CMR,Cameroon,Sub-Saharan Africa,2014,child_labor,33.4
CAF,Central African Republic,Sub-Saharan Africa,2019,child_labor,18.4
UNSDG_CSA,Central and Southern Asia (UN SDG),,2024,child_labor,3.38
TCD,Chad,Sub-Saharan Africa,2019,child_labor,30.9
CHL,Chile,Latin America and the Caribbean,2023,child_labor,4.1
COL,Colombia,Latin America and the Caribbean,2022,child_labor,1.3
COM,Comoros,Sub-Saharan Africa,2022,child_labor,5.8
COG,Congo,Sub-Saharan Africa,2015,child_labor,10.8
CRI,Costa Rica,Europe and Northern America,2018,child_labor,3.4
CIV,Cote d'Ivoire,Sub-Saharan Africa,2022,child_labor,12.8
COD,Democratic Republic of Congo,Sub-Saharan Africa,2020,child_labor,14.7
DOM,Dominican Republic,Europe and Northern America,2019,child_labor,3.1
UNSDG_ESEA,Eastern and South-Eastern Asia (UN SDG),,2024,child_labor,3.07
ECU,Ecuador,Latin America and the Caribbean,2022,child_labor,3.4
EGY,Egypt,Sub-Saharan Africa,2023,child_labor,8.5
SLV,El Salvador,Europe and Northern America,2023,child_labor,2.9
SWZ,Eswatini,Sub-Saharan Africa,2022,child_labor,11.3
ETH,Ethiopia,Sub-Saharan Africa,2021,child_labor,18.7
UNSDG_ENA,Europe and Northern America (UN SDG),,2024,child_labor,0.79
FJI,Fiji,Oceania,2021,child_labor,15.6
GAB,Gabon,Sub-Saharan Africa,2021,child_labor,5.4
GMB,Gambia,Sub-Saharan Africa,2023,child_labor,15.1
GEO,Georgia,Central and Southern Asia,2015,child_labor,1.5
GHA,Ghana,Sub-Saharan Africa,2022,child_labor,5.5
GIN,Guinea,Sub-Saharan Africa,2016,child_labor,19.5
GNB,Guinea-Bissau,Sub-Saharan Africa,2022,child_labor,30.4
GUY,Guyana,Latin America and the Caribbean,2020,child_labor,4.9
HND,Honduras,Europe and Northern America,2023,child_labor,12.9
IND,India,Central and Southern Asia,2023,child_labor,1.0
IDN,Indonesia,Central and Southern Asia,2021,child_labor,1.7
IRQ,Iraq,Central and Southern Asia,2018,child_labor,3.1
JAM,Jamaica,Europe and Northern America,2022,child_labor,2.6
JOR,Jordan,Central and Southern Asia,2016,child_labor,1.2
KEN,Kenya,Sub-Saharan Africa,2021,child_labor,4.3
KIR,Kiribati,Oceania,2019,child_labor,7.1
OWID_KOS,Kosovo,,2020,child_labor,3.8
KGZ,Kyrgyzstan,Central and Southern Asia,2023,child_labor,18.0
LAO,Laos,Central and Southern Asia,2023,child_labor,21.8
UNSDG_LAC,Latin America and the Caribbean (UN SDG),,2024,child_labor,5.52
UN_LAC,Latin America and the Caribbean (UN),,2024,child_labor,5.52
LSO,Lesotho,Sub-Saharan Africa,2018,child_labor,8.2
LBR,Liberia,Sub-Saharan Africa,2020,child_labor,21.1
MDG,Madagascar,Sub-Saharan Africa,2022,child_labor,24.7
MWI,Malawi,Sub-Saharan Africa,2020,child_labor,24.1
MLI,Mali,Sub-Saharan Africa,2020,child_labor,21.0
MRT,Mauritania,Sub-Saharan Africa,2019,child_labor,3.1
MEX,Mexico,Europe and Northern America,2022,child_labor,4.3
MNG,Mongolia,Central and Southern Asia,2023,child_labor,6.0
MNE,Montenegro,Europe and Northern America,2018,child_labor,7.7
MOZ,Mozambique,Sub-Saharan Africa,2022,child_labor,10.9
MMR,Myanmar,Central and Southern Asia,2015,child_labor,8.1
NRU,Nauru,Oceania,2023,child_labor,0.7
NPL,Nepal,Central and Southern Asia,2014,child_labor,19.2
NER,Niger,Sub-Saharan Africa,2022,child_labor,42.4
NGA,Nigeria,Sub-Saharan Africa,2022,child_labor,28.1
PRK,North Korea,Central and Southern Asia,2017,child_labor,4.0
MKD,North Macedonia,Europe and Northern America,2019,child_labor,2.4
UNSDG_NAWA,Northern Africa and Western Asia (UN SDG),,2024,child_labor,8.32
UN_OCE,Oceania (UN),,2024,child_labor,6.74
PSE,Palestine,Central and Southern Asia,2020,child_labor,6.3
PER,Peru,Latin America and the Caribbean,2021,child_labor,16.2
PHL,Philippines,Central and Southern Asia,2022,child_labor,1.2
WSM,Samoa,Oceania,2022,child_labor,6.9
STP,Sao Tome and Principe,Sub-Saharan Africa,2019,child_labor,6.7
SEN,Senegal,Sub-Saharan Africa,2022,child_labor,8.6
SRB,Serbia,Europe and Northern America,2019,child_labor,9.1
SLE,Sierra Leone,Sub-Saharan Africa,2017,child_labor,21.0
LKA,Sri Lanka,Central and Southern Asia,2016,child_labor,0.8
UNSDG_SSA,Sub-Saharan Africa (UN SDG),,2024,child_labor,21.46
SDN,Sudan,Sub-Saharan Africa,2022,child_labor,15.0
SUR,Suriname,Latin America and the Caribbean,2018,child_labor,3.4
TZA,Tanzania,Sub-Saharan Africa,2021,child_labor,15.0
TGO,Togo,Sub-Saharan Africa,2022,child_labor,25.7
TON,Tonga,Oceania,2019,child_labor,25.9
TTO,Trinidad and Tobago,Europe and Northern America,2022,child_labor,4.2
TUN,Tunisia,Sub-Saharan Africa,2023,child_labor,1.7
TUR,Turkey,Central and Southern Asia,2022,child_labor,5.6
TKM,Turkmenistan,Central and Southern Asia,2016,child_labor,0.3
TCA,Turks and Caicos Islands,Europe and Northern America,2020,child_labor,4.1
TUV,Tuvalu,Oceania,2020,child_labor,3.7
UGA,Uganda,Sub-Saharan Africa,2021,child_labor,40.1
URY,Uruguay,Latin America and the Caribbean,2010,child_labor,3.7
UZB,Uzbekistan,Central and Southern Asia,2022,child_labor,17.8
VUT,Vanuatu,Oceania,2023,child_labor,26.7
VNM,Vietnam,Central and Southern Asia,2021,child_labor,5.7
OWID_WRL,World,,2024,child_labor,7.8
YEM,Yemen,Central and Southern Asia,2023,child_labor,7.7
ZMB,Zambia,Sub-Saharan Africa,2022,child_labor,5.7
ZWE,Zimbabwe,Sub-Saharan Africa,2019,child_labor,25.6
AFG,Afghanistan,Central and Southern Asia,2015,child_marriage,34.8
AFG,Afghanistan,Central and Southern Asia,2023,child_marriage,28.7
ALB,Albania,Europe and Northern America,2009,child_marriage,9.6
ALB,Albania,Europe and Northern America,2018,child_marriage,11.8
DZA,Algeria,Sub-Saharan Africa,2019,child_marriage,3.8
AGO,Angola,Sub-Saharan Africa,2016,child_marriage,30.3
ARG,Argentina,Latin America and the Caribbean,2020,child_marriage,15.5
ARM,Armenia,Central and Southern Asia,2000,child_marriage,19.1
ARM,Armenia,Central and Southern Asia,2005,child_marriage,9.9
ARM,Armenia,Central and Southern Asia,2010,child_marriage,7.2
ARM,Armenia,Central and Southern Asia,2016,child_marriage,5.3
AZE,Azerbaijan,Central and Southern Asia,2006,child_marriage,12.2
AZE,Azerbaijan,Central and Southern Asia,2011,child_marriage,11.0
BGD,Bangladesh,Central and Southern Asia,1994,child_marriage,73.3
BGD,Bangladesh,Central and Southern Asia,1997,child_marriage,68.5
BGD,Bangladesh,Central and Southern Asia,2000,child_marriage,65.3
BGD,Bangladesh,Central and Southern Asia,2004,child_marriage,68.7
BGD,Bangladesh,Central and Southern Asia,2007,child_marriage,66.2
BGD,Bangladesh,Central and Southern Asia,2011,child_marriage,64.9
BGD,Bangladesh,Central and Southern Asia,2014,child_marriage,58.6
BGD,Bangladesh,Central and Southern Asia,2018,child_marriage,58.9
BGD,Bangladesh,Central and Southern Asia,2019,child_marriage,51.4
BRB,Barbados,Europe and Northern America,2012,child_marriage,29.2
BLR,Belarus,Europe and Northern America,2019,child_marriage,4.7
BEL,Belgium,Europe and Northern America,2020,child_marriage,0.1
BLZ,Belize,Europe and Northern America,2016,child_marriage,33.5
BEN,Benin,Sub-Saharan Africa,1996,child_marriage,38.8
BEN,Benin,Sub-Saharan Africa,2001,child_marriage,36.7
BEN,Benin,Sub-Saharan Africa,2006,child_marriage,34.4
BEN,Benin,Sub-Saharan Africa,2012,child_marriage,31.9
BEN,Benin,Sub-Saharan Africa,2018,child_marriage,30.6
BEN,Benin,Sub-Saharan Africa,2022,child_marriage,27.5
BTN,Bhutan,Central and Southern Asia,2010,child_marriage,25.8
BOL,Bolivia,Latin America and the Caribbean,1994,child_marriage,24.9
BOL,Bolivia,Latin America and the Caribbean,1998,child_marriage,21.2
BOL,Bolivia,Latin America and the Caribbean,2003,child_marriage,25.8
BOL,Bolivia,Latin America and the Caribbean,2008,child_marriage,21.7
BOL,Bolivia,Latin America and the Caribbean,2016,child_marriage,19.7
BIH,Bosnia and Herzegovina,Europe and Northern America,2012,child_marriage,3.5
BRA,Brazil,Latin America and the Caribbean,1996,child_marriage,23.7
BRA,Brazil,Latin America and the Caribbean,2006,child_marriage,26.2
BFA,Burkina Faso,Sub-Saharan Africa,1993,child_marriage,61.7
BFA,Burkina Faso,Sub-Saharan Africa,1999,child_marriage,62.3
BFA,Burkina Faso,Sub-Saharan Africa,2003,child_marriage,51.9
BFA,Burkina Faso,Sub-Saharan Africa,2010,child_marriage,51.6
BFA,Burkina Faso,Sub-Saharan Africa,2015,child_marriage,51.3
BFA,Burkina Faso,Sub-Saharan Africa,2021,child_marriage,38.2
BDI,Burundi,Sub-Saharan Africa,2010,child_marriage,20.4
BDI,Burundi,Sub-Saharan Africa,2017,child_marriage,19.0
KHM,Cambodia,Central and Southern Asia,2000,child_marriage,24.8
KHM,Cambodia,Central and Southern Asia,2005,child_marriage,23.3
KHM,Cambodia,Central and Southern Asia,2010,child_marriage,18.4
KHM,Cambodia,Central and Southern Asia,2014,child_marriage,18.5
KHM,Cambodia,Central and Southern Asia,2022,child_marriage,17.9
CMR,Cameroon,Sub-Saharan Africa,1991,child_marriage,57.7
CMR,Cameroon,Sub-Saharan Africa,1998,child_marriage,43.4
CMR,Cameroon,Sub-Saharan Africa,2004,child_marriage,47.2
CMR,Cameroon,Sub-Saharan Africa,2011,child_marriage,38.4
CMR,Cameroon,Sub-Saharan Africa,2018,child_marriage,29.8
CPV,Cape Verde,Sub-Saharan Africa,2018,child_marriage,8.4
CAF,Central African Republic,Sub-Saharan Africa,1995,child_marriage,57.0
CAF,Central African Republic,Sub-Saharan Africa,2019,child_marriage,61.0
TCD,Chad,Sub-Saharan Africa,1997,child_marriage,71.4
TCD,Chad,Sub-Saharan Africa,2004,child_marriage,72.0
TCD,Chad,Sub-Saharan Africa,2015,child_marriage,66.9
TCD,Chad,Sub-Saharan Africa,2019,child_marriage,60.6
CHN,China,Central and Southern Asia,2020,child_marriage,2.8
COL,Colombia,Latin America and the Caribbean,1990,child_marriage,22.0
COL,Colombia,Latin America and the Caribbean,1995,child_marriage,25.6
COL,Colombia,Latin America and the Caribbean,2000,child_marriage,21.4
COL,Colombia,Latin America and the Caribbean,2005,child_marriage,23.1
COL,Colombia,Latin America and the Caribbean,2010,child_marriage,23.0
COL,Colombia,Latin America and the Caribbean,2015,child_marriage,23.4
COM,Comoros,Sub-Saharan Africa,1996,child_marriage,29.7
COM,Comoros,Sub-Saharan Africa,2012,child_marriage,31.6
COM,Comoros,Sub-Saharan Africa,2022,child_marriage,20.7
COG,Congo,Sub-Saharan Africa,2005,child_marriage,30.8
COG,Congo,Sub-Saharan Africa,2009,child_marriage,33.3
COG,Congo,Sub-Saharan Africa,2012,child_marriage,32.6
COG,Congo,Sub-Saharan Africa,2015,child_marriage,27.3
CRI,Costa Rica,Europe and Northern America,2018,child_marriage,17.1
CIV,Cote d'Ivoire,Sub-Saharan Africa,1994,child_marriage,43.5
CIV,Cote d'Ivoire,Sub-Saharan Africa,1999,child_marriage,33.2
CIV,Cote d'Ivoire,Sub-Saharan Africa,2005,child_marriage,34.5
CIV,Cote d'Ivoire,Sub-Saharan Africa,2012,child_marriage,33.2
CIV,Cote d'Ivoire,Sub-Saharan Africa,2021,child_marriage,25.8
CUB,Cuba,Europe and Northern America,2019,child_marriage,29.4
COD,Democratic Republic of Congo,Sub-Saharan Africa,2007,child_marriage,39.1
COD,Democratic Republic of Congo,Sub-Saharan Africa,2014,child_marriage,37.3
COD,Democratic Republic of Congo,Sub-Saharan Africa,2018,child_marriage,29.1
DNK,Denmark,Europe and Northern America,2021,child_marriage,0.7
DJI,Djibouti,Sub-Saharan Africa,2019,child_marriage,6.5
DOM,Dominican Republic,Europe and Northern America,1991,child_marriage,30.2
DOM,Dominican Republic,Europe and Northern America,1996,child_marriage,37.6
DOM,Dominican Republic,Europe and Northern America,1999,child_marriage,31.0
DOM,Dominican Republic,Europe and Northern America,2002,child_marriage,41.2
DOM,Dominican Republic,Europe and Northern America,2007,child_marriage,39.6
DOM,Dominican Republic,Europe and Northern America,2013,child_marriage,36.5
DOM,Dominican Republic,Europe and Northern America,2019,child_marriage,31.5
TLS,East Timor,Central and Southern Asia,2010,child_marriage,18.9
TLS,East Timor,Central and Southern Asia,2016,child_marriage,14.9
ECU,Ecuador,Latin America and the Caribbean,2018,child_marriage,22.2
EGY,Egypt,Sub-Saharan Africa,1992,child_marriage,26.7
EGY,Egypt,Sub-Saharan Africa,1995,child_marriage,26.8
EGY,Egypt,Sub-Saharan Africa,2000,child_marriage,19.5
EGY,Egypt,Sub-Saharan Africa,2003,child_marriage,18.5
EGY,Egypt,Sub-Saharan Africa,2005,child_marriage,16.6
EGY,Egypt,Sub-Saharan Africa,2008,child_marriage,16.6
EGY,Egypt,Sub-Saharan Africa,2014,child_marriage,17.4
EGY,Egypt,Sub-Saharan Africa,2021,child_marriage,15.8
SLV,El Salvador,Europe and Northern America,2021,child_marriage,19.7
GNQ,Equatorial Guinea,Sub-Saharan Africa,2011,child_marriage,29.5
ERI,Eritrea,Sub-Saharan Africa,1995,child_marriage,54.2
ERI,Eritrea,Sub-Saharan Africa,2002,child_marriage,47.0
ERI,Eritrea,Sub-Saharan Africa,2010,child_marriage,40.7
SWZ,Eswatini,Sub-Saharan Africa,2007,child_marriage,7.7
SWZ,Eswatini,Sub-Saharan Africa,2022,child_marriage,1.9
ETH,Ethiopia,Sub-Saharan Africa,2000,child_marriage,49.1
ETH,Ethiopia,Sub-Saharan Africa,2005,child_marriage,49.2
ETH,Ethiopia,Sub-Saharan Africa,2011,child_marriage,41.2
ETH,Ethiopia,Sub-Saharan Africa,2016,child_marriage,40.3
FJI,Fiji,Oceania,2021,child_marriage,4.0
FIN,Finland,Europe and Northern America,2017,child_marriage,0.1
GAB,Gabon,Sub-Saharan Africa,2000,child_marriage,33.6
GAB,Gabon,Sub-Saharan Africa,2012,child_marriage,21.9
GAB,Gabon,Sub-Saharan Africa,2021,child_marriage,13.3
GMB,Gambia,Sub-Saharan Africa,2013,child_marriage,30.4
GMB,Gambia,Sub-Saharan Africa,2020,child_marriage,23.1
GEO,Georgia,Central and Southern Asia,2018,child_marriage,13.9
GHA,Ghana,Sub-Saharan Africa,1993,child_marriage,37.6
GHA,Ghana,Sub-Saharan Africa,1998,child_marriage,35.5
GHA,Ghana,Sub-Saharan Africa,2003,child_marriage,27.9
GHA,Ghana,Sub-Saharan Africa,2008,child_marriage,24.6
GHA,Ghana,Sub-Saharan Africa,2014,child_marriage,20.7
GHA,Ghana,Sub-Saharan Africa,2022,child_marriage,16.1
GTM,Guatemala,Europe and Northern America,1995,child_marriage,38.6
GTM,Guatemala,Europe and Northern America,1999,child_marriage,34.3
GTM,Guatemala,Europe and Northern America,2015,child_marriage,29.5
GIN,Guinea,Sub-Saharan Africa,1999,child_marriage,64.5
GIN,Guinea,Sub-Saharan Africa,2005,child_marriage,63.1
GIN,Guinea,Sub-Saharan Africa,2012,child_marriage,51.7
GIN,Guinea,Sub-Saharan Africa,2018,child_marriage,46.5
GNB,Guinea-Bissau,Sub-Saharan Africa,2019,child_marriage,25.7
GUY,Guyana,Latin America and the Caribbean,2005,child_marriage,28.2
GUY,Guyana,Latin America and the Caribbean,2009,child_marriage,23.0
GUY,Guyana,Latin America and the Caribbean,2020,child_marriage,32.3
HTI,Haiti,Europe and Northern America,1995,child_marriage,23.8
HTI,Haiti,Europe and Northern America,2000,child_marriage,24.1
HTI,Haiti,Europe and Northern America,2006,child_marriage,29.9
HTI,Haiti,Europe and Northern America,2012,child_marriage,17.5
HTI,Haiti,Europe and Northern America,2017,child_marriage,14.9
HND,Honduras,Europe and Northern America,2006,child_marriage,38.8
HND,Honduras,Europe and Northern America,2012,child_marriage,33.6
HND,Honduras,Europe and Northern America,2019,child_marriage,34.0
IND,India,Central and Southern Asia,1993,child_marriage,50.2
IND,India,Central and Southern Asia,1999,child_marriage,50.0
IND,India,Central and Southern Asia,2006,child_marriage,44.5
IND,India,Central and Southern Asia,2016,child_marriage,25.3
IND,India,Central and Southern Asia,2021,child_marriage,22.3
IDN,Indonesia,Central and Southern Asia,1991,child_marriage,34.1
IDN,Indonesia,Central and Southern Asia,1994,child_marriage,30.8
IDN,Indonesia,Central and Southern Asia,1997,child_marriage,29.6
IDN,Indonesia,Central and Southern Asia,2003,child_marriage,24.2
IDN,Indonesia,Central and Southern Asia,2007,child_marriage,22.0
IDN,Indonesia,Central and Southern Asia,2012,child_marriage,17.0
IDN,Indonesia,Central and Southern Asia,2017,child_marriage,16.3
IRN,Iran,Central and Southern Asia,2010,child_marriage,16.7
IRQ,Iraq,Central and Southern Asia,2018,child_marriage,27.9
JAM,Jamaica,Europe and Northern America,2011,child_marriage,7.9
JOR,Jordan,Central and Southern Asia,1990,child_marriage,16.4
JOR,Jordan,Central and Southern Asia,1997,child_marriage,13.5
JOR,Jordan,Central and Southern Asia,2002,child_marriage,11.1
JOR,Jordan,Central and Southern Asia,2007,child_marriage,9.6
JOR,Jordan,Central and Southern Asia,2009,child_marriage,10.2
JOR,Jordan,Central and Southern Asia,2012,child_marriage,8.4
JOR,Jordan,Central and Southern Asia,2018,child_marriage,9.7
KAZ,Kazakhstan,Central and Southern Asia,1995,child_marriage,18.5
KAZ,Kazakhstan,Central and Southern Asia,1999,child_marriage,14.4
KAZ,Kazakhstan,Central and Southern Asia,2015,child_marriage,7.0
KEN,Kenya,Sub-Saharan Africa,1993,child_marriage,28.1
KEN,Kenya,Sub-Saharan Africa,1998,child_marriage,24.6
KEN,Kenya,Sub-Saharan Africa,2003,child_marriage,24.6
KEN,Kenya,Sub-Saharan Africa,2009,child_marriage,26.4
KEN,Kenya,Sub-Saharan Africa,2014,child_marriage,22.9
KEN,Kenya,Sub-Saharan Africa,2022,child_marriage,12.5
KIR,Kiribati,Oceania,2019,child_marriage,18.4
KGZ,Kyrgyzstan,Central and Southern Asia,1997,child_marriage,21.2
KGZ,Kyrgyzstan,Central and Southern Asia,2012,child_marriage,7.8
KGZ,Kyrgyzstan,Central and Southern Asia,2018,child_marriage,12.9
LAO,Laos,Central and Southern Asia,2017,child_marriage,32.7
LBN,Lebanon,Central and Southern Asia,2016,child_marriage,6.0
LSO,Lesotho,Sub-Saharan Africa,2004,child_marriage,23.0
LSO,Lesotho,Sub-Saharan Africa,2009,child_marriage,18.8
LSO,Lesotho,Sub-Saharan Africa,2014,child_marriage,17.3
LSO,Lesotho,Sub-Saharan Africa,2018,child_marriage,16.4
LBR,Liberia,Sub-Saharan Africa,2007,child_marriage,37.9
LBR,Liberia,Sub-Saharan Africa,2013,child_marriage,35.9
LBR,Liberia,Sub-Saharan Africa,2020,child_marriage,24.9
LTU,Lithuania,Europe and Northern America,2022,child_marriage,0.2
MDG,Madagascar,Sub-Saharan Africa,1992,child_marriage,36.9
MDG,Madagascar,Sub-Saharan Africa,1997,child_marriage,40.4
MDG,Madagascar,Sub-Saharan Africa,2004,child_marriage,38.8
MDG,Madagascar,Sub-Saharan Africa,2009,child_marriage,48.2
MDG,Madagascar,Sub-Saharan Africa,2021,child_marriage,38.8
MWI,Malawi,Sub-Saharan Africa,1992,child_marriage,54.9
MWI,Malawi,Sub-Saharan Africa,2000,child_marriage,46.9
MWI,Malawi,Sub-Saharan Africa,2004,child_marriage,48.9
MWI,Malawi,Sub-Saharan Africa,2010,child_marriage,49.6
MWI,Malawi,Sub-Saharan Africa,2016,child_marriage,42.1
MWI,Malawi,Sub-Saharan Africa,2020,child_marriage,37.7
MDV,Maldives,Central and Southern Asia,2009,child_marriage,3.9
MDV,Maldives,Central and Southern Asia,2017,child_marriage,2.2
MLI,Mali,Sub-Saharan Africa,1996,child_marriage,69.9
MLI,Mali,Sub-Saharan Africa,2001,child_marriage,65.4
MLI,Mali,Sub-Saharan Africa,2006,child_marriage,70.6
MLI,Mali,Sub-Saharan Africa,2013,child_marriage,59.6
MLI,Mali,Sub-Saharan Africa,2018,child_marriage,53.7
MHL,Marshall Islands,Oceania,2007,child_marriage,26.3
MRT,Mauritania,Sub-Saharan Africa,2001,child_marriage,37.2
MRT,Mauritania,Sub-Saharan Africa,2021,child_marriage,36.6
MEX,Mexico,Europe and Northern America,2018,child_marriage,20.7
MDA,Moldova,Europe and Northern America,2005,child_marriage,18.9
MDA,Moldova,Europe and Northern America,2012,child_marriage,12.2
MNG,Mongolia,Central and Southern Asia,2018,child_marriage,12.0
MNE,Montenegro,Europe and Northern America,2018,child_marriage,5.8
MAR,Morocco,Sub-Saharan Africa,1992,child_marriage,18.4
MAR,Morocco,Sub-Saharan Africa,2004,child_marriage,15.9
MAR,Morocco,Sub-Saharan Africa,2018,child_marriage,13.7
MOZ,Mozambique,Sub-Saharan Africa,1997,child_marriage,56.6
MOZ,Mozambique,Sub-Saharan Africa,2003,child_marriage,55.9
MOZ,Mozambique,Sub-Saharan Africa,2009,child_marriage,56.2
MOZ,Mozambique,Sub-Saharan Africa,2011,child_marriage,48.2
MOZ,Mozambique,Sub-Saharan Africa,2015,child_marriage,52.9
MOZ,Mozambique,Sub-Saharan Africa,2023,child_marriage,48.4
MMR,Myanmar,Central and Southern Asia,2016,child_marriage,16.0
NAM,Namibia,Sub-Saharan Africa,1992,child_marriage,11.4
NAM,Namibia,Sub-Saharan Africa,2000,child_marriage,9.8
NAM,Namibia,Sub-Saharan Africa,2007,child_marriage,8.5
NAM,Namibia,Sub-Saharan Africa,2013,child_marriage,6.9
NRU,Nauru,Oceania,2007,child_marriage,26.8
NPL,Nepal,Central and Southern Asia,1996,child_marriage,60.3
NPL,Nepal,Central and Southern Asia,2001,child_marriage,56.1
NPL,Nepal,Central and Southern Asia,2006,child_marriage,51.4
NPL,Nepal,Central and Southern Asia,2011,child_marriage,40.7
NPL,Nepal,Central and Southern Asia,2016,child_marriage,39.5
NPL,Nepal,Central and Southern Asia,2022,child_marriage,34.9
NIC,Nicaragua,Europe and Northern America,1998,child_marriage,50.3
NIC,Nicaragua,Europe and Northern America,2001,child_marriage,43.3
NIC,Nicaragua,Europe and Northern America,2012,child_marriage,35.2
NER,Niger,Sub-Saharan Africa,1992,child_marriage,83.5
NER,Niger,Sub-Saharan Africa,1998,child_marriage,76.6
NER,Niger,Sub-Saharan Africa,2006,child_marriage,74.5
NER,Niger,Sub-Saharan Africa,2012,child_marriage,76.3
NGA,Nigeria,Sub-Saharan Africa,1990,child_marriage,51.9
NGA,Nigeria,Sub-Saharan Africa,2003,child_marriage,43.3
NGA,Nigeria,Sub-Saharan Africa,2008,child_marriage,39.4
NGA,Nigeria,Sub-Saharan Africa,2013,child_marriage,42.8
NGA,Nigeria,Sub-Saharan Africa,2018,child_marriage,43.4
NGA,Nigeria,Sub-Saharan Africa,2021,child_marriage,30.3
PRK,North Korea,Central and Southern Asia,2017,child_marriage,0.1
MKD,North Macedonia,Europe and Northern America,2019,child_marriage,7.5
NOR,Norway,Europe and Northern America,2022,child_marriage,0.0
OMN,Oman,Central and Southern Asia,2014,child_marriage,4.0
PAK,Pakistan,Central and Southern Asia,1991,child_marriage,31.6
PAK,Pakistan,Central and Southern Asia,2007,child_marriage,24.0
PAK,Pakistan,Central and Southern Asia,2013,child_marriage,21.0
PAK,Pakistan,Central and Southern Asia,2018,child_marriage,18.3
PSE,Palestine,Central and Southern Asia,2020,child_marriage,13.4
PAN,Panama,Europe and Northern America,2013,child_marriage,26.4
PNG,Papua New Guinea,Oceania,2018,child_marriage,27.3
PRY,Paraguay,Latin America and the Caribbean,1990,child_marriage,24.2
PRY,Paraguay,Latin America and the Caribbean,2016,child_marriage,21.6
PER,Peru,Latin America and the Caribbean,1992,child_marriage,17.7
PER,Peru,Latin America and the Caribbean,1996,child_marriage,21.3
PER,Peru,Latin America and the Caribbean,2000,child_marriage,18.7
PER,Peru,Latin America and the Caribbean,2006,child_marriage,17.5
PER,Peru,Latin America and the Caribbean,2008,child_marriage,17.5
PER,Peru,Latin America and the Caribbean,2009,child_marriage,19.0
PER,Peru,Latin America and the Caribbean,2010,child_marriage,20.1
PER,Peru,Latin America and the Caribbean,2011,child_marriage,18.8
PER,Peru,Latin America and the Caribbean,2012,child_marriage,19.1
PER,Peru,Latin America and the Caribbean,2020,child_marriage,14.1
PHL,Philippines,Central and Southern Asia,1993,child_marriage,14.2
PHL,Philippines,Central and Southern Asia,1998,child_marriage,14.6
PHL,Philippines,Central and Southern Asia,2003,child_marriage,14.0
PHL,Philippines,Central and Southern Asia,2008,child_marriage,14.2
PHL,Philippines,Central and Southern Asia,2013,child_marriage,15.0
PHL,Philippines,Central and Southern Asia,2017,child_marriage,16.5
PHL,Philippines,Central and Southern Asia,2022,child_marriage,9.4
QAT,Qatar,Central and Southern Asia,2012,child_marriage,4.2
ROU,Romania,Europe and Northern America,2021,child_marriage,6.9
RUS,Russia,Central and Southern Asia,2017,child_marriage,6.2
RWA,Rwanda,Sub-Saharan Africa,1992,child_marriage,14.8
RWA,Rwanda,Sub-Saharan Africa,2000,child_marriage,19.5
RWA,Rwanda,Sub-Saharan Africa,2005,child_marriage,13.3
RWA,Rwanda,Sub-Saharan Africa,2010,child_marriage,8.1
RWA,Rwanda,Sub-Saharan Africa,2015,child_marriage,6.8
RWA,Rwanda,Sub-Saharan Africa,2020,child_marriage,5.5
LCA,Saint Lucia,Europe and Northern America,2012,child_marriage,24.0
WSM,Samoa,Oceania,2020,child_marriage,7.4
STP,Sao Tome and Principe,Sub-Saharan Africa,2009,child_marriage,34.4
STP,Sao Tome and Principe,Sub-Saharan Africa,2019,child_marriage,28.0
SEN,Senegal,Sub-Saharan Africa,1993,child_marriage,47.7
SEN,Senegal,Sub-Saharan Africa,1997,child_marriage,36.1
SEN,Senegal,Sub-Saharan Africa,2005,child_marriage,39.0
SEN,Senegal,Sub-Saharan Africa,2011,child_marriage,32.9
SEN,Senegal,Sub-Saharan Africa,2013,child_marriage,29.8
SEN,Senegal,Sub-Saharan Africa,2014,child_marriage,32.3
SEN,Senegal,Sub-Saharan Africa,2015,child_marriage,31.0
SEN,Senegal,Sub-Saharan Africa,2016,child_marriage,31.5
SEN,Senegal,Sub-Saharan Africa,2017,child_marriage,28.8
SEN,Senegal,Sub-Saharan Africa,2018,child_marriage,25.5
SEN,Senegal,Sub-Saharan Africa,2019,child_marriage,30.5
SRB,Serbia,Europe and Northern America,2019,child_marriage,5.5
SLE,Sierra Leone,Sub-Saharan Africa,2008,child_marriage,47.9
SLE,Sierra Leone,Sub-Saharan Africa,2013,child_marriage,38.9
SLE,Sierra Leone,Sub-Saharan Africa,2019,child_marriage,29.6
SGP,Singapore,Central and Southern Asia,2023,child_marriage,0.1
SLB,Solomon Islands,Oceania,2015,child_marriage,21.3
SOM,Somalia,Sub-Saharan Africa,2006,child_marriage,45.3
ZAF,South Africa,Sub-Saharan Africa,1998,child_marriage,7.9
ZAF,South Africa,Sub-Saharan Africa,2016,child_marriage,3.6
SSD,South Sudan,Sub-Saharan Africa,2010,child_marriage,51.5
LKA,Sri Lanka,Central and Southern Asia,2016,child_marriage,9.8
SDN,Sudan,Sub-Saharan Africa,1990,child_marriage,26.9
SDN,Sudan,Sub-Saharan Africa,2014,child_marriage,34.2
SUR,Suriname,Latin America and the Caribbean,2018,child_marriage,36.0
SYR,Syria,Central and Southern Asia,2006,child_marriage,13.3
TJK,Tajikistan,Central and Southern Asia,2012,child_marriage,11.6
TJK,Tajikistan,Central and Southern Asia,2017,child_marriage,8.7
TZA,Tanzania,Sub-Saharan Africa,1992,child_marriage,36.6
TZA,Tanzania,Sub-Saharan Africa,1996,child_marriage,38.1
TZA,Tanzania,Sub-Saharan Africa,1999,child_marriage,39.3
TZA,Tanzania,Sub-Saharan Africa,2004,child_marriage,35.3
TZA,Tanzania,Sub-Saharan Africa,2005,child_marriage,41.1
TZA,Tanzania,Sub-Saharan Africa,2008,child_marriage,37.8
TZA,Tanzania,Sub-Saharan Africa,2010,child_marriage,36.9
TZA,Tanzania,Sub-Saharan Africa,2012,child_marriage,31.1
TZA,Tanzania,Sub-Saharan Africa,2016,child_marriage,30.5
TZA,Tanzania,Sub-Saharan Africa,2022,child_marriage,29.1
THA,Thailand,Central and Southern Asia,2022,child_marriage,17.0
TGO,Togo,Sub-Saharan Africa,1998,child_marriage,30.5
TGO,Togo,Sub-Saharan Africa,2014,child_marriage,21.8
TGO,Togo,Sub-Saharan Africa,2017,child_marriage,24.8
TON,Tonga,Oceania,2019,child_marriage,10.1
TTO,Trinidad and Tobago,Europe and Northern America,2022,child_marriage,4.2
TUN,Tunisia,Sub-Saharan Africa,2018,child_marriage,1.5
TUR,Turkey,Central and Southern Asia,1993,child_marriage,23.3
TUR,Turkey,Central and Southern Asia,1998,child_marriage,23.0
TUR,Turkey,Central and Southern Asia,2003,child_marriage,18.4
TUR,Turkey,Central and Southern Asia,2008,child_marriage,14.0
TUR,Turkey,Central and Southern Asia,2013,child_marriage,14.7
TUR,Turkey,Central and Southern Asia,2018,child_marriage,14.7
TKM,Turkmenistan,Central and Southern Asia,2000,child_marriage,9.1
TKM,Turkmenistan,Central and Southern Asia,2019,child_marriage,6.1
TCA,Turks and Caicos Islands,Europe and Northern America,2020,child_marriage,23.3
TUV,Tuvalu,Oceania,2020,child_marriage,1.8
UGA,Uganda,Sub-Saharan Africa,1995,child_marriage,54.1
UGA,Uganda,Sub-Saharan Africa,2001,child_marriage,53.9
UGA,Uganda,Sub-Saharan Africa,2005,child_marriage,51.4
UGA,Uganda,Sub-Saharan Africa,2006,child_marriage,46.3
UGA,Uganda,Sub-Saharan Africa,2011,child_marriage,39.7
UGA,Uganda,Sub-Saharan Africa,2016,child_marriage,34.0
UKR,Ukraine,Europe and Northern America,2007,child_marriage,9.9
UKR,Ukraine,Europe and Northern America,2012,child_marriage,9.1
GBR,United Kingdom,Europe and Northern America,2021,child_marriage,0.0
URY,Uruguay,Latin America and the Caribbean,2013,child_marriage,24.6
UZB,Uzbekistan,Central and Southern Asia,1996,child_marriage,15.3
UZB,Uzbekistan,Central and Southern Asia,2022,child_marriage,3.4
VUT,Vanuatu,Oceania,2013,child_marriage,21.4
VNM,Vietnam,Central and Southern Asia,1997,child_marriage,12.4
VNM,Vietnam,Central and Southern Asia,2002,child_marriage,11.1
VNM,Vietnam,Central and Southern Asia,2005,child_marriage,10.2
VNM,Vietnam,Central and Southern Asia,2021,child_marriage,14.6
YEM,Yemen,Central and Southern Asia,1992,child_marriage,49.2
YEM,Yemen,Central and Southern Asia,1997,child_marriage,48.4
YEM,Yemen,Central and Southern Asia,2013,child_marriage,31.9
YEM,Yemen,Central and Southern Asia,2023,child_marriage,29.6
ZMB,Zambia,Sub-Saharan Africa,1992,child_marriage,43.3
ZMB,Zambia,Sub-Saharan Africa,1996,child_marriage,44.2
ZMB,Zambia,Sub-Saharan Africa,2002,child_marriage,42.1
ZMB,Zambia,Sub-Saharan Africa,2007,child_marriage,41.6
ZMB,Zambia,Sub-Saharan Africa,2014,child_marriage,31.4
ZMB,Zambia,Sub-Saharan Africa,2018,child_marriage,29.0
ZWE,Zimbabwe,Sub-Saharan Africa,1994,child_marriage,31.0
ZWE,Zimbabwe,Sub-Saharan Africa,1999,child_marriage,28.7
ZWE,Zimbabwe,Sub-Saharan Africa,2006,child_marriage,33.6
ZWE,Zimbabwe,Sub-Saharan Africa,2011,child_marriage,30.5
ZWE,Zimbabwe,Sub-Saharan Africa,2015,child_marriage,32.4
ZWE,Zimbabwe,Sub-Saharan Africa,2019,child_marriage,33.7
AFG,Afghanistan,Central and Southern Asia,1993,out_of_school,1593009.0
ALB,Albania,Europe and Northern America,1999,out_of_school,8349.0
ALB,Albania,Europe and Northern America,2003,out_of_school,3146.0
ALB,Albania,Europe and Northern America,2004,out_of_school,8228.0
ALB,Albania,Europe and Northern America,2008,out_of_school,13381.0
ALB,Albania,Europe and Northern America,2009,out_of_school,13173.0
ALB,Albania,Europe and Northern America,2010,out_of_school,14387.0
ALB,Albania,Europe and Northern America,2011,out_of_school,10216.0
ALB,Albania,Europe and Northern America,2012,out_of_school,7173.0
ALB,Albania,Europe and Northern America,2013,out_of_school,6190.0
ALB,Albania,Europe and Northern America,2014,out_of_school,710.0
ALB,Albania,Europe and Northern America,2015,out_of_school,372.0
ALB,Albania,Europe and Northern America,2016,out_of_school,265.0
ALB,Albania,Europe and Northern America,2017,out_of_school,1273.0
ALB,Albania,Europe and Northern America,2018,out_of_school,2234.0
ALB,Albania,Europe and Northern America,2019,out_of_school,3575.0
ALB,Albania,Europe and Northern America,2020,out_of_school,6433.0
ALB,Albania,Europe and Northern America,2021,out_of_school,10881.0
ALB,Albania,Europe and Northern America,2022,out_of_school,13560.0
ALB,Albania,Europe and Northern America,2023,out_of_school,17039.0
DZA,Algeria,Sub-Saharan Africa,1990,out_of_school,459510.0
DZA,Algeria,Sub-Saharan Africa,1991,out_of_school,437036.0
DZA,Algeria,Sub-Saharan Africa,1992,out_of_school,430810.0
DZA,Algeria,Sub-Saharan Africa,1993,out_of_school,494327.0
DZA,Algeria,Sub-Saharan Africa,1994,out_of_school,502055.0
DZA,Algeria,Sub-Saharan Africa,1995,out_of_school,483683.0
DZA,Algeria,Sub-Saharan Africa,1996,out_of_school,489233.0
DZA,Algeria,Sub-Saharan Africa,1997,out_of_school,490519.0
DZA,Algeria,Sub-Saharan Africa,1999,out_of_school,299322.0
DZA,Algeria,Sub-Saharan Africa,2000,out_of_school,234331.0
DZA,Algeria,Sub-Saharan Africa,2001,out_of_school,121093.0
DZA,Algeria,Sub-Saharan Africa,2002,out_of_school,48953.0
DZA,Algeria,Sub-Saharan Africa,2003,out_of_school,32507.0
DZA,Algeria,Sub-Saharan Africa,2004,out_of_school,35228.0
DZA,Algeria,Sub-Saharan Africa,2005,out_of_school,19989.0
DZA,Algeria,Sub-Saharan Africa,2006,out_of_school,33290.0
DZA,Algeria,Sub-Saharan Africa,2007,out_of_school,60232.0
DZA,Algeria,Sub-Saharan Africa,2008,out_of_school,43899.0
DZA,Algeria,Sub-Saharan Africa,2009,out_of_school,31857.0
DZA,Algeria,Sub-Saharan Africa,2010,out_of_school,31550.0
DZA,Algeria,Sub-Saharan Africa,2011,out_of_school,24696.0
DZA,Algeria,Sub-Saharan Africa,2012,out_of_school,20423.0
DZA,Algeria,Sub-Saharan Africa,2013,out_of_school,15264.0
DZA,Algeria,Sub-Saharan Africa,2014,out_of_school,16251.0
DZA,Algeria,Sub-Saharan Africa,2015,out_of_school,14759.0
DZA,Algeria,Sub-Saharan Africa,2016,out_of_school,17811.0
DZA,Algeria,Sub-Saharan Africa,2017,out_of_school,16519.0
DZA,Algeria,Sub-Saharan Africa,2018,out_of_school,30198.0
DZA,Algeria,Sub-Saharan Africa,2019,out_of_school,22726.0
DZA,Algeria,Sub-Saharan Africa,2020,out_of_school,11104.0
DZA,Algeria,Sub-Saharan Africa,2021,out_of_school,40716.0
DZA,Algeria,Sub-Saharan Africa,2022,out_of_school,101754.0
DZA,Algeria,Sub-Saharan Africa,2023,out_of_school,45584.0
DZA,Algeria,Sub-Saharan Africa,2024,out_of_school,69477.0
AND,Andorra,Europe and Northern America,2010,out_of_school,2997.0
AND,Andorra,Europe and Northern America,2011,out_of_school,2858.0
AND,Andorra,Europe and Northern America,2012,out_of_school,2856.0
AND,Andorra,Europe and Northern America,2013,out_of_school,2664.0
AND,Andorra,Europe and Northern America,2014,out_of_school,437.0
AND,Andorra,Europe and Northern America,2015,out_of_school,409.0
AND,Andorra,Europe and Northern America,2016,out_of_school,312.0
AND,Andorra,Europe and Northern America,2017,out_of_school,301.0
AND,Andorra,Europe and Northern America,2018,out_of_school,287.0
AND,Andorra,Europe and Northern America,2019,out_of_school,315.0
AND,Andorra,Europe and Northern America,2020,out_of_school,389.0
AND,Andorra,Europe and Northern America,2021,out_of_school,328.0
AND,Andorra,Europe and Northern America,2022,out_of_school,306.0
AND,Andorra,Europe and Northern America,2023,out_of_school,8.0
AGO,Angola,Sub-Saharan Africa,1998,out_of_school,900507.0
AGO,Angola,Sub-Saharan Africa,2008,out_of_school,388327.0
AGO,Angola,Sub-Saharan Africa,2009,out_of_school,446219.0
AGO,Angola,Sub-Saharan Africa,2010,out_of_school,443738.0
AGO,Angola,Sub-Saharan Africa,2011,out_of_school,483740.0
AIA,Anguilla,Europe and Northern America,1999,out_of_school,9.0
AIA,Anguilla,Europe and Northern America,2000,out_of_school,9.0
AIA,Anguilla,Europe and Northern America,2001,out_of_school,24.0
AIA,Anguilla,Europe and Northern America,2002,out_of_school,29.0
AIA,Anguilla,Europe and Northern America,2003,out_of_school,24.0
AIA,Anguilla,Europe and Northern America,2004,out_of_school,42.0
AIA,Anguilla,Europe and Northern America,2005,out_of_school,35.0
AIA,Anguilla,Europe and Northern America,2006,out_of_school,20.0
AIA,Anguilla,Europe and Northern America,2007,out_of_school,40.0
AIA,Anguilla,Europe and Northern America,2009,out_of_school,51.0
AIA,Anguilla,Europe and Northern America,2010,out_of_school,52.0
AIA,Anguilla,Europe and Northern America,2011,out_of_school,62.0
ATG,Antigua and Barbuda,Europe and Northern America,2007,out_of_school,36.0
ATG,Antigua and Barbuda,Europe and Northern America,2008,out_of_school,24.0
ATG,Antigua and Barbuda,Europe and Northern America,2009,out_of_school,139.0
ATG,Antigua and Barbuda,Europe and Northern America,2010,out_of_school,308.0
ATG,Antigua and Barbuda,Europe and Northern America,2011,out_of_school,125.0
ATG,Antigua and Barbuda,Europe and Northern America,2012,out_of_school,42.0
ATG,Antigua and Barbuda,Europe and Northern America,2013,out_of_school,263.0
ATG,Antigua and Barbuda,Europe and Northern America,2014,out_of_school,27.0
ATG,Antigua and Barbuda,Europe and Northern America,2015,out_of_school,86.848495
ATG,Antigua and Barbuda,Europe and Northern America,2016,out_of_school,108.84297
ATG,Antigua and Barbuda,Europe and Northern America,2017,out_of_school,124.0
ATG,Antigua and Barbuda,Europe and Northern America,2018,out_of_school,81.92122
ATG,Antigua and Barbuda,Europe and Northern America,2019,out_of_school,20.76062
ATG,Antigua and Barbuda,Europe and Northern America,2023,out_of_school,132.91147
ARG,Argentina,Latin America and the Caribbean,1991,out_of_school,193529.0
ARG,Argentina,Latin America and the Caribbean,1997,out_of_school,0.0
ARG,Argentina,Latin America and the Caribbean,1998,out_of_school,30193.0
ARG,Argentina,Latin America and the Caribbean,1999,out_of_school,35109.0
ARG,Argentina,Latin America and the Caribbean,2000,out_of_school,22781.0
ARG,Argentina,Latin America and the Caribbean,2001,out_of_school,24889.0
ARG,Argentina,Latin America and the Caribbean,2002,out_of_school,24713.0
ARG,Argentina,Latin America and the Caribbean,2003,out_of_school,21610.0
ARG,Argentina,Latin America and the Caribbean,2004,out_of_school,5289.0
ARG,Argentina,Latin America and the Caribbean,2005,out_of_school,11996.0
ARG,Argentina,Latin America and the Caribbean,2006,out_of_school,18596.0
ARG,Argentina,Latin America and the Caribbean,2007,out_of_school,23454.0
ARG,Argentina,Latin America and the Caribbean,2008,out_of_school,20253.0
ARG,Argentina,Latin America and the Caribbean,2009,out_of_school,19173.0
ARG,Argentina,Latin America and the Caribbean,2010,out_of_school,2139.0
ARG,Argentina,Latin America and the Caribbean,2011,out_of_school,4378.0
ARG,Argentina,Latin America and the Caribbean,2012,out_of_school,5621.0
ARG,Argentina,Latin America and the Caribbean,2013,out_of_school,15558.0
ARG,Argentina,Latin America and the Caribbean,2014,out_of_school,32391.0
ARG,Argentina,Latin America and the Caribbean,2015,out_of_school,36951.0
ARG,Argentina,Latin America and the Caribbean,2016,out_of_school,21994.0
ARG,Argentina,Latin America and the Caribbean,2017,out_of_school,25168.0
ARG,Argentina,Latin America and the Caribbean,2018,out_of_school,27973.0
ARG,Argentina,Latin America and the Caribbean,2019,out_of_school,27220.0
ARG,Argentina,Latin America and the Caribbean,2020,out_of_school,36807.0
ARG,Argentina,Latin America and the Caribbean,2021,out_of_school,35402.0
ARG,Argentina,Latin America and the Caribbean,2022,out_of_school,33513.0
ARM,Armenia,Central and Southern Asia,2002,out_of_school,13007.0
ARM,Armenia,Central and Southern Asia,2003,out_of_school,10296.0
ARM,Armenia,Central and Southern Asia,2005,out_of_school,8443.0
ARM,Armenia,Central and Southern Asia,2006,out_of_school,5073.0
ARM,Armenia,Central and Southern Asia,2007,out_of_school,1981.0
ARM,Armenia,Central and Southern Asia,2011,out_of_school,6927.0
ARM,Armenia,Central and Southern Asia,2012,out_of_school,7661.0
ARM,Armenia,Central and Southern Asia,2013,out_of_school,8711.0
ARM,Armenia,Central and Southern Asia,2014,out_of_school,12456.0
ARM,Armenia,Central and Southern Asia,2015,out_of_school,10910.0
ARM,Armenia,Central and Southern Asia,2016,out_of_school,11834.0
ARM,Armenia,Central and Southern Asia,2017,out_of_school,11671.0
ARM,Armenia,Central and Southern Asia,2018,out_of_school,12469.0
ARM,Armenia,Central and Southern Asia,2019,out_of_school,14058.0
ARM,Armenia,Central and Southern Asia,2020,out_of_school,14802.0
ARM,Armenia,Central and Southern Asia,2021,out_of_school,11846.0
ARM,Armenia,Central and Southern Asia,2022,out_of_school,8614.0
ARM,Armenia,Central and Southern Asia,2023,out_of_school,5589.0
ABW,Aruba,Europe and Northern America,1999,out_of_school,215.0
ABW,Aruba,Europe and Northern America,2000,out_of_school,324.0
ABW,Aruba,Europe and Northern America,2001,out_of_school,12.0
ABW,Aruba,Europe and Northern America,2002,out_of_school,43.0
ABW,Aruba,Europe and Northern America,2003,out_of_school,16.0
ABW,Aruba,Europe and Northern America,2004,out_of_school,32.0
ABW,Aruba,Europe and Northern America,2005,out_of_school,2.0
ABW,Aruba,Europe and Northern America,2006,out_of_school,35.0
ABW,Aruba,Europe and Northern America,2008,out_of_school,87.0
ABW,Aruba,Europe and Northern America,2009,out_of_school,78.0
ABW,Aruba,Europe and Northern America,2010,out_of_school,117.0
ABW,Aruba,Europe and Northern America,2014,out_of_school,67.0
AUS,Australia,Oceania,1990,out_of_school,36040.0
AUS,Australia,Oceania,1991,out_of_school,40746.0
AUS,Australia,Oceania,1992,out_of_school,45102.0
AUS,Australia,Oceania,1993,out_of_school,52120.0
AUS,Australia,Oceania,1994,out_of_school,54046.0
AUS,Australia,Oceania,1995,out_of_school,92566.0
AUS,Australia,Oceania,1996,out_of_school,88861.0
AUS,Australia,Oceania,1997,out_of_school,94955.0
AUS,Australia,Oceania,1998,out_of_school,89511.0
AUS,Australia,Oceania,1999,out_of_school,92403.0
AUS,Australia,Oceania,2000,out_of_school,88304.0
AUS,Australia,Oceania,2001,out_of_school,8978.0
AUS,Australia,Oceania,2002,out_of_school,6248.0
AUS,Australia,Oceania,2003,out_of_school,26000.0
AUS,Australia,Oceania,2004,out_of_school,20966.0
AUS,Australia,Oceania,2005,out_of_school,10716.0
AUS,Australia,Oceania,2006,out_of_school,9023.0
AUS,Australia,Oceania,2007,out_of_school,4896.0
AUS,Australia,Oceania,2008,out_of_school,5589.0
AUS,Australia,Oceania,2009,out_of_school,5766.0
AUS,Australia,Oceania,2010,out_of_school,6179.0
AUS,Australia,Oceania,2011,out_of_school,52484.0
AUS,Australia,Oceania,2012,out_of_school,45429.0
AUS,Australia,Oceania,2013,out_of_school,971.0
AUS,Australia,Oceania,2014,out_of_school,1480.0
AUS,Australia,Oceania,2015,out_of_school,592.0
AUS,Australia,Oceania,2016,out_of_school,168.0
AUS,Australia,Oceania,2017,out_of_school,1273.0
AUS,Australia,Oceania,2018,out_of_school,4291.0
AUS,Australia,Oceania,2019,out_of_school,4836.0
AUS,Australia,Oceania,2020,out_of_school,13192.0
AUS,Australia,Oceania,2021,out_of_school,8348.0
AUS,Australia,Oceania,2022,out_of_school,6721.0
AUS,Australia,Oceania,2023,out_of_school,4719.0
AUT,Austria,Europe and Northern America,1999,out_of_school,4608.0
AUT,Austria,Europe and Northern America,2000,out_of_school,7723.0
AUT,Austria,Europe and Northern America,2001,out_of_school,6615.0
AUT,Austria,Europe and Northern America,2002,out_of_school,7188.0
AUT,Austria,Europe and Northern America,2003,out_of_school,7430.0
AUT,Austria,Europe and Northern America,2004,out_of_school,5516.0
AUT,Austria,Europe and Northern America,2005,out_of_school,5680.0
AUT,Austria,Europe and Northern America,2006,out_of_school,6800.0
AUT,Austria,Europe and Northern America,2007,out_of_school,5215.0
AUT,Austria,Europe and Northern America,2008,out_of_school,4625.0
AUT,Austria,Europe and Northern America,2009,out_of_school,4638.0
AUT,Austria,Europe and Northern America,2010,out_of_school,4232.0
AUT,Austria,Europe and Northern America,2011,out_of_school,6683.0
AUT,Austria,Europe and Northern America,2012,out_of_school,6279.0
AUT,Austria,Europe and Northern America,2013,out_of_school,4807.0
AUT,Austria,Europe and Northern America,2014,out_of_school,4200.0
AUT,Austria,Europe and Northern America,2015,out_of_school,4351.0
AUT,Austria,Europe and Northern America,2016,out_of_school,6546.0
AUT,Austria,Europe and Northern America,2017,out_of_school,4410.0
AUT,Austria,Europe and Northern America,2018,out_of_school,4209.0
AUT,Austria,Europe and Northern America,2019,out_of_school,4146.0
AUT,Austria,Europe and Northern America,2020,out_of_school,3979.0
AUT,Austria,Europe and Northern America,2021,out_of_school,3232.0
AUT,Austria,Europe and Northern America,2022,out_of_school,5781.0
AUT,Austria,Europe and Northern America,2023,out_of_school,5345.0
AZE,Azerbaijan,Central and Southern Asia,2000,out_of_school,61173.0
AZE,Azerbaijan,Central and Southern Asia,2001,out_of_school,79138.0
AZE,Azerbaijan,Central and Southern Asia,2002,out_of_school,79899.0
AZE,Azerbaijan,Central and Southern Asia,2003,out_of_school,88738.0
AZE,Azerbaijan,Central and Southern Asia,2004,out_of_school,78125.0
AZE,Azerbaijan,Central and Southern Asia,2005,out_of_school,77428.0
AZE,Azerbaijan,Central and Southern Asia,2006,out_of_school,73286.0
AZE,Azerbaijan,Central and Southern Asia,2007,out_of_school,71283.0
AZE,Azerbaijan,Central and Southern Asia,2008,out_of_school,70361.0
AZE,Azerbaijan,Central and Southern Asia,2009,out_of_school,61748.0
AZE,Azerbaijan,Central and Southern Asia,2010,out_of_school,64067.0
AZE,Azerbaijan,Central and Southern Asia,2011,out_of_school,49999.0
AZE,Azerbaijan,Central and Southern Asia,2012,out_of_school,38511.0
AZE,Azerbaijan,Central and Southern Asia,2013,out_of_school,8544.0
AZE,Azerbaijan,Central and Southern Asia,2014,out_of_school,3638.0
AZE,Azerbaijan,Central and Southern Asia,2015,out_of_school,5980.0
AZE,Azerbaijan,Central and Southern Asia,2016,out_of_school,4338.0
AZE,Azerbaijan,Central and Southern Asia,2017,out_of_school,12166.0
AZE,Azerbaijan,Central and Southern Asia,2018,out_of_school,24803.0
AZE,Azerbaijan,Central and Southern Asia,2019,out_of_school,55687.0
AZE,Azerbaijan,Central and Southern Asia,2020,out_of_school,54317.0
AZE,Azerbaijan,Central and Southern Asia,2021,out_of_school,52916.0
AZE,Azerbaijan,Central and Southern Asia,2022,out_of_school,27450.0
AZE,Azerbaijan,Central and Southern Asia,2023,out_of_school,9457.0
BHS,Bahamas,Europe and Northern America,1992,out_of_school,53.0
BHS,Bahamas,Europe and Northern America,1993,out_of_school,172.0
BHS,Bahamas,Europe and Northern America,1994,out_of_school,0.0
BHS,Bahamas,Europe and Northern America,1999,out_of_school,5262.0
BHS,Bahamas,Europe and Northern America,2004,out_of_school,4698.0
BHS,Bahamas,Europe and Northern America,2005,out_of_school,3198.0
BHS,Bahamas,Europe and Northern America,2006,out_of_school,3520.0
BHS,Bahamas,Europe and Northern America,2007,out_of_school,2155.0
BHS,Bahamas,Europe and Northern America,2008,out_of_school,1683.0
BHS,Bahamas,Europe and Northern America,2009,out_of_school,2414.0
BHS,Bahamas,Europe and Northern America,2010,out_of_school,2337.0
BHS,Bahamas,Europe and Northern America,2011,out_of_school,380.0
BHS,Bahamas,Europe and Northern America,2012,out_of_school,1063.0
BHS,Bahamas,Europe and Northern America,2023,out_of_school,8599.0
BHR,Bahrain,Central and Southern Asia,1991,out_of_school,6871.0
BHR,Bahrain,Central and Southern Asia,1992,out_of_school,11194.0
BHR,Bahrain,Central and Southern Asia,1993,out_of_school,11183.0
BHR,Bahrain,Central and Southern Asia,1994,out_of_school,11080.0
BHR,Bahrain,Central and Southern Asia,1995,out_of_school,9683.0
BHR,Bahrain,Central and Southern Asia,1996,out_of_school,8804.0
BHR,Bahrain,Central and Southern Asia,1997,out_of_school,8166.0
BHR,Bahrain,Central and Southern Asia,1998,out_of_school,5306.0
BHR,Bahrain,Central and Southern Asia,1999,out_of_school,3758.0
BHR,Bahrain,Central and Southern Asia,2000,out_of_school,5570.0
BHR,Bahrain,Central and Southern Asia,2001,out_of_school,5841.0
BHR,Bahrain,Central and Southern Asia,2002,out_of_school,7495.0
BHR,Bahrain,Central and Southern Asia,2003,out_of_school,9195.0
BHR,Bahrain,Central and Southern Asia,2004,out_of_school,8842.0
BHR,Bahrain,Central and Southern Asia,2005,out_of_school,8722.0
BHR,Bahrain,Central and Southern Asia,2006,out_of_school,3887.0
BHR,Bahrain,Central and Southern Asia,2011,out_of_school,6201.0
BHR,Bahrain,Central and Southern Asia,2012,out_of_school,490.0
BHR,Bahrain,Central and Southern Asia,2013,out_of_school,386.0
BHR,Bahrain,Central and Southern Asia,2014,out_of_school,538.0
BHR,Bahrain,Central and Southern Asia,2015,out_of_school,1703.0
BHR,Bahrain,Central and Southern Asia,2016,out_of_school,1882.0
BHR,Bahrain,Central and Southern Asia,2017,out_of_school,2060.0
BHR,Bahrain,Central and Southern Asia,2018,out_of_school,3301.0
BHR,Bahrain,Central and Southern Asia,2019,out_of_school,3582.0
BHR,Bahrain,Central and Southern Asia,2022,out_of_school,3780.0
BHR,Bahrain,Central and Southern Asia,2023,out_of_school,8399.0
BGD,Bangladesh,Central and Southern Asia,1990,out_of_school,5156730.0
BGD,Bangladesh,Central and Southern Asia,2005,out_of_school,1148544.0
BGD,Bangladesh,Central and Southern Asia,2006,out_of_school,1289922.0
BGD,Bangladesh,Central and Southern Asia,2008,out_of_school,2317428.0
BGD,Bangladesh,Central and Southern Asia,2009,out_of_school,2309199.0
BGD,Bangladesh,Central and Southern Asia,2010,out_of_school,2278044.0
BGD,Bangladesh,Central and Southern Asia,2017,out_of_school,536211.0
BGD,Bangladesh,Central and Southern Asia,2018,out_of_school,543149.0
BGD,Bangladesh,Central and Southern Asia,2022,out_of_school,1159988.5
BGD,Bangladesh,Central and Southern Asia,2023,out_of_school,1085125.8
BRB,Barbados,Europe and Northern America,1990,out_of_school,1119.0
BRB,Barbados,Europe and Northern America,1992,out_of_school,2438.0
BRB,Barbados,Europe and Northern America,1999,out_of_school,156.0
BRB,Barbados,Europe and Northern America,2000,out_of_school,102.0
BRB,Barbados,Europe and Northern America,2001,out_of_school,123.0
BRB,Barbados,Europe and Northern America,2002,out_of_school,231.0
BRB,Barbados,Europe and Northern America,2003,out_of_school,219.0
BRB,Barbados,Europe and Northern America,2004,out_of_school,134.0
BRB,Barbados,Europe and Northern America,2005,out_of_school,579.0
BRB,Barbados,Europe and Northern America,2006,out_of_school,417.0
BRB,Barbados,Europe and Northern America,2007,out_of_school,447.0
BRB,Barbados,Europe and Northern America,2008,out_of_school,439.0
BRB,Barbados,Europe and Northern America,2009,out_of_school,774.0
BRB,Barbados,Europe and Northern America,2010,out_of_school,402.0
BRB,Barbados,Europe and Northern America,2011,out_of_school,452.0
BRB,Barbados,Europe and Northern America,2014,out_of_school,1163.0
BRB,Barbados,Europe and Northern America,2015,out_of_school,1022.0
BRB,Barbados,Europe and Northern America,2016,out_of_school,857.0
BRB,Barbados,Europe and Northern America,2017,out_of_school,1471.0
BRB,Barbados,Europe and Northern America,2018,out_of_school,1379.0
BRB,Barbados,Europe and Northern America,2019,out_of_school,1333.0
BRB,Barbados,Europe and Northern America,2020,out_of_school,1562.0
BRB,Barbados,Europe and Northern America,2021,out_of_school,1935.0
BRB,Barbados,Europe and Northern America,2022,out_of_school,2385.0
BRB,Barbados,Europe and Northern America,2023,out_of_school,2832.0
BLR,Belarus,Europe and Northern America,1995,out_of_school,93543.0
BLR,Belarus,Europe and Northern America,2001,out_of_school,0.0
BLR,Belarus,Europe and Northern America,2002,out_of_school,2795.0
BLR,Belarus,Europe and Northern America,2003,out_of_school,1806.0
BLR,Belarus,Europe and Northern America,2004,out_of_school,7319.0
BLR,Belarus,Europe and Northern America,2005,out_of_school,6526.0
BLR,Belarus,Europe and Northern America,2006,out_of_school,5123.0
BLR,Belarus,Europe and Northern America,2007,out_of_school,4066.0
BLR,Belarus,Europe and Northern America,2008,out_of_school,1838.0
BLR,Belarus,Europe and Northern America,2009,out_of_school,2565.0
BLR,Belarus,Europe and Northern America,2010,out_of_school,2196.0
BLR,Belarus,Europe and Northern America,2011,out_of_school,2100.0
BLR,Belarus,Europe and Northern America,2012,out_of_school,2240.0
BLR,Belarus,Europe and Northern America,2013,out_of_school,1898.0
BLR,Belarus,Europe and Northern America,2014,out_of_school,5759.0
BLR,Belarus,Europe and Northern America,2015,out_of_school,8570.0
BLR,Belarus,Europe and Northern America,2016,out_of_school,8890.0
BLR,Belarus,Europe and Northern America,2017,out_of_school,11766.0
BLR,Belarus,Europe and Northern America,2018,out_of_school,15398.0
BLR,Belarus,Europe and Northern America,2019,out_of_school,20343.0
BLR,Belarus,Europe and Northern America,2020,out_of_school,23041.0
BLR,Belarus,Europe and Northern America,2021,out_of_school,23529.0
BLR,Belarus,Europe and Northern America,2022,out_of_school,25136.0
BLR,Belarus,Europe and Northern America,2023,out_of_school,17400.0
BEL,Belgium,Europe and Northern America,1991,out_of_school,35426.0
BEL,Belgium,Europe and Northern America,1992,out_of_school,37582.0
BEL,Belgium,Europe and Northern America,1993,out_of_school,13055.0
BEL,Belgium,Europe and Northern America,1994,out_of_school,11493.0
BEL,Belgium,Europe and Northern America,1995,out_of_school,11241.0
BEL,Belgium,Europe and Northern America,1996,out_of_school,10209.0
BEL,Belgium,Europe and Northern America,1999,out_of_school,10512.0
BEL,Belgium,Europe and Northern America,2000,out_of_school,7831.0
BEL,Belgium,Europe and Northern America,2001,out_of_school,870.0
BEL,Belgium,Europe and Northern America,2002,out_of_school,654.0
BEL,Belgium,Europe and Northern America,2003,out_of_school,873.0
BEL,Belgium,Europe and Northern America,2004,out_of_school,4279.0
BEL,Belgium,Europe and Northern America,2005,out_of_school,3938.0
BEL,Belgium,Europe and Northern America,2006,out_of_school,5449.0
BEL,Belgium,Europe and Northern America,2007,out_of_school,6624.0
BEL,Belgium,Europe and Northern America,2008,out_of_school,7844.0
BEL,Belgium,Europe and Northern America,2009,out_of_school,8792.0
BEL,Belgium,Europe and Northern America,2010,out_of_school,9272.0
BEL,Belgium,Europe and Northern America,2011,out_of_school,15271.0
BEL,Belgium,Europe and Northern America,2012,out_of_school,13766.0
BEL,Belgium,Europe and Northern America,2013,out_of_school,13387.0
BEL,Belgium,Europe and Northern America,2014,out_of_school,13738.0
BEL,Belgium,Europe and Northern America,2015,out_of_school,14170.0
BEL,Belgium,Europe and Northern America,2016,out_of_school,14994.0
BEL,Belgium,Europe and Northern America,2017,out_of_school,10963.0
BEL,Belgium,Europe and Northern America,2018,out_of_school,10723.0
BEL,Belgium,Europe and Northern America,2019,out_of_school,10858.0
BEL,Belgium,Europe and Northern America,2020,out_of_school,9921.0
BEL,Belgium,Europe and Northern America,2021,out_of_school,11848.0
BEL,Belgium,Europe and Northern America,2022,out_of_school,9771.0
BLZ,Belize,Europe and Northern America,1999,out_of_school,920.0
BLZ,Belize,Europe and Northern America,2000,out_of_school,944.0
BLZ,Belize,Europe and Northern America,2001,out_of_school,933.0
BLZ,Belize,Europe and Northern America,2003,out_of_school,586.0
BLZ,Belize,Europe and Northern America,2004,out_of_school,588.0
BLZ,Belize,Europe and Northern America,2005,out_of_school,138.0
BLZ,Belize,Europe and Northern America,2006,out_of_school,250.0
BLZ,Belize,Europe and Northern America,2007,out_of_school,365.0
BLZ,Belize,Europe and Northern America,2008,out_of_school,450.0
BLZ,Belize,Europe and Northern America,2009,out_of_school,671.0
BLZ,Belize,Europe and Northern America,2010,out_of_school,659.0
BLZ,Belize,Europe and Northern America,2011,out_of_school,682.0
BLZ,Belize,Europe and Northern America,2012,out_of_school,253.0
BLZ,Belize,Europe and Northern America,2013,out_of_school,33.0
BLZ,Belize,Europe and Northern America,2014,out_of_school,250.0
BLZ,Belize,Europe and Northern America,2015,out_of_school,179.0
BLZ,Belize,Europe and Northern America,2016,out_of_school,234.0
BLZ,Belize,Europe and Northern America,2017,out_of_school,115.0
BLZ,Belize,Europe and Northern America,2018,out_of_school,195.0
BLZ,Belize,Europe and Northern America,2019,out_of_school,419.0
BLZ,Belize,Europe and Northern America,2020,out_of_school,254.0
BLZ,Belize,Europe and Northern America,2021,out_of_school,1808.0
BLZ,Belize,Europe and Northern America,2022,out_of_school,3636.0
BLZ,Belize,Europe and Northern America,2023,out_of_school,5322.0
BEN,Benin,Sub-Saharan Africa,1990,out_of_school,564677.0
BEN,Benin,Sub-Saharan Africa,1992,out_of_school,524209.0
BEN,Benin,Sub-Saharan Africa,1993,out_of_school,503897.0
BEN,Benin,Sub-Saharan Africa,1994,out_of_school,509735.0
BEN,Benin,Sub-Saharan Africa,1995,out_of_school,498878.0
BEN,Benin,Sub-Saharan Africa,1996,out_of_school,490438.0
BEN,Benin,Sub-Saharan Africa,1997,out_of_school,467298.0
BEN,Benin,Sub-Saharan Africa,2003,out_of_school,277823.0
BEN,Benin,Sub-Saharan Africa,2004,out_of_school,244443.0
BEN,Benin,Sub-Saharan Africa,2005,out_of_school,304245.0
BEN,Benin,Sub-Saharan Africa,2006,out_of_school,275461.0
BEN,Benin,Sub-Saharan Africa,2008,out_of_school,228603.0
BEN,Benin,Sub-Saharan Africa,2009,out_of_school,146181.0
BEN,Benin,Sub-Saharan Africa,2010,out_of_school,125380.0
BEN,Benin,Sub-Saharan Africa,2011,out_of_school,113072.0
BEN,Benin,Sub-Saharan Africa,2012,out_of_school,68882.0
BEN,Benin,Sub-Saharan Africa,2013,out_of_school,66445.0
BEN,Benin,Sub-Saharan Africa,2014,out_of_school,62073.0
BEN,Benin,Sub-Saharan Africa,2016,out_of_school,57156.0
BEN,Benin,Sub-Saharan Africa,2017,out_of_school,137769.0
BEN,Benin,Sub-Saharan Africa,2018,out_of_school,198477.0
BEN,Benin,Sub-Saharan Africa,2019,out_of_school,294370.0
BEN,Benin,Sub-Saharan Africa,2020,out_of_school,314551.0
BEN,Benin,Sub-Saharan Africa,2021,out_of_school,261877.0
BEN,Benin,Sub-Saharan Africa,2022,out_of_school,213285.0
BMU,Bermuda,Europe and Northern America,2005,out_of_school,216.0
BMU,Bermuda,Europe and Northern America,2011,out_of_school,161.0
BMU,Bermuda,Europe and Northern America,2012,out_of_school,142.0
BTN,Bhutan,Central and Southern Asia,1998,out_of_school,46719.0
BTN,Bhutan,Central and Southern Asia,1999,out_of_school,46441.0
BTN,Bhutan,Central and Southern Asia,2000,out_of_school,44897.0
BTN,Bhutan,Central and Southern Asia,2001,out_of_school,42948.0
BTN,Bhutan,Central and Southern Asia,2005,out_of_school,30881.0
BTN,Bhutan,Central and Southern Asia,2006,out_of_school,24984.0
BTN,Bhutan,Central and Southern Asia,2008,out_of_school,17016.0
BTN,Bhutan,Central and Southern Asia,2009,out_of_school,11692.0
BTN,Bhutan,Central and Southern Asia,2010,out_of_school,9292.0
BTN,Bhutan,Central and Southern Asia,2011,out_of_school,8703.0
BTN,Bhutan,Central and Southern Asia,2012,out_of_school,7446.0
BTN,Bhutan,Central and Southern Asia,2013,out_of_school,8923.0
BTN,Bhutan,Central and Southern Asia,2015,out_of_school,10446.0
BTN,Bhutan,Central and Southern Asia,2016,out_of_school,10929.0
BTN,Bhutan,Central and Southern Asia,2017,out_of_school,11055.0
BTN,Bhutan,Central and Southern Asia,2018,out_of_school,8759.0
BTN,Bhutan,Central and Southern Asia,2020,out_of_school,4954.0
BTN,Bhutan,Central and Southern Asia,2021,out_of_school,14142.0
BTN,Bhutan,Central and Southern Asia,2022,out_of_school,8653.0
BTN,Bhutan,Central and Southern Asia,2024,out_of_school,8385.0
BOL,Bolivia,Latin America and the Caribbean,1998,out_of_school,8558.0
BOL,Bolivia,Latin America and the Caribbean,1999,out_of_school,5702.0
BOL,Bolivia,Latin America and the Caribbean,2000,out_of_school,1029.0
BOL,Bolivia,Latin America and the Caribbean,2001,out_of_school,3130.0
BOL,Bolivia,Latin America and the Caribbean,2002,out_of_school,3118.0
BOL,Bolivia,Latin America and the Caribbean,2003,out_of_school,5282.0
BOL,Bolivia,Latin America and the Caribbean,2004,out_of_school,8518.0
BOL,Bolivia,Latin America and the Caribbean,2005,out_of_school,7184.0
BOL,Bolivia,Latin America and the Caribbean,2006,out_of_school,6965.0
BOL,Bolivia,Latin America and the Caribbean,2007,out_of_school,6470.0
BOL,Bolivia,Latin America and the Caribbean,2008,out_of_school,3622.0
BOL,Bolivia,Latin America and the Caribbean,2009,out_of_school,19605.0
BOL,Bolivia,Latin America and the Caribbean,2010,out_of_school,58350.0
BOL,Bolivia,Latin America and the Caribbean,2011,out_of_school,93279.0
BOL,Bolivia,Latin America and the Caribbean,2012,out_of_school,135589.0
BOL,Bolivia,Latin America and the Caribbean,2013,out_of_school,147734.0
BOL,Bolivia,Latin America and the Caribbean,2014,out_of_school,155614.0
BOL,Bolivia,Latin America and the Caribbean,2015,out_of_school,155958.0
BOL,Bolivia,Latin America and the Caribbean,2016,out_of_school,145719.0
BOL,Bolivia,Latin America and the Caribbean,2017,out_of_school,125129.0
BOL,Bolivia,Latin America and the Caribbean,2018,out_of_school,101618.0
BOL,Bolivia,Latin America and the Caribbean,2019,out_of_school,84476.0
BOL,Bolivia,Latin America and the Caribbean,2020,out_of_school,71200.0
BOL,Bolivia,Latin America and the Caribbean,2021,out_of_school,58725.0
BOL,Bolivia,Latin America and the Caribbean,2022,out_of_school,47675.0
BOL,Bolivia,Latin America and the Caribbean,2023,out_of_school,58597.0
BIH,Bosnia and Herzegovina,Europe and Northern America,2009,out_of_school,21750.0
BIH,Bosnia and Herzegovina,Europe and Northern America,2010,out_of_school,20719.0
BIH,Bosnia and Herzegovina,Europe and Northern America,2011,out_of_school,19769.0
BIH,Bosnia and Herzegovina,Europe and Northern America,2012,out_of_school,21575.0
BIH,Bosnia and Herzegovina,Europe and Northern America,2013,out_of_school,20272.0
BIH,Bosnia and Herzegovina,Europe and Northern America,2014,out_of_school,17435.0
BIH,Bosnia and Herzegovina,Europe and Northern America,2015,out_of_school,13611.0
BIH,Bosnia and Herzegovina,Europe and Northern America,2016,out_of_school,8183.0
BIH,Bosnia and Herzegovina,Europe and Northern America,2017,out_of_school,3236.0
BIH,Bosnia and Herzegovina,Europe and Northern America,2018,out_of_school,1125.0
BIH,Bosnia and Herzegovina,Europe and Northern America,2020,out_of_school,2798.0
BIH,Bosnia and Herzegovina,Europe and Northern America,2021,out_of_school,2263.0
BIH,Bosnia and Herzegovina,Europe and Northern America,2022,out_of_school,2119.0
BIH,Bosnia and Herzegovina,Europe and Northern America,2023,out_of_school,2933.0
BWA,Botswana,Sub-Saharan Africa,1990,out_of_school,25308.0
BWA,Botswana,Sub-Saharan Africa,1991,out_of_school,20567.0
BWA,Botswana,Sub-Saharan Africa,1992,out_of_school,24651.0
BWA,Botswana,Sub-Saharan Africa,1993,out_of_school,28544.0
BWA,Botswana,Sub-Saharan Africa,1994,out_of_school,30814.0
BWA,Botswana,Sub-Saharan Africa,1995,out_of_school,59416.0
BWA,Botswana,Sub-Saharan Africa,1996,out_of_school,58565.0
BWA,Botswana,Sub-Saharan Africa,1998,out_of_school,50241.0
BWA,Botswana,Sub-Saharan Africa,1999,out_of_school,52141.0
BWA,Botswana,Sub-Saharan Africa,2000,out_of_school,48940.0
BWA,Botswana,Sub-Saharan Africa,2001,out_of_school,43745.0
BWA,Botswana,Sub-Saharan Africa,2002,out_of_school,42120.0
BWA,Botswana,Sub-Saharan Africa,2003,out_of_school,39508.0
BWA,Botswana,Sub-Saharan Africa,2004,out_of_school,34508.0
BWA,Botswana,Sub-Saharan Africa,2005,out_of_school,31241.0
BWA,Botswana,Sub-Saharan Africa,2006,out_of_school,27263.0
BWA,Botswana,Sub-Saharan Africa,2007,out_of_school,30155.0
BWA,Botswana,Sub-Saharan Africa,2008,out_of_school,32202.0
BWA,Botswana,Sub-Saharan Africa,2009,out_of_school,32910.0
BWA,Botswana,Sub-Saharan Africa,2012,out_of_school,28382.0
BWA,Botswana,Sub-Saharan Africa,2013,out_of_school,34679.0
BWA,Botswana,Sub-Saharan Africa,2014,out_of_school,39617.0
BWA,Botswana,Sub-Saharan Africa,2015,out_of_school,43738.0
BWA,Botswana,Sub-Saharan Africa,2017,out_of_school,36057.0
BRA,Brazil,Latin America and the Caribbean,1999,out_of_school,382013.0
BRA,Brazil,Latin America and the Caribbean,2012,out_of_school,896213.0
BRA,Brazil,Latin America and the Caribbean,2013,out_of_school,602121.0
BRA,Brazil,Latin America and the Caribbean,2014,out_of_school,600337.0
BRA,Brazil,Latin America and the Caribbean,2015,out_of_school,658888.0
BRA,Brazil,Latin America and the Caribbean,2016,out_of_school,630849.0
BRA,Brazil,Latin America and the Caribbean,2017,out_of_school,619485.0
BRA,Brazil,Latin America and the Caribbean,2018,out_of_school,709047.0
BRA,Brazil,Latin America and the Caribbean,2019,out_of_school,612571.0
BRA,Brazil,Latin America and the Caribbean,2020,out_of_school,658477.0
BRA,Brazil,Latin America and the Caribbean,2021,out_of_school,768294.0
BRA,Brazil,Latin America and the Caribbean,2022,out_of_school,585579.0
VGB,British Virgin Islands,Europe and Northern America,1990,out_of_school,86.0
VGB,British Virgin Islands,Europe and Northern America,1991,out_of_school,59.0
VGB,British Virgin Islands,Europe and Northern America,1992,out_of_school,42.0
VGB,British Virgin Islands,Europe and Northern America,1994,out_of_school,38.0
VGB,British Virgin Islands,Europe and Northern America,1999,out_of_school,21.0
VGB,British Virgin Islands,Europe and Northern America,2000,out_of_school,358.0
VGB,British Virgin Islands,Europe and Northern America,2001,out_of_school,136.0
VGB,British Virgin Islands,Europe and Northern America,2002,out_of_school,65.0
VGB,British Virgin Islands,Europe and Northern America,2003,out_of_school,75.0
VGB,British Virgin Islands,Europe and Northern America,2005,out_of_school,228.0
VGB,British Virgin Islands,Europe and Northern America,2006,out_of_school,293.0
VGB,British Virgin Islands,Europe and Northern America,2007,out_of_school,18.0
VGB,British Virgin Islands,Europe and Northern America,2009,out_of_school,20.0
VGB,British Virgin Islands,Europe and Northern America,2010,out_of_school,18.0
VGB,British Virgin Islands,Europe and Northern America,2011,out_of_school,22.0
VGB,British Virgin Islands,Europe and Northern America,2012,out_of_school,133.0
VGB,British Virgin Islands,Europe and Northern America,2013,out_of_school,222.0
VGB,British Virgin Islands,Europe and Northern America,2014,out_of_school,226.0
VGB,British Virgin Islands,Europe and Northern America,2015,out_of_school,339.0
VGB,British Virgin Islands,Europe and Northern America,2016,out_of_school,431.0
VGB,British Virgin Islands,Europe and Northern America,2017,out_of_school,217.0
VGB,British Virgin Islands,Europe and Northern America,2018,out_of_school,800.0
VGB,British Virgin Islands,Europe and Northern America,2019,out_of_school,624.0
VGB,British Virgin Islands,Europe and Northern America,2020,out_of_school,137.0
VGB,British Virgin Islands,Europe and Northern America,2021,out_of_school,267.0
VGB,British Virgin Islands,Europe and Northern America,2022,out_of_school,767.0
VGB,British Virgin Islands,Europe and Northern America,2024,out_of_school,344.0
BRN,Brunei,Central and Southern Asia,1991,out_of_school,1951.0
BRN,Brunei,Central and Southern Asia,1992,out_of_school,2047.0
BRN,Brunei,Central and Southern Asia,1993,out_of_school,1488.0
BRN,Brunei,Central and Southern Asia,1994,out_of_school,1862.0
BRN,Brunei,Central and Southern Asia,1995,out_of_school,1248.0
BRN,Brunei,Central and Southern Asia,2011,out_of_school,1239.108
BRN,Brunei,Central and Southern Asia,2012,out_of_school,638.27905
BRN,Brunei,Central and Southern Asia,2013,out_of_school,866.04736
BRN,Brunei,Central and Southern Asia,2014,out_of_school,479.07874
BRN,Brunei,Central and Southern Asia,2015,out_of_school,295.28513
BRN,Brunei,Central and Southern Asia,2016,out_of_school,627.1345
BRN,Brunei,Central and Southern Asia,2017,out_of_school,597.5175
BRN,Brunei,Central and Southern Asia,2018,out_of_school,615.16113
BRN,Brunei,Central and Southern Asia,2019,out_of_school,573.7098
BRN,Brunei,Central and Southern Asia,2020,out_of_school,422.65042
BRN,Brunei,Central and Southern Asia,2021,out_of_school,700.8597
BRN,Brunei,Central and Southern Asia,2022,out_of_school,371.36353
BRN,Brunei,Central and Southern Asia,2023,out_of_school,232.8956
BGR,Bulgaria,Europe and Northern America,1996,out_of_school,19878.0
BGR,Bulgaria,Europe and Northern America,1997,out_of_school,17240.0
BGR,Bulgaria,Europe and Northern America,1998,out_of_school,5011.0
BGR,Bulgaria,Europe and Northern America,1999,out_of_school,1855.0
BGR,Bulgaria,Europe and Northern America,2000,out_of_school,4458.0
BGR,Bulgaria,Europe and Northern America,2001,out_of_school,5572.0
BGR,Bulgaria,Europe and Northern America,2002,out_of_school,1172.0
BGR,Bulgaria,Europe and Northern America,2003,out_of_school,1123.0
BGR,Bulgaria,Europe and Northern America,2004,out_of_school,1122.0
BGR,Bulgaria,Europe and Northern America,2005,out_of_school,309.0
BGR,Bulgaria,Europe and Northern America,2006,out_of_school,412.0
BGR,Bulgaria,Europe and Northern America,2007,out_of_school,179.0
BGR,Bulgaria,Europe and Northern America,2008,out_of_school,168.0
BGR,Bulgaria,Europe and Northern America,2009,out_of_school,2682.0
BGR,Bulgaria,Europe and Northern America,2010,out_of_school,2171.0
BGR,Bulgaria,Europe and Northern America,2011,out_of_school,3740.0
BGR,Bulgaria,Europe and Northern America,2012,out_of_school,6304.0
BGR,Bulgaria,Europe and Northern America,2013,out_of_school,9500.0
BGR,Bulgaria,Europe and Northern America,2014,out_of_school,8486.0
BGR,Bulgaria,Europe and Northern America,2015,out_of_school,7892.0
BGR,Bulgaria,Europe and Northern America,2016,out_of_school,8978.0
BGR,Bulgaria,Europe and Northern America,2017,out_of_school,9580.0
BGR,Bulgaria,Europe and Northern America,2018,out_of_school,10952.0
BGR,Bulgaria,Europe and Northern America,2019,out_of_school,11136.0
BGR,Bulgaria,Europe and Northern America,2020,out_of_school,10835.0
BGR,Bulgaria,Europe and Northern America,2021,out_of_school,12534.0
BGR,Bulgaria,Europe and Northern America,2022,out_of_school,12899.0
BGR,Bulgaria,Europe and Northern America,2023,out_of_school,13937.0
BFA,Burkina Faso,Sub-Saharan Africa,1991,out_of_school,1155723.0
BFA,Burkina Faso,Sub-Saharan Africa,1992,out_of_school,1187241.0
BFA,Burkina Faso,Sub-Saharan Africa,1993,out_of_school,1210720.0
BFA,Burkina Faso,Sub-Saharan Africa,1994,out_of_school,1228796.0
BFA,Burkina Faso,Sub-Saharan Africa,1995,out_of_school,1238279.0
BFA,Burkina Faso,Sub-Saharan Africa,1998,out_of_school,1276324.0
BFA,Burkina Faso,Sub-Saharan Africa,1999,out_of_school,1293085.0
BFA,Burkina Faso,Sub-Saharan Africa,2000,out_of_school,1294621.0
BFA,Burkina Faso,Sub-Saharan Africa,2001,out_of_school,1299670.0
BFA,Burkina Faso,Sub-Saharan Africa,2002,out_of_school,1346670.0
BFA,Burkina Faso,Sub-Saharan Africa,2003,out_of_school,1327834.0
BFA,Burkina Faso,Sub-Saharan Africa,2004,out_of_school,1313496.0
BFA,Burkina Faso,Sub-Saharan Africa,2005,out_of_school,1239744.0
BFA,Burkina Faso,Sub-Saharan Africa,2006,out_of_school,1191410.0
BFA,Burkina Faso,Sub-Saharan Africa,2007,out_of_school,1101634.0
BFA,Burkina Faso,Sub-Saharan Africa,2008,out_of_school,989914.0
BFA,Burkina Faso,Sub-Saharan Africa,2009,out_of_school,946050.0
BFA,Burkina Faso,Sub-Saharan Africa,2010,out_of_school,1097955.0
BFA,Burkina Faso,Sub-Saharan Africa,2011,out_of_school,1009021.0
BFA,Burkina Faso,Sub-Saharan Africa,2012,out_of_school,1017434.0
BFA,Burkina Faso,Sub-Saharan Africa,2013,out_of_school,1028782.0
BFA,Burkina Faso,Sub-Saharan Africa,2014,out_of_school,1035705.0
BFA,Burkina Faso,Sub-Saharan Africa,2015,out_of_school,1033081.0
BFA,Burkina Faso,Sub-Saharan Africa,2016,out_of_school,895083.0
BFA,Burkina Faso,Sub-Saharan Africa,2017,out_of_school,896835.0
BFA,Burkina Faso,Sub-Saharan Africa,2018,out_of_school,856576.0
BFA,Burkina Faso,Sub-Saharan Africa,2019,out_of_school,929225.0
BFA,Burkina Faso,Sub-Saharan Africa,2020,out_of_school,1053837.0
BFA,Burkina Faso,Sub-Saharan Africa,2021,out_of_school,1098540.0
BFA,Burkina Faso,Sub-Saharan Africa,2022,out_of_school,1244709.0
BFA,Burkina Faso,Sub-Saharan Africa,2023,out_of_school,1647302.0
BDI,Burundi,Sub-Saharan Africa,1993,out_of_school,579607.0
BDI,Burundi,Sub-Saharan Africa,2000,out_of_school,686242.0
BDI,Burundi,Sub-Saharan Africa,2001,out_of_school,591898.0
BDI,Burundi,Sub-Saharan Africa,2002,out_of_school,573867.0
BDI,Burundi,Sub-Saharan Africa,2003,out_of_school,540258.0
BDI,Burundi,Sub-Saharan Africa,2004,out_of_school,528301.0
BDI,Burundi,Sub-Saharan Africa,2005,out_of_school,486110.0
BDI,Burundi,Sub-Saharan Africa,2006,out_of_school,271932.0
BDI,Burundi,Sub-Saharan Africa,2007,out_of_school,180610.0
BDI,Burundi,Sub-Saharan Africa,2008,out_of_school,89767.0
BDI,Burundi,Sub-Saharan Africa,2009,out_of_school,123436.0
BDI,Burundi,Sub-Saharan Africa,2010,out_of_school,79877.0
BDI,Burundi,Sub-Saharan Africa,2011,out_of_school,75400.0
BDI,Burundi,Sub-Saharan Africa,2012,out_of_school,97388.0
BDI,Burundi,Sub-Saharan Africa,2014,out_of_school,150486.0
BDI,Burundi,Sub-Saharan Africa,2015,out_of_school,197870.0
BDI,Burundi,Sub-Saharan Africa,2016,out_of_school,237695.0
BDI,Burundi,Sub-Saharan Africa,2017,out_of_school,334526.0
BDI,Burundi,Sub-Saharan Africa,2018,out_of_school,408626.0
BDI,Burundi,Sub-Saharan Africa,2019,out_of_school,460784.0
BDI,Burundi,Sub-Saharan Africa,2020,out_of_school,467022.0
KHM,Cambodia,Central and Southern Asia,1997,out_of_school,290788.0
KHM,Cambodia,Central and Southern Asia,1998,out_of_school,362398.0
KHM,Cambodia,Central and Southern Asia,1999,out_of_school,337522.0
KHM,Cambodia,Central and Southern Asia,2000,out_of_school,227015.0
KHM,Cambodia,Central and Southern Asia,2003,out_of_school,89285.0
KHM,Cambodia,Central and Southern Asia,2006,out_of_school,103853.0
KHM,Cambodia,Central and Southern Asia,2007,out_of_school,81760.0
KHM,Cambodia,Central and Southern Asia,2008,out_of_school,93303.0
KHM,Cambodia,Central and Southern Asia,2010,out_of_school,124229.0
KHM,Cambodia,Central and Southern Asia,2011,out_of_school,25105.0
KHM,Cambodia,Central and Southern Asia,2012,out_of_school,47785.0
KHM,Cambodia,Central and Southern Asia,2014,out_of_school,166042.0
KHM,Cambodia,Central and Southern Asia,2015,out_of_school,160776.0
KHM,Cambodia,Central and Southern Asia,2016,out_of_school,199386.0
KHM,Cambodia,Central and Southern Asia,2017,out_of_school,229625.0
KHM,Cambodia,Central and Southern Asia,2018,out_of_school,222356.0
KHM,Cambodia,Central and Southern Asia,2019,out_of_school,188935.0
KHM,Cambodia,Central and Southern Asia,2020,out_of_school,190883.0
KHM,Cambodia,Central and Southern Asia,2021,out_of_school,223796.0
KHM,Cambodia,Central and Southern Asia,2022,out_of_school,320435.0
KHM,Cambodia,Central and Southern Asia,2023,out_of_school,159915.6
CMR,Cameroon,Sub-Saharan Africa,1990,out_of_school,490692.0
CMR,Cameroon,Sub-Saharan Africa,1991,out_of_school,538421.0
CMR,Cameroon,Sub-Saharan Africa,2008,out_of_school,376363.0
CMR,Cameroon,Sub-Saharan Africa,2009,out_of_school,303800.0
CMR,Cameroon,Sub-Saharan Africa,2011,out_of_school,278416.0
CMR,Cameroon,Sub-Saharan Africa,2012,out_of_school,195511.0
CMR,Cameroon,Sub-Saharan Africa,2014,out_of_school,185722.0
CMR,Cameroon,Sub-Saharan Africa,2015,out_of_school,177176.0
CMR,Cameroon,Sub-Saharan Africa,2016,out_of_school,176977.0
CMR,Cameroon,Sub-Saharan Africa,2017,out_of_school,226734.0
CMR,Cameroon,Sub-Saharan Africa,2019,out_of_school,307267.0
CMR,Cameroon,Sub-Saharan Africa,2020,out_of_school,190742.56
CMR,Cameroon,Sub-Saharan Africa,2021,out_of_school,189769.0
CMR,Cameroon,Sub-Saharan Africa,2022,out_of_school,172874.0
CMR,Cameroon,Sub-Saharan Africa,2023,out_of_school,167116.0
CAN,Canada,Europe and Northern America,1990,out_of_school,134843.0
CAN,Canada,Europe and Northern America,1991,out_of_school,80828.0
CAN,Canada,Europe and Northern America,1992,out_of_school,78569.0
CAN,Canada,Europe and Northern America,1993,out_of_school,110006.0
CAN,Canada,Europe and Northern America,1994,out_of_school,112876.0
CAN,Canada,Europe and Northern America,1995,out_of_school,138268.0
CAN,Canada,Europe and Northern America,1996,out_of_school,128911.0
CAN,Canada,Europe and Northern America,1998,out_of_school,72513.0
CAN,Canada,Europe and Northern America,1999,out_of_school,50615.0
CAN,Canada,Europe and Northern America,2000,out_of_school,14517.0
CAN,Canada,Europe and Northern America,2012,out_of_school,11171.0
CAN,Canada,Europe and Northern America,2013,out_of_school,13615.0
CAN,Canada,Europe and Northern America,2014,out_of_school,10728.0
CAN,Canada,Europe and Northern America,2015,out_of_school,6768.0
CAN,Canada,Europe and Northern America,2016,out_of_school,34118.0
CAN,Canada,Europe and Northern America,2017,out_of_school,32791.0
CAN,Canada,Europe and Northern America,2018,out_of_school,32648.0
CAN,Canada,Europe and Northern America,2019,out_of_school,69676.0
CAN,Canada,Europe and Northern America,2020,out_of_school,77439.0
CAN,Canada,Europe and Northern America,2021,out_of_school,119579.0
CAN,Canada,Europe and Northern America,2022,out_of_school,132402.0
CPV,Cape Verde,Sub-Saharan Africa,1990,out_of_school,6127.0
CPV,Cape Verde,Sub-Saharan Africa,1994,out_of_school,4661.0
CPV,Cape Verde,Sub-Saharan Africa,1998,out_of_school,2401.0
CPV,Cape Verde,Sub-Saharan Africa,2000,out_of_school,2723.0
CPV,Cape Verde,Sub-Saharan Africa,2001,out_of_school,3561.0
CPV,Cape Verde,Sub-Saharan Africa,2002,out_of_school,3194.0
CPV,Cape Verde,Sub-Saharan Africa,2003,out_of_school,3065.0
CPV,Cape Verde,Sub-Saharan Africa,2004,out_of_school,4147.0
CPV,Cape Verde,Sub-Saharan Africa,2005,out_of_school,3812.0
CPV,Cape Verde,Sub-Saharan Africa,2006,out_of_school,3796.0
CPV,Cape Verde,Sub-Saharan Africa,2007,out_of_school,4893.0
CPV,Cape Verde,Sub-Saharan Africa,2008,out_of_school,5400.0
CPV,Cape Verde,Sub-Saharan Africa,2009,out_of_school,5602.0
CPV,Cape Verde,Sub-Saharan Africa,2010,out_of_school,5472.0
CPV,Cape Verde,Sub-Saharan Africa,2011,out_of_school,5048.0
CPV,Cape Verde,Sub-Saharan Africa,2012,out_of_school,3617.0
CPV,Cape Verde,Sub-Saharan Africa,2013,out_of_school,3349.0
CPV,Cape Verde,Sub-Saharan Africa,2014,out_of_school,3140.0
CPV,Cape Verde,Sub-Saharan Africa,2015,out_of_school,2968.0
CPV,Cape Verde,Sub-Saharan Africa,2016,out_of_school,3160.0
CPV,Cape Verde,Sub-Saharan Africa,2017,out_of_school,3048.0
CPV,Cape Verde,Sub-Saharan Africa,2018,out_of_school,2203.0
CPV,Cape Verde,Sub-Saharan Africa,2019,out_of_school,2244.0
CPV,Cape Verde,Sub-Saharan Africa,2020,out_of_school,3159.0
CPV,Cape Verde,Sub-Saharan Africa,2021,out_of_school,2820.0
CYM,Cayman Islands,Europe and Northern America,1999,out_of_school,181.0
CYM,Cayman Islands,Europe and Northern America,2000,out_of_school,45.0
CYM,Cayman Islands,Europe and Northern America,2001,out_of_school,63.0
CYM,Cayman Islands,Europe and Northern America,2002,out_of_school,39.0
CYM,Cayman Islands,Europe and Northern America,2004,out_of_school,128.0
CYM,Cayman Islands,Europe and Northern America,2005,out_of_school,333.0
CYM,Cayman Islands,Europe and Northern America,2006,out_of_school,185.0
CYM,Cayman Islands,Europe and Northern America,2007,out_of_school,26.0
CYM,Cayman Islands,Europe and Northern America,2008,out_of_school,163.0
CYM,Cayman Islands,Europe and Northern America,2011,out_of_school,62.0
CYM,Cayman Islands,Europe and Northern America,2012,out_of_school,61.0
CYM,Cayman Islands,Europe and Northern America,2013,out_of_school,88.0
CYM,Cayman Islands,Europe and Northern America,2014,out_of_school,55.68124
CYM,Cayman Islands,Europe and Northern America,2015,out_of_school,147.76428
CYM,Cayman Islands,Europe and Northern America,2016,out_of_school,124.0
CYM,Cayman Islands,Europe and Northern America,2017,out_of_school,254.0
CYM,Cayman Islands,Europe and Northern America,2018,out_of_school,274.0
CYM,Cayman Islands,Europe and Northern America,2019,out_of_school,344.0
CYM,Cayman Islands,Europe and Northern America,2020,out_of_school,196.0
CYM,Cayman Islands,Europe and Northern America,2021,out_of_school,266.0
CYM,Cayman Islands,Europe and Northern America,2022,out_of_school,79.0
CYM,Cayman Islands,Europe and Northern America,2023,out_of_school,6.0
CAF,Central African Republic,Sub-Saharan Africa,1990,out_of_school,188652.0
CAF,Central African Republic,Sub-Saharan Africa,1991,out_of_school,222870.0
CAF,Central African Republic,Sub-Saharan Africa,2005,out_of_school,415049.0
CAF,Central African Republic,Sub-Saharan Africa,2006,out_of_school,422895.0
CAF,Central African Republic,Sub-Saharan Africa,2007,out_of_school,378045.0
CAF,Central African Republic,Sub-Saharan Africa,2008,out_of_school,321940.0
CAF,Central African Republic,Sub-Saharan Africa,2009,out_of_school,325989.0
CAF,Central African Republic,Sub-Saharan Africa,2010,out_of_school,298341.0
CAF,Central African Republic,Sub-Saharan Africa,2011,out_of_school,322446.0
CAF,Central African Republic,Sub-Saharan Africa,2012,out_of_school,306334.0
,Central and Southern Asia (SDG),,2000,out_of_school,54760000.0
,Central and Southern Asia (SDG),,2001,out_of_school,51420000.0
,Central and Southern Asia (SDG),,2002,out_of_school,48520000.0
,Central and Southern Asia (SDG),,2003,out_of_school,45720000.0
,Central and Southern Asia (SDG),,2004,out_of_school,43680000.0
,Central and Southern Asia (SDG),,2005,out_of_school,41700000.0
,Central and Southern Asia (SDG),,2006,out_of_school,39740000.0
,Central and Southern Asia (SDG),,2007,out_of_school,37820000.0
,Central and Southern Asia (SDG),,2008,out_of_school,35760000.0
,Central and Southern Asia (SDG),,2009,out_of_school,34450000.0
,Central and Southern Asia (SDG),,2010,out_of_school,32390000.0
,Central and Southern Asia (SDG),,2011,out_of_school,30760000.0
,Central and Southern Asia (SDG),,2012,out_of_school,29370000.0
,Central and Southern Asia (SDG),,2013,out_of_school,28300000.0
,Central and Southern Asia (SDG),,2014,out_of_school,26880000.0
,Central and Southern Asia (SDG),,2015,out_of_school,25490000.0
,Central and Southern Asia (SDG),,2016,out_of_school,23810000.0
,Central and Southern Asia (SDG),,2017,out_of_school,21890000.0
,Central and Southern Asia (SDG),,2018,out_of_school,20080000.0
,Central and Southern Asia (SDG),,2019,out_of_school,18380000.0
,Central and Southern Asia (SDG),,2020,out_of_school,17010000.0
,Central and Southern Asia (SDG),,2021,out_of_school,15960000.0
,Central and Southern Asia (SDG),,2022,out_of_school,15600000.0
,Central and Southern Asia (SDG),,2023,out_of_school,15090000.0
TCD,Chad,Sub-Saharan Africa,1996,out_of_school,778824.0
TCD,Chad,Sub-Saharan Africa,1997,out_of_school,742549.0
TCD,Chad,Sub-Saharan Africa,1998,out_of_school,710846.0
TCD,Chad,Sub-Saharan Africa,1999,out_of_school,728965.0
TCD,Chad,Sub-Saharan Africa,2000,out_of_school,747434.0
TCD,Chad,Sub-Saharan Africa,2001,out_of_school,756863.0
TCD,Chad,Sub-Saharan Africa,2002,out_of_school,723443.0
TCD,Chad,Sub-Saharan Africa,2003,out_of_school,725708.0
TCD,Chad,Sub-Saharan Africa,2011,out_of_school,853188.0
TCD,Chad,Sub-Saharan Africa,2013,out_of_school,571014.0
TCD,Chad,Sub-Saharan Africa,2015,out_of_school,615134.0
TCD,Chad,Sub-Saharan Africa,2016,out_of_school,807356.0
TCD,Chad,Sub-Saharan Africa,2017,out_of_school,994376.0
TCD,Chad,Sub-Saharan Africa,2018,out_of_school,865903.0
TCD,Chad,Sub-Saharan Africa,2019,out_of_school,920909.0
TCD,Chad,Sub-Saharan Africa,2021,out_of_school,901579.0
TCD,Chad,Sub-Saharan Africa,2022,out_of_school,924138.0
TCD,Chad,Sub-Saharan Africa,2023,out_of_school,893810.0
CHL,Chile,Latin America and the Caribbean,2007,out_of_school,52834.0
CHL,Chile,Latin America and the Caribbean,2008,out_of_school,50176.0
CHL,Chile,Latin America and the Caribbean,2009,out_of_school,73359.0
CHL,Chile,Latin America and the Caribbean,2010,out_of_school,49864.0
CHL,Chile,Latin America and the Caribbean,2011,out_of_school,52825.0
CHL,Chile,Latin America and the Caribbean,2012,out_of_school,49382.0
CHL,Chile,Latin America and the Caribbean,2013,out_of_school,48376.0
CHL,Chile,Latin America and the Caribbean,2014,out_of_school,42632.0
CHL,Chile,Latin America and the Caribbean,2015,out_of_school,39559.0
CHL,Chile,Latin America and the Caribbean,2016,out_of_school,36474.0
CHL,Chile,Latin America and the Caribbean,2017,out_of_school,34398.0
CHL,Chile,Latin America and the Caribbean,2018,out_of_school,28869.0
CHL,Chile,Latin America and the Caribbean,2019,out_of_school,24658.0
CHL,Chile,Latin America and the Caribbean,2020,out_of_school,35186.0
CHL,Chile,Latin America and the Caribbean,2021,out_of_school,33577.0
CHL,Chile,Latin America and the Caribbean,2022,out_of_school,19938.0
CHL,Chile,Latin America and the Caribbean,2023,out_of_school,20233.0
CHN,China,Central and Southern Asia,1990,out_of_school,7874579.0
CHN,China,Central and Southern Asia,1991,out_of_school,8654800.0
CHN,China,Central and Southern Asia,1992,out_of_school,9984301.0
CHN,China,Central and Southern Asia,1993,out_of_school,10619108.0
CHN,China,Central and Southern Asia,1994,out_of_school,11118529.0
CHN,China,Central and Southern Asia,1995,out_of_school,10102953.0
CHN,China,Central and Southern Asia,1996,out_of_school,9464568.0
CHN,China,Central and Southern Asia,1997,out_of_school,8248401.0
COL,Colombia,Latin America and the Caribbean,1991,out_of_school,1033188.0
COL,Colombia,Latin America and the Caribbean,1992,out_of_school,709055.0
COL,Colombia,Latin America and the Caribbean,1993,out_of_school,676072.0
COL,Colombia,Latin America and the Caribbean,1994,out_of_school,637120.0
COL,Colombia,Latin America and the Caribbean,1995,out_of_school,506911.0
COL,Colombia,Latin America and the Caribbean,1996,out_of_school,318423.0
COL,Colombia,Latin America and the Caribbean,1998,out_of_school,0.0
COL,Colombia,Latin America and the Caribbean,1999,out_of_school,0.0
COL,Colombia,Latin America and the Caribbean,2000,out_of_school,0.0
COL,Colombia,Latin America and the Caribbean,2001,out_of_school,0.0
COL,Colombia,Latin America and the Caribbean,2002,out_of_school,0.0
COL,Colombia,Latin America and the Caribbean,2004,out_of_school,17770.0
COL,Colombia,Latin America and the Caribbean,2005,out_of_school,13941.0
COL,Colombia,Latin America and the Caribbean,2006,out_of_school,7351.0
COL,Colombia,Latin America and the Caribbean,2007,out_of_school,3588.0
COL,Colombia,Latin America and the Caribbean,2008,out_of_school,8397.0
COL,Colombia,Latin America and the Caribbean,2009,out_of_school,9434.0
COL,Colombia,Latin America and the Caribbean,2010,out_of_school,11031.0
COL,Colombia,Latin America and the Caribbean,2011,out_of_school,4332.0
COL,Colombia,Latin America and the Caribbean,2012,out_of_school,68249.0
COL,Colombia,Latin America and the Caribbean,2015,out_of_school,131741.0
COL,Colombia,Latin America and the Caribbean,2016,out_of_school,201303.0
COL,Colombia,Latin America and the Caribbean,2017,out_of_school,156491.0
COL,Colombia,Latin America and the Caribbean,2018,out_of_school,180919.0
COL,Colombia,Latin America and the Caribbean,2019,out_of_school,195829.0
COL,Colombia,Latin America and the Caribbean,2020,out_of_school,239318.0
COL,Colombia,Latin America and the Caribbean,2021,out_of_school,274954.0
COL,Colombia,Latin America and the Caribbean,2022,out_of_school,289295.0
COM,Comoros,Sub-Saharan Africa,1994,out_of_school,31806.0
COM,Comoros,Sub-Saharan Africa,1999,out_of_school,45952.0
COM,Comoros,Sub-Saharan Africa,2000,out_of_school,39337.0
COM,Comoros,Sub-Saharan Africa,2007,out_of_school,28374.0
COM,Comoros,Sub-Saharan Africa,2013,out_of_school,5255.0
COM,Comoros,Sub-Saharan Africa,2014,out_of_school,6657.0
COM,Comoros,Sub-Saharan Africa,2017,out_of_school,10145.0
COM,Comoros,Sub-Saharan Africa,2018,out_of_school,13856.0
COM,Comoros,Sub-Saharan Africa,2021,out_of_school,30906.0
COM,Comoros,Sub-Saharan Africa,2023,out_of_school,25233.0
COG,Congo,Sub-Saharan Africa,2005,out_of_school,282292.0
COG,Congo,Sub-Saharan Africa,2006,out_of_school,266400.0
COG,Congo,Sub-Saharan Africa,2010,out_of_school,89656.0
COG,Congo,Sub-Saharan Africa,2012,out_of_school,81086.0
COG,Congo,Sub-Saharan Africa,2018,out_of_school,190282.0
COG,Congo,Sub-Saharan Africa,2023,out_of_school,171125.0
COK,Cook Islands,Oceania,1997,out_of_school,37.0
COK,Cook Islands,Oceania,1998,out_of_school,64.0
COK,Cook Islands,Oceania,1999,out_of_school,128.0
COK,Cook Islands,Oceania,2000,out_of_school,235.0
COK,Cook Islands,Oceania,2007,out_of_school,45.0
COK,Cook Islands,Oceania,2010,out_of_school,16.091772
COK,Cook Islands,Oceania,2011,out_of_school,10.46875
COK,Cook Islands,Oceania,2012,out_of_school,12.672026
COK,Cook Islands,Oceania,2013,out_of_school,55.0
COK,Cook Islands,Oceania,2014,out_of_school,37.0
COK,Cook Islands,Oceania,2015,out_of_school,28.0
COK,Cook Islands,Oceania,2016,out_of_school,1.1061453
COK,Cook Islands,Oceania,2017,out_of_school,22.626034
CRI,Costa Rica,Europe and Northern America,1990,out_of_school,59984.0
CRI,Costa Rica,Europe and Northern America,1991,out_of_school,60730.0
CRI,Costa Rica,Europe and Northern America,1992,out_of_school,54679.0
CRI,Costa Rica,Europe and Northern America,1993,out_of_school,54236.0
CRI,Costa Rica,Europe and Northern America,1994,out_of_school,58677.0
CRI,Costa Rica,Europe and Northern America,1995,out_of_school,52330.0
CRI,Costa Rica,Europe and Northern America,1996,out_of_school,39709.0
CRI,Costa Rica,Europe and Northern America,2011,out_of_school,14145.0
CRI,Costa Rica,Europe and Northern America,2012,out_of_school,21598.0
CRI,Costa Rica,Europe and Northern America,2013,out_of_school,30022.0
CRI,Costa Rica,Europe and Northern America,2014,out_of_school,41750.0
CRI,Costa Rica,Europe and Northern America,2015,out_of_school,38932.0
CRI,Costa Rica,Europe and Northern America,2016,out_of_school,35333.0
CRI,Costa Rica,Europe and Northern America,2017,out_of_school,45307.0
CRI,Costa Rica,Europe and Northern America,2018,out_of_school,30015.0
CRI,Costa Rica,Europe and Northern America,2019,out_of_school,21561.0
CRI,Costa Rica,Europe and Northern America,2020,out_of_school,24121.0
CRI,Costa Rica,Europe and Northern America,2021,out_of_school,27816.0
CRI,Costa Rica,Europe and Northern America,2022,out_of_school,27179.0
CRI,Costa Rica,Europe and Northern America,2023,out_of_school,21131.0
CIV,Cote d'Ivoire,Sub-Saharan Africa,1991,out_of_school,1214801.0
CIV,Cote d'Ivoire,Sub-Saharan Africa,1992,out_of_school,1262190.0
CIV,Cote d'Ivoire,Sub-Saharan Africa,1996,out_of_school,1377153.0
CIV,Cote d'Ivoire,Sub-Saharan Africa,1997,out_of_school,1404733.0
CIV,Cote d'Ivoire,Sub-Saharan Africa,1999,out_of_school,1462823.0
CIV,Cote d'Ivoire,Sub-Saharan Africa,2000,out_of_school,1525605.0
CIV,Cote d'Ivoire,Sub-Saharan Africa,2001,out_of_school,1456005.0
CIV,Cote d'Ivoire,Sub-Saharan Africa,2002,out_of_school,1485974.0
CIV,Cote d'Ivoire,Sub-Saharan Africa,2003,out_of_school,1649807.0
CIV,Cote d'Ivoire,Sub-Saharan Africa,2009,out_of_school,1923994.0
CIV,Cote d'Ivoire,Sub-Saharan Africa,2013,out_of_school,1281399.0
CIV,Cote d'Ivoire,Sub-Saharan Africa,2014,out_of_school,1121305.0
CIV,Cote d'Ivoire,Sub-Saharan Africa,2015,out_of_school,1100220.0
CIV,Cote d'Ivoire,Sub-Saharan Africa,2016,out_of_school,829318.0
CIV,Cote d'Ivoire,Sub-Saharan Africa,2017,out_of_school,872398.0
CIV,Cote d'Ivoire,Sub-Saharan Africa,2018,out_of_school,754999.0
CIV,Cote d'Ivoire,Sub-Saharan Africa,2019,out_of_school,733513.0
CIV,Cote d'Ivoire,Sub-Saharan Africa,2020,out_of_school,693368.0
CIV,Cote d'Ivoire,Sub-Saharan Africa,2021,out_of_school,817120.0
CIV,Cote d'Ivoire,Sub-Saharan Africa,2022,out_of_school,864826.0
CIV,Cote d'Ivoire,Sub-Saharan Africa,2023,out_of_school,664020.0
HRV,Croatia,Europe and Northern America,1998,out_of_school,20915.0
HRV,Croatia,Europe and Northern America,1999,out_of_school,3873.0
HRV,Croatia,Europe and Northern America,2001,out_of_school,492.0
HRV,Croatia,Europe and Northern America,2002,out_of_school,790.0
HRV,Croatia,Europe and Northern America,2003,out_of_school,882.0
HRV,Croatia,Europe and Northern America,2005,out_of_school,1381.0
HRV,Croatia,Europe and Northern America,2006,out_of_school,1539.0
HRV,Croatia,Europe and Northern America,2007,out_of_school,1606.0
HRV,Croatia,Europe and Northern America,2008,out_of_school,1969.0
HRV,Croatia,Europe and Northern America,2009,out_of_school,3854.0
HRV,Croatia,Europe and Northern America,2010,out_of_school,1693.0
HRV,Croatia,Europe and Northern America,2011,out_of_school,1726.0
HRV,Croatia,Europe and Northern America,2012,out_of_school,1695.0
HRV,Croatia,Europe and Northern America,2013,out_of_school,2049.0
HRV,Croatia,Europe and Northern America,2014,out_of_school,2334.0
HRV,Croatia,Europe and Northern America,2015,out_of_school,2360.0
HRV,Croatia,Europe and Northern America,2016,out_of_school,2856.0
HRV,Croatia,Europe and Northern America,2017,out_of_school,2406.0
HRV,Croatia,Europe and Northern America,2018,out_of_school,2566.0
HRV,Croatia,Europe and Northern America,2019,out_of_school,3154.0
HRV,Croatia,Europe and Northern America,2020,out_of_school,2901.0
HRV,Croatia,Europe and Northern America,2021,out_of_school,2717.0
HRV,Croatia,Europe and Northern America,2022,out_of_school,2570.0
CUB,Cuba,Europe and Northern America,1990,out_of_school,44038.0
CUB,Cuba,Europe and Northern America,1991,out_of_school,44592.0
CUB,Cuba,Europe and Northern America,1992,out_of_school,34469.0
CUB,Cuba,Europe and Northern America,1993,out_of_school,40865.0
CUB,Cuba,Europe and Northern America,1994,out_of_school,36432.0
CUB,Cuba,Europe and Northern America,1995,out_of_school,38655.0
CUB,Cuba,Europe and Northern America,1996,out_of_school,13326.0
CUB,Cuba,Europe and Northern America,1997,out_of_school,7530.0
CUB,Cuba,Europe and Northern America,1998,out_of_school,5495.0
CUB,Cuba,Europe and Northern America,1999,out_of_school,4156.0
CUB,Cuba,Europe and Northern America,2000,out_of_school,2225.0
CUB,Cuba,Europe and Northern America,2001,out_of_school,681.0
CUB,Cuba,Europe and Northern America,2002,out_of_school,1696.0
CUB,Cuba,Europe and Northern America,2003,out_of_school,3812.0
CUB,Cuba,Europe and Northern America,2004,out_of_school,5764.0
CUB,Cuba,Europe and Northern America,2005,out_of_school,6869.0
CUB,Cuba,Europe and Northern America,2006,out_of_school,10698.0
CUB,Cuba,Europe and Northern America,2007,out_of_school,5172.0
CUB,Cuba,Europe and Northern America,2008,out_of_school,13504.0
CUB,Cuba,Europe and Northern America,2009,out_of_school,10051.0
CUB,Cuba,Europe and Northern America,2010,out_of_school,13213.0
CUB,Cuba,Europe and Northern America,2011,out_of_school,19511.0
CUB,Cuba,Europe and Northern America,2012,out_of_school,15947.0
CUB,Cuba,Europe and Northern America,2013,out_of_school,5431.0
CUB,Cuba,Europe and Northern America,2014,out_of_school,15284.0
CUB,Cuba,Europe and Northern America,2015,out_of_school,17427.0
CUB,Cuba,Europe and Northern America,2016,out_of_school,16213.0
CUB,Cuba,Europe and Northern America,2017,out_of_school,17412.0
CUB,Cuba,Europe and Northern America,2018,out_of_school,16029.0
CUB,Cuba,Europe and Northern America,2019,out_of_school,13833.0
CUB,Cuba,Europe and Northern America,2020,out_of_school,9828.0
CUB,Cuba,Europe and Northern America,2021,out_of_school,9490.0
CUB,Cuba,Europe and Northern America,2022,out_of_school,25107.0
CUB,Cuba,Europe and Northern America,2023,out_of_school,25033.0
CUW,Curacao,Europe and Northern America,2020,out_of_school,47.0
CUW,Curacao,Europe and Northern America,2023,out_of_school,366.0
CYP,Cyprus,Central and Southern Asia,2000,out_of_school,1276.0
CYP,Cyprus,Central and Southern Asia,2001,out_of_school,1347.0
CYP,Cyprus,Central and Southern Asia,2002,out_of_school,724.0
CYP,Cyprus,Central and Southern Asia,2003,out_of_school,664.0
CYP,Cyprus,Central and Southern Asia,2004,out_of_school,837.0
CYP,Cyprus,Central and Southern Asia,2005,out_of_school,605.0
CYP,Cyprus,Central and Southern Asia,2006,out_of_school,189.0
CYP,Cyprus,Central and Southern Asia,2007,out_of_school,276.0
CYP,Cyprus,Central and Southern Asia,2008,out_of_school,17.0
CYP,Cyprus,Central and Southern Asia,2009,out_of_school,68.0
CYP,Cyprus,Central and Southern Asia,2010,out_of_school,19.0
CYP,Cyprus,Central and Southern Asia,2011,out_of_school,82.0
CYP,Cyprus,Central and Southern Asia,2012,out_of_school,710.0
CYP,Cyprus,Central and Southern Asia,2013,out_of_school,973.0
CYP,Cyprus,Central and Southern Asia,2014,out_of_school,1217.0
CYP,Cyprus,Central and Southern Asia,2015,out_of_school,758.0
CYP,Cyprus,Central and Southern Asia,2016,out_of_school,961.0
CYP,Cyprus,Central and Southern Asia,2017,out_of_school,754.0
CYP,Cyprus,Central and Southern Asia,2018,out_of_school,329.0
CYP,Cyprus,Central and Southern Asia,2019,out_of_school,295.0
CYP,Cyprus,Central and Southern Asia,2020,out_of_school,241.0
CYP,Cyprus,Central and Southern Asia,2021,out_of_school,39.0
CYP,Cyprus,Central and Southern Asia,2022,out_of_school,496.0
CZE,Czechia,Europe and Northern America,1999,out_of_school,3510.0
CZE,Czechia,Europe and Northern America,2007,out_of_school,138.0
CZE,Czechia,Europe and Northern America,2008,out_of_school,2616.0
CZE,Czechia,Europe and Northern America,2009,out_of_school,2532.0
CZE,Czechia,Europe and Northern America,2010,out_of_school,4723.0
CZE,Czechia,Europe and Northern America,2011,out_of_school,6376.0
CZE,Czechia,Europe and Northern America,2012,out_of_school,2120.0
CZE,Czechia,Europe and Northern America,2013,out_of_school,4853.0
CZE,Czechia,Europe and Northern America,2014,out_of_school,8735.0
CZE,Czechia,Europe and Northern America,2015,out_of_school,11683.0
CZE,Czechia,Europe and Northern America,2016,out_of_school,14425.0
CZE,Czechia,Europe and Northern America,2017,out_of_school,17219.0
CZE,Czechia,Europe and Northern America,2018,out_of_school,12319.0
CZE,Czechia,Europe and Northern America,2019,out_of_school,10921.0
CZE,Czechia,Europe and Northern America,2020,out_of_school,8739.0
CZE,Czechia,Europe and Northern America,2021,out_of_school,538.0
CZE,Czechia,Europe and Northern America,2022,out_of_school,471.0
COD,Democratic Republic of Congo,Sub-Saharan Africa,1991,out_of_school,2488153.0
COD,Democratic Republic of Congo,Sub-Saharan Africa,1992,out_of_school,2677146.0
COD,Democratic Republic of Congo,Sub-Saharan Africa,1993,out_of_school,2833555.0
COD,Democratic Republic of Congo,Sub-Saharan Africa,1994,out_of_school,2857817.0
COD,Democratic Republic of Congo,Sub-Saharan Africa,1995,out_of_school,2463574.0
COD,Democratic Republic of Congo,Sub-Saharan Africa,1999,out_of_school,5230149.0
DNK,Denmark,Europe and Northern America,1990,out_of_school,348.0
DNK,Denmark,Europe and Northern America,1991,out_of_school,358.0
DNK,Denmark,Europe and Northern America,1992,out_of_school,4813.0
DNK,Denmark,Europe and Northern America,1993,out_of_school,9270.0
DNK,Denmark,Europe and Northern America,1994,out_of_school,5100.0
DNK,Denmark,Europe and Northern America,1995,out_of_school,8044.0
DNK,Denmark,Europe and Northern America,1996,out_of_school,10409.0
DNK,Denmark,Europe and Northern America,1998,out_of_school,8462.0
DNK,Denmark,Europe and Northern America,1999,out_of_school,4180.0
DNK,Denmark,Europe and Northern America,2000,out_of_school,1242.0
DNK,Denmark,Europe and Northern America,2001,out_of_school,1032.0
DNK,Denmark,Europe and Northern America,2002,out_of_school,5.0
DNK,Denmark,Europe and Northern America,2004,out_of_school,10310.0
DNK,Denmark,Europe and Northern America,2005,out_of_school,8237.0
DNK,Denmark,Europe and Northern America,2006,out_of_school,4431.0
DNK,Denmark,Europe and Northern America,2007,out_of_school,2109.0
DNK,Denmark,Europe and Northern America,2008,out_of_school,2486.0
DNK,Denmark,Europe and Northern America,2009,out_of_school,1998.0
DNK,Denmark,Europe and Northern America,2010,out_of_school,2451.0
DNK,Denmark,Europe and Northern America,2011,out_of_school,2258.0
DNK,Denmark,Europe and Northern America,2012,out_of_school,1924.0
DNK,Denmark,Europe and Northern America,2013,out_of_school,2296.0
DNK,Denmark,Europe and Northern America,2014,out_of_school,2850.0
DNK,Denmark,Europe and Northern America,2015,out_of_school,2904.0
DNK,Denmark,Europe and Northern America,2016,out_of_school,3160.0
DNK,Denmark,Europe and Northern America,2017,out_of_school,2634.0
DNK,Denmark,Europe and Northern America,2018,out_of_school,1772.0
DNK,Denmark,Europe and Northern America,2019,out_of_school,1854.0
DNK,Denmark,Europe and Northern America,2020,out_of_school,1599.0
DNK,Denmark,Europe and Northern America,2021,out_of_school,2078.0
DNK,Denmark,Europe and Northern America,2022,out_of_school,2548.0
DNK,Denmark,Europe and Northern America,2023,out_of_school,3707.0
DMA,Dominica,Europe and Northern America,2000,out_of_school,304.0
DMA,Dominica,Europe and Northern America,2001,out_of_school,104.0
DMA,Dominica,Europe and Northern America,2003,out_of_school,72.0
DMA,Dominica,Europe and Northern America,2004,out_of_school,111.0
DMA,Dominica,Europe and Northern America,2005,out_of_school,83.0
DMA,Dominica,Europe and Northern America,2006,out_of_school,175.0
DMA,Dominica,Europe and Northern America,2007,out_of_school,649.0
DMA,Dominica,Europe and Northern America,2008,out_of_school,697.0
DMA,Dominica,Europe and Northern America,2009,out_of_school,229.0
DMA,Dominica,Europe and Northern America,2011,out_of_school,123.0
DMA,Dominica,Europe and Northern America,2012,out_of_school,140.0
DMA,Dominica,Europe and Northern America,2013,out_of_school,245.0
DMA,Dominica,Europe and Northern America,2014,out_of_school,213.0
DMA,Dominica,Europe and Northern America,2015,out_of_school,131.0
DMA,Dominica,Europe and Northern America,2016,out_of_school,288.0
DMA,Dominica,Europe and Northern America,2019,out_of_school,404.0
DMA,Dominica,Europe and Northern America,2020,out_of_school,235.0
DMA,Dominica,Europe and Northern America,2021,out_of_school,249.0
DMA,Dominica,Europe and Northern America,2022,out_of_school,199.0
DMA,Dominica,Europe and Northern America,2023,out_of_school,230.0
DOM,Dominican Republic,Europe and Northern America,1999,out_of_school,196806.0
DOM,Dominican Republic,Europe and Northern America,2000,out_of_school,149555.0
DOM,Dominican Republic,Europe and Northern America,2002,out_of_school,69439.0
DOM,Dominican Republic,Europe and Northern America,2003,out_of_school,109906.0
DOM,Dominican Republic,Europe and Northern America,2004,out_of_school,172621.0
DOM,Dominican Republic,Europe and Northern America,2005,out_of_school,157848.0
DOM,Dominican Republic,Europe and Northern America,2006,out_of_school,170992.0
DOM,Dominican Republic,Europe and Northern America,2007,out_of_school,98421.0
DOM,Dominican Republic,Europe and Northern America,2008,out_of_school,141536.0
DOM,Dominican Republic,Europe and Northern America,2009,out_of_school,48386.0
DOM,Dominican Republic,Europe and Northern America,2010,out_of_school,54351.0
DOM,Dominican Republic,Europe and Northern America,2011,out_of_school,52377.0
DOM,Dominican Republic,Europe and Northern America,2012,out_of_school,64875.0
DOM,Dominican Republic,Europe and Northern America,2013,out_of_school,68572.0
DOM,Dominican Republic,Europe and Northern America,2014,out_of_school,88257.0
DOM,Dominican Republic,Europe and Northern America,2015,out_of_school,46019.0
DOM,Dominican Republic,Europe and Northern America,2016,out_of_school,49157.0
DOM,Dominican Republic,Europe and Northern America,2017,out_of_school,59410.0
DOM,Dominican Republic,Europe and Northern America,2018,out_of_school,64074.0
DOM,Dominican Republic,Europe and Northern America,2019,out_of_school,44717.0
DOM,Dominican Republic,Europe and Northern America,2020,out_of_school,45342.0
DOM,Dominican Republic,Europe and Northern America,2021,out_of_school,119266.0
DOM,Dominican Republic,Europe and Northern America,2022,out_of_school,86746.0
DOM,Dominican Republic,Europe and Northern America,2023,out_of_school,74698.0
TLS,East Timor,Central and Southern Asia,2008,out_of_school,19567.0
TLS,East Timor,Central and Southern Asia,2009,out_of_school,12577.0
TLS,East Timor,Central and Southern Asia,2010,out_of_school,10663.0
TLS,East Timor,Central and Southern Asia,2011,out_of_school,7462.0
TLS,East Timor,Central and Southern Asia,2012,out_of_school,12197.0
TLS,East Timor,Central and Southern Asia,2013,out_of_school,12354.0
TLS,East Timor,Central and Southern Asia,2014,out_of_school,13015.0
TLS,East Timor,Central and Southern Asia,2015,out_of_school,12810.0
TLS,East Timor,Central and Southern Asia,2016,out_of_school,13840.0
TLS,East Timor,Central and Southern Asia,2017,out_of_school,9195.0
TLS,East Timor,Central and Southern Asia,2018,out_of_school,10475.0
TLS,East Timor,Central and Southern Asia,2019,out_of_school,10554.0
TLS,East Timor,Central and Southern Asia,2020,out_of_school,9477.0
,Eastern and South-Eastern Asia (SDG),,2000,out_of_school,11740000.0
,Eastern and South-Eastern Asia (SDG),,2001,out_of_school,10880000.0
,Eastern and South-Eastern Asia (SDG),,2002,out_of_school,10200000.0
,Eastern and South-Eastern Asia (SDG),,2003,out_of_school,9818000.0
,Eastern and South-Eastern Asia (SDG),,2004,out_of_school,10700000.0
,Eastern and South-Eastern Asia (SDG),,2005,out_of_school,9926000.0
,Eastern and South-Eastern Asia (SDG),,2006,out_of_school,8881000.0
,Eastern and South-Eastern Asia (SDG),,2007,out_of_school,7924000.0
,Eastern and South-Eastern Asia (SDG),,2008,out_of_school,7099000.0
,Eastern and South-Eastern Asia (SDG),,2009,out_of_school,6392000.0
,Eastern and South-Eastern Asia (SDG),,2010,out_of_school,5696000.0
,Eastern and South-Eastern Asia (SDG),,2011,out_of_school,5228000.0
,Eastern and South-Eastern Asia (SDG),,2012,out_of_school,5045000.0
,Eastern and South-Eastern Asia (SDG),,2013,out_of_school,5165000.0
,Eastern and South-Eastern Asia (SDG),,2014,out_of_school,5400000.0
,Eastern and South-Eastern Asia (SDG),,2015,out_of_school,5620000.0
,Eastern and South-Eastern Asia (SDG),,2016,out_of_school,5884000.0
,Eastern and South-Eastern Asia (SDG),,2017,out_of_school,6216000.0
,Eastern and South-Eastern Asia (SDG),,2018,out_of_school,6616000.0
,Eastern and South-Eastern Asia (SDG),,2019,out_of_school,6956000.0
,Eastern and South-Eastern Asia (SDG),,2020,out_of_school,7291000.0
,Eastern and South-Eastern Asia (SDG),,2021,out_of_school,7638000.0
,Eastern and South-Eastern Asia (SDG),,2022,out_of_school,7904000.0
,Eastern and South-Eastern Asia (SDG),,2023,out_of_school,8175000.0
ECU,Ecuador,Latin America and the Caribbean,1994,out_of_school,191964.0
ECU,Ecuador,Latin America and the Caribbean,1995,out_of_school,174976.0
ECU,Ecuador,Latin America and the Caribbean,1996,out_of_school,149075.0
ECU,Ecuador,Latin America and the Caribbean,1997,out_of_school,98919.0
ECU,Ecuador,Latin America and the Caribbean,1998,out_of_school,89161.0
ECU,Ecuador,Latin America and the Caribbean,1999,out_of_school,95445.0
ECU,Ecuador,Latin America and the Caribbean,2000,out_of_school,115003.0
ECU,Ecuador,Latin America and the Caribbean,2001,out_of_school,93799.0
ECU,Ecuador,Latin America and the Caribbean,2002,out_of_school,69975.0
ECU,Ecuador,Latin America and the Caribbean,2003,out_of_school,63934.0
ECU,Ecuador,Latin America and the Caribbean,2005,out_of_school,72239.0
ECU,Ecuador,Latin America and the Caribbean,2006,out_of_school,47651.0
ECU,Ecuador,Latin America and the Caribbean,2007,out_of_school,21478.0
ECU,Ecuador,Latin America and the Caribbean,2008,out_of_school,49599.0
ECU,Ecuador,Latin America and the Caribbean,2009,out_of_school,11611.0
ECU,Ecuador,Latin America and the Caribbean,2010,out_of_school,10018.0
ECU,Ecuador,Latin America and the Caribbean,2011,out_of_school,13877.0
ECU,Ecuador,Latin America and the Caribbean,2012,out_of_school,36767.0
ECU,Ecuador,Latin America and the Caribbean,2013,out_of_school,38893.0
ECU,Ecuador,Latin America and the Caribbean,2014,out_of_school,22429.0
ECU,Ecuador,Latin America and the Caribbean,2015,out_of_school,52055.0
ECU,Ecuador,Latin America and the Caribbean,2016,out_of_school,53489.0
ECU,Ecuador,Latin America and the Caribbean,2017,out_of_school,48352.0
ECU,Ecuador,Latin America and the Caribbean,2018,out_of_school,29291.0
ECU,Ecuador,Latin America and the Caribbean,2019,out_of_school,31597.0
ECU,Ecuador,Latin America and the Caribbean,2020,out_of_school,28935.0
ECU,Ecuador,Latin America and the Caribbean,2021,out_of_school,30424.0
ECU,Ecuador,Latin America and the Caribbean,2022,out_of_school,31064.0
ECU,Ecuador,Latin America and the Caribbean,2023,out_of_school,85933.0
EGY,Egypt,Sub-Saharan Africa,1994,out_of_school,1470868.0
EGY,Egypt,Sub-Saharan Africa,1997,out_of_school,1293100.0
EGY,Egypt,Sub-Saharan Africa,1999,out_of_school,1495947.0
EGY,Egypt,Sub-Saharan Africa,2000,out_of_school,1389899.0
EGY,Egypt,Sub-Saharan Africa,2001,out_of_school,1367227.0
EGY,Egypt,Sub-Saharan Africa,2002,out_of_school,1319305.0
EGY,Egypt,Sub-Saharan Africa,2003,out_of_school,1257037.0
EGY,Egypt,Sub-Saharan Africa,2004,out_of_school,1216364.0
EGY,Egypt,Sub-Saharan Africa,2005,out_of_school,1491920.0
EGY,Egypt,Sub-Saharan Africa,2006,out_of_school,1832381.0
EGY,Egypt,Sub-Saharan Africa,2007,out_of_school,1453362.0
EGY,Egypt,Sub-Saharan Africa,2009,out_of_school,1563974.0
EGY,Egypt,Sub-Saharan Africa,2010,out_of_school,1515016.0
EGY,Egypt,Sub-Saharan Africa,2011,out_of_school,1785983.0
EGY,Egypt,Sub-Saharan Africa,2012,out_of_school,1562668.0
EGY,Egypt,Sub-Saharan Africa,2014,out_of_school,1654403.0
EGY,Egypt,Sub-Saharan Africa,2016,out_of_school,1374101.0
EGY,Egypt,Sub-Saharan Africa,2017,out_of_school,1263662.0
EGY,Egypt,Sub-Saharan Africa,2018,out_of_school,1105631.0
EGY,Egypt,Sub-Saharan Africa,2019,out_of_school,858723.0
EGY,Egypt,Sub-Saharan Africa,2020,out_of_school,652231.0
EGY,Egypt,Sub-Saharan Africa,2021,out_of_school,480084.0
EGY,Egypt,Sub-Saharan Africa,2023,out_of_school,693137.0
SLV,El Salvador,Europe and Northern America,1998,out_of_school,183470.0
SLV,El Salvador,Europe and Northern America,2000,out_of_school,100163.0
SLV,El Salvador,Europe and Northern America,2001,out_of_school,83326.0
SLV,El Salvador,Europe and Northern America,2002,out_of_school,57367.0
SLV,El Salvador,Europe and Northern America,2003,out_of_school,45093.0
SLV,El Salvador,Europe and Northern America,2014,out_of_school,46334.0
SLV,El Salvador,Europe and Northern America,2015,out_of_school,51792.0
SLV,El Salvador,Europe and Northern America,2016,out_of_school,57130.0
SLV,El Salvador,Europe and Northern America,2017,out_of_school,84578.0
SLV,El Salvador,Europe and Northern America,2018,out_of_school,79203.0
SLV,El Salvador,Europe and Northern America,2019,out_of_school,96990.0
SLV,El Salvador,Europe and Northern America,2020,out_of_school,100409.0
SLV,El Salvador,Europe and Northern America,2021,out_of_school,105939.0
SLV,El Salvador,Europe and Northern America,2022,out_of_school,105097.0
SLV,El Salvador,Europe and Northern America,2023,out_of_school,95913.0
GNQ,Equatorial Guinea,Sub-Saharan Africa,1994,out_of_school,29722.0
GNQ,Equatorial Guinea,Sub-Saharan Africa,2000,out_of_school,43364.0
GNQ,Equatorial Guinea,Sub-Saharan Africa,2001,out_of_school,42477.0
GNQ,Equatorial Guinea,Sub-Saharan Africa,2002,out_of_school,47194.0
GNQ,Equatorial Guinea,Sub-Saharan Africa,2003,out_of_school,50901.0
GNQ,Equatorial Guinea,Sub-Saharan Africa,2008,out_of_school,88836.0
GNQ,Equatorial Guinea,Sub-Saharan Africa,2009,out_of_school,92471.0
GNQ,Equatorial Guinea,Sub-Saharan Africa,2010,out_of_school,96571.0
GNQ,Equatorial Guinea,Sub-Saharan Africa,2011,out_of_school,99881.0
GNQ,Equatorial Guinea,Sub-Saharan Africa,2012,out_of_school,104329.0
GNQ,Equatorial Guinea,Sub-Saharan Africa,2015,out_of_school,128846.0
ERI,Eritrea,Sub-Saharan Africa,1992,out_of_school,140590.0
ERI,Eritrea,Sub-Saharan Africa,1994,out_of_school,135683.0
ERI,Eritrea,Sub-Saharan Africa,1995,out_of_school,138039.0
ERI,Eritrea,Sub-Saharan Africa,1996,out_of_school,141712.0
ERI,Eritrea,Sub-Saharan Africa,1997,out_of_school,149094.0
ERI,Eritrea,Sub-Saharan Africa,1999,out_of_school,134545.0
ERI,Eritrea,Sub-Saharan Africa,2000,out_of_school,113518.0
ERI,Eritrea,Sub-Saharan Africa,2001,out_of_school,108463.0
ERI,Eritrea,Sub-Saharan Africa,2002,out_of_school,91662.0
ERI,Eritrea,Sub-Saharan Africa,2003,out_of_school,75589.0
ERI,Eritrea,Sub-Saharan Africa,2004,out_of_school,79302.0
ERI,Eritrea,Sub-Saharan Africa,2005,out_of_school,82699.0
ERI,Eritrea,Sub-Saharan Africa,2006,out_of_school,97047.0
ERI,Eritrea,Sub-Saharan Africa,2007,out_of_school,124998.0
ERI,Eritrea,Sub-Saharan Africa,2008,out_of_school,145353.0
ERI,Eritrea,Sub-Saharan Africa,2009,out_of_school,155865.0
ERI,Eritrea,Sub-Saharan Africa,2010,out_of_school,164398.0
ERI,Eritrea,Sub-Saharan Africa,2011,out_of_school,146823.0
ERI,Eritrea,Sub-Saharan Africa,2012,out_of_school,135048.0
ERI,Eritrea,Sub-Saharan Africa,2013,out_of_school,142911.0
ERI,Eritrea,Sub-Saharan Africa,2014,out_of_school,143706.0
ERI,Eritrea,Sub-Saharan Africa,2015,out_of_school,150613.0
ERI,Eritrea,Sub-Saharan Africa,2017,out_of_school,174338.0
ERI,Eritrea,Sub-Saharan Africa,2018,out_of_school,174802.0
ERI,Eritrea,Sub-Saharan Africa,2019,out_of_school,181292.0
ERI,Eritrea,Sub-Saharan Africa,2022,out_of_school,179166.0
EST,Estonia,Europe and Northern America,1995,out_of_school,18297.0
EST,Estonia,Europe and Northern America,1996,out_of_school,14248.0
EST,Estonia,Europe and Northern America,1998,out_of_school,1587.0
EST,Estonia,Europe and Northern America,1999,out_of_school,1235.0
EST,Estonia,Europe and Northern America,2000,out_of_school,1139.0
EST,Estonia,Europe and Northern America,2014,out_of_school,1933.0
EST,Estonia,Europe and Northern America,2015,out_of_school,2035.0
EST,Estonia,Europe and Northern America,2016,out_of_school,2091.0
EST,Estonia,Europe and Northern America,2017,out_of_school,2124.0
EST,Estonia,Europe and Northern America,2018,out_of_school,2142.0
EST,Estonia,Europe and Northern America,2019,out_of_school,2067.0
EST,Estonia,Europe and Northern America,2020,out_of_school,2023.0
EST,Estonia,Europe and Northern America,2021,out_of_school,1912.0
EST,Estonia,Europe and Northern America,2022,out_of_school,1613.0
EST,Estonia,Europe and Northern America,2023,out_of_school,2264.0
SWZ,Eswatini,Sub-Saharan Africa,1990,out_of_school,46429.0
SWZ,Eswatini,Sub-Saharan Africa,1991,out_of_school,48711.0
SWZ,Eswatini,Sub-Saharan Africa,1992,out_of_school,49658.0
SWZ,Eswatini,Sub-Saharan Africa,1993,out_of_school,54376.0
SWZ,Eswatini,Sub-Saharan Africa,1994,out_of_school,54733.0
SWZ,Eswatini,Sub-Saharan Africa,1995,out_of_school,52348.0
SWZ,Eswatini,Sub-Saharan Africa,1996,out_of_school,58032.0
SWZ,Eswatini,Sub-Saharan Africa,2009,out_of_school,39403.0
SWZ,Eswatini,Sub-Saharan Africa,2010,out_of_school,26173.0
SWZ,Eswatini,Sub-Saharan Africa,2011,out_of_school,16141.0
SWZ,Eswatini,Sub-Saharan Africa,2012,out_of_school,24164.0
SWZ,Eswatini,Sub-Saharan Africa,2013,out_of_school,28658.0
SWZ,Eswatini,Sub-Saharan Africa,2014,out_of_school,23885.0
SWZ,Eswatini,Sub-Saharan Africa,2015,out_of_school,22954.0
SWZ,Eswatini,Sub-Saharan Africa,2016,out_of_school,20327.0
SWZ,Eswatini,Sub-Saharan Africa,2017,out_of_school,21509.0
SWZ,Eswatini,Sub-Saharan Africa,2018,out_of_school,18425.0
SWZ,Eswatini,Sub-Saharan Africa,2019,out_of_school,16153.0
ETH,Ethiopia,Sub-Saharan Africa,1994,out_of_school,6770508.0
ETH,Ethiopia,Sub-Saharan Africa,1995,out_of_school,6827941.0
ETH,Ethiopia,Sub-Saharan Africa,1996,out_of_school,6779117.0
ETH,Ethiopia,Sub-Saharan Africa,1998,out_of_school,6834710.0
ETH,Ethiopia,Sub-Saharan Africa,1999,out_of_school,6957428.0
ETH,Ethiopia,Sub-Saharan Africa,2000,out_of_school,6889976.0
ETH,Ethiopia,Sub-Saharan Africa,2001,out_of_school,6748871.0
ETH,Ethiopia,Sub-Saharan Africa,2002,out_of_school,6808734.0
ETH,Ethiopia,Sub-Saharan Africa,2003,out_of_school,6989066.0
ETH,Ethiopia,Sub-Saharan Africa,2004,out_of_school,6878852.0
ETH,Ethiopia,Sub-Saharan Africa,2005,out_of_school,5692176.0
ETH,Ethiopia,Sub-Saharan Africa,2006,out_of_school,5178691.0
ETH,Ethiopia,Sub-Saharan Africa,2007,out_of_school,4532136.0
ETH,Ethiopia,Sub-Saharan Africa,2008,out_of_school,3795720.0
ETH,Ethiopia,Sub-Saharan Africa,2009,out_of_school,3937627.0
ETH,Ethiopia,Sub-Saharan Africa,2010,out_of_school,11553131.0
ETH,Ethiopia,Sub-Saharan Africa,2011,out_of_school,11548598.0
ETH,Ethiopia,Sub-Saharan Africa,2012,out_of_school,11305506.0
ETH,Ethiopia,Sub-Saharan Africa,2014,out_of_school,3233009.0
ETH,Ethiopia,Sub-Saharan Africa,2015,out_of_school,3480628.0
ETH,Ethiopia,Sub-Saharan Africa,2017,out_of_school,11351070.0
ETH,Ethiopia,Sub-Saharan Africa,2021,out_of_school,4684443.0
ETH,Ethiopia,Sub-Saharan Africa,2022,out_of_school,4519772.0
ETH,Ethiopia,Sub-Saharan Africa,2023,out_of_school,4423953.0
,Europe and Northern America (SDG),,2000,out_of_school,2427000.0
,Europe and Northern America (SDG),,2001,out_of_school,2764000.0
,Europe and Northern America (SDG),,2002,out_of_school,2715000.0
,Europe and Northern America (SDG),,2003,out_of_school,2165000.0
,Europe and Northern America (SDG),,2004,out_of_school,2230000.0
,Europe and Northern America (SDG),,2005,out_of_school,1779000.0
,Europe and Northern America (SDG),,2006,out_of_school,1602000.0
,Europe and Northern America (SDG),,2007,out_of_school,1530000.0
,Europe and Northern America (SDG),,2008,out_of_school,1511000.0
,Europe and Northern America (SDG),,2009,out_of_school,1535000.0
,Europe and Northern America (SDG),,2010,out_of_school,1576000.0
,Europe and Northern America (SDG),,2011,out_of_school,1586000.0
,Europe and Northern America (SDG),,2012,out_of_school,1600000.0
,Europe and Northern America (SDG),,2013,out_of_school,1643000.0
,Europe and Northern America (SDG),,2014,out_of_school,1664000.0
,Europe and Northern America (SDG),,2015,out_of_school,1644000.0
,Europe and Northern America (SDG),,2016,out_of_school,1602000.0
,Europe and Northern America (SDG),,2017,out_of_school,1519000.0
,Europe and Northern America (SDG),,2018,out_of_school,1451000.0
,Europe and Northern America (SDG),,2019,out_of_school,1438000.0
,Europe and Northern America (SDG),,2020,out_of_school,1462000.0
,Europe and Northern America (SDG),,2021,out_of_school,1488000.0
,Europe and Northern America (SDG),,2022,out_of_school,1495000.0
,Europe and Northern America (SDG),,2023,out_of_school,1500000.0
FLK,Falkland Islands,Latin America and the Caribbean,1995,out_of_school,15.0
FJI,Fiji,Oceania,1992,out_of_school,10619.0
FJI,Fiji,Oceania,1994,out_of_school,9764.0
FJI,Fiji,Oceania,1995,out_of_school,11688.0
FJI,Fiji,Oceania,1996,out_of_school,13445.0
FJI,Fiji,Oceania,1997,out_of_school,11916.0
FJI,Fiji,Oceania,1998,out_of_school,10204.0
FJI,Fiji,Oceania,1999,out_of_school,9474.0
FJI,Fiji,Oceania,2000,out_of_school,7274.0
FJI,Fiji,Oceania,2001,out_of_school,5297.0
FJI,Fiji,Oceania,2002,out_of_school,5814.0
FJI,Fiji,Oceania,2003,out_of_school,9464.0
FJI,Fiji,Oceania,2004,out_of_school,6142.0
FJI,Fiji,Oceania,2006,out_of_school,9946.0
FJI,Fiji,Oceania,2007,out_of_school,12075.0
FJI,Fiji,Oceania,2008,out_of_school,13056.0
FJI,Fiji,Oceania,2009,out_of_school,12974.0
FJI,Fiji,Oceania,2011,out_of_school,11871.0
FJI,Fiji,Oceania,2012,out_of_school,10673.0
FJI,Fiji,Oceania,2013,out_of_school,12128.0
FJI,Fiji,Oceania,2014,out_of_school,8773.0
FJI,Fiji,Oceania,2015,out_of_school,5600.0
FJI,Fiji,Oceania,2016,out_of_school,2191.8496
FJI,Fiji,Oceania,2017,out_of_school,3178.4512
FJI,Fiji,Oceania,2018,out_of_school,2645.1648
FJI,Fiji,Oceania,2020,out_of_school,2945.0
FIN,Finland,Europe and Northern America,1993,out_of_school,2445.0
FIN,Finland,Europe and Northern America,1994,out_of_school,2641.0
FIN,Finland,Europe and Northern America,1995,out_of_school,2551.0
FIN,Finland,Europe and Northern America,1996,out_of_school,2786.0
FIN,Finland,Europe and Northern America,1997,out_of_school,2027.0
FIN,Finland,Europe and Northern America,1998,out_of_school,2030.0
FIN,Finland,Europe and Northern America,1999,out_of_school,2714.0
FIN,Finland,Europe and Northern America,2000,out_of_school,3116.0
FIN,Finland,Europe and Northern America,2001,out_of_school,4435.0
FIN,Finland,Europe and Northern America,2002,out_of_school,4377.0
FIN,Finland,Europe and Northern America,2003,out_of_school,4041.0
FIN,Finland,Europe and Northern America,2004,out_of_school,3875.0
FIN,Finland,Europe and Northern America,2005,out_of_school,3868.0
FIN,Finland,Europe and Northern America,2006,out_of_school,4360.0
FIN,Finland,Europe and Northern America,2007,out_of_school,4274.0
FIN,Finland,Europe and Northern America,2008,out_of_school,4022.0
FIN,Finland,Europe and Northern America,2009,out_of_school,4355.0
FIN,Finland,Europe and Northern America,2010,out_of_school,4211.0
FIN,Finland,Europe and Northern America,2011,out_of_school,3911.0
FIN,Finland,Europe and Northern America,2012,out_of_school,4396.0
FIN,Finland,Europe and Northern America,2013,out_of_school,4679.0
FIN,Finland,Europe and Northern America,2014,out_of_school,4720.0
FIN,Finland,Europe and Northern America,2015,out_of_school,5717.0
FIN,Finland,Europe and Northern America,2016,out_of_school,5890.0
FIN,Finland,Europe and Northern America,2017,out_of_school,6695.0
FIN,Finland,Europe and Northern America,2018,out_of_school,6738.0
FIN,Finland,Europe and Northern America,2019,out_of_school,8304.0
FIN,Finland,Europe and Northern America,2020,out_of_school,7070.0
FIN,Finland,Europe and Northern America,2021,out_of_school,5088.0
FIN,Finland,Europe and Northern America,2022,out_of_school,7353.0
FIN,Finland,Europe and Northern America,2023,out_of_school,5714.0
FRA,France,Europe and Northern America,1990,out_of_school,54721.0
FRA,France,Europe and Northern America,1991,out_of_school,40723.0
FRA,France,Europe and Northern America,1992,out_of_school,25410.0
FRA,France,Europe and Northern America,1993,out_of_school,25329.0
FRA,France,Europe and Northern America,1994,out_of_school,6939.0
FRA,France,Europe and Northern America,1995,out_of_school,9521.0
FRA,France,Europe and Northern America,1996,out_of_school,10236.0
FRA,France,Europe and Northern America,1997,out_of_school,32145.0
FRA,France,Europe and Northern America,1999,out_of_school,3158.0
FRA,France,Europe and Northern America,2000,out_of_school,137264.0
FRA,France,Europe and Northern America,2001,out_of_school,138945.0
FRA,France,Europe and Northern America,2002,out_of_school,140553.0
FRA,France,Europe and Northern America,2003,out_of_school,149151.0
FRA,France,Europe and Northern America,2004,out_of_school,148892.0
FRA,France,Europe and Northern America,2005,out_of_school,3243.0
FRA,France,Europe and Northern America,2006,out_of_school,1136.0
FRA,France,Europe and Northern America,2007,out_of_school,5208.0
FRA,France,Europe and Northern America,2008,out_of_school,20115.0
FRA,France,Europe and Northern America,2009,out_of_school,36009.0
FRA,France,Europe and Northern America,2010,out_of_school,51322.0
FRA,France,Europe and Northern America,2011,out_of_school,9824.0
FRA,France,Europe and Northern America,2012,out_of_school,14993.0
FRA,France,Europe and Northern America,2013,out_of_school,23622.0
FRA,France,Europe and Northern America,2014,out_of_school,56322.0
FRA,France,Europe and Northern America,2015,out_of_school,21490.0
FRA,France,Europe and Northern America,2016,out_of_school,7005.0
FRA,France,Europe and Northern America,2017,out_of_school,2457.0
FRA,France,Europe and Northern America,2018,out_of_school,618.0
FRA,France,Europe and Northern America,2019,out_of_school,4882.0
FRA,France,Europe and Northern America,2020,out_of_school,768.0
FRA,France,Europe and Northern America,2021,out_of_school,2925.0
FRA,France,Europe and Northern America,2022,out_of_school,603.0
GUF,French Guiana,Latin America and the Caribbean,1996,out_of_school,174.0
PYF,French Polynesia,Oceania,1990,out_of_school,1981.0
PYF,French Polynesia,Oceania,1993,out_of_school,1138.0
PYF,French Polynesia,Oceania,1995,out_of_school,718.0
PYF,French Polynesia,Oceania,1996,out_of_school,1103.0
GAB,Gabon,Sub-Saharan Africa,1997,out_of_school,27337.0
GAB,Gabon,Sub-Saharan Africa,2019,out_of_school,77448.0
GMB,Gambia,Sub-Saharan Africa,1990,out_of_school,88826.0
GMB,Gambia,Sub-Saharan Africa,1992,out_of_school,106581.0
GMB,Gambia,Sub-Saharan Africa,1993,out_of_school,106925.0
GMB,Gambia,Sub-Saharan Africa,1996,out_of_school,106814.0
GMB,Gambia,Sub-Saharan Africa,1998,out_of_school,111495.0
GMB,Gambia,Sub-Saharan Africa,1999,out_of_school,95702.0
GMB,Gambia,Sub-Saharan Africa,2000,out_of_school,105588.0
GMB,Gambia,Sub-Saharan Africa,2001,out_of_school,109049.0
GMB,Gambia,Sub-Saharan Africa,2002,out_of_school,117158.0
GMB,Gambia,Sub-Saharan Africa,2003,out_of_school,112164.0
GMB,Gambia,Sub-Saharan Africa,2004,out_of_school,113056.0
GMB,Gambia,Sub-Saharan Africa,2005,out_of_school,119773.0
GMB,Gambia,Sub-Saharan Africa,2006,out_of_school,109440.0
GMB,Gambia,Sub-Saharan Africa,2007,out_of_school,105260.0
GMB,Gambia,Sub-Saharan Africa,2008,out_of_school,116974.0
GMB,Gambia,Sub-Saharan Africa,2010,out_of_school,246654.0
GMB,Gambia,Sub-Saharan Africa,2011,out_of_school,251278.0
GMB,Gambia,Sub-Saharan Africa,2012,out_of_school,257298.0
GMB,Gambia,Sub-Saharan Africa,2013,out_of_school,115331.0
GMB,Gambia,Sub-Saharan Africa,2014,out_of_school,119532.0
GMB,Gambia,Sub-Saharan Africa,2015,out_of_school,113276.0
GMB,Gambia,Sub-Saharan Africa,2016,out_of_school,100578.0
GMB,Gambia,Sub-Saharan Africa,2017,out_of_school,94289.0
GMB,Gambia,Sub-Saharan Africa,2018,out_of_school,90549.0
GMB,Gambia,Sub-Saharan Africa,2019,out_of_school,80068.0
GMB,Gambia,Sub-Saharan Africa,2020,out_of_school,74797.0
GMB,Gambia,Sub-Saharan Africa,2021,out_of_school,79262.0
GMB,Gambia,Sub-Saharan Africa,2022,out_of_school,80033.0
GMB,Gambia,Sub-Saharan Africa,2023,out_of_school,81428.0
GEO,Georgia,Central and Southern Asia,1995,out_of_school,61738.0
GEO,Georgia,Central and Southern Asia,1996,out_of_school,54134.0
GEO,Georgia,Central and Southern Asia,1997,out_of_school,41939.0
GEO,Georgia,Central and Southern Asia,2006,out_of_school,3795.0
GEO,Georgia,Central and Southern Asia,2008,out_of_school,8977.0
GEO,Georgia,Central and Southern Asia,2009,out_of_school,8052.0
GEO,Georgia,Central and Southern Asia,2011,out_of_school,5855.0
GEO,Georgia,Central and Southern Asia,2012,out_of_school,7462.0
GEO,Georgia,Central and Southern Asia,2013,out_of_school,7536.0
GEO,Georgia,Central and Southern Asia,2014,out_of_school,7666.0
GEO,Georgia,Central and Southern Asia,2015,out_of_school,6218.0
GEO,Georgia,Central and Southern Asia,2016,out_of_school,6539.0
GEO,Georgia,Central and Southern Asia,2017,out_of_school,5947.0
GEO,Georgia,Central and Southern Asia,2018,out_of_school,5650.0
GEO,Georgia,Central and Southern Asia,2019,out_of_school,5055.0
GEO,Georgia,Central and Southern Asia,2020,out_of_school,3839.0
GEO,Georgia,Central and Southern Asia,2021,out_of_school,2749.0
GEO,Georgia,Central and Southern Asia,2022,out_of_school,10243.0
GEO,Georgia,Central and Southern Asia,2023,out_of_school,16447.0
DEU,Germany,Europe and Northern America,1999,out_of_school,5068.0
DEU,Germany,Europe and Northern America,2000,out_of_school,3111.0
DEU,Germany,Europe and Northern America,2001,out_of_school,16186.0
DEU,Germany,Europe and Northern America,2002,out_of_school,73176.0
DEU,Germany,Europe and Northern America,2003,out_of_school,67843.0
DEU,Germany,Europe and Northern America,2004,out_of_school,63242.0
DEU,Germany,Europe and Northern America,2005,out_of_school,55095.0
DEU,Germany,Europe and Northern America,2006,out_of_school,61404.0
DEU,Germany,Europe and Northern America,2007,out_of_school,51117.0
DEU,Germany,Europe and Northern America,2008,out_of_school,46745.0
DEU,Germany,Europe and Northern America,2009,out_of_school,48033.0
DEU,Germany,Europe and Northern America,2010,out_of_school,31781.0
DEU,Germany,Europe and Northern America,2011,out_of_school,17059.0
DEU,Germany,Europe and Northern America,2012,out_of_school,25123.0
DEU,Germany,Europe and Northern America,2013,out_of_school,25436.0
DEU,Germany,Europe and Northern America,2014,out_of_school,34341.0
DEU,Germany,Europe and Northern America,2015,out_of_school,24047.0
DEU,Germany,Europe and Northern America,2016,out_of_school,49857.0
DEU,Germany,Europe and Northern America,2017,out_of_school,31356.0
DEU,Germany,Europe and Northern America,2018,out_of_school,25345.0
DEU,Germany,Europe and Northern America,2019,out_of_school,27953.0
DEU,Germany,Europe and Northern America,2020,out_of_school,35069.0
DEU,Germany,Europe and Northern America,2021,out_of_school,43851.0
DEU,Germany,Europe and Northern America,2022,out_of_school,58820.0
DEU,Germany,Europe and Northern America,2023,out_of_school,84404.0
GHA,Ghana,Sub-Saharan Africa,1999,out_of_school,1342904.0
GHA,Ghana,Sub-Saharan Africa,2000,out_of_school,1104536.0
GHA,Ghana,Sub-Saharan Africa,2001,out_of_school,1282007.0
GHA,Ghana,Sub-Saharan Africa,2002,out_of_school,1157276.0
GHA,Ghana,Sub-Saharan Africa,2003,out_of_school,1166795.0
GHA,Ghana,Sub-Saharan Africa,2005,out_of_school,988778.0
GHA,Ghana,Sub-Saharan Africa,2006,out_of_school,920149.0
GHA,Ghana,Sub-Saharan Africa,2007,out_of_school,758718.0
GHA,Ghana,Sub-Saharan Africa,2008,out_of_school,593776.0
GHA,Ghana,Sub-Saharan Africa,2009,out_of_school,624637.0
GHA,Ghana,Sub-Saharan Africa,2011,out_of_school,433080.0
GHA,Ghana,Sub-Saharan Africa,2012,out_of_school,506689.0
GHA,Ghana,Sub-Saharan Africa,2017,out_of_school,299178.0
GHA,Ghana,Sub-Saharan Africa,2018,out_of_school,364440.0
GHA,Ghana,Sub-Saharan Africa,2019,out_of_school,251231.0
GHA,Ghana,Sub-Saharan Africa,2020,out_of_school,492043.0
GHA,Ghana,Sub-Saharan Africa,2021,out_of_school,472753.0
GIB,Gibraltar,Europe and Northern America,2023,out_of_school,62.0
GRC,Greece,Europe and Northern America,1990,out_of_school,79928.0
GRC,Greece,Europe and Northern America,1991,out_of_school,71995.0
GRC,Greece,Europe and Northern America,1992,out_of_school,75832.0
GRC,Greece,Europe and Northern America,1993,out_of_school,74382.0
GRC,Greece,Europe and Northern America,1994,out_of_school,67771.0
GRC,Greece,Europe and Northern America,1995,out_of_school,58868.0
GRC,Greece,Europe and Northern America,1996,out_of_school,73660.0
GRC,Greece,Europe and Northern America,1997,out_of_school,81204.0
GRC,Greece,Europe and Northern America,1998,out_of_school,46421.0
GRC,Greece,Europe and Northern America,1999,out_of_school,52811.0
GRC,Greece,Europe and Northern America,2000,out_of_school,474.0
GRC,Greece,Europe and Northern America,2001,out_of_school,1258.0
GRC,Greece,Europe and Northern America,2002,out_of_school,42270.0
GRC,Greece,Europe and Northern America,2003,out_of_school,28045.0
GRC,Greece,Europe and Northern America,2004,out_of_school,15816.0
GRC,Greece,Europe and Northern America,2005,out_of_school,14379.0
GRC,Greece,Europe and Northern America,2006,out_of_school,18417.0
GRC,Greece,Europe and Northern America,2007,out_of_school,15171.0
GRC,Greece,Europe and Northern America,2010,out_of_school,9572.0
GRC,Greece,Europe and Northern America,2011,out_of_school,10127.0
GRC,Greece,Europe and Northern America,2012,out_of_school,12388.0
GRC,Greece,Europe and Northern America,2013,out_of_school,14515.0
GRC,Greece,Europe and Northern America,2014,out_of_school,18430.0
GRC,Greece,Europe and Northern America,2015,out_of_school,14054.0
GRC,Greece,Europe and Northern America,2016,out_of_school,9269.0
GRC,Greece,Europe and Northern America,2017,out_of_school,12943.0
GRC,Greece,Europe and Northern America,2018,out_of_school,19606.0
GRC,Greece,Europe and Northern America,2019,out_of_school,20810.0
GRC,Greece,Europe and Northern America,2020,out_of_school,23966.0
GRC,Greece,Europe and Northern America,2021,out_of_school,24137.0
GRC,Greece,Europe and Northern America,2022,out_of_school,13.0
GRD,Grenada,Europe and Northern America,1999,out_of_school,188.0
GRD,Grenada,Europe and Northern America,2002,out_of_school,382.0
GRD,Grenada,Europe and Northern America,2004,out_of_school,318.0
GRD,Grenada,Europe and Northern America,2005,out_of_school,954.0
GRD,Grenada,Europe and Northern America,2007,out_of_school,260.0
GRD,Grenada,Europe and Northern America,2008,out_of_school,207.0
GRD,Grenada,Europe and Northern America,2014,out_of_school,541.0
GRD,Grenada,Europe and Northern America,2016,out_of_school,11.0
GRD,Grenada,Europe and Northern America,2018,out_of_school,14.886306
GRD,Grenada,Europe and Northern America,2021,out_of_school,339.0
GLP,Guadeloupe,Europe and Northern America,1991,out_of_school,332.0
GTM,Guatemala,Europe and Northern America,1997,out_of_school,514521.0
GTM,Guatemala,Europe and Northern America,1999,out_of_school,328599.0
GTM,Guatemala,Europe and Northern America,2000,out_of_school,292825.0
GTM,Guatemala,Europe and Northern America,2001,out_of_school,318378.0
GTM,Guatemala,Europe and Northern America,2002,out_of_school,256938.0
GTM,Guatemala,Europe and Northern America,2004,out_of_school,168707.0
GTM,Guatemala,Europe and Northern America,2005,out_of_school,141789.0
GTM,Guatemala,Europe and Northern America,2006,out_of_school,114237.0
GTM,Guatemala,Europe and Northern America,2007,out_of_school,92775.0
GTM,Guatemala,Europe and Northern America,2008,out_of_school,88802.0
GTM,Guatemala,Europe and Northern America,2011,out_of_school,55265.0
GTM,Guatemala,Europe and Northern America,2012,out_of_school,117926.0
GTM,Guatemala,Europe and Northern America,2013,out_of_school,170129.0
GTM,Guatemala,Europe and Northern America,2014,out_of_school,217239.0
GTM,Guatemala,Europe and Northern America,2015,out_of_school,231853.0
GTM,Guatemala,Europe and Northern America,2016,out_of_school,257270.0
GTM,Guatemala,Europe and Northern America,2017,out_of_school,242461.0
GTM,Guatemala,Europe and Northern America,2018,out_of_school,222054.0
GTM,Guatemala,Europe and Northern America,2019,out_of_school,227941.0
GTM,Guatemala,Europe and Northern America,2020,out_of_school,225894.0
GTM,Guatemala,Europe and Northern America,2021,out_of_school,198971.0
GTM,Guatemala,Europe and Northern America,2022,out_of_school,199141.0
GTM,Guatemala,Europe and Northern America,2023,out_of_school,197954.0
GIN,Guinea,Sub-Saharan Africa,1990,out_of_school,727554.0
GIN,Guinea,Sub-Saharan Africa,1991,out_of_school,742398.0
GIN,Guinea,Sub-Saharan Africa,1998,out_of_school,746850.0
GIN,Guinea,Sub-Saharan Africa,1999,out_of_school,744047.0
GIN,Guinea,Sub-Saharan Africa,2000,out_of_school,732720.0
GIN,Guinea,Sub-Saharan Africa,2001,out_of_school,714878.0
GIN,Guinea,Sub-Saharan Africa,2002,out_of_school,635985.0
GIN,Guinea,Sub-Saharan Africa,2003,out_of_school,608452.0
GIN,Guinea,Sub-Saharan Africa,2004,out_of_school,583077.0
GIN,Guinea,Sub-Saharan Africa,2005,out_of_school,571281.0
GIN,Guinea,Sub-Saharan Africa,2006,out_of_school,551009.0
GIN,Guinea,Sub-Saharan Africa,2007,out_of_school,529351.0
GIN,Guinea,Sub-Saharan Africa,2008,out_of_school,551100.0
GIN,Guinea,Sub-Saharan Africa,2009,out_of_school,529827.0
GIN,Guinea,Sub-Saharan Africa,2010,out_of_school,477839.0
GIN,Guinea,Sub-Saharan Africa,2011,out_of_school,404485.0
GIN,Guinea,Sub-Saharan Africa,2012,out_of_school,418340.0
GIN,Guinea,Sub-Saharan Africa,2013,out_of_school,393044.0
GIN,Guinea,Sub-Saharan Africa,2014,out_of_school,335168.0
GIN,Guinea,Sub-Saharan Africa,2015,out_of_school,484385.0
GIN,Guinea,Sub-Saharan Africa,2016,out_of_school,391968.0
GIN,Guinea,Sub-Saharan Africa,2018,out_of_school,331502.0
GIN,Guinea,Sub-Saharan Africa,2019,out_of_school,363512.0
GIN,Guinea,Sub-Saharan Africa,2020,out_of_school,308947.0
GIN,Guinea,Sub-Saharan Africa,2021,out_of_school,416276.0
GNB,Guinea-Bissau,Sub-Saharan Africa,2000,out_of_school,100866.0
GNB,Guinea-Bissau,Sub-Saharan Africa,2010,out_of_school,75097.0
GUY,Guyana,Latin America and the Caribbean,1991,out_of_school,8264.0
GUY,Guyana,Latin America and the Caribbean,1992,out_of_school,9899.0
GUY,Guyana,Latin America and the Caribbean,1993,out_of_school,11007.0
GUY,Guyana,Latin America and the Caribbean,1995,out_of_school,9282.0
GUY,Guyana,Latin America and the Caribbean,1996,out_of_school,12190.0
GUY,Guyana,Latin America and the Caribbean,2003,out_of_school,9473.0
GUY,Guyana,Latin America and the Caribbean,2008,out_of_school,675.0
GUY,Guyana,Latin America and the Caribbean,2009,out_of_school,5425.0
GUY,Guyana,Latin America and the Caribbean,2010,out_of_school,523.0
GUY,Guyana,Latin America and the Caribbean,2011,out_of_school,325.0
GUY,Guyana,Latin America and the Caribbean,2012,out_of_school,291.0
GUY,Guyana,Latin America and the Caribbean,2020,out_of_school,17824.0
GUY,Guyana,Latin America and the Caribbean,2021,out_of_school,18939.0
GUY,Guyana,Latin America and the Caribbean,2023,out_of_school,17362.0
HTI,Haiti,Europe and Northern America,1997,out_of_school,500435.0
OWID_HIC,High-income countries,,2000,out_of_school,4051000.0
OWID_HIC,High-income countries,,2001,out_of_school,4278000.0
OWID_HIC,High-income countries,,2002,out_of_school,4054000.0
OWID_HIC,High-income countries,,2003,out_of_school,3259000.0
OWID_HIC,High-income countries,,2004,out_of_school,3121000.0
OWID_HIC,High-income countries,,2005,out_of_school,2483000.0
OWID_HIC,High-income countries,,2006,out_of_school,2161000.0
OWID_HIC,High-income countries,,2007,out_of_school,1991000.0
OWID_HIC,High-income countries,,2008,out_of_school,1907000.0
OWID_HIC,High-income countries,,2009,out_of_school,1894000.0
OWID_HIC,High-income countries,,2010,out_of_school,1923000.0
OWID_HIC,High-income countries,,2011,out_of_school,1940000.0
OWID_HIC,High-income countries,,2012,out_of_school,1972000.0
OWID_HIC,High-income countries,,2013,out_of_school,2030000.0
OWID_HIC,High-income countries,,2014,out_of_school,2052000.0
OWID_HIC,High-income countries,,2015,out_of_school,2022000.0
OWID_HIC,High-income countries,,2016,out_of_school,1988000.0
OWID_HIC,High-income countries,,2017,out_of_school,1925000.0
OWID_HIC,High-income countries,,2018,out_of_school,1870000.0
OWID_HIC,High-income countries,,2019,out_of_school,1879000.0
OWID_HIC,High-income countries,,2020,out_of_school,1939000.0
OWID_HIC,High-income countries,,2021,out_of_school,1995000.0
OWID_HIC,High-income countries,,2022,out_of_school,2021000.0
OWID_HIC,High-income countries,,2023,out_of_school,2040000.0
HND,Honduras,Europe and Northern America,1991,out_of_school,123017.0
HND,Honduras,Europe and Northern America,1993,out_of_school,114500.0
HND,Honduras,Europe and Northern America,2000,out_of_school,156066.0
HND,Honduras,Europe and Northern America,2003,out_of_school,115031.0
HND,Honduras,Europe and Northern America,2004,out_of_school,105579.0
HND,Honduras,Europe and Northern America,2005,out_of_school,157164.0
HND,Honduras,Europe and Northern America,2006,out_of_school,111264.0
HND,Honduras,Europe and Northern America,2007,out_of_school,182100.0
HND,Honduras,Europe and Northern America,2008,out_of_school,150746.0
HND,Honduras,Europe and Northern America,2009,out_of_school,176090.0
HND,Honduras,Europe and Northern America,2010,out_of_school,174303.0
HND,Honduras,Europe and Northern America,2011,out_of_school,181047.0
HND,Honduras,Europe and Northern America,2012,out_of_school,228037.0
HND,Honduras,Europe and Northern America,2013,out_of_school,266472.0
HND,Honduras,Europe and Northern America,2014,out_of_school,277340.0
HND,Honduras,Europe and Northern America,2015,out_of_school,290187.0
HND,Honduras,Europe and Northern America,2016,out_of_school,279615.0
HND,Honduras,Europe and Northern America,2017,out_of_school,269180.0
HND,Honduras,Europe and Northern America,2018,out_of_school,256176.0
HND,Honduras,Europe and Northern America,2019,out_of_school,228832.0
HND,Honduras,Europe and Northern America,2020,out_of_school,280170.0
HND,Honduras,Europe and Northern America,2021,out_of_school,318806.0
HND,Honduras,Europe and Northern America,2022,out_of_school,302852.0
HND,Honduras,Europe and Northern America,2023,out_of_school,310708.0
HKG,Hong Kong,Central and Southern Asia,1995,out_of_school,25949.0
HKG,Hong Kong,Central and Southern Asia,1996,out_of_school,30314.0
HKG,Hong Kong,Central and Southern Asia,2001,out_of_school,19780.0
HKG,Hong Kong,Central and Southern Asia,2002,out_of_school,18027.0
HKG,Hong Kong,Central and Southern Asia,2003,out_of_school,9681.0
HKG,Hong Kong,Central and Southern Asia,2004,out_of_school,14673.0
HKG,Hong Kong,Central and Southern Asia,2005,out_of_school,9515.0
HKG,Hong Kong,Central and Southern Asia,2006,out_of_school,5601.0
HKG,Hong Kong,Central and Southern Asia,2007,out_of_school,7466.0
HKG,Hong Kong,Central and Southern Asia,2008,out_of_school,1798.0
HKG,Hong Kong,Central and Southern Asia,2009,out_of_school,1420.0
HKG,Hong Kong,Central and Southern Asia,2010,out_of_school,1205.0
HKG,Hong Kong,Central and Southern Asia,2011,out_of_school,915.0
HKG,Hong Kong,Central and Southern Asia,2012,out_of_school,960.0
HKG,Hong Kong,Central and Southern Asia,2013,out_of_school,1059.0
HKG,Hong Kong,Central and Southern Asia,2014,out_of_school,2426.0
HKG,Hong Kong,Central and Southern Asia,2015,out_of_school,2776.0
HKG,Hong Kong,Central and Southern Asia,2016,out_of_school,2271.0
HKG,Hong Kong,Central and Southern Asia,2017,out_of_school,740.0
HKG,Hong Kong,Central and Southern Asia,2018,out_of_school,441.0
HKG,Hong Kong,Central and Southern Asia,2019,out_of_school,246.0
HKG,Hong Kong,Central and Southern Asia,2020,out_of_school,2372.0
HKG,Hong Kong,Central and Southern Asia,2021,out_of_school,3587.0
HKG,Hong Kong,Central and Southern Asia,2022,out_of_school,3060.0
HUN,Hungary,Europe and Northern America,1994,out_of_school,64496.0
HUN,Hungary,Europe and Northern America,1995,out_of_school,66080.0
HUN,Hungary,Europe and Northern America,1996,out_of_school,114269.0
HUN,Hungary,Europe and Northern America,1997,out_of_school,61605.0
HUN,Hungary,Europe and Northern America,1998,out_of_school,1468.0
HUN,Hungary,Europe and Northern America,1999,out_of_school,2406.0
HUN,Hungary,Europe and Northern America,2000,out_of_school,11545.0
HUN,Hungary,Europe and Northern America,2001,out_of_school,7147.0
HUN,Hungary,Europe and Northern America,2002,out_of_school,616.0
HUN,Hungary,Europe and Northern America,2003,out_of_school,94.0
HUN,Hungary,Europe and Northern America,2004,out_of_school,172.0
HUN,Hungary,Europe and Northern America,2005,out_of_school,369.0
HUN,Hungary,Europe and Northern America,2006,out_of_school,663.0
HUN,Hungary,Europe and Northern America,2007,out_of_school,1730.0
HUN,Hungary,Europe and Northern America,2008,out_of_school,3410.0
HUN,Hungary,Europe and Northern America,2009,out_of_school,6362.0
HUN,Hungary,Europe and Northern America,2010,out_of_school,8025.0
HUN,Hungary,Europe and Northern America,2011,out_of_school,9217.0
HUN,Hungary,Europe and Northern America,2012,out_of_school,6430.0
HUN,Hungary,Europe and Northern America,2013,out_of_school,9625.0
HUN,Hungary,Europe and Northern America,2014,out_of_school,13782.0
HUN,Hungary,Europe and Northern America,2015,out_of_school,16810.0
HUN,Hungary,Europe and Northern America,2016,out_of_school,19789.0
HUN,Hungary,Europe and Northern America,2017,out_of_school,19341.0
HUN,Hungary,Europe and Northern America,2018,out_of_school,17205.0
HUN,Hungary,Europe and Northern America,2019,out_of_school,16402.0
HUN,Hungary,Europe and Northern America,2020,out_of_school,15796.0
HUN,Hungary,Europe and Northern America,2021,out_of_school,13986.0
HUN,Hungary,Europe and Northern America,2022,out_of_school,13457.0
HUN,Hungary,Europe and Northern America,2023,out_of_school,7985.0
ISL,Iceland,Europe and Northern America,1994,out_of_school,131.0
ISL,Iceland,Europe and Northern America,1996,out_of_school,6.0
ISL,Iceland,Europe and Northern America,1997,out_of_school,253.0
ISL,Iceland,Europe and Northern America,1998,out_of_school,322.0
ISL,Iceland,Europe and Northern America,1999,out_of_school,374.0
ISL,Iceland,Europe and Northern America,2000,out_of_school,272.0
ISL,Iceland,Europe and Northern America,2001,out_of_school,218.0
ISL,Iceland,Europe and Northern America,2002,out_of_school,373.0
ISL,Iceland,Europe and Northern America,2003,out_of_school,298.0
ISL,Iceland,Europe and Northern America,2004,out_of_school,291.0
ISL,Iceland,Europe and Northern America,2005,out_of_school,265.0
ISL,Iceland,Europe and Northern America,2006,out_of_school,335.0
ISL,Iceland,Europe and Northern America,2007,out_of_school,436.0
ISL,Iceland,Europe and Northern America,2008,out_of_school,473.0
ISL,Iceland,Europe and Northern America,2009,out_of_school,478.0
ISL,Iceland,Europe and Northern America,2010,out_of_school,351.0
ISL,Iceland,Europe and Northern America,2011,out_of_school,375.0
ISL,Iceland,Europe and Northern America,2012,out_of_school,337.0
ISL,Iceland,Europe and Northern America,2013,out_of_school,359.0
ISL,Iceland,Europe and Northern America,2014,out_of_school,356.0
ISL,Iceland,Europe and Northern America,2015,out_of_school,389.0
ISL,Iceland,Europe and Northern America,2016,out_of_school,327.0
ISL,Iceland,Europe and Northern America,2017,out_of_school,345.0
ISL,Iceland,Europe and Northern America,2018,out_of_school,361.0
ISL,Iceland,Europe and Northern America,2019,out_of_school,395.0
ISL,Iceland,Europe and Northern America,2020,out_of_school,474.0
ISL,Iceland,Europe and Northern America,2021,out_of_school,476.0
ISL,Iceland,Europe and Northern America,2022,out_of_school,503.0
IND,India,Central and Southern Asia,1990,out_of_school,21727976.0
IND,India,Central and Southern Asia,2002,out_of_school,15793298.0
IND,India,Central and Southern Asia,2003,out_of_school,10033437.0
IND,India,Central and Southern Asia,2007,out_of_school,1109398.0
IND,India,Central and Southern Asia,2008,out_of_school,478248.0
IND,India,Central and Southern Asia,2009,out_of_school,1615550.0
IND,India,Central and Southern Asia,2010,out_of_school,1058819.0
IND,India,Central and Southern Asia,2011,out_of_school,1625922.0
IND,India,Central and Southern Asia,2012,out_of_school,1542281.0
IND,India,Central and Southern Asia,2013,out_of_school,529431.0
IND,India,Central and Southern Asia,2016,out_of_school,5010197.0
IND,India,Central and Southern Asia,2017,out_of_school,7328295.0
IND,India,Central and Southern Asia,2018,out_of_school,7721150.0
IND,India,Central and Southern Asia,2019,out_of_school,8894878.0
IND,India,Central and Southern Asia,2020,out_of_school,4873048.0
IND,India,Central and Southern Asia,2021,out_of_school,2758325.0
IND,India,Central and Southern Asia,2022,out_of_school,180672.1
IND,India,Central and Southern Asia,2023,out_of_school,1722439.1
IND,India,Central and Southern Asia,2024,out_of_school,119748.74
IDN,Indonesia,Central and Southern Asia,1990,out_of_school,1009038.0
IDN,Indonesia,Central and Southern Asia,1991,out_of_school,1306455.0
IDN,Indonesia,Central and Southern Asia,1992,out_of_school,1494448.0
IDN,Indonesia,Central and Southern Asia,1993,out_of_school,1684533.0
IDN,Indonesia,Central and Southern Asia,1994,out_of_school,1384502.0
IDN,Indonesia,Central and Southern Asia,1995,out_of_school,1348160.0
IDN,Indonesia,Central and Southern Asia,1996,out_of_school,1649514.0
IDN,Indonesia,Central and Southern Asia,1997,out_of_school,1702062.0
IDN,Indonesia,Central and Southern Asia,2001,out_of_school,1082406.0
IDN,Indonesia,Central and Southern Asia,2002,out_of_school,1148725.0
IDN,Indonesia,Central and Southern Asia,2003,out_of_school,1182554.0
IDN,Indonesia,Central and Southern Asia,2004,out_of_school,1369667.0
IDN,Indonesia,Central and Southern Asia,2005,out_of_school,1559205.0
IDN,Indonesia,Central and Southern Asia,2006,out_of_school,1117320.0
IDN,Indonesia,Central and Southern Asia,2007,out_of_school,554080.0
IDN,Indonesia,Central and Southern Asia,2008,out_of_school,690846.0
IDN,Indonesia,Central and Southern Asia,2009,out_of_school,264905.0
IDN,Indonesia,Central and Southern Asia,2010,out_of_school,104908.0
IDN,Indonesia,Central and Southern Asia,2011,out_of_school,486790.0
IDN,Indonesia,Central and Southern Asia,2012,out_of_school,63112.0
IDN,Indonesia,Central and Southern Asia,2013,out_of_school,490076.0
IDN,Indonesia,Central and Southern Asia,2014,out_of_school,959679.0
IDN,Indonesia,Central and Southern Asia,2016,out_of_school,1685507.0
IDN,Indonesia,Central and Southern Asia,2017,out_of_school,1796456.0
IDN,Indonesia,Central and Southern Asia,2018,out_of_school,2189066.0
IDN,Indonesia,Central and Southern Asia,2019,out_of_school,495248.5
IDN,Indonesia,Central and Southern Asia,2020,out_of_school,778194.56
IDN,Indonesia,Central and Southern Asia,2021,out_of_school,420234.84
IDN,Indonesia,Central and Southern Asia,2022,out_of_school,358045.3
IDN,Indonesia,Central and Southern Asia,2023,out_of_school,211985.22
IRN,Iran,Central and Southern Asia,1990,out_of_school,911722.0
IRN,Iran,Central and Southern Asia,1992,out_of_school,737339.0
IRN,Iran,Central and Southern Asia,1997,out_of_school,975763.0
IRN,Iran,Central and Southern Asia,1999,out_of_school,1512711.0
IRN,Iran,Central and Southern Asia,2000,out_of_school,1417290.0
IRN,Iran,Central and Southern Asia,2002,out_of_school,206217.0
IRN,Iran,Central and Southern Asia,2003,out_of_school,155856.0
IRN,Iran,Central and Southern Asia,2004,out_of_school,106754.0
IRN,Iran,Central and Southern Asia,2005,out_of_school,52068.0
IRN,Iran,Central and Southern Asia,2006,out_of_school,65766.0
IRN,Iran,Central and Southern Asia,2007,out_of_school,313743.0
IRN,Iran,Central and Southern Asia,2009,out_of_school,267384.0
IRN,Iran,Central and Southern Asia,2010,out_of_school,315219.0
IRN,Iran,Central and Southern Asia,2011,out_of_school,276519.0
IRN,Iran,Central and Southern Asia,2012,out_of_school,245249.0
IRN,Iran,Central and Southern Asia,2013,out_of_school,153978.0
IRN,Iran,Central and Southern Asia,2014,out_of_school,285445.0
IRN,Iran,Central and Southern Asia,2015,out_of_school,281939.0
IRN,Iran,Central and Southern Asia,2016,out_of_school,264491.0
IRN,Iran,Central and Southern Asia,2017,out_of_school,205506.0
IRN,Iran,Central and Southern Asia,2019,out_of_school,125631.0
IRN,Iran,Central and Southern Asia,2020,out_of_school,151524.0
IRQ,Iraq,Central and Southern Asia,1993,out_of_school,644561.0
IRQ,Iraq,Central and Southern Asia,1996,out_of_school,918723.0
IRQ,Iraq,Central and Southern Asia,1999,out_of_school,596787.0
IRQ,Iraq,Central and Southern Asia,2000,out_of_school,712580.0
IRQ,Iraq,Central and Southern Asia,2003,out_of_school,622762.0
IRQ,Iraq,Central and Southern Asia,2004,out_of_school,670413.0
IRQ,Iraq,Central and Southern Asia,2007,out_of_school,498693.0
IRL,Ireland,Europe and Northern America,1990,out_of_school,37481.0
IRL,Ireland,Europe and Northern America,1991,out_of_school,35942.0
IRL,Ireland,Europe and Northern America,1992,out_of_school,34856.0
IRL,Ireland,Europe and Northern America,1993,out_of_school,32574.0
IRL,Ireland,Europe and Northern America,1994,out_of_school,30988.0
IRL,Ireland,Europe and Northern America,1995,out_of_school,30076.0
IRL,Ireland,Europe and Northern America,1996,out_of_school,30915.0
IRL,Ireland,Europe and Northern America,1998,out_of_school,1709.0
IRL,Ireland,Europe and Northern America,1999,out_of_school,441.0
IRL,Ireland,Europe and Northern America,2000,out_of_school,179.0
IRL,Ireland,Europe and Northern America,2001,out_of_school,795.0
IRL,Ireland,Europe and Northern America,2002,out_of_school,952.0
IRL,Ireland,Europe and Northern America,2003,out_of_school,83.0
IRL,Ireland,Europe and Northern America,2004,out_of_school,402.0
IRL,Ireland,Europe and Northern America,2005,out_of_school,1139.0
IRL,Ireland,Europe and Northern America,2006,out_of_school,526.0
IRL,Ireland,Europe and Northern America,2007,out_of_school,806.0
IRL,Ireland,Europe and Northern America,2008,out_of_school,354.0
IRL,Ireland,Europe and Northern America,2009,out_of_school,128.0
IRL,Ireland,Europe and Northern America,2010,out_of_school,981.0
IRL,Ireland,Europe and Northern America,2011,out_of_school,621.0
IRL,Ireland,Europe and Northern America,2012,out_of_school,294.0
IRL,Ireland,Europe and Northern America,2013,out_of_school,376.0
IRL,Ireland,Europe and Northern America,2014,out_of_school,197.0
IRL,Ireland,Europe and Northern America,2015,out_of_school,263.0
IRL,Ireland,Europe and Northern America,2016,out_of_school,64.0
IRL,Ireland,Europe and Northern America,2017,out_of_school,159.0
IRL,Ireland,Europe and Northern America,2018,out_of_school,10.0
IRL,Ireland,Europe and Northern America,2019,out_of_school,773.0
IRL,Ireland,Europe and Northern America,2020,out_of_school,238.0
IRL,Ireland,Europe and Northern America,2021,out_of_school,4254.0
IRL,Ireland,Europe and Northern America,2022,out_of_school,6113.0
ISR,Israel,Central and Southern Asia,1999,out_of_school,2338.0
ISR,Israel,Central and Southern Asia,2000,out_of_school,21863.0
ISR,Israel,Central and Southern Asia,2001,out_of_school,28407.0
ISR,Israel,Central and Southern Asia,2002,out_of_school,27775.0
ISR,Israel,Central and Southern Asia,2003,out_of_school,32918.0
ISR,Israel,Central and Southern Asia,2004,out_of_school,31375.0
ISR,Israel,Central and Southern Asia,2005,out_of_school,34076.0
ISR,Israel,Central and Southern Asia,2006,out_of_school,34347.0
ISR,Israel,Central and Southern Asia,2007,out_of_school,33306.0
ISR,Israel,Central and Southern Asia,2008,out_of_school,34563.0
ISR,Israel,Central and Southern Asia,2009,out_of_school,17873.0
ISR,Israel,Central and Southern Asia,2010,out_of_school,16367.0
ISR,Israel,Central and Southern Asia,2011,out_of_school,15028.0
ISR,Israel,Central and Southern Asia,2012,out_of_school,14647.0
ISR,Israel,Central and Southern Asia,2013,out_of_school,16591.0
ISR,Israel,Central and Southern Asia,2014,out_of_school,20730.0
ISR,Israel,Central and Southern Asia,2015,out_of_school,23041.0
ISR,Israel,Central and Southern Asia,2016,out_of_school,23989.0
ISR,Israel,Central and Southern Asia,2017,out_of_school,30246.0
ISR,Israel,Central and Southern Asia,2018,out_of_school,32954.0
ISR,Israel,Central and Southern Asia,2019,out_of_school,36904.0
ISR,Israel,Central and Southern Asia,2020,out_of_school,38897.0
ISR,Israel,Central and Southern Asia,2021,out_of_school,37652.0
ISR,Israel,Central and Southern Asia,2022,out_of_school,38591.0
ITA,Italy,Europe and Northern America,1995,out_of_school,0.0
ITA,Italy,Europe and Northern America,1996,out_of_school,26832.0
ITA,Italy,Europe and Northern America,1997,out_of_school,16828.0
ITA,Italy,Europe and Northern America,1999,out_of_school,12083.0
ITA,Italy,Europe and Northern America,2000,out_of_school,3755.0
ITA,Italy,Europe and Northern America,2001,out_of_school,6006.0
ITA,Italy,Europe and Northern America,2002,out_of_school,5632.0
ITA,Italy,Europe and Northern America,2003,out_of_school,7617.0
ITA,Italy,Europe and Northern America,2004,out_of_school,5185.0
ITA,Italy,Europe and Northern America,2005,out_of_school,9911.0
ITA,Italy,Europe and Northern America,2006,out_of_school,10258.0
ITA,Italy,Europe and Northern America,2007,out_of_school,11020.0
ITA,Italy,Europe and Northern America,2008,out_of_school,11421.0
ITA,Italy,Europe and Northern America,2009,out_of_school,8458.0
ITA,Italy,Europe and Northern America,2010,out_of_school,6072.0
ITA,Italy,Europe and Northern America,2011,out_of_school,8257.0
ITA,Italy,Europe and Northern America,2012,out_of_school,9482.0
ITA,Italy,Europe and Northern America,2013,out_of_school,25050.0
ITA,Italy,Europe and Northern America,2014,out_of_school,34972.0
ITA,Italy,Europe and Northern America,2015,out_of_school,42524.0
ITA,Italy,Europe and Northern America,2016,out_of_school,47236.0
ITA,Italy,Europe and Northern America,2017,out_of_school,46243.0
ITA,Italy,Europe and Northern America,2018,out_of_school,43832.0
ITA,Italy,Europe and Northern America,2019,out_of_school,43971.0
ITA,Italy,Europe and Northern America,2020,out_of_school,39912.0
ITA,Italy,Europe and Northern America,2021,out_of_school,55640.0
ITA,Italy,Europe and Northern America,2022,out_of_school,64907.0
ITA,Italy,Europe and Northern America,2023,out_of_school,52117.0
JAM,Jamaica,Europe and Northern America,1990,out_of_school,15073.0
JAM,Jamaica,Europe and Northern America,1991,out_of_school,18871.0
JAM,Jamaica,Europe and Northern America,1993,out_of_school,29781.0
JAM,Jamaica,Europe and Northern America,1999,out_of_school,41735.0
JAM,Jamaica,Europe and Northern America,2000,out_of_school,38811.0
JAM,Jamaica,Europe and Northern America,2001,out_of_school,39941.0
JAM,Jamaica,Europe and Northern America,2002,out_of_school,44134.0
JAM,Jamaica,Europe and Northern America,2003,out_of_school,47215.0
JAM,Jamaica,Europe and Northern America,2004,out_of_school,35931.0
JAM,Jamaica,Europe and Northern America,2005,out_of_school,35282.0
JAM,Jamaica,Europe and Northern America,2013,out_of_school,56209.0
JAM,Jamaica,Europe and Northern America,2014,out_of_school,58018.0
JAM,Jamaica,Europe and Northern America,2015,out_of_school,59607.0
JAM,Jamaica,Europe and Northern America,2016,out_of_school,56368.0
JAM,Jamaica,Europe and Northern America,2017,out_of_school,57286.0
JAM,Jamaica,Europe and Northern America,2018,out_of_school,56238.0
JAM,Jamaica,Europe and Northern America,2019,out_of_school,54833.0
JAM,Jamaica,Europe and Northern America,2020,out_of_school,30434.0
JAM,Jamaica,Europe and Northern America,2021,out_of_school,35294.0
JAM,Jamaica,Europe and Northern America,2022,out_of_school,16138.0
JAM,Jamaica,Europe and Northern America,2023,out_of_school,27604.0
JPN,Japan,Central and Southern Asia,1990,out_of_school,11911.0
JPN,Japan,Central and Southern Asia,1991,out_of_school,7827.0
JPN,Japan,Central and Southern Asia,1992,out_of_school,11484.0
JPN,Japan,Central and Southern Asia,1994,out_of_school,6669.0
JPN,Japan,Central and Southern Asia,1998,out_of_school,2929.0
JPN,Japan,Central and Southern Asia,1999,out_of_school,348.0
JPN,Japan,Central and Southern Asia,2013,out_of_school,2090.0
JPN,Japan,Central and Southern Asia,2014,out_of_school,6711.0
JPN,Japan,Central and Southern Asia,2015,out_of_school,9398.0
JPN,Japan,Central and Southern Asia,2016,out_of_school,6095.0
JPN,Japan,Central and Southern Asia,2017,out_of_school,3207.0
JPN,Japan,Central and Southern Asia,2018,out_of_school,5893.0
JPN,Japan,Central and Southern Asia,2019,out_of_school,5422.0
JPN,Japan,Central and Southern Asia,2020,out_of_school,8410.0
JPN,Japan,Central and Southern Asia,2021,out_of_school,1885.0
JPN,Japan,Central and Southern Asia,2022,out_of_school,5974.0
JOR,Jordan,Central and Southern Asia,1999,out_of_school,119255.0
JOR,Jordan,Central and Southern Asia,2000,out_of_school,130769.0
JOR,Jordan,Central and Southern Asia,2002,out_of_school,78685.0
JOR,Jordan,Central and Southern Asia,2003,out_of_school,65418.0
JOR,Jordan,Central and Southern Asia,2004,out_of_school,56133.0
JOR,Jordan,Central and Southern Asia,2005,out_of_school,55999.0
JOR,Jordan,Central and Southern Asia,2006,out_of_school,61355.0
JOR,Jordan,Central and Southern Asia,2007,out_of_school,76404.0
JOR,Jordan,Central and Southern Asia,2008,out_of_school,99969.0
JOR,Jordan,Central and Southern Asia,2010,out_of_school,105572.0
JOR,Jordan,Central and Southern Asia,2011,out_of_school,99318.0
JOR,Jordan,Central and Southern Asia,2012,out_of_school,96172.0
JOR,Jordan,Central and Southern Asia,2013,out_of_school,64646.0
JOR,Jordan,Central and Southern Asia,2016,out_of_school,39331.0
JOR,Jordan,Central and Southern Asia,2017,out_of_school,23834.0
JOR,Jordan,Central and Southern Asia,2018,out_of_school,19395.0
JOR,Jordan,Central and Southern Asia,2019,out_of_school,19756.0
JOR,Jordan,Central and Southern Asia,2020,out_of_school,17986.0
JOR,Jordan,Central and Southern Asia,2021,out_of_school,28968.0
JOR,Jordan,Central and Southern Asia,2022,out_of_school,21339.0
JOR,Jordan,Central and Southern Asia,2023,out_of_school,30737.0
KAZ,Kazakhstan,Central and Southern Asia,2000,out_of_school,53182.0
KAZ,Kazakhstan,Central and Southern Asia,2001,out_of_school,28095.0
KAZ,Kazakhstan,Central and Southern Asia,2002,out_of_school,27422.0
KAZ,Kazakhstan,Central and Southern Asia,2003,out_of_school,24507.0
KAZ,Kazakhstan,Central and Southern Asia,2004,out_of_school,24586.0
KAZ,Kazakhstan,Central and Southern Asia,2005,out_of_school,21178.0
KAZ,Kazakhstan,Central and Southern Asia,2006,out_of_school,23156.0
KAZ,Kazakhstan,Central and Southern Asia,2007,out_of_school,38263.0
KAZ,Kazakhstan,Central and Southern Asia,2008,out_of_school,52341.0
KAZ,Kazakhstan,Central and Southern Asia,2009,out_of_school,67436.0
KAZ,Kazakhstan,Central and Southern Asia,2010,out_of_school,78577.0
KAZ,Kazakhstan,Central and Southern Asia,2011,out_of_school,75710.0
KAZ,Kazakhstan,Central and Southern Asia,2012,out_of_school,80042.0
KAZ,Kazakhstan,Central and Southern Asia,2013,out_of_school,91695.0
KAZ,Kazakhstan,Central and Southern Asia,2014,out_of_school,100221.0
KAZ,Kazakhstan,Central and Southern Asia,2015,out_of_school,105069.0
KAZ,Kazakhstan,Central and Southern Asia,2016,out_of_school,113415.0
KAZ,Kazakhstan,Central and Southern Asia,2017,out_of_school,80808.0
KAZ,Kazakhstan,Central and Southern Asia,2018,out_of_school,72946.0
KAZ,Kazakhstan,Central and Southern Asia,2019,out_of_school,58533.0
KAZ,Kazakhstan,Central and Southern Asia,2020,out_of_school,165748.0
KAZ,Kazakhstan,Central and Southern Asia,2021,out_of_school,170299.0
KAZ,Kazakhstan,Central and Southern Asia,2022,out_of_school,162925.0
KAZ,Kazakhstan,Central and Southern Asia,2023,out_of_school,93210.0
KAZ,Kazakhstan,Central and Southern Asia,2024,out_of_school,102766.0
KEN,Kenya,Sub-Saharan Africa,1999,out_of_school,1963801.0
KEN,Kenya,Sub-Saharan Africa,2000,out_of_school,1867154.0
KEN,Kenya,Sub-Saharan Africa,2001,out_of_school,1470292.0
KEN,Kenya,Sub-Saharan Africa,2002,out_of_school,1614261.0
KEN,Kenya,Sub-Saharan Africa,2003,out_of_school,837525.0
KEN,Kenya,Sub-Saharan Africa,2004,out_of_school,908635.0
KEN,Kenya,Sub-Saharan Africa,2005,out_of_school,861156.0
KEN,Kenya,Sub-Saharan Africa,2006,out_of_school,914574.0
KEN,Kenya,Sub-Saharan Africa,2007,out_of_school,311609.0
KEN,Kenya,Sub-Saharan Africa,2008,out_of_school,601767.0
KEN,Kenya,Sub-Saharan Africa,2009,out_of_school,505601.0
KEN,Kenya,Sub-Saharan Africa,2012,out_of_school,1249057.0
KIR,Kiribati,Oceania,1991,out_of_school,64.0
KIR,Kiribati,Oceania,1992,out_of_school,63.0
KIR,Kiribati,Oceania,1993,out_of_school,80.0
KIR,Kiribati,Oceania,1994,out_of_school,37.0
KIR,Kiribati,Oceania,1995,out_of_school,0.0
KIR,Kiribati,Oceania,1996,out_of_school,21.0
KIR,Kiribati,Oceania,1997,out_of_school,178.0
KIR,Kiribati,Oceania,2000,out_of_school,350.0
KIR,Kiribati,Oceania,2014,out_of_school,61.0
KIR,Kiribati,Oceania,2015,out_of_school,163.0
KIR,Kiribati,Oceania,2016,out_of_school,46.0
KIR,Kiribati,Oceania,2017,out_of_school,224.0
KIR,Kiribati,Oceania,2020,out_of_school,361.0
KIR,Kiribati,Oceania,2021,out_of_school,450.0
KIR,Kiribati,Oceania,2022,out_of_school,794.0
KIR,Kiribati,Oceania,2023,out_of_school,1547.0
KWT,Kuwait,Central and Southern Asia,1992,out_of_school,63522.0
KWT,Kuwait,Central and Southern Asia,1994,out_of_school,42880.0
KWT,Kuwait,Central and Southern Asia,1996,out_of_school,41830.0
KWT,Kuwait,Central and Southern Asia,1997,out_of_school,45734.0
KWT,Kuwait,Central and Southern Asia,1998,out_of_school,27064.0
KWT,Kuwait,Central and Southern Asia,1999,out_of_school,26628.0
KWT,Kuwait,Central and Southern Asia,2000,out_of_school,22812.0
KWT,Kuwait,Central and Southern Asia,2001,out_of_school,16048.0
KWT,Kuwait,Central and Southern Asia,2002,out_of_school,8178.0
KWT,Kuwait,Central and Southern Asia,2003,out_of_school,3868.0
KWT,Kuwait,Central and Southern Asia,2004,out_of_school,3615.0
KWT,Kuwait,Central and Southern Asia,2005,out_of_school,5155.0
KWT,Kuwait,Central and Southern Asia,2007,out_of_school,965.0
KWT,Kuwait,Central and Southern Asia,2008,out_of_school,1604.0
KWT,Kuwait,Central and Southern Asia,2010,out_of_school,993.0
KWT,Kuwait,Central and Southern Asia,2011,out_of_school,145.0
KWT,Kuwait,Central and Southern Asia,2012,out_of_school,2880.0
KWT,Kuwait,Central and Southern Asia,2013,out_of_school,5381.0
KWT,Kuwait,Central and Southern Asia,2014,out_of_school,5078.0
KWT,Kuwait,Central and Southern Asia,2015,out_of_school,7843.0
KGZ,Kyrgyzstan,Central and Southern Asia,1996,out_of_school,61830.0
KGZ,Kyrgyzstan,Central and Southern Asia,1999,out_of_school,32311.0
KGZ,Kyrgyzstan,Central and Southern Asia,2000,out_of_school,39256.0
KGZ,Kyrgyzstan,Central and Southern Asia,2001,out_of_school,38112.0
KGZ,Kyrgyzstan,Central and Southern Asia,2002,out_of_school,40255.0
KGZ,Kyrgyzstan,Central and Southern Asia,2003,out_of_school,43918.0
KGZ,Kyrgyzstan,Central and Southern Asia,2004,out_of_school,21705.0
KGZ,Kyrgyzstan,Central and Southern Asia,2005,out_of_school,33015.0
KGZ,Kyrgyzstan,Central and Southern Asia,2006,out_of_school,26008.0
KGZ,Kyrgyzstan,Central and Southern Asia,2007,out_of_school,28752.0
KGZ,Kyrgyzstan,Central and Southern Asia,2008,out_of_school,28506.0
KGZ,Kyrgyzstan,Central and Southern Asia,2009,out_of_school,26580.0
KGZ,Kyrgyzstan,Central and Southern Asia,2010,out_of_school,21192.0
KGZ,Kyrgyzstan,Central and Southern Asia,2011,out_of_school,24136.0
KGZ,Kyrgyzstan,Central and Southern Asia,2012,out_of_school,23777.0
KGZ,Kyrgyzstan,Central and Southern Asia,2013,out_of_school,23592.0
KGZ,Kyrgyzstan,Central and Southern Asia,2014,out_of_school,20258.0
KGZ,Kyrgyzstan,Central and Southern Asia,2015,out_of_school,22796.0
KGZ,Kyrgyzstan,Central and Southern Asia,2016,out_of_school,12987.0
KGZ,Kyrgyzstan,Central and Southern Asia,2017,out_of_school,13463.0
KGZ,Kyrgyzstan,Central and Southern Asia,2018,out_of_school,12165.0
KGZ,Kyrgyzstan,Central and Southern Asia,2019,out_of_school,15475.0
KGZ,Kyrgyzstan,Central and Southern Asia,2020,out_of_school,30936.0
KGZ,Kyrgyzstan,Central and Southern Asia,2021,out_of_school,25931.0
KGZ,Kyrgyzstan,Central and Southern Asia,2022,out_of_school,21412.0
KGZ,Kyrgyzstan,Central and Southern Asia,2024,out_of_school,18748.0
LAO,Laos,Central and Southern Asia,1990,out_of_school,212025.0
LAO,Laos,Central and Southern Asia,1992,out_of_school,271393.0
LAO,Laos,Central and Southern Asia,1993,out_of_school,249837.0
LAO,Laos,Central and Southern Asia,1994,out_of_school,232293.0
LAO,Laos,Central and Southern Asia,1996,out_of_school,229773.0
LAO,Laos,Central and Southern Asia,1997,out_of_school,217689.0
LAO,Laos,Central and Southern Asia,1998,out_of_school,198739.0
LAO,Laos,Central and Southern Asia,1999,out_of_school,198489.0
LAO,Laos,Central and Southern Asia,2000,out_of_school,196823.0
LAO,Laos,Central and Southern Asia,2001,out_of_school,205213.0
LAO,Laos,Central and Southern Asia,2002,out_of_school,195839.0
LAO,Laos,Central and Southern Asia,2003,out_of_school,175441.0
LAO,Laos,Central and Southern Asia,2004,out_of_school,172805.0
LAO,Laos,Central and Southern Asia,2005,out_of_school,166674.0
LAO,Laos,Central and Southern Asia,2006,out_of_school,161206.0
LAO,Laos,Central and Southern Asia,2007,out_of_school,139022.0
LAO,Laos,Central and Southern Asia,2008,out_of_school,119624.0
LAO,Laos,Central and Southern Asia,2009,out_of_school,100285.0
LAO,Laos,Central and Southern Asia,2010,out_of_school,63159.0
LAO,Laos,Central and Southern Asia,2011,out_of_school,60276.0
LAO,Laos,Central and Southern Asia,2012,out_of_school,55859.0
LAO,Laos,Central and Southern Asia,2013,out_of_school,36943.0
LAO,Laos,Central and Southern Asia,2014,out_of_school,29481.0
LAO,Laos,Central and Southern Asia,2015,out_of_school,35907.0
LAO,Laos,Central and Southern Asia,2016,out_of_school,39411.0
LAO,Laos,Central and Southern Asia,2017,out_of_school,47181.0
LAO,Laos,Central and Southern Asia,2018,out_of_school,51275.0
LAO,Laos,Central and Southern Asia,2019,out_of_school,50262.0
LAO,Laos,Central and Southern Asia,2020,out_of_school,52166.0
LAO,Laos,Central and Southern Asia,2021,out_of_school,53689.0
LAO,Laos,Central and Southern Asia,2022,out_of_school,72541.0
LAO,Laos,Central and Southern Asia,2023,out_of_school,73926.0
LAO,Laos,Central and Southern Asia,2024,out_of_school,81505.0
LVA,Latvia,Europe and Northern America,1999,out_of_school,583.0
LVA,Latvia,Europe and Northern America,2008,out_of_school,10.0
LVA,Latvia,Europe and Northern America,2009,out_of_school,972.0
LVA,Latvia,Europe and Northern America,2010,out_of_school,958.0
LVA,Latvia,Europe and Northern America,2011,out_of_school,852.0
LVA,Latvia,Europe and Northern America,2012,out_of_school,1639.0
LVA,Latvia,Europe and Northern America,2013,out_of_school,2115.0
LVA,Latvia,Europe and Northern America,2014,out_of_school,2262.0
LVA,Latvia,Europe and Northern America,2015,out_of_school,2406.0
LVA,Latvia,Europe and Northern America,2016,out_of_school,2107.0
LVA,Latvia,Europe and Northern America,2017,out_of_school,1854.0
LVA,Latvia,Europe and Northern America,2018,out_of_school,1382.0
LVA,Latvia,Europe and Northern America,2019,out_of_school,1421.0
LVA,Latvia,Europe and Northern America,2020,out_of_school,1566.0
LVA,Latvia,Europe and Northern America,2021,out_of_school,1525.0
LVA,Latvia,Europe and Northern America,2022,out_of_school,1724.0
LVA,Latvia,Europe and Northern America,2023,out_of_school,2427.0
LBN,Lebanon,Central and Southern Asia,1997,out_of_school,211715.0
LBN,Lebanon,Central and Southern Asia,1998,out_of_school,147476.0
LBN,Lebanon,Central and Southern Asia,2023,out_of_school,172038.0
LSO,Lesotho,Sub-Saharan Africa,1990,out_of_school,110070.0
LSO,Lesotho,Sub-Saharan Africa,1991,out_of_school,110768.0
LSO,Lesotho,Sub-Saharan Africa,1992,out_of_school,115033.0
LSO,Lesotho,Sub-Saharan Africa,1993,out_of_school,128117.0
LSO,Lesotho,Sub-Saharan Africa,1994,out_of_school,130780.0
LSO,Lesotho,Sub-Saharan Africa,1995,out_of_school,140362.0
LSO,Lesotho,Sub-Saharan Africa,1996,out_of_school,142900.0
LSO,Lesotho,Sub-Saharan Africa,1998,out_of_school,168634.0
LSO,Lesotho,Sub-Saharan Africa,1999,out_of_school,176214.0
LSO,Lesotho,Sub-Saharan Africa,2000,out_of_school,96087.0
LSO,Lesotho,Sub-Saharan Africa,2001,out_of_school,85291.0
LSO,Lesotho,Sub-Saharan Africa,2002,out_of_school,73269.0
LSO,Lesotho,Sub-Saharan Africa,2003,out_of_school,62979.0
LSO,Lesotho,Sub-Saharan Africa,2004,out_of_school,62517.0
LSO,Lesotho,Sub-Saharan Africa,2005,out_of_school,55864.0
LSO,Lesotho,Sub-Saharan Africa,2006,out_of_school,45730.0
LSO,Lesotho,Sub-Saharan Africa,2007,out_of_school,51562.0
LSO,Lesotho,Sub-Saharan Africa,2008,out_of_school,49096.0
LSO,Lesotho,Sub-Saharan Africa,2009,out_of_school,51684.0
LSO,Lesotho,Sub-Saharan Africa,2010,out_of_school,50190.0
LSO,Lesotho,Sub-Saharan Africa,2011,out_of_school,212845.0
LSO,Lesotho,Sub-Saharan Africa,2012,out_of_school,212030.0
LSO,Lesotho,Sub-Saharan Africa,2013,out_of_school,48661.0
LSO,Lesotho,Sub-Saharan Africa,2014,out_of_school,54096.0
LSO,Lesotho,Sub-Saharan Africa,2015,out_of_school,57261.0
LSO,Lesotho,Sub-Saharan Africa,2016,out_of_school,55889.0
LSO,Lesotho,Sub-Saharan Africa,2017,out_of_school,51629.0
LSO,Lesotho,Sub-Saharan Africa,2018,out_of_school,71625.0
LSO,Lesotho,Sub-Saharan Africa,2019,out_of_school,82562.0
LSO,Lesotho,Sub-Saharan Africa,2020,out_of_school,89478.0
LSO,Lesotho,Sub-Saharan Africa,2021,out_of_school,113157.0
LSO,Lesotho,Sub-Saharan Africa,2022,out_of_school,110928.0
LSO,Lesotho,Sub-Saharan Africa,2023,out_of_school,117314.0
LBR,Liberia,Sub-Saharan Africa,1999,out_of_school,245056.0
LBR,Liberia,Sub-Saharan Africa,2008,out_of_school,363796.0
LBR,Liberia,Sub-Saharan Africa,2011,out_of_school,222261.0
LBR,Liberia,Sub-Saharan Africa,2014,out_of_school,662663.0
LBR,Liberia,Sub-Saharan Africa,2016,out_of_school,159241.0
LBR,Liberia,Sub-Saharan Africa,2017,out_of_school,211074.0
LBR,Liberia,Sub-Saharan Africa,2020,out_of_school,265186.0
LBR,Liberia,Sub-Saharan Africa,2021,out_of_school,300269.0
LBR,Liberia,Sub-Saharan Africa,2022,out_of_school,327280.0
LIE,Liechtenstein,Europe and Northern America,2003,out_of_school,16.0
LIE,Liechtenstein,Europe and Northern America,2004,out_of_school,9.0
LIE,Liechtenstein,Europe and Northern America,2005,out_of_school,6.0
LIE,Liechtenstein,Europe and Northern America,2006,out_of_school,23.0
LIE,Liechtenstein,Europe and Northern America,2007,out_of_school,20.0
LIE,Liechtenstein,Europe and Northern America,2008,out_of_school,16.0
LIE,Liechtenstein,Europe and Northern America,2009,out_of_school,29.0
LIE,Liechtenstein,Europe and Northern America,2010,out_of_school,15.0
LIE,Liechtenstein,Europe and Northern America,2011,out_of_school,24.0
LIE,Liechtenstein,Europe and Northern America,2012,out_of_school,29.0
LIE,Liechtenstein,Europe and Northern America,2014,out_of_school,44.0
LIE,Liechtenstein,Europe and Northern America,2015,out_of_school,1.0
LIE,Liechtenstein,Europe and Northern America,2016,out_of_school,6.0
LIE,Liechtenstein,Europe and Northern America,2017,out_of_school,3.0
LIE,Liechtenstein,Europe and Northern America,2018,out_of_school,3.0
LIE,Liechtenstein,Europe and Northern America,2019,out_of_school,2.0
LIE,Liechtenstein,Europe and Northern America,2020,out_of_school,11.0
LIE,Liechtenstein,Europe and Northern America,2021,out_of_school,16.0
LTU,Lithuania,Europe and Northern America,1998,out_of_school,2963.0
LTU,Lithuania,Europe and Northern America,1999,out_of_school,62.0
LTU,Lithuania,Europe and Northern America,2000,out_of_school,242.0
LTU,Lithuania,Europe and Northern America,2001,out_of_school,639.0
LTU,Lithuania,Europe and Northern America,2002,out_of_school,480.0
LTU,Lithuania,Europe and Northern America,2003,out_of_school,197.0
LTU,Lithuania,Europe and Northern America,2013,out_of_school,148.0
LTU,Lithuania,Europe and Northern America,2014,out_of_school,532.0
LTU,Lithuania,Europe and Northern America,2015,out_of_school,371.0
LTU,Lithuania,Europe and Northern America,2016,out_of_school,204.0
LTU,Lithuania,Europe and Northern America,2017,out_of_school,151.0
LTU,Lithuania,Europe and Northern America,2018,out_of_school,412.0
LTU,Lithuania,Europe and Northern America,2019,out_of_school,657.0
LTU,Lithuania,Europe and Northern America,2020,out_of_school,588.0
LTU,Lithuania,Europe and Northern America,2021,out_of_school,627.0
LTU,Lithuania,Europe and Northern America,2022,out_of_school,27.0
OWID_LIC,Low-income countries,,2000,out_of_school,28140000.0
OWID_LIC,Low-income countries,,2001,out_of_school,27430000.0
OWID_LIC,Low-income countries,,2002,out_of_school,26800000.0
OWID_LIC,Low-income countries,,2003,out_of_school,26200000.0
OWID_LIC,Low-income countries,,2004,out_of_school,25670000.0
OWID_LIC,Low-income countries,,2005,out_of_school,25110000.0
OWID_LIC,Low-income countries,,2006,out_of_school,24650000.0
OWID_LIC,Low-income countries,,2007,out_of_school,24190000.0
OWID_LIC,Low-income countries,,2008,out_of_school,23700000.0
OWID_LIC,Low-income countries,,2009,out_of_school,23310000.0
OWID_LIC,Low-income countries,,2010,out_of_school,23200000.0
OWID_LIC,Low-income countries,,2011,out_of_school,23250000.0
OWID_LIC,Low-income countries,,2012,out_of_school,23300000.0
OWID_LIC,Low-income countries,,2013,out_of_school,23500000.0
OWID_LIC,Low-income countries,,2014,out_of_school,23750000.0
OWID_LIC,Low-income countries,,2015,out_of_school,24090000.0
OWID_LIC,Low-income countries,,2016,out_of_school,24490000.0
OWID_LIC,Low-income countries,,2017,out_of_school,24790000.0
OWID_LIC,Low-income countries,,2018,out_of_school,25090000.0
OWID_LIC,Low-income countries,,2019,out_of_school,25280000.0
OWID_LIC,Low-income countries,,2020,out_of_school,25330000.0
OWID_LIC,Low-income countries,,2021,out_of_school,25250000.0
OWID_LIC,Low-income countries,,2022,out_of_school,25580000.0
OWID_LIC,Low-income countries,,2023,out_of_school,25540000.0
OWID_LMC,Lower-middle-income countries,,2000,out_of_school,81170000.0
OWID_LMC,Lower-middle-income countries,,2001,out_of_school,76080000.0
OWID_LMC,Lower-middle-income countries,,2002,out_of_school,71640000.0
OWID_LMC,Lower-middle-income countries,,2003,out_of_school,67870000.0
OWID_LMC,Lower-middle-income countries,,2004,out_of_school,65020000.0
OWID_LMC,Lower-middle-income countries,,2005,out_of_school,62670000.0
OWID_LMC,Lower-middle-income countries,,2006,out_of_school,59990000.0
OWID_LMC,Lower-middle-income countries,,2007,out_of_school,57640000.0
OWID_LMC,Lower-middle-income countries,,2008,out_of_school,55130000.0
OWID_LMC,Lower-middle-income countries,,2009,out_of_school,53490000.0
OWID_LMC,Lower-middle-income countries,,2010,out_of_school,51000000.0
OWID_LMC,Lower-middle-income countries,,2011,out_of_school,48830000.0
OWID_LMC,Lower-middle-income countries,,2012,out_of_school,47350000.0
OWID_LMC,Lower-middle-income countries,,2013,out_of_school,46390000.0
OWID_LMC,Lower-middle-income countries,,2014,out_of_school,45110000.0
OWID_LMC,Lower-middle-income countries,,2015,out_of_school,43840000.0
OWID_LMC,Lower-middle-income countries,,2016,out_of_school,42500000.0
OWID_LMC,Lower-middle-income countries,,2017,out_of_school,40910000.0
OWID_LMC,Lower-middle-income countries,,2018,out_of_school,39100000.0
OWID_LMC,Lower-middle-income countries,,2019,out_of_school,37570000.0
OWID_LMC,Lower-middle-income countries,,2020,out_of_school,35920000.0
OWID_LMC,Lower-middle-income countries,,2021,out_of_school,34690000.0
OWID_LMC,Lower-middle-income countries,,2022,out_of_school,33570000.0
OWID_LMC,Lower-middle-income countries,,2023,out_of_school,32680000.0
LUX,Luxembourg,Europe and Northern America,1999,out_of_school,1027.0
LUX,Luxembourg,Europe and Northern America,2000,out_of_school,1356.0
LUX,Luxembourg,Europe and Northern America,2001,out_of_school,1067.0
LUX,Luxembourg,Europe and Northern America,2002,out_of_school,934.0
LUX,Luxembourg,Europe and Northern America,2003,out_of_school,1517.0
LUX,Luxembourg,Europe and Northern America,2004,out_of_school,1570.0
LUX,Luxembourg,Europe and Northern America,2005,out_of_school,917.0
LUX,Luxembourg,Europe and Northern America,2006,out_of_school,1046.0
LUX,Luxembourg,Europe and Northern America,2007,out_of_school,1084.0
LUX,Luxembourg,Europe and Northern America,2008,out_of_school,1150.0
LUX,Luxembourg,Europe and Northern America,2010,out_of_school,1386.0
LUX,Luxembourg,Europe and Northern America,2011,out_of_school,1809.0
LUX,Luxembourg,Europe and Northern America,2012,out_of_school,695.0
LUX,Luxembourg,Europe and Northern America,2013,out_of_school,980.0
LUX,Luxembourg,Europe and Northern America,2014,out_of_school,1100.0
LUX,Luxembourg,Europe and Northern America,2015,out_of_school,969.0
LUX,Luxembourg,Europe and Northern America,2016,out_of_school,985.0
LUX,Luxembourg,Europe and Northern America,2017,out_of_school,1280.0
LUX,Luxembourg,Europe and Northern America,2018,out_of_school,960.0
LUX,Luxembourg,Europe and Northern America,2019,out_of_school,589.0
LUX,Luxembourg,Europe and Northern America,2020,out_of_school,647.0
LUX,Luxembourg,Europe and Northern America,2021,out_of_school,681.0
LUX,Luxembourg,Europe and Northern America,2022,out_of_school,144.0
MAC,Macao,Central and Southern Asia,1990,out_of_school,2669.0
MAC,Macao,Central and Southern Asia,1992,out_of_school,4443.0
MAC,Macao,Central and Southern Asia,1999,out_of_school,4628.0
MAC,Macao,Central and Southern Asia,2000,out_of_school,4335.0
MAC,Macao,Central and Southern Asia,2001,out_of_school,5462.0
MAC,Macao,Central and Southern Asia,2002,out_of_school,3930.0
MAC,Macao,Central and Southern Asia,2003,out_of_school,3756.0
MAC,Macao,Central and Southern Asia,2004,out_of_school,3416.0
MAC,Macao,Central and Southern Asia,2005,out_of_school,3697.0
MAC,Macao,Central and Southern Asia,2006,out_of_school,4067.0
MAC,Macao,Central and Southern Asia,2007,out_of_school,3489.0
MAC,Macao,Central and Southern Asia,2008,out_of_school,3005.0
MAC,Macao,Central and Southern Asia,2009,out_of_school,2713.0
MAC,Macao,Central and Southern Asia,2010,out_of_school,2372.0
MAC,Macao,Central and Southern Asia,2011,out_of_school,1640.0
MAC,Macao,Central and Southern Asia,2012,out_of_school,2040.0
MAC,Macao,Central and Southern Asia,2013,out_of_school,1728.0
MAC,Macao,Central and Southern Asia,2014,out_of_school,1111.0
MAC,Macao,Central and Southern Asia,2015,out_of_school,1032.0
MAC,Macao,Central and Southern Asia,2016,out_of_school,639.0
MAC,Macao,Central and Southern Asia,2017,out_of_school,721.0
MAC,Macao,Central and Southern Asia,2018,out_of_school,656.0
MAC,Macao,Central and Southern Asia,2019,out_of_school,2074.0
MAC,Macao,Central and Southern Asia,2020,out_of_school,3591.0
MAC,Macao,Central and Southern Asia,2021,out_of_school,5067.0
MAC,Macao,Central and Southern Asia,2022,out_of_school,7072.0
MAC,Macao,Central and Southern Asia,2023,out_of_school,6221.0
MDG,Madagascar,Sub-Saharan Africa,1990,out_of_school,685449.0
MDG,Madagascar,Sub-Saharan Africa,1995,out_of_school,925528.0
MDG,Madagascar,Sub-Saharan Africa,1996,out_of_school,911926.0
MDG,Madagascar,Sub-Saharan Africa,1999,out_of_school,853511.0
MDG,Madagascar,Sub-Saharan Africa,2000,out_of_school,850984.0
MDG,Madagascar,Sub-Saharan Africa,2001,out_of_school,865019.0
MDG,Madagascar,Sub-Saharan Africa,2002,out_of_school,895497.0
MDG,Madagascar,Sub-Saharan Africa,2003,out_of_school,704288.0
MDG,Madagascar,Sub-Saharan Africa,2010,out_of_school,63514.0
MDG,Madagascar,Sub-Saharan Africa,2011,out_of_school,54473.918
MDG,Madagascar,Sub-Saharan Africa,2012,out_of_school,62203.043
MDG,Madagascar,Sub-Saharan Africa,2013,out_of_school,68182.18
MDG,Madagascar,Sub-Saharan Africa,2014,out_of_school,68053.77
MDG,Madagascar,Sub-Saharan Africa,2015,out_of_school,71904.95
MDG,Madagascar,Sub-Saharan Africa,2016,out_of_school,100767.0
MDG,Madagascar,Sub-Saharan Africa,2017,out_of_school,78916.72
MDG,Madagascar,Sub-Saharan Africa,2018,out_of_school,88040.0
MDG,Madagascar,Sub-Saharan Africa,2019,out_of_school,331018.0
MDG,Madagascar,Sub-Saharan Africa,2020,out_of_school,251871.0
MDG,Madagascar,Sub-Saharan Africa,2021,out_of_school,97095.2
MDG,Madagascar,Sub-Saharan Africa,2022,out_of_school,121822.42
MDG,Madagascar,Sub-Saharan Africa,2023,out_of_school,129499.445
MDG,Madagascar,Sub-Saharan Africa,2024,out_of_school,135620.72
MWI,Malawi,Sub-Saharan Africa,1999,out_of_school,38412.0
MWI,Malawi,Sub-Saharan Africa,2004,out_of_school,17811.0
MWI,Malawi,Sub-Saharan Africa,2005,out_of_school,16470.0
MWI,Malawi,Sub-Saharan Africa,2006,out_of_school,28279.0
MWI,Malawi,Sub-Saharan Africa,2007,out_of_school,75144.0
MWI,Malawi,Sub-Saharan Africa,2008,out_of_school,30521.0
MWI,Malawi,Sub-Saharan Africa,2009,out_of_school,23370.0
MYS,Malaysia,Central and Southern Asia,1994,out_of_school,111955.0
MYS,Malaysia,Central and Southern Asia,1998,out_of_school,121397.0
MYS,Malaysia,Central and Southern Asia,1999,out_of_school,97398.0
MYS,Malaysia,Central and Southern Asia,2000,out_of_school,87056.0
MYS,Malaysia,Central and Southern Asia,2001,out_of_school,154096.0
MYS,Malaysia,Central and Southern Asia,2002,out_of_school,229189.0
MYS,Malaysia,Central and Southern Asia,2003,out_of_school,224818.0
MYS,Malaysia,Central and Southern Asia,2004,out_of_school,142038.0
MYS,Malaysia,Central and Southern Asia,2005,out_of_school,107279.0
MYS,Malaysia,Central and Southern Asia,2006,out_of_school,178184.0
MYS,Malaysia,Central and Southern Asia,2007,out_of_school,146936.0
MYS,Malaysia,Central and Southern Asia,2008,out_of_school,138396.0
MYS,Malaysia,Central and Southern Asia,2009,out_of_school,130737.0
MYS,Malaysia,Central and Southern Asia,2010,out_of_school,151224.0
MYS,Malaysia,Central and Southern Asia,2011,out_of_school,166212.0
MYS,Malaysia,Central and Southern Asia,2012,out_of_school,175024.0
MYS,Malaysia,Central and Southern Asia,2013,out_of_school,179814.0
MYS,Malaysia,Central and Southern Asia,2014,out_of_school,229155.0
MYS,Malaysia,Central and Southern Asia,2015,out_of_school,254960.0
MYS,Malaysia,Central and Southern Asia,2016,out_of_school,258741.0
MYS,Malaysia,Central and Southern Asia,2017,out_of_school,254364.0
MYS,Malaysia,Central and Southern Asia,2018,out_of_school,250219.0
MYS,Malaysia,Central and Southern Asia,2019,out_of_school,354480.0
MYS,Malaysia,Central and Southern Asia,2020,out_of_school,389154.0
MYS,Malaysia,Central and Southern Asia,2021,out_of_school,404416.0
MYS,Malaysia,Central and Southern Asia,2022,out_of_school,419775.0
MYS,Malaysia,Central and Southern Asia,2023,out_of_school,308987.0
MDV,Maldives,Central and Southern Asia,1997,out_of_school,2901.0
MDV,Maldives,Central and Southern Asia,1999,out_of_school,1994.0
MDV,Maldives,Central and Southern Asia,2000,out_of_school,1835.0
MDV,Maldives,Central and Southern Asia,2001,out_of_school,1902.0
MDV,Maldives,Central and Southern Asia,2002,out_of_school,1963.0
MDV,Maldives,Central and Southern Asia,2004,out_of_school,1893.0
MDV,Maldives,Central and Southern Asia,2005,out_of_school,2146.0
MDV,Maldives,Central and Southern Asia,2006,out_of_school,2103.0
MDV,Maldives,Central and Southern Asia,2007,out_of_school,2521.0
MDV,Maldives,Central and Southern Asia,2008,out_of_school,2420.0
MDV,Maldives,Central and Southern Asia,2009,out_of_school,1907.0
MDV,Maldives,Central and Southern Asia,2010,out_of_school,2563.0
MDV,Maldives,Central and Southern Asia,2011,out_of_school,2155.293
MDV,Maldives,Central and Southern Asia,2012,out_of_school,2488.0
MDV,Maldives,Central and Southern Asia,2013,out_of_school,2629.0
MDV,Maldives,Central and Southern Asia,2014,out_of_school,1955.1456
MDV,Maldives,Central and Southern Asia,2015,out_of_school,2054.2524
MDV,Maldives,Central and Southern Asia,2016,out_of_school,2550.1936
MDV,Maldives,Central and Southern Asia,2017,out_of_school,2321.982
MDV,Maldives,Central and Southern Asia,2018,out_of_school,2380.9775
MDV,Maldives,Central and Southern Asia,2019,out_of_school,2263.2134
MDV,Maldives,Central and Southern Asia,2020,out_of_school,2392.4373
MDV,Maldives,Central and Southern Asia,2022,out_of_school,2494.0
MDV,Maldives,Central and Southern Asia,2023,out_of_school,3089.0
MLI,Mali,Sub-Saharan Africa,1999,out_of_school,1128125.0
MLI,Mali,Sub-Saharan Africa,2002,out_of_school,1048996.0
MLI,Mali,Sub-Saharan Africa,2003,out_of_school,1064295.0
MLI,Mali,Sub-Saharan Africa,2004,out_of_school,1083366.0
MLI,Mali,Sub-Saharan Africa,2005,out_of_school,1003713.0
MLI,Mali,Sub-Saharan Africa,2006,out_of_school,1005792.0
MLI,Mali,Sub-Saharan Africa,2007,out_of_school,995934.0
MLI,Mali,Sub-Saharan Africa,2009,out_of_school,909099.0
MLI,Mali,Sub-Saharan Africa,2010,out_of_school,925682.0
MLI,Mali,Sub-Saharan Africa,2011,out_of_school,947621.0
MLI,Mali,Sub-Saharan Africa,2012,out_of_school,1052054.0
MLI,Mali,Sub-Saharan Africa,2013,out_of_school,1215170.0
MLI,Mali,Sub-Saharan Africa,2014,out_of_school,1239946.0
MLI,Mali,Sub-Saharan Africa,2015,out_of_school,1371594.0
MLI,Mali,Sub-Saharan Africa,2016,out_of_school,1381330.0
MLI,Mali,Sub-Saharan Africa,2017,out_of_school,1265180.0
MLI,Mali,Sub-Saharan Africa,2018,out_of_school,1586597.0
MLI,Mali,Sub-Saharan Africa,2023,out_of_school,1388957.0
MLT,Malta,Europe and Northern America,1990,out_of_school,1936.0
MLT,Malta,Europe and Northern America,1991,out_of_school,1821.0
MLT,Malta,Europe and Northern America,1992,out_of_school,1631.0
MLT,Malta,Europe and Northern America,1993,out_of_school,1399.0
MLT,Malta,Europe and Northern America,1994,out_of_school,1668.0
MLT,Malta,Europe and Northern America,1995,out_of_school,1510.0
MLT,Malta,Europe and Northern America,1996,out_of_school,1213.0
MLT,Malta,Europe and Northern America,1997,out_of_school,1304.0
MLT,Malta,Europe and Northern America,2011,out_of_school,13.0
MLT,Malta,Europe and Northern America,2012,out_of_school,63.0
MLT,Malta,Europe and Northern America,2013,out_of_school,244.0
MLT,Malta,Europe and Northern America,2014,out_of_school,321.0
MLT,Malta,Europe and Northern America,2015,out_of_school,304.0
MLT,Malta,Europe and Northern America,2016,out_of_school,298.0
MLT,Malta,Europe and Northern America,2017,out_of_school,308.0
MLT,Malta,Europe and Northern America,2018,out_of_school,167.0
MLT,Malta,Europe and Northern America,2019,out_of_school,399.0
MLT,Malta,Europe and Northern America,2020,out_of_school,633.0
MLT,Malta,Europe and Northern America,2021,out_of_school,711.0
MLT,Malta,Europe and Northern America,2022,out_of_school,819.0
MLT,Malta,Europe and Northern America,2023,out_of_school,738.0
MHL,Marshall Islands,Oceania,2002,out_of_school,289.0
MHL,Marshall Islands,Oceania,2011,out_of_school,9.0
MHL,Marshall Islands,Oceania,2015,out_of_school,690.0
MHL,Marshall Islands,Oceania,2016,out_of_school,454.0
MHL,Marshall Islands,Oceania,2019,out_of_school,66.0
MHL,Marshall Islands,Oceania,2020,out_of_school,61.0
MHL,Marshall Islands,Oceania,2021,out_of_school,4.0
MHL,Marshall Islands,Oceania,2022,out_of_school,27.0
MTQ,Martinique,Europe and Northern America,1990,out_of_school,1416.0
MTQ,Martinique,Europe and Northern America,1992,out_of_school,3644.0
MTQ,Martinique,Europe and Northern America,1993,out_of_school,4061.0
MTQ,Martinique,Europe and Northern America,1996,out_of_school,3035.0
MRT,Mauritania,Sub-Saharan Africa,1994,out_of_school,195390.0
MRT,Mauritania,Sub-Saharan Africa,1995,out_of_school,176266.0
MRT,Mauritania,Sub-Saharan Africa,1996,out_of_school,167864.0
MRT,Mauritania,Sub-Saharan Africa,1998,out_of_school,162058.0
MRT,Mauritania,Sub-Saharan Africa,1999,out_of_school,169323.0
MRT,Mauritania,Sub-Saharan Africa,2000,out_of_school,176382.0
MRT,Mauritania,Sub-Saharan Africa,2001,out_of_school,170763.0
MRT,Mauritania,Sub-Saharan Africa,2002,out_of_school,181243.0
MRT,Mauritania,Sub-Saharan Africa,2003,out_of_school,173525.0
MRT,Mauritania,Sub-Saharan Africa,2004,out_of_school,144380.0
MRT,Mauritania,Sub-Saharan Africa,2005,out_of_school,152660.0
MRT,Mauritania,Sub-Saharan Africa,2006,out_of_school,139256.0
MRT,Mauritania,Sub-Saharan Africa,2007,out_of_school,132521.0
MRT,Mauritania,Sub-Saharan Africa,2008,out_of_school,148662.0
MRT,Mauritania,Sub-Saharan Africa,2009,out_of_school,152362.0
MRT,Mauritania,Sub-Saharan Africa,2010,out_of_school,155403.0
MRT,Mauritania,Sub-Saharan Africa,2011,out_of_school,161822.0
MRT,Mauritania,Sub-Saharan Africa,2012,out_of_school,180033.0
MRT,Mauritania,Sub-Saharan Africa,2013,out_of_school,177772.0
MRT,Mauritania,Sub-Saharan Africa,2014,out_of_school,176825.0
MRT,Mauritania,Sub-Saharan Africa,2016,out_of_school,221903.0
MRT,Mauritania,Sub-Saharan Africa,2017,out_of_school,202542.0
MRT,Mauritania,Sub-Saharan Africa,2018,out_of_school,199495.0
MRT,Mauritania,Sub-Saharan Africa,2019,out_of_school,231944.0
MUS,Mauritius,Sub-Saharan Africa,1990,out_of_school,12644.0
MUS,Mauritius,Sub-Saharan Africa,1991,out_of_school,15353.0
MUS,Mauritius,Sub-Saharan Africa,1993,out_of_school,11629.0
MUS,Mauritius,Sub-Saharan Africa,1994,out_of_school,10800.0
MUS,Mauritius,Sub-Saharan Africa,1995,out_of_school,10566.0
MUS,Mauritius,Sub-Saharan Africa,1996,out_of_school,9172.0
MUS,Mauritius,Sub-Saharan Africa,1997,out_of_school,8210.0
MUS,Mauritius,Sub-Saharan Africa,1998,out_of_school,1970.0
MUS,Mauritius,Sub-Saharan Africa,1999,out_of_school,975.0
MUS,Mauritius,Sub-Saharan Africa,2000,out_of_school,483.0
MUS,Mauritius,Sub-Saharan Africa,2001,out_of_school,724.0
MUS,Mauritius,Sub-Saharan Africa,2002,out_of_school,700.0
MUS,Mauritius,Sub-Saharan Africa,2003,out_of_school,630.0
MUS,Mauritius,Sub-Saharan Africa,2004,out_of_school,2379.0
MUS,Mauritius,Sub-Saharan Africa,2005,out_of_school,2101.0
MUS,Mauritius,Sub-Saharan Africa,2006,out_of_school,2186.0
MUS,Mauritius,Sub-Saharan Africa,2007,out_of_school,2768.0
MUS,Mauritius,Sub-Saharan Africa,2008,out_of_school,2747.0
MUS,Mauritius,Sub-Saharan Africa,2009,out_of_school,3727.0
MUS,Mauritius,Sub-Saharan Africa,2010,out_of_school,3624.0
MUS,Mauritius,Sub-Saharan Africa,2011,out_of_school,4208.0
MUS,Mauritius,Sub-Saharan Africa,2012,out_of_school,8764.0
MUS,Mauritius,Sub-Saharan Africa,2013,out_of_school,6556.0
MUS,Mauritius,Sub-Saharan Africa,2014,out_of_school,5970.0
MUS,Mauritius,Sub-Saharan Africa,2015,out_of_school,5520.0
MUS,Mauritius,Sub-Saharan Africa,2016,out_of_school,5035.0
MUS,Mauritius,Sub-Saharan Africa,2017,out_of_school,4525.0
MUS,Mauritius,Sub-Saharan Africa,2018,out_of_school,2259.0
MUS,Mauritius,Sub-Saharan Africa,2019,out_of_school,3770.0
MUS,Mauritius,Sub-Saharan Africa,2020,out_of_school,3162.0
MUS,Mauritius,Sub-Saharan Africa,2021,out_of_school,5127.0
MUS,Mauritius,Sub-Saharan Africa,2023,out_of_school,1399.0
MEX,Mexico,Europe and Northern America,1990,out_of_school,0.0
MEX,Mexico,Europe and Northern America,1991,out_of_school,28086.0
MEX,Mexico,Europe and Northern America,1992,out_of_school,14506.0
MEX,Mexico,Europe and Northern America,1993,out_of_school,53124.0
MEX,Mexico,Europe and Northern America,1994,out_of_school,117450.0
MEX,Mexico,Europe and Northern America,1995,out_of_school,139687.0
MEX,Mexico,Europe and Northern America,1996,out_of_school,195664.0
MEX,Mexico,Europe and Northern America,1997,out_of_school,307330.0
MEX,Mexico,Europe and Northern America,1998,out_of_school,333383.0
MEX,Mexico,Europe and Northern America,1999,out_of_school,19354.0
MEX,Mexico,Europe and Northern America,2000,out_of_school,8115.0
MEX,Mexico,Europe and Northern America,2001,out_of_school,23211.0
MEX,Mexico,Europe and Northern America,2002,out_of_school,34103.0
MEX,Mexico,Europe and Northern America,2003,out_of_school,36972.0
MEX,Mexico,Europe and Northern America,2004,out_of_school,40213.0
MEX,Mexico,Europe and Northern America,2005,out_of_school,29060.0
MEX,Mexico,Europe and Northern America,2006,out_of_school,25605.0
MEX,Mexico,Europe and Northern America,2007,out_of_school,21382.0
MEX,Mexico,Europe and Northern America,2008,out_of_school,12914.0
MEX,Mexico,Europe and Northern America,2009,out_of_school,16661.0
MEX,Mexico,Europe and Northern America,2010,out_of_school,21830.0
MEX,Mexico,Europe and Northern America,2011,out_of_school,27853.0
MEX,Mexico,Europe and Northern America,2012,out_of_school,31456.0
MEX,Mexico,Europe and Northern America,2013,out_of_school,36338.0
MEX,Mexico,Europe and Northern America,2014,out_of_school,42418.0
MEX,Mexico,Europe and Northern America,2015,out_of_school,42584.0
MEX,Mexico,Europe and Northern America,2016,out_of_school,42015.0
MEX,Mexico,Europe and Northern America,2017,out_of_school,44745.0
MEX,Mexico,Europe and Northern America,2018,out_of_school,34220.0
MEX,Mexico,Europe and Northern America,2019,out_of_school,42275.0
MEX,Mexico,Europe and Northern America,2020,out_of_school,38701.0
MEX,Mexico,Europe and Northern America,2021,out_of_school,44228.0
MEX,Mexico,Europe and Northern America,2022,out_of_school,45259.0
FSM,Micronesia (country),Oceania,2014,out_of_school,1910.0
FSM,Micronesia (country),Oceania,2015,out_of_school,2591.0
FSM,Micronesia (country),Oceania,2016,out_of_school,1703.0
FSM,Micronesia (country),Oceania,2017,out_of_school,1892.0
FSM,Micronesia (country),Oceania,2018,out_of_school,899.0
FSM,Micronesia (country),Oceania,2019,out_of_school,1581.0
FSM,Micronesia (country),Oceania,2020,out_of_school,2792.0
FSM,Micronesia (country),Oceania,2021,out_of_school,2787.0
FSM,Micronesia (country),Oceania,2022,out_of_school,2905.0
FSM,Micronesia (country),Oceania,2023,out_of_school,3446.0
FSM,Micronesia (country),Oceania,2024,out_of_school,3299.0
MDA,Moldova,Europe and Northern America,2013,out_of_school,11690.0
MDA,Moldova,Europe and Northern America,2014,out_of_school,264.0
MDA,Moldova,Europe and Northern America,2015,out_of_school,583.0
MDA,Moldova,Europe and Northern America,2016,out_of_school,811.0
MDA,Moldova,Europe and Northern America,2017,out_of_school,861.0
MDA,Moldova,Europe and Northern America,2018,out_of_school,876.0
MDA,Moldova,Europe and Northern America,2019,out_of_school,2563.0
MDA,Moldova,Europe and Northern America,2020,out_of_school,1041.0
MDA,Moldova,Europe and Northern America,2024,out_of_school,48962.0
MNG,Mongolia,Central and Southern Asia,1995,out_of_school,40787.0
MNG,Mongolia,Central and Southern Asia,1996,out_of_school,35770.0
MNG,Mongolia,Central and Southern Asia,1997,out_of_school,45407.0
MNG,Mongolia,Central and Southern Asia,1998,out_of_school,33260.0
MNG,Mongolia,Central and Southern Asia,1999,out_of_school,24453.0
MNG,Mongolia,Central and Southern Asia,2000,out_of_school,16300.0
MNG,Mongolia,Central and Southern Asia,2001,out_of_school,12326.0
MNG,Mongolia,Central and Southern Asia,2002,out_of_school,15028.0
MNG,Mongolia,Central and Southern Asia,2003,out_of_school,31248.0
MNG,Mongolia,Central and Southern Asia,2004,out_of_school,16163.0
MNG,Mongolia,Central and Southern Asia,2005,out_of_school,24365.0
MNG,Mongolia,Central and Southern Asia,2006,out_of_school,13105.0
MNG,Mongolia,Central and Southern Asia,2007,out_of_school,10743.0
MNG,Mongolia,Central and Southern Asia,2008,out_of_school,4327.0
MNG,Mongolia,Central and Southern Asia,2009,out_of_school,324.0
MNG,Mongolia,Central and Southern Asia,2010,out_of_school,586.0
MNG,Mongolia,Central and Southern Asia,2011,out_of_school,420.0
MNG,Mongolia,Central and Southern Asia,2012,out_of_school,3857.0
MNG,Mongolia,Central and Southern Asia,2013,out_of_school,10964.0
MNG,Mongolia,Central and Southern Asia,2014,out_of_school,13033.0
MNG,Mongolia,Central and Southern Asia,2015,out_of_school,12914.0
MNG,Mongolia,Central and Southern Asia,2016,out_of_school,11391.0
MNG,Mongolia,Central and Southern Asia,2017,out_of_school,18957.0
MNG,Mongolia,Central and Southern Asia,2018,out_of_school,15564.0
MNG,Mongolia,Central and Southern Asia,2019,out_of_school,20505.0
MNG,Mongolia,Central and Southern Asia,2020,out_of_school,28547.0
MNG,Mongolia,Central and Southern Asia,2021,out_of_school,32341.0
MNG,Mongolia,Central and Southern Asia,2022,out_of_school,29591.0
MNG,Mongolia,Central and Southern Asia,2023,out_of_school,31779.0
MNE,Montenegro,Europe and Northern America,2003,out_of_school,0.0
MNE,Montenegro,Europe and Northern America,2005,out_of_school,18.0
MNE,Montenegro,Europe and Northern America,2006,out_of_school,1138.0
MNE,Montenegro,Europe and Northern America,2007,out_of_school,1944.0
MNE,Montenegro,Europe and Northern America,2008,out_of_school,1708.0
MNE,Montenegro,Europe and Northern America,2011,out_of_school,145.0
MNE,Montenegro,Europe and Northern America,2012,out_of_school,335.0
MNE,Montenegro,Europe and Northern America,2015,out_of_school,14.0
MNE,Montenegro,Europe and Northern America,2016,out_of_school,473.0
MNE,Montenegro,Europe and Northern America,2017,out_of_school,47.0
MNE,Montenegro,Europe and Northern America,2018,out_of_school,868.0
MNE,Montenegro,Europe and Northern America,2019,out_of_school,122.0
MNE,Montenegro,Europe and Northern America,2020,out_of_school,115.0
MNE,Montenegro,Europe and Northern America,2021,out_of_school,64.0
MNE,Montenegro,Europe and Northern America,2023,out_of_school,80.0
MSR,Montserrat,Europe and Northern America,1999,out_of_school,242.0
MSR,Montserrat,Europe and Northern America,2000,out_of_school,117.0
MSR,Montserrat,Europe and Northern America,2001,out_of_school,18.0
MSR,Montserrat,Europe and Northern America,2004,out_of_school,5.0
MSR,Montserrat,Europe and Northern America,2005,out_of_school,1.0
MSR,Montserrat,Europe and Northern America,2006,out_of_school,12.0
MSR,Montserrat,Europe and Northern America,2007,out_of_school,9.0
MSR,Montserrat,Europe and Northern America,2014,out_of_school,16.0
MSR,Montserrat,Europe and Northern America,2021,out_of_school,0.7430168
MSR,Montserrat,Europe and Northern America,2022,out_of_school,0.5925926
MSR,Montserrat,Europe and Northern America,2023,out_of_school,21.26087
MAR,Morocco,Sub-Saharan Africa,1990,out_of_school,1451749.0
MAR,Morocco,Sub-Saharan Africa,1991,out_of_school,1751094.0
MAR,Morocco,Sub-Saharan Africa,1992,out_of_school,1729851.0
MAR,Morocco,Sub-Saharan Africa,1993,out_of_school,1630605.0
MAR,Morocco,Sub-Saharan Africa,1994,out_of_school,1502208.0
MAR,Morocco,Sub-Saharan Africa,1995,out_of_school,1361930.0
MAR,Morocco,Sub-Saharan Africa,1996,out_of_school,1257515.0
MAR,Morocco,Sub-Saharan Africa,1997,out_of_school,1203910.0
MAR,Morocco,Sub-Saharan Africa,1998,out_of_school,1266534.0
MAR,Morocco,Sub-Saharan Africa,1999,out_of_school,855359.0
MAR,Morocco,Sub-Saharan Africa,2000,out_of_school,732215.0
MAR,Morocco,Sub-Saharan Africa,2001,out_of_school,637067.0
MAR,Morocco,Sub-Saharan Africa,2002,out_of_school,538700.0
MAR,Morocco,Sub-Saharan Africa,2003,out_of_school,475342.0
MAR,Morocco,Sub-Saharan Africa,2004,out_of_school,490444.0
MAR,Morocco,Sub-Saharan Africa,2005,out_of_school,472578.0
MAR,Morocco,Sub-Saharan Africa,2006,out_of_school,444568.0
MAR,Morocco,Sub-Saharan Africa,2007,out_of_school,423758.0
MAR,Morocco,Sub-Saharan Africa,2008,out_of_school,433273.0
MAR,Morocco,Sub-Saharan Africa,2009,out_of_school,470382.0
MAR,Morocco,Sub-Saharan Africa,2010,out_of_school,327550.0
MAR,Morocco,Sub-Saharan Africa,2011,out_of_school,267249.0
MAR,Morocco,Sub-Saharan Africa,2012,out_of_school,292856.0
MAR,Morocco,Sub-Saharan Africa,2013,out_of_school,252270.0
MAR,Morocco,Sub-Saharan Africa,2014,out_of_school,293780.0
MAR,Morocco,Sub-Saharan Africa,2016,out_of_school,320054.0
MAR,Morocco,Sub-Saharan Africa,2017,out_of_school,284431.0
MAR,Morocco,Sub-Saharan Africa,2018,out_of_school,204590.0
MAR,Morocco,Sub-Saharan Africa,2019,out_of_school,126727.0
MAR,Morocco,Sub-Saharan Africa,2020,out_of_school,19246.0
MAR,Morocco,Sub-Saharan Africa,2021,out_of_school,18988.0
MOZ,Mozambique,Sub-Saharan Africa,1990,out_of_school,942782.0
MOZ,Mozambique,Sub-Saharan Africa,1991,out_of_school,998544.0
MOZ,Mozambique,Sub-Saharan Africa,1992,out_of_school,1048217.0
MOZ,Mozambique,Sub-Saharan Africa,1993,out_of_school,1072757.0
MOZ,Mozambique,Sub-Saharan Africa,1994,out_of_school,1118627.0
MOZ,Mozambique,Sub-Saharan Africa,1995,out_of_school,1237509.0
MOZ,Mozambique,Sub-Saharan Africa,1998,out_of_school,1744454.0
MOZ,Mozambique,Sub-Saharan Africa,1999,out_of_school,1662225.0
MOZ,Mozambique,Sub-Saharan Africa,2000,out_of_school,1569319.0
MOZ,Mozambique,Sub-Saharan Africa,2001,out_of_school,1436269.0
MOZ,Mozambique,Sub-Saharan Africa,2002,out_of_school,1609935.0
MOZ,Mozambique,Sub-Saharan Africa,2004,out_of_school,1162993.0
MOZ,Mozambique,Sub-Saharan Africa,2005,out_of_school,978941.0
MOZ,Mozambique,Sub-Saharan Africa,2006,out_of_school,830848.0
MOZ,Mozambique,Sub-Saharan Africa,2007,out_of_school,613683.0
MOZ,Mozambique,Sub-Saharan Africa,2008,out_of_school,456679.0
MOZ,Mozambique,Sub-Saharan Africa,2009,out_of_school,385740.0
MOZ,Mozambique,Sub-Saharan Africa,2010,out_of_school,296233.0
MOZ,Mozambique,Sub-Saharan Africa,2011,out_of_school,367780.0
MOZ,Mozambique,Sub-Saharan Africa,2012,out_of_school,325801.0
MOZ,Mozambique,Sub-Saharan Africa,2013,out_of_school,241878.0
MOZ,Mozambique,Sub-Saharan Africa,2014,out_of_school,193697.0
MOZ,Mozambique,Sub-Saharan Africa,2015,out_of_school,140793.0
MOZ,Mozambique,Sub-Saharan Africa,2016,out_of_school,237273.0
MOZ,Mozambique,Sub-Saharan Africa,2017,out_of_school,357042.0
MOZ,Mozambique,Sub-Saharan Africa,2018,out_of_school,194412.0
MOZ,Mozambique,Sub-Saharan Africa,2019,out_of_school,74102.0
MOZ,Mozambique,Sub-Saharan Africa,2020,out_of_school,49491.0
MOZ,Mozambique,Sub-Saharan Africa,2022,out_of_school,64247.0
MMR,Myanmar,Central and Southern Asia,2000,out_of_school,344933.0
MMR,Myanmar,Central and Southern Asia,2001,out_of_school,320916.0
MMR,Myanmar,Central and Southern Asia,2002,out_of_school,420356.0
MMR,Myanmar,Central and Southern Asia,2003,out_of_school,297882.0
MMR,Myanmar,Central and Southern Asia,2004,out_of_school,311270.0
MMR,Myanmar,Central and Southern Asia,2005,out_of_school,259350.0
MMR,Myanmar,Central and Southern Asia,2006,out_of_school,221922.0
MMR,Myanmar,Central and Southern Asia,2007,out_of_school,366449.0
MMR,Myanmar,Central and Southern Asia,2008,out_of_school,89894.0
MMR,Myanmar,Central and Southern Asia,2009,out_of_school,79238.0
MMR,Myanmar,Central and Southern Asia,2010,out_of_school,65967.0
NAM,Namibia,Sub-Saharan Africa,1990,out_of_school,33951.0
NAM,Namibia,Sub-Saharan Africa,1992,out_of_school,20743.0
NAM,Namibia,Sub-Saharan Africa,1994,out_of_school,16994.0
NAM,Namibia,Sub-Saharan Africa,1995,out_of_school,17603.0
NAM,Namibia,Sub-Saharan Africa,1996,out_of_school,23004.0
NAM,Namibia,Sub-Saharan Africa,1997,out_of_school,24807.0
NAM,Namibia,Sub-Saharan Africa,1998,out_of_school,27737.0
NAM,Namibia,Sub-Saharan Africa,1999,out_of_school,35433.0
NAM,Namibia,Sub-Saharan Africa,2000,out_of_school,38106.0
NAM,Namibia,Sub-Saharan Africa,2001,out_of_school,39093.0
NAM,Namibia,Sub-Saharan Africa,2002,out_of_school,35637.0
NAM,Namibia,Sub-Saharan Africa,2003,out_of_school,34567.0
NAM,Namibia,Sub-Saharan Africa,2004,out_of_school,39449.0
NAM,Namibia,Sub-Saharan Africa,2005,out_of_school,32570.0
NAM,Namibia,Sub-Saharan Africa,2006,out_of_school,36947.0
NAM,Namibia,Sub-Saharan Africa,2007,out_of_school,24291.0
NAM,Namibia,Sub-Saharan Africa,2008,out_of_school,23794.0
NAM,Namibia,Sub-Saharan Africa,2009,out_of_school,20674.0
NAM,Namibia,Sub-Saharan Africa,2010,out_of_school,18006.0
NAM,Namibia,Sub-Saharan Africa,2012,out_of_school,6917.0
NAM,Namibia,Sub-Saharan Africa,2013,out_of_school,3022.0
NAM,Namibia,Sub-Saharan Africa,2015,out_of_school,4910.6777
NAM,Namibia,Sub-Saharan Africa,2016,out_of_school,5637.9224
NAM,Namibia,Sub-Saharan Africa,2017,out_of_school,5558.199
NAM,Namibia,Sub-Saharan Africa,2018,out_of_school,5937.356
NAM,Namibia,Sub-Saharan Africa,2019,out_of_school,5801.2812
NAM,Namibia,Sub-Saharan Africa,2020,out_of_school,4451.8696
NAM,Namibia,Sub-Saharan Africa,2021,out_of_school,4109.3247
NAM,Namibia,Sub-Saharan Africa,2022,out_of_school,5175.842
NAM,Namibia,Sub-Saharan Africa,2023,out_of_school,5053.3057
NRU,Nauru,Oceania,2007,out_of_school,145.0
NRU,Nauru,Oceania,2012,out_of_school,247.0
NRU,Nauru,Oceania,2014,out_of_school,115.0
NRU,Nauru,Oceania,2016,out_of_school,132.0
NRU,Nauru,Oceania,2019,out_of_school,64.0
NRU,Nauru,Oceania,2020,out_of_school,150.0
NRU,Nauru,Oceania,2022,out_of_school,92.0
NRU,Nauru,Oceania,2023,out_of_school,8.0
NPL,Nepal,Central and Southern Asia,1999,out_of_school,1173294.0
NPL,Nepal,Central and Southern Asia,2000,out_of_school,1023034.0
NPL,Nepal,Central and Southern Asia,2003,out_of_school,839999.0
NPL,Nepal,Central and Southern Asia,2004,out_of_school,768111.0
NPL,Nepal,Central and Southern Asia,2011,out_of_school,55749.0
NPL,Nepal,Central and Southern Asia,2012,out_of_school,40697.0
NPL,Nepal,Central and Southern Asia,2014,out_of_school,32146.0
NPL,Nepal,Central and Southern Asia,2015,out_of_school,27373.0
NPL,Nepal,Central and Southern Asia,2016,out_of_school,13020.0
NPL,Nepal,Central and Southern Asia,2017,out_of_school,38642.0
NPL,Nepal,Central and Southern Asia,2021,out_of_school,7029.751
NPL,Nepal,Central and Southern Asia,2022,out_of_school,18195.266
NPL,Nepal,Central and Southern Asia,2023,out_of_school,57234.16
NPL,Nepal,Central and Southern Asia,2024,out_of_school,57449.25
NLD,Netherlands,Europe and Northern America,1990,out_of_school,73671.0
NLD,Netherlands,Europe and Northern America,1991,out_of_school,78780.0
NLD,Netherlands,Europe and Northern America,1992,out_of_school,87298.0
NLD,Netherlands,Europe and Northern America,1993,out_of_school,90690.0
NLD,Netherlands,Europe and Northern America,1994,out_of_school,30702.0
NLD,Netherlands,Europe and Northern America,1995,out_of_school,28481.0
NLD,Netherlands,Europe and Northern America,1996,out_of_school,28199.0
NLD,Netherlands,Europe and Northern America,1997,out_of_school,30355.0
NLD,Netherlands,Europe and Northern America,2017,out_of_school,2274.0
NLD,Netherlands,Europe and Northern America,2018,out_of_school,2928.0
NLD,Netherlands,Europe and Northern America,2019,out_of_school,1416.0
NLD,Netherlands,Europe and Northern America,2020,out_of_school,1937.0
NLD,Netherlands,Europe and Northern America,2021,out_of_school,2114.0
NLD,Netherlands,Europe and Northern America,2022,out_of_school,4446.0
NCL,New Caledonia,Oceania,1990,out_of_school,1641.0
NCL,New Caledonia,Oceania,1991,out_of_school,1409.0
NZL,New Zealand,Oceania,1990,out_of_school,2021.0
NZL,New Zealand,Oceania,1991,out_of_school,5775.0
NZL,New Zealand,Oceania,1992,out_of_school,6363.0
NZL,New Zealand,Oceania,1994,out_of_school,1956.0
NZL,New Zealand,Oceania,1995,out_of_school,84.0
NZL,New Zealand,Oceania,1996,out_of_school,932.0
NZL,New Zealand,Oceania,1997,out_of_school,1473.0
NZL,New Zealand,Oceania,2013,out_of_school,2264.0
NZL,New Zealand,Oceania,2014,out_of_school,3379.0
NZL,New Zealand,Oceania,2015,out_of_school,4386.0
NZL,New Zealand,Oceania,2016,out_of_school,4575.0
NZL,New Zealand,Oceania,2017,out_of_school,4918.0
NZL,New Zealand,Oceania,2018,out_of_school,5066.0
NZL,New Zealand,Oceania,2019,out_of_school,3851.0
NZL,New Zealand,Oceania,2020,out_of_school,5130.0
NZL,New Zealand,Oceania,2021,out_of_school,5306.0
NZL,New Zealand,Oceania,2022,out_of_school,9913.0
NZL,New Zealand,Oceania,2023,out_of_school,8998.0
NIC,Nicaragua,Europe and Northern America,1990,out_of_school,236563.0
NIC,Nicaragua,Europe and Northern America,1991,out_of_school,220666.0
NIC,Nicaragua,Europe and Northern America,1992,out_of_school,198074.0
NIC,Nicaragua,Europe and Northern America,1993,out_of_school,194896.0
NIC,Nicaragua,Europe and Northern America,1994,out_of_school,191149.0
NIC,Nicaragua,Europe and Northern America,1995,out_of_school,209842.0
NIC,Nicaragua,Europe and Northern America,1996,out_of_school,221443.0
NIC,Nicaragua,Europe and Northern America,1999,out_of_school,148270.0
NIC,Nicaragua,Europe and Northern America,2000,out_of_school,124057.0
NIC,Nicaragua,Europe and Northern America,2001,out_of_school,92660.0
NIC,Nicaragua,Europe and Northern America,2002,out_of_school,35993.0
NIC,Nicaragua,Europe and Northern America,2004,out_of_school,8479.0
NIC,Nicaragua,Europe and Northern America,2005,out_of_school,7555.0
NIC,Nicaragua,Europe and Northern America,2006,out_of_school,23739.0
NIC,Nicaragua,Europe and Northern America,2007,out_of_school,29622.0
NIC,Nicaragua,Europe and Northern America,2008,out_of_school,25034.0
NIC,Nicaragua,Europe and Northern America,2010,out_of_school,34410.0
NIC,Nicaragua,Europe and Northern America,2023,out_of_school,53481.0
NER,Niger,Sub-Saharan Africa,1990,out_of_school,1026010.0
NER,Niger,Sub-Saharan Africa,1991,out_of_school,1051160.0
NER,Niger,Sub-Saharan Africa,1992,out_of_school,1111829.0
NER,Niger,Sub-Saharan Africa,1997,out_of_school,1240054.0
NER,Niger,Sub-Saharan Africa,1998,out_of_school,1275116.0
NER,Niger,Sub-Saharan Africa,1999,out_of_school,1287958.0
NER,Niger,Sub-Saharan Africa,2000,out_of_school,1321093.0
NER,Niger,Sub-Saharan Africa,2001,out_of_school,1306635.0
NER,Niger,Sub-Saharan Africa,2002,out_of_school,1294343.0
NER,Niger,Sub-Saharan Africa,2003,out_of_school,1277282.0
NER,Niger,Sub-Saharan Africa,2004,out_of_school,1260352.0
NER,Niger,Sub-Saharan Africa,2005,out_of_school,1318298.0
NER,Niger,Sub-Saharan Africa,2006,out_of_school,1353494.0
NER,Niger,Sub-Saharan Africa,2007,out_of_school,1392369.0
NER,Niger,Sub-Saharan Africa,2008,out_of_school,1373360.0
NER,Niger,Sub-Saharan Africa,2009,out_of_school,1336682.0
NER,Niger,Sub-Saharan Africa,2010,out_of_school,1284462.0
NER,Niger,Sub-Saharan Africa,2011,out_of_school,1207685.0
NER,Niger,Sub-Saharan Africa,2012,out_of_school,1219509.0
NER,Niger,Sub-Saharan Africa,2013,out_of_school,1277614.0
NER,Niger,Sub-Saharan Africa,2014,out_of_school,1322924.0
NER,Niger,Sub-Saharan Africa,2015,out_of_school,1314694.0
NER,Niger,Sub-Saharan Africa,2016,out_of_school,1324023.0
NER,Niger,Sub-Saharan Africa,2017,out_of_school,1259117.0
NER,Niger,Sub-Saharan Africa,2019,out_of_school,1625786.0
NER,Niger,Sub-Saharan Africa,2021,out_of_school,1759698.0
NER,Niger,Sub-Saharan Africa,2022,out_of_school,1800747.0
NER,Niger,Sub-Saharan Africa,2023,out_of_school,1779825.0
NGA,Nigeria,Sub-Saharan Africa,1999,out_of_school,7544191.0
NGA,Nigeria,Sub-Saharan Africa,2000,out_of_school,7209033.0
NGA,Nigeria,Sub-Saharan Africa,2004,out_of_school,7903004.0
NGA,Nigeria,Sub-Saharan Africa,2005,out_of_school,8047765.0
NGA,Nigeria,Sub-Saharan Africa,2006,out_of_school,8241086.0
NGA,Nigeria,Sub-Saharan Africa,2007,out_of_school,7904316.0
NGA,Nigeria,Sub-Saharan Africa,2008,out_of_school,9808950.0
NGA,Nigeria,Sub-Saharan Africa,2009,out_of_school,9900361.0
NGA,Nigeria,Sub-Saharan Africa,2010,out_of_school,10293439.0
NIU,Niue,Oceania,2014,out_of_school,15.0
NIU,Niue,Oceania,2015,out_of_school,18.0
NIU,Niue,Oceania,2016,out_of_school,10.0
NIU,Niue,Oceania,2019,out_of_school,10.0
PRK,North Korea,Central and Southern Asia,2009,out_of_school,7727.0
MKD,North Macedonia,Europe and Northern America,1998,out_of_school,12619.0
MKD,North Macedonia,Europe and Northern America,1999,out_of_school,14831.0
MKD,North Macedonia,Europe and Northern America,2000,out_of_school,66.0
MKD,North Macedonia,Europe and Northern America,2001,out_of_school,323.0
MKD,North Macedonia,Europe and Northern America,2002,out_of_school,436.0
MKD,North Macedonia,Europe and Northern America,2003,out_of_school,1845.0
MKD,North Macedonia,Europe and Northern America,2004,out_of_school,1024.0
MKD,North Macedonia,Europe and Northern America,2005,out_of_school,1137.0
MKD,North Macedonia,Europe and Northern America,2006,out_of_school,3059.0
MKD,North Macedonia,Europe and Northern America,2007,out_of_school,1765.0
MKD,North Macedonia,Europe and Northern America,2008,out_of_school,5304.0
MKD,North Macedonia,Europe and Northern America,2009,out_of_school,3007.0
MKD,North Macedonia,Europe and Northern America,2010,out_of_school,383.0
MKD,North Macedonia,Europe and Northern America,2012,out_of_school,2668.0
MKD,North Macedonia,Europe and Northern America,2013,out_of_school,3869.0
MKD,North Macedonia,Europe and Northern America,2014,out_of_school,4369.0
MKD,North Macedonia,Europe and Northern America,2015,out_of_school,2560.0
MKD,North Macedonia,Europe and Northern America,2017,out_of_school,3332.0
MKD,North Macedonia,Europe and Northern America,2018,out_of_school,3842.0
MKD,North Macedonia,Europe and Northern America,2019,out_of_school,8415.0
MKD,North Macedonia,Europe and Northern America,2020,out_of_school,7961.0
MKD,North Macedonia,Europe and Northern America,2021,out_of_school,8539.0
MKD,North Macedonia,Europe and Northern America,2022,out_of_school,3232.0
,Northern Africa and Western Asia (SDG),,2000,out_of_school,11510000.0
,Northern Africa and Western Asia (SDG),,2001,out_of_school,11110000.0
,Northern Africa and Western Asia (SDG),,2002,out_of_school,10560000.0
,Northern Africa and Western Asia (SDG),,2003,out_of_school,9900000.0
,Northern Africa and Western Asia (SDG),,2004,out_of_school,9279000.0
,Northern Africa and Western Asia (SDG),,2005,out_of_school,9043000.0
,Northern Africa and Western Asia (SDG),,2006,out_of_school,8615000.0
,Northern Africa and Western Asia (SDG),,2007,out_of_school,8274000.0
,Northern Africa and Western Asia (SDG),,2008,out_of_school,7904000.0
,Northern Africa and Western Asia (SDG),,2009,out_of_school,7570000.0
,Northern Africa and Western Asia (SDG),,2010,out_of_school,7335000.0
,Northern Africa and Western Asia (SDG),,2011,out_of_school,7086000.0
,Northern Africa and Western Asia (SDG),,2012,out_of_school,6790000.0
,Northern Africa and Western Asia (SDG),,2013,out_of_school,6478000.0
,Northern Africa and Western Asia (SDG),,2014,out_of_school,6258000.0
,Northern Africa and Western Asia (SDG),,2015,out_of_school,6058000.0
,Northern Africa and Western Asia (SDG),,2016,out_of_school,5871000.0
,Northern Africa and Western Asia (SDG),,2017,out_of_school,5782000.0
,Northern Africa and Western Asia (SDG),,2018,out_of_school,5841000.0
,Northern Africa and Western Asia (SDG),,2019,out_of_school,5989000.0
,Northern Africa and Western Asia (SDG),,2020,out_of_school,6161000.0
,Northern Africa and Western Asia (SDG),,2021,out_of_school,6348000.0
,Northern Africa and Western Asia (SDG),,2022,out_of_school,6519000.0
,Northern Africa and Western Asia (SDG),,2023,out_of_school,6638000.0
NOR,Norway,Europe and Northern America,1990,out_of_school,3258.0
NOR,Norway,Europe and Northern America,1991,out_of_school,3676.0
NOR,Norway,Europe and Northern America,1992,out_of_school,3641.0
NOR,Norway,Europe and Northern America,1993,out_of_school,5018.0
NOR,Norway,Europe and Northern America,1994,out_of_school,5061.0
NOR,Norway,Europe and Northern America,1995,out_of_school,4145.0
NOR,Norway,Europe and Northern America,1996,out_of_school,3614.0
NOR,Norway,Europe and Northern America,1997,out_of_school,64264.0
NOR,Norway,Europe and Northern America,1998,out_of_school,2957.0
NOR,Norway,Europe and Northern America,1999,out_of_school,2423.0
NOR,Norway,Europe and Northern America,2000,out_of_school,2970.0
NOR,Norway,Europe and Northern America,2001,out_of_school,2267.0
NOR,Norway,Europe and Northern America,2002,out_of_school,2361.0
NOR,Norway,Europe and Northern America,2003,out_of_school,2519.0
NOR,Norway,Europe and Northern America,2004,out_of_school,2252.0
NOR,Norway,Europe and Northern America,2005,out_of_school,2658.0
NOR,Norway,Europe and Northern America,2006,out_of_school,2204.0
NOR,Norway,Europe and Northern America,2007,out_of_school,1349.0
NOR,Norway,Europe and Northern America,2008,out_of_school,701.0
NOR,Norway,Europe and Northern America,2009,out_of_school,778.0
NOR,Norway,Europe and Northern America,2010,out_of_school,1076.0
NOR,Norway,Europe and Northern America,2011,out_of_school,827.0
NOR,Norway,Europe and Northern America,2012,out_of_school,1150.0
NOR,Norway,Europe and Northern America,2013,out_of_school,1122.0
NOR,Norway,Europe and Northern America,2014,out_of_school,1774.0
NOR,Norway,Europe and Northern America,2015,out_of_school,2307.0
NOR,Norway,Europe and Northern America,2016,out_of_school,3084.0
NOR,Norway,Europe and Northern America,2017,out_of_school,2918.0
NOR,Norway,Europe and Northern America,2018,out_of_school,3394.0
NOR,Norway,Europe and Northern America,2019,out_of_school,3769.0
NOR,Norway,Europe and Northern America,2020,out_of_school,4662.0
NOR,Norway,Europe and Northern America,2021,out_of_school,4216.0
NOR,Norway,Europe and Northern America,2022,out_of_school,4220.0
NOR,Norway,Europe and Northern America,2023,out_of_school,5825.0
OMN,Oman,Central and Southern Asia,1990,out_of_school,88257.0
OMN,Oman,Central and Southern Asia,1991,out_of_school,89366.0
OMN,Oman,Central and Southern Asia,1992,out_of_school,87888.0
OMN,Oman,Central and Southern Asia,1993,out_of_school,76684.0
OMN,Oman,Central and Southern Asia,1994,out_of_school,71856.0
OMN,Oman,Central and Southern Asia,1995,out_of_school,69153.0
OMN,Oman,Central and Southern Asia,1996,out_of_school,65595.0
OMN,Oman,Central and Southern Asia,1997,out_of_school,65808.0
OMN,Oman,Central and Southern Asia,1998,out_of_school,61924.0
OMN,Oman,Central and Southern Asia,1999,out_of_school,59122.0
OMN,Oman,Central and Southern Asia,2000,out_of_school,54252.0
OMN,Oman,Central and Southern Asia,2001,out_of_school,50471.0
OMN,Oman,Central and Southern Asia,2002,out_of_school,50020.0
OMN,Oman,Central and Southern Asia,2003,out_of_school,39427.0
OMN,Oman,Central and Southern Asia,2009,out_of_school,5558.0
OMN,Oman,Central and Southern Asia,2011,out_of_school,717.0
OMN,Oman,Central and Southern Asia,2012,out_of_school,4442.0
OMN,Oman,Central and Southern Asia,2013,out_of_school,3270.0
OMN,Oman,Central and Southern Asia,2014,out_of_school,6119.0
OMN,Oman,Central and Southern Asia,2015,out_of_school,12091.0
OMN,Oman,Central and Southern Asia,2016,out_of_school,15015.0
OMN,Oman,Central and Southern Asia,2017,out_of_school,9993.0
OMN,Oman,Central and Southern Asia,2018,out_of_school,3745.0
OMN,Oman,Central and Southern Asia,2019,out_of_school,7969.0
OMN,Oman,Central and Southern Asia,2020,out_of_school,34075.0
OMN,Oman,Central and Southern Asia,2021,out_of_school,37938.0
OMN,Oman,Central and Southern Asia,2022,out_of_school,40605.0
PAK,Pakistan,Central and Southern Asia,2021,out_of_school,9136437.0
PAK,Pakistan,Central and Southern Asia,2022,out_of_school,8625053.0
PLW,Palau,Oceania,2013,out_of_school,10.0
PLW,Palau,Oceania,2014,out_of_school,28.0
PLW,Palau,Oceania,2020,out_of_school,23.742744
PLW,Palau,Oceania,2021,out_of_school,8.064767
PLW,Palau,Oceania,2022,out_of_school,201.0
PLW,Palau,Oceania,2023,out_of_school,114.0
PSE,Palestine,Central and Southern Asia,1999,out_of_school,39479.0
PSE,Palestine,Central and Southern Asia,2000,out_of_school,30037.0
PSE,Palestine,Central and Southern Asia,2001,out_of_school,32623.0
PSE,Palestine,Central and Southern Asia,2002,out_of_school,27903.0
PSE,Palestine,Central and Southern Asia,2003,out_of_school,27650.0
PSE,Palestine,Central and Southern Asia,2004,out_of_school,29594.0
PSE,Palestine,Central and Southern Asia,2005,out_of_school,41192.0
PSE,Palestine,Central and Southern Asia,2006,out_of_school,47080.0
PSE,Palestine,Central and Southern Asia,2007,out_of_school,51885.0
PSE,Palestine,Central and Southern Asia,2008,out_of_school,45526.0
PSE,Palestine,Central and Southern Asia,2009,out_of_school,40965.0
PSE,Palestine,Central and Southern Asia,2010,out_of_school,37435.0
PSE,Palestine,Central and Southern Asia,2011,out_of_school,37547.0
PSE,Palestine,Central and Southern Asia,2012,out_of_school,28659.0
PSE,Palestine,Central and Southern Asia,2013,out_of_school,29864.0
PSE,Palestine,Central and Southern Asia,2014,out_of_school,25322.0
PSE,Palestine,Central and Southern Asia,2015,out_of_school,24957.0
PSE,Palestine,Central and Southern Asia,2016,out_of_school,23310.0
PSE,Palestine,Central and Southern Asia,2017,out_of_school,18834.0
PSE,Palestine,Central and Southern Asia,2018,out_of_school,23505.0
PSE,Palestine,Central and Southern Asia,2019,out_of_school,28806.0
PSE,Palestine,Central and Southern Asia,2020,out_of_school,34346.0
PSE,Palestine,Central and Southern Asia,2021,out_of_school,44449.0
PSE,Palestine,Central and Southern Asia,2022,out_of_school,52382.0
PSE,Palestine,Central and Southern Asia,2023,out_of_school,53793.0
PAN,Panama,Europe and Northern America,1990,out_of_school,42108.0
PAN,Panama,Europe and Northern America,1999,out_of_school,25960.0
PAN,Panama,Europe and Northern America,2000,out_of_school,21214.0
PAN,Panama,Europe and Northern America,2001,out_of_school,15338.0
PAN,Panama,Europe and Northern America,2002,out_of_school,6361.0
PAN,Panama,Europe and Northern America,2004,out_of_school,476.0
PAN,Panama,Europe and Northern America,2005,out_of_school,2000.0
PAN,Panama,Europe and Northern America,2006,out_of_school,244.0
PAN,Panama,Europe and Northern America,2007,out_of_school,390.0
PAN,Panama,Europe and Northern America,2008,out_of_school,2172.0
PAN,Panama,Europe and Northern America,2009,out_of_school,13503.0
PAN,Panama,Europe and Northern America,2010,out_of_school,12001.0
PAN,Panama,Europe and Northern America,2011,out_of_school,17273.0
PAN,Panama,Europe and Northern America,2012,out_of_school,20749.0
PAN,Panama,Europe and Northern America,2013,out_of_school,27783.0
PAN,Panama,Europe and Northern America,2014,out_of_school,37382.0
PAN,Panama,Europe and Northern America,2015,out_of_school,43797.0
PAN,Panama,Europe and Northern America,2017,out_of_school,55869.0
PAN,Panama,Europe and Northern America,2019,out_of_school,49133.0
PAN,Panama,Europe and Northern America,2020,out_of_school,46537.0
PAN,Panama,Europe and Northern America,2021,out_of_school,15927.0
PAN,Panama,Europe and Northern America,2022,out_of_school,14057.0
PAN,Panama,Europe and Northern America,2023,out_of_school,41370.0
PNG,Papua New Guinea,Oceania,2016,out_of_school,131536.0
PNG,Papua New Guinea,Oceania,2018,out_of_school,11662.0
PRY,Paraguay,Latin America and the Caribbean,1990,out_of_school,3292.0
PRY,Paraguay,Latin America and the Caribbean,1991,out_of_school,2405.0
PRY,Paraguay,Latin America and the Caribbean,1992,out_of_school,61541.0
PRY,Paraguay,Latin America and the Caribbean,1993,out_of_school,2425.0
PRY,Paraguay,Latin America and the Caribbean,1994,out_of_school,33568.0
PRY,Paraguay,Latin America and the Caribbean,1995,out_of_school,41132.0
PRY,Paraguay,Latin America and the Caribbean,1996,out_of_school,20213.0
PRY,Paraguay,Latin America and the Caribbean,1999,out_of_school,5408.0
PRY,Paraguay,Latin America and the Caribbean,2000,out_of_school,6735.0
PRY,Paraguay,Latin America and the Caribbean,2001,out_of_school,6173.0
PRY,Paraguay,Latin America and the Caribbean,2002,out_of_school,5680.0
PRY,Paraguay,Latin America and the Caribbean,2003,out_of_school,5193.0
PRY,Paraguay,Latin America and the Caribbean,2004,out_of_school,5720.0
PRY,Paraguay,Latin America and the Caribbean,2005,out_of_school,6259.0
PRY,Paraguay,Latin America and the Caribbean,2006,out_of_school,5463.0
PRY,Paraguay,Latin America and the Caribbean,2007,out_of_school,4428.0
PRY,Paraguay,Latin America and the Caribbean,2008,out_of_school,9493.0
PRY,Paraguay,Latin America and the Caribbean,2009,out_of_school,15679.0
PRY,Paraguay,Latin America and the Caribbean,2010,out_of_school,11843.0
PRY,Paraguay,Latin America and the Caribbean,2011,out_of_school,11085.0
PRY,Paraguay,Latin America and the Caribbean,2012,out_of_school,11344.0
PRY,Paraguay,Latin America and the Caribbean,2016,out_of_school,74167.0
PRY,Paraguay,Latin America and the Caribbean,2020,out_of_school,89739.0
PRY,Paraguay,Latin America and the Caribbean,2021,out_of_school,93002.0
PRY,Paraguay,Latin America and the Caribbean,2022,out_of_school,93829.0
PRY,Paraguay,Latin America and the Caribbean,2023,out_of_school,99708.0
PER,Peru,Latin America and the Caribbean,1993,out_of_school,351997.0
PER,Peru,Latin America and the Caribbean,1995,out_of_school,544504.0
PER,Peru,Latin America and the Caribbean,1996,out_of_school,561029.0
PER,Peru,Latin America and the Caribbean,1997,out_of_school,582489.0
PER,Peru,Latin America and the Caribbean,1998,out_of_school,112489.0
PER,Peru,Latin America and the Caribbean,1999,out_of_school,72877.0
PER,Peru,Latin America and the Caribbean,2000,out_of_school,57430.0
PER,Peru,Latin America and the Caribbean,2001,out_of_school,35352.0
PER,Peru,Latin America and the Caribbean,2002,out_of_school,16208.0
PER,Peru,Latin America and the Caribbean,2003,out_of_school,70471.0
PER,Peru,Latin America and the Caribbean,2004,out_of_school,11365.0
PER,Peru,Latin America and the Caribbean,2005,out_of_school,16257.0
PER,Peru,Latin America and the Caribbean,2006,out_of_school,24844.0
PER,Peru,Latin America and the Caribbean,2007,out_of_school,28344.0
PER,Peru,Latin America and the Caribbean,2008,out_of_school,27905.0
PER,Peru,Latin America and the Caribbean,2009,out_of_school,27217.0
PER,Peru,Latin America and the Caribbean,2010,out_of_school,21009.0
PER,Peru,Latin America and the Caribbean,2011,out_of_school,25931.0
PER,Peru,Latin America and the Caribbean,2016,out_of_school,2666.0
PER,Peru,Latin America and the Caribbean,2017,out_of_school,1552.0
PER,Peru,Latin America and the Caribbean,2018,out_of_school,6314.0
PER,Peru,Latin America and the Caribbean,2019,out_of_school,5359.0
PHL,Philippines,Central and Southern Asia,1990,out_of_school,460200.0
PHL,Philippines,Central and Southern Asia,1992,out_of_school,877636.0
PHL,Philippines,Central and Southern Asia,1993,out_of_school,1037170.0
PHL,Philippines,Central and Southern Asia,1994,out_of_school,1253900.0
PHL,Philippines,Central and Southern Asia,1996,out_of_school,1074385.0
PHL,Philippines,Central and Southern Asia,1998,out_of_school,1524539.0
PHL,Philippines,Central and Southern Asia,1999,out_of_school,1863499.0
PHL,Philippines,Central and Southern Asia,2001,out_of_school,1722199.0
PHL,Philippines,Central and Southern Asia,2002,out_of_school,1691305.0
PHL,Philippines,Central and Southern Asia,2003,out_of_school,1754918.0
PHL,Philippines,Central and Southern Asia,2004,out_of_school,1788500.0
PHL,Philippines,Central and Southern Asia,2005,out_of_school,1731449.0
PHL,Philippines,Central and Southern Asia,2006,out_of_school,1908174.0
PHL,Philippines,Central and Southern Asia,2007,out_of_school,1901756.0
PHL,Philippines,Central and Southern Asia,2008,out_of_school,1817138.0
PHL,Philippines,Central and Southern Asia,2009,out_of_school,1610637.0
PHL,Philippines,Central and Southern Asia,2014,out_of_school,1372966.0
PHL,Philippines,Central and Southern Asia,2015,out_of_school,1475549.0
PHL,Philippines,Central and Southern Asia,2016,out_of_school,1508140.0
PHL,Philippines,Central and Southern Asia,2017,out_of_school,1494425.0
PHL,Philippines,Central and Southern Asia,2018,out_of_school,1518961.0
PHL,Philippines,Central and Southern Asia,2019,out_of_school,1285015.0
PHL,Philippines,Central and Southern Asia,2020,out_of_school,1198429.0
PHL,Philippines,Central and Southern Asia,2021,out_of_school,1731428.0
PHL,Philippines,Central and Southern Asia,2022,out_of_school,1531686.0
PHL,Philippines,Central and Southern Asia,2023,out_of_school,1470794.0
POL,Poland,Europe and Northern America,1999,out_of_school,35527.0
POL,Poland,Europe and Northern America,2000,out_of_school,42415.0
POL,Poland,Europe and Northern America,2001,out_of_school,29178.0
POL,Poland,Europe and Northern America,2002,out_of_school,30693.0
POL,Poland,Europe and Northern America,2003,out_of_school,28806.0
POL,Poland,Europe and Northern America,2004,out_of_school,30711.0
POL,Poland,Europe and Northern America,2005,out_of_school,31908.0
POL,Poland,Europe and Northern America,2006,out_of_school,36824.0
POL,Poland,Europe and Northern America,2007,out_of_school,48877.0
POL,Poland,Europe and Northern America,2008,out_of_school,58929.0
POL,Poland,Europe and Northern America,2009,out_of_school,66145.0
POL,Poland,Europe and Northern America,2010,out_of_school,62828.0
POL,Poland,Europe and Northern America,2011,out_of_school,69263.0
POL,Poland,Europe and Northern America,2012,out_of_school,73980.0
POL,Poland,Europe and Northern America,2013,out_of_school,81415.0
POL,Poland,Europe and Northern America,2014,out_of_school,90018.0
POL,Poland,Europe and Northern America,2017,out_of_school,114695.0
POL,Poland,Europe and Northern America,2018,out_of_school,110315.0
POL,Poland,Europe and Northern America,2019,out_of_school,83029.0
POL,Poland,Europe and Northern America,2020,out_of_school,23857.0
POL,Poland,Europe and Northern America,2021,out_of_school,334.0
POL,Poland,Europe and Northern America,2022,out_of_school,286.0
POL,Poland,Europe and Northern America,2023,out_of_school,1874.0
PRT,Portugal,Europe and Northern America,1990,out_of_school,2764.0
PRT,Portugal,Europe and Northern America,1991,out_of_school,1748.0
PRT,Portugal,Europe and Northern America,1994,out_of_school,5457.0
PRT,Portugal,Europe and Northern America,1999,out_of_school,16428.0
PRT,Portugal,Europe and Northern America,2000,out_of_school,16335.0
PRT,Portugal,Europe and Northern America,2001,out_of_school,1821.0
PRT,Portugal,Europe and Northern America,2002,out_of_school,90.0
PRT,Portugal,Europe and Northern America,2003,out_of_school,520.0
PRT,Portugal,Europe and Northern America,2004,out_of_school,462.0
PRT,Portugal,Europe and Northern America,2005,out_of_school,1166.0
PRT,Portugal,Europe and Northern America,2006,out_of_school,569.0
PRT,Portugal,Europe and Northern America,2007,out_of_school,2190.0
PRT,Portugal,Europe and Northern America,2008,out_of_school,5581.0
PRT,Portugal,Europe and Northern America,2009,out_of_school,860.0
PRT,Portugal,Europe and Northern America,2010,out_of_school,175.0
PRT,Portugal,Europe and Northern America,2011,out_of_school,62.0
PRT,Portugal,Europe and Northern America,2012,out_of_school,1246.0
PRT,Portugal,Europe and Northern America,2013,out_of_school,799.0
PRT,Portugal,Europe and Northern America,2014,out_of_school,873.0
PRT,Portugal,Europe and Northern America,2015,out_of_school,7521.0
PRT,Portugal,Europe and Northern America,2016,out_of_school,10783.0
PRT,Portugal,Europe and Northern America,2017,out_of_school,10838.0
PRT,Portugal,Europe and Northern America,2018,out_of_school,8607.0
PRT,Portugal,Europe and Northern America,2019,out_of_school,4210.0
PRT,Portugal,Europe and Northern America,2020,out_of_school,1224.0
PRT,Portugal,Europe and Northern America,2021,out_of_school,402.0
PRT,Portugal,Europe and Northern America,2022,out_of_school,1807.0
PRI,Puerto Rico,Europe and Northern America,2010,out_of_school,25206.0
PRI,Puerto Rico,Europe and Northern America,2011,out_of_school,30055.0
PRI,Puerto Rico,Europe and Northern America,2012,out_of_school,21630.0
PRI,Puerto Rico,Europe and Northern America,2013,out_of_school,17399.0
PRI,Puerto Rico,Europe and Northern America,2014,out_of_school,13790.0
PRI,Puerto Rico,Europe and Northern America,2015,out_of_school,13749.0
PRI,Puerto Rico,Europe and Northern America,2016,out_of_school,24588.0
PRI,Puerto Rico,Europe and Northern America,2018,out_of_school,21598.0
PRI,Puerto Rico,Europe and Northern America,2023,out_of_school,22174.0
QAT,Qatar,Central and Southern Asia,1990,out_of_school,1842.0
QAT,Qatar,Central and Southern Asia,1991,out_of_school,2085.0
QAT,Qatar,Central and Southern Asia,1992,out_of_school,2966.0
QAT,Qatar,Central and Southern Asia,1993,out_of_school,4325.0
QAT,Qatar,Central and Southern Asia,1994,out_of_school,3326.0
QAT,Qatar,Central and Southern Asia,1998,out_of_school,471.0
QAT,Qatar,Central and Southern Asia,1999,out_of_school,2480.0
QAT,Qatar,Central and Southern Asia,2001,out_of_school,6952.0
QAT,Qatar,Central and Southern Asia,2002,out_of_school,6666.0
QAT,Qatar,Central and Southern Asia,2003,out_of_school,8743.0
QAT,Qatar,Central and Southern Asia,2004,out_of_school,5233.0
QAT,Qatar,Central and Southern Asia,2005,out_of_school,3864.0
QAT,Qatar,Central and Southern Asia,2006,out_of_school,5740.0
QAT,Qatar,Central and Southern Asia,2007,out_of_school,3101.0
QAT,Qatar,Central and Southern Asia,2009,out_of_school,2305.0
QAT,Qatar,Central and Southern Asia,2010,out_of_school,1125.0
QAT,Qatar,Central and Southern Asia,2011,out_of_school,3614.0
QAT,Qatar,Central and Southern Asia,2012,out_of_school,429.0
QAT,Qatar,Central and Southern Asia,2013,out_of_school,3137.0
QAT,Qatar,Central and Southern Asia,2014,out_of_school,7541.0
QAT,Qatar,Central and Southern Asia,2015,out_of_school,5093.0
QAT,Qatar,Central and Southern Asia,2016,out_of_school,2268.0
QAT,Qatar,Central and Southern Asia,2017,out_of_school,121.0
QAT,Qatar,Central and Southern Asia,2018,out_of_school,953.0
QAT,Qatar,Central and Southern Asia,2019,out_of_school,2887.0
QAT,Qatar,Central and Southern Asia,2020,out_of_school,3403.0
QAT,Qatar,Central and Southern Asia,2021,out_of_school,22352.0
QAT,Qatar,Central and Southern Asia,2022,out_of_school,13368.0
REU,Reunion,Sub-Saharan Africa,1994,out_of_school,6698.0
ROU,Romania,Europe and Northern America,1993,out_of_school,225025.0
ROU,Romania,Europe and Northern America,1994,out_of_school,156375.0
ROU,Romania,Europe and Northern America,1995,out_of_school,149791.0
ROU,Romania,Europe and Northern America,1996,out_of_school,124636.0
ROU,Romania,Europe and Northern America,1997,out_of_school,123085.0
ROU,Romania,Europe and Northern America,1998,out_of_school,26988.0
ROU,Romania,Europe and Northern America,1999,out_of_school,25389.0
ROU,Romania,Europe and Northern America,2000,out_of_school,5849.0
ROU,Romania,Europe and Northern America,2001,out_of_school,6540.0
ROU,Romania,Europe and Northern America,2002,out_of_school,13560.0
ROU,Romania,Europe and Northern America,2003,out_of_school,41029.0
ROU,Romania,Europe and Northern America,2004,out_of_school,50808.0
ROU,Romania,Europe and Northern America,2005,out_of_school,68519.0
ROU,Romania,Europe and Northern America,2006,out_of_school,56940.0
ROU,Romania,Europe and Northern America,2007,out_of_school,57787.0
ROU,Romania,Europe and Northern America,2008,out_of_school,28764.0
ROU,Romania,Europe and Northern America,2009,out_of_school,10078.0
ROU,Romania,Europe and Northern America,2010,out_of_school,20240.0
ROU,Romania,Europe and Northern America,2011,out_of_school,34853.0
ROU,Romania,Europe and Northern America,2012,out_of_school,53033.0
ROU,Romania,Europe and Northern America,2015,out_of_school,83879.0
ROU,Romania,Europe and Northern America,2016,out_of_school,95932.0
ROU,Romania,Europe and Northern America,2017,out_of_school,99956.0
ROU,Romania,Europe and Northern America,2018,out_of_school,87591.0
ROU,Romania,Europe and Northern America,2019,out_of_school,76260.0
ROU,Romania,Europe and Northern America,2020,out_of_school,81332.0
ROU,Romania,Europe and Northern America,2021,out_of_school,92551.0
ROU,Romania,Europe and Northern America,2022,out_of_school,159418.0
ROU,Romania,Europe and Northern America,2023,out_of_school,160246.0
RUS,Russia,Central and Southern Asia,1994,out_of_school,334236.0
RUS,Russia,Central and Southern Asia,1995,out_of_school,658834.0
RUS,Russia,Central and Southern Asia,2006,out_of_school,306702.0
RUS,Russia,Central and Southern Asia,2007,out_of_school,315003.0
RUS,Russia,Central and Southern Asia,2008,out_of_school,235054.0
RUS,Russia,Central and Southern Asia,2009,out_of_school,247977.0
RUS,Russia,Central and Southern Asia,2011,out_of_school,245998.0
RUS,Russia,Central and Southern Asia,2012,out_of_school,155659.0
RUS,Russia,Central and Southern Asia,2013,out_of_school,183618.0
RUS,Russia,Central and Southern Asia,2014,out_of_school,161531.0
RUS,Russia,Central and Southern Asia,2015,out_of_school,123062.0
RUS,Russia,Central and Southern Asia,2016,out_of_school,130343.0
RUS,Russia,Central and Southern Asia,2017,out_of_school,24203.0
RUS,Russia,Central and Southern Asia,2018,out_of_school,5373.0
RUS,Russia,Central and Southern Asia,2019,out_of_school,13749.0
RUS,Russia,Central and Southern Asia,2020,out_of_school,74420.0
RUS,Russia,Central and Southern Asia,2021,out_of_school,152698.0
RUS,Russia,Central and Southern Asia,2022,out_of_school,200116.0
RUS,Russia,Central and Southern Asia,2023,out_of_school,381448.0
RWA,Rwanda,Sub-Saharan Africa,1999,out_of_school,541211.0
RWA,Rwanda,Sub-Saharan Africa,2002,out_of_school,140152.0
RWA,Rwanda,Sub-Saharan Africa,2003,out_of_school,165831.0
RWA,Rwanda,Sub-Saharan Africa,2016,out_of_school,22399.0
RWA,Rwanda,Sub-Saharan Africa,2017,out_of_school,21152.0
RWA,Rwanda,Sub-Saharan Africa,2018,out_of_school,25201.0
RWA,Rwanda,Sub-Saharan Africa,2019,out_of_school,28353.0
RWA,Rwanda,Sub-Saharan Africa,2021,out_of_school,1839.0
RWA,Rwanda,Sub-Saharan Africa,2023,out_of_school,9134.0
SHN,Saint Helena,Sub-Saharan Africa,1998,out_of_school,87.0
KNA,Saint Kitts and Nevis,Europe and Northern America,1992,out_of_school,50.0
KNA,Saint Kitts and Nevis,Europe and Northern America,2001,out_of_school,123.0
KNA,Saint Kitts and Nevis,Europe and Northern America,2002,out_of_school,4.0
KNA,Saint Kitts and Nevis,Europe and Northern America,2003,out_of_school,115.0
KNA,Saint Kitts and Nevis,Europe and Northern America,2004,out_of_school,2.0
KNA,Saint Kitts and Nevis,Europe and Northern America,2005,out_of_school,66.0
KNA,Saint Kitts and Nevis,Europe and Northern America,2007,out_of_school,49.0
KNA,Saint Kitts and Nevis,Europe and Northern America,2008,out_of_school,48.0
LCA,Saint Lucia,Europe and Northern America,1990,out_of_school,2488.0
LCA,Saint Lucia,Europe and Northern America,2000,out_of_school,2123.0
LCA,Saint Lucia,Europe and Northern America,2001,out_of_school,1682.0
LCA,Saint Lucia,Europe and Northern America,2002,out_of_school,80.0
LCA,Saint Lucia,Europe and Northern America,2003,out_of_school,250.0
LCA,Saint Lucia,Europe and Northern America,2004,out_of_school,1270.0
LCA,Saint Lucia,Europe and Northern America,2005,out_of_school,1896.0
LCA,Saint Lucia,Europe and Northern America,2006,out_of_school,1511.0
LCA,Saint Lucia,Europe and Northern America,2007,out_of_school,1519.0
LCA,Saint Lucia,Europe and Northern America,2008,out_of_school,1322.0
LCA,Saint Lucia,Europe and Northern America,2009,out_of_school,950.0
LCA,Saint Lucia,Europe and Northern America,2010,out_of_school,1145.0
LCA,Saint Lucia,Europe and Northern America,2011,out_of_school,1317.0
LCA,Saint Lucia,Europe and Northern America,2012,out_of_school,1376.0
LCA,Saint Lucia,Europe and Northern America,2013,out_of_school,1220.0
LCA,Saint Lucia,Europe and Northern America,2014,out_of_school,1442.0
LCA,Saint Lucia,Europe and Northern America,2015,out_of_school,1190.0
LCA,Saint Lucia,Europe and Northern America,2016,out_of_school,1404.0
LCA,Saint Lucia,Europe and Northern America,2017,out_of_school,1298.0
LCA,Saint Lucia,Europe and Northern America,2018,out_of_school,1144.0
LCA,Saint Lucia,Europe and Northern America,2019,out_of_school,964.0
LCA,Saint Lucia,Europe and Northern America,2020,out_of_school,911.0
LCA,Saint Lucia,Europe and Northern America,2022,out_of_school,316.0
LCA,Saint Lucia,Europe and Northern America,2023,out_of_school,304.0
VCT,Saint Vincent and the Grenadines,Europe and Northern America,1994,out_of_school,310.0
VCT,Saint Vincent and the Grenadines,Europe and Northern America,2000,out_of_school,232.0
VCT,Saint Vincent and the Grenadines,Europe and Northern America,2002,out_of_school,102.0
VCT,Saint Vincent and the Grenadines,Europe and Northern America,2003,out_of_school,214.0
VCT,Saint Vincent and the Grenadines,Europe and Northern America,2004,out_of_school,350.0
VCT,Saint Vincent and the Grenadines,Europe and Northern America,2005,out_of_school,890.0
VCT,Saint Vincent and the Grenadines,Europe and Northern America,2007,out_of_school,282.0
VCT,Saint Vincent and the Grenadines,Europe and Northern America,2008,out_of_school,4.0
VCT,Saint Vincent and the Grenadines,Europe and Northern America,2009,out_of_school,93.0
VCT,Saint Vincent and the Grenadines,Europe and Northern America,2010,out_of_school,98.0
VCT,Saint Vincent and the Grenadines,Europe and Northern America,2011,out_of_school,277.0
VCT,Saint Vincent and the Grenadines,Europe and Northern America,2012,out_of_school,114.0
VCT,Saint Vincent and the Grenadines,Europe and Northern America,2013,out_of_school,37.543343
VCT,Saint Vincent and the Grenadines,Europe and Northern America,2014,out_of_school,152.95491
VCT,Saint Vincent and the Grenadines,Europe and Northern America,2015,out_of_school,147.77562
VCT,Saint Vincent and the Grenadines,Europe and Northern America,2017,out_of_school,68.0303
WSM,Samoa,Oceania,1994,out_of_school,1908.0
WSM,Samoa,Oceania,1998,out_of_school,1511.0
WSM,Samoa,Oceania,1999,out_of_school,1319.0
WSM,Samoa,Oceania,2000,out_of_school,452.0
WSM,Samoa,Oceania,2001,out_of_school,351.0
WSM,Samoa,Oceania,2007,out_of_school,1271.0
WSM,Samoa,Oceania,2009,out_of_school,971.0
WSM,Samoa,Oceania,2010,out_of_school,108.27834
WSM,Samoa,Oceania,2011,out_of_school,341.78085
WSM,Samoa,Oceania,2012,out_of_school,655.0
WSM,Samoa,Oceania,2014,out_of_school,54.830673
WSM,Samoa,Oceania,2015,out_of_school,196.8061
WSM,Samoa,Oceania,2016,out_of_school,37.32497
WSM,Samoa,Oceania,2017,out_of_school,116.09532
WSM,Samoa,Oceania,2018,out_of_school,240.0
WSM,Samoa,Oceania,2019,out_of_school,753.0
WSM,Samoa,Oceania,2020,out_of_school,2020.0
WSM,Samoa,Oceania,2021,out_of_school,12.996832
WSM,Samoa,Oceania,2022,out_of_school,158.0
WSM,Samoa,Oceania,2023,out_of_school,1246.0
SMR,San Marino,Europe and Northern America,1990,out_of_school,32.0
SMR,San Marino,Europe and Northern America,1991,out_of_school,26.0
SMR,San Marino,Europe and Northern America,1992,out_of_school,21.0
SMR,San Marino,Europe and Northern America,1993,out_of_school,8.0
SMR,San Marino,Europe and Northern America,1994,out_of_school,12.0
SMR,San Marino,Europe and Northern America,1996,out_of_school,69.0
SMR,San Marino,Europe and Northern America,1997,out_of_school,87.0
SMR,San Marino,Europe and Northern America,2000,out_of_school,86.0
SMR,San Marino,Europe and Northern America,2004,out_of_school,26.0
SMR,San Marino,Europe and Northern America,2008,out_of_school,128.0
SMR,San Marino,Europe and Northern America,2009,out_of_school,133.0
SMR,San Marino,Europe and Northern America,2010,out_of_school,102.0
SMR,San Marino,Europe and Northern America,2012,out_of_school,116.0
SMR,San Marino,Europe and Northern America,2019,out_of_school,97.0
SMR,San Marino,Europe and Northern America,2020,out_of_school,95.0
SMR,San Marino,Europe and Northern America,2021,out_of_school,105.0
SMR,San Marino,Europe and Northern America,2022,out_of_school,101.0
SMR,San Marino,Europe and Northern America,2023,out_of_school,104.0
STP,Sao Tome and Principe,Sub-Saharan Africa,1990,out_of_school,530.0
STP,Sao Tome and Principe,Sub-Saharan Africa,1999,out_of_school,4759.0
STP,Sao Tome and Principe,Sub-Saharan Africa,2002,out_of_school,1166.0
STP,Sao Tome and Principe,Sub-Saharan Africa,2003,out_of_school,992.0
STP,Sao Tome and Principe,Sub-Saharan Africa,2004,out_of_school,655.0
STP,Sao Tome and Principe,Sub-Saharan Africa,2005,out_of_school,477.0
STP,Sao Tome and Principe,Sub-Saharan Africa,2007,out_of_school,2020.0
STP,Sao Tome and Principe,Sub-Saharan Africa,2008,out_of_school,2001.0
STP,Sao Tome and Principe,Sub-Saharan Africa,2009,out_of_school,1954.0
STP,Sao Tome and Principe,Sub-Saharan Africa,2010,out_of_school,2065.0
STP,Sao Tome and Principe,Sub-Saharan Africa,2011,out_of_school,1798.0
STP,Sao Tome and Principe,Sub-Saharan Africa,2012,out_of_school,2175.0
STP,Sao Tome and Principe,Sub-Saharan Africa,2013,out_of_school,2697.0
STP,Sao Tome and Principe,Sub-Saharan Africa,2014,out_of_school,2780.0
STP,Sao Tome and Principe,Sub-Saharan Africa,2015,out_of_school,3022.0
STP,Sao Tome and Principe,Sub-Saharan Africa,2017,out_of_school,969.0
STP,Sao Tome and Principe,Sub-Saharan Africa,2018,out_of_school,1371.0
STP,Sao Tome and Principe,Sub-Saharan Africa,2019,out_of_school,17494.0
STP,Sao Tome and Principe,Sub-Saharan Africa,2021,out_of_school,1111.0
SAU,Saudi Arabia,Central and Southern Asia,2013,out_of_school,165700.0
SAU,Saudi Arabia,Central and Southern Asia,2014,out_of_school,131564.0
SAU,Saudi Arabia,Central and Southern Asia,2015,out_of_school,76527.0
SAU,Saudi Arabia,Central and Southern Asia,2016,out_of_school,78921.0
SAU,Saudi Arabia,Central and Southern Asia,2020,out_of_school,83195.0
SAU,Saudi Arabia,Central and Southern Asia,2021,out_of_school,89631.0
SAU,Saudi Arabia,Central and Southern Asia,2022,out_of_school,74973.0
SEN,Senegal,Sub-Saharan Africa,1990,out_of_school,753872.0
SEN,Senegal,Sub-Saharan Africa,1992,out_of_school,794607.0
SEN,Senegal,Sub-Saharan Africa,1994,out_of_school,814327.0
SEN,Senegal,Sub-Saharan Africa,1996,out_of_school,779609.0
SEN,Senegal,Sub-Saharan Africa,1997,out_of_school,726063.0
SEN,Senegal,Sub-Saharan Africa,1998,out_of_school,695741.0
SEN,Senegal,Sub-Saharan Africa,1999,out_of_school,719484.0
SEN,Senegal,Sub-Saharan Africa,2000,out_of_school,676284.0
SEN,Senegal,Sub-Saharan Africa,2003,out_of_school,583021.0
SEN,Senegal,Sub-Saharan Africa,2004,out_of_school,629362.0
SEN,Senegal,Sub-Saharan Africa,2005,out_of_school,620721.0
SEN,Senegal,Sub-Saharan Africa,2006,out_of_school,583583.0
SEN,Senegal,Sub-Saharan Africa,2007,out_of_school,552996.0
SEN,Senegal,Sub-Saharan Africa,2008,out_of_school,547782.0
SEN,Senegal,Sub-Saharan Africa,2009,out_of_school,559286.0
SEN,Senegal,Sub-Saharan Africa,2010,out_of_school,557540.0
SEN,Senegal,Sub-Saharan Africa,2011,out_of_school,560207.0
SEN,Senegal,Sub-Saharan Africa,2012,out_of_school,512867.0
SEN,Senegal,Sub-Saharan Africa,2013,out_of_school,542163.0
SEN,Senegal,Sub-Saharan Africa,2014,out_of_school,546403.0
SEN,Senegal,Sub-Saharan Africa,2015,out_of_school,564943.0
SEN,Senegal,Sub-Saharan Africa,2019,out_of_school,643693.0
SEN,Senegal,Sub-Saharan Africa,2020,out_of_school,610246.0
SEN,Senegal,Sub-Saharan Africa,2021,out_of_school,672112.0
SEN,Senegal,Sub-Saharan Africa,2022,out_of_school,679186.0
SEN,Senegal,Sub-Saharan Africa,2023,out_of_school,658669.0
SRB,Serbia,Europe and Northern America,2005,out_of_school,606.0
SRB,Serbia,Europe and Northern America,2006,out_of_school,83.0
SRB,Serbia,Europe and Northern America,2007,out_of_school,555.0
SRB,Serbia,Europe and Northern America,2008,out_of_school,4714.0
SRB,Serbia,Europe and Northern America,2009,out_of_school,13090.0
SRB,Serbia,Europe and Northern America,2010,out_of_school,19495.0
SRB,Serbia,Europe and Northern America,2011,out_of_school,9398.0
SRB,Serbia,Europe and Northern America,2012,out_of_school,9544.0
SRB,Serbia,Europe and Northern America,2013,out_of_school,8012.0
SRB,Serbia,Europe and Northern America,2014,out_of_school,804.0
SRB,Serbia,Europe and Northern America,2015,out_of_school,364.0
SRB,Serbia,Europe and Northern America,2016,out_of_school,814.0
SRB,Serbia,Europe and Northern America,2017,out_of_school,1662.0
SRB,Serbia,Europe and Northern America,2018,out_of_school,3403.0
SRB,Serbia,Europe and Northern America,2019,out_of_school,4914.0
SRB,Serbia,Europe and Northern America,2020,out_of_school,6651.0
SRB,Serbia,Europe and Northern America,2021,out_of_school,9820.0
SRB,Serbia,Europe and Northern America,2022,out_of_school,4384.0
SYC,Seychelles,Sub-Saharan Africa,1993,out_of_school,779.0
SYC,Seychelles,Sub-Saharan Africa,1994,out_of_school,555.0
SYC,Seychelles,Sub-Saharan Africa,1995,out_of_school,571.0
SYC,Seychelles,Sub-Saharan Africa,1996,out_of_school,554.0
SYC,Seychelles,Sub-Saharan Africa,1998,out_of_school,115.0
SYC,Seychelles,Sub-Saharan Africa,2001,out_of_school,52.0
SYC,Seychelles,Sub-Saharan Africa,2002,out_of_school,118.0
SYC,Seychelles,Sub-Saharan Africa,2003,out_of_school,80.0
SYC,Seychelles,Sub-Saharan Africa,2004,out_of_school,8.0
SYC,Seychelles,Sub-Saharan Africa,2022,out_of_school,188.0
SYC,Seychelles,Sub-Saharan Africa,2023,out_of_school,280.0
SLE,Sierra Leone,Sub-Saharan Africa,2011,out_of_school,527116.0
SLE,Sierra Leone,Sub-Saharan Africa,2012,out_of_school,486123.0
SLE,Sierra Leone,Sub-Saharan Africa,2013,out_of_school,13336.287
SLE,Sierra Leone,Sub-Saharan Africa,2015,out_of_school,12746.339
SGP,Singapore,Central and Southern Asia,2016,out_of_school,24.0
SGP,Singapore,Central and Southern Asia,2017,out_of_school,72.0
SGP,Singapore,Central and Southern Asia,2018,out_of_school,476.0
SGP,Singapore,Central and Southern Asia,2019,out_of_school,236.0
SGP,Singapore,Central and Southern Asia,2020,out_of_school,268.0
SGP,Singapore,Central and Southern Asia,2021,out_of_school,1520.0
SGP,Singapore,Central and Southern Asia,2022,out_of_school,2201.0
SXM,Sint Maarten (Dutch part),Europe and Northern America,2023,out_of_school,196.0
SVK,Slovakia,Europe and Northern America,2001,out_of_school,1858.0
SVK,Slovakia,Europe and Northern America,2002,out_of_school,5518.0
SVK,Slovakia,Europe and Northern America,2003,out_of_school,6224.0
SVK,Slovakia,Europe and Northern America,2004,out_of_school,6173.0
SVK,Slovakia,Europe and Northern America,2005,out_of_school,6495.0
SVK,Slovakia,Europe and Northern America,2006,out_of_school,7860.0
SVK,Slovakia,Europe and Northern America,2007,out_of_school,7350.0
SVK,Slovakia,Europe and Northern America,2008,out_of_school,8037.0
SVK,Slovakia,Europe and Northern America,2009,out_of_school,9519.0
SVK,Slovakia,Europe and Northern America,2010,out_of_school,10017.0
SVK,Slovakia,Europe and Northern America,2011,out_of_school,11257.0
SVK,Slovakia,Europe and Northern America,2012,out_of_school,12083.0
SVK,Slovakia,Europe and Northern America,2013,out_of_school,12578.0
SVK,Slovakia,Europe and Northern America,2014,out_of_school,13766.0
SVK,Slovakia,Europe and Northern America,2015,out_of_school,13763.0
SVK,Slovakia,Europe and Northern America,2016,out_of_school,15084.0
SVK,Slovakia,Europe and Northern America,2017,out_of_school,13637.0
SVK,Slovakia,Europe and Northern America,2018,out_of_school,16561.0
SVK,Slovakia,Europe and Northern America,2019,out_of_school,14191.0
SVK,Slovakia,Europe and Northern America,2020,out_of_school,11607.0
SVK,Slovakia,Europe and Northern America,2021,out_of_school,10060.0
SVK,Slovakia,Europe and Northern America,2022,out_of_school,6651.0
SVK,Slovakia,Europe and Northern America,2023,out_of_school,2889.0
SVN,Slovenia,Europe and Northern America,1995,out_of_school,4577.0
SVN,Slovenia,Europe and Northern America,1996,out_of_school,4851.0
SVN,Slovenia,Europe and Northern America,1997,out_of_school,3839.0
SVN,Slovenia,Europe and Northern America,1998,out_of_school,1781.0
SVN,Slovenia,Europe and Northern America,1999,out_of_school,2369.0
SVN,Slovenia,Europe and Northern America,2000,out_of_school,1793.0
SVN,Slovenia,Europe and Northern America,2001,out_of_school,1925.0
SVN,Slovenia,Europe and Northern America,2002,out_of_school,2347.0
SVN,Slovenia,Europe and Northern America,2003,out_of_school,2073.0
SVN,Slovenia,Europe and Northern America,2004,out_of_school,2634.0
SVN,Slovenia,Europe and Northern America,2005,out_of_school,1835.0
SVN,Slovenia,Europe and Northern America,2006,out_of_school,1467.0
SVN,Slovenia,Europe and Northern America,2007,out_of_school,2937.0
SVN,Slovenia,Europe and Northern America,2008,out_of_school,2418.0
SVN,Slovenia,Europe and Northern America,2009,out_of_school,2342.0
SVN,Slovenia,Europe and Northern America,2010,out_of_school,2255.0
SVN,Slovenia,Europe and Northern America,2011,out_of_school,2394.0
SVN,Slovenia,Europe and Northern America,2012,out_of_school,2188.0
SVN,Slovenia,Europe and Northern America,2013,out_of_school,2207.0
SVN,Slovenia,Europe and Northern America,2014,out_of_school,2175.0
SVN,Slovenia,Europe and Northern America,2015,out_of_school,2011.0
SVN,Slovenia,Europe and Northern America,2016,out_of_school,2694.0
SVN,Slovenia,Europe and Northern America,2017,out_of_school,2606.0
SVN,Slovenia,Europe and Northern America,2018,out_of_school,1962.0
SVN,Slovenia,Europe and Northern America,2019,out_of_school,1705.0
SVN,Slovenia,Europe and Northern America,2020,out_of_school,1338.0
SVN,Slovenia,Europe and Northern America,2021,out_of_school,2011.0
SVN,Slovenia,Europe and Northern America,2022,out_of_school,1596.0
SVN,Slovenia,Europe and Northern America,2023,out_of_school,1904.0
SLB,Solomon Islands,Oceania,2005,out_of_school,20062.0
SLB,Solomon Islands,Oceania,2006,out_of_school,16418.0
SLB,Solomon Islands,Oceania,2007,out_of_school,16352.0
SLB,Solomon Islands,Oceania,2013,out_of_school,1592.0
SLB,Solomon Islands,Oceania,2014,out_of_school,2602.0
SLB,Solomon Islands,Oceania,2015,out_of_school,2728.0
SLB,Solomon Islands,Oceania,2017,out_of_school,32711.0
SLB,Solomon Islands,Oceania,2018,out_of_school,10313.0
SLB,Solomon Islands,Oceania,2019,out_of_school,13190.0
SLB,Solomon Islands,Oceania,2020,out_of_school,28503.0
SLB,Solomon Islands,Oceania,2023,out_of_school,38710.0
ZAF,South Africa,Sub-Saharan Africa,1991,out_of_school,989742.0
ZAF,South Africa,Sub-Saharan Africa,1994,out_of_school,1283843.0
ZAF,South Africa,Sub-Saharan Africa,1995,out_of_school,1448082.0
ZAF,South Africa,Sub-Saharan Africa,1998,out_of_school,1491871.0
ZAF,South Africa,Sub-Saharan Africa,1999,out_of_school,1376898.0
ZAF,South Africa,Sub-Saharan Africa,2000,out_of_school,1430587.0
ZAF,South Africa,Sub-Saharan Africa,2001,out_of_school,1325224.0
ZAF,South Africa,Sub-Saharan Africa,2002,out_of_school,1180313.0
ZAF,South Africa,Sub-Saharan Africa,2003,out_of_school,1080820.0
ZAF,South Africa,Sub-Saharan Africa,2004,out_of_school,1013763.0
ZAF,South Africa,Sub-Saharan Africa,2005,out_of_school,976269.0
ZAF,South Africa,Sub-Saharan Africa,2015,out_of_school,345927.0
ZAF,South Africa,Sub-Saharan Africa,2017,out_of_school,465360.0
ZAF,South Africa,Sub-Saharan Africa,2018,out_of_school,701279.0
ZAF,South Africa,Sub-Saharan Africa,2019,out_of_school,630820.0
ZAF,South Africa,Sub-Saharan Africa,2020,out_of_school,620737.0
ZAF,South Africa,Sub-Saharan Africa,2021,out_of_school,288472.0
ZAF,South Africa,Sub-Saharan Africa,2022,out_of_school,431344.0
KOR,South Korea,Central and Southern Asia,1990,out_of_school,138672.0
KOR,South Korea,Central and Southern Asia,1991,out_of_school,106284.0
KOR,South Korea,Central and Southern Asia,1992,out_of_school,55977.0
KOR,South Korea,Central and Southern Asia,1993,out_of_school,57372.0
KOR,South Korea,Central and Southern Asia,1994,out_of_school,50771.0
KOR,South Korea,Central and Southern Asia,1995,out_of_school,50890.0
KOR,South Korea,Central and Southern Asia,1996,out_of_school,50373.0
KOR,South Korea,Central and Southern Asia,1997,out_of_school,37519.0
KOR,South Korea,Central and Southern Asia,1998,out_of_school,45759.0
KOR,South Korea,Central and Southern Asia,1999,out_of_school,51386.0
KOR,South Korea,Central and Southern Asia,2000,out_of_school,98027.0
KOR,South Korea,Central and Southern Asia,2001,out_of_school,92431.0
KOR,South Korea,Central and Southern Asia,2002,out_of_school,85209.0
KOR,South Korea,Central and Southern Asia,2003,out_of_school,50430.0
KOR,South Korea,Central and Southern Asia,2004,out_of_school,59631.0
KOR,South Korea,Central and Southern Asia,2005,out_of_school,28666.0
KOR,South Korea,Central and Southern Asia,2006,out_of_school,22143.0
KOR,South Korea,Central and Southern Asia,2007,out_of_school,9081.0
KOR,South Korea,Central and Southern Asia,2008,out_of_school,5909.0
KOR,South Korea,Central and Southern Asia,2009,out_of_school,43186.0
KOR,South Korea,Central and Southern Asia,2010,out_of_school,1882.0
KOR,South Korea,Central and Southern Asia,2011,out_of_school,30663.0
KOR,South Korea,Central and Southern Asia,2012,out_of_school,36021.0
KOR,South Korea,Central and Southern Asia,2013,out_of_school,65766.0
KOR,South Korea,Central and Southern Asia,2014,out_of_school,81037.0
KOR,South Korea,Central and Southern Asia,2015,out_of_school,4439.0
KOR,South Korea,Central and Southern Asia,2016,out_of_school,19406.0
KOR,South Korea,Central and Southern Asia,2017,out_of_school,51373.0
KOR,South Korea,Central and Southern Asia,2018,out_of_school,51348.0
KOR,South Korea,Central and Southern Asia,2019,out_of_school,25087.0
KOR,South Korea,Central and Southern Asia,2020,out_of_school,37706.0
KOR,South Korea,Central and Southern Asia,2021,out_of_school,41169.0
KOR,South Korea,Central and Southern Asia,2022,out_of_school,29809.0
SSD,South Sudan,Sub-Saharan Africa,2011,out_of_school,887775.0
SSD,South Sudan,Sub-Saharan Africa,2015,out_of_school,1154645.0
SSD,South Sudan,Sub-Saharan Africa,2024,out_of_school,1199083.0
ESP,Spain,Europe and Northern America,1990,out_of_school,9135.0
ESP,Spain,Europe and Northern America,1991,out_of_school,20861.0
ESP,Spain,Europe and Northern America,1992,out_of_school,17037.0
ESP,Spain,Europe and Northern America,1993,out_of_school,9596.0
ESP,Spain,Europe and Northern America,1994,out_of_school,6306.0
ESP,Spain,Europe and Northern America,1995,out_of_school,5943.0
ESP,Spain,Europe and Northern America,1996,out_of_school,3556.0
ESP,Spain,Europe and Northern America,1997,out_of_school,3856.0
ESP,Spain,Europe and Northern America,1999,out_of_school,2436.0
ESP,Spain,Europe and Northern America,2000,out_of_school,516.0
ESP,Spain,Europe and Northern America,2001,out_of_school,576.0
ESP,Spain,Europe and Northern America,2002,out_of_school,1002.0
ESP,Spain,Europe and Northern America,2003,out_of_school,2051.0
ESP,Spain,Europe and Northern America,2004,out_of_school,1772.0
ESP,Spain,Europe and Northern America,2005,out_of_school,3433.0
ESP,Spain,Europe and Northern America,2006,out_of_school,4285.0
ESP,Spain,Europe and Northern America,2007,out_of_school,2320.0
ESP,Spain,Europe and Northern America,2008,out_of_school,14385.0
ESP,Spain,Europe and Northern America,2009,out_of_school,23183.0
ESP,Spain,Europe and Northern America,2010,out_of_school,48223.0
ESP,Spain,Europe and Northern America,2011,out_of_school,53950.0
ESP,Spain,Europe and Northern America,2012,out_of_school,64111.0
ESP,Spain,Europe and Northern America,2013,out_of_school,71360.0
ESP,Spain,Europe and Northern America,2014,out_of_school,75432.0
ESP,Spain,Europe and Northern America,2015,out_of_school,79588.0
ESP,Spain,Europe and Northern America,2016,out_of_school,75587.0
ESP,Spain,Europe and Northern America,2017,out_of_school,68903.0
ESP,Spain,Europe and Northern America,2018,out_of_school,59102.0
ESP,Spain,Europe and Northern America,2019,out_of_school,47054.0
ESP,Spain,Europe and Northern America,2020,out_of_school,39965.0
ESP,Spain,Europe and Northern America,2021,out_of_school,40101.0
ESP,Spain,Europe and Northern America,2022,out_of_school,35604.0
ESP,Spain,Europe and Northern America,2023,out_of_school,35806.0
LKA,Sri Lanka,Central and Southern Asia,2001,out_of_school,54134.0
LKA,Sri Lanka,Central and Southern Asia,2002,out_of_school,73117.0
LKA,Sri Lanka,Central and Southern Asia,2003,out_of_school,98948.0
LKA,Sri Lanka,Central and Southern Asia,2004,out_of_school,133718.0
LKA,Sri Lanka,Central and Southern Asia,2005,out_of_school,137154.0
LKA,Sri Lanka,Central and Southern Asia,2006,out_of_school,135227.0
LKA,Sri Lanka,Central and Southern Asia,2007,out_of_school,131089.0
LKA,Sri Lanka,Central and Southern Asia,2008,out_of_school,131890.0
LKA,Sri Lanka,Central and Southern Asia,2009,out_of_school,156822.0
LKA,Sri Lanka,Central and Southern Asia,2010,out_of_school,125454.0
LKA,Sri Lanka,Central and Southern Asia,2011,out_of_school,128905.0
LKA,Sri Lanka,Central and Southern Asia,2012,out_of_school,134633.0
LKA,Sri Lanka,Central and Southern Asia,2013,out_of_school,4794.8267
LKA,Sri Lanka,Central and Southern Asia,2014,out_of_school,115948.0
LKA,Sri Lanka,Central and Southern Asia,2015,out_of_school,71920.0
LKA,Sri Lanka,Central and Southern Asia,2016,out_of_school,68933.0
LKA,Sri Lanka,Central and Southern Asia,2017,out_of_school,6060.5015
LKA,Sri Lanka,Central and Southern Asia,2018,out_of_school,3098.5103
LKA,Sri Lanka,Central and Southern Asia,2019,out_of_school,97549.0
LKA,Sri Lanka,Central and Southern Asia,2020,out_of_school,87722.0
LKA,Sri Lanka,Central and Southern Asia,2021,out_of_school,34687.195
LKA,Sri Lanka,Central and Southern Asia,2022,out_of_school,58803.0
LKA,Sri Lanka,Central and Southern Asia,2023,out_of_school,68701.0
,Sub-Saharan Africa (SDG),,2000,out_of_school,39560000.0
,Sub-Saharan Africa (SDG),,2001,out_of_school,38260000.0
,Sub-Saharan Africa (SDG),,2002,out_of_school,37160000.0
,Sub-Saharan Africa (SDG),,2003,out_of_school,36330000.0
,Sub-Saharan Africa (SDG),,2004,out_of_school,35740000.0
,Sub-Saharan Africa (SDG),,2005,out_of_school,35140000.0
,Sub-Saharan Africa (SDG),,2006,out_of_school,34720000.0
,Sub-Saharan Africa (SDG),,2007,out_of_school,34500000.0
,Sub-Saharan Africa (SDG),,2008,out_of_school,34030000.0
,Sub-Saharan Africa (SDG),,2009,out_of_school,33710000.0
,Sub-Saharan Africa (SDG),,2010,out_of_school,33530000.0
,Sub-Saharan Africa (SDG),,2011,out_of_school,33500000.0
,Sub-Saharan Africa (SDG),,2012,out_of_school,33760000.0
,Sub-Saharan Africa (SDG),,2013,out_of_school,34280000.0
,Sub-Saharan Africa (SDG),,2014,out_of_school,34920000.0
,Sub-Saharan Africa (SDG),,2015,out_of_school,35620000.0
,Sub-Saharan Africa (SDG),,2016,out_of_school,36470000.0
,Sub-Saharan Africa (SDG),,2017,out_of_school,37100000.0
,Sub-Saharan Africa (SDG),,2018,out_of_school,37410000.0
,Sub-Saharan Africa (SDG),,2019,out_of_school,37560000.0
,Sub-Saharan Africa (SDG),,2020,out_of_school,37420000.0
,Sub-Saharan Africa (SDG),,2021,out_of_school,37140000.0
,Sub-Saharan Africa (SDG),,2022,out_of_school,36620000.0
,Sub-Saharan Africa (SDG),,2023,out_of_school,36110000.0
SDN,Sudan,Sub-Saharan Africa,2011,out_of_school,2760718.0
SDN,Sudan,Sub-Saharan Africa,2012,out_of_school,3047788.0
SDN,Sudan,Sub-Saharan Africa,2013,out_of_school,3069195.0
SDN,Sudan,Sub-Saharan Africa,2014,out_of_school,3124191.0
SDN,Sudan,Sub-Saharan Africa,2015,out_of_school,3158151.0
SDN,Sudan,Sub-Saharan Africa,2016,out_of_school,3104783.0
SDN,Sudan,Sub-Saharan Africa,2017,out_of_school,3027644.0
SDN,Sudan,Sub-Saharan Africa,2018,out_of_school,2753520.0
SDN,Sudan,Sub-Saharan Africa,2019,out_of_school,3169356.0
SUR,Suriname,Latin America and the Caribbean,2005,out_of_school,11342.0
SUR,Suriname,Latin America and the Caribbean,2006,out_of_school,11666.0
SUR,Suriname,Latin America and the Caribbean,2007,out_of_school,14462.0
SUR,Suriname,Latin America and the Caribbean,2008,out_of_school,12042.0
SUR,Suriname,Latin America and the Caribbean,2009,out_of_school,10875.0
SUR,Suriname,Latin America and the Caribbean,2010,out_of_school,12154.0
SUR,Suriname,Latin America and the Caribbean,2011,out_of_school,13031.0
SUR,Suriname,Latin America and the Caribbean,2012,out_of_school,12146.0
SUR,Suriname,Latin America and the Caribbean,2013,out_of_school,11865.0
SUR,Suriname,Latin America and the Caribbean,2014,out_of_school,11709.0
SUR,Suriname,Latin America and the Caribbean,2015,out_of_school,10446.0
SUR,Suriname,Latin America and the Caribbean,2016,out_of_school,9775.0
SUR,Suriname,Latin America and the Caribbean,2017,out_of_school,12596.0
SUR,Suriname,Latin America and the Caribbean,2018,out_of_school,12650.0
SUR,Suriname,Latin America and the Caribbean,2019,out_of_school,11652.0
SUR,Suriname,Latin America and the Caribbean,2020,out_of_school,11183.0
SUR,Suriname,Latin America and the Caribbean,2021,out_of_school,14482.0
SWE,Sweden,Europe and Northern America,1990,out_of_school,5073.0
SWE,Sweden,Europe and Northern America,1991,out_of_school,5090.0
SWE,Sweden,Europe and Northern America,1992,out_of_school,3769.0
SWE,Sweden,Europe and Northern America,1993,out_of_school,2098.0
SWE,Sweden,Europe and Northern America,1994,out_of_school,501.0
SWE,Sweden,Europe and Northern America,1995,out_of_school,7197.0
SWE,Sweden,Europe and Northern America,1996,out_of_school,1046.0
SWE,Sweden,Europe and Northern America,1997,out_of_school,776.0
SWE,Sweden,Europe and Northern America,1999,out_of_school,2535.0
SWE,Sweden,Europe and Northern America,2000,out_of_school,1963.0
SWE,Sweden,Europe and Northern America,2001,out_of_school,3016.0
SWE,Sweden,Europe and Northern America,2002,out_of_school,2506.0
SWE,Sweden,Europe and Northern America,2003,out_of_school,2457.0
SWE,Sweden,Europe and Northern America,2004,out_of_school,2584.0
SWE,Sweden,Europe and Northern America,2005,out_of_school,2318.0
SWE,Sweden,Europe and Northern America,2006,out_of_school,1872.0
SWE,Sweden,Europe and Northern America,2007,out_of_school,1889.0
SWE,Sweden,Europe and Northern America,2008,out_of_school,1714.0
SWE,Sweden,Europe and Northern America,2009,out_of_school,2541.0
SWE,Sweden,Europe and Northern America,2010,out_of_school,4698.0
SWE,Sweden,Europe and Northern America,2011,out_of_school,13923.0
SWE,Sweden,Europe and Northern America,2012,out_of_school,3280.0
SWE,Sweden,Europe and Northern America,2013,out_of_school,5448.0
SWE,Sweden,Europe and Northern America,2014,out_of_school,8227.0
SWE,Sweden,Europe and Northern America,2015,out_of_school,5305.0
SWE,Sweden,Europe and Northern America,2016,out_of_school,2759.0
SWE,Sweden,Europe and Northern America,2017,out_of_school,1099.0
SWE,Sweden,Europe and Northern America,2018,out_of_school,3375.0
SWE,Sweden,Europe and Northern America,2019,out_of_school,5585.0
SWE,Sweden,Europe and Northern America,2020,out_of_school,5106.0
SWE,Sweden,Europe and Northern America,2021,out_of_school,3811.0
SWE,Sweden,Europe and Northern America,2022,out_of_school,4274.0
SWE,Sweden,Europe and Northern America,2023,out_of_school,3210.0
CHE,Switzerland,Europe and Northern America,1990,out_of_school,83376.0
CHE,Switzerland,Europe and Northern America,1991,out_of_school,82601.0
CHE,Switzerland,Europe and Northern America,1992,out_of_school,80865.0
CHE,Switzerland,Europe and Northern America,1993,out_of_school,84688.0
CHE,Switzerland,Europe and Northern America,1994,out_of_school,87429.0
CHE,Switzerland,Europe and Northern America,1995,out_of_school,55076.0
CHE,Switzerland,Europe and Northern America,1996,out_of_school,47357.0
CHE,Switzerland,Europe and Northern America,1999,out_of_school,1891.0
CHE,Switzerland,Europe and Northern America,2000,out_of_school,3123.0
CHE,Switzerland,Europe and Northern America,2001,out_of_school,3388.0
CHE,Switzerland,Europe and Northern America,2002,out_of_school,924.0
CHE,Switzerland,Europe and Northern America,2003,out_of_school,1196.0
CHE,Switzerland,Europe and Northern America,2004,out_of_school,692.0
CHE,Switzerland,Europe and Northern America,2009,out_of_school,1850.0
CHE,Switzerland,Europe and Northern America,2010,out_of_school,1684.0
CHE,Switzerland,Europe and Northern America,2011,out_of_school,4576.0
CHE,Switzerland,Europe and Northern America,2012,out_of_school,6515.0
CHE,Switzerland,Europe and Northern America,2013,out_of_school,212.0
CHE,Switzerland,Europe and Northern America,2014,out_of_school,59.0
CHE,Switzerland,Europe and Northern America,2015,out_of_school,157.0
CHE,Switzerland,Europe and Northern America,2016,out_of_school,425.0
CHE,Switzerland,Europe and Northern America,2017,out_of_school,629.0
CHE,Switzerland,Europe and Northern America,2018,out_of_school,661.0
CHE,Switzerland,Europe and Northern America,2019,out_of_school,542.0
CHE,Switzerland,Europe and Northern America,2020,out_of_school,713.0
CHE,Switzerland,Europe and Northern America,2021,out_of_school,1236.0
CHE,Switzerland,Europe and Northern America,2022,out_of_school,1399.0
CHE,Switzerland,Europe and Northern America,2023,out_of_school,252.0
SYR,Syria,Central and Southern Asia,1990,out_of_school,91684.0
SYR,Syria,Central and Southern Asia,1991,out_of_school,89882.0
SYR,Syria,Central and Southern Asia,1992,out_of_school,83813.0
SYR,Syria,Central and Southern Asia,1993,out_of_school,86060.0
SYR,Syria,Central and Southern Asia,1994,out_of_school,83729.0
SYR,Syria,Central and Southern Asia,1995,out_of_school,120972.0
SYR,Syria,Central and Southern Asia,1996,out_of_school,157810.0
SYR,Syria,Central and Southern Asia,1997,out_of_school,191754.0
SYR,Syria,Central and Southern Asia,1998,out_of_school,178614.0
SYR,Syria,Central and Southern Asia,1999,out_of_school,162342.0
SYR,Syria,Central and Southern Asia,2000,out_of_school,168654.0
SYR,Syria,Central and Southern Asia,2001,out_of_school,176435.0
SYR,Syria,Central and Southern Asia,2002,out_of_school,140102.0
SYR,Syria,Central and Southern Asia,2003,out_of_school,38629.0
SYR,Syria,Central and Southern Asia,2004,out_of_school,31222.0
SYR,Syria,Central and Southern Asia,2005,out_of_school,29470.0
SYR,Syria,Central and Southern Asia,2006,out_of_school,28358.0
SYR,Syria,Central and Southern Asia,2007,out_of_school,28099.0
SYR,Syria,Central and Southern Asia,2008,out_of_school,26050.0
SYR,Syria,Central and Southern Asia,2009,out_of_school,24386.0
SYR,Syria,Central and Southern Asia,2010,out_of_school,25346.0
SYR,Syria,Central and Southern Asia,2011,out_of_school,19969.0
SYR,Syria,Central and Southern Asia,2012,out_of_school,20365.0
SYR,Syria,Central and Southern Asia,2013,out_of_school,766899.0
SYR,Syria,Central and Southern Asia,2020,out_of_school,1118300.0
SYR,Syria,Central and Southern Asia,2021,out_of_school,1104008.0
SYR,Syria,Central and Southern Asia,2022,out_of_school,934935.0
SYR,Syria,Central and Southern Asia,2023,out_of_school,745174.0
SYR,Syria,Central and Southern Asia,2024,out_of_school,581845.0
TJK,Tajikistan,Central and Southern Asia,2000,out_of_school,48987.0
TJK,Tajikistan,Central and Southern Asia,2001,out_of_school,52853.0
TJK,Tajikistan,Central and Southern Asia,2002,out_of_school,42087.0
TJK,Tajikistan,Central and Southern Asia,2003,out_of_school,49724.0
TJK,Tajikistan,Central and Southern Asia,2004,out_of_school,47916.0
TJK,Tajikistan,Central and Southern Asia,2005,out_of_school,45867.0
TJK,Tajikistan,Central and Southern Asia,2006,out_of_school,47227.0
TJK,Tajikistan,Central and Southern Asia,2007,out_of_school,44290.0
TJK,Tajikistan,Central and Southern Asia,2008,out_of_school,35880.0
TJK,Tajikistan,Central and Southern Asia,2009,out_of_school,26767.0
TJK,Tajikistan,Central and Southern Asia,2010,out_of_school,17887.0
TJK,Tajikistan,Central and Southern Asia,2011,out_of_school,21246.0
TJK,Tajikistan,Central and Southern Asia,2012,out_of_school,51683.0
TJK,Tajikistan,Central and Southern Asia,2013,out_of_school,66195.0
TJK,Tajikistan,Central and Southern Asia,2014,out_of_school,68800.0
TJK,Tajikistan,Central and Southern Asia,2015,out_of_school,61949.0
TJK,Tajikistan,Central and Southern Asia,2016,out_of_school,50555.0
TJK,Tajikistan,Central and Southern Asia,2017,out_of_school,33418.0
TZA,Tanzania,Sub-Saharan Africa,1990,out_of_school,2572700.0
TZA,Tanzania,Sub-Saharan Africa,1991,out_of_school,2651389.0
TZA,Tanzania,Sub-Saharan Africa,1992,out_of_school,2681167.0
TZA,Tanzania,Sub-Saharan Africa,1993,out_of_school,2752223.0
TZA,Tanzania,Sub-Saharan Africa,1994,out_of_school,2857316.0
TZA,Tanzania,Sub-Saharan Africa,1995,out_of_school,2913019.0
TZA,Tanzania,Sub-Saharan Africa,1996,out_of_school,2952834.0
TZA,Tanzania,Sub-Saharan Africa,1997,out_of_school,2966147.0
TZA,Tanzania,Sub-Saharan Africa,1998,out_of_school,3043017.0
TZA,Tanzania,Sub-Saharan Africa,1999,out_of_school,3067021.0
TZA,Tanzania,Sub-Saharan Africa,2000,out_of_school,2896644.0
TZA,Tanzania,Sub-Saharan Africa,2001,out_of_school,2649023.0
TZA,Tanzania,Sub-Saharan Africa,2002,out_of_school,1706576.0
TZA,Tanzania,Sub-Saharan Africa,2003,out_of_school,1180204.0
TZA,Tanzania,Sub-Saharan Africa,2004,out_of_school,932181.0
TZA,Tanzania,Sub-Saharan Africa,2005,out_of_school,671080.0
TZA,Tanzania,Sub-Saharan Africa,2006,out_of_school,333527.0
TZA,Tanzania,Sub-Saharan Africa,2008,out_of_school,296890.0
TZA,Tanzania,Sub-Saharan Africa,2010,out_of_school,824620.0
TZA,Tanzania,Sub-Saharan Africa,2012,out_of_school,1206867.0
TZA,Tanzania,Sub-Saharan Africa,2013,out_of_school,1502952.0
TZA,Tanzania,Sub-Saharan Africa,2014,out_of_school,1370259.0
TZA,Tanzania,Sub-Saharan Africa,2015,out_of_school,1647660.0
TZA,Tanzania,Sub-Saharan Africa,2016,out_of_school,2098243.0
TZA,Tanzania,Sub-Saharan Africa,2017,out_of_school,2224318.0
TZA,Tanzania,Sub-Saharan Africa,2018,out_of_school,1802747.0
TZA,Tanzania,Sub-Saharan Africa,2019,out_of_school,1557721.0
TZA,Tanzania,Sub-Saharan Africa,2020,out_of_school,1484665.0
TZA,Tanzania,Sub-Saharan Africa,2021,out_of_school,1439150.0
TZA,Tanzania,Sub-Saharan Africa,2022,out_of_school,1513859.0
TZA,Tanzania,Sub-Saharan Africa,2023,out_of_school,1682043.0
THA,Thailand,Central and Southern Asia,2006,out_of_school,152812.0
THA,Thailand,Central and Southern Asia,2007,out_of_school,222642.0
THA,Thailand,Central and Southern Asia,2008,out_of_school,336760.0
THA,Thailand,Central and Southern Asia,2009,out_of_school,444729.0
THA,Thailand,Central and Southern Asia,2017,out_of_school,154226.92
THA,Thailand,Central and Southern Asia,2018,out_of_school,13043.622
THA,Thailand,Central and Southern Asia,2019,out_of_school,26382.059
THA,Thailand,Central and Southern Asia,2020,out_of_school,19447.627
THA,Thailand,Central and Southern Asia,2021,out_of_school,24625.494
THA,Thailand,Central and Southern Asia,2022,out_of_school,15664.313
THA,Thailand,Central and Southern Asia,2023,out_of_school,71222.62
TGO,Togo,Sub-Saharan Africa,1990,out_of_school,257544.0
TGO,Togo,Sub-Saharan Africa,1991,out_of_school,247323.0
TGO,Togo,Sub-Saharan Africa,1994,out_of_school,241014.0
TGO,Togo,Sub-Saharan Africa,1995,out_of_school,197997.0
TGO,Togo,Sub-Saharan Africa,1996,out_of_school,157400.0
TGO,Togo,Sub-Saharan Africa,1997,out_of_school,187526.0
TGO,Togo,Sub-Saharan Africa,1999,out_of_school,100851.0
TGO,Togo,Sub-Saharan Africa,2000,out_of_school,136560.0
TGO,Togo,Sub-Saharan Africa,2001,out_of_school,122543.0
TGO,Togo,Sub-Saharan Africa,2002,out_of_school,91191.0
TGO,Togo,Sub-Saharan Africa,2003,out_of_school,120868.0
TGO,Togo,Sub-Saharan Africa,2004,out_of_school,99631.0
TGO,Togo,Sub-Saharan Africa,2005,out_of_school,106644.0
TGO,Togo,Sub-Saharan Africa,2006,out_of_school,80619.0
TGO,Togo,Sub-Saharan Africa,2007,out_of_school,122094.0
TGO,Togo,Sub-Saharan Africa,2008,out_of_school,111373.0
TGO,Togo,Sub-Saharan Africa,2014,out_of_school,104716.0
TGO,Togo,Sub-Saharan Africa,2015,out_of_school,92340.0
TGO,Togo,Sub-Saharan Africa,2016,out_of_school,132201.0
TGO,Togo,Sub-Saharan Africa,2017,out_of_school,141291.0
TGO,Togo,Sub-Saharan Africa,2018,out_of_school,129389.0
TGO,Togo,Sub-Saharan Africa,2019,out_of_school,111191.0
TGO,Togo,Sub-Saharan Africa,2020,out_of_school,62267.0
TGO,Togo,Sub-Saharan Africa,2021,out_of_school,51448.0
TGO,Togo,Sub-Saharan Africa,2022,out_of_school,12640.0
TGO,Togo,Sub-Saharan Africa,2023,out_of_school,10117.0
TKL,Tokelau,Oceania,2016,out_of_school,36.0
TKL,Tokelau,Oceania,2019,out_of_school,47.0
TKL,Tokelau,Oceania,2020,out_of_school,57.0
TKL,Tokelau,Oceania,2021,out_of_school,49.0
TKL,Tokelau,Oceania,2023,out_of_school,80.0
TON,Tonga,Oceania,1990,out_of_school,2168.0
TON,Tonga,Oceania,1993,out_of_school,2183.0
TON,Tonga,Oceania,1998,out_of_school,1559.0
TON,Tonga,Oceania,1999,out_of_school,1317.0
TON,Tonga,Oceania,2004,out_of_school,59.0
TON,Tonga,Oceania,2005,out_of_school,10.0
TON,Tonga,Oceania,2012,out_of_school,477.9047
TON,Tonga,Oceania,2013,out_of_school,497.40048
TON,Tonga,Oceania,2015,out_of_school,327.0778
TON,Tonga,Oceania,2018,out_of_school,31.849628
TON,Tonga,Oceania,2019,out_of_school,4.0
TON,Tonga,Oceania,2020,out_of_school,52.4444
TON,Tonga,Oceania,2021,out_of_school,567.76276
TON,Tonga,Oceania,2022,out_of_school,354.14764
TON,Tonga,Oceania,2023,out_of_school,80.55733
TTO,Trinidad and Tobago,Europe and Northern America,1990,out_of_school,24950.0
TTO,Trinidad and Tobago,Europe and Northern America,1991,out_of_school,23979.0
TTO,Trinidad and Tobago,Europe and Northern America,1992,out_of_school,23119.0
TTO,Trinidad and Tobago,Europe and Northern America,1993,out_of_school,23798.0
TTO,Trinidad and Tobago,Europe and Northern America,1996,out_of_school,24731.0
TTO,Trinidad and Tobago,Europe and Northern America,1997,out_of_school,25404.0
TTO,Trinidad and Tobago,Europe and Northern America,1999,out_of_school,7937.0
TTO,Trinidad and Tobago,Europe and Northern America,2000,out_of_school,5615.0
TTO,Trinidad and Tobago,Europe and Northern America,2001,out_of_school,6641.0
TTO,Trinidad and Tobago,Europe and Northern America,2002,out_of_school,13978.0
TTO,Trinidad and Tobago,Europe and Northern America,2003,out_of_school,12724.0
TTO,Trinidad and Tobago,Europe and Northern America,2004,out_of_school,9271.0
TTO,Trinidad and Tobago,Europe and Northern America,2005,out_of_school,13324.0
TTO,Trinidad and Tobago,Europe and Northern America,2007,out_of_school,3561.0
TTO,Trinidad and Tobago,Europe and Northern America,2008,out_of_school,10758.0
TTO,Trinidad and Tobago,Europe and Northern America,2009,out_of_school,9345.0
TTO,Trinidad and Tobago,Europe and Northern America,2010,out_of_school,7290.0
TTO,Trinidad and Tobago,Europe and Northern America,2023,out_of_school,38105.0
TUN,Tunisia,Sub-Saharan Africa,1990,out_of_school,112070.0
TUN,Tunisia,Sub-Saharan Africa,1991,out_of_school,99101.0
TUN,Tunisia,Sub-Saharan Africa,1992,out_of_school,96941.0
TUN,Tunisia,Sub-Saharan Africa,1993,out_of_school,85962.0
TUN,Tunisia,Sub-Saharan Africa,1994,out_of_school,81984.0
TUN,Tunisia,Sub-Saharan Africa,1995,out_of_school,69275.0
TUN,Tunisia,Sub-Saharan Africa,1996,out_of_school,72205.0
TUN,Tunisia,Sub-Saharan Africa,1997,out_of_school,74590.0
TUN,Tunisia,Sub-Saharan Africa,1999,out_of_school,67255.0
TUN,Tunisia,Sub-Saharan Africa,2000,out_of_school,59388.0
TUN,Tunisia,Sub-Saharan Africa,2001,out_of_school,49030.0
TUN,Tunisia,Sub-Saharan Africa,2002,out_of_school,19874.0
TUN,Tunisia,Sub-Saharan Africa,2003,out_of_school,12425.0
TUN,Tunisia,Sub-Saharan Africa,2004,out_of_school,9771.0
TUN,Tunisia,Sub-Saharan Africa,2005,out_of_school,29999.0
TUN,Tunisia,Sub-Saharan Africa,2006,out_of_school,31849.0
TUN,Tunisia,Sub-Saharan Africa,2007,out_of_school,44071.0
TUN,Tunisia,Sub-Saharan Africa,2008,out_of_school,44137.0
TUN,Tunisia,Sub-Saharan Africa,2009,out_of_school,42108.0
TUN,Tunisia,Sub-Saharan Africa,2010,out_of_school,32984.0
TUN,Tunisia,Sub-Saharan Africa,2011,out_of_school,31732.0
TUN,Tunisia,Sub-Saharan Africa,2012,out_of_school,10657.0
TUN,Tunisia,Sub-Saharan Africa,2013,out_of_school,7758.0
TUN,Tunisia,Sub-Saharan Africa,2014,out_of_school,8848.0
TUN,Tunisia,Sub-Saharan Africa,2015,out_of_school,9461.0
TUN,Tunisia,Sub-Saharan Africa,2016,out_of_school,11230.0
TUN,Tunisia,Sub-Saharan Africa,2017,out_of_school,11816.0
TUN,Tunisia,Sub-Saharan Africa,2018,out_of_school,12473.0
TUN,Tunisia,Sub-Saharan Africa,2020,out_of_school,21552.0
TUN,Tunisia,Sub-Saharan Africa,2021,out_of_school,21414.0
TUN,Tunisia,Sub-Saharan Africa,2022,out_of_school,19936.0
TUN,Tunisia,Sub-Saharan Africa,2023,out_of_school,14015.0
TUR,Turkey,Central and Southern Asia,1990,out_of_school,515717.0
TUR,Turkey,Central and Southern Asia,1991,out_of_school,549628.0
TUR,Turkey,Central and Southern Asia,1992,out_of_school,528967.0
TUR,Turkey,Central and Southern Asia,1993,out_of_school,692938.0
TUR,Turkey,Central and Southern Asia,1994,out_of_school,777516.0
TUR,Turkey,Central and Southern Asia,1995,out_of_school,866162.0
TUR,Turkey,Central and Southern Asia,1997,out_of_school,784142.0
TUR,Turkey,Central and Southern Asia,2013,out_of_school,411.0
TUR,Turkey,Central and Southern Asia,2014,out_of_school,13915.0
TUR,Turkey,Central and Southern Asia,2015,out_of_school,67914.0
TUR,Turkey,Central and Southern Asia,2016,out_of_school,92179.0
TUR,Turkey,Central and Southern Asia,2017,out_of_school,36009.0
TUR,Turkey,Central and Southern Asia,2018,out_of_school,10494.0
TUR,Turkey,Central and Southern Asia,2019,out_of_school,10253.0
TUR,Turkey,Central and Southern Asia,2020,out_of_school,11545.0
TUR,Turkey,Central and Southern Asia,2021,out_of_school,11341.0
TUR,Turkey,Central and Southern Asia,2022,out_of_school,13955.0
TKM,Turkmenistan,Central and Southern Asia,2022,out_of_school,13628.0
TKM,Turkmenistan,Central and Southern Asia,2023,out_of_school,17294.0
TCA,Turks and Caicos Islands,Europe and Northern America,1997,out_of_school,264.0
TCA,Turks and Caicos Islands,Europe and Northern America,1999,out_of_school,169.0
TCA,Turks and Caicos Islands,Europe and Northern America,2000,out_of_school,90.0
TCA,Turks and Caicos Islands,Europe and Northern America,2002,out_of_school,86.0
TCA,Turks and Caicos Islands,Europe and Northern America,2003,out_of_school,443.0
TCA,Turks and Caicos Islands,Europe and Northern America,2004,out_of_school,263.0
TCA,Turks and Caicos Islands,Europe and Northern America,2005,out_of_school,228.0
TCA,Turks and Caicos Islands,Europe and Northern America,2009,out_of_school,102.0
TCA,Turks and Caicos Islands,Europe and Northern America,2014,out_of_school,347.0
TCA,Turks and Caicos Islands,Europe and Northern America,2015,out_of_school,245.0
TCA,Turks and Caicos Islands,Europe and Northern America,2017,out_of_school,181.44504
TCA,Turks and Caicos Islands,Europe and Northern America,2021,out_of_school,142.27304
TUV,Tuvalu,Oceania,2014,out_of_school,26.0
TUV,Tuvalu,Oceania,2015,out_of_school,21.014925
TUV,Tuvalu,Oceania,2016,out_of_school,36.0
TUV,Tuvalu,Oceania,2019,out_of_school,112.0
TUV,Tuvalu,Oceania,2020,out_of_school,55.0
TUV,Tuvalu,Oceania,2022,out_of_school,15.0
TUV,Tuvalu,Oceania,2023,out_of_school,10.0
UGA,Uganda,Sub-Saharan Africa,2009,out_of_school,358451.0
UGA,Uganda,Sub-Saharan Africa,2010,out_of_school,613078.0
UGA,Uganda,Sub-Saharan Africa,2011,out_of_school,398002.0
UGA,Uganda,Sub-Saharan Africa,2012,out_of_school,412541.0
UGA,Uganda,Sub-Saharan Africa,2013,out_of_school,310010.0
UGA,Uganda,Sub-Saharan Africa,2014,out_of_school,427831.0
UGA,Uganda,Sub-Saharan Africa,2016,out_of_school,870163.0
UGA,Uganda,Sub-Saharan Africa,2017,out_of_school,916022.0
UKR,Ukraine,Europe and Northern America,2002,out_of_school,32157.0
UKR,Ukraine,Europe and Northern America,2003,out_of_school,159674.0
UKR,Ukraine,Europe and Northern America,2004,out_of_school,152873.0
UKR,Ukraine,Europe and Northern America,2005,out_of_school,136829.0
UKR,Ukraine,Europe and Northern America,2006,out_of_school,130457.0
UKR,Ukraine,Europe and Northern America,2007,out_of_school,121256.0
UKR,Ukraine,Europe and Northern America,2008,out_of_school,118589.0
UKR,Ukraine,Europe and Northern America,2009,out_of_school,123912.0
UKR,Ukraine,Europe and Northern America,2010,out_of_school,123885.0
UKR,Ukraine,Europe and Northern America,2011,out_of_school,137366.0
UKR,Ukraine,Europe and Northern America,2012,out_of_school,160292.0
UKR,Ukraine,Europe and Northern America,2013,out_of_school,182253.0
UKR,Ukraine,Europe and Northern America,2014,out_of_school,199859.0
UKR,Ukraine,Europe and Northern America,2015,out_of_school,279279.0
UKR,Ukraine,Europe and Northern America,2016,out_of_school,297505.0
UKR,Ukraine,Europe and Northern America,2017,out_of_school,306822.0
UKR,Ukraine,Europe and Northern America,2018,out_of_school,318078.0
UKR,Ukraine,Europe and Northern America,2019,out_of_school,311587.0
UKR,Ukraine,Europe and Northern America,2020,out_of_school,309449.0
UKR,Ukraine,Europe and Northern America,2021,out_of_school,299855.0
ARE,United Arab Emirates,Central and Southern Asia,1990,out_of_school,16021.0
ARE,United Arab Emirates,Central and Southern Asia,1991,out_of_school,13380.0
ARE,United Arab Emirates,Central and Southern Asia,1992,out_of_school,18305.0
ARE,United Arab Emirates,Central and Southern Asia,1993,out_of_school,24639.0
ARE,United Arab Emirates,Central and Southern Asia,1994,out_of_school,27278.0
ARE,United Arab Emirates,Central and Southern Asia,1995,out_of_school,24200.0
ARE,United Arab Emirates,Central and Southern Asia,1996,out_of_school,31187.0
ARE,United Arab Emirates,Central and Southern Asia,1997,out_of_school,39867.0
ARE,United Arab Emirates,Central and Southern Asia,1998,out_of_school,26815.0
ARE,United Arab Emirates,Central and Southern Asia,1999,out_of_school,20698.0
ARE,United Arab Emirates,Central and Southern Asia,2000,out_of_school,16331.0
ARE,United Arab Emirates,Central and Southern Asia,2003,out_of_school,2350.0
ARE,United Arab Emirates,Central and Southern Asia,2004,out_of_school,3032.0
ARE,United Arab Emirates,Central and Southern Asia,2005,out_of_school,7370.0
ARE,United Arab Emirates,Central and Southern Asia,2006,out_of_school,20735.0
ARE,United Arab Emirates,Central and Southern Asia,2018,out_of_school,8156.0
ARE,United Arab Emirates,Central and Southern Asia,2019,out_of_school,1281.0
ARE,United Arab Emirates,Central and Southern Asia,2020,out_of_school,592.0
ARE,United Arab Emirates,Central and Southern Asia,2021,out_of_school,1433.0
ARE,United Arab Emirates,Central and Southern Asia,2022,out_of_school,5663.0
ARE,United Arab Emirates,Central and Southern Asia,2023,out_of_school,919.0
GBR,United Kingdom,Europe and Northern America,1990,out_of_school,245566.0
GBR,United Kingdom,Europe and Northern America,1991,out_of_school,290352.0
GBR,United Kingdom,Europe and Northern America,1992,out_of_school,292879.0
GBR,United Kingdom,Europe and Northern America,1998,out_of_school,11229.0
GBR,United Kingdom,Europe and Northern America,1999,out_of_school,7751.0
GBR,United Kingdom,Europe and Northern America,2000,out_of_school,2385.0
GBR,United Kingdom,Europe and Northern America,2001,out_of_school,2186.0
GBR,United Kingdom,Europe and Northern America,2002,out_of_school,1175.0
GBR,United Kingdom,Europe and Northern America,2003,out_of_school,1887.0
GBR,United Kingdom,Europe and Northern America,2004,out_of_school,25967.0
GBR,United Kingdom,Europe and Northern America,2005,out_of_school,3486.0
GBR,United Kingdom,Europe and Northern America,2006,out_of_school,44924.0
GBR,United Kingdom,Europe and Northern America,2007,out_of_school,101041.0
GBR,United Kingdom,Europe and Northern America,2008,out_of_school,16367.0
GBR,United Kingdom,Europe and Northern America,2009,out_of_school,31426.0
GBR,United Kingdom,Europe and Northern America,2010,out_of_school,23362.0
GBR,United Kingdom,Europe and Northern America,2011,out_of_school,46270.0
GBR,United Kingdom,Europe and Northern America,2012,out_of_school,82143.0
GBR,United Kingdom,Europe and Northern America,2013,out_of_school,84601.0
GBR,United Kingdom,Europe and Northern America,2014,out_of_school,75762.0
GBR,United Kingdom,Europe and Northern America,2015,out_of_school,67483.0
GBR,United Kingdom,Europe and Northern America,2016,out_of_school,60476.0
GBR,United Kingdom,Europe and Northern America,2017,out_of_school,38168.0
GBR,United Kingdom,Europe and Northern America,2018,out_of_school,16273.0
GBR,United Kingdom,Europe and Northern America,2019,out_of_school,2396.0
GBR,United Kingdom,Europe and Northern America,2020,out_of_school,1083.0
GBR,United Kingdom,Europe and Northern America,2021,out_of_school,1796.0
GBR,United Kingdom,Europe and Northern America,2022,out_of_school,4189.0
USA,United States,Europe and Northern America,2005,out_of_school,135557.0
USA,United States,Europe and Northern America,2013,out_of_school,711515.0
USA,United States,Europe and Northern America,2015,out_of_school,446256.0
USA,United States,Europe and Northern America,2016,out_of_school,88850.0
USA,United States,Europe and Northern America,2017,out_of_school,104711.0
USA,United States,Europe and Northern America,2018,out_of_school,141533.0
USA,United States,Europe and Northern America,2019,out_of_school,224977.0
USA,United States,Europe and Northern America,2020,out_of_school,489065.0
USA,United States,Europe and Northern America,2021,out_of_school,996160.0
USA,United States,Europe and Northern America,2022,out_of_school,965853.0
OWID_UMC,Upper-middle-income countries,,2000,out_of_school,10150000.0
OWID_UMC,Upper-middle-income countries,,2001,out_of_school,9835000.0
OWID_UMC,Upper-middle-income countries,,2002,out_of_school,9534000.0
OWID_UMC,Upper-middle-income countries,,2003,out_of_school,9394000.0
OWID_UMC,Upper-middle-income countries,,2004,out_of_school,10390000.0
OWID_UMC,Upper-middle-income countries,,2005,out_of_school,9764000.0
OWID_UMC,Upper-middle-income countries,,2006,out_of_school,9028000.0
OWID_UMC,Upper-middle-income countries,,2007,out_of_school,8380000.0
OWID_UMC,Upper-middle-income countries,,2008,out_of_school,7710000.0
OWID_UMC,Upper-middle-income countries,,2009,out_of_school,7108000.0
OWID_UMC,Upper-middle-income countries,,2010,out_of_school,6946000.0
OWID_UMC,Upper-middle-income countries,,2011,out_of_school,6689000.0
OWID_UMC,Upper-middle-income countries,,2012,out_of_school,6615000.0
OWID_UMC,Upper-middle-income countries,,2013,out_of_school,6698000.0
OWID_UMC,Upper-middle-income countries,,2014,out_of_school,6903000.0
OWID_UMC,Upper-middle-income countries,,2015,out_of_school,7144000.0
OWID_UMC,Upper-middle-income countries,,2016,out_of_school,7379000.0
OWID_UMC,Upper-middle-income countries,,2017,out_of_school,7673000.0
OWID_UMC,Upper-middle-income countries,,2018,out_of_school,7983000.0
OWID_UMC,Upper-middle-income countries,,2019,out_of_school,8320000.0
OWID_UMC,Upper-middle-income countries,,2020,out_of_school,8768000.0
OWID_UMC,Upper-middle-income countries,,2021,out_of_school,9289000.0
OWID_UMC,Upper-middle-income countries,,2022,out_of_school,9698000.0
OWID_UMC,Upper-middle-income countries,,2023,out_of_school,10100000.0
URY,Uruguay,Latin America and the Caribbean,1991,out_of_school,18932.0
URY,Uruguay,Latin America and the Caribbean,1992,out_of_school,13707.0
URY,Uruguay,Latin America and the Caribbean,1993,out_of_school,12309.0
URY,Uruguay,Latin America and the Caribbean,1994,out_of_school,16971.0
URY,Uruguay,Latin America and the Caribbean,1995,out_of_school,17254.0
URY,Uruguay,Latin America and the Caribbean,1996,out_of_school,18092.0
URY,Uruguay,Latin America and the Caribbean,1997,out_of_school,17005.0
URY,Uruguay,Latin America and the Caribbean,2005,out_of_school,1038.0
URY,Uruguay,Latin America and the Caribbean,2006,out_of_school,7764.0
URY,Uruguay,Latin America and the Caribbean,2007,out_of_school,15868.0
URY,Uruguay,Latin America and the Caribbean,2008,out_of_school,10759.0
URY,Uruguay,Latin America and the Caribbean,2009,out_of_school,8776.0
URY,Uruguay,Latin America and the Caribbean,2010,out_of_school,5826.0
URY,Uruguay,Latin America and the Caribbean,2011,out_of_school,3545.0
URY,Uruguay,Latin America and the Caribbean,2012,out_of_school,4267.0
URY,Uruguay,Latin America and the Caribbean,2013,out_of_school,1170.0
URY,Uruguay,Latin America and the Caribbean,2014,out_of_school,13537.0
URY,Uruguay,Latin America and the Caribbean,2015,out_of_school,1703.0
URY,Uruguay,Latin America and the Caribbean,2016,out_of_school,98.0
URY,Uruguay,Latin America and the Caribbean,2017,out_of_school,714.0
URY,Uruguay,Latin America and the Caribbean,2018,out_of_school,449.0
URY,Uruguay,Latin America and the Caribbean,2019,out_of_school,1470.0
URY,Uruguay,Latin America and the Caribbean,2020,out_of_school,1026.0
URY,Uruguay,Latin America and the Caribbean,2021,out_of_school,562.0
URY,Uruguay,Latin America and the Caribbean,2022,out_of_school,100.0
URY,Uruguay,Latin America and the Caribbean,2023,out_of_school,3180.0
UZB,Uzbekistan,Central and Southern Asia,2007,out_of_school,124903.0
UZB,Uzbekistan,Central and Southern Asia,2008,out_of_school,64669.0
UZB,Uzbekistan,Central and Southern Asia,2009,out_of_school,51681.0
UZB,Uzbekistan,Central and Southern Asia,2010,out_of_school,67860.0
UZB,Uzbekistan,Central and Southern Asia,2011,out_of_school,90668.0
UZB,Uzbekistan,Central and Southern Asia,2012,out_of_school,100061.0
UZB,Uzbekistan,Central and Southern Asia,2013,out_of_school,97381.0
UZB,Uzbekistan,Central and Southern Asia,2014,out_of_school,57099.0
UZB,Uzbekistan,Central and Southern Asia,2015,out_of_school,51623.0
UZB,Uzbekistan,Central and Southern Asia,2016,out_of_school,38752.0
UZB,Uzbekistan,Central and Southern Asia,2017,out_of_school,44956.0
UZB,Uzbekistan,Central and Southern Asia,2018,out_of_school,9453.97
UZB,Uzbekistan,Central and Southern Asia,2019,out_of_school,40438.0
UZB,Uzbekistan,Central and Southern Asia,2020,out_of_school,41919.0
UZB,Uzbekistan,Central and Southern Asia,2021,out_of_school,47074.0
UZB,Uzbekistan,Central and Southern Asia,2022,out_of_school,107838.0
UZB,Uzbekistan,Central and Southern Asia,2023,out_of_school,130836.0
UZB,Uzbekistan,Central and Southern Asia,2024,out_of_school,15823.715
VUT,Vanuatu,Oceania,1994,out_of_school,0.0
VUT,Vanuatu,Oceania,1998,out_of_school,2761.0
VUT,Vanuatu,Oceania,1999,out_of_school,2974.0
VUT,Vanuatu,Oceania,2000,out_of_school,2221.0
VUT,Vanuatu,Oceania,2001,out_of_school,1610.0
VUT,Vanuatu,Oceania,2002,out_of_school,1084.0
VUT,Vanuatu,Oceania,2003,out_of_school,1117.0
VUT,Vanuatu,Oceania,2004,out_of_school,1457.0
VUT,Vanuatu,Oceania,2005,out_of_school,265.0
VUT,Vanuatu,Oceania,2015,out_of_school,71.0
VUT,Vanuatu,Oceania,2019,out_of_school,512.0
VUT,Vanuatu,Oceania,2020,out_of_school,500.0
VUT,Vanuatu,Oceania,2021,out_of_school,66.639755
VUT,Vanuatu,Oceania,2022,out_of_school,778.0
VUT,Vanuatu,Oceania,2023,out_of_school,1406.0
VEN,Venezuela,Latin America and the Caribbean,1999,out_of_school,402408.0
VEN,Venezuela,Latin America and the Caribbean,2000,out_of_school,322595.0
VEN,Venezuela,Latin America and the Caribbean,2001,out_of_school,258699.0
VEN,Venezuela,Latin America and the Caribbean,2002,out_of_school,145600.0
VEN,Venezuela,Latin America and the Caribbean,2003,out_of_school,204037.0
VEN,Venezuela,Latin America and the Caribbean,2004,out_of_school,201634.0
VEN,Venezuela,Latin America and the Caribbean,2005,out_of_school,230561.0
VEN,Venezuela,Latin America and the Caribbean,2006,out_of_school,229888.0
VEN,Venezuela,Latin America and the Caribbean,2007,out_of_school,182697.0
VEN,Venezuela,Latin America and the Caribbean,2008,out_of_school,260411.0
VEN,Venezuela,Latin America and the Caribbean,2009,out_of_school,207294.0
VEN,Venezuela,Latin America and the Caribbean,2010,out_of_school,186450.0
VEN,Venezuela,Latin America and the Caribbean,2011,out_of_school,179893.0
VEN,Venezuela,Latin America and the Caribbean,2012,out_of_school,184166.0
VEN,Venezuela,Latin America and the Caribbean,2013,out_of_school,211041.0
VEN,Venezuela,Latin America and the Caribbean,2014,out_of_school,232348.0
VEN,Venezuela,Latin America and the Caribbean,2015,out_of_school,244753.0
VEN,Venezuela,Latin America and the Caribbean,2016,out_of_school,329927.0
VEN,Venezuela,Latin America and the Caribbean,2017,out_of_school,399691.0
VEN,Venezuela,Latin America and the Caribbean,2022,out_of_school,17440.0
VEN,Venezuela,Latin America and the Caribbean,2023,out_of_school,17643.0
VNM,Vietnam,Central and Southern Asia,1998,out_of_school,0.0
VNM,Vietnam,Central and Southern Asia,1999,out_of_school,0.0
VNM,Vietnam,Central and Southern Asia,2000,out_of_school,0.0
VNM,Vietnam,Central and Southern Asia,2001,out_of_school,0.0
VNM,Vietnam,Central and Southern Asia,2002,out_of_school,29577.0
VNM,Vietnam,Central and Southern Asia,2005,out_of_school,142159.0
VNM,Vietnam,Central and Southern Asia,2006,out_of_school,67967.0
VNM,Vietnam,Central and Southern Asia,2008,out_of_school,139588.0
VNM,Vietnam,Central and Southern Asia,2009,out_of_school,146927.0
VNM,Vietnam,Central and Southern Asia,2010,out_of_school,7645.0
VNM,Vietnam,Central and Southern Asia,2011,out_of_school,57425.0
VNM,Vietnam,Central and Southern Asia,2012,out_of_school,0.0
VNM,Vietnam,Central and Southern Asia,2013,out_of_school,0.0
VNM,Vietnam,Central and Southern Asia,2014,out_of_school,23805.854
VNM,Vietnam,Central and Southern Asia,2015,out_of_school,40536.973
VNM,Vietnam,Central and Southern Asia,2016,out_of_school,11322.156
VNM,Vietnam,Central and Southern Asia,2017,out_of_school,51872.42
VNM,Vietnam,Central and Southern Asia,2018,out_of_school,112020.86
VNM,Vietnam,Central and Southern Asia,2019,out_of_school,178013.75
VNM,Vietnam,Central and Southern Asia,2020,out_of_school,175465.16
VNM,Vietnam,Central and Southern Asia,2021,out_of_school,111762.0
VNM,Vietnam,Central and Southern Asia,2022,out_of_school,166519.4
VNM,Vietnam,Central and Southern Asia,2023,out_of_school,147000.45
OWID_WRL,World,,2000,out_of_school,123900000.0
OWID_WRL,World,,2001,out_of_school,118100000.0
OWID_WRL,World,,2002,out_of_school,112500000.0
OWID_WRL,World,,2003,out_of_school,107100000.0
OWID_WRL,World,,2004,out_of_school,104600000.0
OWID_WRL,World,,2005,out_of_school,100300000.0
OWID_WRL,World,,2006,out_of_school,96140000.0
OWID_WRL,World,,2007,out_of_school,92560000.0
OWID_WRL,World,,2008,out_of_school,88810000.0
OWID_WRL,World,,2009,out_of_school,86180000.0
OWID_WRL,World,,2010,out_of_school,83430000.0
OWID_WRL,World,,2011,out_of_school,81130000.0
OWID_WRL,World,,2012,out_of_school,79610000.0
OWID_WRL,World,,2013,out_of_school,79020000.0
OWID_WRL,World,,2014,out_of_school,78270000.0
OWID_WRL,World,,2015,out_of_school,77640000.0
OWID_WRL,World,,2016,out_of_school,76890000.0
OWID_WRL,World,,2017,out_of_school,75820000.0
OWID_WRL,World,,2018,out_of_school,74670000.0
OWID_WRL,World,,2019,out_of_school,73620000.0
OWID_WRL,World,,2020,out_of_school,72660000.0
OWID_WRL,World,,2021,out_of_school,71800000.0
OWID_WRL,World,,2022,out_of_school,71520000.0
OWID_WRL,World,,2023,out_of_school,71130000.0
YEM,Yemen,Central and Southern Asia,1999,out_of_school,1809511.0
YEM,Yemen,Central and Southern Asia,2001,out_of_school,1606437.0
YEM,Yemen,Central and Southern Asia,2003,out_of_school,1407542.0
YEM,Yemen,Central and Southern Asia,2004,out_of_school,1321351.0
YEM,Yemen,Central and Southern Asia,2005,out_of_school,1273870.0
YEM,Yemen,Central and Southern Asia,2008,out_of_school,1405218.0
YEM,Yemen,Central and Southern Asia,2010,out_of_school,1314561.0
YEM,Yemen,Central and Southern Asia,2012,out_of_school,1294592.0
YEM,Yemen,Central and Southern Asia,2013,out_of_school,1315317.0
YEM,Yemen,Central and Southern Asia,2016,out_of_school,1551489.0
ZMB,Zambia,Sub-Saharan Africa,1994,out_of_school,424207.0
ZMB,Zambia,Sub-Saharan Africa,1995,out_of_school,472672.0
ZMB,Zambia,Sub-Saharan Africa,1998,out_of_school,569412.0
ZMB,Zambia,Sub-Saharan Africa,1999,out_of_school,612379.0
ZMB,Zambia,Sub-Saharan Africa,2000,out_of_school,631488.0
ZMB,Zambia,Sub-Saharan Africa,2001,out_of_school,653063.0
ZMB,Zambia,Sub-Saharan Africa,2002,out_of_school,608632.0
ZMB,Zambia,Sub-Saharan Africa,2004,out_of_school,359221.0
ZMB,Zambia,Sub-Saharan Africa,2005,out_of_school,177787.0
ZMB,Zambia,Sub-Saharan Africa,2006,out_of_school,226714.0
ZMB,Zambia,Sub-Saharan Africa,2007,out_of_school,171316.0
ZMB,Zambia,Sub-Saharan Africa,2008,out_of_school,158908.0
ZMB,Zambia,Sub-Saharan Africa,2009,out_of_school,234997.0
ZMB,Zambia,Sub-Saharan Africa,2010,out_of_school,307592.0
ZMB,Zambia,Sub-Saharan Africa,2011,out_of_school,208858.0
ZMB,Zambia,Sub-Saharan Africa,2012,out_of_school,173742.0
ZMB,Zambia,Sub-Saharan Africa,2013,out_of_school,262540.0
ZMB,Zambia,Sub-Saharan Africa,2017,out_of_school,493015.0
ZWE,Zimbabwe,Sub-Saharan Africa,1998,out_of_school,312233.0
ZWE,Zimbabwe,Sub-Saharan Africa,1999,out_of_school,202213.0
ZWE,Zimbabwe,Sub-Saharan Africa,2000,out_of_school,116145.0
ZWE,Zimbabwe,Sub-Saharan Africa,2001,out_of_school,32075.0
ZWE,Zimbabwe,Sub-Saharan Africa,2002,out_of_school,92305.0
ZWE,Zimbabwe,Sub-Saharan Africa,2003,out_of_school,120639.0
ZWE,Zimbabwe,Sub-Saharan Africa,2012,out_of_school,238524.0
ZWE,Zimbabwe,Sub-Saharan Africa,2013,out_of_school,266943.0
ZWE,Zimbabwe,Sub-Saharan Africa,2014,out_of_school,280990.0
ZWE,Zimbabwe,Sub-Saharan Africa,2015,out_of_school,512676.0
ZWE,Zimbabwe,Sub-Saharan Africa,2016,out_of_school,491768.0
ZWE,Zimbabwe,Sub-Saharan Africa,2017,out_of_school,550316.0
ZWE,Zimbabwe,Sub-Saharan Africa,2018,out_of_school,545588.0
ZWE,Zimbabwe,Sub-Saharan Africa,2019,out_of_school,548859.0
ZWE,Zimbabwe,Sub-Saharan Africa,2020,out_of_school,518515.0
ZWE,Zimbabwe,Sub-Saharan Africa,2021,out_of_school,294539.0
ZWE,Zimbabwe,Sub-Saharan Africa,2022,out_of_school,258220.0
ZWE,Zimbabwe,Sub-Saharan Africa,2023,out_of_school,289420.0
,Central and Southern Asia,Central and Southern Asia,1990,child_marriage,16.4
,Central and Southern Asia,Central and Southern Asia,1990,out_of_school,2547936.2
,Central and Southern Asia,Central and Southern Asia,1991,child_marriage,32.85
,Central and Southern Asia,Central and Southern Asia,1991,out_of_school,984411.7272727273
,Central and Southern Asia,Central and Southern Asia,1992,child_marriage,49.2
,Central and Southern Asia,Central and Southern Asia,1992,out_of_school,889732.6875
,Central and Southern Asia,Central and Southern Asia,1993,child_marriage,29.233333333333334
,Central and Southern Asia,Central and Southern Asia,1993,out_of_school,1198779.0714285714
,Central and Southern Asia,Central and Southern Asia,1994,child_marriage,52.05
,Central and Southern Asia,Central and Southern Asia,1994,out_of_school,969523.875
,Central and Southern Asia,Central and Southern Asia,1995,child_marriage,18.5
,Central and Southern Asia,Central and Southern Asia,1995,out_of_school,1029286.8461538461
,Central and Southern Asia,Central and Southern Asia,1996,child_marriage,37.8
,Central and Southern Asia,Central and Southern Asia,1996,out_of_school,924974.0
,Central and Southern Asia,Central and Southern Asia,1997,child_marriage,32.266666666666666
,Central and Southern Asia,Central and Southern Asia,1997,out_of_school,806853.4375
,Central and Southern Asia,Central and Southern Asia,1998,child_marriage,18.8
,Central and Southern Asia,Central and Southern Asia,1998,out_of_school,173963.125
,Central and Southern Asia,Central and Southern Asia,1999,child_marriage,32.2
,Central and Southern Asia,Central and Southern Asia,1999,out_of_school,327474.88
,Central and Southern Asia,Central and Southern Asia,2000,child_marriage,29.575
,Central and Southern Asia,Central and Southern Asia,2000,out_of_school,185703.34615384616
,Central and Southern Asia,Central and Southern Asia,2001,child_marriage,56.1
,Central and Southern Asia,Central and Southern Asia,2001,out_of_school,224483.53846153847
,Central and Southern Asia,Central and Southern Asia,2002,child_marriage,11.1
,Central and Southern Asia,Central and Southern Asia,2002,out_of_school,730785.6428571428
,Central and Southern Asia,Central and Southern Asia,2003,child_marriage,18.866666666666664
,Central and Southern Asia,Central and Southern Asia,2003,out_of_school,562083.9354838709
,Central and Southern Asia,Central and Southern Asia,2004,child_marriage,68.7
,Central and Southern Asia,Central and Southern Asia,2004,out_of_school,257950.64285714287
,Central and Southern Asia,Central and Southern Asia,2005,child_marriage,14.466666666666667
,Central and Southern Asia,Central and Southern Asia,2005,out_of_school,234980.2
,Central and Southern Asia,Central and Southern Asia,2006,child_marriage,30.35
,Central and Southern Asia,Central and Southern Asia,2006,out_of_school,192540.4375
,Central and Southern Asia,Central and Southern Asia,2007,child_marriage,30.450000000000003
,Central and Southern Asia,Central and Southern Asia,2007,out_of_school,210579.3
,Central and Southern Asia,Central and Southern Asia,2008,child_marriage,14.1
,Central and Southern Asia,Central and Southern Asia,2008,out_of_school,266121.625
,Central and Southern Asia,Central and Southern Asia,2009,child_marriage,7.05
,Central and Southern Asia,Central and Southern Asia,2009,out_of_school,243417.34375
,Central and Southern Asia,Central and Southern Asia,2010,child_marriage,17.4
,Central and Southern Asia,Central and Southern Asia,2010,out_of_school,202474.4
,Central and Southern Asia,Central and Southern Asia,2011,child_marriage,38.86666666666667
,Central and Southern Asia,Central and Southern Asia,2011,out_of_school,107037.07061764706
,Central and Southern Asia,Central and Southern Asia,2012,child_marriage,9.8
,Central and Southern Asia,Central and Southern Asia,2012,out_of_school,122815.12225857143
,Central and Southern Asia,Central and Southern Asia,2013,child_marriage,20.65
,Central and Southern Asia,Central and Southern Asia,2013,out_of_school,121146.19094611109
,Central and Southern Asia,Central and Southern Asia,2014,child_labor,19.2
,Central and Southern Asia,Central and Southern Asia,2014,child_marriage,27.03333333333333
,Central and Southern Asia,Central and Southern Asia,2014,out_of_school,117003.76701
,Central and Southern Asia,Central and Southern Asia,2015,child_labor,4.5
,Central and Southern Asia,Central and Southern Asia,2015,child_marriage,20.9
,Central and Southern Asia,Central and Southern Asia,2015,out_of_school,88607.63266264705
,Central and Southern Asia,Central and Southern Asia,2016,child_labor,0.7666666666666666
,Central and Southern Asia,Central and Southern Asia,2016,child_marriage,16.685714285714287
,Central and Southern Asia,Central and Southern Asia,2016,out_of_school,298027.0653710526
,Central and Southern Asia,Central and Southern Asia,2017,child_labor,4.0
,Central and Southern Asia,Central and Southern Asia,2017,child_marriage,11.814285714285715
,Central and Southern Asia,Central and Southern Asia,2017,out_of_school,331304.9300263158
,Central and Southern Asia,Central and Southern Asia,2018,child_labor,3.1
,Central and Southern Asia,Central and Southern Asia,2018,child_marriage,21.037499999999998
,Central and Southern Asia,Central and Southern Asia,2018,out_of_school,360184.4194702778
,Central and Southern Asia,Central and Southern Asia,2019,child_marriage,28.75
,Central and Southern Asia,Central and Southern Asia,2019,out_of_school,345088.0923485714
,Central and Southern Asia,Central and Southern Asia,2020,child_labor,6.3
,Central and Southern Asia,Central and Southern Asia,2020,child_marriage,8.1
,Central and Southern Asia,Central and Southern Asia,2020,out_of_school,263317.1468843243
,Central and Southern Asia,Central and Southern Asia,2021,child_labor,5.933333333333334
,Central and Southern Asia,Central and Southern Asia,2021,child_marriage,18.45
,Central and Southern Asia,Central and Southern Asia,2021,out_of_school,468004.61499166663
,Central and Southern Asia,Central and Southern Asia,2022,child_labor,7.9
,Central and Southern Asia,Central and Southern Asia,2022,child_marriage,16.52
,Central and Southern Asia,Central and Southern Asia,2022,out_of_school,369222.90606325
,Central and Southern Asia,Central and Southern Asia,2023,child_labor,10.371428571428572
,Central and Southern Asia,Central and Southern Asia,2023,child_marriage,19.46666666666667
,Central and Southern Asia,Central and Southern Asia,2023,out_of_school,252999.78019999998
,Central and Southern Asia,Central and Southern Asia,2024,out_of_school,123283.838125
,Europe and Northern America,Europe and Northern America,1990,out_of_school,46398.28
,Europe and Northern America,Europe and Northern America,1991,child_marriage,30.2
,Europe and Northern America,Europe and Northern America,1991,out_of_school,52939.958333333336
,Europe and Northern America,Europe and Northern America,1992,out_of_school,44803.208333333336
,Europe and Northern America,Europe and Northern America,1993,out_of_school,50042.333333333336
,Europe and Northern America,Europe and Northern America,1994,out_of_school,40000.08
,Europe and Northern America,Europe and Northern America,1995,child_marriage,31.200000000000003
,Europe and Northern America,Europe and Northern America,1995,out_of_school,49292.30434782609
,Europe and Northern America,Europe and Northern America,1996,child_marriage,37.6
,Europe and Northern America,Europe and Northern America,1996,out_of_school,42770.666666666664
,Europe and Northern America,Europe and Northern America,1997,out_of_school,85445.33333333333
,Europe and Northern America,Europe and Northern America,1998,child_marriage,50.3
,Europe and Northern America,Europe and Northern America,1998,out_of_school,39017.0
,Europe and Northern America,Europe and Northern America,1999,child_marriage,32.65
,Europe and Northern America,Europe and Northern America,1999,out_of_school,22108.833333333332
,Europe and Northern America,Europe and Northern America,2000,child_marriage,24.1
,Europe and Northern America,Europe and Northern America,2000,out_of_school,24562.895833333332
,Europe and Northern America,Europe and Northern America,2001,child_marriage,43.3
,Europe and Northern America,Europe and Northern America,2001,out_of_school,18394.422222222223
,Europe and Northern America,Europe and Northern America,2002,child_marriage,41.2
,Europe and Northern America,Europe and Northern America,2002,out_of_school,19059.702127659573
,Europe and Northern America,Europe and Northern America,2003,out_of_school,19089.574468085106
,Europe and Northern America,Europe and Northern America,2004,out_of_school,21748.78431372549
,Europe and Northern America,Europe and Northern America,2005,child_marriage,18.9
,Europe and Northern America,Europe and Northern America,2005,out_of_school,19832.703703703704
,Europe and Northern America,Europe and Northern America,2006,child_marriage,34.349999999999994
,Europe and Northern America,Europe and Northern America,2006,out_of_school,19060.891304347828
,Europe and Northern America,Europe and Northern America,2007,child_marriage,24.75
,Europe and Northern America,Europe and Northern America,2007,out_of_school,17673.352941176472
,Europe and Northern America,Europe and Northern America,2008,out_of_school,16481.803921568626
,Europe and Northern America,Europe and Northern America,2009,child_marriage,9.6
,Europe and Northern America,Europe and Northern America,2009,out_of_school,15004.673469387755
,Europe and Northern America,Europe and Northern America,2010,out_of_school,16263.038461538461
,Europe and Northern America,Europe and Northern America,2011,child_marriage,7.9
,Europe and Northern America,Europe and Northern America,2011,out_of_school,17010.35185185185
,Europe and Northern America,Europe and Northern America,2012,child_marriage,20.5375
,Europe and Northern America,Europe and Northern America,2012,out_of_school,20930.872727272726
,Europe and Northern America,Europe and Northern America,2013,child_labor,2.2
,Europe and Northern America,Europe and Northern America,2013,child_marriage,31.45
,Europe and Northern America,Europe and Northern America,2013,out_of_school,38608.01025175472
,Europe and Northern America,Europe and Northern America,2014,out_of_school,26006.977269166666
,Europe and Northern America,Europe and Northern America,2015,child_marriage,29.5
,Europe and Northern America,Europe and Northern America,2015,out_of_school,34491.10827788136
,Europe and Northern America,Europe and Northern America,2016,child_marriage,33.5
,Europe and Northern America,Europe and Northern America,2016,out_of_school,30790.69362446429
,Europe and Northern America,Europe and Northern America,2017,child_marriage,7.5
,Europe and Northern America,Europe and Northern America,2017,out_of_school,31779.194497288132
,Europe and Northern America,Europe and Northern America,2018,child_labor,5.55
,Europe and Northern America,Europe and Northern America,2018,child_marriage,13.85
,Europe and Northern America,Europe and Northern America,2018,out_of_school,30618.60012975862
,Europe and Northern America,Europe and Northern America,2019,child_labor,4.65
,Europe and Northern America,Europe and Northern America,2019,child_marriage,18.766666666666666
,Europe and Northern America,Europe and Northern America,2019,out_of_school,31752.737252068968
,Europe and Northern America,Europe and Northern America,2020,child_labor,4.1
,Europe and Northern America,Europe and Northern America,2020,child_marriage,11.700000000000001
,Europe and Northern America,Europe and Northern America,2020,out_of_school,35064.64406779661
,Europe and Northern America,Europe and Northern America,2021,child_marriage,6.824999999999999
,Europe and Northern America,Europe and Northern America,2021,out_of_school,45750.42400096272
,Europe and Northern America,Europe and Northern America,2022,child_labor,3.6999999999999997
,Europe and Northern America,Europe and Northern America,2022,child_marriage,1.4666666666666668
,Europe and Northern America,Europe and Northern America,2022,out_of_school,43455.95622895636
,Europe and Northern America,Europe and Northern America,2023,child_labor,7.9
,Europe and Northern America,Europe and Northern America,2023,out_of_school,29444.568963913043
,Europe and Northern America,Europe and Northern America,2024,out_of_school,24653.0
,Latin America and the Caribbean,Latin America and the Caribbean,1990,child_marriage,23.1
,Latin America and the Caribbean,Latin America and the Caribbean,1990,out_of_school,3292.0
,Latin America and the Caribbean,Latin America and the Caribbean,1991,out_of_school,251263.6
,Latin America and the Caribbean,Latin America and the Caribbean,1992,child_marriage,17.7
,Latin America and the Caribbean,Latin America and the Caribbean,1992,out_of_school,198550.5
,Latin America and the Caribbean,Latin America and the Caribbean,1993,out_of_school,210762.0
,Latin America and the Caribbean,Latin America and the Caribbean,1994,child_marriage,24.9
,Latin America and the Caribbean,Latin America and the Caribbean,1994,out_of_school,219905.75
,Latin America and the Caribbean,Latin America and the Caribbean,1995,child_marriage,25.6
,Latin America and the Caribbean,Latin America and the Caribbean,1995,out_of_school,184867.7142857143
,Latin America and the Caribbean,Latin America and the Caribbean,1996,child_marriage,22.5
,Latin America and the Caribbean,Latin America and the Caribbean,1996,out_of_school,154170.85714285713
,Latin America and the Caribbean,Latin America and the Caribbean,1997,out_of_school,174603.25
,Latin America and the Caribbean,Latin America and the Caribbean,1998,child_marriage,21.2
,Latin America and the Caribbean,Latin America and the Caribbean,1998,out_of_school,48080.2
,Latin America and the Caribbean,Latin America and the Caribbean,1999,out_of_school,124870.25
,Latin America and the Caribbean,Latin America and the Caribbean,2000,child_marriage,20.049999999999997
,Latin America and the Caribbean,Latin America and the Caribbean,2000,out_of_school,75081.85714285714
,Latin America and the Caribbean,Latin America and the Caribbean,2001,out_of_school,60291.71428571428
,Latin America and the Caribbean,Latin America and the Caribbean,2002,out_of_school,37899.142857142855
,Latin America and the Caribbean,Latin America and the Caribbean,2003,child_marriage,25.8
,Latin America and the Caribbean,Latin America and the Caribbean,2003,out_of_school,54285.71428571428
,Latin America and the Caribbean,Latin America and the Caribbean,2004,out_of_school,41716.0
,Latin America and the Caribbean,Latin America and the Caribbean,2005,child_marriage,25.65
,Latin America and the Caribbean,Latin America and the Caribbean,2005,out_of_school,41201.88888888889
,Latin America and the Caribbean,Latin America and the Caribbean,2006,child_marriage,21.85
,Latin America and the Caribbean,Latin America and the Caribbean,2006,out_of_school,40020.88888888889
,Latin America and the Caribbean,Latin America and the Caribbean,2007,out_of_school,35362.3
,Latin America and the Caribbean,Latin America and the Caribbean,2008,child_marriage,19.6
,Latin America and the Caribbean,Latin America and the Caribbean,2008,out_of_school,41212.0
,Latin America and the Caribbean,Latin America and the Caribbean,2009,child_marriage,21.0
,Latin America and the Caribbean,Latin America and the Caribbean,2009,out_of_school,37131.63636363636
,Latin America and the Caribbean,Latin America and the Caribbean,2010,child_labor,3.7
,Latin America and the Caribbean,Latin America and the Caribbean,2010,child_marriage,21.55
,Latin America and the Caribbean,Latin America and the Caribbean,2010,out_of_school,33564.27272727273
,Latin America and the Caribbean,Latin America and the Caribbean,2011,child_marriage,18.8
,Latin America and the Caribbean,Latin America and the Caribbean,2011,out_of_school,36591.0
,Latin America and the Caribbean,Latin America and the Caribbean,2012,child_marriage,19.1
,Latin America and the Caribbean,Latin America and the Caribbean,2012,out_of_school,127639.54545454546
,Latin America and the Caribbean,Latin America and the Caribbean,2013,child_marriage,24.6
,Latin America and the Caribbean,Latin America and the Caribbean,2013,out_of_school,134594.75
,Latin America and the Caribbean,Latin America and the Caribbean,2014,out_of_school,138874.625
,Latin America and the Caribbean,Latin America and the Caribbean,2015,child_marriage,23.4
,Latin America and the Caribbean,Latin America and the Caribbean,2015,out_of_school,148006.0
,Latin America and the Caribbean,Latin America and the Caribbean,2016,child_marriage,20.65
,Latin America and the Caribbean,Latin America and the Caribbean,2016,out_of_school,136951.0
,Latin America and the Caribbean,Latin America and the Caribbean,2017,child_labor,1.8
,Latin America and the Caribbean,Latin America and the Caribbean,2017,out_of_school,142357.6
,Latin America and the Caribbean,Latin America and the Caribbean,2018,child_labor,3.4
,Latin America and the Caribbean,Latin America and the Caribbean,2018,child_marriage,29.1
,Latin America and the Caribbean,Latin America and the Caribbean,2018,out_of_school,121903.33333333333
,Latin America and the Caribbean,Latin America and the Caribbean,2019,out_of_school,110536.88888888889
,Latin America and the Caribbean,Latin America and the Caribbean,2020,child_labor,4.9
,Latin America and the Caribbean,Latin America and the Caribbean,2020,child_marriage,20.633333333333333
,Latin America and the Caribbean,Latin America and the Caribbean,2020,out_of_school,118969.5
,Latin America and the Caribbean,Latin America and the Caribbean,2021,child_labor,16.2
,Latin America and the Caribbean,Latin America and the Caribbean,2021,out_of_school,132836.1
,Latin America and the Caribbean,Latin America and the Caribbean,2022,child_labor,2.066666666666667
,Latin America and the Caribbean,Latin America and the Caribbean,2022,out_of_school,124270.33333333333
,Latin America and the Caribbean,Latin America and the Caribbean,2023,child_labor,4.1
,Latin America and the Caribbean,Latin America and the Caribbean,2023,out_of_school,43236.57142857143
,Oceania,Oceania,1990,out_of_school,8770.2
,Oceania,Oceania,1991,out_of_school,11998.5
,Oceania,Oceania,1992,out_of_school,15536.75
,Oceania,Oceania,1993,out_of_school,13880.25
,Oceania,Oceania,1994,out_of_school,11285.166666666666
,Oceania,Oceania,1995,out_of_school,21011.2
,Oceania,Oceania,1996,out_of_school,20872.4
,Oceania,Oceania,1997,out_of_school,21711.8
,Oceania,Oceania,1998,out_of_school,17601.666666666668
,Oceania,Oceania,1999,out_of_school,17935.833333333332
,Oceania,Oceania,2000,out_of_school,16472.666666666668
,Oceania,Oceania,2001,out_of_school,4059.0
,Oceania,Oceania,2002,out_of_school,3358.75
,Oceania,Oceania,2003,out_of_school,12193.666666666666
,Oceania,Oceania,2004,out_of_school,7156.0
,Oceania,Oceania,2005,out_of_school,7763.25
,Oceania,Oceania,2006,out_of_school,11795.666666666666
,Oceania,Oceania,2007,child_marriage,26.55
,Oceania,Oceania,2007,out_of_school,5797.333333333333
,Oceania,Oceania,2008,out_of_school,9322.5
,Oceania,Oceania,2009,out_of_school,6570.333333333333
,Oceania,Oceania,2010,out_of_school,2101.1233706666667
,Oceania,Oceania,2011,out_of_school,12943.24992
,Oceania,Oceania,2012,out_of_school,9582.429454333333
,Oceania,Oceania,2013,child_marriage,21.4
,Oceania,Oceania,2013,out_of_school,2502.485782857143
,Oceania,Oceania,2014,out_of_school,1540.06922275
,Oceania,Oceania,2015,child_marriage,21.3
,Oceania,Oceania,2015,out_of_school,1339.3768326923077
,Oceania,Oceania,2016,out_of_school,10840.483131946152
,Oceania,Oceania,2017,out_of_school,5541.8965692500005
,Oceania,Oceania,2018,child_marriage,27.3
,Oceania,Oceania,2018,out_of_school,4393.5018035
,Oceania,Oceania,2019,child_labor,16.5
,Oceania,Oceania,2019,child_marriage,14.25
,Oceania,Oceania,2019,out_of_school,2085.5
,Oceania,Oceania,2020,child_labor,3.7
,Oceania,Oceania,2020,child_marriage,4.6000000000000005
,Oceania,Oceania,2020,out_of_school,3988.727653142857
,Oceania,Oceania,2021,child_labor,15.6
,Oceania,Oceania,2021,child_marriage,4.0
,Oceania,Oceania,2021,out_of_school,1759.9464113999998
,Oceania,Oceania,2022,child_labor,6.9
,Oceania,Oceania,2022,out_of_school,1996.19524
,Oceania,Oceania,2023,child_labor,13.7
,Oceania,Oceania,2023,out_of_school,5030.3797775
,Oceania,Oceania,2024,out_of_school,3299.0
,Sub-Saharan Africa,Sub-Saharan Africa,1990,child_marriage,39.4
,Sub-Saharan Africa,Sub-Saharan Africa,1990,out_of_school,502721.2380952381
,Sub-Saharan Africa,Sub-Saharan Africa,1991,child_marriage,57.7
,Sub-Saharan Africa,Sub-Saharan Africa,1991,out_of_school,821286.3333333334
,Sub-Saharan Africa,Sub-Saharan Africa,1992,child_marriage,36.27777777777778
,Sub-Saharan Africa,Sub-Saharan Africa,1992,out_of_school,823615.5294117647
,Sub-Saharan Africa,Sub-Saharan Africa,1993,child_marriage,43.775000000000006
,Sub-Saharan Africa,Sub-Saharan Africa,1993,out_of_school,766268.2
,Sub-Saharan Africa,Sub-Saharan Africa,1994,child_marriage,37.25
,Sub-Saharan Africa,Sub-Saharan Africa,1994,out_of_school,858151.5769230769
,Sub-Saharan Africa,Sub-Saharan Africa,1995,child_marriage,48.025
,Sub-Saharan Africa,Sub-Saharan Africa,1995,out_of_school,987311.3333333334
,Sub-Saharan Africa,Sub-Saharan Africa,1996,child_marriage,44.14
,Sub-Saharan Africa,Sub-Saharan Africa,1996,out_of_school,837743.55
,Sub-Saharan Africa,Sub-Saharan Africa,1997,child_marriage,51.125
,Sub-Saharan Africa,Sub-Saharan Africa,1997,out_of_school,733729.1333333333
,Sub-Saharan Africa,Sub-Saharan Africa,1998,child_marriage,36.416666666666664
,Sub-Saharan Africa,Sub-Saharan Africa,1998,out_of_school,972379.6818181818
,Sub-Saharan Africa,Sub-Saharan Africa,1999,child_marriage,45.6
,Sub-Saharan Africa,Sub-Saharan Africa,1999,out_of_school,1215304.6857142858
,Sub-Saharan Africa,Sub-Saharan Africa,2000,child_marriage,29.733333333333334
,Sub-Saharan Africa,Sub-Saharan Africa,2000,out_of_school,1056595.5151515151
,Sub-Saharan Africa,Sub-Saharan Africa,2001,child_marriage,48.300000000000004
,Sub-Saharan Africa,Sub-Saharan Africa,2001,out_of_school,849599.0
,Sub-Saharan Africa,Sub-Saharan Africa,2002,child_marriage,44.55
,Sub-Saharan Africa,Sub-Saharan Africa,2002,out_of_school,773771.0
,Sub-Saharan Africa,Sub-Saharan Africa,2003,child_marriage,37.016666666666666
,Sub-Saharan Africa,Sub-Saharan Africa,2003,out_of_school,689449.303030303
,Sub-Saharan Africa,Sub-Saharan Africa,2004,child_marriage,40.15714285714286
,Sub-Saharan Africa,Sub-Saharan Africa,2004,out_of_school,905023.2
,Sub-Saharan Africa,Sub-Saharan Africa,2005,child_marriage,37.666666666666664
,Sub-Saharan Africa,Sub-Saharan Africa,2005,out_of_school,851693.8125
,Sub-Saharan Africa,Sub-Saharan Africa,2006,child_marriage,50.78333333333333
,Sub-Saharan Africa,Sub-Saharan Africa,2006,out_of_school,849340.5333333333
,Sub-Saharan Africa,Sub-Saharan Africa,2007,child_marriage,26.96
,Sub-Saharan Africa,Sub-Saharan Africa,2007,out_of_school,762352.4137931034
,Sub-Saharan Africa,Sub-Saharan Africa,2008,child_marriage,33.260000000000005
,Sub-Saharan Africa,Sub-Saharan Africa,2008,out_of_school,694434.6875
,Sub-Saharan Africa,Sub-Saharan Africa,2009,child_marriage,36.21666666666667
,Sub-Saharan Africa,Sub-Saharan Africa,2009,out_of_school,793524.8484848485
,Sub-Saharan Africa,Sub-Saharan Africa,2010,child_marriage,36.971428571428575
,Sub-Saharan Africa,Sub-Saharan Africa,2010,out_of_school,1002588.4375
,Sub-Saharan Africa,Sub-Saharan Africa,2011,child_marriage,37.199999999999996
,Sub-Saharan Africa,Sub-Saharan Africa,2011,out_of_school,784513.1446470589
,Sub-Saharan Africa,Sub-Saharan Africa,2012,child_marriage,38.7875
,Sub-Saharan Africa,Sub-Saharan Africa,2012,out_of_school,745377.9734166667
,Sub-Saharan Africa,Sub-Saharan Africa,2013,child_marriage,34.9
,Sub-Saharan Africa,Sub-Saharan Africa,2013,out_of_school,431828.3489
,Sub-Saharan Africa,Sub-Saharan Africa,2014,child_labor,33.4
,Sub-Saharan Africa,Sub-Saharan Africa,2014,child_marriage,26.144444444444442
,Sub-Saharan Africa,Sub-Saharan Africa,2014,out_of_school,562957.2428125
,Sub-Saharan Africa,Sub-Saharan Africa,2015,child_labor,10.8
,Sub-Saharan Africa,Sub-Saharan Africa,2015,child_marriage,38.371428571428574
,Sub-Saharan Africa,Sub-Saharan Africa,2015,out_of_school,581738.6118290322
,Sub-Saharan Africa,Sub-Saharan Africa,2016,child_labor,14.6
,Sub-Saharan Africa,Sub-Saharan Africa,2016,child_marriage,30.32857142857143
,Sub-Saharan Africa,Sub-Saharan Africa,2016,out_of_school,532878.2731862069
,Sub-Saharan Africa,Sub-Saharan Africa,2017,child_labor,21.0
,Sub-Saharan Africa,Sub-Saharan Africa,2017,child_marriage,24.2
,Sub-Saharan Africa,Sub-Saharan Africa,2017,out_of_school,786232.5255277777
,Sub-Saharan Africa,Sub-Saharan Africa,2018,child_labor,8.2
,Sub-Saharan Africa,Sub-Saharan Africa,2018,child_marriage,27.3
,Sub-Saharan Africa,Sub-Saharan Africa,2018,out_of_school,442935.2372903226
,Sub-Saharan Africa,Sub-Saharan Africa,2019,child_labor,14.433333333333332
,Sub-Saharan Africa,Sub-Saharan Africa,2019,child_marriage,31.04444444444444
,Sub-Saharan Africa,Sub-Saharan Africa,2019,out_of_school,473827.81552258064
,Sub-Saharan Africa,Sub-Saharan Africa,2020,child_labor,26.880000000000003
,Sub-Saharan Africa,Sub-Saharan Africa,2020,child_marriage,22.8
,Sub-Saharan Africa,Sub-Saharan Africa,2020,out_of_school,344277.89290000004
,Sub-Saharan Africa,Sub-Saharan Africa,2021,child_labor,16.7
,Sub-Saharan Africa,Sub-Saharan Africa,2021,child_marriage,28.400000000000002
,Sub-Saharan Africa,Sub-Saharan Africa,2021,out_of_school,519452.62588214286
,Sub-Saharan Africa,Sub-Saharan Africa,2022,child_labor,17.42
,Sub-Saharan Africa,Sub-Saharan Africa,2022,child_marriage,17.966666666666665
,Sub-Saharan Africa,Sub-Saharan Africa,2022,out_of_school,620278.6482727273
,Sub-Saharan Africa,Sub-Saharan Africa,2023,child_labor,8.433333333333334
,Sub-Saharan Africa,Sub-Saharan Africa,2023,child_marriage,48.4
,Sub-Saharan Africa,Sub-Saharan Africa,2023,out_of_school,647757.9891608696
,Sub-Saharan Africa,Sub-Saharan Africa,2024,out_of_school,468060.24
