code,country,continent,year,value
ABW,Aruba,North America,2000,21.80771064758301
ABW,Aruba,North America,2001,21.32317924499512
ABW,Aruba,North America,2002,19.75715065002441
ABW,Aruba,North America,2004,14.90291023254395
ABW,Aruba,North America,2005,18.88828086853027
ABW,Aruba,North America,2007,20.79264068603516
ABW,Aruba,North America,2008,19.02882957458496
ABW,Aruba,North America,2009,21.56355094909668
ABW,Aruba,North America,2010,22.17678070068359
ABW,Aruba,North America,2011,21.75053977966309
ABW,Aruba,North America,2012,20.63408088684082
ABW,Aruba,North America,2013,21.87763023376465
ABW,Aruba,North America,2014,19.61797904968262
ABW,Aruba,North America,2015,23.20137977600098
ABW,Aruba,North America,2016,21.85375022888184
ABW,Aruba,North America,2017,18.52140849515657
ABW,Aruba,North America,2018,20.12344033946892
ABW,Aruba,North America,2019,19.40142706009356
ABW,Aruba,North America,2021,10.95644296081246
AFG,"Afghanistan, Islamic Republic of",Asia,2000,0.0
AFG,"Afghanistan, Islamic Republic of",Asia,2001,0.0
AFG,"Afghanistan, Islamic Republic of",Asia,2010,17.07712936401367
AFG,"Afghanistan, Islamic Republic of",Asia,2011,16.04842948913574
AFG,"Afghanistan, Islamic Republic of",Asia,2012,10.3568000793457
AFG,"Afghanistan, Islamic Republic of",Asia,2013,14.1028003692627
AFG,"Afghanistan, Islamic Republic of",Asia,2014,14.46592998504639
AFG,"Afghanistan, Islamic Republic of",Asia,2015,12.50899982452393
AFG,"Afghanistan, Islamic Republic of",Asia,2016,16.21170043945313
AFG,"Afghanistan, Islamic Republic of",Asia,2017,15.66137981414795
AGO,"Angola, Republic of",Africa,2000,5.255080223083496
AGO,"Angola, Republic of",Africa,2005,7.992350101470947
AGO,"Angola, Republic of",Africa,2006,7.454790115356445
AGO,"Angola, Republic of",Africa,2010,8.684769630432129
AGO,"Angola, Republic of",Africa,2012,8.370432445245541
AGO,"Angola, Republic of",Africa,2013,8.826970611277849
AGO,"Angola, Republic of",Africa,2015,8.918776535199198
AGO,"Angola, Republic of",Africa,2016,6.550974048507172
AGO,"Angola, Republic of",Africa,2017,6.763776862139573
AGO,"Angola, Republic of",Africa,2018,5.777524545665425
AGO,"Angola, Republic of",Africa,2019,6.045355647235148
AGO,"Angola, Republic of",Africa,2020,5.294735722737711
AGO,"Angola, Republic of",Africa,2021,6.919610063027055
AGO,"Angola, Republic of",Africa,2022,6.640472120780773
AGO,"Angola, Republic of",Africa,2023,7.738962509912019
AGO,"Angola, Republic of",Africa,2024,6.36976605603197
AGO,"Angola, Republic of",Africa,2025,6.524646543748751
AIA,Anguilla,North America,2013,12.04232749356389
AIA,Anguilla,North America,2014,11.60092064586532
AIA,Anguilla,North America,2015,12.54403384916802
AIA,Anguilla,North America,2016,11.97237149643151
AIA,Anguilla,North America,2017,11.59026985581959
AIA,Anguilla,North America,2018,9.108467654682055
AIA,Anguilla,North America,2019,11.11986072965301
AIA,Anguilla,North America,2020,10.67566828407773
AIA,Anguilla,North America,2021,11.04676370718868
AIA,Anguilla,North America,2022,13.35959095412863
AIA,Anguilla,North America,2023,12.97385720863458
AIA,Anguilla,North America,2024,10.2872343982428
ALB,"Albania, Republic of",Europe,2000,10.13702964782715
ALB,"Albania, Republic of",Europe,2001,10.58193016052246
ALB,"Albania, Republic of",Europe,2002,9.886919975280762
ALB,"Albania, Republic of",Europe,2003,10.57359981536865
ALB,"Albania, Republic of",Europe,2004,10.70316028594971
ALB,"Albania, Republic of",Europe,2005,11.35797023773193
ALB,"Albania, Republic of",Europe,2006,10.93295001983643
ALB,"Albania, Republic of",Europe,2007,11.17718982696533
ALB,"Albania, Republic of",Europe,2011,10.96722347168107
ALB,"Albania, Republic of",Europe,2012,11.50985671468504
ALB,"Albania, Republic of",Europe,2013,12.12390995025635
ALB,"Albania, Republic of",Europe,2014,10.91816811673631
ALB,"Albania, Republic of",Europe,2015,11.17755031585693
ALB,"Albania, Republic of",Europe,2016,13.59696006774902
ALB,"Albania, Republic of",Europe,2017,12.38521003723145
ALB,"Albania, Republic of",Europe,2018,10.88173224365852
ALB,"Albania, Republic of",Europe,2019,13.43340015411377
ALB,"Albania, Republic of",Europe,2020,10.26743030548096
ALB,"Albania, Republic of",Europe,2021,9.40900993347168
ALB,"Albania, Republic of",Europe,2022,9.014089584350586
ALB,"Albania, Republic of",Europe,2023,10.85657978057861
AND,"Andorra, Principality of",Europe,2012,9.84161391329076
AND,"Andorra, Principality of",Europe,2013,6.195529937744141
AND,"Andorra, Principality of",Europe,2014,13.31521034240723
AND,"Andorra, Principality of",Europe,2015,10.44281005859375
AND,"Andorra, Principality of",Europe,2016,9.99098014831543
AND,"Andorra, Principality of",Europe,2017,9.39243984222412
AND,"Andorra, Principality of",Europe,2018,13.4619197845459
AND,"Andorra, Principality of",Europe,2019,10.89523983001709
AND,"Andorra, Principality of",Europe,2020,8.991869225938949
AND,"Andorra, Principality of",Europe,2021,10.26473536638295
AND,"Andorra, Principality of",Europe,2022,6.961249828338623
AND,"Andorra, Principality of",Europe,2023,12.76951536894096
AND,"Andorra, Principality of",Europe,2024,12.00451540811257
AND,"Andorra, Principality of",Europe,2025,12.12907962336176
ARE,United Arab Emirates,Asia,2019,13.56886959075928
ARE,United Arab Emirates,Asia,2020,12.79823017120361
ARE,United Arab Emirates,Asia,2021,14.75561046600342
ARG,"Argentina, Argentine Republic",South America,2000,16.22615051269531
ARG,"Argentina, Argentine Republic",South America,2001,16.35596084594727
ARG,"Argentina, Argentine Republic",South America,2002,16.44220924377441
ARG,"Argentina, Argentine Republic",South America,2003,14.35472011566162
ARG,"Argentina, Argentine Republic",South America,2004,15.13930034637451
ARG,"Argentina, Argentine Republic",South America,2005,15.8031702041626
ARG,"Argentina, Argentine Republic",South America,2006,15.50984001159668
ARG,"Argentina, Argentine Republic",South America,2007,15.10157012939453
ARG,"Argentina, Argentine Republic",South America,2008,15.74783992767334
ARG,"Argentina, Argentine Republic",South America,2009,16.02066993713379
ARG,"Argentina, Argentine Republic",South America,2010,15.04796981811523
ARG,"Argentina, Argentine Republic",South America,2011,15.15855979919434
ARG,"Argentina, Argentine Republic",South America,2012,14.51826000213623
ARG,"Argentina, Argentine Republic",South America,2013,14.45792961120605
ARG,"Argentina, Argentine Republic",South America,2014,13.79932975769043
ARG,"Argentina, Argentine Republic",South America,2015,13.96331024169922
ARG,"Argentina, Argentine Republic",South America,2016,13.35554027557373
ARG,"Argentina, Argentine Republic",South America,2017,13.26391983032227
ARG,"Argentina, Argentine Republic",South America,2018,12.52334022521973
ARG,"Argentina, Argentine Republic",South America,2019,12.51445960998535
ARG,"Argentina, Argentine Republic",South America,2020,12.42228984832764
ARG,"Argentina, Argentine Republic",South America,2021,12.28489971160889
ARG,"Argentina, Argentine Republic",South America,2022,12.70757961273193
ARG,"Argentina, Argentine Republic",South America,2023,13.22395992279053
ARM,"Armenia, Republic of",Asia,2000,0.0
ARM,"Armenia, Republic of",Asia,2001,0.0
ARM,"Armenia, Republic of",Asia,2002,0.0
ARM,"Armenia, Republic of",Asia,2003,0.0
ARM,"Armenia, Republic of",Asia,2004,0.0
ARM,"Armenia, Republic of",Asia,2005,13.64809036254883
ARM,"Armenia, Republic of",Asia,2006,13.57851982116699
ARM,"Armenia, Republic of",Asia,2007,13.46558952331543
ARM,"Armenia, Republic of",Asia,2008,14.2684497833252
ARM,"Armenia, Republic of",Asia,2009,13.45121955871582
ARM,"Armenia, Republic of",Asia,2010,12.40050983428955
ARM,"Armenia, Republic of",Asia,2011,12.59333992004395
ARM,"Armenia, Republic of",Asia,2012,12.36896991729736
ARM,"Armenia, Republic of",Asia,2013,11.13675975799561
ARM,"Armenia, Republic of",Asia,2014,9.367119789123535
ARM,"Armenia, Republic of",Asia,2015,10.65635967254639
ARM,"Armenia, Republic of",Asia,2016,10.19719982147217
ARM,"Armenia, Republic of",Asia,2017,10.40312957763672
ARM,"Armenia, Republic of",Asia,2018,8.678587595846022
ARM,"Armenia, Republic of",Asia,2019,8.575244272365575
ARM,"Armenia, Republic of",Asia,2020,8.827779769897461
ARM,"Armenia, Republic of",Asia,2021,9.655320167541504
ARM,"Armenia, Republic of",Asia,2022,9.446550369262695
ARM,"Armenia, Republic of",Asia,2023,9.03689956665039
ARM,"Armenia, Republic of",Asia,2024,9.440014663011535
ARM,"Armenia, Republic of",Asia,2025,8.708362807732591
ATG,Antigua and Barbuda,North America,2002,11.70153999328613
ATG,Antigua and Barbuda,North America,2009,6.928140163421631
ATG,Antigua and Barbuda,North America,2012,10.14325661585533
ATG,Antigua and Barbuda,North America,2013,10.73023376289031
ATG,Antigua and Barbuda,North America,2014,10.31662372166527
ATG,Antigua and Barbuda,North America,2015,7.630211861107441
ATG,Antigua and Barbuda,North America,2016,6.483569777718107
ATG,Antigua and Barbuda,North America,2017,7.172854627390551
ATG,Antigua and Barbuda,North America,2018,7.587625434543993
ATG,Antigua and Barbuda,North America,2019,9.543664171125895
ATG,Antigua and Barbuda,North America,2020,7.378756730220585
ATG,Antigua and Barbuda,North America,2021,6.85999508093725
ATG,Antigua and Barbuda,North America,2022,7.805379692752923
ATG,Antigua and Barbuda,North America,2023,8.669606644639806
ATG,Antigua and Barbuda,North America,2024,11.03589805478581
ATG,Antigua and Barbuda,North America,2025,5.870046190306808
AUS,"Australia, Commonwealth of",Oceania,2020,12.16913986206055
AUS,"Australia, Commonwealth of",Oceania,2021,12.1088399887085
AUS,"Australia, Commonwealth of",Oceania,2022,12.64196968078613
AUT,"Austria, Republic of",Europe,2000,11.0332202911377
AUT,"Austria, Republic of",Europe,2001,10.81678009033203
AUT,"Austria, Republic of",Europe,2002,10.77766036987305
AUT,"Austria, Republic of",Europe,2003,10.41788005828857
AUT,"Austria, Republic of",Europe,2004,9.83547019958496
AUT,"Austria, Republic of",Europe,2005,10.22817039489746
AUT,"Austria, Republic of",Europe,2006,10.33712005615234
AUT,"Austria, Republic of",Europe,2007,10.41668033599854
AUT,"Austria, Republic of",Europe,2008,10.51202964782715
AUT,"Austria, Republic of",Europe,2009,10.56037044525146
AUT,"Austria, Republic of",Europe,2010,10.75069046020508
AUT,"Austria, Republic of",Europe,2011,10.96181964874268
AUT,"Austria, Republic of",Europe,2012,10.65845966339111
AUT,"Austria, Republic of",Europe,2013,10.67006969451904
AUT,"Austria, Republic of",Europe,2014,10.49254035949707
AUT,"Austria, Republic of",Europe,2015,10.7222204208374
AUT,"Austria, Republic of",Europe,2016,10.87989044189453
AUT,"Austria, Republic of",Europe,2017,10.84245014190674
AUT,"Austria, Republic of",Europe,2018,10.68115043640137
AUT,"Austria, Republic of",Europe,2019,10.67115020751953
AUT,"Austria, Republic of",Europe,2020,9.735380172729492
AUT,"Austria, Republic of",Europe,2021,9.782340049743652
AUT,"Austria, Republic of",Europe,2022,9.95557975769043
AZE,"Azerbaijan, Republic of",Asia,2000,21.11907958984375
AZE,"Azerbaijan, Republic of",Asia,2001,20.87755012512207
AZE,"Azerbaijan, Republic of",Asia,2002,13.6307201385498
AZE,"Azerbaijan, Republic of",Asia,2003,15.1708402633667
AZE,"Azerbaijan, Republic of",Asia,2004,14.23503971099854
AZE,"Azerbaijan, Republic of",Asia,2005,13.2231502532959
AZE,"Azerbaijan, Republic of",Asia,2006,10.10041999816895
AZE,"Azerbaijan, Republic of",Asia,2007,9.779370307922363
AZE,"Azerbaijan, Republic of",Asia,2008,7.763840198516846
AZE,"Azerbaijan, Republic of",Asia,2009,9.3439302444458
AZE,"Azerbaijan, Republic of",Asia,2010,8.70083999633789
AZE,"Azerbaijan, Republic of",Asia,2011,7.219860076904297
AZE,"Azerbaijan, Republic of",Asia,2012,5.643670082092285
AZE,"Azerbaijan, Republic of",Asia,2013,6.46412992477417
AZE,"Azerbaijan, Republic of",Asia,2014,7.238729953765869
AZE,"Azerbaijan, Republic of",Asia,2015,7.627110004425049
AZE,"Azerbaijan, Republic of",Asia,2016,8.195779800415039
AZE,"Azerbaijan, Republic of",Asia,2017,6.954559803009033
AZE,"Azerbaijan, Republic of",Asia,2018,7.399650096893311
AZE,"Azerbaijan, Republic of",Asia,2019,9.767569541931152
AZE,"Azerbaijan, Republic of",Asia,2020,10.78785037994385
AZE,"Azerbaijan, Republic of",Asia,2021,11.50881958007813
AZE,"Azerbaijan, Republic of",Asia,2022,11.63961029052734
AZE,"Azerbaijan, Republic of",Asia,2023,11.18455028533936
AZE,"Azerbaijan, Republic of",Asia,2024,11.44960076291508
AZE,"Azerbaijan, Republic of",Asia,2025,11.92361606564979
BDI,"Burundi, Republic of",Africa,2000,10.73526000976563
BDI,"Burundi, Republic of",Africa,2001,11.43313026428223
BDI,"Burundi, Republic of",Africa,2002,12.48608016967773
BDI,"Burundi, Republic of",Africa,2004,9.17908000946045
BDI,"Burundi, Republic of",Africa,2005,10.95926952362061
BDI,"Burundi, Republic of",Africa,2008,12.61553955078125
BDI,"Burundi, Republic of",Africa,2009,16.30168914794922
BDI,"Burundi, Republic of",Africa,2010,16.58810043334961
BDI,"Burundi, Republic of",Africa,2011,14.97929954528809
BDI,"Burundi, Republic of",Africa,2012,16.42831993103027
BDI,"Burundi, Republic of",Africa,2013,17.24325942993164
BDI,"Burundi, Republic of",Africa,2014,23.84000015258789
BDI,"Burundi, Republic of",Africa,2015,27.49724006652832
BDI,"Burundi, Republic of",Africa,2016,20.78461074829102
BDI,"Burundi, Republic of",Africa,2017,19.76485061645508
BDI,"Burundi, Republic of",Africa,2018,19.51926040649414
BDI,"Burundi, Republic of",Africa,2019,21.2221666369194
BDI,"Burundi, Republic of",Africa,2020,20.74195234309137
BDI,"Burundi, Republic of",Africa,2021,20.43854000560069
BDI,"Burundi, Republic of",Africa,2022,20.63708380730232
BDI,"Burundi, Republic of",Africa,2025,10.29074001312256
BEL,"Belgium, Kingdom of",Europe,2005,11.1755199432373
BEL,"Belgium, Kingdom of",Europe,2008,12.47245025634766
BEL,"Belgium, Kingdom of",Europe,2009,11.80014991760254
BEL,"Belgium, Kingdom of",Europe,2010,11.94892024993896
BEL,"Belgium, Kingdom of",Europe,2011,11.60301971435547
BEL,"Belgium, Kingdom of",Europe,2012,11.67440032958984
BEL,"Belgium, Kingdom of",Europe,2013,11.80877017974854
BEL,"Belgium, Kingdom of",Europe,2014,11.83518981933594
BEL,"Belgium, Kingdom of",Europe,2015,12.00726985931396
BEL,"Belgium, Kingdom of",Europe,2016,12.15122032165527
BEL,"Belgium, Kingdom of",Europe,2017,12.34185981750488
BEL,"Belgium, Kingdom of",Europe,2018,12.18058013916016
BEL,"Belgium, Kingdom of",Europe,2019,12.2196102142334
BEL,"Belgium, Kingdom of",Europe,2020,11.55578994750977
BEL,"Belgium, Kingdom of",Europe,2021,11.6143798828125
BEL,"Belgium, Kingdom of",Europe,2022,12.01037979125977
BEN,"Benin, Republic of",Africa,2000,13.51319980621338
BEN,"Benin, Republic of",Africa,2001,15.31058025360107
BEN,"Benin, Republic of",Africa,2002,14.12907981872559
BEN,"Benin, Republic of",Africa,2003,16.68252944946289
BEN,"Benin, Republic of",Africa,2004,19.21394920349121
BEN,"Benin, Republic of",Africa,2005,18.79039001464844
BEN,"Benin, Republic of",Africa,2006,19.70960998535156
BEN,"Benin, Republic of",Africa,2007,14.94869041442871
BEN,"Benin, Republic of",Africa,2008,19.08857917785645
BEN,"Benin, Republic of",Africa,2009,18.17561912536621
BEN,"Benin, Republic of",Africa,2010,26.14396095275879
BEN,"Benin, Republic of",Africa,2012,25.02131080627441
BEN,"Benin, Republic of",Africa,2013,22.34122085571289
BEN,"Benin, Republic of",Africa,2014,22.22771072387695
BEN,"Benin, Republic of",Africa,2015,17.47952079772949
BEN,"Benin, Republic of",Africa,2016,18.79140090942383
BEN,"Benin, Republic of",Africa,2017,19.8796501159668
BEN,"Benin, Republic of",Africa,2018,17.70918083190918
BEN,"Benin, Republic of",Africa,2019,18.86811614915913
BEN,"Benin, Republic of",Africa,2020,15.72035389877586
BEN,"Benin, Republic of",Africa,2021,14.7747873406015
BEN,"Benin, Republic of",Africa,2022,14.99147068718993
BEN,"Benin, Republic of",Africa,2023,15.797556817439
BEN,"Benin, Republic of",Africa,2024,17.96803182192264
BEN,"Benin, Republic of",Africa,2025,18.02168943239186
BFA,Burkina Faso,Africa,2005,19.49419021606445
BFA,Burkina Faso,Africa,2006,18.20170021057129
BFA,Burkina Faso,Africa,2007,17.86381912231445
BFA,Burkina Faso,Africa,2010,16.17281913757324
BFA,Burkina Faso,Africa,2011,19.5006103515625
BFA,Burkina Faso,Africa,2012,15.8953800201416
BFA,Burkina Faso,Africa,2013,16.16527938842773
BFA,Burkina Faso,Africa,2014,19.36811065673828
BFA,Burkina Faso,Africa,2015,18.02708053588867
BFA,Burkina Faso,Africa,2017,21.44400024414063
BFA,Burkina Faso,Africa,2018,22.66116905212402
BFA,Burkina Faso,Africa,2019,21.65662042305029
BFA,Burkina Faso,Africa,2020,20.99245879205485
BFA,Burkina Faso,Africa,2021,21.39246515992313
BFA,Burkina Faso,Africa,2022,21.9580967321077
BFA,Burkina Faso,Africa,2023,20.2971969686914
BGD,"Bangladesh, People's Republic of",Asia,2000,20.49041938781738
BGD,"Bangladesh, People's Republic of",Asia,2001,18.58477973937988
BGD,"Bangladesh, People's Republic of",Asia,2002,15.69379997253418
BGD,"Bangladesh, People's Republic of",Asia,2003,16.6816291809082
BGD,"Bangladesh, People's Republic of",Asia,2004,15.95312023162842
BGD,"Bangladesh, People's Republic of",Asia,2006,17.3365306854248
BGD,"Bangladesh, People's Republic of",Asia,2007,18.15340042114258
BGD,"Bangladesh, People's Republic of",Asia,2008,17.81619071960449
BGD,"Bangladesh, People's Republic of",Asia,2009,14.02987003326416
BGD,"Bangladesh, People's Republic of",Asia,2011,16.79397010803223
BGD,"Bangladesh, People's Republic of",Asia,2012,15.74512004852295
BGD,"Bangladesh, People's Republic of",Asia,2013,14.03464984893799
BGD,"Bangladesh, People's Republic of",Asia,2014,13.30632793577933
BGD,"Bangladesh, People's Republic of",Asia,2015,12.04410314352193
BGD,"Bangladesh, People's Republic of",Asia,2016,11.0494499206543
BGD,"Bangladesh, People's Republic of",Asia,2018,14.24517178526184
BGD,"Bangladesh, People's Republic of",Asia,2019,8.732950210571289
BGD,"Bangladesh, People's Republic of",Asia,2020,15.03070258948972
BGD,"Bangladesh, People's Republic of",Asia,2021,12.76997604748202
BGD,"Bangladesh, People's Republic of",Asia,2022,12.40404380791912
BGD,"Bangladesh, People's Republic of",Asia,2023,13.00122481669384
BGD,"Bangladesh, People's Republic of",Asia,2024,11.99301640226573
BGD,"Bangladesh, People's Republic of",Asia,2025,11.88343789209536
BGR,"Bulgaria, Republic of",Europe,2001,9.277739524841309
BGR,"Bulgaria, Republic of",Europe,2002,9.654319763183594
BGR,"Bulgaria, Republic of",Europe,2003,11.18025016784668
BGR,"Bulgaria, Republic of",Europe,2004,12.27917957305908
BGR,"Bulgaria, Republic of",Europe,2005,12.07252025604248
BGR,"Bulgaria, Republic of",Europe,2006,12.01047992706299
BGR,"Bulgaria, Republic of",Europe,2007,11.11392021179199
BGR,"Bulgaria, Republic of",Europe,2008,12.61225986480713
BGR,"Bulgaria, Republic of",Europe,2009,12.6567497253418
BGR,"Bulgaria, Republic of",Europe,2010,11.16341972351074
BGR,"Bulgaria, Republic of",Europe,2011,11.10004997253418
BGR,"Bulgaria, Republic of",Europe,2012,10.69091987609863
BGR,"Bulgaria, Republic of",Europe,2013,11.43980026245117
BGR,"Bulgaria, Republic of",Europe,2014,11.31035041809082
BGR,"Bulgaria, Republic of",Europe,2015,10.40633964538574
BGR,"Bulgaria, Republic of",Europe,2016,11.6558198928833
BGR,"Bulgaria, Republic of",Europe,2017,12.73095035552979
BGR,"Bulgaria, Republic of",Europe,2018,11.79002952575684
BGR,"Bulgaria, Republic of",Europe,2019,11.70670986175537
BGR,"Bulgaria, Republic of",Europe,2020,11.91499996185303
BGR,"Bulgaria, Republic of",Europe,2021,12.25271034240723
BGR,"Bulgaria, Republic of",Europe,2022,11.98184967041016
BHR,"Bahrain, Kingdom of",Asia,2006,11.91866016387939
BHR,"Bahrain, Kingdom of",Asia,2007,11.02672958374023
BHR,"Bahrain, Kingdom of",Asia,2008,10.55867004394531
BHR,"Bahrain, Kingdom of",Asia,2010,8.625524229684478
BHR,"Bahrain, Kingdom of",Asia,2011,8.769654500444263
BHR,"Bahrain, Kingdom of",Asia,2012,8.179829597473145
BHR,"Bahrain, Kingdom of",Asia,2013,7.458600044250488
BHR,"Bahrain, Kingdom of",Asia,2014,8.684029579162598
BHR,"Bahrain, Kingdom of",Asia,2015,7.328189849853516
BHR,"Bahrain, Kingdom of",Asia,2016,9.620668061041863
BHR,"Bahrain, Kingdom of",Asia,2017,7.223849773406982
BHR,"Bahrain, Kingdom of",Asia,2018,9.25130901584206
BHR,"Bahrain, Kingdom of",Asia,2019,8.55740317815593
BHR,"Bahrain, Kingdom of",Asia,2020,7.138605286289597
BHR,"Bahrain, Kingdom of",Asia,2021,7.664672447013593
BHR,"Bahrain, Kingdom of",Asia,2022,7.660179863727669
BHR,"Bahrain, Kingdom of",Asia,2023,7.724914375449581
BHR,"Bahrain, Kingdom of",Asia,2024,8.7409747478851
BHR,"Bahrain, Kingdom of",Asia,2025,8.336649790977546
BHS,"Bahamas, Commonwealth of the",North America,2000,19.79520988464355
BHS,"Bahamas, Commonwealth of the",North America,2010,12.49522559877134
BHS,"Bahamas, Commonwealth of the",North America,2011,12.36150148265652
BHS,"Bahamas, Commonwealth of the",North America,2012,12.17644841679832
BHS,"Bahamas, Commonwealth of the",North America,2013,12.14246608523937
BHS,"Bahamas, Commonwealth of the",North America,2014,12.08616846380537
BHS,"Bahamas, Commonwealth of the",North America,2015,11.55411694216819
BHS,"Bahamas, Commonwealth of the",North America,2016,11.64422612027612
BHS,"Bahamas, Commonwealth of the",North America,2017,11.53251878655341
BHS,"Bahamas, Commonwealth of the",North America,2018,12.79880419210419
BHS,"Bahamas, Commonwealth of the",North America,2019,12.91649652305366
BHS,"Bahamas, Commonwealth of the",North America,2020,12.65664036288942
BHS,"Bahamas, Commonwealth of the",North America,2021,10.68517684956843
BHS,"Bahamas, Commonwealth of the",North America,2022,10.35661261851113
BHS,"Bahamas, Commonwealth of the",North America,2023,11.59723907553566
BHS,"Bahamas, Commonwealth of the",North America,2024,10.84636552563694
BHS,"Bahamas, Commonwealth of the",North America,2025,10.61935778028382
BIH,Bosnia and Herzegovina,Europe,2016,10.2874002456665
BIH,Bosnia and Herzegovina,Europe,2018,9.630789756774902
BIH,Bosnia and Herzegovina,Europe,2019,10.13315010070801
BIH,Bosnia and Herzegovina,Europe,2021,10.1768798828125
BLR,"Belarus, Republic of",Europe,2000,0.0
BLR,"Belarus, Republic of",Europe,2004,12.55235004425049
BLR,"Belarus, Republic of",Europe,2005,12.62010955810547
BLR,"Belarus, Republic of",Europe,2006,12.45032024383545
BLR,"Belarus, Republic of",Europe,2007,10.13372039794922
BLR,"Belarus, Republic of",Europe,2009,8.449549674987793
BLR,"Belarus, Republic of",Europe,2010,11.77812957763672
BLR,"Belarus, Republic of",Europe,2011,11.62664985656738
BLR,"Belarus, Republic of",Europe,2012,12.75230026245117
BLR,"Belarus, Republic of",Europe,2013,12.2739896774292
BLR,"Belarus, Republic of",Europe,2014,12.40672016143799
BLR,"Belarus, Republic of",Europe,2015,11.46173000335693
BLR,"Belarus, Republic of",Europe,2016,12.15878009796143
BLR,"Belarus, Republic of",Europe,2017,12.28168964385986
BLR,"Belarus, Republic of",Europe,2018,12.7802095413208
BLR,"Belarus, Republic of",Europe,2019,13.33073997497559
BLR,"Belarus, Republic of",Europe,2020,12.78114986419678
BLR,"Belarus, Republic of",Europe,2021,12.81599998474121
BLR,"Belarus, Republic of",Europe,2022,12.17733001708984
BLR,"Belarus, Republic of",Europe,2023,12.2770299911499
BLR,"Belarus, Republic of",Europe,2024,12.34191989898682
BLZ,Belize,North America,2000,15.61225986480713
BLZ,Belize,North America,2001,18.30537033081055
BLZ,Belize,North America,2003,16.02519035339355
BLZ,Belize,North America,2004,16.32427978515625
BLZ,Belize,North America,2008,19.4965991973877
BLZ,Belize,North America,2009,22.05760955810547
BLZ,Belize,North America,2010,22.61046981811523
BLZ,Belize,North America,2011,21.5642707347762
BLZ,Belize,North America,2012,21.23012168501997
BLZ,Belize,North America,2013,23.13282012939453
BLZ,Belize,North America,2014,21.56307983398438
BLZ,Belize,North America,2015,21.59255027770996
BLZ,Belize,North America,2016,20.48530006408691
BLZ,Belize,North America,2017,21.5186595916748
BLZ,Belize,North America,2018,22.14901924133301
BLZ,Belize,North America,2019,22.22006034851074
BLZ,Belize,North America,2020,18.99353981018066
BLZ,Belize,North America,2021,17.95356941223145
BLZ,Belize,North America,2022,17.83135032653809
BLZ,Belize,North America,2023,18.05937957763672
BLZ,Belize,North America,2024,18.9034569346512
BMU,Bermuda,North America,2003,11.03660011291504
BMU,Bermuda,North America,2004,11.11384963989258
BMU,Bermuda,North America,2005,12.10540008544922
BMU,Bermuda,North America,2009,13.97043037414551
BMU,Bermuda,North America,2010,12.93424034118652
BMU,Bermuda,North America,2014,7.796440124511719
BMU,Bermuda,North America,2015,9.018799781799316
BMU,Bermuda,North America,2017,7.773469924926758
BOL,"Bolivia, Republic of",South America,2006,21.56677055358887
BOL,"Bolivia, Republic of",South America,2007,20.58189964294434
BOL,"Bolivia, Republic of",South America,2008,19.02747917175293
BOL,"Bolivia, Republic of",South America,2009,22.81318092346191
BOL,"Bolivia, Republic of",South America,2010,22.13941955566406
BOL,"Bolivia, Republic of",South America,2011,18.24453926086426
BOL,"Bolivia, Republic of",South America,2012,18.39156913757324
BOL,"Bolivia, Republic of",South America,2013,19.19638061523438
BOL,"Bolivia, Republic of",South America,2014,18.1302604675293
BOL,"Bolivia, Republic of",South America,2015,18.29406929016113
BOL,"Bolivia, Republic of",South America,2016,20.37919044494629
BOL,"Bolivia, Republic of",South America,2017,20.95578956604004
BOL,"Bolivia, Republic of",South America,2018,21.25337982177734
BOL,"Bolivia, Republic of",South America,2019,22.38405990600586
BOL,"Bolivia, Republic of",South America,2020,22.94177055358887
BOL,"Bolivia, Republic of",South America,2021,22.90138053894043
BOL,"Bolivia, Republic of",South America,2022,21.04229927062988
BOL,"Bolivia, Republic of",South America,2023,20.39962959289551
BOL,"Bolivia, Republic of",South America,2024,20.16016006469727
BRA,"Brazil, Federative Republic of",South America,2000,0.0
BRA,"Brazil, Federative Republic of",South America,2001,9.65944004058838
BRA,"Brazil, Federative Republic of",South America,2002,8.428790092468262
BRA,"Brazil, Federative Republic of",South America,2004,10.01616954803467
BRA,"Brazil, Federative Republic of",South America,2005,10.69752025604248
BRA,"Brazil, Federative Republic of",South America,2006,11.44332981109619
BRA,"Brazil, Federative Republic of",South America,2007,12.32724952697754
BRA,"Brazil, Federative Republic of",South America,2008,13.19997024536133
BRA,"Brazil, Federative Republic of",South America,2009,13.47807025909424
BRA,"Brazil, Federative Republic of",South America,2010,14.29500961303711
BRA,"Brazil, Federative Republic of",South America,2011,14.57406997680664
BRA,"Brazil, Federative Republic of",South America,2012,14.89486980438232
BRA,"Brazil, Federative Republic of",South America,2013,14.67778968811035
BRA,"Brazil, Federative Republic of",South America,2014,14.35914039611816
BRA,"Brazil, Federative Republic of",South America,2015,13.51146030426025
BRA,"Brazil, Federative Republic of",South America,2016,13.8761100769043
BRA,"Brazil, Federative Republic of",South America,2017,14.26830959320068
BRA,"Brazil, Federative Republic of",South America,2018,13.78094005584717
BRA,"Brazil, Federative Republic of",South America,2019,13.85472011566162
BRA,"Brazil, Federative Republic of",South America,2020,12.49825000762939
BRA,"Brazil, Federative Republic of",South America,2021,13.61616039276123
BRA,"Brazil, Federative Republic of",South America,2022,12.93400955200195
BRB,Barbados,North America,2000,22.15035057067871
BRB,Barbados,North America,2001,26.88882064819336
BRB,Barbados,North America,2002,24.72448921203613
BRB,Barbados,North America,2003,18.58456039428711
BRB,Barbados,North America,2004,18.61813926696777
BRB,Barbados,North America,2005,18.24297904968262
BRB,Barbados,North America,2007,17.22097015380859
BRB,Barbados,North America,2008,15.71065044403076
BRB,Barbados,North America,2009,16.1005802154541
BRB,Barbados,North America,2010,18.0963306427002
BRB,Barbados,North America,2012,16.70269012451172
BRB,Barbados,North America,2013,14.84482002258301
BRB,Barbados,North America,2014,17.45105934143066
BRB,Barbados,North America,2015,17.80954719358017
BRB,Barbados,North America,2016,13.36244964599609
BRB,Barbados,North America,2017,12.879150390625
BRB,Barbados,North America,2018,16.3585713461348
BRB,Barbados,North America,2019,13.85986042022705
BRB,Barbados,North America,2020,16.14246940612793
BRB,Barbados,North America,2021,14.84473037719727
BRB,Barbados,North America,2022,12.73071956634521
BRB,Barbados,North America,2023,12.4731502532959
BRB,Barbados,North America,2024,11.83971733960862
BRB,Barbados,North America,2025,14.18753028909637
BRN,Brunei Darussalam,Asia,2000,8.920740127563477
BRN,Brunei Darussalam,Asia,2010,5.302080154418945
BRN,Brunei Darussalam,Asia,2011,9.18218994140625
BRN,Brunei Darussalam,Asia,2012,9.726420402526855
BRN,Brunei Darussalam,Asia,2014,9.984600067138672
BRN,Brunei Darussalam,Asia,2016,11.44194984436035
BTN,"Bhutan, Kingdom of",Asia,2000,13.92039012908936
BTN,"Bhutan, Kingdom of",Asia,2001,13.22609996795654
BTN,"Bhutan, Kingdom of",Asia,2004,18.60663032531738
BTN,"Bhutan, Kingdom of",Asia,2005,22.83286094665527
BTN,"Bhutan, Kingdom of",Asia,2008,15.10490989685059
BTN,"Bhutan, Kingdom of",Asia,2009,12.84471035003662
BTN,"Bhutan, Kingdom of",Asia,2010,10.29551982879639
BTN,"Bhutan, Kingdom of",Asia,2011,11.38751029968262
BTN,"Bhutan, Kingdom of",Asia,2013,15.68694972991943
BTN,"Bhutan, Kingdom of",Asia,2014,17.45413970947266
BTN,"Bhutan, Kingdom of",Asia,2015,25.34506988525391
BTN,"Bhutan, Kingdom of",Asia,2016,24.36861991882324
BTN,"Bhutan, Kingdom of",Asia,2017,23.04472923278809
BTN,"Bhutan, Kingdom of",Asia,2018,21.85482025146484
BTN,"Bhutan, Kingdom of",Asia,2019,18.08603525567063
BTN,"Bhutan, Kingdom of",Asia,2020,16.25513860217371
BTN,"Bhutan, Kingdom of",Asia,2021,16.90229552017217
BTN,"Bhutan, Kingdom of",Asia,2022,22.10643543228469
BTN,"Bhutan, Kingdom of",Asia,2023,19.19111061096191
BTN,"Bhutan, Kingdom of",Asia,2024,17.17575353471745
BTN,"Bhutan, Kingdom of",Asia,2025,22.21658285838583
BWA,"Botswana, Republic of",Africa,2005,25.82353019714355
BWA,"Botswana, Republic of",Africa,2007,26.50778961181641
BWA,"Botswana, Republic of",Africa,2009,20.4773998260498
BWA,"Botswana, Republic of",Africa,2010,23.55052847334032
BWA,"Botswana, Republic of",Africa,2011,24.19450015552829
BWA,"Botswana, Republic of",Africa,2012,21.67181957951714
BWA,"Botswana, Republic of",Africa,2013,20.91291976578029
BWA,"Botswana, Republic of",Africa,2014,22.66012520102593
BWA,"Botswana, Republic of",Africa,2015,23.05355280998783
BWA,"Botswana, Republic of",Africa,2016,22.00429103147222
BWA,"Botswana, Republic of",Africa,2017,22.8162628925243
BWA,"Botswana, Republic of",Africa,2018,22.56106645769163
BWA,"Botswana, Republic of",Africa,2019,22.34200103692729
BWA,"Botswana, Republic of",Africa,2020,21.46508740641373
CAF,Central African Republic,Africa,2000,9.93076992034912
CAF,Central African Republic,Africa,2002,9.199870109558104
CAF,Central African Republic,Africa,2003,12.01257991790771
CAF,Central African Republic,Africa,2004,12.04712963104248
CAF,Central African Republic,Africa,2005,9.666500091552734
CAF,Central African Republic,Africa,2006,10.05424022674561
CAF,Central African Republic,Africa,2007,9.86948013305664
CAF,Central African Republic,Africa,2008,7.860000133514404
CAF,Central African Republic,Africa,2009,7.841720104217529
CAF,Central African Republic,Africa,2010,6.475379943847656
CAF,Central African Republic,Africa,2011,7.825459957122803
CAF,Central African Republic,Africa,2012,10.61656912548137
CAF,Central African Republic,Africa,2013,8.083443903931409
CAF,Central African Republic,Africa,2014,9.387187516772306
CAF,Central African Republic,Africa,2015,8.386741861801614
CAF,Central African Republic,Africa,2016,7.31902194047271
CAF,Central African Republic,Africa,2017,8.895049900832982
CAF,Central African Republic,Africa,2018,9.135496419530964
CAF,Central African Republic,Africa,2019,9.79781209629898
CAF,Central African Republic,Africa,2020,9.782442732726116
CAF,Central African Republic,Africa,2021,9.088691997242645
CAF,Central African Republic,Africa,2022,10.7420521886098
CAF,Central African Republic,Africa,2023,9.993928156111604
CAN,Canada,North America,2000,12.98260021209717
CAN,Canada,North America,2001,12.21224021911621
CAN,Canada,North America,2002,12.14789962768555
CAN,Canada,North America,2005,12.17807006835938
CAN,Canada,North America,2007,12.32855987548828
CAN,Canada,North America,2008,12.00996017456055
CAN,Canada,North America,2009,12.48363971710205
CAN,Canada,North America,2010,12.33596038818359
CAN,Canada,North America,2011,12.21914005279541
CAN,Canada,North America,2013,11.21290969848633
CAN,Canada,North America,2014,12.12088012695313
CAN,Canada,North America,2015,12.35161972045898
CAN,Canada,North America,2016,12.03549957275391
CAN,Canada,North America,2017,12.17074012756348
CAN,Canada,North America,2018,12.08487033843994
CAN,Canada,North America,2019,11.73793983459473
CAN,Canada,North America,2020,12.04234981536865
CAN,Canada,North America,2021,9.068719863891602
CAN,Canada,North America,2022,10.65355968475342
CHE,"Switzerland, Swiss Confederation",Europe,2000,14.4521598815918
CHE,"Switzerland, Swiss Confederation",Europe,2001,15.25533962249756
CHE,"Switzerland, Swiss Confederation",Europe,2002,15.18126010894775
CHE,"Switzerland, Swiss Confederation",Europe,2003,16.19942092895508
CHE,"Switzerland, Swiss Confederation",Europe,2004,16.09639930725098
CHE,"Switzerland, Swiss Confederation",Europe,2005,15.70398998260498
CHE,"Switzerland, Swiss Confederation",Europe,2006,15.85387992858887
CHE,"Switzerland, Swiss Confederation",Europe,2007,15.56042003631592
CHE,"Switzerland, Swiss Confederation",Europe,2008,15.88504028320313
CHE,"Switzerland, Swiss Confederation",Europe,2009,15.52213954925537
CHE,"Switzerland, Swiss Confederation",Europe,2010,15.28763961791992
CHE,"Switzerland, Swiss Confederation",Europe,2011,15.44705009460449
CHE,"Switzerland, Swiss Confederation",Europe,2012,15.47457027435303
CHE,"Switzerland, Swiss Confederation",Europe,2013,15.09430980682373
CHE,"Switzerland, Swiss Confederation",Europe,2014,15.32168960571289
CHE,"Switzerland, Swiss Confederation",Europe,2015,15.38836002349854
CHE,"Switzerland, Swiss Confederation",Europe,2016,15.36046981811523
CHE,"Switzerland, Swiss Confederation",Europe,2017,15.46105003356934
CHE,"Switzerland, Swiss Confederation",Europe,2018,15.52597045898438
CHE,"Switzerland, Swiss Confederation",Europe,2019,15.67673969268799
CHE,"Switzerland, Swiss Confederation",Europe,2020,14.27455997467041
CHE,"Switzerland, Swiss Confederation",Europe,2021,14.60931015014648
CHE,"Switzerland, Swiss Confederation",Europe,2022,15.41516971588135
CHL,"Chile, Republic of",South America,2000,16.42790985107422
CHL,"Chile, Republic of",South America,2002,17.45059967041016
CHL,"Chile, Republic of",South America,2003,17.63722038269043
CHL,"Chile, Republic of",South America,2004,17.02104949951172
CHL,"Chile, Republic of",South America,2005,16.19908905029297
CHL,"Chile, Republic of",South America,2006,16.23127937316895
CHL,"Chile, Republic of",South America,2007,16.74641036987305
CHL,"Chile, Republic of",South America,2008,17.40113067626953
CHL,"Chile, Republic of",South America,2009,17.03561019897461
CHL,"Chile, Republic of",South America,2010,17.85330963134766
CHL,"Chile, Republic of",South America,2011,17.7475700378418
CHL,"Chile, Republic of",South America,2013,19.67765045166016
CHL,"Chile, Republic of",South America,2014,19.9210090637207
CHL,"Chile, Republic of",South America,2015,19.59370994567871
CHL,"Chile, Republic of",South America,2016,21.15559959411621
CHL,"Chile, Republic of",South America,2017,21.31123924255371
CHL,"Chile, Republic of",South America,2018,21.36606979370117
CHL,"Chile, Republic of",South America,2019,21.23362922668457
CHL,"Chile, Republic of",South America,2020,19.35458946228027
CHL,"Chile, Republic of",South America,2021,14.88084983825684
CHL,"Chile, Republic of",South America,2022,18.37988090515137
CHN,"China, People's Republic of",Asia,2023,11.90557956695557
CIV,"Cote d'Ivoire, Republic of",Africa,2000,20.80694961547852
CIV,"Cote d'Ivoire, Republic of",Africa,2001,23.20203018188477
CIV,"Cote d'Ivoire, Republic of",Africa,2002,22.59230041503906
CIV,"Cote d'Ivoire, Republic of",Africa,2003,22.64822959899902
CIV,"Cote d'Ivoire, Republic of",Africa,2004,22.1071605682373
CIV,"Cote d'Ivoire, Republic of",Africa,2005,21.84568977355957
CIV,"Cote d'Ivoire, Republic of",Africa,2006,20.01789093017578
CIV,"Cote d'Ivoire, Republic of",Africa,2007,20.75588035583496
CIV,"Cote d'Ivoire, Republic of",Africa,2008,21.52691078186035
CIV,"Cote d'Ivoire, Republic of",Africa,2009,22.18955993652344
CIV,"Cote d'Ivoire, Republic of",Africa,2010,22.77275085449219
CIV,"Cote d'Ivoire, Republic of",Africa,2011,22.42686080932617
CIV,"Cote d'Ivoire, Republic of",Africa,2012,20.85876083374023
CIV,"Cote d'Ivoire, Republic of",Africa,2013,21.57472991943359
CIV,"Cote d'Ivoire, Republic of",Africa,2014,21.76678085327148
CIV,"Cote d'Ivoire, Republic of",Africa,2015,21.17321968078613
CIV,"Cote d'Ivoire, Republic of",Africa,2016,22.38759994506836
CIV,"Cote d'Ivoire, Republic of",Africa,2017,20.63349914550781
CIV,"Cote d'Ivoire, Republic of",Africa,2018,18.28890037536621
CIV,"Cote d'Ivoire, Republic of",Africa,2019,19.8460693359375
CIV,"Cote d'Ivoire, Republic of",Africa,2020,18.59025001525879
CIV,"Cote d'Ivoire, Republic of",Africa,2021,16.26627922058105
CIV,"Cote d'Ivoire, Republic of",Africa,2022,15.90301036834717
CIV,"Cote d'Ivoire, Republic of",Africa,2023,15.94645977020264
CIV,"Cote d'Ivoire, Republic of",Africa,2024,17.62277030944824
CMR,"Cameroon, Republic of",Africa,2000,11.68369960784912
CMR,"Cameroon, Republic of",Africa,2001,15.73330974578857
CMR,"Cameroon, Republic of",Africa,2003,21.44202041625977
CMR,"Cameroon, Republic of",Africa,2004,20.84712028503418
CMR,"Cameroon, Republic of",Africa,2005,21.37760925292969
CMR,"Cameroon, Republic of",Africa,2006,20.31266021728516
CMR,"Cameroon, Republic of",Africa,2007,21.37933921813965
CMR,"Cameroon, Republic of",Africa,2008,15.70061016082764
CMR,"Cameroon, Republic of",Africa,2009,19.7797908782959
CMR,"Cameroon, Republic of",Africa,2010,18.7538890838623
CMR,"Cameroon, Republic of",Africa,2011,14.86777019500732
CMR,"Cameroon, Republic of",Africa,2012,15.17621994018555
CMR,"Cameroon, Republic of",Africa,2013,13.82495021820068
CMR,"Cameroon, Republic of",Africa,2014,12.87975978851318
CMR,"Cameroon, Republic of",Africa,2015,13.24398994445801
CMR,"Cameroon, Republic of",Africa,2016,12.69468975067139
CMR,"Cameroon, Republic of",Africa,2017,15.91281032562256
CMR,"Cameroon, Republic of",Africa,2018,16.88315963745117
CMR,"Cameroon, Republic of",Africa,2019,14.17869849931574
CMR,"Cameroon, Republic of",Africa,2020,14.45112220468882
CMR,"Cameroon, Republic of",Africa,2021,15.04790385368358
CMR,"Cameroon, Republic of",Africa,2022,12.76697549752368
CMR,"Cameroon, Republic of",Africa,2023,13.08295109449348
CMR,"Cameroon, Republic of",Africa,2024,13.83037652518901
COD,"Congo, Democratic Republic of the",Africa,2010,9.578410148620604
COD,"Congo, Democratic Republic of the",Africa,2013,16.17480087280273
COD,"Congo, Democratic Republic of the",Africa,2014,13.35221004486084
COD,"Congo, Democratic Republic of the",Africa,2015,14.85070037841797
COD,"Congo, Democratic Republic of the",Africa,2016,14.22933959960938
COD,"Congo, Democratic Republic of the",Africa,2017,13.14776992797852
COG,"Congo, Republic of the",Africa,2002,9.054849624633787
COG,"Congo, Republic of the",Africa,2003,9.519949913024902
COG,"Congo, Republic of the",Africa,2004,8.561809539794922
COG,"Congo, Republic of the",Africa,2005,7.597819805145264
COG,"Congo, Republic of the",Africa,2010,24.72777938842773
COG,"Congo, Republic of the",Africa,2011,6.493709291750934
COG,"Congo, Republic of the",Africa,2013,14.7248982435275
COG,"Congo, Republic of the",Africa,2014,6.555920124053955
COG,"Congo, Republic of the",Africa,2015,7.950399875640869
COG,"Congo, Republic of the",Africa,2016,8.709630671311789
COG,"Congo, Republic of the",Africa,2017,15.68577003479004
COG,"Congo, Republic of the",Africa,2018,15.58290004730225
COG,"Congo, Republic of the",Africa,2019,17.00742215760968
COG,"Congo, Republic of the",Africa,2020,17.00914003582359
COG,"Congo, Republic of the",Africa,2021,16.56100485034036
COG,"Congo, Republic of the",Africa,2022,15.50950162568215
COG,"Congo, Republic of the",Africa,2023,14.72915282472632
COK,Cook Islands,Oceania,2000,6.694660186767578
COK,Cook Islands,Oceania,2011,9.642640113830566
COK,Cook Islands,Oceania,2012,8.308850288391113
COK,Cook Islands,Oceania,2013,8.808850288391113
COK,Cook Islands,Oceania,2014,11.55288982391357
COK,Cook Islands,Oceania,2015,10.16181958017452
COK,Cook Islands,Oceania,2016,11.17017530648799
COK,Cook Islands,Oceania,2017,9.20479966911298
COK,Cook Islands,Oceania,2018,11.99343020721017
COK,Cook Islands,Oceania,2019,10.97759781240471
COK,Cook Islands,Oceania,2020,7.931153019050437
COK,Cook Islands,Oceania,2021,7.508371527452998
COK,Cook Islands,Oceania,2022,8.88137054765592
COK,Cook Islands,Oceania,2023,8.88137054765592
COK,Cook Islands,Oceania,2024,11.74517049350519
COK,Cook Islands,Oceania,2025,9.218310171598644
COM,"Comoros, Union of the",Africa,2002,15.789719581604
COM,"Comoros, Union of the",Africa,2008,29.23311996459961
COM,"Comoros, Union of the",Africa,2011,21.41486930847168
COM,"Comoros, Union of the",Africa,2012,18.49151039123535
COM,"Comoros, Union of the",Africa,2013,16.07073020935059
COM,"Comoros, Union of the",Africa,2014,18.89289093017578
COM,"Comoros, Union of the",Africa,2015,13.35365009307861
COM,"Comoros, Union of the",Africa,2020,11.47596467202517
COM,"Comoros, Union of the",Africa,2021,10.28568683717058
COM,"Comoros, Union of the",Africa,2022,10.47602302600098
COM,"Comoros, Union of the",Africa,2023,11.0260827119111
COM,"Comoros, Union of the",Africa,2024,9.933377655502706
COM,"Comoros, Union of the",Africa,2025,11.5249869145813
CPV,"Cape Verde, Republic of",Africa,2002,19.7662296295166
CPV,"Cape Verde, Republic of",Africa,2004,20.84048080444336
CPV,"Cape Verde, Republic of",Africa,2006,17.54058074951172
CPV,"Cape Verde, Republic of",Africa,2007,18.32875061035156
CPV,"Cape Verde, Republic of",Africa,2008,18.24098968505859
CPV,"Cape Verde, Republic of",Africa,2009,15.886549949646
CPV,"Cape Verde, Republic of",Africa,2010,14.21689987182617
CPV,"Cape Verde, Republic of",Africa,2011,15.15328025817871
CPV,"Cape Verde, Republic of",Africa,2012,16.1216750633724
CPV,"Cape Verde, Republic of",Africa,2013,14.77822971343994
CPV,"Cape Verde, Republic of",Africa,2014,16.28219032287598
CPV,"Cape Verde, Republic of",Africa,2015,16.74822998046875
CPV,"Cape Verde, Republic of",Africa,2016,17.84300994873047
CPV,"Cape Verde, Republic of",Africa,2017,16.4125804901123
CPV,"Cape Verde, Republic of",Africa,2018,17.56854079329492
CPV,"Cape Verde, Republic of",Africa,2019,15.15369987487793
CPV,"Cape Verde, Republic of",Africa,2020,17.09018707185526
CPV,"Cape Verde, Republic of",Africa,2021,15.11298200301099
CPV,"Cape Verde, Republic of",Africa,2022,15.69360418589167
CPV,"Cape Verde, Republic of",Africa,2023,14.70472311499097
CPV,"Cape Verde, Republic of",Africa,2024,13.40885595218155
CRI,"Costa Rica, Republic of",North America,2000,18.81950950622559
CRI,"Costa Rica, Republic of",North America,2001,19.1528205871582
CRI,"Costa Rica, Republic of",North America,2002,19.24049949645996
CRI,"Costa Rica, Republic of",North America,2003,20.15172004699707
CRI,"Costa Rica, Republic of",North America,2004,20.43088912963867
CRI,"Costa Rica, Republic of",North America,2006,20.64333915710449
CRI,"Costa Rica, Republic of",North America,2007,21.02189064025879
CRI,"Costa Rica, Republic of",North America,2008,20.81096076965332
CRI,"Costa Rica, Republic of",North America,2009,23.4082202911377
CRI,"Costa Rica, Republic of",North America,2010,22.88088989257813
CRI,"Costa Rica, Republic of",North America,2011,23.00962066650391
CRI,"Costa Rica, Republic of",North America,2012,23.50156021118164
CRI,"Costa Rica, Republic of",North America,2013,22.83090972900391
CRI,"Costa Rica, Republic of",North America,2014,23.10952949523926
CRI,"Costa Rica, Republic of",North America,2015,23.3734302520752
CRI,"Costa Rica, Republic of",North America,2016,23.4232006072998
CRI,"Costa Rica, Republic of",North America,2017,30.15142059326172
CRI,"Costa Rica, Republic of",North America,2018,26.086669921875
CRI,"Costa Rica, Republic of",North America,2019,32.59157943725586
CRI,"Costa Rica, Republic of",North America,2020,30.08221054077148
CRI,"Costa Rica, Republic of",North America,2021,31.1666202545166
CRI,"Costa Rica, Republic of",North America,2022,21.58196067810059
CRI,"Costa Rica, Republic of",North America,2023,20.37882995605469
CUB,"Cuba, Republic of",North America,2012,16.47883094348026
CUB,"Cuba, Republic of",North America,2013,16.51965319041797
CUB,"Cuba, Republic of",North America,2014,15.80173823117369
CUB,"Cuba, Republic of",North America,2015,15.26356828174869
CUB,"Cuba, Republic of",North America,2016,14.93756539716783
CUB,"Cuba, Republic of",North America,2017,13.56491398652213
CUB,"Cuba, Republic of",North America,2018,12.65997455831457
CUB,"Cuba, Republic of",North America,2019,14.22594333096668
CUB,"Cuba, Republic of",North America,2020,16.66110044251482
CUB,"Cuba, Republic of",North America,2021,15.96662987024738
CUB,"Cuba, Republic of",North America,2022,16.95996416926849
CUW,Curaçao,North America,2010,25.71545206130219
CUW,Curaçao,North America,2011,16.57671363322861
CUW,Curaçao,North America,2012,16.1475990687922
CUW,Curaçao,North America,2013,18.33178214796874
CUW,Curaçao,North America,2014,18.05021356973694
CUW,Curaçao,North America,2015,17.17136269511968
CUW,Curaçao,North America,2016,11.77755647673986
CUW,Curaçao,North America,2017,16.16595516231673
CUW,Curaçao,North America,2018,16.98187022385538
CUW,Curaçao,North America,2019,17.02933427620147
CUW,Curaçao,North America,2020,13.7589443706295
CUW,Curaçao,North America,2021,14.27061961855634
CUW,Curaçao,North America,2022,11.88024951477075
CUW,Curaçao,North America,2023,16.23445339008584
CUW,Curaçao,North America,2024,16.43770724774988
CYM,Cayman Islands,North America,2018,14.92417011710189
CYM,Cayman Islands,North America,2019,14.95815752230223
CYP,"Cyprus, Republic of",Asia,2000,14.26830959320068
CYP,"Cyprus, Republic of",Asia,2001,14.32157039642334
CYP,"Cyprus, Republic of",Asia,2002,14.91421031951904
CYP,"Cyprus, Republic of",Asia,2003,16.51523017883301
CYP,"Cyprus, Republic of",Asia,2004,15.83298015594482
CYP,"Cyprus, Republic of",Asia,2005,15.83936023712158
CYP,"Cyprus, Republic of",Asia,2006,16.17962074279785
CYP,"Cyprus, Republic of",Asia,2007,16.72047996520996
CYP,"Cyprus, Republic of",Asia,2008,17.59074974060059
CYP,"Cyprus, Republic of",Asia,2009,17.20125007629395
CYP,"Cyprus, Republic of",Asia,2010,15.64949035644531
CYP,"Cyprus, Republic of",Asia,2011,15.49765014648438
CYP,"Cyprus, Republic of",Asia,2013,15.3621301651001
CYP,"Cyprus, Republic of",Asia,2014,12.33479976654053
CYP,"Cyprus, Republic of",Asia,2015,14.6587495803833
CYP,"Cyprus, Republic of",Asia,2016,15.4384298324585
CYP,"Cyprus, Republic of",Asia,2017,14.8294095993042
CYP,"Cyprus, Republic of",Asia,2019,12.82557010650635
CYP,"Cyprus, Republic of",Asia,2020,12.11332035064697
CYP,"Cyprus, Republic of",Asia,2021,11.92158985137939
CYP,"Cyprus, Republic of",Asia,2022,12.48295021057129
CZE,Czech Republic,Europe,2000,8.917739868164062
CZE,Czech Republic,Europe,2001,8.618889808654785
CZE,Czech Republic,Europe,2002,8.864620208740234
CZE,Czech Republic,Europe,2003,8.382209777832031
CZE,Czech Republic,Europe,2004,9.432900428771973
CZE,Czech Republic,Europe,2005,9.124210357666016
CZE,Czech Republic,Europe,2006,10.1192798614502
CZE,Czech Republic,Europe,2007,9.51356029510498
CZE,Czech Republic,Europe,2008,9.119939804077148
CZE,Czech Republic,Europe,2009,9.346969604492188
CZE,Czech Republic,Europe,2010,9.244799613952637
CZE,Czech Republic,Europe,2011,9.822460174560549
CZE,Czech Republic,Europe,2012,9.444860458374023
CZE,Czech Republic,Europe,2013,9.488269805908203
CZE,Czech Republic,Europe,2014,9.303239822387695
CZE,Czech Republic,Europe,2015,13.71592044830322
CZE,Czech Republic,Europe,2016,13.97049045562744
CZE,Czech Republic,Europe,2017,9.763449668884276
CZE,Czech Republic,Europe,2018,10.50821018218994
CZE,Czech Republic,Europe,2019,11.06536960601807
CZE,Czech Republic,Europe,2020,9.999500274658203
CZE,Czech Republic,Europe,2021,10.33135986328125
CZE,Czech Republic,Europe,2022,10.00936031341553
DEU,"Germany, Federal Republic of",Europe,2008,10.07110977172852
DEU,"Germany, Federal Republic of",Europe,2010,10.38199043273926
DEU,"Germany, Federal Republic of",Europe,2011,10.79154968261719
DEU,"Germany, Federal Republic of",Europe,2012,10.71685981750488
DEU,"Germany, Federal Republic of",Europe,2013,10.71767997741699
DEU,"Germany, Federal Republic of",Europe,2014,10.84512996673584
DEU,"Germany, Federal Republic of",Europe,2015,10.69878005981445
DEU,"Germany, Federal Republic of",Europe,2016,10.65153980255127
DEU,"Germany, Federal Republic of",Europe,2017,10.72179985046387
DEU,"Germany, Federal Republic of",Europe,2018,10.92897033691406
DEU,"Germany, Federal Republic of",Europe,2019,11.03421974182129
DEU,"Germany, Federal Republic of",Europe,2020,10.78824996948242
DEU,"Germany, Federal Republic of",Europe,2021,10.57594966888428
DEU,"Germany, Federal Republic of",Europe,2022,10.68212032318115
DJI,"Djibouti, Republic of",Africa,2000,29.38595008850098
DJI,"Djibouti, Republic of",Africa,2001,26.28001976013184
DJI,"Djibouti, Republic of",Africa,2002,25.48930931091309
DJI,"Djibouti, Republic of",Africa,2003,24.2714900970459
DJI,"Djibouti, Republic of",Africa,2004,24.70113945007324
DJI,"Djibouti, Republic of",Africa,2005,22.71504974365234
DJI,"Djibouti, Republic of",Africa,2006,24.70796012878418
DJI,"Djibouti, Republic of",Africa,2007,22.52743911743164
DJI,"Djibouti, Republic of",Africa,2010,12.32839965820313
DJI,"Djibouti, Republic of",Africa,2015,8.57643985748291
DJI,"Djibouti, Republic of",Africa,2016,15.15958976745605
DJI,"Djibouti, Republic of",Africa,2017,15.64371967315674
DJI,"Djibouti, Republic of",Africa,2018,14.47414970397949
DMA,"Dominica, Commonwealth of",North America,2015,10.20800971984863
DMA,"Dominica, Commonwealth of",North America,2016,12.6980996948118
DMA,"Dominica, Commonwealth of",North America,2017,9.749302418283284
DMA,"Dominica, Commonwealth of",North America,2018,8.445836483421536
DMA,"Dominica, Commonwealth of",North America,2019,8.298299789428711
DMA,"Dominica, Commonwealth of",North America,2020,10.66617012023926
DMA,"Dominica, Commonwealth of",North America,2021,7.76732754491018
DMA,"Dominica, Commonwealth of",North America,2022,9.356604358153463
DMA,"Dominica, Commonwealth of",North America,2023,6.412836916666667
DMA,"Dominica, Commonwealth of",North America,2024,7.090665076051297
DMA,"Dominica, Commonwealth of",North America,2025,5.795215073757283
DNK,"Denmark, Kingdom of",Europe,2000,15.30189990997314
DNK,"Denmark, Kingdom of",Europe,2001,15.49320983886719
DNK,"Denmark, Kingdom of",Europe,2002,15.45448970794678
DNK,"Denmark, Kingdom of",Europe,2003,15.15820980072021
DNK,"Denmark, Kingdom of",Europe,2004,15.50994968414307
DNK,"Denmark, Kingdom of",Europe,2005,15.79619026184082
DNK,"Denmark, Kingdom of",Europe,2006,15.52223014831543
DNK,"Denmark, Kingdom of",Europe,2007,15.36106014251709
DNK,"Denmark, Kingdom of",Europe,2008,14.80020046234131
DNK,"Denmark, Kingdom of",Europe,2009,14.93513011932373
DNK,"Denmark, Kingdom of",Europe,2010,15.12911033630371
DNK,"Denmark, Kingdom of",Europe,2011,15.05974960327148
DNK,"Denmark, Kingdom of",Europe,2012,12.51296997070313
DNK,"Denmark, Kingdom of",Europe,2013,15.23678970336914
DNK,"Denmark, Kingdom of",Europe,2014,13.86225032806396
DNK,"Denmark, Kingdom of",Europe,2016,14.73752021789551
DNK,"Denmark, Kingdom of",Europe,2017,14.56484985351563
DNK,"Denmark, Kingdom of",Europe,2018,14.43712997436523
DNK,"Denmark, Kingdom of",Europe,2019,14.60803031921387
DNK,"Denmark, Kingdom of",Europe,2020,13.84665012359619
DNK,"Denmark, Kingdom of",Europe,2021,14.07894992828369
DNK,"Denmark, Kingdom of",Europe,2022,14.16075992584229
DOM,Dominican Republic,North America,2000,13.39904022216797
DOM,Dominican Republic,North America,2001,13.21448040008545
DOM,Dominican Republic,North America,2002,11.61762046813965
DOM,Dominican Republic,North America,2003,10.70979022979736
DOM,Dominican Republic,North America,2007,12.54104995727539
DOM,Dominican Republic,North America,2010,9.875718105797617
DOM,Dominican Republic,North America,2011,10.63718033579033
DOM,Dominican Republic,North America,2013,21.70730648981093
DOM,Dominican Republic,North America,2014,21.54460429943541
DOM,Dominican Republic,North America,2015,22.31356993478897
DOM,Dominican Republic,North America,2016,21.9452020986914
DOM,Dominican Republic,North America,2017,22.34360032877145
DOM,Dominican Republic,North America,2018,22.15546882873581
DOM,Dominican Republic,North America,2019,22.34150730083174
DOM,Dominican Republic,North America,2020,20.63404198848996
DOM,Dominican Republic,North America,2021,19.59417804309385
DOM,Dominican Republic,North America,2022,19.2600265459877
DOM,Dominican Republic,North America,2023,20.55798350419906
DOM,Dominican Republic,North America,2024,21.86369775622919
DOM,Dominican Republic,North America,2025,20.87487703846294
DZA,"Algeria, People's Democratic Republic of",Africa,2008,11.02075958251953
DZA,"Algeria, People's Democratic Republic of",Africa,2010,17.76915671014429
DZA,"Algeria, People's Democratic Republic of",Africa,2011,17.56471598370765
DZA,"Algeria, People's Democratic Republic of",Africa,2012,15.98372508480203
DZA,"Algeria, People's Democratic Republic of",Africa,2013,17.64603466557793
DZA,"Algeria, People's Democratic Republic of",Africa,2014,16.46920163613744
DZA,"Algeria, People's Democratic Republic of",Africa,2015,16.08455526888726
DZA,"Algeria, People's Democratic Republic of",Africa,2016,16.11104415043452
DZA,"Algeria, People's Democratic Republic of",Africa,2017,17.55607198088715
DZA,"Algeria, People's Democratic Republic of",Africa,2018,15.61973705828652
DZA,"Algeria, People's Democratic Republic of",Africa,2019,16.02175872935791
DZA,"Algeria, People's Democratic Republic of",Africa,2020,16.54917134063403
DZA,"Algeria, People's Democratic Republic of",Africa,2021,16.05069774001689
DZA,"Algeria, People's Democratic Republic of",Africa,2022,13.10150652428898
DZA,"Algeria, People's Democratic Republic of",Africa,2023,13.26102322941753
DZA,"Algeria, People's Democratic Republic of",Africa,2024,23.88846015930176
DZA,"Algeria, People's Democratic Republic of",Africa,2025,15.54267859875497
ECU,"Ecuador, Republic of",South America,2000,4.957300186157227
ECU,"Ecuador, Republic of",South America,2009,13.17257022857666
ECU,"Ecuador, Republic of",South America,2010,12.99656009674072
ECU,"Ecuador, Republic of",South America,2011,11.97611045837402
ECU,"Ecuador, Republic of",South America,2012,10.77888965606689
ECU,"Ecuador, Republic of",South America,2013,10.54977035522461
ECU,"Ecuador, Republic of",South America,2014,11.34290981292725
ECU,"Ecuador, Republic of",South America,2015,11.58061981201172
ECU,"Ecuador, Republic of",South America,2019,10.68029022216797
ECU,"Ecuador, Republic of",South America,2020,10.59955024719238
ECU,"Ecuador, Republic of",South America,2021,9.761850357055664
ECU,"Ecuador, Republic of",South America,2022,9.299229621887209
ECU,"Ecuador, Republic of",South America,2023,9.681349754333496
ECU,"Ecuador, Republic of",South America,2024,9.694049835205078
ECU,"Ecuador, Republic of",South America,2025,15.48744688763291
EGY,"Egypt, Arab Republic of",Africa,2003,15.35190010070801
EGY,"Egypt, Arab Republic of",Africa,2004,14.7487096786499
EGY,"Egypt, Arab Republic of",Africa,2005,15.04360961914063
EGY,"Egypt, Arab Republic of",Africa,2006,11.01858997344971
EGY,"Egypt, Arab Republic of",Africa,2007,11.20963954925537
EGY,"Egypt, Arab Republic of",Africa,2008,10.94180011749268
ERI,"Eritrea, State of",Africa,2001,8.784939765930176
ERI,"Eritrea, State of",Africa,2002,7.581009864807129
ERI,"Eritrea, State of",Africa,2004,7.131400108337402
ERI,"Eritrea, State of",Africa,2006,5.445159912109375
ESP,"Spain, Kingdom of",Europe,2000,10.65303039550781
ESP,"Spain, Kingdom of",Europe,2001,10.70273971557617
ESP,"Spain, Kingdom of",Europe,2002,10.70096969604492
ESP,"Spain, Kingdom of",Europe,2003,10.87534999847412
ESP,"Spain, Kingdom of",Europe,2004,10.71127033233643
ESP,"Spain, Kingdom of",Europe,2005,10.76976013183594
ESP,"Spain, Kingdom of",Europe,2006,10.88782978057861
ESP,"Spain, Kingdom of",Europe,2007,10.83693981170654
ESP,"Spain, Kingdom of",Europe,2008,10.92607975006104
ESP,"Spain, Kingdom of",Europe,2009,10.62497997283936
ESP,"Spain, Kingdom of",Europe,2010,10.54881000518799
ESP,"Spain, Kingdom of",Europe,2011,10.27163028717041
ESP,"Spain, Kingdom of",Europe,2012,9.05819034576416
ESP,"Spain, Kingdom of",Europe,2013,9.37672996520996
ESP,"Spain, Kingdom of",Europe,2014,9.488670349121094
ESP,"Spain, Kingdom of",Europe,2015,9.72698974609375
ESP,"Spain, Kingdom of",Europe,2016,9.951040267944336
ESP,"Spain, Kingdom of",Europe,2017,10.17955017089844
ESP,"Spain, Kingdom of",Europe,2018,9.995770454406738
ESP,"Spain, Kingdom of",Europe,2019,10.00430965423584
ESP,"Spain, Kingdom of",Europe,2020,9.432290077209473
ESP,"Spain, Kingdom of",Europe,2021,9.724980354309082
ESP,"Spain, Kingdom of",Europe,2022,9.87539005279541
EST,"Estonia, Republic of",Europe,2000,14.68504047393799
EST,"Estonia, Republic of",Europe,2001,14.82614994049072
EST,"Estonia, Republic of",Europe,2002,15.15062999725342
EST,"Estonia, Republic of",Europe,2003,15.03921985626221
EST,"Estonia, Republic of",Europe,2004,14.30607986450195
EST,"Estonia, Republic of",Europe,2005,14.26515007019043
EST,"Estonia, Republic of",Europe,2007,13.65025997161865
EST,"Estonia, Republic of",Europe,2008,13.86493015289307
EST,"Estonia, Republic of",Europe,2009,12.92809963226318
EST,"Estonia, Republic of",Europe,2010,13.55863952636719
EST,"Estonia, Republic of",Europe,2011,13.27637958526611
EST,"Estonia, Republic of",Europe,2012,11.86328983306885
EST,"Estonia, Republic of",Europe,2013,12.47807025909424
EST,"Estonia, Republic of",Europe,2014,11.51916980743408
EST,"Estonia, Republic of",Europe,2015,12.86756038665771
EST,"Estonia, Republic of",Europe,2016,12.99442005157471
EST,"Estonia, Republic of",Europe,2017,12.51416015625
EST,"Estonia, Republic of",Europe,2018,13.2388801574707
EST,"Estonia, Republic of",Europe,2019,13.20110988616943
EST,"Estonia, Republic of",Europe,2020,12.16341018676758
EST,"Estonia, Republic of",Europe,2021,12.38945960998535
EST,"Estonia, Republic of",Europe,2022,13.02919006347656
ETH,"Ethiopia, Federal Democratic Republic of",Africa,2000,14.90773010253906
ETH,"Ethiopia, Federal Democratic Republic of",Africa,2001,14.46177005767822
ETH,"Ethiopia, Federal Democratic Republic of",Africa,2002,16.1877498626709
ETH,"Ethiopia, Federal Democratic Republic of",Africa,2006,23.97537994384766
ETH,"Ethiopia, Federal Democratic Republic of",Africa,2007,24.69944953918457
ETH,"Ethiopia, Federal Democratic Republic of",Africa,2008,26.3557300567627
ETH,"Ethiopia, Federal Democratic Republic of",Africa,2009,23.58374977111816
ETH,"Ethiopia, Federal Democratic Republic of",Africa,2010,26.30404090881348
ETH,"Ethiopia, Federal Democratic Republic of",Africa,2011,29.67443084716797
ETH,"Ethiopia, Federal Democratic Republic of",Africa,2012,30.5395393371582
ETH,"Ethiopia, Federal Democratic Republic of",Africa,2013,27.02109909057617
ETH,"Ethiopia, Federal Democratic Republic of",Africa,2014,25.91838073730469
ETH,"Ethiopia, Federal Democratic Republic of",Africa,2015,22.34983060990013
ETH,"Ethiopia, Federal Democratic Republic of",Africa,2016,23.01336282376745
ETH,"Ethiopia, Federal Democratic Republic of",Africa,2017,23.32417186571006
ETH,"Ethiopia, Federal Democratic Republic of",Africa,2018,22.99175734506698
ETH,"Ethiopia, Federal Democratic Republic of",Africa,2019,20.92220251939825
ETH,"Ethiopia, Federal Democratic Republic of",Africa,2020,22.44771928828446
ETH,"Ethiopia, Federal Democratic Republic of",Africa,2021,23.56204274559288
ETH,"Ethiopia, Federal Democratic Republic of",Africa,2022,23.00640250333574
ETH,"Ethiopia, Federal Democratic Republic of",Africa,2023,18.33261773450317
ETH,"Ethiopia, Federal Democratic Republic of",Africa,2024,16.6954473535013
FIN,"Finland, Republic of",Europe,2000,12.17092037200928
FIN,"Finland, Republic of",Europe,2001,12.63444995880127
FIN,"Finland, Republic of",Europe,2002,12.68253040313721
FIN,"Finland, Republic of",Europe,2003,12.77597045898438
FIN,"Finland, Republic of",Europe,2004,12.77896022796631
FIN,"Finland, Republic of",Europe,2005,12.24969959259033
FIN,"Finland, Republic of",Europe,2006,12.28382015228271
FIN,"Finland, Republic of",Europe,2007,12.14995002746582
FIN,"Finland, Republic of",Europe,2008,12.17858982086182
FIN,"Finland, Republic of",Europe,2009,11.94272041320801
FIN,"Finland, Republic of",Europe,2010,12.04104042053223
FIN,"Finland, Republic of",Europe,2011,11.99326038360596
FIN,"Finland, Republic of",Europe,2012,12.87594985961914
FIN,"Finland, Republic of",Europe,2013,12.52550983428955
FIN,"Finland, Republic of",Europe,2014,12.38753986358643
FIN,"Finland, Republic of",Europe,2015,12.68671035766602
FIN,"Finland, Republic of",Europe,2016,12.53769969940186
FIN,"Finland, Republic of",Europe,2017,12.12551021575928
FIN,"Finland, Republic of",Europe,2018,11.99582004547119
FIN,"Finland, Republic of",Europe,2019,12.26821041107178
FIN,"Finland, Republic of",Europe,2020,11.83516979217529
FIN,"Finland, Republic of",Europe,2021,11.94511985778809
FIN,"Finland, Republic of",Europe,2022,12.11277008056641
FJI,"Fiji, Republic of the Fiji Islands",Oceania,2000,21.75859069824219
FJI,"Fiji, Republic of the Fiji Islands",Oceania,2001,19.63863945007324
FJI,"Fiji, Republic of the Fiji Islands",Oceania,2002,21.03780937194824
FJI,"Fiji, Republic of the Fiji Islands",Oceania,2004,23.74914932250977
FJI,"Fiji, Republic of the Fiji Islands",Oceania,2005,20.2661304473877
FJI,"Fiji, Republic of the Fiji Islands",Oceania,2006,20.84329032897949
FJI,"Fiji, Republic of the Fiji Islands",Oceania,2007,23.17040061950684
FJI,"Fiji, Republic of the Fiji Islands",Oceania,2008,17.36972045898438
FJI,"Fiji, Republic of the Fiji Islands",Oceania,2009,15.85361957550049
FJI,"Fiji, Republic of the Fiji Islands",Oceania,2011,15.23478984832764
FJI,"Fiji, Republic of the Fiji Islands",Oceania,2012,16.70896968947985
FJI,"Fiji, Republic of the Fiji Islands",Oceania,2013,14.30039024353027
FJI,"Fiji, Republic of the Fiji Islands",Oceania,2014,16.17557576823983
FJI,"Fiji, Republic of the Fiji Islands",Oceania,2015,17.39185485370105
FJI,"Fiji, Republic of the Fiji Islands",Oceania,2016,15.16988685509207
FJI,"Fiji, Republic of the Fiji Islands",Oceania,2017,16.81718692825801
FJI,"Fiji, Republic of the Fiji Islands",Oceania,2018,14.93481193843894
FJI,"Fiji, Republic of the Fiji Islands",Oceania,2019,16.83369923117153
FJI,"Fiji, Republic of the Fiji Islands",Oceania,2020,16.64013835413739
FJI,"Fiji, Republic of the Fiji Islands",Oceania,2021,13.55910811640185
FJI,"Fiji, Republic of the Fiji Islands",Oceania,2022,12.64653425561562
FJI,"Fiji, Republic of the Fiji Islands",Oceania,2023,14.62911048479398
FJI,"Fiji, Republic of the Fiji Islands",Oceania,2024,14.70003561495398
FJI,"Fiji, Republic of the Fiji Islands",Oceania,2025,13.78734622144112
FRA,"France, French Republic",Europe,2017,9.476829528808594
FRA,"France, French Republic",Europe,2018,9.624759674072266
FRA,"France, French Republic",Europe,2019,9.696269989013672
FRA,"France, French Republic",Europe,2020,9.171839714050291
FRA,"France, French Republic",Europe,2021,9.110549926757812
FRA,"France, French Republic",Europe,2022,9.117480278015137
FSM,"Micronesia, Federated States of",Oceania,2000,9.965120315551758
FSM,"Micronesia, Federated States of",Oceania,2012,17.76050311293935
FSM,"Micronesia, Federated States of",Oceania,2013,20.38500978904449
FSM,"Micronesia, Federated States of",Oceania,2014,22.10170358813491
FSM,"Micronesia, Federated States of",Oceania,2015,22.3123893737793
FSM,"Micronesia, Federated States of",Oceania,2016,21.58470940352849
FSM,"Micronesia, Federated States of",Oceania,2017,19.1484521619327
FSM,"Micronesia, Federated States of",Oceania,2018,17.12529459148553
FSM,"Micronesia, Federated States of",Oceania,2019,18.10730826773528
FSM,"Micronesia, Federated States of",Oceania,2020,18.61471861471862
GAB,"Gabon, Gabonese Republic",Africa,2000,17.70648956298828
GAB,"Gabon, Gabonese Republic",Africa,2010,13.33041954040527
GAB,"Gabon, Gabonese Republic",Africa,2011,13.53407955169678
GAB,"Gabon, Gabonese Republic",Africa,2012,12.5822696685791
GAB,"Gabon, Gabonese Republic",Africa,2013,8.737569808959961
GAB,"Gabon, Gabonese Republic",Africa,2014,11.22548961639404
GAB,"Gabon, Gabonese Republic",Africa,2015,11.61052173332244
GAB,"Gabon, Gabonese Republic",Africa,2016,10.30154224564391
GAB,"Gabon, Gabonese Republic",Africa,2017,15.27667169359652
GAB,"Gabon, Gabonese Republic",Africa,2018,14.6146271384588
GAB,"Gabon, Gabonese Republic",Africa,2019,14.07447729193581
GAB,"Gabon, Gabonese Republic",Africa,2020,15.76416495237714
GAB,"Gabon, Gabonese Republic",Africa,2021,15.35516318543324
GAB,"Gabon, Gabonese Republic",Africa,2022,13.80337861374016
GAB,"Gabon, Gabonese Republic",Africa,2023,13.56582336675369
GBR,United Kingdom of Great Britain & Northern Ireland,Europe,2000,11.85175037384033
GBR,United Kingdom of Great Britain & Northern Ireland,Europe,2001,12.08215045928955
GBR,United Kingdom of Great Britain & Northern Ireland,Europe,2002,13.30615997314453
GBR,United Kingdom of Great Britain & Northern Ireland,Europe,2003,13.3586597442627
GBR,United Kingdom of Great Britain & Northern Ireland,Europe,2004,12.72544002532959
GBR,United Kingdom of Great Britain & Northern Ireland,Europe,2005,12.96028995513916
GBR,United Kingdom of Great Britain & Northern Ireland,Europe,2006,12.94647979736328
GBR,United Kingdom of Great Britain & Northern Ireland,Europe,2007,12.81916999816895
GBR,United Kingdom of Great Britain & Northern Ireland,Europe,2008,12.7018404006958
GBR,United Kingdom of Great Britain & Northern Ireland,Europe,2009,12.36063957214355
GBR,United Kingdom of Great Britain & Northern Ireland,Europe,2010,12.76912021636963
GBR,United Kingdom of Great Britain & Northern Ireland,Europe,2011,12.4644603729248
GBR,United Kingdom of Great Britain & Northern Ireland,Europe,2013,12.68640995025635
GBR,United Kingdom of Great Britain & Northern Ireland,Europe,2014,13.38755035400391
GBR,United Kingdom of Great Britain & Northern Ireland,Europe,2015,13.48701000213623
GBR,United Kingdom of Great Britain & Northern Ireland,Europe,2016,13.42720985412598
GBR,United Kingdom of Great Britain & Northern Ireland,Europe,2017,13.7579402923584
GBR,United Kingdom of Great Britain & Northern Ireland,Europe,2018,13.29176044464111
GBR,United Kingdom of Great Britain & Northern Ireland,Europe,2019,13.53487014770508
GBR,United Kingdom of Great Britain & Northern Ireland,Europe,2020,14.03225994110107
GBR,United Kingdom of Great Britain & Northern Ireland,Europe,2021,11.81680011749268
GEO,Georgia,Asia,2000,12.54071998596191
GEO,Georgia,Asia,2001,12.36196041107178
GEO,Georgia,Asia,2002,13.6035099029541
GEO,Georgia,Asia,2003,12.49293994903564
GEO,Georgia,Asia,2004,15.0367603302002
GEO,Georgia,Asia,2005,11.18124961853027
GEO,Georgia,Asia,2006,12.89538955688477
GEO,Georgia,Asia,2007,9.486650466918944
GEO,Georgia,Asia,2008,8.937600135803223
GEO,Georgia,Asia,2009,8.998250007629395
GEO,Georgia,Asia,2010,8.185358151235766
GEO,Georgia,Asia,2011,9.26943016052246
GEO,Georgia,Asia,2012,6.707759857177734
GEO,Georgia,Asia,2013,9.553533701151531
GEO,Georgia,Asia,2014,9.66660503771528
GEO,Georgia,Asia,2015,10.12915439596197
GEO,Georgia,Asia,2016,12.66619968414307
GEO,Georgia,Asia,2017,12.95335960388184
GEO,Georgia,Asia,2018,12.95149993896484
GEO,Georgia,Asia,2019,13.35789966583252
GEO,Georgia,Asia,2020,10.34467876223047
GEO,Georgia,Asia,2021,11.52476024627686
GEO,Georgia,Asia,2022,13.17226028442383
GEO,Georgia,Asia,2023,12.49619007110596
GEO,Georgia,Asia,2024,12.20669414726865
GHA,"Ghana, Republic of",Africa,2001,15.74110984802246
GHA,"Ghana, Republic of",Africa,2004,22.37924957275391
GHA,"Ghana, Republic of",Africa,2005,23.42996025085449
GHA,"Ghana, Republic of",Africa,2006,24.16197967529297
GHA,"Ghana, Republic of",Africa,2007,22.31702041625977
GHA,"Ghana, Republic of",Africa,2008,24.03750038146973
GHA,"Ghana, Republic of",Africa,2009,22.49513053894043
GHA,"Ghana, Republic of",Africa,2010,20.69614028930664
GHA,"Ghana, Republic of",Africa,2011,30.63430976867676
GHA,"Ghana, Republic of",Africa,2012,26.58139038085938
GHA,"Ghana, Republic of",Africa,2013,21.22220993041992
GHA,"Ghana, Republic of",Africa,2014,20.98513984680176
GHA,"Ghana, Republic of",Africa,2015,23.80879974365234
GHA,"Ghana, Republic of",Africa,2016,22.09332084655762
GHA,"Ghana, Republic of",Africa,2017,20.0976390838623
GHA,"Ghana, Republic of",Africa,2018,18.59816932678223
GHA,"Ghana, Republic of",Africa,2019,14.27171852670263
GHA,"Ghana, Republic of",Africa,2020,13.62947488294126
GHA,"Ghana, Republic of",Africa,2021,12.16741440536586
GHA,"Ghana, Republic of",Africa,2022,13.17930452770039
GIB,Gibraltar,Europe,2010,7.96277066350702
GIB,Gibraltar,Europe,2011,5.930107651207186
GIB,Gibraltar,Europe,2012,4.720022833427564
GIB,Gibraltar,Europe,2013,5.355535506020994
GIB,Gibraltar,Europe,2014,6.239955070955863
GIB,Gibraltar,Europe,2015,7.031283643442412
GIB,Gibraltar,Europe,2016,8.011709595047769
GIB,Gibraltar,Europe,2017,7.626872681448911
GIB,Gibraltar,Europe,2018,7.759975395754262
GIB,Gibraltar,Europe,2019,7.365379880331028
GIB,Gibraltar,Europe,2020,7.680571940499738
GIB,Gibraltar,Europe,2021,7.136644493311235
GIB,Gibraltar,Europe,2022,7.820756325822321
GIB,Gibraltar,Europe,2023,7.937872532645245
GIB,Gibraltar,Europe,2024,9.4819334929474
GIB,Gibraltar,Europe,2025,8.553403013133716
GIN,"Guinea, Republic of",Africa,2000,15.23692035675049
GIN,"Guinea, Republic of",Africa,2001,10.3699197769165
GIN,"Guinea, Republic of",Africa,2002,13.20514011383057
GIN,"Guinea, Republic of",Africa,2003,11.64904975891113
GIN,"Guinea, Republic of",Africa,2004,12.34939956665039
GIN,"Guinea, Republic of",Africa,2005,10.96621036529541
GIN,"Guinea, Republic of",Africa,2008,15.69478034973145
GIN,"Guinea, Republic of",Africa,2009,13.60393047332764
GIN,"Guinea, Republic of",Africa,2010,12.43877029418945
GIN,"Guinea, Republic of",Africa,2011,14.27241992950439
GIN,"Guinea, Republic of",Africa,2012,9.695520401000977
GIN,"Guinea, Republic of",Africa,2013,14.14521026611328
GIN,"Guinea, Republic of",Africa,2014,12.0756196975708
GIN,"Guinea, Republic of",Africa,2015,11.60953998565674
GIN,"Guinea, Republic of",Africa,2016,15.83125972747803
GIN,"Guinea, Republic of",Africa,2017,13.43634986877441
GIN,"Guinea, Republic of",Africa,2018,14.98083972930908
GIN,"Guinea, Republic of",Africa,2019,12.48435020446777
GIN,"Guinea, Republic of",Africa,2020,14.33590030670166
GIN,"Guinea, Republic of",Africa,2021,11.50166804226586
GIN,"Guinea, Republic of",Africa,2022,11.9496957293769
GIN,"Guinea, Republic of",Africa,2023,10.02691827598385
GIN,"Guinea, Republic of",Africa,2024,9.293803501818514
GIN,"Guinea, Republic of",Africa,2025,9.19920752373365
GMB,"Gambia, Republic of the",Africa,2000,11.921799659729
GMB,"Gambia, Republic of the",Africa,2001,8.205269813537598
GMB,"Gambia, Republic of the",Africa,2002,10.94752025604248
GMB,"Gambia, Republic of the",Africa,2003,8.468839645385742
GMB,"Gambia, Republic of the",Africa,2004,5.029540061950684
GMB,"Gambia, Republic of the",Africa,2005,5.344170093536377
GMB,"Gambia, Republic of the",Africa,2006,5.36076021194458
GMB,"Gambia, Republic of the",Africa,2007,7.297500133514404
GMB,"Gambia, Republic of the",Africa,2008,18.88171005249023
GMB,"Gambia, Republic of the",Africa,2009,13.29374027252197
GMB,"Gambia, Republic of the",Africa,2010,17.61123085021973
GMB,"Gambia, Republic of the",Africa,2011,15.11833000183105
GMB,"Gambia, Republic of the",Africa,2012,13.79553031921387
GMB,"Gambia, Republic of the",Africa,2013,10.58541965484619
GMB,"Gambia, Republic of the",Africa,2014,11.75232028961182
GMB,"Gambia, Republic of the",Africa,2015,11.03293037414551
GMB,"Gambia, Republic of the",Africa,2016,10.44995975494385
GMB,"Gambia, Republic of the",Africa,2017,15.44113756076256
GMB,"Gambia, Republic of the",Africa,2018,12.444580078125
GMB,"Gambia, Republic of the",Africa,2019,16.85204544830215
GMB,"Gambia, Republic of the",Africa,2020,14.27606001588469
GMB,"Gambia, Republic of the",Africa,2021,15.62181876123116
GMB,"Gambia, Republic of the",Africa,2022,17.12517417857725
GMB,"Gambia, Republic of the",Africa,2023,18.69554957290834
GMB,"Gambia, Republic of the",Africa,2024,15.10347217915986
GMB,"Gambia, Republic of the",Africa,2025,14.21133143116702
GNB,"Guinea-Bissau, Republic of",Africa,2010,9.069239616394045
GNB,"Guinea-Bissau, Republic of",Africa,2011,10.19974040985107
GNB,"Guinea-Bissau, Republic of",Africa,2012,14.53979969024658
GNB,"Guinea-Bissau, Republic of",Africa,2013,16.19137954711914
GRC,"Greece, Hellenic Republic",Europe,2000,6.957769870758057
GRC,"Greece, Hellenic Republic",Europe,2001,7.316520214080811
GRC,"Greece, Hellenic Republic",Europe,2002,7.477159976959229
GRC,"Greece, Hellenic Republic",Europe,2003,7.360400199890137
GRC,"Greece, Hellenic Republic",Europe,2004,7.70182991027832
GRC,"Greece, Hellenic Republic",Europe,2005,8.700209617614746
GRC,"Greece, Hellenic Republic",Europe,2015,7.101439952850342
GRC,"Greece, Hellenic Republic",Europe,2017,7.144780158996582
GRC,"Greece, Hellenic Republic",Europe,2018,7.36313009262085
GRC,"Greece, Hellenic Republic",Europe,2019,7.459390163421631
GRC,"Greece, Hellenic Republic",Europe,2022,6.39132022857666
GRD,Grenada,North America,2003,10.97463989257813
GRD,Grenada,North America,2010,15.55981096221902
GRD,Grenada,North America,2011,14.72077350104389
GRD,Grenada,North America,2012,10.70311860096915
GRD,Grenada,North America,2014,11.79899890627003
GRD,Grenada,North America,2015,9.902500406260712
GRD,Grenada,North America,2017,14.0616397857666
GRD,Grenada,North America,2018,10.08057320329803
GRD,Grenada,North America,2021,10.05946401476978
GRD,Grenada,North America,2022,9.87272223310091
GRD,Grenada,North America,2023,16.71856867050965
GRD,Grenada,North America,2024,14.51909423757452
GRD,Grenada,North America,2025,11.44521842236645
GTM,"Guatemala, Republic of",North America,2006,20.33844947814941
GTM,"Guatemala, Republic of",North America,2007,21.27816009521484
GTM,"Guatemala, Republic of",North America,2008,23.34815979003906
GTM,"Guatemala, Republic of",North America,2010,19.29692077636719
GTM,"Guatemala, Republic of",North America,2011,20.24641036987305
GTM,"Guatemala, Republic of",North America,2012,21.10514068603516
GTM,"Guatemala, Republic of",North America,2013,20.6379508972168
GTM,"Guatemala, Republic of",North America,2014,21.95939064025879
GTM,"Guatemala, Republic of",North America,2015,24.08550071716309
GTM,"Guatemala, Republic of",North America,2016,23.43474960327148
GTM,"Guatemala, Republic of",North America,2017,23.08805084228516
GTM,"Guatemala, Republic of",North America,2018,23.74954032897949
GTM,"Guatemala, Republic of",North America,2019,23.75538063049316
GTM,"Guatemala, Republic of",North America,2020,21.14117050170898
GTM,"Guatemala, Republic of",North America,2021,22.95527076721191
GTM,"Guatemala, Republic of",North America,2022,22.48452949523926
GTM,"Guatemala, Republic of",North America,2023,22.63916015625
GTM,"Guatemala, Republic of",North America,2024,22.9936695098877
GTM,"Guatemala, Republic of",North America,2025,17.26967653076987
GUY,"Guyana, Co-operative Republic of",South America,2000,17.65683937072754
GUY,"Guyana, Co-operative Republic of",South America,2001,16.5555591583252
GUY,"Guyana, Co-operative Republic of",South America,2002,16.90000915527344
GUY,"Guyana, Co-operative Republic of",South America,2003,13.81455993652344
GUY,"Guyana, Co-operative Republic of",South America,2004,11.08073997497559
GUY,"Guyana, Co-operative Republic of",South America,2005,13.8234395980835
GUY,"Guyana, Co-operative Republic of",South America,2006,13.48169040679932
GUY,"Guyana, Co-operative Republic of",South America,2007,11.52616024017334
GUY,"Guyana, Co-operative Republic of",South America,2009,10.338210105896
GUY,"Guyana, Co-operative Republic of",South America,2010,11.96580982208252
GUY,"Guyana, Co-operative Republic of",South America,2011,11.82289981842041
GUY,"Guyana, Co-operative Republic of",South America,2012,10.25959014892578
GUY,"Guyana, Co-operative Republic of",South America,2014,18.87751960754395
GUY,"Guyana, Co-operative Republic of",South America,2015,17.91942024230957
GUY,"Guyana, Co-operative Republic of",South America,2016,18.81353950500488
GUY,"Guyana, Co-operative Republic of",South America,2017,17.73406028747559
GUY,"Guyana, Co-operative Republic of",South America,2018,16.15208053588867
GUY,"Guyana, Co-operative Republic of",South America,2025,7.236435850470511
HKG,"Hong Kong, Special Administrative Region of China",Asia,2001,22.41877937316895
HKG,"Hong Kong, Special Administrative Region of China",Asia,2002,22.20729064941406
HKG,"Hong Kong, Special Administrative Region of China",Asia,2003,23.24428939819336
HKG,"Hong Kong, Special Administrative Region of China",Asia,2004,23.15106010437012
HKG,"Hong Kong, Special Administrative Region of China",Asia,2005,22.47858047485352
HKG,"Hong Kong, Special Administrative Region of China",Asia,2006,23.28260040283203
HKG,"Hong Kong, Special Administrative Region of China",Asia,2007,22.8922290802002
HKG,"Hong Kong, Special Administrative Region of China",Asia,2008,22.92239952087402
HKG,"Hong Kong, Special Administrative Region of China",Asia,2009,24.00515937805176
HKG,"Hong Kong, Special Administrative Region of China",Asia,2010,19.90941047668457
HKG,"Hong Kong, Special Administrative Region of China",Asia,2011,20.14833068847656
HKG,"Hong Kong, Special Administrative Region of China",Asia,2012,18.64948081970215
HKG,"Hong Kong, Special Administrative Region of China",Asia,2013,20.30080032348633
HKG,"Hong Kong, Special Administrative Region of China",Asia,2014,17.62039947509766
HKG,"Hong Kong, Special Administrative Region of China",Asia,2015,18.60857009887695
HKG,"Hong Kong, Special Administrative Region of China",Asia,2016,18.12718963623047
HKG,"Hong Kong, Special Administrative Region of China",Asia,2017,17.84127998352051
HKG,"Hong Kong, Special Administrative Region of China",Asia,2018,18.78783988952637
HKG,"Hong Kong, Special Administrative Region of China",Asia,2019,20.31401062011719
HKG,"Hong Kong, Special Administrative Region of China",Asia,2020,20.62105941772461
HKG,"Hong Kong, Special Administrative Region of China",Asia,2021,13.11645984649658
HKG,"Hong Kong, Special Administrative Region of China",Asia,2022,14.38998031616211
HKG,"Hong Kong, Special Administrative Region of China",Asia,2023,13.18148040771484
HKG,"Hong Kong, Special Administrative Region of China",Asia,2024,15.74114036560059
HND,"Honduras, Republic of",North America,2013,20.99983024597168
HND,"Honduras, Republic of",North America,2014,26.86442947387695
HND,"Honduras, Republic of",North America,2015,24.64455986022949
HND,"Honduras, Republic of",North America,2018,23.15510940551758
HRV,"Croatia, Republic of",Europe,2002,7.77331018447876
HRV,"Croatia, Republic of",Europe,2003,7.795300006866455
HRV,"Croatia, Republic of",Europe,2004,7.802519798278809
HRV,"Croatia, Republic of",Europe,2007,8.56842041015625
HRV,"Croatia, Republic of",Europe,2008,9.24820041656494
HRV,"Croatia, Republic of",Europe,2009,8.861860275268555
HRV,"Croatia, Republic of",Europe,2010,8.739689826965332
HRV,"Croatia, Republic of",Europe,2011,8.452879905700684
HRV,"Croatia, Republic of",Europe,2013,9.397109985351562
HRV,"Croatia, Republic of",Europe,2017,8.7887601852417
HRV,"Croatia, Republic of",Europe,2018,8.73954963684082
HRV,"Croatia, Republic of",Europe,2019,8.90884017944336
HRV,"Croatia, Republic of",Europe,2020,8.215370178222656
HRV,"Croatia, Republic of",Europe,2021,8.504079818725586
HTI,"Haiti, Republic of",North America,2014,11.98414993286133
HTI,"Haiti, Republic of",North America,2015,14.56777954101563
HTI,"Haiti, Republic of",North America,2016,13.23316955566406
HTI,"Haiti, Republic of",North America,2017,14.69501972198486
HTI,"Haiti, Republic of",North America,2018,14.49096965789795
HTI,"Haiti, Republic of",North America,2019,12.8616709116158
HTI,"Haiti, Republic of",North America,2020,10.00410946552592
HTI,"Haiti, Republic of",North America,2021,16.10693634818653
HTI,"Haiti, Republic of",North America,2022,13.12404456183104
HTI,"Haiti, Republic of",North America,2023,11.23081088448598
HTI,"Haiti, Republic of",North America,2024,13.01935627097854
HTI,"Haiti, Republic of",North America,2025,13.17852268948353
HUN,"Hungary, Republic of",Europe,2000,10.28238010406494
HUN,"Hungary, Republic of",Europe,2001,10.43548965454102
HUN,"Hungary, Republic of",Europe,2002,10.15637969970703
HUN,"Hungary, Republic of",Europe,2003,11.79174041748047
HUN,"Hungary, Republic of",Europe,2004,10.93478965759277
HUN,"Hungary, Republic of",Europe,2005,10.78715038299561
HUN,"Hungary, Republic of",Europe,2006,10.29981994628906
HUN,"Hungary, Republic of",Europe,2007,10.29848003387451
HUN,"Hungary, Republic of",Europe,2008,10.19106960296631
HUN,"Hungary, Republic of",Europe,2009,9.783329963684082
HUN,"Hungary, Republic of",Europe,2010,9.677240371704102
HUN,"Hungary, Republic of",Europe,2011,9.301119804382324
HUN,"Hungary, Republic of",Europe,2012,8.434149742126465
HUN,"Hungary, Republic of",Europe,2013,8.367520332336426
HUN,"Hungary, Republic of",Europe,2014,9.194669723510742
HUN,"Hungary, Republic of",Europe,2015,8.922639846801758
HUN,"Hungary, Republic of",Europe,2016,9.862380027770996
HUN,"Hungary, Republic of",Europe,2017,9.94773006439209
HUN,"Hungary, Republic of",Europe,2018,10.0292501449585
HUN,"Hungary, Republic of",Europe,2019,9.164090156555176
HUN,"Hungary, Republic of",Europe,2020,8.078720092773438
HUN,"Hungary, Republic of",Europe,2021,9.678420066833496
HUN,"Hungary, Republic of",Europe,2022,7.803410053253174
IDN,"Indonesia, Republic of",Asia,2001,11.59389019012451
IDN,"Indonesia, Republic of",Asia,2002,14.36905002593994
IDN,"Indonesia, Republic of",Asia,2003,16.27817916870117
IDN,"Indonesia, Republic of",Asia,2004,14.1702995300293
IDN,"Indonesia, Republic of",Asia,2005,15.18210983276367
IDN,"Indonesia, Republic of",Asia,2007,14.93992042541504
IDN,"Indonesia, Republic of",Asia,2008,13.67475032806396
IDN,"Indonesia, Republic of",Asia,2009,19.30813980102539
IDN,"Indonesia, Republic of",Asia,2010,16.65394020080566
IDN,"Indonesia, Republic of",Asia,2011,18.0055103302002
IDN,"Indonesia, Republic of",Asia,2012,18.09041976928711
IDN,"Indonesia, Republic of",Asia,2013,17.8482608795166
IDN,"Indonesia, Republic of",Asia,2014,17.90389060974121
IDN,"Indonesia, Republic of",Asia,2015,20.35886001586914
IDN,"Indonesia, Republic of",Asia,2016,11.32283857807055
IDN,"Indonesia, Republic of",Asia,2017,10.88036268382381
IDN,"Indonesia, Republic of",Asia,2018,10.14524638809098
IDN,"Indonesia, Republic of",Asia,2019,9.342609248993478
IDN,"Indonesia, Republic of",Asia,2020,9.319640244565266
IDN,"Indonesia, Republic of",Asia,2021,8.965597690311167
IDN,"Indonesia, Republic of",Asia,2022,8.70282050991956
IDN,"Indonesia, Republic of",Asia,2025,10.5571024660163
IND,"India, Republic of",Asia,2000,16.73051071166992
IND,"India, Republic of",Asia,2003,12.41079998016357
IND,"India, Republic of",Asia,2004,11.19686031341553
IND,"India, Republic of",Asia,2005,11.20845985412598
IND,"India, Republic of",Asia,2006,11.69371032714844
IND,"India, Republic of",Asia,2009,11.19120025634766
IND,"India, Republic of",Asia,2010,11.83368015289307
IND,"India, Republic of",Asia,2011,13.56490993499756
IND,"India, Republic of",Asia,2012,13.99211978912354
IND,"India, Republic of",Asia,2013,14.05018043518066
IND,"India, Republic of",Asia,2014,15.71815397007452
IND,"India, Republic of",Asia,2015,15.69221973419189
IND,"India, Republic of",Asia,2016,15.72150039672852
IND,"India, Republic of",Asia,2017,15.80976963043213
IND,"India, Republic of",Asia,2018,16.63537979125977
IND,"India, Republic of",Asia,2019,14.82382011413574
IND,"India, Republic of",Asia,2020,15.99260997772217
IND,"India, Republic of",Asia,2021,14.92459964752197
IND,"India, Republic of",Asia,2022,14.15547447282382
IRL,Ireland,Europe,2000,13.5181999206543
IRL,Ireland,Europe,2001,12.70464992523193
IRL,Ireland,Europe,2002,12.48445987701416
IRL,Ireland,Europe,2003,12.87310981750488
IRL,Ireland,Europe,2004,13.65855979919434
IRL,Ireland,Europe,2005,13.68492984771729
IRL,Ireland,Europe,2006,13.54899978637695
IRL,Ireland,Europe,2007,13.23058986663818
IRL,Ireland,Europe,2008,13.13430976867676
IRL,Ireland,Europe,2009,13.13325023651123
IRL,Ireland,Europe,2010,9.323320388793944
IRL,Ireland,Europe,2011,12.33757019042969
IRL,Ireland,Europe,2012,13.52248954772949
IRL,Ireland,Europe,2013,13.1515998840332
IRL,Ireland,Europe,2014,12.96996974945068
IRL,Ireland,Europe,2015,12.92430973052979
IRL,Ireland,Europe,2016,13.31054019927979
IRL,Ireland,Europe,2017,13.3671703338623
IRL,Ireland,Europe,2018,13.33841991424561
IRL,Ireland,Europe,2019,13.52929973602295
IRL,Ireland,Europe,2020,11.96757984161377
IRL,Ireland,Europe,2021,12.33450984954834
IRN,"Iran, Islamic Republic of",Asia,2000,20.63385009765625
IRN,"Iran, Islamic Republic of",Asia,2001,24.42416954040527
IRN,"Iran, Islamic Republic of",Asia,2002,26.50642967224121
IRN,"Iran, Islamic Republic of",Asia,2003,22.13546943664551
IRN,"Iran, Islamic Republic of",Asia,2004,21.52145004272461
IRN,"Iran, Islamic Republic of",Asia,2005,21.89969062805176
IRN,"Iran, Islamic Republic of",Asia,2006,19.45677947998047
IRN,"Iran, Islamic Republic of",Asia,2007,20.03128051757813
IRN,"Iran, Islamic Republic of",Asia,2008,22.38460922241211
IRN,"Iran, Islamic Republic of",Asia,2009,18.56262016296387
IRN,"Iran, Islamic Republic of",Asia,2010,19.25691032409668
IRN,"Iran, Islamic Republic of",Asia,2011,20.15138053894043
IRN,"Iran, Islamic Republic of",Asia,2012,17.39579010009766
IRN,"Iran, Islamic Republic of",Asia,2013,21.67350006103516
IRN,"Iran, Islamic Republic of",Asia,2014,19.66486930847168
IRN,"Iran, Islamic Republic of",Asia,2015,18.56875038146973
IRN,"Iran, Islamic Republic of",Asia,2016,19.44543075561523
IRN,"Iran, Islamic Republic of",Asia,2017,20.30521011352539
IRN,"Iran, Islamic Republic of",Asia,2018,21.14603996276855
IRN,"Iran, Islamic Republic of",Asia,2019,21.24452972412109
IRN,"Iran, Islamic Republic of",Asia,2020,22.66550064086914
IRN,"Iran, Islamic Republic of",Asia,2022,18.82119941711426
ISL,"Iceland, Republic of",Europe,2000,14.34761047363281
ISL,"Iceland, Republic of",Europe,2001,14.14177989959717
ISL,"Iceland, Republic of",Europe,2002,16.05661010742188
ISL,"Iceland, Republic of",Europe,2003,15.15958023071289
ISL,"Iceland, Republic of",Europe,2004,15.33897018432617
ISL,"Iceland, Republic of",Europe,2005,16.30814933776855
ISL,"Iceland, Republic of",Europe,2006,16.0469799041748
ISL,"Iceland, Republic of",Europe,2007,15.51906967163086
ISL,"Iceland, Republic of",Europe,2008,11.10029983520508
ISL,"Iceland, Republic of",Europe,2009,13.41956043243408
ISL,"Iceland, Republic of",Europe,2010,14.23122024536133
ISL,"Iceland, Republic of",Europe,2011,13.43597030639648
ISL,"Iceland, Republic of",Europe,2012,15.88494968414307
ISL,"Iceland, Republic of",Europe,2013,16.20466995239258
ISL,"Iceland, Republic of",Europe,2014,16.67432975769043
ISL,"Iceland, Republic of",Europe,2015,17.1551399230957
ISL,"Iceland, Republic of",Europe,2016,16.00481986999512
ISL,"Iceland, Republic of",Europe,2017,17.07719039916992
ISL,"Iceland, Republic of",Europe,2018,17.24921989440918
ISL,"Iceland, Republic of",Europe,2019,17.44318962097168
ISL,"Iceland, Republic of",Europe,2020,16.79796981811523
ISL,"Iceland, Republic of",Europe,2021,16.59103965759277
ISL,"Iceland, Republic of",Europe,2022,15.65501022338867
ISR,"Israel, State of",Asia,2000,13.67479038238525
ISR,"Israel, State of",Asia,2001,13.40509986877441
ISR,"Israel, State of",Asia,2002,12.51935958862305
ISR,"Israel, State of",Asia,2003,13.52538967132568
ISR,"Israel, State of",Asia,2004,13.38453006744385
ISR,"Israel, State of",Asia,2005,13.1606502532959
ISR,"Israel, State of",Asia,2006,13.43054962158203
ISR,"Israel, State of",Asia,2007,13.28104019165039
ISR,"Israel, State of",Asia,2008,13.13895034790039
ISR,"Israel, State of",Asia,2009,12.93437004089355
ISR,"Israel, State of",Asia,2010,13.63444042205811
ISR,"Israel, State of",Asia,2011,13.82794952392578
ISR,"Israel, State of",Asia,2012,14.07756996154785
ISR,"Israel, State of",Asia,2013,14.55673027038574
ISR,"Israel, State of",Asia,2014,14.90192031860352
ISR,"Israel, State of",Asia,2015,15.46302032470703
ISR,"Israel, State of",Asia,2016,15.3488597869873
ISR,"Israel, State of",Asia,2017,15.70734977722168
ISR,"Israel, State of",Asia,2018,15.5355396270752
ISR,"Israel, State of",Asia,2019,15.74977970123291
ISR,"Israel, State of",Asia,2020,14.5418701171875
ISR,"Israel, State of",Asia,2021,15.40744972229004
ISR,"Israel, State of",Asia,2022,16.0677604675293
ITA,"Italy, Italian Republic",Europe,2000,9.230279922485352
ITA,"Italy, Italian Republic",Europe,2001,9.832320213317873
ITA,"Italy, Italian Republic",Europe,2002,9.496430397033691
ITA,"Italy, Italian Republic",Europe,2003,9.637439727783203
ITA,"Italy, Italian Republic",Europe,2004,9.364350318908691
ITA,"Italy, Italian Republic",Europe,2005,8.974749565124512
ITA,"Italy, Italian Republic",Europe,2006,9.471480369567873
ITA,"Italy, Italian Republic",Europe,2007,8.7716703414917
ITA,"Italy, Italian Republic",Europe,2008,9.155610084533691
ITA,"Italy, Italian Republic",Europe,2009,8.822580337524414
ITA,"Italy, Italian Republic",Europe,2010,8.667400360107422
ITA,"Italy, Italian Republic",Europe,2011,8.351200103759766
ITA,"Italy, Italian Republic",Europe,2012,7.99275016784668
ITA,"Italy, Italian Republic",Europe,2013,8.097970008850098
ITA,"Italy, Italian Republic",Europe,2014,7.966609954833984
ITA,"Italy, Italian Republic",Europe,2015,8.069100379943848
ITA,"Italy, Italian Republic",Europe,2016,7.749090194702148
ITA,"Italy, Italian Republic",Europe,2017,8.254170417785645
ITA,"Italy, Italian Republic",Europe,2018,8.776639938354492
ITA,"Italy, Italian Republic",Europe,2019,8.422369956970215
ITA,"Italy, Italian Republic",Europe,2020,7.780439853668213
ITA,"Italy, Italian Republic",Europe,2021,7.443339824676514
ITA,"Italy, Italian Republic",Europe,2022,7.405159950256348
JAM,Jamaica,North America,2000,16.79660034179688
JAM,Jamaica,North America,2001,19.99114990234375
JAM,Jamaica,North America,2002,18.36392974853516
JAM,Jamaica,North America,2003,13.36233997344971
JAM,Jamaica,North America,2004,11.73301982879639
JAM,Jamaica,North America,2005,14.26937007904053
JAM,Jamaica,North America,2007,17.17304992675781
JAM,Jamaica,North America,2008,19.11938095092773
JAM,Jamaica,North America,2009,17.5528392791748
JAM,Jamaica,North America,2010,16.10293960571289
JAM,Jamaica,North America,2011,18.58193016052246
JAM,Jamaica,North America,2012,18.80925941467285
JAM,Jamaica,North America,2013,20.57386016845703
JAM,Jamaica,North America,2014,21.79748916625977
JAM,Jamaica,North America,2015,20.05147933959961
JAM,Jamaica,North America,2016,19.14512062072754
JAM,Jamaica,North America,2017,18.40254020690918
JAM,Jamaica,North America,2018,18.58399963378906
JAM,Jamaica,North America,2019,17.31398963928223
JAM,Jamaica,North America,2021,17.41790008544922
JAM,Jamaica,North America,2022,16.93285942077637
JAM,Jamaica,North America,2024,17.86577033996582
JOR,"Jordan, Hashemite Kingdom of",Asia,2010,10.69395401981491
JOR,"Jordan, Hashemite Kingdom of",Asia,2011,11.09997597353175
JOR,"Jordan, Hashemite Kingdom of",Asia,2012,11.87684168839197
JOR,"Jordan, Hashemite Kingdom of",Asia,2013,13.07868718131611
JOR,"Jordan, Hashemite Kingdom of",Asia,2014,12.55225712879914
JOR,"Jordan, Hashemite Kingdom of",Asia,2015,13.1707308975649
JOR,"Jordan, Hashemite Kingdom of",Asia,2016,11.5762996673584
JOR,"Jordan, Hashemite Kingdom of",Asia,2017,10.85793972015381
JOR,"Jordan, Hashemite Kingdom of",Asia,2018,9.239620208740234
JOR,"Jordan, Hashemite Kingdom of",Asia,2019,9.236700057983398
JOR,"Jordan, Hashemite Kingdom of",Asia,2020,11.96798131241838
JOR,"Jordan, Hashemite Kingdom of",Asia,2021,9.216389656066896
JOR,"Jordan, Hashemite Kingdom of",Asia,2022,9.476269721984863
JOR,"Jordan, Hashemite Kingdom of",Asia,2023,11.55861289402402
JOR,"Jordan, Hashemite Kingdom of",Asia,2024,9.785690307617188
KAZ,"Kazakhstan, Republic of",Asia,2000,0.0
KAZ,"Kazakhstan, Republic of",Asia,2002,14.75948047637939
KAZ,"Kazakhstan, Republic of",Asia,2004,10.60968017578125
KAZ,"Kazakhstan, Republic of",Asia,2005,10.28594970703125
KAZ,"Kazakhstan, Republic of",Asia,2006,13.26669979095459
KAZ,"Kazakhstan, Republic of",Asia,2007,11.94447040557861
KAZ,"Kazakhstan, Republic of",Asia,2008,13.64694023132324
KAZ,"Kazakhstan, Republic of",Asia,2009,13.04090023040771
KAZ,"Kazakhstan, Republic of",Asia,2010,15.91928479165183
KAZ,"Kazakhstan, Republic of",Asia,2011,16.97598616377303
KAZ,"Kazakhstan, Republic of",Asia,2012,17.76632605120977
KAZ,"Kazakhstan, Republic of",Asia,2013,17.32329650992277
KAZ,"Kazakhstan, Republic of",Asia,2014,16.08365153861613
KAZ,"Kazakhstan, Republic of",Asia,2015,12.193039894104
KAZ,"Kazakhstan, Republic of",Asia,2016,13.84409999847412
KAZ,"Kazakhstan, Republic of",Asia,2017,11.4199104309082
KAZ,"Kazakhstan, Republic of",Asia,2018,13.88018035888672
KAZ,"Kazakhstan, Republic of",Asia,2019,14.10953044891357
KAZ,"Kazakhstan, Republic of",Asia,2020,17.99516493085393
KAZ,"Kazakhstan, Republic of",Asia,2021,19.82799145375141
KAZ,"Kazakhstan, Republic of",Asia,2022,20.05521042883349
KAZ,"Kazakhstan, Republic of",Asia,2023,20.79612922668457
KAZ,"Kazakhstan, Republic of",Asia,2024,21.95535386566118
KEN,"Kenya, Republic of",Africa,2000,24.06613922119141
KEN,"Kenya, Republic of",Africa,2001,22.96161079406738
KEN,"Kenya, Republic of",Africa,2002,26.84721946716309
KEN,"Kenya, Republic of",Africa,2003,25.8499698638916
KEN,"Kenya, Republic of",Africa,2004,27.59770965576172
KEN,"Kenya, Republic of",Africa,2005,28.94343948364258
KEN,"Kenya, Republic of",Africa,2006,26.95387077331543
KEN,"Kenya, Republic of",Africa,2010,20.35201072692871
KEN,"Kenya, Republic of",Africa,2011,20.19197082519531
KEN,"Kenya, Republic of",Africa,2012,19.48481941223145
KEN,"Kenya, Republic of",Africa,2013,18.68946075439453
KEN,"Kenya, Republic of",Africa,2014,17.8151798248291
KEN,"Kenya, Republic of",Africa,2015,17.36208915710449
KEN,"Kenya, Republic of",Africa,2016,17.49838066101074
KEN,"Kenya, Republic of",Africa,2017,17.63139915466309
KEN,"Kenya, Republic of",Africa,2018,18.95112037658691
KEN,"Kenya, Republic of",Africa,2019,19.05114365316146
KEN,"Kenya, Republic of",Africa,2020,17.76485477092805
KEN,"Kenya, Republic of",Africa,2021,17.27012062487641
KEN,"Kenya, Republic of",Africa,2022,16.08167547957224
KEN,"Kenya, Republic of",Africa,2023,24.99424813407208
KEN,"Kenya, Republic of",Africa,2024,27.92465549914242
KEN,"Kenya, Republic of",Africa,2025,28.54065464864895
KGZ,Kyrgyz Republic,Asia,2000,11.61130046844482
KGZ,Kyrgyz Republic,Asia,2001,13.72138977050781
KGZ,Kyrgyz Republic,Asia,2002,15.14647006988525
KGZ,Kyrgyz Republic,Asia,2003,15.93953037261963
KGZ,Kyrgyz Republic,Asia,2004,16.24381065368652
KGZ,Kyrgyz Republic,Asia,2005,16.76840019226074
KGZ,Kyrgyz Republic,Asia,2006,19.0526008605957
KGZ,Kyrgyz Republic,Asia,2007,21.85145950317383
KGZ,Kyrgyz Republic,Asia,2008,21.20623970031738
KGZ,Kyrgyz Republic,Asia,2009,19.15300941467285
KGZ,Kyrgyz Republic,Asia,2010,15.68130970001221
KGZ,Kyrgyz Republic,Asia,2011,18.17252922058105
KGZ,Kyrgyz Republic,Asia,2012,18.19500923156738
KGZ,Kyrgyz Republic,Asia,2013,17.77379035949707
KGZ,Kyrgyz Republic,Asia,2014,14.36483955383301
KGZ,Kyrgyz Republic,Asia,2015,15.71675968170166
KGZ,Kyrgyz Republic,Asia,2016,16.92091941833496
KGZ,Kyrgyz Republic,Asia,2017,16.27813911437988
KGZ,Kyrgyz Republic,Asia,2018,16.79590034484863
KGZ,Kyrgyz Republic,Asia,2019,16.47274971008301
KGZ,Kyrgyz Republic,Asia,2020,17.87512969970703
KGZ,Kyrgyz Republic,Asia,2021,16.106689453125
KGZ,Kyrgyz Republic,Asia,2022,23.51836483215024
KGZ,Kyrgyz Republic,Asia,2023,22.10962153337157
KGZ,Kyrgyz Republic,Asia,2024,19.64759166999856
KHM,"Cambodia, Kingdom of",Asia,2000,11.07901000976563
KHM,"Cambodia, Kingdom of",Asia,2001,11.3807897567749
KHM,"Cambodia, Kingdom of",Asia,2002,10.13757038116455
KHM,"Cambodia, Kingdom of",Asia,2004,12.40431022644043
KHM,"Cambodia, Kingdom of",Asia,2007,11.1035099029541
KHM,"Cambodia, Kingdom of",Asia,2009,8.165240287780762
KHM,"Cambodia, Kingdom of",Asia,2010,7.337470054626465
KHM,"Cambodia, Kingdom of",Asia,2011,7.335400104522705
KHM,"Cambodia, Kingdom of",Asia,2012,7.199850082397461
KHM,"Cambodia, Kingdom of",Asia,2013,9.59706974029541
KHM,"Cambodia, Kingdom of",Asia,2014,8.791600227355957
KHM,"Cambodia, Kingdom of",Asia,2018,9.97500991821289
KHM,"Cambodia, Kingdom of",Asia,2019,12.13110673475463
KHM,"Cambodia, Kingdom of",Asia,2020,11.06877199074884
KHM,"Cambodia, Kingdom of",Asia,2021,9.34959951214734
KHM,"Cambodia, Kingdom of",Asia,2022,11.67428084419715
KHM,"Cambodia, Kingdom of",Asia,2023,12.01438511188561
KHM,"Cambodia, Kingdom of",Asia,2024,11.23393228785298
KHM,"Cambodia, Kingdom of",Asia,2025,11.55124635662714
KIR,"Kiribati, Republic of",Oceania,2000,15.26541996002197
KIR,"Kiribati, Republic of",Oceania,2001,11.51613998413086
KIR,"Kiribati, Republic of",Oceania,2012,24.30519466939581
KIR,"Kiribati, Republic of",Oceania,2013,24.07540892999183
KIR,"Kiribati, Republic of",Oceania,2014,21.31180121567801
KIR,"Kiribati, Republic of",Oceania,2015,20.11219836320453
KIR,"Kiribati, Republic of",Oceania,2016,18.46271252048994
KIR,"Kiribati, Republic of",Oceania,2017,15.29908977818064
KIR,"Kiribati, Republic of",Oceania,2018,20.66576720485671
KIR,"Kiribati, Republic of",Oceania,2019,17.94155720681782
KIR,"Kiribati, Republic of",Oceania,2020,20.17760858579944
KIR,"Kiribati, Republic of",Oceania,2021,19.27184167279387
KIR,"Kiribati, Republic of",Oceania,2022,18.89857382096768
KIR,"Kiribati, Republic of",Oceania,2023,21.6432047478521
KIR,"Kiribati, Republic of",Oceania,2024,20.11529243045446
KNA,"Saint Kitts and Nevis, Federation of",North America,2000,13.68505001068115
KNA,"Saint Kitts and Nevis, Federation of",North America,2001,14.31910991668701
KNA,"Saint Kitts and Nevis, Federation of",North America,2002,11.05932998657227
KNA,"Saint Kitts and Nevis, Federation of",North America,2003,12.28806018829346
KNA,"Saint Kitts and Nevis, Federation of",North America,2004,11.79026031494141
KNA,"Saint Kitts and Nevis, Federation of",North America,2005,11.05620956420898
KNA,"Saint Kitts and Nevis, Federation of",North America,2006,12.47840976715088
KNA,"Saint Kitts and Nevis, Federation of",North America,2007,13.0518102645874
KNA,"Saint Kitts and Nevis, Federation of",North America,2010,8.654870591694438
KNA,"Saint Kitts and Nevis, Federation of",North America,2011,10.65097158741
KNA,"Saint Kitts and Nevis, Federation of",North America,2012,11.43145105621606
KNA,"Saint Kitts and Nevis, Federation of",North America,2013,13.31337849841601
KNA,"Saint Kitts and Nevis, Federation of",North America,2014,12.21721643130057
KNA,"Saint Kitts and Nevis, Federation of",North America,2015,8.773480415344238
KNA,"Saint Kitts and Nevis, Federation of",North America,2016,14.36052034119215
KNA,"Saint Kitts and Nevis, Federation of",North America,2017,13.26362534510543
KNA,"Saint Kitts and Nevis, Federation of",North America,2018,10.10633977194714
KNA,"Saint Kitts and Nevis, Federation of",North America,2019,8.638546946684855
KNA,"Saint Kitts and Nevis, Federation of",North America,2020,9.614765157726564
KNA,"Saint Kitts and Nevis, Federation of",North America,2021,6.757699966430664
KNA,"Saint Kitts and Nevis, Federation of",North America,2022,7.725908564401099
KNA,"Saint Kitts and Nevis, Federation of",North America,2023,9.075799049679418
KNA,"Saint Kitts and Nevis, Federation of",North America,2024,10.20318256581093
KNA,"Saint Kitts and Nevis, Federation of",North America,2025,11.00218222628169
KWT,"Kuwait, State of",Asia,2001,22.01040077209473
KWT,"Kuwait, State of",Asia,2002,15.82322978973389
KWT,"Kuwait, State of",Asia,2004,14.49789047241211
KWT,"Kuwait, State of",Asia,2005,13.40655994415283
KWT,"Kuwait, State of",Asia,2006,13.04942989349365
KWT,"Kuwait, State of",Asia,2016,11.25300673389
KWT,"Kuwait, State of",Asia,2017,11.86198941652984
KWT,"Kuwait, State of",Asia,2018,12.15754821435901
KWT,"Kuwait, State of",Asia,2019,12.85029939538648
KWT,"Kuwait, State of",Asia,2020,12.43980164756156
KWT,"Kuwait, State of",Asia,2021,12.0027574509284
KWT,"Kuwait, State of",Asia,2022,12.26316518781819
KWT,"Kuwait, State of",Asia,2023,12.57962268366565
KWT,"Kuwait, State of",Asia,2024,12.68860989089407
KWT,"Kuwait, State of",Asia,2025,13.84522093260029
LAO,Lao People's Democratic Republic,Asia,2000,7.295569896697998
LAO,Lao People's Democratic Republic,Asia,2001,9.94657039642334
LAO,Lao People's Democratic Republic,Asia,2002,15.26266002655029
LAO,Lao People's Democratic Republic,Asia,2004,15.87508010864258
LAO,Lao People's Democratic Republic,Asia,2005,14.12926959991455
LAO,Lao People's Democratic Republic,Asia,2006,17.76235961914063
LAO,Lao People's Democratic Republic,Asia,2007,18.1017894744873
LAO,Lao People's Democratic Republic,Asia,2008,13.00520992279053
LAO,Lao People's Democratic Republic,Asia,2009,7.463099956512451
LAO,Lao People's Democratic Republic,Asia,2010,7.246960163116455
LAO,Lao People's Democratic Republic,Asia,2011,8.2595796585083
LAO,Lao People's Democratic Republic,Asia,2012,7.368390083312988
LAO,Lao People's Democratic Republic,Asia,2013,13.34101009368896
LAO,Lao People's Democratic Republic,Asia,2014,11.75734996795654
LAO,Lao People's Democratic Republic,Asia,2015,10.46939689717049
LAO,Lao People's Democratic Republic,Asia,2016,12.89050726641641
LAO,Lao People's Democratic Republic,Asia,2017,11.43893559961442
LAO,Lao People's Democratic Republic,Asia,2018,11.16837801407134
LAO,Lao People's Democratic Republic,Asia,2019,10.83162056832696
LAO,Lao People's Democratic Republic,Asia,2020,10.66222109241873
LAO,Lao People's Democratic Republic,Asia,2021,11.50620642277846
LAO,Lao People's Democratic Republic,Asia,2022,9.824934171803848
LAO,Lao People's Democratic Republic,Asia,2023,9.803671883860725
LAO,Lao People's Democratic Republic,Asia,2024,8.241551313701287
LBN,"Lebanon, Lebanese Republic",Asia,2001,7.421249866485596
LBN,"Lebanon, Lebanese Republic",Asia,2002,7.056300163269043
LBN,"Lebanon, Lebanese Republic",Asia,2004,7.931230068206787
LBN,"Lebanon, Lebanese Republic",Asia,2005,8.421310424804688
LBN,"Lebanon, Lebanese Republic",Asia,2006,7.693190097808838
LBN,"Lebanon, Lebanese Republic",Asia,2007,7.341040134429932
LBN,"Lebanon, Lebanese Republic",Asia,2008,5.869770050048828
LBN,"Lebanon, Lebanese Republic",Asia,2009,5.502999782562256
LBN,"Lebanon, Lebanese Republic",Asia,2010,5.534289836883545
LBN,"Lebanon, Lebanese Republic",Asia,2011,5.733809947967529
LBN,"Lebanon, Lebanese Republic",Asia,2012,7.10915994644165
LBN,"Lebanon, Lebanese Republic",Asia,2013,8.575519561767578
LBN,"Lebanon, Lebanese Republic",Asia,2016,7.148961776273905
LBN,"Lebanon, Lebanese Republic",Asia,2017,7.147536183384924
LBN,"Lebanon, Lebanese Republic",Asia,2018,8.047454523069348
LBN,"Lebanon, Lebanese Republic",Asia,2019,8.143953447501515
LBN,"Lebanon, Lebanese Republic",Asia,2020,9.89828549998226
LBN,"Lebanon, Lebanese Republic",Asia,2022,8.858170430357449
LBN,"Lebanon, Lebanese Republic",Asia,2024,6.113990880418318
LBN,"Lebanon, Lebanese Republic",Asia,2025,8.59284340785173
LBR,"Liberia, Republic of",Africa,2008,6.454070091247559
LBR,"Liberia, Republic of",Africa,2012,5.184340000152588
LBR,"Liberia, Republic of",Africa,2013,5.652689933776855
LBR,"Liberia, Republic of",Africa,2014,6.760149955749512
LBR,"Liberia, Republic of",Africa,2017,7.769100189208984
LBR,"Liberia, Republic of",Africa,2018,7.96435022354126
LBR,"Liberia, Republic of",Africa,2021,7.366199970245361
LCA,Saint Lucia,North America,2001,25.85462951660156
LCA,Saint Lucia,North America,2003,15.42216014862061
LCA,Saint Lucia,North America,2004,15.04104042053223
LCA,Saint Lucia,North America,2005,16.30697059631348
LCA,Saint Lucia,North America,2006,19.01137924194336
LCA,Saint Lucia,North America,2008,19.9433708190918
LCA,Saint Lucia,North America,2009,13.89531993865967
LCA,Saint Lucia,North America,2010,14.20207977294922
LCA,Saint Lucia,North America,2011,13.83675956726074
LCA,Saint Lucia,North America,2012,12.19244956970215
LCA,Saint Lucia,North America,2013,13.84786033630371
LCA,Saint Lucia,North America,2014,15.30152034759521
LCA,Saint Lucia,North America,2015,16.45298004150391
LCA,Saint Lucia,North America,2016,21.97570037841797
LCA,Saint Lucia,North America,2017,14.09973625126395
LCA,Saint Lucia,North America,2018,14.30671977996826
LCA,Saint Lucia,North America,2019,14.0734395980835
LCA,Saint Lucia,North America,2020,14.39326953887939
LCA,Saint Lucia,North America,2021,14.46758634149414
LCA,Saint Lucia,North America,2022,16.89816093444824
LCA,Saint Lucia,North America,2023,11.99497985839844
LCA,Saint Lucia,North America,2024,13.84879365079365
LCA,Saint Lucia,North America,2025,12.7481294348599
LKA,"Sri Lanka, Democratic Socialist Republic of",Asia,2009,8.270790100097656
LKA,"Sri Lanka, Democratic Socialist Republic of",Asia,2010,8.605660438537598
LKA,"Sri Lanka, Democratic Socialist Republic of",Asia,2011,9.110159873962402
LKA,"Sri Lanka, Democratic Socialist Republic of",Asia,2012,8.39402961730957
LKA,"Sri Lanka, Democratic Socialist Republic of",Asia,2013,9.419949531555176
LKA,"Sri Lanka, Democratic Socialist Republic of",Asia,2014,10.82396030426025
LKA,"Sri Lanka, Democratic Socialist Republic of",Asia,2015,10.95026016235352
LKA,"Sri Lanka, Democratic Socialist Republic of",Asia,2016,17.728759765625
LKA,"Sri Lanka, Democratic Socialist Republic of",Asia,2017,14.49975967407227
LKA,"Sri Lanka, Democratic Socialist Republic of",Asia,2018,11.33090019226074
LKA,"Sri Lanka, Democratic Socialist Republic of",Asia,2020,5.468591600836235
LKA,"Sri Lanka, Democratic Socialist Republic of",Asia,2021,5.038812340874119
LKA,"Sri Lanka, Democratic Socialist Republic of",Asia,2022,5.345830425661076
LKA,"Sri Lanka, Democratic Socialist Republic of",Asia,2023,8.67846709056539
LKA,"Sri Lanka, Democratic Socialist Republic of",Asia,2024,7.222699914015478
LSO,"Lesotho, Kingdom of",Africa,2000,19.14159965515137
LSO,"Lesotho, Kingdom of",Africa,2001,22.96562957763672
LSO,"Lesotho, Kingdom of",Africa,2002,23.48707962036133
LSO,"Lesotho, Kingdom of",Africa,2003,31.50684928894043
LSO,"Lesotho, Kingdom of",Africa,2004,27.16360092163086
LSO,"Lesotho, Kingdom of",Africa,2005,32.5390510559082
LSO,"Lesotho, Kingdom of",Africa,2006,28.95932006835938
LSO,"Lesotho, Kingdom of",Africa,2008,24.21858024597168
LSO,"Lesotho, Kingdom of",Africa,2015,13.93599496099617
LSO,"Lesotho, Kingdom of",Africa,2016,13.99764024455647
LSO,"Lesotho, Kingdom of",Africa,2017,15.115309715271
LSO,"Lesotho, Kingdom of",Africa,2018,14.08535003662109
LSO,"Lesotho, Kingdom of",Africa,2023,10.99967960836137
LSO,"Lesotho, Kingdom of",Africa,2024,10.37344398340249
LTU,"Lithuania, Republic of",Europe,2001,15.99485015869141
LTU,"Lithuania, Republic of",Europe,2002,16.81158065795898
LTU,"Lithuania, Republic of",Europe,2003,15.56124019622803
LTU,"Lithuania, Republic of",Europe,2004,15.18828010559082
LTU,"Lithuania, Republic of",Europe,2005,14.30047035217285
LTU,"Lithuania, Republic of",Europe,2006,14.04924011230469
LTU,"Lithuania, Republic of",Europe,2007,13.02009010314941
LTU,"Lithuania, Republic of",Europe,2008,12.69242000579834
LTU,"Lithuania, Republic of",Europe,2009,12.42465019226074
LTU,"Lithuania, Republic of",Europe,2010,12.47957992553711
LTU,"Lithuania, Republic of",Europe,2011,12.86353015899658
LTU,"Lithuania, Republic of",Europe,2012,13.06536960601807
LTU,"Lithuania, Republic of",Europe,2013,12.93937015533447
LTU,"Lithuania, Republic of",Europe,2014,12.87658023834229
LTU,"Lithuania, Republic of",Europe,2015,11.97869968414307
LTU,"Lithuania, Republic of",Europe,2016,11.63877964019775
LTU,"Lithuania, Republic of",Europe,2017,11.42453002929688
LTU,"Lithuania, Republic of",Europe,2018,11.41294956207275
LTU,"Lithuania, Republic of",Europe,2019,11.37759017944336
LTU,"Lithuania, Republic of",Europe,2020,10.56414031982422
LTU,"Lithuania, Republic of",Europe,2021,11.35999011993408
LTU,"Lithuania, Republic of",Europe,2022,11.73038005828857
LUX,"Luxembourg, Grand Duchy of",Europe,2001,9.280659675598145
LUX,"Luxembourg, Grand Duchy of",Europe,2012,9.274550437927246
LUX,"Luxembourg, Grand Duchy of",Europe,2014,9.49374008178711
LUX,"Luxembourg, Grand Duchy of",Europe,2015,9.334429740905762
LUX,"Luxembourg, Grand Duchy of",Europe,2017,8.446260452270508
LUX,"Luxembourg, Grand Duchy of",Europe,2018,8.643280029296875
LUX,"Luxembourg, Grand Duchy of",Europe,2019,8.676429748535156
LUX,"Luxembourg, Grand Duchy of",Europe,2020,8.194990158081055
LUX,"Luxembourg, Grand Duchy of",Europe,2021,8.690329551696777
LUX,"Luxembourg, Grand Duchy of",Europe,2022,8.450380325317383
LVA,"Latvia, Republic of",Europe,2000,14.60147953033447
LVA,"Latvia, Republic of",Europe,2001,15.87751960754395
LVA,"Latvia, Republic of",Europe,2002,16.37018013000488
LVA,"Latvia, Republic of",Europe,2003,15.37675952911377
LVA,"Latvia, Republic of",Europe,2004,14.50181007385254
LVA,"Latvia, Republic of",Europe,2006,13.91162967681885
LVA,"Latvia, Republic of",Europe,2007,14.06704998016357
LVA,"Latvia, Republic of",Europe,2008,14.76309967041016
LVA,"Latvia, Republic of",Europe,2009,13.02513980865479
LVA,"Latvia, Republic of",Europe,2010,11.8090295791626
LVA,"Latvia, Republic of",Europe,2011,12.71531009674072
LVA,"Latvia, Republic of",Europe,2012,17.73654937744141
LVA,"Latvia, Republic of",Europe,2013,18.74402046203613
LVA,"Latvia, Republic of",Europe,2014,13.97237014770508
LVA,"Latvia, Republic of",Europe,2015,14.12740993499756
LVA,"Latvia, Republic of",Europe,2016,12.89328956604004
LVA,"Latvia, Republic of",Europe,2017,11.97128009796143
LVA,"Latvia, Republic of",Europe,2018,11.15254020690918
LVA,"Latvia, Republic of",Europe,2019,11.76817035675049
LVA,"Latvia, Republic of",Europe,2020,11.71951961517334
LVA,"Latvia, Republic of",Europe,2021,10.69342041015625
LVA,"Latvia, Republic of",Europe,2022,9.921030044555664
MAC,"Macao, Special Administrative Region of China",Asia,2000,11.83891010284424
MAC,"Macao, Special Administrative Region of China",Asia,2001,11.09216022491455
MAC,"Macao, Special Administrative Region of China",Asia,2002,10.71469020843506
MAC,"Macao, Special Administrative Region of China",Asia,2003,10.38807010650635
MAC,"Macao, Special Administrative Region of China",Asia,2004,9.002079963684082
MAC,"Macao, Special Administrative Region of China",Asia,2005,8.113349914550781
MAC,"Macao, Special Administrative Region of China",Asia,2006,11.18393039703369
MAC,"Macao, Special Administrative Region of China",Asia,2007,9.946459770202637
MAC,"Macao, Special Administrative Region of China",Asia,2008,10.44556999206543
MAC,"Macao, Special Administrative Region of China",Asia,2009,11.3725004196167
MAC,"Macao, Special Administrative Region of China",Asia,2010,12.97941970825195
MAC,"Macao, Special Administrative Region of China",Asia,2011,14.63311004638672
MAC,"Macao, Special Administrative Region of China",Asia,2012,22.32860946655273
MAC,"Macao, Special Administrative Region of China",Asia,2013,12.58631992340088
MAC,"Macao, Special Administrative Region of China",Asia,2014,13.6573600769043
MAC,"Macao, Special Administrative Region of China",Asia,2015,13.41969966888428
MAC,"Macao, Special Administrative Region of China",Asia,2016,13.83483982086182
MAC,"Macao, Special Administrative Region of China",Asia,2017,14.10256958007813
MAC,"Macao, Special Administrative Region of China",Asia,2018,15.15968990325928
MAC,"Macao, Special Administrative Region of China",Asia,2019,16.59794998168945
MAC,"Macao, Special Administrative Region of China",Asia,2020,14.16965961456299
MAC,"Macao, Special Administrative Region of China",Asia,2021,14.68649005889893
MAC,"Macao, Special Administrative Region of China",Asia,2022,12.26790046691895
MAR,"Morocco, Kingdom of",Africa,2008,17.47064018249512
MAR,"Morocco, Kingdom of",Africa,2009,17.29528999328613
MAR,"Morocco, Kingdom of",Africa,2012,20.74607850492187
MAR,"Morocco, Kingdom of",Africa,2014,22.06394278413318
MAR,"Morocco, Kingdom of",Africa,2015,22.2395469824195
MAR,"Morocco, Kingdom of",Africa,2016,22.25735674888952
MAR,"Morocco, Kingdom of",Africa,2017,21.64990385788905
MAR,"Morocco, Kingdom of",Africa,2018,22.44476135166153
MAR,"Morocco, Kingdom of",Africa,2019,21.46507082738493
MAR,"Morocco, Kingdom of",Africa,2020,24.15809398801193
MAR,"Morocco, Kingdom of",Africa,2021,23.75648300450683
MAR,"Morocco, Kingdom of",Africa,2022,23.86566628044771
MAR,"Morocco, Kingdom of",Africa,2023,22.82552009868947
MAR,"Morocco, Kingdom of",Africa,2024,23.27887880123122
MCO,"Monaco, Principality of",Europe,2000,6.327899932861328
MCO,"Monaco, Principality of",Europe,2004,5.925950050354004
MCO,"Monaco, Principality of",Europe,2009,6.598810195922852
MCO,"Monaco, Principality of",Europe,2010,6.36322021484375
MCO,"Monaco, Principality of",Europe,2011,8.076169967651367
MCO,"Monaco, Principality of",Europe,2012,8.87594985961914
MCO,"Monaco, Principality of",Europe,2013,7.059219837188721
MCO,"Monaco, Principality of",Europe,2014,5.008860111236572
MCO,"Monaco, Principality of",Europe,2016,6.596549987792969
MCO,"Monaco, Principality of",Europe,2017,6.980629920959473
MCO,"Monaco, Principality of",Europe,2019,5.029270172119141
MCO,"Monaco, Principality of",Europe,2021,5.873690128326416
MCO,"Monaco, Principality of",Europe,2022,4.795989990234375
MCO,"Monaco, Principality of",Europe,2023,7.732029914855957
MDA,"Moldova, Republic of",Europe,2000,12.92393016815186
MDA,"Moldova, Republic of",Europe,2001,16.42476081848145
MDA,"Moldova, Republic of",Europe,2002,17.88434028625488
MDA,"Moldova, Republic of",Europe,2003,16.19259071350098
MDA,"Moldova, Republic of",Europe,2004,19.4520206451416
MDA,"Moldova, Republic of",Europe,2005,19.29664993286133
MDA,"Moldova, Republic of",Europe,2006,18.60881996154785
MDA,"Moldova, Republic of",Europe,2007,19.41696929931641
MDA,"Moldova, Republic of",Europe,2008,19.8500804901123
MDA,"Moldova, Republic of",Europe,2009,20.99263000488281
MDA,"Moldova, Republic of",Europe,2010,22.26700973510742
MDA,"Moldova, Republic of",Europe,2011,21.91588020324707
MDA,"Moldova, Republic of",Europe,2012,20.74197006225586
MDA,"Moldova, Republic of",Europe,2013,18.27648746613956
MDA,"Moldova, Republic of",Europe,2014,18.76510047912598
MDA,"Moldova, Republic of",Europe,2015,18.23871988412744
MDA,"Moldova, Republic of",Europe,2016,18.62162971496582
MDA,"Moldova, Republic of",Europe,2017,18.43283081054688
MDA,"Moldova, Republic of",Europe,2018,17.56772994995117
MDA,"Moldova, Republic of",Europe,2019,19.46438026428223
MDA,"Moldova, Republic of",Europe,2020,17.99377059936523
MDA,"Moldova, Republic of",Europe,2021,16.84165000915527
MDA,"Moldova, Republic of",Europe,2022,16.69313049316406
MDA,"Moldova, Republic of",Europe,2023,16.88652992248535
MDA,"Moldova, Republic of",Europe,2024,15.96476004511937
MDG,"Madagascar, Republic of",Africa,2000,15.89050960540771
MDG,"Madagascar, Republic of",Africa,2001,17.68247032165527
MDG,"Madagascar, Republic of",Africa,2002,17.93675994873047
MDG,"Madagascar, Republic of",Africa,2003,15.76313972473145
MDG,"Madagascar, Republic of",Africa,2004,12.96076965332031
MDG,"Madagascar, Republic of",Africa,2005,18.03303909301758
MDG,"Madagascar, Republic of",Africa,2006,15.32419013977051
MDG,"Madagascar, Republic of",Africa,2007,18.0445499420166
MDG,"Madagascar, Republic of",Africa,2008,16.25814056396484
MDG,"Madagascar, Republic of",Africa,2009,22.58583068847656
MDG,"Madagascar, Republic of",Africa,2010,18.6357054482013
MDG,"Madagascar, Republic of",Africa,2011,19.77969932556152
MDG,"Madagascar, Republic of",Africa,2012,20.3257999420166
MDG,"Madagascar, Republic of",Africa,2013,13.9893798828125
MDG,"Madagascar, Republic of",Africa,2014,18.96677017211914
MDG,"Madagascar, Republic of",Africa,2015,16.96290969848633
MDG,"Madagascar, Republic of",Africa,2016,19.83818054199219
MDG,"Madagascar, Republic of",Africa,2018,19.81801986694336
MDG,"Madagascar, Republic of",Africa,2019,17.9527918245618
MDV,"Maldives, Republic of",Asia,2002,21.20602989196777
MDV,"Maldives, Republic of",Asia,2003,20.18581008911133
MDV,"Maldives, Republic of",Asia,2004,19.37100028991699
MDV,"Maldives, Republic of",Asia,2005,12.93610000610352
MDV,"Maldives, Republic of",Asia,2006,13.25502014160156
MDV,"Maldives, Republic of",Asia,2007,12.6912899017334
MDV,"Maldives, Republic of",Asia,2008,12.56846046447754
MDV,"Maldives, Republic of",Asia,2009,13.73838996887207
MDV,"Maldives, Republic of",Asia,2010,10.94631004333496
MDV,"Maldives, Republic of",Asia,2011,9.854999542236328
MDV,"Maldives, Republic of",Asia,2012,11.22364044189453
MDV,"Maldives, Republic of",Asia,2013,12.55389976501465
MDV,"Maldives, Republic of",Asia,2014,10.61962985992432
MDV,"Maldives, Republic of",Asia,2015,11.44925022125244
MDV,"Maldives, Republic of",Asia,2016,9.805020332336426
MDV,"Maldives, Republic of",Asia,2017,11.35420883247632
MDV,"Maldives, Republic of",Asia,2018,11.38990175854686
MDV,"Maldives, Republic of",Asia,2019,12.05514433717882
MDV,"Maldives, Republic of",Asia,2020,10.50504097325459
MDV,"Maldives, Republic of",Asia,2021,10.03292621907933
MDV,"Maldives, Republic of",Asia,2022,11.07644473108537
MDV,"Maldives, Republic of",Asia,2023,10.6328052020158
MDV,"Maldives, Republic of",Asia,2024,10.7169075614071
MDV,"Maldives, Republic of",Asia,2025,9.64509696301341
MEX,"Mexico, United Mexican States",North America,2000,19.6461296081543
MEX,"Mexico, United Mexican States",North America,2001,20.62428092956543
MEX,"Mexico, United Mexican States",North America,2002,21.46491050720215
MEX,"Mexico, United Mexican States",North America,2003,22.47187042236328
MEX,"Mexico, United Mexican States",North America,2004,22.05382919311523
MEX,"Mexico, United Mexican States",North America,2005,21.90378952026367
MEX,"Mexico, United Mexican States",North America,2006,20.82431983947754
MEX,"Mexico, United Mexican States",North America,2007,19.88907051086426
MEX,"Mexico, United Mexican States",North America,2008,17.38015937805176
MEX,"Mexico, United Mexican States",North America,2009,18.66511917114258
MEX,"Mexico, United Mexican States",North America,2010,18.6425895690918
MEX,"Mexico, United Mexican States",North America,2011,18.4210205078125
MEX,"Mexico, United Mexican States",North America,2012,18.08719062805176
MEX,"Mexico, United Mexican States",North America,2013,16.90599060058594
MEX,"Mexico, United Mexican States",North America,2014,18.80594062805176
MEX,"Mexico, United Mexican States",North America,2015,19.01874923706055
MEX,"Mexico, United Mexican States",North America,2016,17.93932914733887
MEX,"Mexico, United Mexican States",North America,2017,17.57729911804199
MEX,"Mexico, United Mexican States",North America,2018,16.57785034179688
MEX,"Mexico, United Mexican States",North America,2020,16.19585990905762
MEX,"Mexico, United Mexican States",North America,2021,15.88313007354736
MEX,"Mexico, United Mexican States",North America,2022,14.23610973358154
MHL,"Marshall Islands, Republic of the",Oceania,2002,14.81420040130615
MHL,"Marshall Islands, Republic of the",Oceania,2003,22.50875091552734
MHL,"Marshall Islands, Republic of the",Oceania,2013,26.10197514242207
MHL,"Marshall Islands, Republic of the",Oceania,2014,27.39333001730287
MHL,"Marshall Islands, Republic of the",Oceania,2015,26.74951207220904
MHL,"Marshall Islands, Republic of the",Oceania,2016,24.65839914449386
MHL,"Marshall Islands, Republic of the",Oceania,2017,22.38800312770158
MHL,"Marshall Islands, Republic of the",Oceania,2018,21.69809540762708
MHL,"Marshall Islands, Republic of the",Oceania,2019,15.04273986816406
MHL,"Marshall Islands, Republic of the",Oceania,2020,19.3691905422672
MHL,"Marshall Islands, Republic of the",Oceania,2021,22.8696172819017
MHL,"Marshall Islands, Republic of the",Oceania,2022,11.34535980224609
MKD,"Macedonia, The Former Yugoslav Republic of",Europe,2002,8.64087963104248
MLI,"Mali, Republic of",Africa,2000,15.32380962371826
MLI,"Mali, Republic of",Africa,2001,14.49349975585938
MLI,"Mali, Republic of",Africa,2002,14.5252103805542
MLI,"Mali, Republic of",Africa,2003,18.28376007080078
MLI,"Mali, Republic of",Africa,2004,17.73634910583496
MLI,"Mali, Republic of",Africa,2005,16.28030014038086
MLI,"Mali, Republic of",Africa,2008,18.03169059753418
MLI,"Mali, Republic of",Africa,2009,16.95940971374512
MLI,"Mali, Republic of",Africa,2010,16.50391006469727
MLI,"Mali, Republic of",Africa,2011,18.25834083557129
MLI,"Mali, Republic of",Africa,2012,22.40337944030762
MLI,"Mali, Republic of",Africa,2013,16.62344932556152
MLI,"Mali, Republic of",Africa,2014,18.2242603302002
MLI,"Mali, Republic of",Africa,2015,18.15549087524414
MLI,"Mali, Republic of",Africa,2016,13.90388011932373
MLI,"Mali, Republic of",Africa,2017,16.53433036804199
MLI,"Mali, Republic of",Africa,2018,17.52153015136719
MLI,"Mali, Republic of",Africa,2019,15.35702991485596
MLI,"Mali, Republic of",Africa,2020,15.14260959625244
MLI,"Mali, Republic of",Africa,2021,16.21821022033691
MLI,"Mali, Republic of",Africa,2022,18.1899960391199
MLI,"Mali, Republic of",Africa,2023,19.12176917699192
MLI,"Mali, Republic of",Africa,2024,17.82390310875428
MLT,"Malta, Republic of",Europe,2002,9.535340309143066
MLT,"Malta, Republic of",Europe,2004,10.56002044677734
MLT,"Malta, Republic of",Europe,2007,14.47568035125732
MLT,"Malta, Republic of",Europe,2008,12.99604988098145
MLT,"Malta, Republic of",Europe,2009,12.26858997344971
MLT,"Malta, Republic of",Europe,2010,15.49619960784912
MLT,"Malta, Republic of",Europe,2011,18.2634105682373
MLT,"Malta, Republic of",Europe,2012,14.98746013641357
MLT,"Malta, Republic of",Europe,2013,18.48130035400391
MLT,"Malta, Republic of",Europe,2014,17.30994033813477
MLT,"Malta, Republic of",Europe,2015,12.98429012298584
MLT,"Malta, Republic of",Europe,2016,13.97729015350342
MLT,"Malta, Republic of",Europe,2017,13.27812004089355
MLT,"Malta, Republic of",Europe,2019,13.75829982757568
MLT,"Malta, Republic of",Europe,2021,12.4916296005249
MLT,"Malta, Republic of",Europe,2022,12.4980001449585
MMR,"Myanmar, Union of",Asia,2011,5.381509780883789
MMR,"Myanmar, Union of",Asia,2017,10.19062042236328
MMR,"Myanmar, Union of",Asia,2018,10.11594009399414
MMR,"Myanmar, Union of",Asia,2019,9.742409706115724
MNG,Mongolia,Asia,2000,16.07476997375488
MNG,Mongolia,Asia,2002,20.31151008605957
MNG,Mongolia,Asia,2004,13.59444999694824
MNG,Mongolia,Asia,2007,13.28645038604736
MNG,Mongolia,Asia,2009,14.51142024993896
MNG,Mongolia,Asia,2010,14.71113967895508
MNG,Mongolia,Asia,2011,12.15085029602051
MNG,Mongolia,Asia,2012,14.40723037719727
MNG,Mongolia,Asia,2013,15.36744976043701
MNG,Mongolia,Asia,2014,14.66810035705566
MNG,Mongolia,Asia,2015,13.54710960388184
MNG,Mongolia,Asia,2016,13.0631103515625
MNG,Mongolia,Asia,2017,12.64562034606934
MNG,Mongolia,Asia,2018,13.11474190183242
MNG,Mongolia,Asia,2019,10.33956454958317
MNG,Mongolia,Asia,2020,8.635278758145478
MNG,Mongolia,Asia,2021,8.364094556565203
MNG,Mongolia,Asia,2022,7.452066419705862
MNG,Mongolia,Asia,2023,11.47054958343506
MNG,Mongolia,Asia,2024,13.77688980102539
MOZ,"Mozambique, Republic of",Africa,2004,18.00153923034668
MOZ,"Mozambique, Republic of",Africa,2005,22.71817970275879
MOZ,"Mozambique, Republic of",Africa,2006,18.55003929138184
MOZ,"Mozambique, Republic of",Africa,2010,20.1663437150228
MOZ,"Mozambique, Republic of",Africa,2011,19.09857377051365
MOZ,"Mozambique, Republic of",Africa,2012,19.76724052429199
MOZ,"Mozambique, Republic of",Africa,2013,19.03288078308105
MOZ,"Mozambique, Republic of",Africa,2014,17.40730954418632
MOZ,"Mozambique, Republic of",Africa,2015,19.85233886814993
MOZ,"Mozambique, Republic of",Africa,2016,19.93637084960938
MOZ,"Mozambique, Republic of",Africa,2017,18.59365081787109
MOZ,"Mozambique, Republic of",Africa,2018,16.40555000305176
MOZ,"Mozambique, Republic of",Africa,2019,19.03368176962698
MOZ,"Mozambique, Republic of",Africa,2020,17.93492821808247
MOZ,"Mozambique, Republic of",Africa,2021,20.44973933448757
MRT,"Mauritania, Islamic Republic of",Africa,2001,0.0
MRT,"Mauritania, Islamic Republic of",Africa,2002,0.0
MRT,"Mauritania, Islamic Republic of",Africa,2003,0.0
MRT,"Mauritania, Islamic Republic of",Africa,2004,8.175809860229492
MRT,"Mauritania, Islamic Republic of",Africa,2006,10.31007957458496
MRT,"Mauritania, Islamic Republic of",Africa,2011,13.68274974822998
MRT,"Mauritania, Islamic Republic of",Africa,2012,10.01766014099121
MRT,"Mauritania, Islamic Republic of",Africa,2013,11.40542984008789
MRT,"Mauritania, Islamic Republic of",Africa,2014,11.90512810405457
MRT,"Mauritania, Islamic Republic of",Africa,2015,12.84349379473953
MRT,"Mauritania, Islamic Republic of",Africa,2016,9.330610275268556
MRT,"Mauritania, Islamic Republic of",Africa,2019,10.22801971435547
MRT,"Mauritania, Islamic Republic of",Africa,2020,9.727089881896973
MRT,"Mauritania, Islamic Republic of",Africa,2021,9.104820251464844
MRT,"Mauritania, Islamic Republic of",Africa,2022,4.841780185699463
MRT,"Mauritania, Islamic Republic of",Africa,2023,18.88887977600098
MRT,"Mauritania, Islamic Republic of",Africa,2024,31.88661003112793
MSR,Montserrat,North America,2010,8.598201585466283
MSR,Montserrat,North America,2011,7.212193650934713
MSR,Montserrat,North America,2012,6.349419975126803
MSR,Montserrat,North America,2013,4.829643598994206
MSR,Montserrat,North America,2014,5.470771930594156
MSR,Montserrat,North America,2015,7.596215274293548
MSR,Montserrat,North America,2016,7.790753423220107
MSR,Montserrat,North America,2017,7.798000191926572
MSR,Montserrat,North America,2018,7.487906305184712
MSR,Montserrat,North America,2019,7.318749711973882
MSR,Montserrat,North America,2020,4.200764230498947
MSR,Montserrat,North America,2021,7.966715073535145
MSR,Montserrat,North America,2022,7.051653368114163
MSR,Montserrat,North America,2023,5.706099744484784
MSR,Montserrat,North America,2024,7.681621653560502
MSR,Montserrat,North America,2025,5.732380504573203
MUS,"Mauritius, Republic of",Africa,2000,12.97033977508545
MUS,"Mauritius, Republic of",Africa,2001,13.23923969268799
MUS,"Mauritius, Republic of",Africa,2002,12.91514015197754
MUS,"Mauritius, Republic of",Africa,2003,17.92271995544434
MUS,"Mauritius, Republic of",Africa,2004,17.38710021972656
MUS,"Mauritius, Republic of",Africa,2005,17.08813095092773
MUS,"Mauritius, Republic of",Africa,2006,15.17617034912109
MUS,"Mauritius, Republic of",Africa,2007,14.1832799911499
MUS,"Mauritius, Republic of",Africa,2008,14.0394401550293
MUS,"Mauritius, Republic of",Africa,2009,13.24722957611084
MUS,"Mauritius, Republic of",Africa,2010,14.57314968109131
MUS,"Mauritius, Republic of",Africa,2011,13.84617042541504
MUS,"Mauritius, Republic of",Africa,2012,14.96061992645264
MUS,"Mauritius, Republic of",Africa,2013,14.7890100479126
MUS,"Mauritius, Republic of",Africa,2014,20.90517997741699
MUS,"Mauritius, Republic of",Africa,2015,19.45709037780762
MUS,"Mauritius, Republic of",Africa,2016,19.96249961853027
MUS,"Mauritius, Republic of",Africa,2017,20.35720062255859
MUS,"Mauritius, Republic of",Africa,2018,19.27433013916016
MUS,"Mauritius, Republic of",Africa,2019,18.67692947387695
MUS,"Mauritius, Republic of",Africa,2020,15.64669990539551
MUS,"Mauritius, Republic of",Africa,2021,14.32312965393066
MUS,"Mauritius, Republic of",Africa,2022,15.709059715271
MUS,"Mauritius, Republic of",Africa,2023,15.58454990386963
MUS,"Mauritius, Republic of",Africa,2024,14.19320011138916
MWI,"Malawi, Republic of",Africa,2000,0.0
MWI,"Malawi, Republic of",Africa,2001,0.0
MWI,"Malawi, Republic of",Africa,2003,16.49777030944824
MWI,"Malawi, Republic of",Africa,2010,12.45998001098633
MWI,"Malawi, Republic of",Africa,2011,15.04564952850342
MWI,"Malawi, Republic of",Africa,2012,13.64096357734451
MWI,"Malawi, Republic of",Africa,2013,20.49682998657227
MWI,"Malawi, Republic of",Africa,2014,16.59646987915039
MWI,"Malawi, Republic of",Africa,2015,21.79789924621582
MWI,"Malawi, Republic of",Africa,2016,17.19881057739258
MWI,"Malawi, Republic of",Africa,2017,14.34442043304443
MWI,"Malawi, Republic of",Africa,2018,15.82935047149658
MWI,"Malawi, Republic of",Africa,2020,20.15744840559888
MWI,"Malawi, Republic of",Africa,2021,17.55940964801724
MWI,"Malawi, Republic of",Africa,2023,16.0
MWI,"Malawi, Republic of",Africa,2024,16.0
MYS,Malaysia,Asia,2000,21.39068031311035
MYS,Malaysia,Asia,2001,24.34852027893066
MYS,Malaysia,Asia,2002,25.90360069274902
MYS,Malaysia,Asia,2003,24.54244041442871
MYS,Malaysia,Asia,2004,21.01292037963867
MYS,Malaysia,Asia,2006,16.74556922912598
MYS,Malaysia,Asia,2007,16.12466049194336
MYS,Malaysia,Asia,2008,14.03864002227783
MYS,Malaysia,Asia,2009,18.46463012695313
MYS,Malaysia,Asia,2010,18.40623092651367
MYS,Malaysia,Asia,2011,20.97702026367188
MYS,Malaysia,Asia,2012,19.85116004943848
MYS,Malaysia,Asia,2013,19.45430946350098
MYS,Malaysia,Asia,2014,19.80055999755859
MYS,Malaysia,Asia,2015,19.81072998046875
MYS,Malaysia,Asia,2016,20.78914070129395
MYS,Malaysia,Asia,2017,21.20990943908691
MYS,Malaysia,Asia,2018,19.64325904846191
MYS,Malaysia,Asia,2019,17.63631057739258
MYS,Malaysia,Asia,2020,15.62187957763672
MYS,Malaysia,Asia,2021,20.46257828486389
MYS,Malaysia,Asia,2022,20.14967902953713
MYS,Malaysia,Asia,2023,14.10052013397217
NAM,"Namibia, Republic of",Africa,2000,21.9250602722168
NAM,"Namibia, Republic of",Africa,2001,22.77570915222168
NAM,"Namibia, Republic of",Africa,2002,21.83686065673828
NAM,"Namibia, Republic of",Africa,2003,20.32821083068848
NAM,"Namibia, Republic of",Africa,2006,21.60298919677734
NAM,"Namibia, Republic of",Africa,2008,24.86161041259766
NAM,"Namibia, Republic of",Africa,2010,26.12351036071777
NAM,"Namibia, Republic of",Africa,2011,24.39881197928833
NAM,"Namibia, Republic of",Africa,2012,22.99737014309438
NAM,"Namibia, Republic of",Africa,2013,24.09998994674373
NAM,"Namibia, Republic of",Africa,2014,23.95806974314149
NAM,"Namibia, Republic of",Africa,2015,22.57133242132447
NAM,"Namibia, Republic of",Africa,2016,23.93919526530498
NAM,"Namibia, Republic of",Africa,2017,24.67402602115477
NAM,"Namibia, Republic of",Africa,2018,23.32430318241985
NAM,"Namibia, Republic of",Africa,2019,29.05619567422946
NAM,"Namibia, Republic of",Africa,2020,24.94138064056729
NAM,"Namibia, Republic of",Africa,2021,25.13548897534568
NAM,"Namibia, Republic of",Africa,2022,24.70692072678206
NAM,"Namibia, Republic of",Africa,2024,25.05161754418782
NAM,"Namibia, Republic of",Africa,2025,24.5766531675005
NER,"Niger, Republic of",Africa,2000,19.05752944946289
NER,"Niger, Republic of",Africa,2001,16.65031051635742
NER,"Niger, Republic of",Africa,2002,16.66684913635254
NER,"Niger, Republic of",Africa,2003,13.84549999237061
NER,"Niger, Republic of",Africa,2006,16.88376998901367
NER,"Niger, Republic of",Africa,2007,17.3759708404541
NER,"Niger, Republic of",Africa,2008,16.17733001708984
NER,"Niger, Republic of",Africa,2009,18.91250991821289
NER,"Niger, Republic of",Africa,2010,19.08964920043945
NER,"Niger, Republic of",Africa,2011,20.11651992797852
NER,"Niger, Republic of",Africa,2012,19.19202041625977
NER,"Niger, Republic of",Africa,2013,18.07670021057129
NER,"Niger, Republic of",Africa,2014,21.66150093078613
NER,"Niger, Republic of",Africa,2015,18.5121898651123
NER,"Niger, Republic of",Africa,2016,15.34716033935547
NER,"Niger, Republic of",Africa,2017,13.21516036987305
NER,"Niger, Republic of",Africa,2018,16.33996963500977
NER,"Niger, Republic of",Africa,2019,13.01280543286008
NER,"Niger, Republic of",Africa,2020,13.33253984583846
NER,"Niger, Republic of",Africa,2021,11.95261605965375
NER,"Niger, Republic of",Africa,2022,12.3714513252292
NER,"Niger, Republic of",Africa,2023,12.80697460445993
NGA,"Nigeria, Federal Republic of",Africa,2012,8.547881430944276
NGA,"Nigeria, Federal Republic of",Africa,2013,8.67739295298641
NGA,"Nigeria, Federal Republic of",Africa,2014,9.037187638157349
NGA,"Nigeria, Federal Republic of",Africa,2015,9.25551076252104
NGA,"Nigeria, Federal Republic of",Africa,2016,6.652197285204825
NGA,"Nigeria, Federal Republic of",Africa,2017,6.120105477628156
NGA,"Nigeria, Federal Republic of",Africa,2018,5.944552120925064
NGA,"Nigeria, Federal Republic of",Africa,2019,5.854971851660933
NGA,"Nigeria, Federal Republic of",Africa,2020,5.131436621204518
NGA,"Nigeria, Federal Republic of",Africa,2021,5.140225971926752
NGA,"Nigeria, Federal Republic of",Africa,2022,4.302818010836684
NGA,"Nigeria, Federal Republic of",Africa,2023,3.647272502361618
NGA,"Nigeria, Federal Republic of",Africa,2024,2.978497053240286
NIC,"Nicaragua, Republic of",North America,2000,14.57369995117188
NIC,"Nicaragua, Republic of",North America,2002,15.68778991699219
NIC,"Nicaragua, Republic of",North America,2003,14.88700008392334
NIC,"Nicaragua, Republic of",North America,2010,26.40800094604492
NIC,"Nicaragua, Republic of",North America,2014,23.04759979248047
NIC,"Nicaragua, Republic of",North America,2015,22.28290939331055
NIC,"Nicaragua, Republic of",North America,2016,21.32547950744629
NIC,"Nicaragua, Republic of",North America,2017,22.43330001831055
NIC,"Nicaragua, Republic of",North America,2018,22.76133298341563
NIC,"Nicaragua, Republic of",North America,2019,23.94110248643191
NIC,"Nicaragua, Republic of",North America,2020,22.68764741595014
NIC,"Nicaragua, Republic of",North America,2021,18.52223668663849
NIC,"Nicaragua, Republic of",North America,2022,18.51920973594208
NIC,"Nicaragua, Republic of",North America,2023,17.68857002258301
NIC,"Nicaragua, Republic of",North America,2024,11.0127834019803
NIU,Niue,Oceania,2020,6.737950427466721
NIU,Niue,Oceania,2021,6.914249505302711
NIU,Niue,Oceania,2022,6.702117530022028
NIU,Niue,Oceania,2023,6.905197500061758
NIU,Niue,Oceania,2024,5.898247248255803
NIU,Niue,Oceania,2025,5.595122964916303
NLD,"Netherlands, Kingdom of the",Europe,2000,10.60684967041016
NLD,"Netherlands, Kingdom of the",Europe,2001,10.63936042785645
NLD,"Netherlands, Kingdom of the",Europe,2002,10.69431972503662
NLD,"Netherlands, Kingdom of the",Europe,2003,10.97206020355225
NLD,"Netherlands, Kingdom of the",Europe,2004,11.28462028503418
NLD,"Netherlands, Kingdom of the",Europe,2005,11.71969985961914
NLD,"Netherlands, Kingdom of the",Europe,2006,11.41699981689453
NLD,"Netherlands, Kingdom of the",Europe,2007,11.22879028320313
NLD,"Netherlands, Kingdom of the",Europe,2008,11.29115009307861
NLD,"Netherlands, Kingdom of the",Europe,2009,11.12102031707764
NLD,"Netherlands, Kingdom of the",Europe,2010,11.16580963134766
NLD,"Netherlands, Kingdom of the",Europe,2011,11.3361701965332
NLD,"Netherlands, Kingdom of the",Europe,2012,11.26502990722656
NLD,"Netherlands, Kingdom of the",Europe,2013,11.535400390625
NLD,"Netherlands, Kingdom of the",Europe,2014,11.55782032012939
NLD,"Netherlands, Kingdom of the",Europe,2015,11.66370964050293
NLD,"Netherlands, Kingdom of the",Europe,2016,12.27208042144775
NLD,"Netherlands, Kingdom of the",Europe,2017,11.8980598449707
NLD,"Netherlands, Kingdom of the",Europe,2018,12.41011047363281
NLD,"Netherlands, Kingdom of the",Europe,2019,12.00983047485352
NLD,"Netherlands, Kingdom of the",Europe,2020,11.06680965423584
NLD,"Netherlands, Kingdom of the",Europe,2021,11.71522045135498
NLD,"Netherlands, Kingdom of the",Europe,2022,11.97062015533447
NOR,"Norway, Kingdom of",Europe,2000,15.63018989562988
NOR,"Norway, Kingdom of",Europe,2001,15.783860206604
NOR,"Norway, Kingdom of",Europe,2002,16.08358001708984
NOR,"Norway, Kingdom of",Europe,2003,15.53073024749756
NOR,"Norway, Kingdom of",Europe,2004,16.26292991638184
NOR,"Norway, Kingdom of",Europe,2005,16.37252998352051
NOR,"Norway, Kingdom of",Europe,2006,15.70711040496826
NOR,"Norway, Kingdom of",Europe,2007,15.87798976898193
NOR,"Norway, Kingdom of",Europe,2008,15.71776008605957
NOR,"Norway, Kingdom of",Europe,2009,15.50778007507324
NOR,"Norway, Kingdom of",Europe,2010,15.0884895324707
NOR,"Norway, Kingdom of",Europe,2011,14.82680988311768
NOR,"Norway, Kingdom of",Europe,2012,17.28206062316895
NOR,"Norway, Kingdom of",Europe,2013,17.11923980712891
NOR,"Norway, Kingdom of",Europe,2014,16.90208053588867
NOR,"Norway, Kingdom of",Europe,2015,15.60758018493652
NOR,"Norway, Kingdom of",Europe,2016,15.84072017669678
NOR,"Norway, Kingdom of",Europe,2017,15.9396800994873
NOR,"Norway, Kingdom of",Europe,2018,15.92572975158691
NOR,"Norway, Kingdom of",Europe,2019,15.66553020477295
NOR,"Norway, Kingdom of",Europe,2020,14.76426982879639
NOR,"Norway, Kingdom of",Europe,2021,15.02766990661621
NOR,"Norway, Kingdom of",Europe,2022,14.46910953521729
NPL,"Nepal, State of",Asia,2000,19.15604019165039
NPL,"Nepal, State of",Asia,2001,21.65620040893555
NPL,"Nepal, State of",Asia,2002,20.44404983520508
NPL,"Nepal, State of",Asia,2003,21.31265068054199
NPL,"Nepal, State of",Asia,2004,21.61335945129395
NPL,"Nepal, State of",Asia,2005,22.29421997070313
NPL,"Nepal, State of",Asia,2006,25.50064086914063
NPL,"Nepal, State of",Asia,2007,21.14613914489746
NPL,"Nepal, State of",Asia,2008,22.23003005981445
NPL,"Nepal, State of",Asia,2009,19.8729305267334
NPL,"Nepal, State of",Asia,2010,16.03235054016113
NPL,"Nepal, State of",Asia,2011,17.98384094238281
NPL,"Nepal, State of",Asia,2012,17.43708038330078
NPL,"Nepal, State of",Asia,2013,17.56963920593262
NPL,"Nepal, State of",Asia,2014,18.28129005432129
NPL,"Nepal, State of",Asia,2015,16.98966026306152
NPL,"Nepal, State of",Asia,2016,19.12849998474121
NPL,"Nepal, State of",Asia,2017,17.09638977050781
NPL,"Nepal, State of",Asia,2018,14.10186958312988
NPL,"Nepal, State of",Asia,2019,12.1130298505003
NPL,"Nepal, State of",Asia,2020,15.0051253828918
NPL,"Nepal, State of",Asia,2021,14.38920810645488
NPL,"Nepal, State of",Asia,2022,12.43792560378043
NPL,"Nepal, State of",Asia,2023,13.08261800001422
NPL,"Nepal, State of",Asia,2024,11.26471041677373
NPL,"Nepal, State of",Asia,2025,10.75123083737673
NRU,"Nauru, Republic of",Oceania,2002,0.0
NRU,"Nauru, Republic of",Oceania,2007,0.0
NRU,"Nauru, Republic of",Oceania,2014,5.557309780479449
NRU,"Nauru, Republic of",Oceania,2015,6.248684342216178
NRU,"Nauru, Republic of",Oceania,2016,5.00017325826806
NRU,"Nauru, Republic of",Oceania,2017,6.461640003722456
NRU,"Nauru, Republic of",Oceania,2018,5.386104789137709
NRU,"Nauru, Republic of",Oceania,2019,4.834024308971225
NRU,"Nauru, Republic of",Oceania,2020,4.536530788765923
NRU,"Nauru, Republic of",Oceania,2021,3.816158172915406
NRU,"Nauru, Republic of",Oceania,2022,4.21463913905028
NRU,"Nauru, Republic of",Oceania,2023,4.887340068817139
NRU,"Nauru, Republic of",Oceania,2024,5.332952474699093
NRU,"Nauru, Republic of",Oceania,2025,6.648166447342064
NZL,New Zealand,Oceania,2000,14.81348037719727
NZL,New Zealand,Oceania,2013,15.55774021148682
NZL,New Zealand,Oceania,2014,15.52853012084961
NZL,New Zealand,Oceania,2015,15.5518102645874
NZL,New Zealand,Oceania,2016,15.36641025543213
NZL,New Zealand,Oceania,2017,15.04393005371094
NZL,New Zealand,Oceania,2018,14.55949020385742
NZL,New Zealand,Oceania,2019,13.47486019134521
NZL,New Zealand,Oceania,2020,13.62211990356445
NZL,New Zealand,Oceania,2021,13.45761966705322
NZL,New Zealand,Oceania,2022,12.61476993560791
NZL,New Zealand,Oceania,2023,12.72667980194092
OMN,"Oman, Sultanate of",Asia,2000,8.983440399169922
OMN,"Oman, Sultanate of",Asia,2001,10.5839900970459
OMN,"Oman, Sultanate of",Asia,2002,11.06247997283936
OMN,"Oman, Sultanate of",Asia,2003,10.03896045684814
OMN,"Oman, Sultanate of",Asia,2004,10.3164701461792
OMN,"Oman, Sultanate of",Asia,2005,10.05364036560059
OMN,"Oman, Sultanate of",Asia,2006,11.22463035583496
OMN,"Oman, Sultanate of",Asia,2009,10.94917964935303
OMN,"Oman, Sultanate of",Asia,2013,11.08018016815186
OMN,"Oman, Sultanate of",Asia,2017,15.20722007751465
OMN,"Oman, Sultanate of",Asia,2018,11.96630954742432
OMN,"Oman, Sultanate of",Asia,2019,13.05799961090088
OMN,"Oman, Sultanate of",Asia,2020,15.44277000427246
OMN,"Oman, Sultanate of",Asia,2022,14.17794990539551
PAK,"Pakistan, Islamic Republic of",Asia,2000,8.489879608154297
PAK,"Pakistan, Islamic Republic of",Asia,2004,11.22935009002686
PAK,"Pakistan, Islamic Republic of",Asia,2005,13.77750968933105
PAK,"Pakistan, Islamic Republic of",Asia,2006,15.28909969329834
PAK,"Pakistan, Islamic Republic of",Asia,2007,15.44552040100098
PAK,"Pakistan, Islamic Republic of",Asia,2008,14.09696006774902
PAK,"Pakistan, Islamic Republic of",Asia,2009,12.0826301574707
PAK,"Pakistan, Islamic Republic of",Asia,2010,11.86466026306152
PAK,"Pakistan, Islamic Republic of",Asia,2011,10.92461013793945
PAK,"Pakistan, Islamic Republic of",Asia,2012,11.04063034057617
PAK,"Pakistan, Islamic Republic of",Asia,2013,11.5139799118042
PAK,"Pakistan, Islamic Republic of",Asia,2014,11.30066013336182
PAK,"Pakistan, Islamic Republic of",Asia,2015,13.18727970123291
PAK,"Pakistan, Islamic Republic of",Asia,2016,15.06348037719727
PAK,"Pakistan, Islamic Republic of",Asia,2017,14.54477977752686
PAK,"Pakistan, Islamic Republic of",Asia,2018,12.19247939863422
PAK,"Pakistan, Islamic Republic of",Asia,2019,11.59167957305908
PAK,"Pakistan, Islamic Republic of",Asia,2020,10.79621215389113
PAK,"Pakistan, Islamic Republic of",Asia,2021,7.817207608930894
PAK,"Pakistan, Islamic Republic of",Asia,2022,9.404403326004356
PAK,"Pakistan, Islamic Republic of",Asia,2023,9.755060195922852
PAN,"Panama, Republic of",North America,2000,19.83193969726563
PAN,"Panama, Republic of",North America,2001,16.63912963867188
PAN,"Panama, Republic of",North America,2002,16.95750045776367
PAN,"Panama, Republic of",North America,2003,16.34300994873047
PAN,"Panama, Republic of",North America,2004,14.57616996765137
PAN,"Panama, Republic of",North America,2008,14.8747501373291
PAN,"Panama, Republic of",North America,2011,12.94435977935791
PAN,"Panama, Republic of",North America,2014,13.3286304473877
PAN,"Panama, Republic of",North America,2015,15.18982028961182
PAN,"Panama, Republic of",North America,2016,15.53779029846191
PAN,"Panama, Republic of",North America,2017,15.88370990753174
PAN,"Panama, Republic of",North America,2018,15.81630992889404
PAN,"Panama, Republic of",North America,2019,15.60737761316251
PAN,"Panama, Republic of",North America,2020,15.62963008880615
PAN,"Panama, Republic of",North America,2021,15.61050033569336
PAN,"Panama, Republic of",North America,2022,15.78133010864258
PAN,"Panama, Republic of",North America,2023,11.49275016784668
PAN,"Panama, Republic of",North America,2024,16.28029529819786
PER,"Peru, Republic of",South America,2000,15.25037002563477
PER,"Peru, Republic of",South America,2001,14.79623031616211
PER,"Peru, Republic of",South America,2002,14.57806015014648
PER,"Peru, Republic of",South America,2003,14.65830993652344
PER,"Peru, Republic of",South America,2004,15.273850440979
PER,"Peru, Republic of",South America,2005,14.27851963043213
PER,"Peru, Republic of",South America,2006,14.03530025482178
PER,"Peru, Republic of",South America,2007,14.141770362854
PER,"Peru, Republic of",South America,2008,14.37782001495361
PER,"Peru, Republic of",South America,2009,14.54763031005859
PER,"Peru, Republic of",South America,2010,13.49236965179443
PER,"Peru, Republic of",South America,2011,13.54423999786377
PER,"Peru, Republic of",South America,2012,14.3694896697998
PER,"Peru, Republic of",South America,2013,15.22194004058838
PER,"Peru, Republic of",South America,2014,16.22751045227051
PER,"Peru, Republic of",South America,2015,17.61537933349609
PER,"Peru, Republic of",South America,2016,17.93577003479004
PER,"Peru, Republic of",South America,2017,18.32115936279297
PER,"Peru, Republic of",South America,2018,17.15217971801758
PER,"Peru, Republic of",South America,2019,17.7330207824707
PER,"Peru, Republic of",South America,2020,15.92726039886475
PER,"Peru, Republic of",South America,2021,16.7178897857666
PER,"Peru, Republic of",South America,2022,16.47299957275391
PER,"Peru, Republic of",South America,2023,18.85771942138672
PER,"Peru, Republic of",South America,2024,19.20502090454102
PHL,"Philippines, Republic of the",Asia,2000,15.20676040649414
PHL,"Philippines, Republic of the",Asia,2001,13.91590976715088
PHL,"Philippines, Republic of the",Asia,2002,14.06892967224121
PHL,"Philippines, Republic of the",Asia,2003,14.38022041320801
PHL,"Philippines, Republic of the",Asia,2004,12.75084972381592
PHL,"Philippines, Republic of the",Asia,2005,12.42236042022705
PHL,"Philippines, Republic of the",Asia,2006,13.26852989196777
PHL,"Philippines, Republic of the",Asia,2007,13.66701984405518
PHL,"Philippines, Republic of the",Asia,2008,14.44198989868164
PHL,"Philippines, Republic of the",Asia,2009,13.21115970611572
PHL,"Philippines, Republic of the",Asia,2014,15.51594074074074
PHL,"Philippines, Republic of the",Asia,2015,15.14553296239448
PHL,"Philippines, Republic of the",Asia,2016,16.64209634219468
PHL,"Philippines, Republic of the",Asia,2017,19.59042695522388
PHL,"Philippines, Republic of the",Asia,2018,18.69201292805947
PHL,"Philippines, Republic of the",Asia,2019,18.16309199781207
PHL,"Philippines, Republic of the",Asia,2020,16.89326487804878
PHL,"Philippines, Republic of the",Asia,2021,16.68165934309809
PHL,"Philippines, Republic of the",Asia,2022,15.69640052950076
PHL,"Philippines, Republic of the",Asia,2023,16.72798407365224
PHL,"Philippines, Republic of the",Asia,2024,16.5494857826479
PHL,"Philippines, Republic of the",Asia,2025,15.19523769793731
PLW,"Palau, Republic of",Oceania,2000,13.80012035369873
PLW,"Palau, Republic of",Oceania,2001,15.3078498840332
PLW,"Palau, Republic of",Oceania,2002,15.53765964508057
PLW,"Palau, Republic of",Oceania,2020,9.009482793676645
PLW,"Palau, Republic of",Oceania,2021,8.909601041509365
PLW,"Palau, Republic of",Oceania,2022,10.15532483666344
PLW,"Palau, Republic of",Oceania,2023,9.528682848680951
PLW,"Palau, Republic of",Oceania,2024,9.845098523926364
PLW,"Palau, Republic of",Oceania,2025,9.13294995246108
PNG,"Papua New Guinea, Independent State of",Oceania,2015,7.241795778039582
PNG,"Papua New Guinea, Independent State of",Oceania,2016,4.091391353039993
PNG,"Papua New Guinea, Independent State of",Oceania,2017,10.69820022583008
PNG,"Papua New Guinea, Independent State of",Oceania,2018,9.227100372314451
PNG,"Papua New Guinea, Independent State of",Oceania,2019,3.577650189049153
PNG,"Papua New Guinea, Independent State of",Oceania,2020,3.820020827104105
PNG,"Papua New Guinea, Independent State of",Oceania,2021,3.249732498124754
PNG,"Papua New Guinea, Independent State of",Oceania,2022,2.93439934399344
PNG,"Papua New Guinea, Independent State of",Oceania,2023,3.538144028340903
POL,"Poland, Republic of",Europe,2000,11.58057022094727
POL,"Poland, Republic of",Europe,2001,11.86565971374512
POL,"Poland, Republic of",Europe,2002,11.92059993743896
POL,"Poland, Republic of",Europe,2003,11.67521953582764
POL,"Poland, Republic of",Europe,2004,12.32353019714355
POL,"Poland, Republic of",Europe,2005,12.26529026031494
POL,"Poland, Republic of",Europe,2006,12.70998001098633
POL,"Poland, Republic of",Europe,2007,11.34832954406738
POL,"Poland, Republic of",Europe,2008,11.41024971008301
POL,"Poland, Republic of",Europe,2009,11.08304977416992
POL,"Poland, Republic of",Europe,2010,11.0465202331543
POL,"Poland, Republic of",Europe,2011,10.94567966461182
POL,"Poland, Republic of",Europe,2012,11.1955099105835
POL,"Poland, Republic of",Europe,2013,11.56643962860107
POL,"Poland, Republic of",Europe,2014,11.57050037384033
POL,"Poland, Republic of",Europe,2015,11.53715038299561
POL,"Poland, Republic of",Europe,2016,11.27159976959229
POL,"Poland, Republic of",Europe,2017,11.04395961761475
POL,"Poland, Republic of",Europe,2018,11.11061954498291
POL,"Poland, Republic of",Europe,2019,11.17117023468018
POL,"Poland, Republic of",Europe,2020,10.05722999572754
POL,"Poland, Republic of",Europe,2021,10.60408973693848
POL,"Poland, Republic of",Europe,2022,9.974410057067873
PRI,"Puerto Rico, Commonwealth of",North America,2013,0.0
PRI,"Puerto Rico, Commonwealth of",North America,2014,0.0
PRI,"Puerto Rico, Commonwealth of",North America,2015,12.28207831869007
PRI,"Puerto Rico, Commonwealth of",North America,2016,10.08163335581796
PRI,"Puerto Rico, Commonwealth of",North America,2017,10.88989375747323
PRI,"Puerto Rico, Commonwealth of",North America,2018,10.28103279515065
PRI,"Puerto Rico, Commonwealth of",North America,2019,13.8154757913494
PRI,"Puerto Rico, Commonwealth of",North America,2020,16.67934294245217
PRI,"Puerto Rico, Commonwealth of",North America,2021,14.07904581906507
PRI,"Puerto Rico, Commonwealth of",North America,2022,16.37487072581252
PRI,"Puerto Rico, Commonwealth of",North America,2023,17.48579322163896
PRI,"Puerto Rico, Commonwealth of",North America,2024,17.14709964001305
PRI,"Puerto Rico, Commonwealth of",North America,2025,15.96182324531561
PRK,"Korea, Democratic People's Republic of",Asia,2010,13.08060109289617
PRK,"Korea, Democratic People's Republic of",Asia,2011,13.32470892626132
PRK,"Korea, Democratic People's Republic of",Asia,2012,13.98279041180086
PRK,"Korea, Democratic People's Republic of",Asia,2013,14.56566247440772
PRK,"Korea, Democratic People's Republic of",Asia,2014,14.25358448130447
PRK,"Korea, Democratic People's Republic of",Asia,2015,14.09163558870538
PRK,"Korea, Democratic People's Republic of",Asia,2016,13.76811594202899
PRK,"Korea, Democratic People's Republic of",Asia,2017,14.33208489388265
PRK,"Korea, Democratic People's Republic of",Asia,2018,14.97201492537313
PRK,"Korea, Democratic People's Republic of",Asia,2019,15.03407155025554
PRK,"Korea, Democratic People's Republic of",Asia,2020,14.17138395471403
PRK,"Korea, Democratic People's Republic of",Asia,2021,12.75985663082437
PRK,"Korea, Democratic People's Republic of",Asia,2022,13.8555208161922
PRK,"Korea, Democratic People's Republic of",Asia,2023,15.07750117426022
PRK,"Korea, Democratic People's Republic of",Asia,2024,13.67651538227231
PRK,"Korea, Democratic People's Republic of",Asia,2025,14.62509279881218
PRT,"Portugal, Portuguese Republic",Europe,2000,12.05484962463379
PRT,"Portugal, Portuguese Republic",Europe,2001,12.09663009643555
PRT,"Portugal, Portuguese Republic",Europe,2002,11.90095996856689
PRT,"Portugal, Portuguese Republic",Europe,2003,11.63733959197998
PRT,"Portugal, Portuguese Republic",Europe,2004,10.95652008056641
PRT,"Portugal, Portuguese Republic",Europe,2005,10.85196971893311
PRT,"Portugal, Portuguese Republic",Europe,2006,10.87008953094482
PRT,"Portugal, Portuguese Republic",Europe,2007,11.0479097366333
PRT,"Portugal, Portuguese Republic",Europe,2008,10.32433986663818
PRT,"Portugal, Portuguese Republic",Europe,2009,11.06927967071533
PRT,"Portugal, Portuguese Republic",Europe,2010,10.41672992706299
PRT,"Portugal, Portuguese Republic",Europe,2011,10.22797012329102
PRT,"Portugal, Portuguese Republic",Europe,2012,10.12045955657959
PRT,"Portugal, Portuguese Republic",Europe,2013,10.53960037231445
PRT,"Portugal, Portuguese Republic",Europe,2014,9.911219596862791
PRT,"Portugal, Portuguese Republic",Europe,2015,10.150710105896
PRT,"Portugal, Portuguese Republic",Europe,2017,11.05156993865967
PRT,"Portugal, Portuguese Republic",Europe,2018,10.81169986724854
PRT,"Portugal, Portuguese Republic",Europe,2019,10.89321994781494
PRT,"Portugal, Portuguese Republic",Europe,2020,9.901789665222168
PRT,"Portugal, Portuguese Republic",Europe,2021,10.08261966705322
PRT,"Portugal, Portuguese Republic",Europe,2022,10.37423992156982
PRY,"Paraguay, Republic of",South America,2000,21.55938911437988
PRY,"Paraguay, Republic of",South America,2001,19.87921905517578
PRY,"Paraguay, Republic of",South America,2002,18.81539916992188
PRY,"Paraguay, Republic of",South America,2003,20.89402961730957
PRY,"Paraguay, Republic of",South America,2004,18.21824073791504
PRY,"Paraguay, Republic of",South America,2007,19.42472076416016
PRY,"Paraguay, Republic of",South America,2010,18.76240921020508
PRY,"Paraguay, Republic of",South America,2011,23.2977409362793
PRY,"Paraguay, Republic of",South America,2012,19.63422966003418
PRY,"Paraguay, Republic of",South America,2016,18.15431976318359
PRY,"Paraguay, Republic of",South America,2020,24.52182006835938
PRY,"Paraguay, Republic of",South America,2021,23.63689994812012
PRY,"Paraguay, Republic of",South America,2022,24.06851005554199
PRY,"Paraguay, Republic of",South America,2023,21.98883056640625
PRY,"Paraguay, Republic of",South America,2024,16.83370971679688
PRY,"Paraguay, Republic of",South America,2025,11.65273918624118
QAT,"Qatar, State of",Asia,2000,9.676050186157228
QAT,"Qatar, State of",Asia,2001,10.55130958557129
QAT,"Qatar, State of",Asia,2002,12.00745964050293
QAT,"Qatar, State of",Asia,2003,10.70005989074707
QAT,"Qatar, State of",Asia,2004,12.05313014984131
QAT,"Qatar, State of",Asia,2005,13.74475955963135
QAT,"Qatar, State of",Asia,2008,15.05552005767822
QAT,"Qatar, State of",Asia,2009,14.83565044403076
QAT,"Qatar, State of",Asia,2010,13.81727027893066
QAT,"Qatar, State of",Asia,2011,13.10684967041016
QAT,"Qatar, State of",Asia,2012,12.30793952941895
QAT,"Qatar, State of",Asia,2013,13.14834022521973
QAT,"Qatar, State of",Asia,2014,12.74283981323242
QAT,"Qatar, State of",Asia,2017,8.560850143432617
QAT,"Qatar, State of",Asia,2019,8.636489868164062
QAT,"Qatar, State of",Asia,2020,9.319109916687012
ROU,Romania,Europe,2000,8.187580108642578
ROU,Romania,Europe,2001,9.848819732666016
ROU,Romania,Europe,2002,10.92234992980957
ROU,Romania,Europe,2003,11.13906002044678
ROU,Romania,Europe,2004,9.843310356140137
ROU,Romania,Europe,2005,10.83668041229248
ROU,Romania,Europe,2006,12.71961975097656
ROU,Romania,Europe,2007,12.00496006011963
ROU,Romania,Europe,2008,11.61622047424316
ROU,Romania,Europe,2009,11.02128982543945
ROU,Romania,Europe,2010,9.129130363464355
ROU,Romania,Europe,2011,8.312990188598633
ROU,Romania,Europe,2012,8.435790061950684
ROU,Romania,Europe,2013,8.964130401611328
ROU,Romania,Europe,2014,9.256950378417969
ROU,Romania,Europe,2015,9.094510078430176
ROU,Romania,Europe,2016,9.510589599609377
ROU,Romania,Europe,2017,10.05265045166016
ROU,Romania,Europe,2018,10.46096038818359
ROU,Romania,Europe,2019,10.70549011230469
ROU,Romania,Europe,2020,9.399700164794922
ROU,Romania,Europe,2021,8.950240135192871
ROU,Romania,Europe,2022,8.77511978149414
RUS,Russian Federation,Asia,2000,8.951849937438965
RUS,Russian Federation,Asia,2001,9.213359832763672
RUS,Russian Federation,Asia,2002,10.58384037017822
RUS,Russian Federation,Asia,2003,10.53168964385986
RUS,Russian Federation,Asia,2004,11.17590999603271
RUS,Russian Federation,Asia,2005,11.95057010650635
RUS,Russian Federation,Asia,2006,12.42580032348633
RUS,Russian Federation,Asia,2008,11.95923042297363
RUS,Russian Federation,Asia,2012,11.14675998687744
RUS,Russian Federation,Asia,2013,10.86184024810791
RUS,Russian Federation,Asia,2014,11.4885196685791
RUS,Russian Federation,Asia,2015,10.86946964263916
RUS,Russian Federation,Asia,2016,10.98528003692627
RUS,Russian Federation,Asia,2017,13.46508026123047
RUS,Russian Federation,Asia,2018,14.34107971191406
RWA,"Rwanda, Republic of",Africa,2000,18.83532905578613
RWA,"Rwanda, Republic of",Africa,2001,25.31314086914063
RWA,"Rwanda, Republic of",Africa,2007,17.78655052185059
RWA,"Rwanda, Republic of",Africa,2008,15.59150981903076
RWA,"Rwanda, Republic of",Africa,2010,17.54805946350098
RWA,"Rwanda, Republic of",Africa,2011,15.34337997436523
RWA,"Rwanda, Republic of",Africa,2012,15.81546974182129
RWA,"Rwanda, Republic of",Africa,2013,16.8596305847168
RWA,"Rwanda, Republic of",Africa,2014,13.73431968688965
RWA,"Rwanda, Republic of",Africa,2015,12.53905010223389
RWA,"Rwanda, Republic of",Africa,2016,12.2783899307251
RWA,"Rwanda, Republic of",Africa,2017,11.07960987091064
RWA,"Rwanda, Republic of",Africa,2018,10.80461025238037
RWA,"Rwanda, Republic of",Africa,2019,10.99814605239757
RWA,"Rwanda, Republic of",Africa,2020,10.7835245127746
RWA,"Rwanda, Republic of",Africa,2021,15.53223991394043
RWA,"Rwanda, Republic of",Africa,2022,12.76613998413086
RWA,"Rwanda, Republic of",Africa,2023,15.02464008331299
RWA,"Rwanda, Republic of",Africa,2024,14.19097995758057
RWA,"Rwanda, Republic of",Africa,2025,13.93121386267377
SAU,"Saudi Arabia, Kingdom of",Asia,2000,17.83658981323242
SAU,"Saudi Arabia, Kingdom of",Asia,2001,20.89613914489746
SAU,"Saudi Arabia, Kingdom of",Asia,2002,21.29412078857422
SAU,"Saudi Arabia, Kingdom of",Asia,2003,21.45521926879883
SAU,"Saudi Arabia, Kingdom of",Asia,2004,20.18865966796875
SAU,"Saudi Arabia, Kingdom of",Asia,2005,19.29228973388672
SAU,"Saudi Arabia, Kingdom of",Asia,2006,21.6038703918457
SAU,"Saudi Arabia, Kingdom of",Asia,2008,19.25741958618164
SAU,"Saudi Arabia, Kingdom of",Asia,2023,15.84345772499284
SAU,"Saudi Arabia, Kingdom of",Asia,2024,15.63580692849503
SDN,"Sudan, Republic of",Africa,2000,9.11688995361328
SDN,"Sudan, Republic of",Africa,2002,11.04489040374756
SDN,"Sudan, Republic of",Africa,2004,7.949240207672119
SDN,"Sudan, Republic of",Africa,2005,5.966800212860107
SDN,"Sudan, Republic of",Africa,2006,8.25316047668457
SDN,"Sudan, Republic of",Africa,2008,9.392780303955078
SDN,"Sudan, Republic of",Africa,2009,10.78182029724121
SEN,"Senegal, Republic of",Africa,2000,17.61849021911621
SEN,"Senegal, Republic of",Africa,2001,15.72974014282227
SEN,"Senegal, Republic of",Africa,2002,16.72192001342773
SEN,"Senegal, Republic of",Africa,2003,16.11750984191895
SEN,"Senegal, Republic of",Africa,2004,16.96224975585938
SEN,"Senegal, Republic of",Africa,2005,21.77096939086914
SEN,"Senegal, Republic of",Africa,2006,17.95463943481445
SEN,"Senegal, Republic of",Africa,2008,19.22613906860352
SEN,"Senegal, Republic of",Africa,2009,23.30044937133789
SEN,"Senegal, Republic of",Africa,2010,2.510600090026855
SEN,"Senegal, Republic of",Africa,2011,21.08696937561035
SEN,"Senegal, Republic of",Africa,2012,20.79524993896484
SEN,"Senegal, Republic of",Africa,2013,25.74234962463379
SEN,"Senegal, Republic of",Africa,2014,24.80130958557129
SEN,"Senegal, Republic of",Africa,2015,23.77827072143555
SEN,"Senegal, Republic of",Africa,2016,21.33736991882324
SEN,"Senegal, Republic of",Africa,2017,21.1016902923584
SEN,"Senegal, Republic of",Africa,2018,22.65928077697754
SEN,"Senegal, Republic of",Africa,2019,14.69312000274658
SEN,"Senegal, Republic of",Africa,2020,19.21673965454102
SEN,"Senegal, Republic of",Africa,2021,16.67687034606934
SEN,"Senegal, Republic of",Africa,2022,16.49155044555664
SEN,"Senegal, Republic of",Africa,2023,22.54717094722479
SEN,"Senegal, Republic of",Africa,2025,20.91060086069378
SGP,"Singapore, Republic of",Asia,2000,20.3055305480957
SGP,"Singapore, Republic of",Asia,2001,21.55665969848633
SGP,"Singapore, Republic of",Asia,2002,21.41607093811035
SGP,"Singapore, Republic of",Asia,2003,24.75983047485352
SGP,"Singapore, Republic of",Asia,2004,22.74440956115723
SGP,"Singapore, Republic of",Asia,2005,22.27878952026367
SGP,"Singapore, Republic of",Asia,2006,22.53677940368652
SGP,"Singapore, Republic of",Asia,2007,23.23229026794434
SGP,"Singapore, Republic of",Asia,2008,30.09940910339355
SGP,"Singapore, Republic of",Asia,2009,21.85297012329102
SGP,"Singapore, Republic of",Asia,2010,18.57172966003418
SGP,"Singapore, Republic of",Asia,2011,28.86183929443359
SGP,"Singapore, Republic of",Asia,2012,31.37174987792969
SGP,"Singapore, Republic of",Asia,2013,28.83914947509766
SGP,"Singapore, Republic of",Asia,2014,20.47440082050123
SGP,"Singapore, Republic of",Asia,2015,17.69537562827109
SGP,"Singapore, Republic of",Asia,2016,17.55084805405025
SGP,"Singapore, Republic of",Asia,2017,17.25352112676056
SGP,"Singapore, Republic of",Asia,2018,20.71953010559082
SGP,"Singapore, Republic of",Asia,2019,19.4742603302002
SGP,"Singapore, Republic of",Asia,2020,19.19477081298828
SGP,"Singapore, Republic of",Asia,2021,11.47173976898193
SGP,"Singapore, Republic of",Asia,2022,15.13492965698242
SGP,"Singapore, Republic of",Asia,2023,14.07042026519775
SGP,"Singapore, Republic of",Asia,2024,12.86111523846083
SGP,"Singapore, Republic of",Asia,2025,11.99345146262186
SLB,Solomon Islands,Oceania,2007,34.68080902099609
SLB,Solomon Islands,Oceania,2008,28.40707969665527
SLB,Solomon Islands,Oceania,2009,29.35206985473633
SLB,Solomon Islands,Oceania,2010,33.12895965576172
SLB,Solomon Islands,Oceania,2020,30.49439159197995
SLB,Solomon Islands,Oceania,2021,25.99682636108489
SLB,Solomon Islands,Oceania,2022,25.78161745826794
SLB,Solomon Islands,Oceania,2023,23.19963245685154
SLB,Solomon Islands,Oceania,2024,25.22878488543724
SLE,"Sierra Leone, Republic of",Africa,2000,20.72999954223633
SLE,"Sierra Leone, Republic of",Africa,2001,17.96999931335449
SLE,"Sierra Leone, Republic of",Africa,2002,17.69999885559082
SLE,"Sierra Leone, Republic of",Africa,2003,17.31999969482422
SLE,"Sierra Leone, Republic of",Africa,2004,17.14999961853027
SLE,"Sierra Leone, Republic of",Africa,2005,15.51000022888184
SLE,"Sierra Leone, Republic of",Africa,2007,19.75
SLE,"Sierra Leone, Republic of",Africa,2008,14.92999935150146
SLE,"Sierra Leone, Republic of",Africa,2009,15.90000057220459
SLE,"Sierra Leone, Republic of",Africa,2010,12.79999923706055
SLE,"Sierra Leone, Republic of",Africa,2011,12.40999984741211
SLE,"Sierra Leone, Republic of",Africa,2012,14.13000011444092
SLE,"Sierra Leone, Republic of",Africa,2013,15.19999980926514
SLE,"Sierra Leone, Republic of",Africa,2014,15.09000015258789
SLE,"Sierra Leone, Republic of",Africa,2016,12.47000026702881
SLE,"Sierra Leone, Republic of",Africa,2017,19.88999938964844
SLE,"Sierra Leone, Republic of",Africa,2018,32.72999954223633
SLE,"Sierra Leone, Republic of",Africa,2019,35.0099983215332
SLE,"Sierra Leone, Republic of",Africa,2020,34.2400016784668
SLE,"Sierra Leone, Republic of",Africa,2021,33.42000198364258
SLE,"Sierra Leone, Republic of",Africa,2022,29.3700008392334
SLE,"Sierra Leone, Republic of",Africa,2024,19.95918997330075
SLE,"Sierra Leone, Republic of",Africa,2025,20.54637456589182
SLV,"El Salvador, Republic of",North America,2000,13.54397010803223
SLV,"El Salvador, Republic of",North America,2002,14.40474987030029
SLV,"El Salvador, Republic of",North America,2003,13.85227012634277
SLV,"El Salvador, Republic of",North America,2005,14.16685009002686
SLV,"El Salvador, Republic of",North America,2006,14.91919040679932
SLV,"El Salvador, Republic of",North America,2007,15.81505012512207
SLV,"El Salvador, Republic of",North America,2008,18.16251945495605
SLV,"El Salvador, Republic of",North America,2009,17.95026016235352
SLV,"El Salvador, Republic of",North America,2010,15.81840991973877
SLV,"El Salvador, Republic of",North America,2011,15.42368030548096
SLV,"El Salvador, Republic of",North America,2012,13.55786037445068
SLV,"El Salvador, Republic of",North America,2013,13.34160041809082
SLV,"El Salvador, Republic of",North America,2014,13.8507604598999
SLV,"El Salvador, Republic of",North America,2015,14.42251014709473
SLV,"El Salvador, Republic of",North America,2016,13.9301700592041
SLV,"El Salvador, Republic of",North America,2017,13.26113033294678
SLV,"El Salvador, Republic of",North America,2018,13.06204986572266
SLV,"El Salvador, Republic of",North America,2019,12.19194030761719
SLV,"El Salvador, Republic of",North America,2020,11.19429969787598
SLV,"El Salvador, Republic of",North America,2021,11.50806999206543
SLV,"El Salvador, Republic of",North America,2022,11.4042797088623
SLV,"El Salvador, Republic of",North America,2023,10.44163990020752
SLV,"El Salvador, Republic of",North America,2024,10.57559013366699
SLV,"El Salvador, Republic of",North America,2025,15.89259639097215
SMR,"San Marino, Republic of",Europe,2010,10.78129005432129
SMR,"San Marino, Republic of",Europe,2011,10.64035987854004
SMR,"San Marino, Republic of",Europe,2017,13.17934989929199
SMR,"San Marino, Republic of",Europe,2018,14.48633003234863
SMR,"San Marino, Republic of",Europe,2019,15.05992031097412
SMR,"San Marino, Republic of",Europe,2020,5.789347375
SMR,"San Marino, Republic of",Europe,2021,8.379810333251953
SMR,"San Marino, Republic of",Europe,2022,13.36878967285156
SMR,"San Marino, Republic of",Europe,2023,12.98976039886475
SOM,"Somalia, Somali Republic",Africa,2015,1.421131717311304
SOM,"Somalia, Somali Republic",Africa,2016,1.314840640059248
SOM,"Somalia, Somali Republic",Africa,2017,2.223461869229261
SOM,"Somalia, Somali Republic",Africa,2018,2.961797677124395
SOM,"Somalia, Somali Republic",Africa,2019,4.287322881221026
SOM,"Somalia, Somali Republic",Africa,2020,2.99771462084585
SOM,"Somalia, Somali Republic",Africa,2021,3.650244490654222
SOM,"Somalia, Somali Republic",Africa,2022,2.762152554394516
SOM,"Somalia, Somali Republic",Africa,2023,3.591566981105978
SOM,"Somalia, Somali Republic",Africa,2024,6.955547596212627
SOM,"Somalia, Somali Republic",Africa,2025,8.126535843438019
SRB,"Serbia, Republic of",Europe,2007,9.976639747619627
SRB,"Serbia, Republic of",Europe,2009,10.48217964172363
SRB,"Serbia, Republic of",Europe,2011,10.17957019805908
SRB,"Serbia, Republic of",Europe,2016,8.69299030303955
SRB,"Serbia, Republic of",Europe,2017,9.256460189819336
SRB,"Serbia, Republic of",Europe,2018,8.804280281066895
SRB,"Serbia, Republic of",Europe,2019,8.604599952697754
SRB,"Serbia, Republic of",Europe,2021,7.086689949035645
SRB,"Serbia, Republic of",Europe,2022,7.449689865112305
SRB,"Serbia, Republic of",Europe,2023,8.383540153503418
SSD,South Sudan,Africa,2011,3.950700044631958
SSD,South Sudan,Africa,2013,3.228019952774048
SSD,South Sudan,Africa,2014,4.131360054016113
SSD,South Sudan,Africa,2015,3.324949979782104
SSD,South Sudan,Africa,2024,0.0033599999733269
STP,"Sao Tome and Principe, Democratic Republic of",Africa,2002,6.560440063476563
STP,"Sao Tome and Principe, Democratic Republic of",Africa,2003,6.692009925842285
STP,"Sao Tome and Principe, Democratic Republic of",Africa,2004,5.85359001159668
STP,"Sao Tome and Principe, Democratic Republic of",Africa,2005,12.12547969818115
STP,"Sao Tome and Principe, Democratic Republic of",Africa,2006,14.08423042297363
STP,"Sao Tome and Principe, Democratic Republic of",Africa,2007,16.65735054016113
STP,"Sao Tome and Principe, Democratic Republic of",Africa,2008,18.24863052368164
STP,"Sao Tome and Principe, Democratic Republic of",Africa,2009,20.5607795715332
STP,"Sao Tome and Principe, Democratic Republic of",Africa,2010,19.3274097442627
STP,"Sao Tome and Principe, Democratic Republic of",Africa,2011,11.38041578226418
STP,"Sao Tome and Principe, Democratic Republic of",Africa,2012,13.72161960601807
STP,"Sao Tome and Principe, Democratic Republic of",Africa,2013,18.82966995239258
STP,"Sao Tome and Principe, Democratic Republic of",Africa,2014,12.32466983795166
STP,"Sao Tome and Principe, Democratic Republic of",Africa,2015,11.29734039306641
STP,"Sao Tome and Principe, Democratic Republic of",Africa,2016,15.96667957305908
STP,"Sao Tome and Principe, Democratic Republic of",Africa,2017,18.39999961853027
STP,"Sao Tome and Principe, Democratic Republic of",Africa,2018,20.11654090881348
STP,"Sao Tome and Principe, Democratic Republic of",Africa,2019,17.59244509009995
STP,"Sao Tome and Principe, Democratic Republic of",Africa,2020,16.12593579791158
STP,"Sao Tome and Principe, Democratic Republic of",Africa,2021,16.58419120232069
STP,"Sao Tome and Principe, Democratic Republic of",Africa,2022,17.08632851845202
STP,"Sao Tome and Principe, Democratic Republic of",Africa,2023,18.34500625165563
STP,"Sao Tome and Principe, Democratic Republic of",Africa,2024,18.08669695163878
SUR,"Suriname, Republic of",South America,2015,11.37659899072879
SUR,"Suriname, Republic of",South America,2016,16.07541860914182
SUR,"Suriname, Republic of",South America,2017,17.32357800330422
SUR,"Suriname, Republic of",South America,2018,14.72417251755266
SUR,"Suriname, Republic of",South America,2019,15.27698863636364
SUR,"Suriname, Republic of",South America,2020,13.94234545597361
SUR,"Suriname, Republic of",South America,2021,11.78294573643411
SUR,"Suriname, Republic of",South America,2022,10.9554367201426
SUR,"Suriname, Republic of",South America,2023,7.536292151822169
SUR,"Suriname, Republic of",South America,2024,8.553004298996902
SVK,Slovakia (Slovak Republic),Europe,2000,7.265600204467773
SVK,Slovakia (Slovak Republic),Europe,2001,8.526269912719727
SVK,Slovakia (Slovak Republic),Europe,2002,9.24452018737793
SVK,Slovakia (Slovak Republic),Europe,2003,10.579270362854
SVK,Slovakia (Slovak Republic),Europe,2004,10.72064018249512
SVK,Slovakia (Slovak Republic),Europe,2005,9.647489547729492
SVK,Slovakia (Slovak Republic),Europe,2006,9.71280002593994
SVK,Slovakia (Slovak Republic),Europe,2007,9.804280281066896
SVK,Slovakia (Slovak Republic),Europe,2008,9.657059669494627
SVK,Slovakia (Slovak Republic),Europe,2009,9.272170066833496
SVK,Slovakia (Slovak Republic),Europe,2010,9.85927963256836
SVK,Slovakia (Slovak Republic),Europe,2011,9.57921028137207
SVK,Slovakia (Slovak Republic),Europe,2012,9.6274995803833
SVK,Slovakia (Slovak Republic),Europe,2013,9.879949569702148
SVK,Slovakia (Slovak Republic),Europe,2014,10.01690006256104
SVK,Slovakia (Slovak Republic),Europe,2015,10.34344959259033
SVK,Slovakia (Slovak Republic),Europe,2016,9.495800018310549
SVK,Slovakia (Slovak Republic),Europe,2017,9.850279808044434
SVK,Slovakia (Slovak Republic),Europe,2018,9.92531967163086
SVK,Slovakia (Slovak Republic),Europe,2019,10.49930953979492
SVK,Slovakia (Slovak Republic),Europe,2020,10.60756969451904
SVK,Slovakia (Slovak Republic),Europe,2021,10.50737953186035
SVK,Slovakia (Slovak Republic),Europe,2022,10.82808971405029
SVN,"Slovenia, Republic of",Europe,2001,11.82783031463623
SVN,"Slovenia, Republic of",Europe,2002,12.01115989685059
SVN,"Slovenia, Republic of",Europe,2003,12.09881019592285
SVN,"Slovenia, Republic of",Europe,2004,12.12226009368896
SVN,"Slovenia, Republic of",Europe,2005,12.09897994995117
SVN,"Slovenia, Republic of",Europe,2006,12.30090999603271
SVN,"Slovenia, Republic of",Europe,2007,11.81182956695557
SVN,"Slovenia, Republic of",Europe,2008,11.36485958099365
SVN,"Slovenia, Republic of",Europe,2009,11.24168968200684
SVN,"Slovenia, Republic of",Europe,2010,11.02781963348389
SVN,"Slovenia, Republic of",Europe,2011,10.85939979553223
SVN,"Slovenia, Republic of",Europe,2012,11.33905982971191
SVN,"Slovenia, Republic of",Europe,2013,9.47187042236328
SVN,"Slovenia, Republic of",Europe,2014,10.56888961791992
SVN,"Slovenia, Republic of",Europe,2015,10.0119800567627
SVN,"Slovenia, Republic of",Europe,2016,10.32664966583252
SVN,"Slovenia, Republic of",Europe,2017,10.81285953521729
SVN,"Slovenia, Republic of",Europe,2018,11.30204010009766
SVN,"Slovenia, Republic of",Europe,2019,11.27118968963623
SVN,"Slovenia, Republic of",Europe,2020,10.46212005615234
SVN,"Slovenia, Republic of",Europe,2021,10.80632019042969
SVN,"Slovenia, Republic of",Europe,2022,11.0809497833252
SWE,"Sweden, Kingdom of",Europe,2000,12.89867973327637
SWE,"Sweden, Kingdom of",Europe,2001,12.78553009033203
SWE,"Sweden, Kingdom of",Europe,2002,13.1183500289917
SWE,"Sweden, Kingdom of",Europe,2003,12.83382987976074
SWE,"Sweden, Kingdom of",Europe,2004,12.91322994232178
SWE,"Sweden, Kingdom of",Europe,2005,12.73132991790771
SWE,"Sweden, Kingdom of",Europe,2006,12.71201992034912
SWE,"Sweden, Kingdom of",Europe,2007,12.76568031311035
SWE,"Sweden, Kingdom of",Europe,2008,12.92362976074219
SWE,"Sweden, Kingdom of",Europe,2009,13.12812042236328
SWE,"Sweden, Kingdom of",Europe,2010,13.19379043579102
SWE,"Sweden, Kingdom of",Europe,2011,13.04813003540039
SWE,"Sweden, Kingdom of",Europe,2012,15.07507991790771
SWE,"Sweden, Kingdom of",Europe,2013,14.88731956481934
SWE,"Sweden, Kingdom of",Europe,2014,15.04500961303711
SWE,"Sweden, Kingdom of",Europe,2015,15.18671035766602
SWE,"Sweden, Kingdom of",Europe,2016,15.46417045593262
SWE,"Sweden, Kingdom of",Europe,2017,15.53695011138916
SWE,"Sweden, Kingdom of",Europe,2018,15.51504993438721
SWE,"Sweden, Kingdom of",Europe,2019,15.74522972106934
SWE,"Sweden, Kingdom of",Europe,2020,15.31173992156982
SWE,"Sweden, Kingdom of",Europe,2021,15.54915046691895
SWE,"Sweden, Kingdom of",Europe,2022,15.27604961395264
SWZ,"Swaziland, Kingdom of",Africa,2000,18.74508094787598
SWZ,"Swaziland, Kingdom of",Africa,2001,19.65617942810059
SWZ,"Swaziland, Kingdom of",Africa,2002,17.29376983642578
SWZ,"Swaziland, Kingdom of",Africa,2003,22.06381988525391
SWZ,"Swaziland, Kingdom of",Africa,2004,21.10407066345215
SWZ,"Swaziland, Kingdom of",Africa,2005,20.89185905456543
SWZ,"Swaziland, Kingdom of",Africa,2006,22.70756912231445
SWZ,"Swaziland, Kingdom of",Africa,2008,21.81324005126953
SWZ,"Swaziland, Kingdom of",Africa,2009,19.38637924194336
SWZ,"Swaziland, Kingdom of",Africa,2010,18.28302955627441
SWZ,"Swaziland, Kingdom of",Africa,2011,22.33392906188965
SWZ,"Swaziland, Kingdom of",Africa,2012,21.43775954342454
SWZ,"Swaziland, Kingdom of",Africa,2013,17.23399640698286
SWZ,"Swaziland, Kingdom of",Africa,2014,24.79544067382813
SWZ,"Swaziland, Kingdom of",Africa,2015,16.41538784288528
SWZ,"Swaziland, Kingdom of",Africa,2016,16.55491112702872
SWZ,"Swaziland, Kingdom of",Africa,2017,18.66627509147846
SWZ,"Swaziland, Kingdom of",Africa,2018,17.22101182665492
SWZ,"Swaziland, Kingdom of",Africa,2019,18.5068975878254
SWZ,"Swaziland, Kingdom of",Africa,2020,15.8905396021243
SWZ,"Swaziland, Kingdom of",Africa,2021,15.34087001860497
SWZ,"Swaziland, Kingdom of",Africa,2022,16.620931006141
SWZ,"Swaziland, Kingdom of",Africa,2023,16.93638831213255
SWZ,"Swaziland, Kingdom of",Africa,2024,19.35419607602253
SWZ,"Swaziland, Kingdom of",Africa,2025,19.21187040536306
SXM,Sint Maarten (Netherlands),North America,2022,22.61103633916554
SXM,Sint Maarten (Netherlands),North America,2023,23.04426925409339
SYC,"Seychelles, Republic of",Africa,2002,9.220159530639648
SYC,"Seychelles, Republic of",Africa,2003,12.04319953918457
SYC,"Seychelles, Republic of",Africa,2006,10.9545202255249
SYC,"Seychelles, Republic of",Africa,2011,10.36830043792725
SYC,"Seychelles, Republic of",Africa,2012,6.779669761657715
SYC,"Seychelles, Republic of",Africa,2013,9.536629676818848
SYC,"Seychelles, Republic of",Africa,2014,11.84099960327148
SYC,"Seychelles, Republic of",Africa,2015,15.59241962432861
SYC,"Seychelles, Republic of",Africa,2016,11.66483020782471
SYC,"Seychelles, Republic of",Africa,2017,10.25983040033385
SYC,"Seychelles, Republic of",Africa,2018,10.51462021660156
SYC,"Seychelles, Republic of",Africa,2019,11.130556515303
SYC,"Seychelles, Republic of",Africa,2020,9.168005070426334
SYC,"Seychelles, Republic of",Africa,2021,10.4837460475179
SYC,"Seychelles, Republic of",Africa,2022,10.64876286796686
SYC,"Seychelles, Republic of",Africa,2023,12.7399803021294
SYC,"Seychelles, Republic of",Africa,2024,13.14195809729167
SYC,"Seychelles, Republic of",Africa,2025,10.68572483002371
SYR,Syrian Arab Republic,Asia,2001,15.66205978393555
SYR,Syrian Arab Republic,Asia,2002,16.82607078552246
SYR,Syrian Arab Republic,Asia,2003,19.85540008544922
SYR,Syrian Arab Republic,Asia,2004,17.14539909362793
SYR,Syrian Arab Republic,Asia,2006,20.0484790802002
SYR,Syrian Arab Republic,Asia,2007,18.92593002319336
SYR,Syrian Arab Republic,Asia,2008,20.04079055786133
SYR,Syrian Arab Republic,Asia,2009,19.18404960632324
TCA,Turks and Caicos Islands,North America,2000,0.0
TCA,Turks and Caicos Islands,North America,2001,0.0
TCA,Turks and Caicos Islands,North America,2002,0.0
TCA,Turks and Caicos Islands,North America,2003,0.0
TCA,Turks and Caicos Islands,North America,2005,0.0
TCA,Turks and Caicos Islands,North America,2011,11.70387309139757
TCA,Turks and Caicos Islands,North America,2012,11.62089334250613
TCA,Turks and Caicos Islands,North America,2013,12.24923485452426
TCA,Turks and Caicos Islands,North America,2014,11.80901857810291
TCA,Turks and Caicos Islands,North America,2015,14.19169998168945
TCA,Turks and Caicos Islands,North America,2016,13.17629654439459
TCA,Turks and Caicos Islands,North America,2017,11.03374853686171
TCA,Turks and Caicos Islands,North America,2018,11.94102001190186
TCA,Turks and Caicos Islands,North America,2019,9.615440368652344
TCA,Turks and Caicos Islands,North America,2020,10.82221277044946
TCA,Turks and Caicos Islands,North America,2021,11.23834991455078
TCA,Turks and Caicos Islands,North America,2022,11.86330032348633
TCA,Turks and Caicos Islands,North America,2023,9.317347232734036
TCA,Turks and Caicos Islands,North America,2024,10.73425260585465
TCA,Turks and Caicos Islands,North America,2025,9.811855133278703
TCD,"Chad, Republic of",Africa,2000,12.84449005126953
TCD,"Chad, Republic of",Africa,2001,13.78684997558594
TCD,"Chad, Republic of",Africa,2004,11.03190040588379
TCD,"Chad, Republic of",Africa,2005,14.67282009124756
TCD,"Chad, Republic of",Africa,2009,8.828180313110352
TCD,"Chad, Republic of",Africa,2010,8.119279861450195
TCD,"Chad, Republic of",Africa,2011,10.08325958251953
TCD,"Chad, Republic of",Africa,2012,9.212409973144531
TCD,"Chad, Republic of",Africa,2013,12.46146011352539
TCD,"Chad, Republic of",Africa,2017,16.36274909973145
TCD,"Chad, Republic of",Africa,2019,14.21379003899466
TCD,"Chad, Republic of",Africa,2020,11.6715060004173
TCD,"Chad, Republic of",Africa,2021,15.44771003723145
TCD,"Chad, Republic of",Africa,2022,16.72260975170407
TCD,"Chad, Republic of",Africa,2023,16.48435344243246
TGO,"Togo, Togolese Republic",Africa,2000,24.42370986938477
TGO,"Togo, Togolese Republic",Africa,2001,25.73135948181152
TGO,"Togo, Togolese Republic",Africa,2002,30.70002937316895
TGO,"Togo, Togolese Republic",Africa,2003,27.75642967224121
TGO,"Togo, Togolese Republic",Africa,2004,21.83069038391113
TGO,"Togo, Togolese Republic",Africa,2005,17.67807960510254
TGO,"Togo, Togolese Republic",Africa,2006,17.28664970397949
TGO,"Togo, Togolese Republic",Africa,2007,18.15452003479004
TGO,"Togo, Togolese Republic",Africa,2008,19.24566078186035
TGO,"Togo, Togolese Republic",Africa,2009,19.37198066711426
TGO,"Togo, Togolese Republic",Africa,2010,19.61576080322266
TGO,"Togo, Togolese Republic",Africa,2011,16.90378952026367
TGO,"Togo, Togolese Republic",Africa,2012,17.68042945861816
TGO,"Togo, Togolese Republic",Africa,2013,15.49767971038818
TGO,"Togo, Togolese Republic",Africa,2014,15.63267993927002
TGO,"Togo, Togolese Republic",Africa,2015,16.21163940429688
TGO,"Togo, Togolese Republic",Africa,2016,15.99131011962891
TGO,"Togo, Togolese Republic",Africa,2017,23.14003944396973
TGO,"Togo, Togolese Republic",Africa,2018,21.76909065246582
TGO,"Togo, Togolese Republic",Africa,2019,19.23478396953854
TGO,"Togo, Togolese Republic",Africa,2020,18.14345287396986
TGO,"Togo, Togolese Republic",Africa,2021,17.45342364551913
TGO,"Togo, Togolese Republic",Africa,2022,14.47581978700893
TGO,"Togo, Togolese Republic",Africa,2023,14.82360413302916
TGO,"Togo, Togolese Republic",Africa,2024,11.64543515210437
THA,"Thailand, Kingdom of",Asia,2000,28.38859939575195
THA,"Thailand, Kingdom of",Asia,2001,24.24134063720703
THA,"Thailand, Kingdom of",Asia,2002,16.22293090820313
THA,"Thailand, Kingdom of",Asia,2003,20.8663501739502
THA,"Thailand, Kingdom of",Asia,2004,21.45767021179199
THA,"Thailand, Kingdom of",Asia,2005,20.54681968688965
THA,"Thailand, Kingdom of",Asia,2006,22.0027904510498
THA,"Thailand, Kingdom of",Asia,2007,18.48467063903809
THA,"Thailand, Kingdom of",Asia,2008,18.16284942626953
THA,"Thailand, Kingdom of",Asia,2009,18.17830085754395
THA,"Thailand, Kingdom of",Asia,2010,16.22262001037598
THA,"Thailand, Kingdom of",Asia,2011,22.63023948669434
THA,"Thailand, Kingdom of",Asia,2012,21.39679908752441
THA,"Thailand, Kingdom of",Asia,2013,19.12552070617676
THA,"Thailand, Kingdom of",Asia,2014,20.5354099009901
THA,"Thailand, Kingdom of",Asia,2015,20.62309902912622
THA,"Thailand, Kingdom of",Asia,2016,19.80216498559078
THA,"Thailand, Kingdom of",Asia,2017,18.36236743072186
THA,"Thailand, Kingdom of",Asia,2018,17.16620983606557
THA,"Thailand, Kingdom of",Asia,2019,17.01423333333333
THA,"Thailand, Kingdom of",Asia,2020,15.431959375
THA,"Thailand, Kingdom of",Asia,2021,14.69172283427898
THA,"Thailand, Kingdom of",Asia,2022,14.64165161290322
THA,"Thailand, Kingdom of",Asia,2023,14.18629827315542
THA,"Thailand, Kingdom of",Asia,2024,13.09098850574713
THA,"Thailand, Kingdom of",Asia,2025,12.61708369973619
TJK,"Tajikistan, Republic of",Asia,2000,12.72385025024414
TJK,"Tajikistan, Republic of",Asia,2001,14.00712966918945
TJK,"Tajikistan, Republic of",Asia,2002,14.63924980163574
TJK,"Tajikistan, Republic of",Asia,2003,12.70823955535889
TJK,"Tajikistan, Republic of",Asia,2004,13.70965957641602
TJK,"Tajikistan, Republic of",Asia,2005,15.33973026275635
TJK,"Tajikistan, Republic of",Asia,2006,15.84657001495361
TJK,"Tajikistan, Republic of",Asia,2007,16.82249069213867
TJK,"Tajikistan, Republic of",Asia,2008,17.2426700592041
TJK,"Tajikistan, Republic of",Asia,2009,17.35973930358887
TJK,"Tajikistan, Republic of",Asia,2010,15.49219989776611
TJK,"Tajikistan, Republic of",Asia,2011,16.20780944824219
TJK,"Tajikistan, Republic of",Asia,2012,16.24967956542969
TJK,"Tajikistan, Republic of",Asia,2013,17.3689571897652
TJK,"Tajikistan, Republic of",Asia,2014,17.79638391116646
TJK,"Tajikistan, Republic of",Asia,2015,16.3986701965332
TJK,"Tajikistan, Republic of",Asia,2016,17.03836344891204
TJK,"Tajikistan, Republic of",Asia,2017,18.14115030542452
TJK,"Tajikistan, Republic of",Asia,2018,15.88862268984674
TJK,"Tajikistan, Republic of",Asia,2019,18.22823856874412
TJK,"Tajikistan, Republic of",Asia,2020,17.29742307954632
TJK,"Tajikistan, Republic of",Asia,2021,15.04331613819054
TJK,"Tajikistan, Republic of",Asia,2022,18.3473626996201
TJK,"Tajikistan, Republic of",Asia,2023,17.22547497292963
TJK,"Tajikistan, Republic of",Asia,2024,19.25516240406395
TKM,Turkmenistan,Asia,2012,20.79550933837891
TKM,Turkmenistan,Asia,2019,23.01025009155273
TKM,Turkmenistan,Asia,2020,27.99839973449707
TKM,Turkmenistan,Asia,2021,29.08345031738281
TKM,Turkmenistan,Asia,2022,28.68071937561035
TKM,Turkmenistan,Asia,2023,19.10349082946777
TKM,Turkmenistan,Asia,2024,27.62454986572266
TLS,"Timor-Leste, Democratic Republic of",Asia,2008,7.090539932250977
TLS,"Timor-Leste, Democratic Republic of",Asia,2009,10.58611965179443
TLS,"Timor-Leste, Democratic Republic of",Asia,2010,9.154210090637209
TLS,"Timor-Leste, Democratic Republic of",Asia,2011,7.650899887084961
TLS,"Timor-Leste, Democratic Republic of",Asia,2012,5.537690162658691
TLS,"Timor-Leste, Democratic Republic of",Asia,2013,5.893179893493652
TLS,"Timor-Leste, Democratic Republic of",Asia,2014,6.772870063781738
TLS,"Timor-Leste, Democratic Republic of",Asia,2015,8.636969566345215
TLS,"Timor-Leste, Democratic Republic of",Asia,2016,7.246910095214844
TLS,"Timor-Leste, Democratic Republic of",Asia,2017,8.217690467834473
TLS,"Timor-Leste, Democratic Republic of",Asia,2018,8.005629539489746
TLS,"Timor-Leste, Democratic Republic of",Asia,2019,6.869692216372372
TLS,"Timor-Leste, Democratic Republic of",Asia,2020,6.956637108994876
TLS,"Timor-Leste, Democratic Republic of",Asia,2021,7.470769802551831
TLS,"Timor-Leste, Democratic Republic of",Asia,2024,6.275140230587752
TLS,"Timor-Leste, Democratic Republic of",Asia,2025,4.330967184613028
TON,"Tonga, Kingdom of",Oceania,2000,22.95586013793945
TON,"Tonga, Kingdom of",Oceania,2001,22.10918045043945
TON,"Tonga, Kingdom of",Oceania,2002,15.82658004760742
TON,"Tonga, Kingdom of",Oceania,2003,18.61911964416504
TON,"Tonga, Kingdom of",Oceania,2004,19.09716987609863
TON,"Tonga, Kingdom of",Oceania,2017,11.07814541206856
TON,"Tonga, Kingdom of",Oceania,2018,11.27844772078499
TON,"Tonga, Kingdom of",Oceania,2019,12.99594240349265
TON,"Tonga, Kingdom of",Oceania,2020,10.73154864869994
TON,"Tonga, Kingdom of",Oceania,2021,10.1174321653832
TON,"Tonga, Kingdom of",Oceania,2022,9.76537216828479
TON,"Tonga, Kingdom of",Oceania,2023,8.442249580302184
TON,"Tonga, Kingdom of",Oceania,2024,9.32964222353637
TTO,"Trinidad and Tobago, Republic of",North America,2000,11.73112010955811
TTO,"Trinidad and Tobago, Republic of",North America,2001,12.16543006896973
TTO,"Trinidad and Tobago, Republic of",North America,2002,14.28520965576172
TTO,"Trinidad and Tobago, Republic of",North America,2003,13.91007041931152
TTO,"Trinidad and Tobago, Republic of",North America,2010,12.90331022029134
TTO,"Trinidad and Tobago, Republic of",North America,2011,11.1150541951613
TTO,"Trinidad and Tobago, Republic of",North America,2012,11.27329497083383
TTO,"Trinidad and Tobago, Republic of",North America,2013,11.73038445827487
TTO,"Trinidad and Tobago, Republic of",North America,2014,10.50938763190676
TTO,"Trinidad and Tobago, Republic of",North America,2015,12.30704474869261
TTO,"Trinidad and Tobago, Republic of",North America,2016,11.7850028841985
TTO,"Trinidad and Tobago, Republic of",North America,2017,9.88690577318633
TTO,"Trinidad and Tobago, Republic of",North America,2018,10.65227805216344
TTO,"Trinidad and Tobago, Republic of",North America,2019,10.45610419572353
TTO,"Trinidad and Tobago, Republic of",North America,2020,11.71627044677734
TTO,"Trinidad and Tobago, Republic of",North America,2021,10.02651977539063
TTO,"Trinidad and Tobago, Republic of",North America,2022,10.40559005737305
TTO,"Trinidad and Tobago, Republic of",North America,2023,9.826899528503418
TTO,"Trinidad and Tobago, Republic of",North America,2024,9.146889324895392
TTO,"Trinidad and Tobago, Republic of",North America,2025,12.57427897089101
TUN,"Tunisia, Tunisian Republic",Africa,2000,24.5917797088623
TUN,"Tunisia, Tunisian Republic",Africa,2001,24.64776039123535
TUN,"Tunisia, Tunisian Republic",Africa,2002,22.88013076782227
TUN,"Tunisia, Tunisian Republic",Africa,2003,27.68428993225098
TUN,"Tunisia, Tunisian Republic",Africa,2004,27.83381080627441
TUN,"Tunisia, Tunisian Republic",Africa,2005,26.6956901550293
TUN,"Tunisia, Tunisian Republic",Africa,2006,26.86130905151367
TUN,"Tunisia, Tunisian Republic",Africa,2007,26.42863082885742
TUN,"Tunisia, Tunisian Republic",Africa,2008,25.25867080688477
TUN,"Tunisia, Tunisian Republic",Africa,2009,25.26201057434082
TUN,"Tunisia, Tunisian Republic",Africa,2010,24.84683036804199
TUN,"Tunisia, Tunisian Republic",Africa,2012,20.99101066589355
TUN,"Tunisia, Tunisian Republic",Africa,2015,22.66534042358398
TUN,"Tunisia, Tunisian Republic",Africa,2019,17.64667720415611
TUN,"Tunisia, Tunisian Republic",Africa,2020,20.81347541533815
TUN,"Tunisia, Tunisian Republic",Africa,2021,19.75151556248728
TUN,"Tunisia, Tunisian Republic",Africa,2022,19.97026247720816
TUN,"Tunisia, Tunisian Republic",Africa,2023,18.10789713042393
TUN,"Tunisia, Tunisian Republic",Africa,2024,17.80989549368782
TUN,"Tunisia, Tunisian Republic",Africa,2025,17.27852009092732
TUR,"Turkey, Republic of",Asia,2011,12.86585998535156
TUR,"Turkey, Republic of",Asia,2012,12.85289001464844
TUR,"Turkey, Republic of",Asia,2013,12.89196968078613
TUR,"Turkey, Republic of",Asia,2014,13.52735042572021
TUR,"Turkey, Republic of",Asia,2015,13.26185035705566
TUR,"Turkey, Republic of",Asia,2016,13.69145965576172
TUR,"Turkey, Republic of",Asia,2017,13.25858020782471
TUR,"Turkey, Republic of",Asia,2018,12.53085994720459
TUR,"Turkey, Republic of",Asia,2019,12.52369976043701
TUR,"Turkey, Republic of",Asia,2020,11.63362979888916
TUR,"Turkey, Republic of",Asia,2021,11.30918025970459
TUR,"Turkey, Republic of",Asia,2022,11.32629013061523
TUV,Tuvalu,Oceania,2020,11.00385063402681
TUV,Tuvalu,Oceania,2021,13.270222607687
TUV,Tuvalu,Oceania,2022,12.92737622565877
TUV,Tuvalu,Oceania,2023,11.3604097366333
TUV,Tuvalu,Oceania,2024,16.9789718325253
TUV,Tuvalu,Oceania,2025,16.79219400988117
TZA,"Tanzania, United Republic of",Africa,2004,19.49263954162598
TZA,"Tanzania, United Republic of",Africa,2005,18.14314079284668
TZA,"Tanzania, United Republic of",Africa,2006,15.01506996154785
TZA,"Tanzania, United Republic of",Africa,2007,19.4492301940918
TZA,"Tanzania, United Republic of",Africa,2008,18.94046974182129
TZA,"Tanzania, United Republic of",Africa,2009,17.68234062194824
TZA,"Tanzania, United Republic of",Africa,2010,19.8020191192627
TZA,"Tanzania, United Republic of",Africa,2011,17.61824331453819
TZA,"Tanzania, United Republic of",Africa,2012,16.87873519645095
TZA,"Tanzania, United Republic of",Africa,2013,19.11519213018508
TZA,"Tanzania, United Republic of",Africa,2014,17.29710006713867
TZA,"Tanzania, United Republic of",Africa,2015,17.63455049746813
TZA,"Tanzania, United Republic of",Africa,2016,17.20423195750261
TZA,"Tanzania, United Republic of",Africa,2017,24.39653968811035
TZA,"Tanzania, United Republic of",Africa,2018,20.50494003295898
TZA,"Tanzania, United Republic of",Africa,2019,14.2921084679586
TZA,"Tanzania, United Republic of",Africa,2020,13.62855799097489
TZA,"Tanzania, United Republic of",Africa,2021,13.53700810698688
TZA,"Tanzania, United Republic of",Africa,2022,14.33210929641049
TZA,"Tanzania, United Republic of",Africa,2023,13.70423764362136
TZA,"Tanzania, United Republic of",Africa,2024,13.40809811638705
UGA,"Uganda, Republic of",Africa,2000,10.3548698425293
UGA,"Uganda, Republic of",Africa,2004,20.30834007263184
UGA,"Uganda, Republic of",Africa,2010,10.10488986968994
UGA,"Uganda, Republic of",Africa,2011,13.61137008666992
UGA,"Uganda, Republic of",Africa,2012,11.45189952850342
UGA,"Uganda, Republic of",Africa,2013,11.74312019348145
UGA,"Uganda, Republic of",Africa,2014,11.70491027832031
UGA,"Uganda, Republic of",Africa,2015,13.22008037567139
UGA,"Uganda, Republic of",Africa,2016,12.46916961669922
UGA,"Uganda, Republic of",Africa,2017,12.19733047485352
UGA,"Uganda, Republic of",Africa,2018,11.25364971160889
UGA,"Uganda, Republic of",Africa,2019,8.89710752279272
UGA,"Uganda, Republic of",Africa,2020,8.528804654958815
UGA,"Uganda, Republic of",Africa,2021,8.21456053372555
UGA,"Uganda, Republic of",Africa,2022,8.482364332061273
UKR,Ukraine,Europe,2000,11.35896968841553
UKR,Ukraine,Europe,2001,12.81095027923584
UKR,Ukraine,Europe,2002,14.36096000671387
UKR,Ukraine,Europe,2003,14.41952037811279
UKR,Ukraine,Europe,2004,12.7817497253418
UKR,Ukraine,Europe,2005,13.73865032196045
UKR,Ukraine,Europe,2006,13.92323017120361
UKR,Ukraine,Europe,2007,14.03619003295898
UKR,Ukraine,Europe,2008,13.55782985687256
UKR,Ukraine,Europe,2009,15.05482006072998
UKR,Ukraine,Europe,2011,13.48431968688965
UKR,Ukraine,Europe,2012,13.66551971435547
UKR,Ukraine,Europe,2013,13.86763954162598
UKR,Ukraine,Europe,2014,13.12135028839111
UKR,Ukraine,Europe,2015,12.4049319402434
UKR,Ukraine,Europe,2016,12.28328990936279
UKR,Ukraine,Europe,2017,12.99993991851807
UKR,Ukraine,Europe,2018,12.69019985198975
UKR,Ukraine,Europe,2019,13.11063003540039
UKR,Ukraine,Europe,2020,11.80327987670898
UKR,Ukraine,Europe,2021,12.69548988342285
URY,"Uruguay, Eastern Republic of",South America,2000,8.359169960021973
URY,"Uruguay, Eastern Republic of",South America,2001,9.22963047027588
URY,"Uruguay, Eastern Republic of",South America,2002,7.71265983581543
URY,"Uruguay, Eastern Republic of",South America,2003,6.836269855499268
URY,"Uruguay, Eastern Republic of",South America,2004,8.60923957824707
URY,"Uruguay, Eastern Republic of",South America,2005,9.470970153808594
URY,"Uruguay, Eastern Republic of",South America,2006,9.84121036529541
URY,"Uruguay, Eastern Republic of",South America,2011,15.16254997253418
URY,"Uruguay, Eastern Republic of",South America,2012,17.67792781931658
URY,"Uruguay, Eastern Republic of",South America,2013,14.37047004699707
URY,"Uruguay, Eastern Republic of",South America,2014,14.44427013397217
URY,"Uruguay, Eastern Republic of",South America,2015,14.72430038452148
URY,"Uruguay, Eastern Republic of",South America,2016,14.71014022827148
URY,"Uruguay, Eastern Republic of",South America,2017,14.86126041412354
URY,"Uruguay, Eastern Republic of",South America,2018,15.17232990264893
URY,"Uruguay, Eastern Republic of",South America,2019,15.1325101852417
URY,"Uruguay, Eastern Republic of",South America,2020,13.88360977172852
URY,"Uruguay, Eastern Republic of",South America,2021,14.76788997650146
URY,"Uruguay, Eastern Republic of",South America,2022,14.93362998962402
URY,"Uruguay, Eastern Republic of",South America,2023,15.60958003997803
USA,United States of America,North America,2015,13.54664993286133
USA,United States of America,North America,2016,13.17061042785645
USA,United States of America,North America,2017,13.8754997253418
USA,United States of America,North America,2018,13.14741039276123
USA,United States of America,North America,2019,13.27268981933594
USA,United States of America,North America,2020,12.1569995880127
USA,United States of America,North America,2021,11.29265975952148
UZB,"Uzbekistan, Republic of",Asia,2013,22.7609691619873
UZB,"Uzbekistan, Republic of",Asia,2014,22.97685050964355
UZB,"Uzbekistan, Republic of",Asia,2015,22.36525917053223
UZB,"Uzbekistan, Republic of",Asia,2016,23.09033012390137
UZB,"Uzbekistan, Republic of",Asia,2017,22.53945922851563
UZB,"Uzbekistan, Republic of",Asia,2018,25.87523091799072
UZB,"Uzbekistan, Republic of",Asia,2019,28.41832847917145
UZB,"Uzbekistan, Republic of",Asia,2020,17.06019020080566
UZB,"Uzbekistan, Republic of",Asia,2021,15.07530975341797
UZB,"Uzbekistan, Republic of",Asia,2022,21.85101834454068
UZB,"Uzbekistan, Republic of",Asia,2023,22.64815662659952
UZB,"Uzbekistan, Republic of",Asia,2024,22.07464503820453
VCT,Saint Vincent and the Grenadines,North America,2000,30.78919982910156
VCT,Saint Vincent and the Grenadines,North America,2002,28.70130920410156
VCT,Saint Vincent and the Grenadines,North America,2003,31.47550964355469
VCT,Saint Vincent and the Grenadines,North America,2005,22.59198951721191
VCT,Saint Vincent and the Grenadines,North America,2007,20.03841018676758
VCT,Saint Vincent and the Grenadines,North America,2009,17.33849906921387
VCT,Saint Vincent and the Grenadines,North America,2010,15.48563003540039
VCT,Saint Vincent and the Grenadines,North America,2015,17.2
VCT,Saint Vincent and the Grenadines,North America,2016,20.14841079711914
VCT,Saint Vincent and the Grenadines,North America,2017,20.19763946533203
VCT,Saint Vincent and the Grenadines,North America,2018,19.8603401184082
VCT,Saint Vincent and the Grenadines,North America,2020,13.0
VCT,Saint Vincent and the Grenadines,North America,2022,15.2270812769575
VCT,Saint Vincent and the Grenadines,North America,2023,12.8554647399902
VCT,Saint Vincent and the Grenadines,North America,2024,12.62687748820431
VEN,"Venezuela, Bolivarian Republic of",South America,2023,0.0095300003886223
VEN,"Venezuela, Bolivarian Republic of",South America,2024,10.25429208655959
VGB,British Virgin Islands,North America,2012,12.05877296564658
VGB,British Virgin Islands,North America,2013,15.73427620009728
VGB,British Virgin Islands,North America,2014,14.70944245282069
VGB,British Virgin Islands,North America,2015,13.26398155301168
VGB,British Virgin Islands,North America,2016,12.8649093973932
VGB,British Virgin Islands,North America,2017,12.64089345012552
VGB,British Virgin Islands,North America,2018,10.21799741849662
VGB,British Virgin Islands,North America,2019,17.20144753593073
VGB,British Virgin Islands,North America,2020,11.86371459312473
VGB,British Virgin Islands,North America,2021,10.84606846878262
VGB,British Virgin Islands,North America,2022,12.20016621925425
VGB,British Virgin Islands,North America,2023,11.08530357499431
VGB,British Virgin Islands,North America,2024,10.86002798172683
VGB,British Virgin Islands,North America,2025,13.59118559776313
VNM,"Vietnam, Socialist Republic of",Asia,2008,18.00123977661133
VNM,"Vietnam, Socialist Republic of",Asia,2009,15.18871021270752
VNM,"Vietnam, Socialist Republic of",Asia,2010,17.05666923522949
VNM,"Vietnam, Socialist Republic of",Asia,2011,17.81126976013184
VNM,"Vietnam, Socialist Republic of",Asia,2012,18.78499031066895
VNM,"Vietnam, Socialist Republic of",Asia,2013,18.51551055908203
VNM,"Vietnam, Socialist Republic of",Asia,2014,16.81228974657813
VNM,"Vietnam, Socialist Republic of",Asia,2015,15.0167530601057
VNM,"Vietnam, Socialist Republic of",Asia,2016,15.60490036010742
VNM,"Vietnam, Socialist Republic of",Asia,2017,15.47429664576261
VNM,"Vietnam, Socialist Republic of",Asia,2018,16.09086990356445
VNM,"Vietnam, Socialist Republic of",Asia,2019,15.57194904947498
VNM,"Vietnam, Socialist Republic of",Asia,2020,14.47188120473168
VNM,"Vietnam, Socialist Republic of",Asia,2021,14.81748666271488
VNM,"Vietnam, Socialist Republic of",Asia,2022,15.44934439089992
VUT,"Vanuatu, Republic of",Oceania,2000,27.52419090270996
VUT,"Vanuatu, Republic of",Oceania,2001,40.07754898071289
VUT,"Vanuatu, Republic of",Oceania,2002,36.40961837768555
VUT,"Vanuatu, Republic of",Oceania,2003,44.80179977416992
VUT,"Vanuatu, Republic of",Oceania,2008,21.40563011169434
VUT,"Vanuatu, Republic of",Oceania,2009,18.7231502532959
VUT,"Vanuatu, Republic of",Oceania,2014,22.19061088562012
VUT,"Vanuatu, Republic of",Oceania,2015,12.70670032501221
VUT,"Vanuatu, Republic of",Oceania,2016,12.4892469656623
VUT,"Vanuatu, Republic of",Oceania,2017,12.20798015594482
VUT,"Vanuatu, Republic of",Oceania,2018,20.13215140933384
VUT,"Vanuatu, Republic of",Oceania,2019,4.455299854278564
VUT,"Vanuatu, Republic of",Oceania,2020,5.011050224304199
VUT,"Vanuatu, Republic of",Oceania,2021,20.00745061838172
VUT,"Vanuatu, Republic of",Oceania,2022,20.93909991250744
VUT,"Vanuatu, Republic of",Oceania,2023,18.40105056762695
VUT,"Vanuatu, Republic of",Oceania,2024,19.30835914611816
WSM,"Samoa, Independent State of",Oceania,2000,10.46129989624023
WSM,"Samoa, Independent State of",Oceania,2001,12.77033042907715
WSM,"Samoa, Independent State of",Oceania,2002,12.79380035400391
WSM,"Samoa, Independent State of",Oceania,2008,16.06422996520996
WSM,"Samoa, Independent State of",Oceania,2010,8.817218542851569
WSM,"Samoa, Independent State of",Oceania,2011,11.03494443700629
WSM,"Samoa, Independent State of",Oceania,2012,12.16064931430171
WSM,"Samoa, Independent State of",Oceania,2013,14.65286453685526
WSM,"Samoa, Independent State of",Oceania,2014,15.01105645050883
WSM,"Samoa, Independent State of",Oceania,2015,14.69388782500543
WSM,"Samoa, Independent State of",Oceania,2016,13.03890037536621
WSM,"Samoa, Independent State of",Oceania,2017,15.16972796096324
WSM,"Samoa, Independent State of",Oceania,2018,14.95538266968449
WSM,"Samoa, Independent State of",Oceania,2019,13.43494376785901
WSM,"Samoa, Independent State of",Oceania,2020,12.81194919965289
WSM,"Samoa, Independent State of",Oceania,2021,15.36419003988169
WSM,"Samoa, Independent State of",Oceania,2022,13.60028784624415
WSM,"Samoa, Independent State of",Oceania,2023,13.74215778569854
WSM,"Samoa, Independent State of",Oceania,2024,12.87100790475802
WSM,"Samoa, Independent State of",Oceania,2025,11.71449850788684
YEM,Yemen,Asia,2000,30.48928070068359
YEM,Yemen,Asia,2001,30.32127952575684
YEM,Yemen,Asia,2008,12.48923969268799
ZAF,"South Africa, Republic of",Africa,2000,0.0
ZAF,"South Africa, Republic of",Africa,2001,20.47204971313477
ZAF,"South Africa, Republic of",Africa,2002,20.09569931030273
ZAF,"South Africa, Republic of",Africa,2003,19.59230041503906
ZAF,"South Africa, Republic of",Africa,2004,19.93462944030762
ZAF,"South Africa, Republic of",Africa,2005,19.92498970031738
ZAF,"South Africa, Republic of",Africa,2006,18.00498962402344
ZAF,"South Africa, Republic of",Africa,2007,18.02706909179688
ZAF,"South Africa, Republic of",Africa,2008,17.90630912780762
ZAF,"South Africa, Republic of",Africa,2009,18.30625915527344
ZAF,"South Africa, Republic of",Africa,2010,18.04437065124512
ZAF,"South Africa, Republic of",Africa,2011,18.66229057312012
ZAF,"South Africa, Republic of",Africa,2012,19.66995048522949
ZAF,"South Africa, Republic of",Africa,2013,18.69659996032715
ZAF,"South Africa, Republic of",Africa,2014,18.98916053771973
ZAF,"South Africa, Republic of",Africa,2015,18.69935035705566
ZAF,"South Africa, Republic of",Africa,2016,18.04874038696289
ZAF,"South Africa, Republic of",Africa,2017,18.71928977966309
ZAF,"South Africa, Republic of",Africa,2018,18.90159034729004
ZAF,"South Africa, Republic of",Africa,2019,19.60577011108398
ZAF,"South Africa, Republic of",Africa,2020,19.65570068359375
ZAF,"South Africa, Republic of",Africa,2021,18.93695068359375
ZAF,"South Africa, Republic of",Africa,2022,18.89266014099121
ZAF,"South Africa, Republic of",Africa,2023,19.17062950134277
ZAF,"South Africa, Republic of",Africa,2024,18.51523017883301
ZAF,"South Africa, Republic of",Africa,2025,19.14130308992015
ZMB,"Zambia, Republic of",Africa,2000,8.352620124816895
ZMB,"Zambia, Republic of",Africa,2004,10.58498954772949
ZMB,"Zambia, Republic of",Africa,2005,7.729730129241943
ZMB,"Zambia, Republic of",Africa,2007,6.227910041809082
ZMB,"Zambia, Republic of",Africa,2008,5.651800155639648
ZMB,"Zambia, Republic of",Africa,2010,19.86445584945388
ZMB,"Zambia, Republic of",Africa,2011,18.64306095221401
ZMB,"Zambia, Republic of",Africa,2012,17.51196828674788
ZMB,"Zambia, Republic of",Africa,2013,17.46791588280217
ZMB,"Zambia, Republic of",Africa,2014,20.16540930603065
ZMB,"Zambia, Republic of",Africa,2015,16.72611045837402
ZMB,"Zambia, Republic of",Africa,2016,15.66361999511719
ZMB,"Zambia, Republic of",Africa,2017,14.93433952331543
ZMB,"Zambia, Republic of",Africa,2018,17.09090042114258
ZMB,"Zambia, Republic of",Africa,2019,15.29186540319494
ZMB,"Zambia, Republic of",Africa,2020,12.37802473730647
ZMB,"Zambia, Republic of",Africa,2021,11.51413827885303
ZMB,"Zambia, Republic of",Africa,2023,13.85877500801112
ZMB,"Zambia, Republic of",Africa,2024,15.3772099653715
ZMB,"Zambia, Republic of",Africa,2025,14.50599844151044
ZWE,"Zimbabwe, Republic of",Africa,2010,8.536724931129475
ZWE,"Zimbabwe, Republic of",Africa,2012,29.75108820160366
ZWE,"Zimbabwe, Republic of",Africa,2013,28.66034051076615
ZWE,"Zimbabwe, Republic of",Africa,2014,30.01514923501379
ZWE,"Zimbabwe, Republic of",Africa,2015,29.47082989585527
ZWE,"Zimbabwe, Republic of",Africa,2016,23.5270848466941
ZWE,"Zimbabwe, Republic of",Africa,2017,19.69122878131862
ZWE,"Zimbabwe, Republic of",Africa,2018,19.15878462692604
ZWE,"Zimbabwe, Republic of",Africa,2019,10.46358868354785
ZWE,"Zimbabwe, Republic of",Africa,2020,15.66661086388859
ZWE,"Zimbabwe, Republic of",Africa,2023,10.68896230055768
ZWE,"Zimbabwe, Republic of",Africa,2024,16.32033510430204
ZWE,"Zimbabwe, Republic of",Africa,2025,17.89884836304893
