code,country,continent,year,value
AFG,Afghanistan,Asia,2000,12.6
AFG,Afghanistan,Asia,2001,12.9
AFG,Afghanistan,Asia,2002,13.2
AFG,Afghanistan,Asia,2003,13.5
AFG,Afghanistan,Asia,2004,13.8
AFG,Afghanistan,Asia,2005,14.2
AFG,Afghanistan,Asia,2006,14.8
AFG,Afghanistan,Asia,2007,15.8
AFG,Afghanistan,Asia,2008,17.1
AFG,Afghanistan,Asia,2009,18.6
AFG,Afghanistan,Asia,2010,20.4
AFG,Afghanistan,Asia,2011,22.6
AFG,Afghanistan,Asia,2012,24.5
AFG,Afghanistan,Asia,2013,26.2
AFG,Afghanistan,Asia,2014,27.5
AFG,Afghanistan,Asia,2015,28.7
AFG,Afghanistan,Asia,2016,29.7
AFG,Afghanistan,Asia,2017,30.7
AFG,Afghanistan,Asia,2018,31.6
AFG,Afghanistan,Asia,2019,32.7
AFG,Afghanistan,Asia,2020,33.7
AFG,Afghanistan,Asia,2021,34.8
AFG,Afghanistan,Asia,2022,35.8
AFG,Afghanistan,Asia,2023,36.8
AFG,Afghanistan,Asia,2024,37.7
AGO,Angola,Africa,2000,12.4
AGO,Angola,Africa,2001,13.0
AGO,Angola,Africa,2002,13.5
AGO,Angola,Africa,2003,14.0
AGO,Angola,Africa,2004,14.4
AGO,Angola,Africa,2005,14.8
AGO,Angola,Africa,2006,15.2
AGO,Angola,Africa,2007,15.5
AGO,Angola,Africa,2008,15.9
AGO,Angola,Africa,2009,16.2
AGO,Angola,Africa,2010,16.5
AGO,Angola,Africa,2011,16.8
AGO,Angola,Africa,2012,16.9
AGO,Angola,Africa,2013,16.8
AGO,Angola,Africa,2014,16.7
AGO,Angola,Africa,2015,16.8
AGO,Angola,Africa,2016,17.0
AGO,Angola,Africa,2017,17.3
AGO,Angola,Africa,2018,17.6
AGO,Angola,Africa,2019,18.0
AGO,Angola,Africa,2020,18.4
AGO,Angola,Africa,2021,18.9
AGO,Angola,Africa,2022,19.2
AGO,Angola,Africa,2023,19.5
AGO,Angola,Africa,2024,20.0
ALB,Albania,Europe,2000,42.5
ALB,Albania,Europe,2001,42.7
ALB,Albania,Europe,2002,43.6
ALB,Albania,Europe,2003,44.7
ALB,Albania,Europe,2004,46.3
ALB,Albania,Europe,2005,48.1
ALB,Albania,Europe,2006,50.1
ALB,Albania,Europe,2007,52.2
ALB,Albania,Europe,2008,54.5
ALB,Albania,Europe,2009,57.1
ALB,Albania,Europe,2010,60.1
ALB,Albania,Europe,2011,63.3
ALB,Albania,Europe,2012,66.5
ALB,Albania,Europe,2013,69.7
ALB,Albania,Europe,2014,72.6
ALB,Albania,Europe,2015,75.3
ALB,Albania,Europe,2016,77.8
ALB,Albania,Europe,2017,79.8
ALB,Albania,Europe,2018,81.7
ALB,Albania,Europe,2019,83.2
ALB,Albania,Europe,2020,84.5
ALB,Albania,Europe,2021,85.6
ALB,Albania,Europe,2022,86.5
ALB,Albania,Europe,2023,87.4
ALB,Albania,Europe,2024,88.2
ARG,Argentina,South America,2000,57.1
ARG,Argentina,South America,2001,57.2
ARG,Argentina,South America,2002,57.5
ARG,Argentina,South America,2003,57.7
ARG,Argentina,South America,2004,58.0
ARG,Argentina,South America,2005,58.1
ARG,Argentina,South America,2006,59.3
ARG,Argentina,South America,2007,60.7
ARG,Argentina,South America,2008,62.1
ARG,Argentina,South America,2009,62.5
ARG,Argentina,South America,2010,62.7
ARG,Argentina,South America,2011,62.7
ARG,Argentina,South America,2012,62.5
ARG,Argentina,South America,2013,62.3
ARG,Argentina,South America,2014,62.2
ARG,Argentina,South America,2015,62.4
ARG,Argentina,South America,2016,62.6
ARG,Argentina,South America,2017,62.9
ARG,Argentina,South America,2018,63.3
ARG,Argentina,South America,2019,63.7
ARG,Argentina,South America,2020,64.2
ARG,Argentina,South America,2021,64.6
ARG,Argentina,South America,2022,65.0
ARG,Argentina,South America,2023,65.4
ARG,Argentina,South America,2024,65.7
ARM,Armenia,Asia,2000,84.6
ARM,Armenia,Asia,2001,84.7
ARM,Armenia,Asia,2002,84.8
ARM,Armenia,Asia,2003,85.0
ARM,Armenia,Asia,2004,85.3
ARM,Armenia,Asia,2005,85.7
ARM,Armenia,Asia,2006,86.1
ARM,Armenia,Asia,2007,86.4
ARM,Armenia,Asia,2008,86.7
ARM,Armenia,Asia,2009,87.1
ARM,Armenia,Asia,2010,87.6
ARM,Armenia,Asia,2011,88.1
ARM,Armenia,Asia,2012,88.5
ARM,Armenia,Asia,2013,88.7
ARM,Armenia,Asia,2014,88.9
ARM,Armenia,Asia,2015,89.1
ARM,Armenia,Asia,2016,89.2
ARM,Armenia,Asia,2017,89.3
ARM,Armenia,Asia,2018,89.4
ARM,Armenia,Asia,2019,89.6
ARM,Armenia,Asia,2020,89.8
ARM,Armenia,Asia,2021,89.9
ARM,Armenia,Asia,2022,90.0
ARM,Armenia,Asia,2023,90.2
ARM,Armenia,Asia,2024,90.3
AUS,Australia,Oceania,2000,81.1
AUS,Australia,Oceania,2001,81.6
AUS,Australia,Oceania,2002,82.2
AUS,Australia,Oceania,2003,82.7
AUS,Australia,Oceania,2004,83.2
AUS,Australia,Oceania,2005,83.6
AUS,Australia,Oceania,2006,83.9
AUS,Australia,Oceania,2007,84.1
AUS,Australia,Oceania,2008,84.5
AUS,Australia,Oceania,2009,84.8
AUS,Australia,Oceania,2010,85.0
AUS,Australia,Oceania,2011,85.0
AUS,Australia,Oceania,2012,85.0
AUS,Australia,Oceania,2013,85.2
AUS,Australia,Oceania,2014,85.4
AUS,Australia,Oceania,2015,85.7
AUS,Australia,Oceania,2016,85.9
AUS,Australia,Oceania,2017,86.3
AUS,Australia,Oceania,2018,86.7
AUS,Australia,Oceania,2019,87.2
AUS,Australia,Oceania,2020,87.6
AUS,Australia,Oceania,2021,87.8
AUS,Australia,Oceania,2022,88.1
AUS,Australia,Oceania,2023,88.4
AUS,Australia,Oceania,2024,88.6
AUT,Austria,Europe,2000,86.0
AUT,Austria,Europe,2001,86.0
AUT,Austria,Europe,2002,85.7
AUT,Austria,Europe,2003,85.2
AUT,Austria,Europe,2004,84.8
AUT,Austria,Europe,2005,84.4
AUT,Austria,Europe,2006,84.2
AUT,Austria,Europe,2007,84.2
AUT,Austria,Europe,2008,84.2
AUT,Austria,Europe,2009,84.3
AUT,Austria,Europe,2010,84.4
AUT,Austria,Europe,2011,84.6
AUT,Austria,Europe,2012,84.9
AUT,Austria,Europe,2013,85.1
AUT,Austria,Europe,2014,85.1
AUT,Austria,Europe,2015,84.9
AUT,Austria,Europe,2016,84.8
AUT,Austria,Europe,2017,84.7
AUT,Austria,Europe,2018,84.7
AUT,Austria,Europe,2019,84.9
AUT,Austria,Europe,2020,85.1
AUT,Austria,Europe,2021,85.3
AUT,Austria,Europe,2022,85.5
AUT,Austria,Europe,2023,85.6
AUT,Austria,Europe,2024,85.9
AZE,Azerbaijan,Asia,2000,50.3
AZE,Azerbaijan,Asia,2001,53.0
AZE,Azerbaijan,Asia,2002,55.6
AZE,Azerbaijan,Asia,2003,57.9
AZE,Azerbaijan,Asia,2004,60.0
AZE,Azerbaijan,Asia,2005,61.6
AZE,Azerbaijan,Asia,2006,62.6
AZE,Azerbaijan,Asia,2007,62.8
AZE,Azerbaijan,Asia,2008,62.3
AZE,Azerbaijan,Asia,2009,61.3
AZE,Azerbaijan,Asia,2010,60.6
AZE,Azerbaijan,Asia,2011,60.3
AZE,Azerbaijan,Asia,2012,60.4
AZE,Azerbaijan,Asia,2013,60.8
AZE,Azerbaijan,Asia,2014,61.4
AZE,Azerbaijan,Asia,2015,62.2
AZE,Azerbaijan,Asia,2016,63.4
AZE,Azerbaijan,Asia,2017,64.8
AZE,Azerbaijan,Asia,2018,66.4
AZE,Azerbaijan,Asia,2019,68.1
AZE,Azerbaijan,Asia,2020,69.9
AZE,Azerbaijan,Asia,2021,71.7
AZE,Azerbaijan,Asia,2022,73.7
AZE,Azerbaijan,Asia,2023,75.7
AZE,Azerbaijan,Asia,2024,77.6
BDI,Burundi,Africa,2000,2.6
BDI,Burundi,Africa,2001,2.7
BDI,Burundi,Africa,2002,2.8
BDI,Burundi,Africa,2003,2.9
BDI,Burundi,Africa,2004,3.0
BDI,Burundi,Africa,2005,3.2
BDI,Burundi,Africa,2006,3.5
BDI,Burundi,Africa,2007,3.8
BDI,Burundi,Africa,2008,4.1
BDI,Burundi,Africa,2009,4.5
BDI,Burundi,Africa,2010,4.9
BDI,Burundi,Africa,2011,5.3
BDI,Burundi,Africa,2012,5.8
BDI,Burundi,Africa,2013,6.3
BDI,Burundi,Africa,2014,6.7
BDI,Burundi,Africa,2015,7.1
BDI,Burundi,Africa,2016,7.4
BDI,Burundi,Africa,2017,7.6
BDI,Burundi,Africa,2018,7.8
BDI,Burundi,Africa,2019,8.1
BDI,Burundi,Africa,2020,8.4
BDI,Burundi,Africa,2021,8.8
BDI,Burundi,Africa,2022,9.1
BDI,Burundi,Africa,2023,9.5
BDI,Burundi,Africa,2024,9.8
BEL,Belgium,Europe,2000,78.9
BEL,Belgium,Europe,2001,78.9
BEL,Belgium,Europe,2002,78.9
BEL,Belgium,Europe,2003,78.8
BEL,Belgium,Europe,2004,78.9
BEL,Belgium,Europe,2005,79.1
BEL,Belgium,Europe,2006,79.4
BEL,Belgium,Europe,2007,79.7
BEL,Belgium,Europe,2008,79.9
BEL,Belgium,Europe,2009,80.0
BEL,Belgium,Europe,2010,80.2
BEL,Belgium,Europe,2011,80.4
BEL,Belgium,Europe,2012,81.0
BEL,Belgium,Europe,2013,81.6
BEL,Belgium,Europe,2014,82.3
BEL,Belgium,Europe,2015,82.9
BEL,Belgium,Europe,2016,83.4
BEL,Belgium,Europe,2017,83.8
BEL,Belgium,Europe,2018,84.2
BEL,Belgium,Europe,2019,84.6
BEL,Belgium,Europe,2020,84.9
BEL,Belgium,Europe,2021,85.2
BEL,Belgium,Europe,2022,85.5
BEL,Belgium,Europe,2023,85.8
BEL,Belgium,Europe,2024,86.0
BEN,Benin,Africa,2000,5.4
BEN,Benin,Africa,2001,5.6
BEN,Benin,Africa,2002,6.0
BEN,Benin,Africa,2003,6.5
BEN,Benin,Africa,2004,7.2
BEN,Benin,Africa,2005,7.9
BEN,Benin,Africa,2006,8.5
BEN,Benin,Africa,2007,9.2
BEN,Benin,Africa,2008,10.1
BEN,Benin,Africa,2009,10.9
BEN,Benin,Africa,2010,11.4
BEN,Benin,Africa,2011,11.7
BEN,Benin,Africa,2012,12.2
BEN,Benin,Africa,2013,12.7
BEN,Benin,Africa,2014,13.4
BEN,Benin,Africa,2015,14.3
BEN,Benin,Africa,2016,15.1
BEN,Benin,Africa,2017,15.8
BEN,Benin,Africa,2018,16.6
BEN,Benin,Africa,2019,17.3
BEN,Benin,Africa,2020,18.1
BEN,Benin,Africa,2021,18.8
BEN,Benin,Africa,2022,19.4
BEN,Benin,Africa,2023,20.0
BEN,Benin,Africa,2024,20.6
BFA,Burkina Faso,Africa,2000,3.3
BFA,Burkina Faso,Africa,2001,3.3
BFA,Burkina Faso,Africa,2002,3.4
BFA,Burkina Faso,Africa,2003,3.4
BFA,Burkina Faso,Africa,2004,3.5
BFA,Burkina Faso,Africa,2005,3.5
BFA,Burkina Faso,Africa,2006,3.6
BFA,Burkina Faso,Africa,2007,3.8
BFA,Burkina Faso,Africa,2008,4.1
BFA,Burkina Faso,Africa,2009,4.5
BFA,Burkina Faso,Africa,2010,4.9
BFA,Burkina Faso,Africa,2011,5.3
BFA,Burkina Faso,Africa,2012,5.8
BFA,Burkina Faso,Africa,2013,6.3
BFA,Burkina Faso,Africa,2014,6.9
BFA,Burkina Faso,Africa,2015,7.5
BFA,Burkina Faso,Africa,2016,8.3
BFA,Burkina Faso,Africa,2017,9.1
BFA,Burkina Faso,Africa,2018,10.1
BFA,Burkina Faso,Africa,2019,11.1
BFA,Burkina Faso,Africa,2020,12.2
BFA,Burkina Faso,Africa,2021,13.3
BFA,Burkina Faso,Africa,2022,14.2
BFA,Burkina Faso,Africa,2023,14.8
BFA,Burkina Faso,Africa,2024,15.5
BGD,Bangladesh,Asia,2000,11.5
BGD,Bangladesh,Asia,2001,11.5
BGD,Bangladesh,Asia,2002,11.4
BGD,Bangladesh,Asia,2003,11.3
BGD,Bangladesh,Asia,2004,11.3
BGD,Bangladesh,Asia,2005,11.4
BGD,Bangladesh,Asia,2006,11.6
BGD,Bangladesh,Asia,2007,12.0
BGD,Bangladesh,Asia,2008,12.5
BGD,Bangladesh,Asia,2009,13.4
BGD,Bangladesh,Asia,2010,14.6
BGD,Bangladesh,Asia,2011,16.2
BGD,Bangladesh,Asia,2012,18.0
BGD,Bangladesh,Asia,2013,19.9
BGD,Bangladesh,Asia,2014,22.1
BGD,Bangladesh,Asia,2015,24.1
BGD,Bangladesh,Asia,2016,26.1
BGD,Bangladesh,Asia,2017,28.0
BGD,Bangladesh,Asia,2018,29.6
BGD,Bangladesh,Asia,2019,31.2
BGD,Bangladesh,Asia,2020,32.6
BGD,Bangladesh,Asia,2021,34.3
BGD,Bangladesh,Asia,2022,36.1
BGD,Bangladesh,Asia,2023,37.8
BGD,Bangladesh,Asia,2024,39.3
BGR,Bulgaria,Europe,2000,81.0
BGR,Bulgaria,Europe,2001,80.8
BGR,Bulgaria,Europe,2002,80.7
BGR,Bulgaria,Europe,2003,80.7
BGR,Bulgaria,Europe,2004,80.7
BGR,Bulgaria,Europe,2005,81.0
BGR,Bulgaria,Europe,2006,81.6
BGR,Bulgaria,Europe,2007,82.2
BGR,Bulgaria,Europe,2008,82.7
BGR,Bulgaria,Europe,2009,82.9
BGR,Bulgaria,Europe,2010,83.2
BGR,Bulgaria,Europe,2011,83.4
BGR,Bulgaria,Europe,2012,83.6
BGR,Bulgaria,Europe,2013,83.9
BGR,Bulgaria,Europe,2014,84.2
BGR,Bulgaria,Europe,2015,84.5
BGR,Bulgaria,Europe,2016,84.9
BGR,Bulgaria,Europe,2017,85.3
BGR,Bulgaria,Europe,2018,85.7
BGR,Bulgaria,Europe,2019,85.9
BGR,Bulgaria,Europe,2020,86.1
BGR,Bulgaria,Europe,2021,86.3
BGR,Bulgaria,Europe,2022,86.6
BGR,Bulgaria,Europe,2023,86.8
BGR,Bulgaria,Europe,2024,87.0
BIH,Bosnia and Herzegovina,Europe,2000,48.9
BIH,Bosnia and Herzegovina,Europe,2001,50.0
BIH,Bosnia and Herzegovina,Europe,2002,51.2
BIH,Bosnia and Herzegovina,Europe,2003,52.2
BIH,Bosnia and Herzegovina,Europe,2004,53.2
BIH,Bosnia and Herzegovina,Europe,2005,54.2
BIH,Bosnia and Herzegovina,Europe,2006,55.0
BIH,Bosnia and Herzegovina,Europe,2007,55.7
BIH,Bosnia and Herzegovina,Europe,2008,56.4
BIH,Bosnia and Herzegovina,Europe,2009,56.9
BIH,Bosnia and Herzegovina,Europe,2010,57.5
BIH,Bosnia and Herzegovina,Europe,2011,58.1
BIH,Bosnia and Herzegovina,Europe,2012,58.8
BIH,Bosnia and Herzegovina,Europe,2013,59.4
BIH,Bosnia and Herzegovina,Europe,2014,60.0
BIH,Bosnia and Herzegovina,Europe,2015,60.5
BIH,Bosnia and Herzegovina,Europe,2016,61.0
BIH,Bosnia and Herzegovina,Europe,2017,61.6
BIH,Bosnia and Herzegovina,Europe,2018,62.2
BIH,Bosnia and Herzegovina,Europe,2019,62.8
BIH,Bosnia and Herzegovina,Europe,2020,63.3
BIH,Bosnia and Herzegovina,Europe,2021,63.9
BIH,Bosnia and Herzegovina,Europe,2022,64.5
BIH,Bosnia and Herzegovina,Europe,2023,65.0
BIH,Bosnia and Herzegovina,Europe,2024,65.5
BLR,Belarus,Europe,2000,86.0
BLR,Belarus,Europe,2001,86.7
BLR,Belarus,Europe,2002,87.2
BLR,Belarus,Europe,2003,87.7
BLR,Belarus,Europe,2004,88.1
BLR,Belarus,Europe,2005,88.5
BLR,Belarus,Europe,2006,88.8
BLR,Belarus,Europe,2007,89.0
BLR,Belarus,Europe,2008,89.2
BLR,Belarus,Europe,2009,89.4
BLR,Belarus,Europe,2010,89.6
BLR,Belarus,Europe,2011,89.7
BLR,Belarus,Europe,2012,89.8
BLR,Belarus,Europe,2013,89.8
BLR,Belarus,Europe,2014,89.9
BLR,Belarus,Europe,2015,90.2
BLR,Belarus,Europe,2016,90.5
BLR,Belarus,Europe,2017,90.8
BLR,Belarus,Europe,2018,91.1
BLR,Belarus,Europe,2019,91.3
BLR,Belarus,Europe,2020,91.6
BLR,Belarus,Europe,2021,92.0
BLR,Belarus,Europe,2022,92.3
BLR,Belarus,Europe,2023,92.6
BLR,Belarus,Europe,2024,92.9
BLZ,Belize,North America,2000,12.0
BLZ,Belize,North America,2001,12.4
BLZ,Belize,North America,2002,12.8
BLZ,Belize,North America,2003,13.3
BLZ,Belize,North America,2004,13.8
BLZ,Belize,North America,2005,14.2
BLZ,Belize,North America,2006,14.6
BLZ,Belize,North America,2007,14.8
BLZ,Belize,North America,2008,15.0
BLZ,Belize,North America,2009,15.2
BLZ,Belize,North America,2010,15.4
BLZ,Belize,North America,2011,15.3
BLZ,Belize,North America,2012,15.0
BLZ,Belize,North America,2013,14.7
BLZ,Belize,North America,2014,14.7
BLZ,Belize,North America,2015,14.7
BLZ,Belize,North America,2016,14.8
BLZ,Belize,North America,2017,15.0
BLZ,Belize,North America,2018,15.3
BLZ,Belize,North America,2019,15.5
BLZ,Belize,North America,2020,15.7
BLZ,Belize,North America,2021,16.0
BLZ,Belize,North America,2022,16.3
BLZ,Belize,North America,2023,16.6
BLZ,Belize,North America,2024,16.7
BOL,Bolivia,South America,2000,47.5
BOL,Bolivia,South America,2001,48.9
BOL,Bolivia,South America,2002,50.4
BOL,Bolivia,South America,2003,51.9
BOL,Bolivia,South America,2004,53.3
BOL,Bolivia,South America,2005,54.4
BOL,Bolivia,South America,2006,55.7
BOL,Bolivia,South America,2007,57.2
BOL,Bolivia,South America,2008,58.5
BOL,Bolivia,South America,2009,59.4
BOL,Bolivia,South America,2010,60.0
BOL,Bolivia,South America,2011,60.8
BOL,Bolivia,South America,2012,61.8
BOL,Bolivia,South America,2013,63.2
BOL,Bolivia,South America,2014,64.6
BOL,Bolivia,South America,2015,66.1
BOL,Bolivia,South America,2016,67.5
BOL,Bolivia,South America,2017,68.7
BOL,Bolivia,South America,2018,70.0
BOL,Bolivia,South America,2019,71.1
BOL,Bolivia,South America,2020,72.0
BOL,Bolivia,South America,2021,73.0
BOL,Bolivia,South America,2022,73.9
BOL,Bolivia,South America,2023,74.8
BOL,Bolivia,South America,2024,75.8
BRA,Brazil,South America,2000,44.8
BRA,Brazil,South America,2001,46.8
BRA,Brazil,South America,2002,48.5
BRA,Brazil,South America,2003,50.0
BRA,Brazil,South America,2004,50.9
BRA,Brazil,South America,2005,51.7
BRA,Brazil,South America,2006,52.5
BRA,Brazil,South America,2007,53.4
BRA,Brazil,South America,2008,54.3
BRA,Brazil,South America,2009,55.1
BRA,Brazil,South America,2010,55.8
BRA,Brazil,South America,2011,56.6
BRA,Brazil,South America,2012,57.2
BRA,Brazil,South America,2013,57.9
BRA,Brazil,South America,2014,58.7
BRA,Brazil,South America,2015,59.9
BRA,Brazil,South America,2016,61.5
BRA,Brazil,South America,2017,63.2
BRA,Brazil,South America,2018,65.0
BRA,Brazil,South America,2019,66.7
BRA,Brazil,South America,2020,68.0
BRA,Brazil,South America,2021,69.0
BRA,Brazil,South America,2022,69.8
BRA,Brazil,South America,2023,70.6
BRA,Brazil,South America,2024,71.3
BRB,Barbados,North America,2000,89.5
BRB,Barbados,North America,2001,89.9
BRB,Barbados,North America,2002,90.3
BRB,Barbados,North America,2003,90.6
BRB,Barbados,North America,2004,90.9
BRB,Barbados,North America,2005,91.1
BRB,Barbados,North America,2006,91.3
BRB,Barbados,North America,2007,91.6
BRB,Barbados,North America,2008,91.8
BRB,Barbados,North America,2009,92.1
BRB,Barbados,North America,2010,92.4
BRB,Barbados,North America,2011,92.6
BRB,Barbados,North America,2012,92.9
BRB,Barbados,North America,2013,93.1
BRB,Barbados,North America,2014,93.4
BRB,Barbados,North America,2015,93.6
BRB,Barbados,North America,2016,93.8
BRB,Barbados,North America,2017,94.1
BRB,Barbados,North America,2018,94.3
BRB,Barbados,North America,2019,94.4
BRB,Barbados,North America,2020,94.7
BRB,Barbados,North America,2021,94.8
BRB,Barbados,North America,2022,95.0
BRB,Barbados,North America,2023,95.2
BRB,Barbados,North America,2024,95.4
BTN,Bhutan,Asia,2000,24.2
BTN,Bhutan,Asia,2001,26.4
BTN,Bhutan,Asia,2002,28.6
BTN,Bhutan,Asia,2003,30.9
BTN,Bhutan,Asia,2004,33.3
BTN,Bhutan,Asia,2005,35.8
BTN,Bhutan,Asia,2006,38.3
BTN,Bhutan,Asia,2007,40.7
BTN,Bhutan,Asia,2008,43.2
BTN,Bhutan,Asia,2009,45.7
BTN,Bhutan,Asia,2010,48.2
BTN,Bhutan,Asia,2011,50.5
BTN,Bhutan,Asia,2012,52.7
BTN,Bhutan,Asia,2013,54.8
BTN,Bhutan,Asia,2014,56.7
BTN,Bhutan,Asia,2015,58.7
BTN,Bhutan,Asia,2016,60.6
BTN,Bhutan,Asia,2017,62.5
BTN,Bhutan,Asia,2018,64.3
BTN,Bhutan,Asia,2019,66.1
BTN,Bhutan,Asia,2020,67.9
BTN,Bhutan,Asia,2021,69.6
BTN,Bhutan,Asia,2022,71.3
BTN,Bhutan,Asia,2023,72.9
BTN,Bhutan,Asia,2024,74.5
BWA,Botswana,Africa,2000,29.8
BWA,Botswana,Africa,2001,30.3
BWA,Botswana,Africa,2002,31.3
BWA,Botswana,Africa,2003,32.5
BWA,Botswana,Africa,2004,33.6
BWA,Botswana,Africa,2005,34.5
BWA,Botswana,Africa,2006,35.3
BWA,Botswana,Africa,2007,36.4
BWA,Botswana,Africa,2008,38.0
BWA,Botswana,Africa,2009,40.2
BWA,Botswana,Africa,2010,42.7
BWA,Botswana,Africa,2011,45.6
BWA,Botswana,Africa,2012,47.8
BWA,Botswana,Africa,2013,49.5
BWA,Botswana,Africa,2014,50.9
BWA,Botswana,Africa,2015,52.2
BWA,Botswana,Africa,2016,53.7
BWA,Botswana,Africa,2017,55.0
BWA,Botswana,Africa,2018,56.4
BWA,Botswana,Africa,2019,57.7
BWA,Botswana,Africa,2020,59.0
BWA,Botswana,Africa,2021,60.3
BWA,Botswana,Africa,2022,61.5
BWA,Botswana,Africa,2023,62.7
BWA,Botswana,Africa,2024,63.9
CAF,Central African Republic,Africa,2000,7.2
CAF,Central African Republic,Africa,2001,7.2
CAF,Central African Republic,Africa,2002,7.2
CAF,Central African Republic,Africa,2003,7.2
CAF,Central African Republic,Africa,2004,7.2
CAF,Central African Republic,Africa,2005,7.2
CAF,Central African Republic,Africa,2006,7.4
CAF,Central African Republic,Africa,2007,7.6
CAF,Central African Republic,Africa,2008,8.0
CAF,Central African Republic,Africa,2009,8.3
CAF,Central African Republic,Africa,2010,8.5
CAF,Central African Republic,Africa,2011,8.6
CAF,Central African Republic,Africa,2012,8.6
CAF,Central African Republic,Africa,2013,8.4
CAF,Central African Republic,Africa,2014,8.4
CAF,Central African Republic,Africa,2015,8.3
CAF,Central African Republic,Africa,2016,8.4
CAF,Central African Republic,Africa,2017,8.5
CAF,Central African Republic,Africa,2018,8.5
CAF,Central African Republic,Africa,2019,8.5
CAF,Central African Republic,Africa,2020,8.6
CAF,Central African Republic,Africa,2021,8.7
CAF,Central African Republic,Africa,2022,8.8
CAF,Central African Republic,Africa,2023,8.9
CAF,Central African Republic,Africa,2024,9.1
CAN,Canada,North America,2000,86.4
CAN,Canada,North America,2001,86.2
CAN,Canada,North America,2002,85.9
CAN,Canada,North America,2003,85.7
CAN,Canada,North America,2004,85.5
CAN,Canada,North America,2005,85.3
CAN,Canada,North America,2006,85.1
CAN,Canada,North America,2007,85.0
CAN,Canada,North America,2008,85.0
CAN,Canada,North America,2009,85.1
CAN,Canada,North America,2010,85.2
CAN,Canada,North America,2011,85.5
CAN,Canada,North America,2012,85.6
CAN,Canada,North America,2013,85.9
CAN,Canada,North America,2014,86.1
CAN,Canada,North America,2015,86.3
CAN,Canada,North America,2016,86.4
CAN,Canada,North America,2017,86.6
CAN,Canada,North America,2018,86.9
CAN,Canada,North America,2019,87.0
CAN,Canada,North America,2020,87.3
CAN,Canada,North America,2021,87.5
CAN,Canada,North America,2022,87.7
CAN,Canada,North America,2023,87.9
CAN,Canada,North America,2024,88.0
CHE,Switzerland,Europe,2000,86.8
CHE,Switzerland,Europe,2001,87.1
CHE,Switzerland,Europe,2002,87.3
CHE,Switzerland,Europe,2003,87.4
CHE,Switzerland,Europe,2004,87.5
CHE,Switzerland,Europe,2005,87.6
CHE,Switzerland,Europe,2006,87.9
CHE,Switzerland,Europe,2007,88.4
CHE,Switzerland,Europe,2008,89.0
CHE,Switzerland,Europe,2009,89.7
CHE,Switzerland,Europe,2010,90.2
CHE,Switzerland,Europe,2011,90.7
CHE,Switzerland,Europe,2012,91.0
CHE,Switzerland,Europe,2013,91.3
CHE,Switzerland,Europe,2014,91.5
CHE,Switzerland,Europe,2015,91.5
CHE,Switzerland,Europe,2016,91.6
CHE,Switzerland,Europe,2017,91.7
CHE,Switzerland,Europe,2018,91.8
CHE,Switzerland,Europe,2019,91.9
CHE,Switzerland,Europe,2020,92.0
CHE,Switzerland,Europe,2021,92.2
CHE,Switzerland,Europe,2022,92.4
CHE,Switzerland,Europe,2023,92.6
CHE,Switzerland,Europe,2024,92.7
CHL,Chile,South America,2000,65.4
CHL,Chile,South America,2001,67.0
CHL,Chile,South America,2002,68.6
CHL,Chile,South America,2003,70.2
CHL,Chile,South America,2004,71.6
CHL,Chile,South America,2005,72.8
CHL,Chile,South America,2006,73.8
CHL,Chile,South America,2007,74.5
CHL,Chile,South America,2008,75.1
CHL,Chile,South America,2009,75.6
CHL,Chile,South America,2010,75.8
CHL,Chile,South America,2011,75.9
CHL,Chile,South America,2012,76.4
CHL,Chile,South America,2013,77.1
CHL,Chile,South America,2014,78.0
CHL,Chile,South America,2015,79.0
CHL,Chile,South America,2016,80.0
CHL,Chile,South America,2017,80.7
CHL,Chile,South America,2018,81.3
CHL,Chile,South America,2019,81.8
CHL,Chile,South America,2020,82.4
CHL,Chile,South America,2021,83.0
CHL,Chile,South America,2022,83.6
CHL,Chile,South America,2023,84.1
CHL,Chile,South America,2024,84.6
CHN,China,Asia,2000,28.3
CHN,China,Asia,2001,29.7
CHN,China,Asia,2002,30.6
CHN,China,Asia,2003,31.5
CHN,China,Asia,2004,32.5
CHN,China,Asia,2005,33.7
CHN,China,Asia,2006,35.5
CHN,China,Asia,2007,37.7
CHN,China,Asia,2008,40.4
CHN,China,Asia,2009,43.7
CHN,China,Asia,2010,47.5
CHN,China,Asia,2011,51.9
CHN,China,Asia,2012,56.3
CHN,China,Asia,2013,60.5
CHN,China,Asia,2014,63.9
CHN,China,Asia,2015,66.9
CHN,China,Asia,2016,69.8
CHN,China,Asia,2017,72.6
CHN,China,Asia,2018,75.4
CHN,China,Asia,2019,78.1
CHN,China,Asia,2020,80.6
CHN,China,Asia,2021,82.9
CHN,China,Asia,2022,84.8
CHN,China,Asia,2023,86.5
CHN,China,Asia,2024,88.1
CIV,Cote d'Ivoire,Africa,2000,7.1
CIV,Cote d'Ivoire,Africa,2001,7.4
CIV,Cote d'Ivoire,Africa,2002,7.6
CIV,Cote d'Ivoire,Africa,2003,7.8
CIV,Cote d'Ivoire,Africa,2004,8.0
CIV,Cote d'Ivoire,Africa,2005,8.2
CIV,Cote d'Ivoire,Africa,2006,8.4
CIV,Cote d'Ivoire,Africa,2007,8.9
CIV,Cote d'Ivoire,Africa,2008,9.4
CIV,Cote d'Ivoire,Africa,2009,9.9
CIV,Cote d'Ivoire,Africa,2010,10.3
CIV,Cote d'Ivoire,Africa,2011,10.6
CIV,Cote d'Ivoire,Africa,2012,10.8
CIV,Cote d'Ivoire,Africa,2013,11.0
CIV,Cote d'Ivoire,Africa,2014,11.3
CIV,Cote d'Ivoire,Africa,2015,11.7
CIV,Cote d'Ivoire,Africa,2016,12.0
CIV,Cote d'Ivoire,Africa,2017,12.4
CIV,Cote d'Ivoire,Africa,2018,12.9
CIV,Cote d'Ivoire,Africa,2019,13.5
CIV,Cote d'Ivoire,Africa,2020,14.1
CIV,Cote d'Ivoire,Africa,2021,14.7
CIV,Cote d'Ivoire,Africa,2022,15.2
CIV,Cote d'Ivoire,Africa,2023,15.8
CIV,Cote d'Ivoire,Africa,2024,16.3
CMR,Cameroon,Africa,2000,8.7
CMR,Cameroon,Africa,2001,8.8
CMR,Cameroon,Africa,2002,9.0
CMR,Cameroon,Africa,2003,9.2
CMR,Cameroon,Africa,2004,9.6
CMR,Cameroon,Africa,2005,10.2
CMR,Cameroon,Africa,2006,10.9
CMR,Cameroon,Africa,2007,11.7
CMR,Cameroon,Africa,2008,12.5
CMR,Cameroon,Africa,2009,13.1
CMR,Cameroon,Africa,2010,13.6
CMR,Cameroon,Africa,2011,13.9
CMR,Cameroon,Africa,2012,14.3
CMR,Cameroon,Africa,2013,14.8
CMR,Cameroon,Africa,2014,15.5
CMR,Cameroon,Africa,2015,16.3
CMR,Cameroon,Africa,2016,17.0
CMR,Cameroon,Africa,2017,17.6
CMR,Cameroon,Africa,2018,18.2
CMR,Cameroon,Africa,2019,18.8
CMR,Cameroon,Africa,2020,19.3
CMR,Cameroon,Africa,2021,19.7
CMR,Cameroon,Africa,2022,20.2
CMR,Cameroon,Africa,2023,20.7
CMR,Cameroon,Africa,2024,21.1
COD,DR Congo,Africa,2000,13.0
COD,DR Congo,Africa,2001,12.9
COD,DR Congo,Africa,2002,12.7
COD,DR Congo,Africa,2003,12.7
COD,DR Congo,Africa,2004,12.7
COD,DR Congo,Africa,2005,12.8
COD,DR Congo,Africa,2006,13.0
COD,DR Congo,Africa,2007,13.3
COD,DR Congo,Africa,2008,13.9
COD,DR Congo,Africa,2009,14.7
COD,DR Congo,Africa,2010,15.7
COD,DR Congo,Africa,2011,16.5
COD,DR Congo,Africa,2012,17.1
COD,DR Congo,Africa,2013,17.5
COD,DR Congo,Africa,2014,17.9
COD,DR Congo,Africa,2015,18.6
COD,DR Congo,Africa,2016,19.3
COD,DR Congo,Africa,2017,20.0
COD,DR Congo,Africa,2018,20.6
COD,DR Congo,Africa,2019,21.0
COD,DR Congo,Africa,2020,21.3
COD,DR Congo,Africa,2021,21.6
COD,DR Congo,Africa,2022,21.9
COD,DR Congo,Africa,2023,22.1
COD,DR Congo,Africa,2024,22.5
COG,Congo,Africa,2000,13.9
COG,Congo,Africa,2001,13.4
COG,Congo,Africa,2002,12.9
COG,Congo,Africa,2003,12.4
COG,Congo,Africa,2004,12.4
COG,Congo,Africa,2005,12.5
COG,Congo,Africa,2006,13.0
COG,Congo,Africa,2007,13.6
COG,Congo,Africa,2008,14.3
COG,Congo,Africa,2009,14.9
COG,Congo,Africa,2010,15.4
COG,Congo,Africa,2011,16.2
COG,Congo,Africa,2012,17.4
COG,Congo,Africa,2013,19.1
COG,Congo,Africa,2014,21.3
COG,Congo,Africa,2015,23.6
COG,Congo,Africa,2016,25.4
COG,Congo,Africa,2017,26.8
COG,Congo,Africa,2018,27.7
COG,Congo,Africa,2019,28.4
COG,Congo,Africa,2020,29.1
COG,Congo,Africa,2021,29.8
COG,Congo,Africa,2022,30.3
COG,Congo,Africa,2023,30.7
COG,Congo,Africa,2024,31.1
COL,Colombia,South America,2000,53.8
COL,Colombia,South America,2001,54.9
COL,Colombia,South America,2002,55.7
COL,Colombia,South America,2003,56.5
COL,Colombia,South America,2004,57.6
COL,Colombia,South America,2005,58.6
COL,Colombia,South America,2006,59.5
COL,Colombia,South America,2007,60.5
COL,Colombia,South America,2008,61.9
COL,Colombia,South America,2009,63.6
COL,Colombia,South America,2010,64.9
COL,Colombia,South America,2011,66.1
COL,Colombia,South America,2012,67.1
COL,Colombia,South America,2013,67.9
COL,Colombia,South America,2014,68.3
COL,Colombia,South America,2015,68.0
COL,Colombia,South America,2016,67.2
COL,Colombia,South America,2017,65.9
COL,Colombia,South America,2018,64.8
COL,Colombia,South America,2019,64.2
COL,Colombia,South America,2020,64.1
COL,Colombia,South America,2021,64.4
COL,Colombia,South America,2022,65.1
COL,Colombia,South America,2023,65.9
COL,Colombia,South America,2024,66.7
COM,Comoros,Africa,2000,11.3
COM,Comoros,Africa,2001,12.0
COM,Comoros,Africa,2002,12.7
COM,Comoros,Africa,2003,13.5
COM,Comoros,Africa,2004,14.3
COM,Comoros,Africa,2005,15.2
COM,Comoros,Africa,2006,16.3
COM,Comoros,Africa,2007,17.2
COM,Comoros,Africa,2008,18.1
COM,Comoros,Africa,2009,18.9
COM,Comoros,Africa,2010,19.7
COM,Comoros,Africa,2011,20.7
COM,Comoros,Africa,2012,21.5
COM,Comoros,Africa,2013,22.4
COM,Comoros,Africa,2014,23.4
COM,Comoros,Africa,2015,24.6
COM,Comoros,Africa,2016,25.8
COM,Comoros,Africa,2017,27.1
COM,Comoros,Africa,2018,28.5
COM,Comoros,Africa,2019,29.7
COM,Comoros,Africa,2020,30.9
COM,Comoros,Africa,2021,31.7
COM,Comoros,Africa,2022,32.6
COM,Comoros,Africa,2023,33.6
COM,Comoros,Africa,2024,34.6
CRI,Costa Rica,North America,2000,36.8
CRI,Costa Rica,North America,2001,37.3
CRI,Costa Rica,North America,2002,37.8
CRI,Costa Rica,North America,2003,38.8
CRI,Costa Rica,North America,2004,39.6
CRI,Costa Rica,North America,2005,40.4
CRI,Costa Rica,North America,2006,41.1
CRI,Costa Rica,North America,2007,42.1
CRI,Costa Rica,North America,2008,43.3
CRI,Costa Rica,North America,2009,44.8
CRI,Costa Rica,North America,2010,46.4
CRI,Costa Rica,North America,2011,47.6
CRI,Costa Rica,North America,2012,48.7
CRI,Costa Rica,North America,2013,49.4
CRI,Costa Rica,North America,2014,50.0
CRI,Costa Rica,North America,2015,50.6
CRI,Costa Rica,North America,2016,51.4
CRI,Costa Rica,North America,2017,52.1
CRI,Costa Rica,North America,2018,52.7
CRI,Costa Rica,North America,2019,53.2
CRI,Costa Rica,North America,2020,53.7
CRI,Costa Rica,North America,2021,54.2
CRI,Costa Rica,North America,2022,54.7
CRI,Costa Rica,North America,2023,55.3
CRI,Costa Rica,North America,2024,55.9
CUB,Cuba,North America,2000,57.6
CUB,Cuba,North America,2001,58.7
CUB,Cuba,North America,2002,60.5
CUB,Cuba,North America,2003,62.7
CUB,Cuba,North America,2004,65.3
CUB,Cuba,North America,2005,67.7
CUB,Cuba,North America,2006,70.0
CUB,Cuba,North America,2007,71.9
CUB,Cuba,North America,2008,73.5
CUB,Cuba,North America,2009,74.8
CUB,Cuba,North America,2010,76.0
CUB,Cuba,North America,2011,76.9
CUB,Cuba,North America,2012,77.0
CUB,Cuba,North America,2013,76.4
CUB,Cuba,North America,2014,75.1
CUB,Cuba,North America,2015,73.8
CUB,Cuba,North America,2016,72.6
CUB,Cuba,North America,2017,71.6
CUB,Cuba,North America,2018,70.9
CUB,Cuba,North America,2019,70.4
CUB,Cuba,North America,2020,70.5
CUB,Cuba,North America,2021,70.7
CUB,Cuba,North America,2022,71.0
CUB,Cuba,North America,2023,71.4
CUB,Cuba,North America,2024,71.9
CYP,Cyprus,Asia,2000,83.3
CYP,Cyprus,Asia,2001,83.8
CYP,Cyprus,Asia,2002,84.2
CYP,Cyprus,Asia,2003,84.7
CYP,Cyprus,Asia,2004,85.3
CYP,Cyprus,Asia,2005,85.9
CYP,Cyprus,Asia,2006,86.3
CYP,Cyprus,Asia,2007,86.7
CYP,Cyprus,Asia,2008,87.2
CYP,Cyprus,Asia,2009,87.9
CYP,Cyprus,Asia,2010,88.6
CYP,Cyprus,Asia,2011,89.4
CYP,Cyprus,Asia,2012,90.0
CYP,Cyprus,Asia,2013,90.5
CYP,Cyprus,Asia,2014,90.7
CYP,Cyprus,Asia,2015,90.8
CYP,Cyprus,Asia,2016,90.9
CYP,Cyprus,Asia,2017,91.1
CYP,Cyprus,Asia,2018,91.3
CYP,Cyprus,Asia,2019,91.6
CYP,Cyprus,Asia,2020,91.8
CYP,Cyprus,Asia,2021,92.1
CYP,Cyprus,Asia,2022,92.4
CYP,Cyprus,Asia,2023,92.7
CYP,Cyprus,Asia,2024,92.9
CZE,Czechia,Europe,2000,93.0
CZE,Czechia,Europe,2001,92.9
CZE,Czechia,Europe,2002,92.8
CZE,Czechia,Europe,2003,92.6
CZE,Czechia,Europe,2004,92.4
CZE,Czechia,Europe,2005,92.3
CZE,Czechia,Europe,2006,92.1
CZE,Czechia,Europe,2007,92.0
CZE,Czechia,Europe,2008,91.8
CZE,Czechia,Europe,2009,91.6
CZE,Czechia,Europe,2010,91.4
CZE,Czechia,Europe,2011,91.1
CZE,Czechia,Europe,2012,90.9
CZE,Czechia,Europe,2013,90.7
CZE,Czechia,Europe,2014,90.5
CZE,Czechia,Europe,2015,90.3
CZE,Czechia,Europe,2016,90.1
CZE,Czechia,Europe,2017,89.9
CZE,Czechia,Europe,2018,89.7
CZE,Czechia,Europe,2019,89.7
CZE,Czechia,Europe,2020,89.7
CZE,Czechia,Europe,2021,89.8
CZE,Czechia,Europe,2022,89.9
CZE,Czechia,Europe,2023,90.0
CZE,Czechia,Europe,2024,90.1
DEU,Germany,Europe,2000,79.8
DEU,Germany,Europe,2001,79.7
DEU,Germany,Europe,2002,79.7
DEU,Germany,Europe,2003,79.8
DEU,Germany,Europe,2004,80.0
DEU,Germany,Europe,2005,80.1
DEU,Germany,Europe,2006,80.0
DEU,Germany,Europe,2007,79.8
DEU,Germany,Europe,2008,79.6
DEU,Germany,Europe,2009,79.6
DEU,Germany,Europe,2010,79.6
DEU,Germany,Europe,2011,79.6
DEU,Germany,Europe,2012,79.7
DEU,Germany,Europe,2013,79.9
DEU,Germany,Europe,2014,80.2
DEU,Germany,Europe,2015,80.4
DEU,Germany,Europe,2016,80.7
DEU,Germany,Europe,2017,80.9
DEU,Germany,Europe,2018,81.0
DEU,Germany,Europe,2019,81.1
DEU,Germany,Europe,2020,81.2
DEU,Germany,Europe,2021,81.4
DEU,Germany,Europe,2022,81.5
DEU,Germany,Europe,2023,81.7
DEU,Germany,Europe,2024,81.9
DJI,Djibouti,Africa,2000,13.3
DJI,Djibouti,Africa,2001,14.2
DJI,Djibouti,Africa,2002,15.0
DJI,Djibouti,Africa,2003,16.0
DJI,Djibouti,Africa,2004,16.9
DJI,Djibouti,Africa,2005,17.8
DJI,Djibouti,Africa,2006,18.4
DJI,Djibouti,Africa,2007,19.0
DJI,Djibouti,Africa,2008,19.8
DJI,Djibouti,Africa,2009,20.5
DJI,Djibouti,Africa,2010,21.3
DJI,Djibouti,Africa,2011,22.1
DJI,Djibouti,Africa,2012,22.9
DJI,Djibouti,Africa,2013,23.6
DJI,Djibouti,Africa,2014,24.5
DJI,Djibouti,Africa,2015,25.5
DJI,Djibouti,Africa,2016,26.3
DJI,Djibouti,Africa,2017,27.2
DJI,Djibouti,Africa,2018,28.1
DJI,Djibouti,Africa,2019,29.1
DJI,Djibouti,Africa,2020,30.0
DJI,Djibouti,Africa,2021,31.0
DJI,Djibouti,Africa,2022,32.0
DJI,Djibouti,Africa,2023,32.9
DJI,Djibouti,Africa,2024,33.7
DNK,Denmark,Europe,2000,78.6
DNK,Denmark,Europe,2001,78.4
DNK,Denmark,Europe,2002,77.9
DNK,Denmark,Europe,2003,77.4
DNK,Denmark,Europe,2004,76.8
DNK,Denmark,Europe,2005,76.1
DNK,Denmark,Europe,2006,75.7
DNK,Denmark,Europe,2007,75.3
DNK,Denmark,Europe,2008,75.0
DNK,Denmark,Europe,2009,74.6
DNK,Denmark,Europe,2010,74.2
DNK,Denmark,Europe,2011,74.0
DNK,Denmark,Europe,2012,73.9
DNK,Denmark,Europe,2013,74.0
DNK,Denmark,Europe,2014,74.3
DNK,Denmark,Europe,2015,74.6
DNK,Denmark,Europe,2016,74.7
DNK,Denmark,Europe,2017,74.9
DNK,Denmark,Europe,2018,74.9
DNK,Denmark,Europe,2019,75.1
DNK,Denmark,Europe,2020,75.3
DNK,Denmark,Europe,2021,75.5
DNK,Denmark,Europe,2022,75.7
DNK,Denmark,Europe,2023,76.0
DNK,Denmark,Europe,2024,76.2
DOM,Dominican Republic,North America,2000,39.4
DOM,Dominican Republic,North America,2001,40.7
DOM,Dominican Republic,North America,2002,41.4
DOM,Dominican Republic,North America,2003,42.6
DOM,Dominican Republic,North America,2004,43.9
DOM,Dominican Republic,North America,2005,45.3
DOM,Dominican Republic,North America,2006,46.4
DOM,Dominican Republic,North America,2007,47.4
DOM,Dominican Republic,North America,2008,48.5
DOM,Dominican Republic,North America,2009,50.1
DOM,Dominican Republic,North America,2010,51.6
DOM,Dominican Republic,North America,2011,52.8
DOM,Dominican Republic,North America,2012,53.4
DOM,Dominican Republic,North America,2013,53.8
DOM,Dominican Republic,North America,2014,54.1
DOM,Dominican Republic,North America,2015,54.3
DOM,Dominican Republic,North America,2016,54.6
DOM,Dominican Republic,North America,2017,55.1
DOM,Dominican Republic,North America,2018,55.9
DOM,Dominican Republic,North America,2019,56.9
DOM,Dominican Republic,North America,2020,57.8
DOM,Dominican Republic,North America,2021,58.6
DOM,Dominican Republic,North America,2022,59.3
DOM,Dominican Republic,North America,2023,60.0
DOM,Dominican Republic,North America,2024,60.6
DZA,Algeria,Africa,2000,15.4
DZA,Algeria,Africa,2001,16.6
DZA,Algeria,Africa,2002,17.8
DZA,Algeria,Africa,2003,18.9
DZA,Algeria,Africa,2004,20.1
DZA,Algeria,Africa,2005,21.4
DZA,Algeria,Africa,2006,22.8
DZA,Algeria,Africa,2007,24.3
DZA,Algeria,Africa,2008,26.0
DZA,Algeria,Africa,2009,27.7
DZA,Algeria,Africa,2010,29.4
DZA,Algeria,Africa,2011,31.2
DZA,Algeria,Africa,2012,32.7
DZA,Algeria,Africa,2013,34.1
DZA,Algeria,Africa,2014,35.4
DZA,Algeria,Africa,2015,36.7
DZA,Algeria,Africa,2016,38.0
DZA,Algeria,Africa,2017,39.2
DZA,Algeria,Africa,2018,40.3
DZA,Algeria,Africa,2019,41.6
DZA,Algeria,Africa,2020,42.9
DZA,Algeria,Africa,2021,44.4
DZA,Algeria,Africa,2022,46.1
DZA,Algeria,Africa,2023,47.8
DZA,Algeria,Africa,2024,49.4
ECU,Ecuador,South America,2000,40.2
ECU,Ecuador,South America,2001,41.1
ECU,Ecuador,South America,2002,41.8
ECU,Ecuador,South America,2003,42.3
ECU,Ecuador,South America,2004,43.0
ECU,Ecuador,South America,2005,44.1
ECU,Ecuador,South America,2006,45.7
ECU,Ecuador,South America,2007,47.5
ECU,Ecuador,South America,2008,49.4
ECU,Ecuador,South America,2009,51.4
ECU,Ecuador,South America,2010,53.1
ECU,Ecuador,South America,2011,55.1
ECU,Ecuador,South America,2012,57.4
ECU,Ecuador,South America,2013,60.2
ECU,Ecuador,South America,2014,63.0
ECU,Ecuador,South America,2015,65.4
ECU,Ecuador,South America,2016,67.5
ECU,Ecuador,South America,2017,69.3
ECU,Ecuador,South America,2018,70.7
ECU,Ecuador,South America,2019,71.7
ECU,Ecuador,South America,2020,72.7
ECU,Ecuador,South America,2021,73.5
ECU,Ecuador,South America,2022,74.4
ECU,Ecuador,South America,2023,75.1
ECU,Ecuador,South America,2024,76.0
EGY,Egypt,Africa,2000,60.3
EGY,Egypt,Africa,2001,61.8
EGY,Egypt,Africa,2002,63.4
EGY,Egypt,Africa,2003,65.1
EGY,Egypt,Africa,2004,66.6
EGY,Egypt,Africa,2005,68.1
EGY,Egypt,Africa,2006,69.5
EGY,Egypt,Africa,2007,70.9
EGY,Egypt,Africa,2008,72.4
EGY,Egypt,Africa,2009,73.8
EGY,Egypt,Africa,2010,75.2
EGY,Egypt,Africa,2011,76.2
EGY,Egypt,Africa,2012,77.2
EGY,Egypt,Africa,2013,78.2
EGY,Egypt,Africa,2014,79.2
EGY,Egypt,Africa,2015,80.2
EGY,Egypt,Africa,2016,81.1
EGY,Egypt,Africa,2017,82.1
EGY,Egypt,Africa,2018,83.0
EGY,Egypt,Africa,2019,83.9
EGY,Egypt,Africa,2020,84.6
EGY,Egypt,Africa,2021,85.4
EGY,Egypt,Africa,2022,86.2
EGY,Egypt,Africa,2023,86.9
EGY,Egypt,Africa,2024,87.6
ESP,Spain,Europe,2000,64.6
ESP,Spain,Europe,2001,64.2
ESP,Spain,Europe,2002,63.7
ESP,Spain,Europe,2003,63.2
ESP,Spain,Europe,2004,62.6
ESP,Spain,Europe,2005,62.3
ESP,Spain,Europe,2006,62.0
ESP,Spain,Europe,2007,62.1
ESP,Spain,Europe,2008,62.5
ESP,Spain,Europe,2009,63.1
ESP,Spain,Europe,2010,63.7
ESP,Spain,Europe,2011,64.5
ESP,Spain,Europe,2012,65.8
ESP,Spain,Europe,2013,67.2
ESP,Spain,Europe,2014,68.9
ESP,Spain,Europe,2015,70.0
ESP,Spain,Europe,2016,70.6
ESP,Spain,Europe,2017,70.9
ESP,Spain,Europe,2018,71.3
ESP,Spain,Europe,2019,71.7
ESP,Spain,Europe,2020,72.3
ESP,Spain,Europe,2021,72.7
ESP,Spain,Europe,2022,73.2
ESP,Spain,Europe,2023,73.7
ESP,Spain,Europe,2024,74.3
EST,Estonia,Europe,2000,80.9
EST,Estonia,Europe,2001,80.9
EST,Estonia,Europe,2002,81.2
EST,Estonia,Europe,2003,81.8
EST,Estonia,Europe,2004,82.3
EST,Estonia,Europe,2005,82.6
EST,Estonia,Europe,2006,82.6
EST,Estonia,Europe,2007,82.5
EST,Estonia,Europe,2008,82.3
EST,Estonia,Europe,2009,82.1
EST,Estonia,Europe,2010,81.9
EST,Estonia,Europe,2011,82.0
EST,Estonia,Europe,2012,82.2
EST,Estonia,Europe,2013,82.7
EST,Estonia,Europe,2014,83.3
EST,Estonia,Europe,2015,83.7
EST,Estonia,Europe,2016,84.0
EST,Estonia,Europe,2017,84.1
EST,Estonia,Europe,2018,84.1
EST,Estonia,Europe,2019,84.1
EST,Estonia,Europe,2020,84.2
EST,Estonia,Europe,2021,84.3
EST,Estonia,Europe,2022,84.7
EST,Estonia,Europe,2023,84.9
EST,Estonia,Europe,2024,85.2
ETH,Ethiopia,Africa,2000,6.1
ETH,Ethiopia,Africa,2001,6.3
ETH,Ethiopia,Africa,2002,6.6
ETH,Ethiopia,Africa,2003,7.0
ETH,Ethiopia,Africa,2004,7.4
ETH,Ethiopia,Africa,2005,7.7
ETH,Ethiopia,Africa,2006,8.1
ETH,Ethiopia,Africa,2007,8.5
ETH,Ethiopia,Africa,2008,9.0
ETH,Ethiopia,Africa,2009,9.6
ETH,Ethiopia,Africa,2010,10.2
ETH,Ethiopia,Africa,2011,10.6
ETH,Ethiopia,Africa,2012,11.1
ETH,Ethiopia,Africa,2013,11.5
ETH,Ethiopia,Africa,2014,11.8
ETH,Ethiopia,Africa,2015,12.1
ETH,Ethiopia,Africa,2016,12.5
ETH,Ethiopia,Africa,2017,12.8
ETH,Ethiopia,Africa,2018,13.2
ETH,Ethiopia,Africa,2019,13.5
ETH,Ethiopia,Africa,2020,13.8
ETH,Ethiopia,Africa,2021,14.1
ETH,Ethiopia,Africa,2022,14.5
ETH,Ethiopia,Africa,2023,14.8
ETH,Ethiopia,Africa,2024,15.2
FIN,Finland,Europe,2000,87.9
FIN,Finland,Europe,2001,87.8
FIN,Finland,Europe,2002,87.6
FIN,Finland,Europe,2003,87.3
FIN,Finland,Europe,2004,86.9
FIN,Finland,Europe,2005,86.6
FIN,Finland,Europe,2006,86.4
FIN,Finland,Europe,2007,86.3
FIN,Finland,Europe,2008,86.4
FIN,Finland,Europe,2009,86.5
FIN,Finland,Europe,2010,86.6
FIN,Finland,Europe,2011,86.7
FIN,Finland,Europe,2012,86.9
FIN,Finland,Europe,2013,87.2
FIN,Finland,Europe,2014,87.5
FIN,Finland,Europe,2015,87.9
FIN,Finland,Europe,2016,88.3
FIN,Finland,Europe,2017,88.6
FIN,Finland,Europe,2018,88.7
FIN,Finland,Europe,2019,88.8
FIN,Finland,Europe,2020,88.9
FIN,Finland,Europe,2021,89.1
FIN,Finland,Europe,2022,89.3
FIN,Finland,Europe,2023,89.4
FIN,Finland,Europe,2024,89.7
FJI,Fiji,Oceania,2000,72.0
FJI,Fiji,Oceania,2001,73.3
FJI,Fiji,Oceania,2002,74.5
FJI,Fiji,Oceania,2003,75.4
FJI,Fiji,Oceania,2004,76.3
FJI,Fiji,Oceania,2005,77.2
FJI,Fiji,Oceania,2006,78.2
FJI,Fiji,Oceania,2007,79.4
FJI,Fiji,Oceania,2008,80.5
FJI,Fiji,Oceania,2009,81.4
FJI,Fiji,Oceania,2010,82.2
FJI,Fiji,Oceania,2011,82.9
FJI,Fiji,Oceania,2012,83.6
FJI,Fiji,Oceania,2013,84.1
FJI,Fiji,Oceania,2014,84.7
FJI,Fiji,Oceania,2015,85.6
FJI,Fiji,Oceania,2016,86.7
FJI,Fiji,Oceania,2017,87.8
FJI,Fiji,Oceania,2018,88.9
FJI,Fiji,Oceania,2019,89.9
FJI,Fiji,Oceania,2020,90.8
FJI,Fiji,Oceania,2021,91.6
FJI,Fiji,Oceania,2022,92.3
FJI,Fiji,Oceania,2023,92.9
FJI,Fiji,Oceania,2024,93.4
FRA,France,Europe,2000,79.9
FRA,France,Europe,2001,80.2
FRA,France,Europe,2002,80.3
FRA,France,Europe,2003,80.4
FRA,France,Europe,2004,80.2
FRA,France,Europe,2005,80.2
FRA,France,Europe,2006,80.5
FRA,France,Europe,2007,80.9
FRA,France,Europe,2008,81.3
FRA,France,Europe,2009,81.6
FRA,France,Europe,2010,81.9
FRA,France,Europe,2011,82.4
FRA,France,Europe,2012,82.8
FRA,France,Europe,2013,83.2
FRA,France,Europe,2014,83.5
FRA,France,Europe,2015,83.8
FRA,France,Europe,2016,84.3
FRA,France,Europe,2017,84.7
FRA,France,Europe,2018,85.2
FRA,France,Europe,2019,85.6
FRA,France,Europe,2020,86.0
FRA,France,Europe,2021,86.3
FRA,France,Europe,2022,86.7
FRA,France,Europe,2023,87.0
FRA,France,Europe,2024,87.4
GAB,Gabon,Africa,2000,12.7
GAB,Gabon,Africa,2001,12.9
GAB,Gabon,Africa,2002,13.3
GAB,Gabon,Africa,2003,13.6
GAB,Gabon,Africa,2004,14.1
GAB,Gabon,Africa,2005,14.4
GAB,Gabon,Africa,2006,14.8
GAB,Gabon,Africa,2007,15.2
GAB,Gabon,Africa,2008,15.5
GAB,Gabon,Africa,2009,15.8
GAB,Gabon,Africa,2010,16.0
GAB,Gabon,Africa,2011,16.2
GAB,Gabon,Africa,2012,16.5
GAB,Gabon,Africa,2013,16.9
GAB,Gabon,Africa,2014,17.4
GAB,Gabon,Africa,2015,17.8
GAB,Gabon,Africa,2016,18.2
GAB,Gabon,Africa,2017,18.8
GAB,Gabon,Africa,2018,19.5
GAB,Gabon,Africa,2019,20.2
GAB,Gabon,Africa,2020,20.9
GAB,Gabon,Africa,2021,21.4
GAB,Gabon,Africa,2022,21.8
GAB,Gabon,Africa,2023,22.0
GAB,Gabon,Africa,2024,22.4
GBR,United Kingdom,Europe,2000,87.4
GBR,United Kingdom,Europe,2001,87.4
GBR,United Kingdom,Europe,2002,87.5
GBR,United Kingdom,Europe,2003,87.5
GBR,United Kingdom,Europe,2004,87.5
GBR,United Kingdom,Europe,2005,87.5
GBR,United Kingdom,Europe,2006,87.5
GBR,United Kingdom,Europe,2007,87.6
GBR,United Kingdom,Europe,2008,87.6
GBR,United Kingdom,Europe,2009,87.6
GBR,United Kingdom,Europe,2010,87.6
GBR,United Kingdom,Europe,2011,87.7
GBR,United Kingdom,Europe,2012,87.8
GBR,United Kingdom,Europe,2013,88.0
GBR,United Kingdom,Europe,2014,88.2
GBR,United Kingdom,Europe,2015,88.4
GBR,United Kingdom,Europe,2016,88.5
GBR,United Kingdom,Europe,2017,88.7
GBR,United Kingdom,Europe,2018,88.9
GBR,United Kingdom,Europe,2019,89.1
GBR,United Kingdom,Europe,2020,89.2
GBR,United Kingdom,Europe,2021,89.4
GBR,United Kingdom,Europe,2022,89.7
GBR,United Kingdom,Europe,2023,89.8
GBR,United Kingdom,Europe,2024,90.0
GEO,Georgia,Asia,2000,91.6
GEO,Georgia,Asia,2001,91.1
GEO,Georgia,Asia,2002,90.7
GEO,Georgia,Asia,2003,90.5
GEO,Georgia,Asia,2004,90.5
GEO,Georgia,Asia,2005,90.8
GEO,Georgia,Asia,2006,91.1
GEO,Georgia,Asia,2007,91.3
GEO,Georgia,Asia,2008,91.6
GEO,Georgia,Asia,2009,91.9
GEO,Georgia,Asia,2010,92.3
GEO,Georgia,Asia,2011,92.6
GEO,Georgia,Asia,2012,92.7
GEO,Georgia,Asia,2013,92.7
GEO,Georgia,Asia,2014,92.4
GEO,Georgia,Asia,2015,91.9
GEO,Georgia,Asia,2016,91.5
GEO,Georgia,Asia,2017,91.3
GEO,Georgia,Asia,2018,91.3
GEO,Georgia,Asia,2019,91.5
GEO,Georgia,Asia,2020,91.8
GEO,Georgia,Asia,2021,92.0
GEO,Georgia,Asia,2022,92.2
GEO,Georgia,Asia,2023,92.4
GEO,Georgia,Asia,2024,92.5
GHA,Ghana,Africa,2000,12.7
GHA,Ghana,Africa,2001,13.2
GHA,Ghana,Africa,2002,13.6
GHA,Ghana,Africa,2003,14.2
GHA,Ghana,Africa,2004,15.1
GHA,Ghana,Africa,2005,16.3
GHA,Ghana,Africa,2006,17.9
GHA,Ghana,Africa,2007,19.5
GHA,Ghana,Africa,2008,20.8
GHA,Ghana,Africa,2009,22.1
GHA,Ghana,Africa,2010,23.0
GHA,Ghana,Africa,2011,24.2
GHA,Ghana,Africa,2012,25.6
GHA,Ghana,Africa,2013,27.2
GHA,Ghana,Africa,2014,28.9
GHA,Ghana,Africa,2015,30.3
GHA,Ghana,Africa,2016,31.7
GHA,Ghana,Africa,2017,33.2
GHA,Ghana,Africa,2018,35.0
GHA,Ghana,Africa,2019,36.6
GHA,Ghana,Africa,2020,38.3
GHA,Ghana,Africa,2021,40.1
GHA,Ghana,Africa,2022,42.1
GHA,Ghana,Africa,2023,43.7
GHA,Ghana,Africa,2024,45.2
GIN,Guinea,Africa,2000,7.2
GIN,Guinea,Africa,2001,7.8
GIN,Guinea,Africa,2002,8.3
GIN,Guinea,Africa,2003,8.9
GIN,Guinea,Africa,2004,9.6
GIN,Guinea,Africa,2005,10.3
GIN,Guinea,Africa,2006,11.1
GIN,Guinea,Africa,2007,11.9
GIN,Guinea,Africa,2008,12.8
GIN,Guinea,Africa,2009,13.7
GIN,Guinea,Africa,2010,14.5
GIN,Guinea,Africa,2011,15.3
GIN,Guinea,Africa,2012,15.9
GIN,Guinea,Africa,2013,16.8
GIN,Guinea,Africa,2014,17.7
GIN,Guinea,Africa,2015,18.7
GIN,Guinea,Africa,2016,19.6
GIN,Guinea,Africa,2017,20.2
GIN,Guinea,Africa,2018,20.8
GIN,Guinea,Africa,2019,21.2
GIN,Guinea,Africa,2020,21.7
GIN,Guinea,Africa,2021,22.5
GIN,Guinea,Africa,2022,23.3
GIN,Guinea,Africa,2023,24.1
GIN,Guinea,Africa,2024,24.9
GMB,Gambia,Africa,2000,16.4
GMB,Gambia,Africa,2001,17.5
GMB,Gambia,Africa,2002,18.5
GMB,Gambia,Africa,2003,19.3
GMB,Gambia,Africa,2004,20.2
GMB,Gambia,Africa,2005,21.2
GMB,Gambia,Africa,2006,22.3
GMB,Gambia,Africa,2007,23.3
GMB,Gambia,Africa,2008,24.3
GMB,Gambia,Africa,2009,25.1
GMB,Gambia,Africa,2010,25.7
GMB,Gambia,Africa,2011,26.1
GMB,Gambia,Africa,2012,26.3
GMB,Gambia,Africa,2013,26.5
GMB,Gambia,Africa,2014,26.8
GMB,Gambia,Africa,2015,27.3
GMB,Gambia,Africa,2016,27.9
GMB,Gambia,Africa,2017,28.3
GMB,Gambia,Africa,2018,28.8
GMB,Gambia,Africa,2019,29.3
GMB,Gambia,Africa,2020,29.9
GMB,Gambia,Africa,2021,30.7
GMB,Gambia,Africa,2022,31.5
GMB,Gambia,Africa,2023,32.3
GMB,Gambia,Africa,2024,33.1
GNB,Guinea-Bissau,Africa,2000,5.3
GNB,Guinea-Bissau,Africa,2001,5.4
GNB,Guinea-Bissau,Africa,2002,5.6
GNB,Guinea-Bissau,Africa,2003,5.8
GNB,Guinea-Bissau,Africa,2004,5.9
GNB,Guinea-Bissau,Africa,2005,6.1
GNB,Guinea-Bissau,Africa,2006,6.2
GNB,Guinea-Bissau,Africa,2007,6.5
GNB,Guinea-Bissau,Africa,2008,6.8
GNB,Guinea-Bissau,Africa,2009,7.1
GNB,Guinea-Bissau,Africa,2010,7.3
GNB,Guinea-Bissau,Africa,2011,7.6
GNB,Guinea-Bissau,Africa,2012,7.8
GNB,Guinea-Bissau,Africa,2013,8.1
GNB,Guinea-Bissau,Africa,2014,8.5
GNB,Guinea-Bissau,Africa,2015,8.8
GNB,Guinea-Bissau,Africa,2016,9.1
GNB,Guinea-Bissau,Africa,2017,9.4
GNB,Guinea-Bissau,Africa,2018,9.7
GNB,Guinea-Bissau,Africa,2019,10.0
GNB,Guinea-Bissau,Africa,2020,10.2
GNB,Guinea-Bissau,Africa,2021,10.5
GNB,Guinea-Bissau,Africa,2022,10.8
GNB,Guinea-Bissau,Africa,2023,11.0
GNB,Guinea-Bissau,Africa,2024,11.3
GNQ,Equatorial Guinea,Africa,2000,5.6
GNQ,Equatorial Guinea,Africa,2001,5.6
GNQ,Equatorial Guinea,Africa,2002,5.7
GNQ,Equatorial Guinea,Africa,2003,5.8
GNQ,Equatorial Guinea,Africa,2004,5.9
GNQ,Equatorial Guinea,Africa,2005,6.0
GNQ,Equatorial Guinea,Africa,2006,6.1
GNQ,Equatorial Guinea,Africa,2007,6.3
GNQ,Equatorial Guinea,Africa,2008,6.4
GNQ,Equatorial Guinea,Africa,2009,6.5
GNQ,Equatorial Guinea,Africa,2010,6.6
GNQ,Equatorial Guinea,Africa,2011,6.8
GNQ,Equatorial Guinea,Africa,2012,6.9
GNQ,Equatorial Guinea,Africa,2013,7.0
GNQ,Equatorial Guinea,Africa,2014,7.1
GNQ,Equatorial Guinea,Africa,2015,7.2
GNQ,Equatorial Guinea,Africa,2016,7.3
GNQ,Equatorial Guinea,Africa,2017,7.5
GNQ,Equatorial Guinea,Africa,2018,7.6
GNQ,Equatorial Guinea,Africa,2019,7.8
GNQ,Equatorial Guinea,Africa,2020,7.9
GNQ,Equatorial Guinea,Africa,2021,8.0
GNQ,Equatorial Guinea,Africa,2022,8.1
GNQ,Equatorial Guinea,Africa,2023,8.1
GNQ,Equatorial Guinea,Africa,2024,8.2
GRC,Greece,Europe,2000,79.4
GRC,Greece,Europe,2001,80.5
GRC,Greece,Europe,2002,81.2
GRC,Greece,Europe,2003,81.7
GRC,Greece,Europe,2004,82.1
GRC,Greece,Europe,2005,82.8
GRC,Greece,Europe,2006,83.5
GRC,Greece,Europe,2007,84.4
GRC,Greece,Europe,2008,85.3
GRC,Greece,Europe,2009,86.3
GRC,Greece,Europe,2010,87.1
GRC,Greece,Europe,2011,87.7
GRC,Greece,Europe,2012,88.4
GRC,Greece,Europe,2013,89.3
GRC,Greece,Europe,2014,90.3
GRC,Greece,Europe,2015,91.2
GRC,Greece,Europe,2016,91.9
GRC,Greece,Europe,2017,92.4
GRC,Greece,Europe,2018,92.8
GRC,Greece,Europe,2019,93.2
GRC,Greece,Europe,2020,93.6
GRC,Greece,Europe,2021,93.9
GRC,Greece,Europe,2022,94.2
GRC,Greece,Europe,2023,94.6
GRC,Greece,Europe,2024,94.9
GTM,Guatemala,North America,2000,17.7
GTM,Guatemala,North America,2001,18.3
GTM,Guatemala,North America,2002,19.1
GTM,Guatemala,North America,2003,19.9
GTM,Guatemala,North America,2004,20.7
GTM,Guatemala,North America,2005,21.6
GTM,Guatemala,North America,2006,22.8
GTM,Guatemala,North America,2007,24.1
GTM,Guatemala,North America,2008,25.4
GTM,Guatemala,North America,2009,26.6
GTM,Guatemala,North America,2010,27.8
GTM,Guatemala,North America,2011,28.9
GTM,Guatemala,North America,2012,30.1
GTM,Guatemala,North America,2013,31.2
GTM,Guatemala,North America,2014,32.1
GTM,Guatemala,North America,2015,33.0
GTM,Guatemala,North America,2016,33.9
GTM,Guatemala,North America,2017,34.8
GTM,Guatemala,North America,2018,35.5
GTM,Guatemala,North America,2019,36.2
GTM,Guatemala,North America,2020,36.8
GTM,Guatemala,North America,2021,37.6
GTM,Guatemala,North America,2022,38.3
GTM,Guatemala,North America,2023,39.1
GTM,Guatemala,North America,2024,39.8
GUY,Guyana,South America,2000,38.6
GUY,Guyana,South America,2001,40.3
GUY,Guyana,South America,2002,42.3
GUY,Guyana,South America,2003,44.2
GUY,Guyana,South America,2004,46.1
GUY,Guyana,South America,2005,47.7
GUY,Guyana,South America,2006,49.0
GUY,Guyana,South America,2007,50.0
GUY,Guyana,South America,2008,51.2
GUY,Guyana,South America,2009,52.4
GUY,Guyana,South America,2010,53.6
GUY,Guyana,South America,2011,54.7
GUY,Guyana,South America,2012,55.7
GUY,Guyana,South America,2013,56.9
GUY,Guyana,South America,2014,58.3
GUY,Guyana,South America,2015,59.9
GUY,Guyana,South America,2016,61.3
GUY,Guyana,South America,2017,62.6
GUY,Guyana,South America,2018,63.8
GUY,Guyana,South America,2019,64.8
GUY,Guyana,South America,2020,65.8
GUY,Guyana,South America,2021,66.8
GUY,Guyana,South America,2022,67.9
GUY,Guyana,South America,2023,69.0
GUY,Guyana,South America,2024,70.1
HND,Honduras,North America,2000,20.9
HND,Honduras,North America,2001,21.5
HND,Honduras,North America,2002,22.9
HND,Honduras,North America,2003,24.5
HND,Honduras,North America,2004,26.6
HND,Honduras,North America,2005,28.5
HND,Honduras,North America,2006,30.4
HND,Honduras,North America,2007,32.1
HND,Honduras,North America,2008,33.8
HND,Honduras,North America,2009,35.7
HND,Honduras,North America,2010,37.7
HND,Honduras,North America,2011,39.6
HND,Honduras,North America,2012,41.2
HND,Honduras,North America,2013,42.3
HND,Honduras,North America,2014,43.0
HND,Honduras,North America,2015,43.6
HND,Honduras,North America,2016,44.5
HND,Honduras,North America,2017,45.4
HND,Honduras,North America,2018,46.4
HND,Honduras,North America,2019,47.3
HND,Honduras,North America,2020,48.3
HND,Honduras,North America,2021,49.2
HND,Honduras,North America,2022,50.1
HND,Honduras,North America,2023,50.9
HND,Honduras,North America,2024,51.7
HRV,Croatia,Europe,2000,85.5
HRV,Croatia,Europe,2001,86.7
HRV,Croatia,Europe,2002,87.9
HRV,Croatia,Europe,2003,89.0
HRV,Croatia,Europe,2004,89.8
HRV,Croatia,Europe,2005,90.6
HRV,Croatia,Europe,2006,91.1
HRV,Croatia,Europe,2007,91.7
HRV,Croatia,Europe,2008,92.3
HRV,Croatia,Europe,2009,92.9
HRV,Croatia,Europe,2010,93.5
HRV,Croatia,Europe,2011,94.1
HRV,Croatia,Europe,2012,94.6
HRV,Croatia,Europe,2013,95.1
HRV,Croatia,Europe,2014,95.4
HRV,Croatia,Europe,2015,95.7
HRV,Croatia,Europe,2016,96.0
HRV,Croatia,Europe,2017,96.3
HRV,Croatia,Europe,2018,96.6
HRV,Croatia,Europe,2019,96.9
HRV,Croatia,Europe,2020,97.1
HRV,Croatia,Europe,2021,97.4
HRV,Croatia,Europe,2022,97.6
HRV,Croatia,Europe,2023,97.9
HRV,Croatia,Europe,2024,98.1
HTI,Haiti,North America,2000,7.3
HTI,Haiti,North America,2001,7.8
HTI,Haiti,North America,2002,8.4
HTI,Haiti,North America,2003,9.2
HTI,Haiti,North America,2004,9.8
HTI,Haiti,North America,2005,10.3
HTI,Haiti,North America,2006,10.7
HTI,Haiti,North America,2007,11.1
HTI,Haiti,North America,2008,11.5
HTI,Haiti,North America,2009,11.9
HTI,Haiti,North America,2010,12.2
HTI,Haiti,North America,2011,12.6
HTI,Haiti,North America,2012,13.1
HTI,Haiti,North America,2013,13.8
HTI,Haiti,North America,2014,14.2
HTI,Haiti,North America,2015,14.7
HTI,Haiti,North America,2016,15.0
HTI,Haiti,North America,2017,15.3
HTI,Haiti,North America,2018,15.7
HTI,Haiti,North America,2019,16.3
HTI,Haiti,North America,2020,16.9
HTI,Haiti,North America,2021,17.4
HTI,Haiti,North America,2022,18.2
HTI,Haiti,North America,2023,18.9
HTI,Haiti,North America,2024,19.5
HUN,Hungary,Europe,2000,83.2
HUN,Hungary,Europe,2001,83.8
HUN,Hungary,Europe,2002,84.0
HUN,Hungary,Europe,2003,83.8
HUN,Hungary,Europe,2004,83.5
HUN,Hungary,Europe,2005,83.1
HUN,Hungary,Europe,2006,82.9
HUN,Hungary,Europe,2007,83.0
HUN,Hungary,Europe,2008,83.2
HUN,Hungary,Europe,2009,83.3
HUN,Hungary,Europe,2010,83.4
HUN,Hungary,Europe,2011,83.6
HUN,Hungary,Europe,2012,83.7
HUN,Hungary,Europe,2013,83.9
HUN,Hungary,Europe,2014,84.0
HUN,Hungary,Europe,2015,84.1
HUN,Hungary,Europe,2016,84.2
HUN,Hungary,Europe,2017,84.4
HUN,Hungary,Europe,2018,84.7
HUN,Hungary,Europe,2019,85.0
HUN,Hungary,Europe,2020,85.2
HUN,Hungary,Europe,2021,85.5
HUN,Hungary,Europe,2022,85.7
HUN,Hungary,Europe,2023,85.9
HUN,Hungary,Europe,2024,86.1
IDN,Indonesia,Asia,2000,39.0
IDN,Indonesia,Asia,2001,39.9
IDN,Indonesia,Asia,2002,40.9
IDN,Indonesia,Asia,2003,42.0
IDN,Indonesia,Asia,2004,42.9
IDN,Indonesia,Asia,2005,43.8
IDN,Indonesia,Asia,2006,44.7
IDN,Indonesia,Asia,2007,45.7
IDN,Indonesia,Asia,2008,46.8
IDN,Indonesia,Asia,2009,47.9
IDN,Indonesia,Asia,2010,49.0
IDN,Indonesia,Asia,2011,50.2
IDN,Indonesia,Asia,2012,51.5
IDN,Indonesia,Asia,2013,52.9
IDN,Indonesia,Asia,2014,54.0
IDN,Indonesia,Asia,2015,54.8
IDN,Indonesia,Asia,2016,55.0
IDN,Indonesia,Asia,2017,54.5
IDN,Indonesia,Asia,2018,52.9
IDN,Indonesia,Asia,2019,50.6
IDN,Indonesia,Asia,2020,47.7
IDN,Indonesia,Asia,2021,44.9
IDN,Indonesia,Asia,2022,42.5
IDN,Indonesia,Asia,2023,40.9
IDN,Indonesia,Asia,2024,40.0
IND,India,Asia,2000,25.3
IND,India,Asia,2001,26.0
IND,India,Asia,2002,26.9
IND,India,Asia,2003,27.8
IND,India,Asia,2004,28.9
IND,India,Asia,2005,30.2
IND,India,Asia,2006,31.6
IND,India,Asia,2007,33.1
IND,India,Asia,2008,34.9
IND,India,Asia,2009,36.8
IND,India,Asia,2010,39.1
IND,India,Asia,2011,41.2
IND,India,Asia,2012,43.4
IND,India,Asia,2013,45.2
IND,India,Asia,2014,47.3
IND,India,Asia,2015,49.4
IND,India,Asia,2016,51.6
IND,India,Asia,2017,53.3
IND,India,Asia,2018,54.9
IND,India,Asia,2019,56.6
IND,India,Asia,2020,58.3
IND,India,Asia,2021,59.9
IND,India,Asia,2022,61.3
IND,India,Asia,2023,62.6
IND,India,Asia,2024,63.9
IRL,Ireland,Europe,2000,86.1
IRL,Ireland,Europe,2001,86.3
IRL,Ireland,Europe,2002,86.5
IRL,Ireland,Europe,2003,86.5
IRL,Ireland,Europe,2004,86.5
IRL,Ireland,Europe,2005,86.5
IRL,Ireland,Europe,2006,86.7
IRL,Ireland,Europe,2007,87.0
IRL,Ireland,Europe,2008,87.5
IRL,Ireland,Europe,2009,88.0
IRL,Ireland,Europe,2010,88.6
IRL,Ireland,Europe,2011,89.3
IRL,Ireland,Europe,2012,90.1
IRL,Ireland,Europe,2013,90.7
IRL,Ireland,Europe,2014,91.3
IRL,Ireland,Europe,2015,91.8
IRL,Ireland,Europe,2016,92.2
IRL,Ireland,Europe,2017,92.5
IRL,Ireland,Europe,2018,92.8
IRL,Ireland,Europe,2019,93.1
IRL,Ireland,Europe,2020,93.4
IRL,Ireland,Europe,2021,93.8
IRL,Ireland,Europe,2022,94.1
IRL,Ireland,Europe,2023,94.4
IRL,Ireland,Europe,2024,94.7
IRN,Iran,Asia,2000,45.1
IRN,Iran,Asia,2001,47.5
IRN,Iran,Asia,2002,49.6
IRN,Iran,Asia,2003,50.8
IRN,Iran,Asia,2004,51.9
IRN,Iran,Asia,2005,52.5
IRN,Iran,Asia,2006,53.3
IRN,Iran,Asia,2007,53.8
IRN,Iran,Asia,2008,54.8
IRN,Iran,Asia,2009,56.0
IRN,Iran,Asia,2010,57.3
IRN,Iran,Asia,2011,58.6
IRN,Iran,Asia,2012,60.0
IRN,Iran,Asia,2013,61.4
IRN,Iran,Asia,2014,62.7
IRN,Iran,Asia,2015,63.9
IRN,Iran,Asia,2016,65.1
IRN,Iran,Asia,2017,66.3
IRN,Iran,Asia,2018,67.5
IRN,Iran,Asia,2019,68.6
IRN,Iran,Asia,2020,69.8
IRN,Iran,Asia,2021,70.9
IRN,Iran,Asia,2022,72.0
IRN,Iran,Asia,2023,73.2
IRN,Iran,Asia,2024,74.3
IRQ,Iraq,Asia,2000,14.9
IRQ,Iraq,Asia,2001,15.1
IRQ,Iraq,Asia,2002,15.5
IRQ,Iraq,Asia,2003,15.9
IRQ,Iraq,Asia,2004,16.2
IRQ,Iraq,Asia,2005,16.6
IRQ,Iraq,Asia,2006,17.2
IRQ,Iraq,Asia,2007,18.4
IRQ,Iraq,Asia,2008,19.7
IRQ,Iraq,Asia,2009,21.1
IRQ,Iraq,Asia,2010,22.2
IRQ,Iraq,Asia,2011,23.0
IRQ,Iraq,Asia,2012,24.0
IRQ,Iraq,Asia,2013,25.4
IRQ,Iraq,Asia,2014,27.6
IRQ,Iraq,Asia,2015,30.2
IRQ,Iraq,Asia,2016,33.5
IRQ,Iraq,Asia,2017,37.2
IRQ,Iraq,Asia,2018,40.6
IRQ,Iraq,Asia,2019,43.6
IRQ,Iraq,Asia,2020,46.0
IRQ,Iraq,Asia,2021,47.8
IRQ,Iraq,Asia,2022,49.4
IRQ,Iraq,Asia,2023,51.0
IRQ,Iraq,Asia,2024,52.2
ISL,Iceland,Europe,2000,67.1
ISL,Iceland,Europe,2001,66.9
ISL,Iceland,Europe,2002,66.9
ISL,Iceland,Europe,2003,66.7
ISL,Iceland,Europe,2004,66.4
ISL,Iceland,Europe,2005,66.0
ISL,Iceland,Europe,2006,65.7
ISL,Iceland,Europe,2007,65.5
ISL,Iceland,Europe,2008,65.3
ISL,Iceland,Europe,2009,65.1
ISL,Iceland,Europe,2010,64.7
ISL,Iceland,Europe,2011,64.3
ISL,Iceland,Europe,2012,64.1
ISL,Iceland,Europe,2013,64.3
ISL,Iceland,Europe,2014,64.6
ISL,Iceland,Europe,2015,64.7
ISL,Iceland,Europe,2016,64.8
ISL,Iceland,Europe,2017,64.8
ISL,Iceland,Europe,2018,64.8
ISL,Iceland,Europe,2019,64.9
ISL,Iceland,Europe,2020,65.0
ISL,Iceland,Europe,2021,65.3
ISL,Iceland,Europe,2022,65.6
ISL,Iceland,Europe,2023,65.9
ISL,Iceland,Europe,2024,66.1
ISR,Israel,Asia,2000,85.3
ISR,Israel,Asia,2001,86.2
ISR,Israel,Asia,2002,86.8
ISR,Israel,Asia,2003,87.4
ISR,Israel,Asia,2004,87.9
ISR,Israel,Asia,2005,88.3
ISR,Israel,Asia,2006,88.6
ISR,Israel,Asia,2007,89.0
ISR,Israel,Asia,2008,89.3
ISR,Israel,Asia,2009,89.6
ISR,Israel,Asia,2010,89.7
ISR,Israel,Asia,2011,89.9
ISR,Israel,Asia,2012,90.0
ISR,Israel,Asia,2013,90.1
ISR,Israel,Asia,2014,90.3
ISR,Israel,Asia,2015,90.4
ISR,Israel,Asia,2016,90.6
ISR,Israel,Asia,2017,90.9
ISR,Israel,Asia,2018,91.2
ISR,Israel,Asia,2019,91.5
ISR,Israel,Asia,2020,91.8
ISR,Israel,Asia,2021,92.1
ISR,Israel,Asia,2022,92.4
ISR,Israel,Asia,2023,92.7
ISR,Israel,Asia,2024,92.9
ITA,Italy,Europe,2000,66.5
ITA,Italy,Europe,2001,67.4
ITA,Italy,Europe,2002,68.2
ITA,Italy,Europe,2003,69.1
ITA,Italy,Europe,2004,70.1
ITA,Italy,Europe,2005,71.1
ITA,Italy,Europe,2006,72.2
ITA,Italy,Europe,2007,73.1
ITA,Italy,Europe,2008,73.8
ITA,Italy,Europe,2009,74.8
ITA,Italy,Europe,2010,76.0
ITA,Italy,Europe,2011,77.3
ITA,Italy,Europe,2012,78.2
ITA,Italy,Europe,2013,79.1
ITA,Italy,Europe,2014,80.0
ITA,Italy,Europe,2015,81.0
ITA,Italy,Europe,2016,82.0
ITA,Italy,Europe,2017,82.7
ITA,Italy,Europe,2018,83.2
ITA,Italy,Europe,2019,83.8
ITA,Italy,Europe,2020,84.5
ITA,Italy,Europe,2021,85.1
ITA,Italy,Europe,2022,85.8
ITA,Italy,Europe,2023,86.4
ITA,Italy,Europe,2024,87.0
JAM,Jamaica,North America,2000,82.4
JAM,Jamaica,North America,2001,83.8
JAM,Jamaica,North America,2002,85.0
JAM,Jamaica,North America,2003,85.9
JAM,Jamaica,North America,2004,86.9
JAM,Jamaica,North America,2005,87.8
JAM,Jamaica,North America,2006,88.7
JAM,Jamaica,North America,2007,89.5
JAM,Jamaica,North America,2008,90.2
JAM,Jamaica,North America,2009,90.8
JAM,Jamaica,North America,2010,91.3
JAM,Jamaica,North America,2011,91.7
JAM,Jamaica,North America,2012,92.0
JAM,Jamaica,North America,2013,92.3
JAM,Jamaica,North America,2014,92.5
JAM,Jamaica,North America,2015,92.8
JAM,Jamaica,North America,2016,93.0
JAM,Jamaica,North America,2017,93.3
JAM,Jamaica,North America,2018,93.7
JAM,Jamaica,North America,2019,94.1
JAM,Jamaica,North America,2020,94.4
JAM,Jamaica,North America,2021,94.7
JAM,Jamaica,North America,2022,95.0
JAM,Jamaica,North America,2023,95.3
JAM,Jamaica,North America,2024,95.5
JOR,Jordan,Asia,2000,49.3
JOR,Jordan,Asia,2001,51.3
JOR,Jordan,Asia,2002,53.2
JOR,Jordan,Asia,2003,54.7
JOR,Jordan,Asia,2004,55.6
JOR,Jordan,Asia,2005,56.2
JOR,Jordan,Asia,2006,56.9
JOR,Jordan,Asia,2007,57.8
JOR,Jordan,Asia,2008,58.7
JOR,Jordan,Asia,2009,59.6
JOR,Jordan,Asia,2010,60.2
JOR,Jordan,Asia,2011,60.9
JOR,Jordan,Asia,2012,61.6
JOR,Jordan,Asia,2013,62.0
JOR,Jordan,Asia,2014,62.0
JOR,Jordan,Asia,2015,61.6
JOR,Jordan,Asia,2016,60.9
JOR,Jordan,Asia,2017,60.5
JOR,Jordan,Asia,2018,60.8
JOR,Jordan,Asia,2019,61.5
JOR,Jordan,Asia,2020,62.5
JOR,Jordan,Asia,2021,63.6
JOR,Jordan,Asia,2022,65.0
JOR,Jordan,Asia,2023,66.4
JOR,Jordan,Asia,2024,67.6
KAZ,Kazakhstan,Asia,2000,89.6
KAZ,Kazakhstan,Asia,2001,90.8
KAZ,Kazakhstan,Asia,2002,91.9
KAZ,Kazakhstan,Asia,2003,92.8
KAZ,Kazakhstan,Asia,2004,93.7
KAZ,Kazakhstan,Asia,2005,94.5
KAZ,Kazakhstan,Asia,2006,95.1
KAZ,Kazakhstan,Asia,2007,95.5
KAZ,Kazakhstan,Asia,2008,95.9
KAZ,Kazakhstan,Asia,2009,96.2
KAZ,Kazakhstan,Asia,2010,96.4
KAZ,Kazakhstan,Asia,2011,96.6
KAZ,Kazakhstan,Asia,2012,96.7
KAZ,Kazakhstan,Asia,2013,96.9
KAZ,Kazakhstan,Asia,2014,97.1
KAZ,Kazakhstan,Asia,2015,97.2
KAZ,Kazakhstan,Asia,2016,97.4
KAZ,Kazakhstan,Asia,2017,97.7
KAZ,Kazakhstan,Asia,2018,97.9
KAZ,Kazakhstan,Asia,2019,98.1
KAZ,Kazakhstan,Asia,2020,98.3
KAZ,Kazakhstan,Asia,2021,98.5
KAZ,Kazakhstan,Asia,2022,98.6
KAZ,Kazakhstan,Asia,2023,98.8
KAZ,Kazakhstan,Asia,2024,99.0
KEN,Kenya,Africa,2000,21.3
KEN,Kenya,Africa,2001,21.7
KEN,Kenya,Africa,2002,22.2
KEN,Kenya,Africa,2003,22.7
KEN,Kenya,Africa,2004,23.0
KEN,Kenya,Africa,2005,23.4
KEN,Kenya,Africa,2006,24.0
KEN,Kenya,Africa,2007,24.9
KEN,Kenya,Africa,2008,26.0
KEN,Kenya,Africa,2009,27.0
KEN,Kenya,Africa,2010,28.2
KEN,Kenya,Africa,2011,29.6
KEN,Kenya,Africa,2012,31.1
KEN,Kenya,Africa,2013,32.4
KEN,Kenya,Africa,2014,33.6
KEN,Kenya,Africa,2015,34.5
KEN,Kenya,Africa,2016,35.2
KEN,Kenya,Africa,2017,35.9
KEN,Kenya,Africa,2018,36.5
KEN,Kenya,Africa,2019,36.8
KEN,Kenya,Africa,2020,36.9
KEN,Kenya,Africa,2021,36.8
KEN,Kenya,Africa,2022,36.8
KEN,Kenya,Africa,2023,37.0
KEN,Kenya,Africa,2024,37.4
KGZ,Kyrgyz Republic,Asia,2000,86.4
KGZ,Kyrgyz Republic,Asia,2001,87.9
KGZ,Kyrgyz Republic,Asia,2002,89.2
KGZ,Kyrgyz Republic,Asia,2003,90.4
KGZ,Kyrgyz Republic,Asia,2004,91.3
KGZ,Kyrgyz Republic,Asia,2005,91.9
KGZ,Kyrgyz Republic,Asia,2006,92.3
KGZ,Kyrgyz Republic,Asia,2007,92.5
KGZ,Kyrgyz Republic,Asia,2008,92.5
KGZ,Kyrgyz Republic,Asia,2009,92.4
KGZ,Kyrgyz Republic,Asia,2010,92.3
KGZ,Kyrgyz Republic,Asia,2011,92.0
KGZ,Kyrgyz Republic,Asia,2012,91.8
KGZ,Kyrgyz Republic,Asia,2013,91.5
KGZ,Kyrgyz Republic,Asia,2014,91.2
KGZ,Kyrgyz Republic,Asia,2015,91.0
KGZ,Kyrgyz Republic,Asia,2016,91.0
KGZ,Kyrgyz Republic,Asia,2017,91.1
KGZ,Kyrgyz Republic,Asia,2018,91.3
KGZ,Kyrgyz Republic,Asia,2019,91.5
KGZ,Kyrgyz Republic,Asia,2020,91.7
KGZ,Kyrgyz Republic,Asia,2021,92.0
KGZ,Kyrgyz Republic,Asia,2022,92.4
KGZ,Kyrgyz Republic,Asia,2023,92.7
KGZ,Kyrgyz Republic,Asia,2024,93.1
KHM,Cambodia,Asia,2000,7.3
KHM,Cambodia,Asia,2001,8.3
KHM,Cambodia,Asia,2002,9.2
KHM,Cambodia,Asia,2003,9.9
KHM,Cambodia,Asia,2004,10.6
KHM,Cambodia,Asia,2005,11.2
KHM,Cambodia,Asia,2006,11.7
KHM,Cambodia,Asia,2007,12.4
KHM,Cambodia,Asia,2008,13.2
KHM,Cambodia,Asia,2009,14.2
KHM,Cambodia,Asia,2010,15.1
KHM,Cambodia,Asia,2011,15.9
KHM,Cambodia,Asia,2012,16.5
KHM,Cambodia,Asia,2013,17.0
KHM,Cambodia,Asia,2014,17.4
KHM,Cambodia,Asia,2015,17.7
KHM,Cambodia,Asia,2016,17.8
KHM,Cambodia,Asia,2017,17.9
KHM,Cambodia,Asia,2018,18.2
KHM,Cambodia,Asia,2019,18.7
KHM,Cambodia,Asia,2020,19.8
KHM,Cambodia,Asia,2021,21.0
KHM,Cambodia,Asia,2022,22.5
KHM,Cambodia,Asia,2023,23.7
KHM,Cambodia,Asia,2024,24.7
KIR,Kiribati,Oceania,2000,7.1
KIR,Kiribati,Oceania,2001,7.5
KIR,Kiribati,Oceania,2002,8.0
KIR,Kiribati,Oceania,2003,8.5
KIR,Kiribati,Oceania,2004,9.0
KIR,Kiribati,Oceania,2005,9.4
KIR,Kiribati,Oceania,2006,9.7
KIR,Kiribati,Oceania,2007,10.1
KIR,Kiribati,Oceania,2008,10.5
KIR,Kiribati,Oceania,2009,11.0
KIR,Kiribati,Oceania,2010,11.5
KIR,Kiribati,Oceania,2011,12.0
KIR,Kiribati,Oceania,2012,12.5
KIR,Kiribati,Oceania,2013,13.1
KIR,Kiribati,Oceania,2014,13.8
KIR,Kiribati,Oceania,2015,14.4
KIR,Kiribati,Oceania,2016,15.1
KIR,Kiribati,Oceania,2017,16.0
KIR,Kiribati,Oceania,2018,16.8
KIR,Kiribati,Oceania,2019,17.6
KIR,Kiribati,Oceania,2020,18.3
KIR,Kiribati,Oceania,2021,18.9
KIR,Kiribati,Oceania,2022,19.5
KIR,Kiribati,Oceania,2023,20.1
KIR,Kiribati,Oceania,2024,20.8
KOR,South Korea,Asia,2000,98.2
KOR,South Korea,Asia,2001,98.3
KOR,South Korea,Asia,2002,98.3
KOR,South Korea,Asia,2003,98.3
KOR,South Korea,Asia,2004,98.4
KOR,South Korea,Asia,2005,98.4
KOR,South Korea,Asia,2006,98.5
KOR,South Korea,Asia,2007,98.5
KOR,South Korea,Asia,2008,98.5
KOR,South Korea,Asia,2009,98.5
KOR,South Korea,Asia,2010,98.5
KOR,South Korea,Asia,2011,98.6
KOR,South Korea,Asia,2012,98.6
KOR,South Korea,Asia,2013,98.7
KOR,South Korea,Asia,2014,98.7
KOR,South Korea,Asia,2015,98.8
KOR,South Korea,Asia,2016,98.9
KOR,South Korea,Asia,2017,98.9
KOR,South Korea,Asia,2018,99.0
KOR,South Korea,Asia,2019,99.0
KOR,South Korea,Asia,2020,99.1
KOR,South Korea,Asia,2021,99.1
KOR,South Korea,Asia,2022,99.2
KOR,South Korea,Asia,2023,99.2
KOR,South Korea,Asia,2024,99.3
LAO,Laos,Asia,2000,15.1
LAO,Laos,Asia,2001,16.1
LAO,Laos,Asia,2002,17.2
LAO,Laos,Asia,2003,18.4
LAO,Laos,Asia,2004,19.6
LAO,Laos,Asia,2005,20.7
LAO,Laos,Asia,2006,21.6
LAO,Laos,Asia,2007,22.1
LAO,Laos,Asia,2008,22.6
LAO,Laos,Asia,2009,23.1
LAO,Laos,Asia,2010,23.7
LAO,Laos,Asia,2011,24.3
LAO,Laos,Asia,2012,24.9
LAO,Laos,Asia,2013,25.4
LAO,Laos,Asia,2014,25.8
LAO,Laos,Asia,2015,26.3
LAO,Laos,Asia,2016,27.1
LAO,Laos,Asia,2017,27.6
LAO,Laos,Asia,2018,28.1
LAO,Laos,Asia,2019,28.7
LAO,Laos,Asia,2020,29.3
LAO,Laos,Asia,2021,30.0
LAO,Laos,Asia,2022,30.5
LAO,Laos,Asia,2023,31.1
LAO,Laos,Asia,2024,31.8
LBR,Liberia,Africa,2000,10.1
LBR,Liberia,Africa,2001,9.7
LBR,Liberia,Africa,2002,9.4
LBR,Liberia,Africa,2003,9.2
LBR,Liberia,Africa,2004,9.3
LBR,Liberia,Africa,2005,9.5
LBR,Liberia,Africa,2006,9.8
LBR,Liberia,Africa,2007,10.0
LBR,Liberia,Africa,2008,10.2
LBR,Liberia,Africa,2009,10.5
LBR,Liberia,Africa,2010,10.9
LBR,Liberia,Africa,2011,11.1
LBR,Liberia,Africa,2012,11.2
LBR,Liberia,Africa,2013,11.5
LBR,Liberia,Africa,2014,11.8
LBR,Liberia,Africa,2015,12.2
LBR,Liberia,Africa,2016,12.4
LBR,Liberia,Africa,2017,12.6
LBR,Liberia,Africa,2018,12.8
LBR,Liberia,Africa,2019,13.0
LBR,Liberia,Africa,2020,13.2
LBR,Liberia,Africa,2021,13.4
LBR,Liberia,Africa,2022,13.5
LBR,Liberia,Africa,2023,13.7
LBR,Liberia,Africa,2024,13.9
LCA,Saint Lucia,North America,2000,57.9
LCA,Saint Lucia,North America,2001,60.1
LCA,Saint Lucia,North America,2002,62.2
LCA,Saint Lucia,North America,2003,64.1
LCA,Saint Lucia,North America,2004,66.1
LCA,Saint Lucia,North America,2005,68.1
LCA,Saint Lucia,North America,2006,70.0
LCA,Saint Lucia,North America,2007,71.9
LCA,Saint Lucia,North America,2008,73.7
LCA,Saint Lucia,North America,2009,75.4
LCA,Saint Lucia,North America,2010,77.0
LCA,Saint Lucia,North America,2011,78.7
LCA,Saint Lucia,North America,2012,80.2
LCA,Saint Lucia,North America,2013,81.7
LCA,Saint Lucia,North America,2014,83.0
LCA,Saint Lucia,North America,2015,84.2
LCA,Saint Lucia,North America,2016,85.5
LCA,Saint Lucia,North America,2017,86.7
LCA,Saint Lucia,North America,2018,87.8
LCA,Saint Lucia,North America,2019,88.8
LCA,Saint Lucia,North America,2020,89.7
LCA,Saint Lucia,North America,2021,90.6
LCA,Saint Lucia,North America,2022,91.4
LCA,Saint Lucia,North America,2023,92.2
LCA,Saint Lucia,North America,2024,92.8
LSO,Lesotho,Africa,2000,12.8
LSO,Lesotho,Africa,2001,13.1
LSO,Lesotho,Africa,2002,13.3
LSO,Lesotho,Africa,2003,13.6
LSO,Lesotho,Africa,2004,14.2
LSO,Lesotho,Africa,2005,15.0
LSO,Lesotho,Africa,2006,15.7
LSO,Lesotho,Africa,2007,16.3
LSO,Lesotho,Africa,2008,16.5
LSO,Lesotho,Africa,2009,16.8
LSO,Lesotho,Africa,2010,17.3
LSO,Lesotho,Africa,2011,17.9
LSO,Lesotho,Africa,2012,18.4
LSO,Lesotho,Africa,2013,18.8
LSO,Lesotho,Africa,2014,19.1
LSO,Lesotho,Africa,2015,19.6
LSO,Lesotho,Africa,2016,20.2
LSO,Lesotho,Africa,2017,20.7
LSO,Lesotho,Africa,2018,21.2
LSO,Lesotho,Africa,2019,21.7
LSO,Lesotho,Africa,2020,22.1
LSO,Lesotho,Africa,2021,22.5
LSO,Lesotho,Africa,2022,23.0
LSO,Lesotho,Africa,2023,23.6
LSO,Lesotho,Africa,2024,24.0
LTU,Lithuania,Europe,2000,83.6
LTU,Lithuania,Europe,2001,84.0
LTU,Lithuania,Europe,2002,84.7
LTU,Lithuania,Europe,2003,85.6
LTU,Lithuania,Europe,2004,86.6
LTU,Lithuania,Europe,2005,87.5
LTU,Lithuania,Europe,2006,88.3
LTU,Lithuania,Europe,2007,88.7
LTU,Lithuania,Europe,2008,89.0
LTU,Lithuania,Europe,2009,89.1
LTU,Lithuania,Europe,2010,89.2
LTU,Lithuania,Europe,2011,89.4
LTU,Lithuania,Europe,2012,89.7
LTU,Lithuania,Europe,2013,90.0
LTU,Lithuania,Europe,2014,90.2
LTU,Lithuania,Europe,2015,90.2
LTU,Lithuania,Europe,2016,90.2
LTU,Lithuania,Europe,2017,90.2
LTU,Lithuania,Europe,2018,90.3
LTU,Lithuania,Europe,2019,90.5
LTU,Lithuania,Europe,2020,90.7
LTU,Lithuania,Europe,2021,90.9
LTU,Lithuania,Europe,2022,91.2
LTU,Lithuania,Europe,2023,91.4
LTU,Lithuania,Europe,2024,91.7
LUX,Luxembourg,Europe,2000,68.8
LUX,Luxembourg,Europe,2001,69.8
LUX,Luxembourg,Europe,2002,71.0
LUX,Luxembourg,Europe,2003,72.1
LUX,Luxembourg,Europe,2004,73.3
LUX,Luxembourg,Europe,2005,74.2
LUX,Luxembourg,Europe,2006,74.9
LUX,Luxembourg,Europe,2007,75.7
LUX,Luxembourg,Europe,2008,76.4
LUX,Luxembourg,Europe,2009,76.9
LUX,Luxembourg,Europe,2010,77.2
LUX,Luxembourg,Europe,2011,77.5
LUX,Luxembourg,Europe,2012,77.6
LUX,Luxembourg,Europe,2013,77.6
LUX,Luxembourg,Europe,2014,77.7
LUX,Luxembourg,Europe,2015,77.8
LUX,Luxembourg,Europe,2016,77.9
LUX,Luxembourg,Europe,2017,78.1
LUX,Luxembourg,Europe,2018,78.3
LUX,Luxembourg,Europe,2019,78.6
LUX,Luxembourg,Europe,2020,79.1
LUX,Luxembourg,Europe,2021,79.6
LUX,Luxembourg,Europe,2022,80.0
LUX,Luxembourg,Europe,2023,80.6
LUX,Luxembourg,Europe,2024,81.0
LVA,Latvia,Europe,2000,74.8
LVA,Latvia,Europe,2001,75.2
LVA,Latvia,Europe,2002,76.0
LVA,Latvia,Europe,2003,77.0
LVA,Latvia,Europe,2004,78.1
LVA,Latvia,Europe,2005,78.9
LVA,Latvia,Europe,2006,79.6
LVA,Latvia,Europe,2007,80.0
LVA,Latvia,Europe,2008,80.4
LVA,Latvia,Europe,2009,80.7
LVA,Latvia,Europe,2010,81.1
LVA,Latvia,Europe,2011,81.7
LVA,Latvia,Europe,2012,82.4
LVA,Latvia,Europe,2013,83.2
LVA,Latvia,Europe,2014,83.7
LVA,Latvia,Europe,2015,84.1
LVA,Latvia,Europe,2016,84.4
LVA,Latvia,Europe,2017,84.7
LVA,Latvia,Europe,2018,85.0
LVA,Latvia,Europe,2019,85.3
LVA,Latvia,Europe,2020,85.6
LVA,Latvia,Europe,2021,85.9
LVA,Latvia,Europe,2022,86.3
LVA,Latvia,Europe,2023,86.7
LVA,Latvia,Europe,2024,86.9
MAR,Morocco,Africa,2000,16.1
MAR,Morocco,Africa,2001,16.8
MAR,Morocco,Africa,2002,17.8
MAR,Morocco,Africa,2003,18.9
MAR,Morocco,Africa,2004,19.7
MAR,Morocco,Africa,2005,20.2
MAR,Morocco,Africa,2006,20.4
MAR,Morocco,Africa,2007,20.7
MAR,Morocco,Africa,2008,21.0
MAR,Morocco,Africa,2009,21.3
MAR,Morocco,Africa,2010,21.7
MAR,Morocco,Africa,2011,22.0
MAR,Morocco,Africa,2012,22.4
MAR,Morocco,Africa,2013,22.8
MAR,Morocco,Africa,2014,23.1
MAR,Morocco,Africa,2015,23.4
MAR,Morocco,Africa,2016,23.8
MAR,Morocco,Africa,2017,24.1
MAR,Morocco,Africa,2018,24.4
MAR,Morocco,Africa,2019,24.7
MAR,Morocco,Africa,2020,25.0
MAR,Morocco,Africa,2021,25.4
MAR,Morocco,Africa,2022,25.8
MAR,Morocco,Africa,2023,26.2
MAR,Morocco,Africa,2024,26.5
MDA,Moldova,Europe,2000,77.4
MDA,Moldova,Europe,2001,77.4
MDA,Moldova,Europe,2002,77.3
MDA,Moldova,Europe,2003,77.1
MDA,Moldova,Europe,2004,77.0
MDA,Moldova,Europe,2005,77.0
MDA,Moldova,Europe,2006,77.1
MDA,Moldova,Europe,2007,77.1
MDA,Moldova,Europe,2008,77.0
MDA,Moldova,Europe,2009,77.1
MDA,Moldova,Europe,2010,77.2
MDA,Moldova,Europe,2011,77.5
MDA,Moldova,Europe,2012,77.9
MDA,Moldova,Europe,2013,78.2
MDA,Moldova,Europe,2014,78.5
MDA,Moldova,Europe,2015,78.7
MDA,Moldova,Europe,2016,79.0
MDA,Moldova,Europe,2017,79.2
MDA,Moldova,Europe,2018,79.4
MDA,Moldova,Europe,2019,79.7
MDA,Moldova,Europe,2020,79.9
MDA,Moldova,Europe,2021,80.4
MDA,Moldova,Europe,2022,80.6
MDA,Moldova,Europe,2023,80.8
MDA,Moldova,Europe,2024,81.0
MDG,Madagascar,Africa,2000,5.5
MDG,Madagascar,Africa,2001,5.4
MDG,Madagascar,Africa,2002,5.5
MDG,Madagascar,Africa,2003,5.6
MDG,Madagascar,Africa,2004,5.9
MDG,Madagascar,Africa,2005,6.3
MDG,Madagascar,Africa,2006,6.8
MDG,Madagascar,Africa,2007,7.4
MDG,Madagascar,Africa,2008,8.0
MDG,Madagascar,Africa,2009,8.6
MDG,Madagascar,Africa,2010,9.2
MDG,Madagascar,Africa,2011,9.6
MDG,Madagascar,Africa,2012,9.9
MDG,Madagascar,Africa,2013,10.2
MDG,Madagascar,Africa,2014,10.5
MDG,Madagascar,Africa,2015,10.9
MDG,Madagascar,Africa,2016,11.2
MDG,Madagascar,Africa,2017,11.5
MDG,Madagascar,Africa,2018,11.8
MDG,Madagascar,Africa,2019,12.1
MDG,Madagascar,Africa,2020,12.6
MDG,Madagascar,Africa,2021,13.1
MDG,Madagascar,Africa,2022,13.5
MDG,Madagascar,Africa,2023,13.8
MDG,Madagascar,Africa,2024,14.1
MDV,Maldives,Asia,2000,12.2
MDV,Maldives,Asia,2001,13.0
MDV,Maldives,Asia,2002,13.8
MDV,Maldives,Asia,2003,14.7
MDV,Maldives,Asia,2004,15.6
MDV,Maldives,Asia,2005,16.5
MDV,Maldives,Asia,2006,17.3
MDV,Maldives,Asia,2007,18.0
MDV,Maldives,Asia,2008,18.8
MDV,Maldives,Asia,2009,19.7
MDV,Maldives,Asia,2010,20.6
MDV,Maldives,Asia,2011,21.8
MDV,Maldives,Asia,2012,22.9
MDV,Maldives,Asia,2013,24.1
MDV,Maldives,Asia,2014,25.5
MDV,Maldives,Asia,2015,27.1
MDV,Maldives,Asia,2016,28.8
MDV,Maldives,Asia,2017,30.2
MDV,Maldives,Asia,2018,31.5
MDV,Maldives,Asia,2019,32.6
MDV,Maldives,Asia,2020,34.0
MDV,Maldives,Asia,2021,35.3
MDV,Maldives,Asia,2022,36.8
MDV,Maldives,Asia,2023,38.1
MDV,Maldives,Asia,2024,39.4
MEX,Mexico,North America,2000,33.7
MEX,Mexico,North America,2001,34.9
MEX,Mexico,North America,2002,35.7
MEX,Mexico,North America,2003,36.6
MEX,Mexico,North America,2004,38.0
MEX,Mexico,North America,2005,39.5
MEX,Mexico,North America,2006,40.7
MEX,Mexico,North America,2007,41.7
MEX,Mexico,North America,2008,42.8
MEX,Mexico,North America,2009,44.3
MEX,Mexico,North America,2010,45.5
MEX,Mexico,North America,2011,46.5
MEX,Mexico,North America,2012,47.0
MEX,Mexico,North America,2013,47.7
MEX,Mexico,North America,2014,48.6
MEX,Mexico,North America,2015,49.7
MEX,Mexico,North America,2016,50.8
MEX,Mexico,North America,2017,52.0
MEX,Mexico,North America,2018,53.2
MEX,Mexico,North America,2019,54.8
MEX,Mexico,North America,2020,56.0
MEX,Mexico,North America,2021,56.9
MEX,Mexico,North America,2022,57.4
MEX,Mexico,North America,2023,58.0
MEX,Mexico,North America,2024,58.7
MKD,North Macedonia,Europe,2000,54.2
MKD,North Macedonia,Europe,2001,55.7
MKD,North Macedonia,Europe,2002,57.3
MKD,North Macedonia,Europe,2003,58.9
MKD,North Macedonia,Europe,2004,60.3
MKD,North Macedonia,Europe,2005,61.9
MKD,North Macedonia,Europe,2006,63.5
MKD,North Macedonia,Europe,2007,65.5
MKD,North Macedonia,Europe,2008,67.2
MKD,North Macedonia,Europe,2009,68.9
MKD,North Macedonia,Europe,2010,70.4
MKD,North Macedonia,Europe,2011,72.0
MKD,North Macedonia,Europe,2012,73.6
MKD,North Macedonia,Europe,2013,74.9
MKD,North Macedonia,Europe,2014,76.1
MKD,North Macedonia,Europe,2015,77.3
MKD,North Macedonia,Europe,2016,78.4
MKD,North Macedonia,Europe,2017,79.3
MKD,North Macedonia,Europe,2018,80.2
MKD,North Macedonia,Europe,2019,81.1
MKD,North Macedonia,Europe,2020,82.0
MKD,North Macedonia,Europe,2021,82.7
MKD,North Macedonia,Europe,2022,83.6
MKD,North Macedonia,Europe,2023,84.4
MKD,North Macedonia,Europe,2024,85.1
MLI,Mali,Africa,2000,4.4
MLI,Mali,Africa,2001,4.6
MLI,Mali,Africa,2002,4.7
MLI,Mali,Africa,2003,5.0
MLI,Mali,Africa,2004,5.4
MLI,Mali,Africa,2005,5.9
MLI,Mali,Africa,2006,6.5
MLI,Mali,Africa,2007,7.1
MLI,Mali,Africa,2008,7.6
MLI,Mali,Africa,2009,8.0
MLI,Mali,Africa,2010,8.4
MLI,Mali,Africa,2011,8.9
MLI,Mali,Africa,2012,9.4
MLI,Mali,Africa,2013,9.7
MLI,Mali,Africa,2014,10.0
MLI,Mali,Africa,2015,10.2
MLI,Mali,Africa,2016,10.3
MLI,Mali,Africa,2017,10.4
MLI,Mali,Africa,2018,10.4
MLI,Mali,Africa,2019,10.6
MLI,Mali,Africa,2020,10.8
MLI,Mali,Africa,2021,11.2
MLI,Mali,Africa,2022,11.5
MLI,Mali,Africa,2023,11.8
MLI,Mali,Africa,2024,12.1
MLT,Malta,Europe,2000,49.3
MLT,Malta,Europe,2001,50.5
MLT,Malta,Europe,2002,51.7
MLT,Malta,Europe,2003,53.1
MLT,Malta,Europe,2004,54.7
MLT,Malta,Europe,2005,56.5
MLT,Malta,Europe,2006,58.5
MLT,Malta,Europe,2007,60.5
MLT,Malta,Europe,2008,62.4
MLT,Malta,Europe,2009,64.2
MLT,Malta,Europe,2010,66.1
MLT,Malta,Europe,2011,67.9
MLT,Malta,Europe,2012,69.6
MLT,Malta,Europe,2013,71.2
MLT,Malta,Europe,2014,72.6
MLT,Malta,Europe,2015,73.6
MLT,Malta,Europe,2016,74.6
MLT,Malta,Europe,2017,75.5
MLT,Malta,Europe,2018,76.5
MLT,Malta,Europe,2019,77.6
MLT,Malta,Europe,2020,78.7
MLT,Malta,Europe,2021,79.8
MLT,Malta,Europe,2022,80.7
MLT,Malta,Europe,2023,81.8
MLT,Malta,Europe,2024,82.6
MMR,Myanmar,Asia,2000,11.4
MMR,Myanmar,Asia,2001,11.9
MMR,Myanmar,Asia,2002,12.7
MMR,Myanmar,Asia,2003,13.6
MMR,Myanmar,Asia,2004,14.3
MMR,Myanmar,Asia,2005,14.8
MMR,Myanmar,Asia,2006,15.3
MMR,Myanmar,Asia,2007,15.5
MMR,Myanmar,Asia,2008,15.6
MMR,Myanmar,Asia,2009,15.7
MMR,Myanmar,Asia,2010,16.2
MMR,Myanmar,Asia,2011,17.1
MMR,Myanmar,Asia,2012,18.1
MMR,Myanmar,Asia,2013,19.0
MMR,Myanmar,Asia,2014,19.6
MMR,Myanmar,Asia,2015,19.9
MMR,Myanmar,Asia,2016,20.0
MMR,Myanmar,Asia,2017,20.3
MMR,Myanmar,Asia,2018,20.8
MMR,Myanmar,Asia,2019,21.3
MMR,Myanmar,Asia,2020,21.8
MMR,Myanmar,Asia,2021,22.2
MMR,Myanmar,Asia,2022,22.7
MMR,Myanmar,Asia,2023,23.3
MMR,Myanmar,Asia,2024,23.8
MNE,Montenegro,Europe,2000,66.7
MNE,Montenegro,Europe,2001,67.6
MNE,Montenegro,Europe,2002,68.5
MNE,Montenegro,Europe,2003,69.2
MNE,Montenegro,Europe,2004,70.1
MNE,Montenegro,Europe,2005,71.2
MNE,Montenegro,Europe,2006,72.5
MNE,Montenegro,Europe,2007,73.8
MNE,Montenegro,Europe,2008,75.1
MNE,Montenegro,Europe,2009,76.5
MNE,Montenegro,Europe,2010,77.9
MNE,Montenegro,Europe,2011,79.2
MNE,Montenegro,Europe,2012,80.7
MNE,Montenegro,Europe,2013,82.0
MNE,Montenegro,Europe,2014,83.2
MNE,Montenegro,Europe,2015,84.2
MNE,Montenegro,Europe,2016,84.9
MNE,Montenegro,Europe,2017,85.6
MNE,Montenegro,Europe,2018,86.2
MNE,Montenegro,Europe,2019,86.7
MNE,Montenegro,Europe,2020,87.2
MNE,Montenegro,Europe,2021,87.6
MNE,Montenegro,Europe,2022,88.0
MNE,Montenegro,Europe,2023,88.4
MNE,Montenegro,Europe,2024,88.8
MNG,Mongolia,Asia,2000,41.8
MNG,Mongolia,Asia,2001,43.5
MNG,Mongolia,Asia,2002,45.8
MNG,Mongolia,Asia,2003,48.4
MNG,Mongolia,Asia,2004,51.3
MNG,Mongolia,Asia,2005,54.3
MNG,Mongolia,Asia,2006,57.4
MNG,Mongolia,Asia,2007,60.7
MNG,Mongolia,Asia,2008,64.0
MNG,Mongolia,Asia,2009,67.1
MNG,Mongolia,Asia,2010,69.7
MNG,Mongolia,Asia,2011,71.9
MNG,Mongolia,Asia,2012,73.5
MNG,Mongolia,Asia,2013,75.0
MNG,Mongolia,Asia,2014,76.6
MNG,Mongolia,Asia,2015,78.5
MNG,Mongolia,Asia,2016,80.5
MNG,Mongolia,Asia,2017,82.7
MNG,Mongolia,Asia,2018,84.7
MNG,Mongolia,Asia,2019,86.6
MNG,Mongolia,Asia,2020,88.2
MNG,Mongolia,Asia,2021,89.5
MNG,Mongolia,Asia,2022,90.4
MNG,Mongolia,Asia,2023,91.4
MNG,Mongolia,Asia,2024,92.2
MOZ,Mozambique,Africa,2000,2.9
MOZ,Mozambique,Africa,2001,3.1
MOZ,Mozambique,Africa,2002,3.2
MOZ,Mozambique,Africa,2003,3.3
MOZ,Mozambique,Africa,2004,3.4
MOZ,Mozambique,Africa,2005,3.5
MOZ,Mozambique,Africa,2006,3.7
MOZ,Mozambique,Africa,2007,3.8
MOZ,Mozambique,Africa,2008,3.9
MOZ,Mozambique,Africa,2009,4.0
MOZ,Mozambique,Africa,2010,4.2
MOZ,Mozambique,Africa,2011,4.4
MOZ,Mozambique,Africa,2012,4.6
MOZ,Mozambique,Africa,2013,4.8
MOZ,Mozambique,Africa,2014,4.9
MOZ,Mozambique,Africa,2015,5.0
MOZ,Mozambique,Africa,2016,5.2
MOZ,Mozambique,Africa,2017,5.4
MOZ,Mozambique,Africa,2018,5.7
MOZ,Mozambique,Africa,2019,6.1
MOZ,Mozambique,Africa,2020,6.5
MOZ,Mozambique,Africa,2021,7.0
MOZ,Mozambique,Africa,2022,7.6
MOZ,Mozambique,Africa,2023,8.0
MOZ,Mozambique,Africa,2024,8.3
MRT,Mauritania,Africa,2000,6.2
MRT,Mauritania,Africa,2001,6.0
MRT,Mauritania,Africa,2002,5.9
MRT,Mauritania,Africa,2003,5.8
MRT,Mauritania,Africa,2004,5.9
MRT,Mauritania,Africa,2005,5.9
MRT,Mauritania,Africa,2006,6.1
MRT,Mauritania,Africa,2007,6.4
MRT,Mauritania,Africa,2008,6.8
MRT,Mauritania,Africa,2009,7.4
MRT,Mauritania,Africa,2010,8.1
MRT,Mauritania,Africa,2011,8.9
MRT,Mauritania,Africa,2012,10.1
MRT,Mauritania,Africa,2013,11.6
MRT,Mauritania,Africa,2014,13.2
MRT,Mauritania,Africa,2015,14.8
MRT,Mauritania,Africa,2016,16.3
MRT,Mauritania,Africa,2017,17.6
MRT,Mauritania,Africa,2018,18.8
MRT,Mauritania,Africa,2019,19.8
MRT,Mauritania,Africa,2020,20.7
MRT,Mauritania,Africa,2021,21.3
MRT,Mauritania,Africa,2022,21.9
MRT,Mauritania,Africa,2023,22.5
MRT,Mauritania,Africa,2024,23.3
MUS,Mauritius,Africa,2000,19.7
MUS,Mauritius,Africa,2001,20.8
MUS,Mauritius,Africa,2002,21.9
MUS,Mauritius,Africa,2003,23.3
MUS,Mauritius,Africa,2004,24.9
MUS,Mauritius,Africa,2005,26.8
MUS,Mauritius,Africa,2006,29.0
MUS,Mauritius,Africa,2007,31.3
MUS,Mauritius,Africa,2008,33.7
MUS,Mauritius,Africa,2009,36.1
MUS,Mauritius,Africa,2010,38.7
MUS,Mauritius,Africa,2011,41.3
MUS,Mauritius,Africa,2012,43.5
MUS,Mauritius,Africa,2013,45.2
MUS,Mauritius,Africa,2014,46.6
MUS,Mauritius,Africa,2015,48.1
MUS,Mauritius,Africa,2016,49.4
MUS,Mauritius,Africa,2017,50.9
MUS,Mauritius,Africa,2018,52.4
MUS,Mauritius,Africa,2019,53.8
MUS,Mauritius,Africa,2020,55.2
MUS,Mauritius,Africa,2021,56.5
MUS,Mauritius,Africa,2022,57.8
MUS,Mauritius,Africa,2023,59.0
MUS,Mauritius,Africa,2024,60.4
MWI,Malawi,Africa,2000,9.2
MWI,Malawi,Africa,2001,9.3
MWI,Malawi,Africa,2002,9.3
MWI,Malawi,Africa,2003,9.4
MWI,Malawi,Africa,2004,9.6
MWI,Malawi,Africa,2005,10.0
MWI,Malawi,Africa,2006,10.4
MWI,Malawi,Africa,2007,10.9
MWI,Malawi,Africa,2008,11.4
MWI,Malawi,Africa,2009,11.9
MWI,Malawi,Africa,2010,12.3
MWI,Malawi,Africa,2011,12.6
MWI,Malawi,Africa,2012,12.7
MWI,Malawi,Africa,2013,12.8
MWI,Malawi,Africa,2014,12.9
MWI,Malawi,Africa,2015,13.1
MWI,Malawi,Africa,2016,13.4
MWI,Malawi,Africa,2017,13.8
MWI,Malawi,Africa,2018,14.2
MWI,Malawi,Africa,2019,14.5
MWI,Malawi,Africa,2020,14.6
MWI,Malawi,Africa,2021,14.7
MWI,Malawi,Africa,2022,14.9
MWI,Malawi,Africa,2023,15.3
MWI,Malawi,Africa,2024,15.7
MYS,Malaysia,Asia,2000,28.2
MYS,Malaysia,Asia,2001,30.7
MYS,Malaysia,Asia,2002,32.7
MYS,Malaysia,Asia,2003,34.1
MYS,Malaysia,Asia,2004,35.4
MYS,Malaysia,Asia,2005,36.7
MYS,Malaysia,Asia,2006,38.2
MYS,Malaysia,Asia,2007,39.5
MYS,Malaysia,Asia,2008,40.9
MYS,Malaysia,Asia,2009,42.2
MYS,Malaysia,Asia,2010,43.5
MYS,Malaysia,Asia,2011,44.8
MYS,Malaysia,Asia,2012,46.0
MYS,Malaysia,Asia,2013,47.3
MYS,Malaysia,Asia,2014,48.8
MYS,Malaysia,Asia,2015,50.1
MYS,Malaysia,Asia,2016,51.3
MYS,Malaysia,Asia,2017,52.6
MYS,Malaysia,Asia,2018,54.0
MYS,Malaysia,Asia,2019,55.5
MYS,Malaysia,Asia,2020,56.9
MYS,Malaysia,Asia,2021,58.3
MYS,Malaysia,Asia,2022,59.7
MYS,Malaysia,Asia,2023,61.0
MYS,Malaysia,Asia,2024,62.3
NAM,Namibia,Africa,2000,24.7
NAM,Namibia,Africa,2001,24.6
NAM,Namibia,Africa,2002,24.2
NAM,Namibia,Africa,2003,23.6
NAM,Namibia,Africa,2004,23.3
NAM,Namibia,Africa,2005,23.3
NAM,Namibia,Africa,2006,23.7
NAM,Namibia,Africa,2007,24.3
NAM,Namibia,Africa,2008,25.2
NAM,Namibia,Africa,2009,26.3
NAM,Namibia,Africa,2010,27.5
NAM,Namibia,Africa,2011,28.8
NAM,Namibia,Africa,2012,29.8
NAM,Namibia,Africa,2013,30.7
NAM,Namibia,Africa,2014,31.4
NAM,Namibia,Africa,2015,31.9
NAM,Namibia,Africa,2016,32.4
NAM,Namibia,Africa,2017,33.0
NAM,Namibia,Africa,2018,33.6
NAM,Namibia,Africa,2019,34.1
NAM,Namibia,Africa,2020,34.5
NAM,Namibia,Africa,2021,35.2
NAM,Namibia,Africa,2022,35.5
NAM,Namibia,Africa,2023,36.0
NAM,Namibia,Africa,2024,36.5
NER,Niger,Africa,2000,2.2
NER,Niger,Africa,2001,2.1
NER,Niger,Africa,2002,2.1
NER,Niger,Africa,2003,2.1
NER,Niger,Africa,2004,2.1
NER,Niger,Africa,2005,2.1
NER,Niger,Africa,2006,2.0
NER,Niger,Africa,2007,2.0
NER,Niger,Africa,2008,2.1
NER,Niger,Africa,2009,2.2
NER,Niger,Africa,2010,2.4
NER,Niger,Africa,2011,2.5
NER,Niger,Africa,2012,2.6
NER,Niger,Africa,2013,2.8
NER,Niger,Africa,2014,3.0
NER,Niger,Africa,2015,3.3
NER,Niger,Africa,2016,3.6
NER,Niger,Africa,2017,3.9
NER,Niger,Africa,2018,4.1
NER,Niger,Africa,2019,4.3
NER,Niger,Africa,2020,4.4
NER,Niger,Africa,2021,4.6
NER,Niger,Africa,2022,4.7
NER,Niger,Africa,2023,4.8
NER,Niger,Africa,2024,4.9
NGA,Nigeria,Africa,2000,50.9
NGA,Nigeria,Africa,2001,51.5
NGA,Nigeria,Africa,2002,52.5
NGA,Nigeria,Africa,2003,53.8
NGA,Nigeria,Africa,2004,55.3
NGA,Nigeria,Africa,2005,56.1
NGA,Nigeria,Africa,2006,56.5
NGA,Nigeria,Africa,2007,56.6
NGA,Nigeria,Africa,2008,56.7
NGA,Nigeria,Africa,2009,57.0
NGA,Nigeria,Africa,2010,57.1
NGA,Nigeria,Africa,2011,57.1
NGA,Nigeria,Africa,2012,57.2
NGA,Nigeria,Africa,2013,57.6
NGA,Nigeria,Africa,2014,58.3
NGA,Nigeria,Africa,2015,58.9
NGA,Nigeria,Africa,2016,59.3
NGA,Nigeria,Africa,2017,59.7
NGA,Nigeria,Africa,2018,60.2
NGA,Nigeria,Africa,2019,60.9
NGA,Nigeria,Africa,2020,61.7
NGA,Nigeria,Africa,2021,62.3
NGA,Nigeria,Africa,2022,62.9
NGA,Nigeria,Africa,2023,63.4
NGA,Nigeria,Africa,2024,64.0
NIC,Nicaragua,North America,2000,24.8
NIC,Nicaragua,North America,2001,25.2
NIC,Nicaragua,North America,2002,25.6
NIC,Nicaragua,North America,2003,26.2
NIC,Nicaragua,North America,2004,27.2
NIC,Nicaragua,North America,2005,28.3
NIC,Nicaragua,North America,2006,29.1
NIC,Nicaragua,North America,2007,29.8
NIC,Nicaragua,North America,2008,30.2
NIC,Nicaragua,North America,2009,30.7
NIC,Nicaragua,North America,2010,31.1
NIC,Nicaragua,North America,2011,31.6
NIC,Nicaragua,North America,2012,32.1
NIC,Nicaragua,North America,2013,32.5
NIC,Nicaragua,North America,2014,33.0
NIC,Nicaragua,North America,2015,33.6
NIC,Nicaragua,North America,2016,34.0
NIC,Nicaragua,North America,2017,34.5
NIC,Nicaragua,North America,2018,35.1
NIC,Nicaragua,North America,2019,35.5
NIC,Nicaragua,North America,2020,36.1
NIC,Nicaragua,North America,2021,36.6
NIC,Nicaragua,North America,2022,37.1
NIC,Nicaragua,North America,2023,37.7
NIC,Nicaragua,North America,2024,38.3
NLD,Netherlands,Europe,2000,71.4
NLD,Netherlands,Europe,2001,71.5
NLD,Netherlands,Europe,2002,71.7
NLD,Netherlands,Europe,2003,71.9
NLD,Netherlands,Europe,2004,72.3
NLD,Netherlands,Europe,2005,72.7
NLD,Netherlands,Europe,2006,73.2
NLD,Netherlands,Europe,2007,73.7
NLD,Netherlands,Europe,2008,74.4
NLD,Netherlands,Europe,2009,75.0
NLD,Netherlands,Europe,2010,75.3
NLD,Netherlands,Europe,2011,75.8
NLD,Netherlands,Europe,2012,76.1
NLD,Netherlands,Europe,2013,76.3
NLD,Netherlands,Europe,2014,76.4
NLD,Netherlands,Europe,2015,76.6
NLD,Netherlands,Europe,2016,76.8
NLD,Netherlands,Europe,2017,76.9
NLD,Netherlands,Europe,2018,77.0
NLD,Netherlands,Europe,2019,77.3
NLD,Netherlands,Europe,2020,77.6
NLD,Netherlands,Europe,2021,78.0
NLD,Netherlands,Europe,2022,78.4
NLD,Netherlands,Europe,2023,78.8
NLD,Netherlands,Europe,2024,79.2
NOR,Norway,Europe,2000,80.5
NOR,Norway,Europe,2001,80.4
NOR,Norway,Europe,2002,80.1
NOR,Norway,Europe,2003,79.8
NOR,Norway,Europe,2004,79.5
NOR,Norway,Europe,2005,79.2
NOR,Norway,Europe,2006,78.8
NOR,Norway,Europe,2007,78.4
NOR,Norway,Europe,2008,78.0
NOR,Norway,Europe,2009,77.7
NOR,Norway,Europe,2010,77.3
NOR,Norway,Europe,2011,77.1
NOR,Norway,Europe,2012,77.0
NOR,Norway,Europe,2013,77.2
NOR,Norway,Europe,2014,77.6
NOR,Norway,Europe,2015,78.0
NOR,Norway,Europe,2016,78.4
NOR,Norway,Europe,2017,78.7
NOR,Norway,Europe,2018,79.2
NOR,Norway,Europe,2019,79.5
NOR,Norway,Europe,2020,79.8
NOR,Norway,Europe,2021,80.0
NOR,Norway,Europe,2022,80.3
NOR,Norway,Europe,2023,80.6
NOR,Norway,Europe,2024,80.9
NPL,Nepal,Asia,2000,13.7
NPL,Nepal,Asia,2001,14.3
NPL,Nepal,Asia,2002,14.8
NPL,Nepal,Asia,2003,15.2
NPL,Nepal,Asia,2004,15.9
NPL,Nepal,Asia,2005,17.0
NPL,Nepal,Asia,2006,18.3
NPL,Nepal,Asia,2007,20.0
NPL,Nepal,Asia,2008,22.1
NPL,Nepal,Asia,2009,24.4
NPL,Nepal,Asia,2010,26.8
NPL,Nepal,Asia,2011,28.9
NPL,Nepal,Asia,2012,30.3
NPL,Nepal,Asia,2013,31.1
NPL,Nepal,Asia,2014,31.5
NPL,Nepal,Asia,2015,32.3
NPL,Nepal,Asia,2016,33.6
NPL,Nepal,Asia,2017,35.2
NPL,Nepal,Asia,2018,37.2
NPL,Nepal,Asia,2019,39.5
NPL,Nepal,Asia,2020,42.0
NPL,Nepal,Asia,2021,44.5
NPL,Nepal,Asia,2022,46.8
NPL,Nepal,Asia,2023,48.8
NPL,Nepal,Asia,2024,50.4
NRU,Nauru,Oceania,2000,77.1
NRU,Nauru,Oceania,2001,77.6
NRU,Nauru,Oceania,2002,77.8
NRU,Nauru,Oceania,2003,78.1
NRU,Nauru,Oceania,2004,78.4
NRU,Nauru,Oceania,2005,78.6
NRU,Nauru,Oceania,2006,78.8
NRU,Nauru,Oceania,2007,78.9
NRU,Nauru,Oceania,2008,79.0
NRU,Nauru,Oceania,2009,79.1
NRU,Nauru,Oceania,2010,79.3
NRU,Nauru,Oceania,2011,79.5
NRU,Nauru,Oceania,2012,79.9
NRU,Nauru,Oceania,2013,80.2
NRU,Nauru,Oceania,2014,80.5
NRU,Nauru,Oceania,2015,80.8
NRU,Nauru,Oceania,2016,81.1
NRU,Nauru,Oceania,2017,81.2
NRU,Nauru,Oceania,2018,81.4
NRU,Nauru,Oceania,2019,81.4
NRU,Nauru,Oceania,2020,81.4
NRU,Nauru,Oceania,2021,81.5
NRU,Nauru,Oceania,2022,81.6
NRU,Nauru,Oceania,2023,81.9
NRU,Nauru,Oceania,2024,82.1
PAK,Pakistan,Asia,2000,13.0
PAK,Pakistan,Asia,2001,13.5
PAK,Pakistan,Asia,2002,13.9
PAK,Pakistan,Asia,2003,14.1
PAK,Pakistan,Asia,2004,14.4
PAK,Pakistan,Asia,2005,14.7
PAK,Pakistan,Asia,2006,15.2
PAK,Pakistan,Asia,2007,16.0
PAK,Pakistan,Asia,2008,16.9
PAK,Pakistan,Asia,2009,17.8
PAK,Pakistan,Asia,2010,18.5
PAK,Pakistan,Asia,2011,19.2
PAK,Pakistan,Asia,2012,20.0
PAK,Pakistan,Asia,2013,20.6
PAK,Pakistan,Asia,2014,21.0
PAK,Pakistan,Asia,2015,21.4
PAK,Pakistan,Asia,2016,21.9
PAK,Pakistan,Asia,2017,22.4
PAK,Pakistan,Asia,2018,22.9
PAK,Pakistan,Asia,2019,23.4
PAK,Pakistan,Asia,2020,23.8
PAK,Pakistan,Asia,2021,24.4
PAK,Pakistan,Asia,2022,25.1
PAK,Pakistan,Asia,2023,25.6
PAK,Pakistan,Asia,2024,26.2
PAN,Panama,North America,2000,47.8
PAN,Panama,North America,2001,48.4
PAN,Panama,North America,2002,48.8
PAN,Panama,North America,2003,49.5
PAN,Panama,North America,2004,50.3
PAN,Panama,North America,2005,50.7
PAN,Panama,North America,2006,51.2
PAN,Panama,North America,2007,52.1
PAN,Panama,North America,2008,53.1
PAN,Panama,North America,2009,54.1
PAN,Panama,North America,2010,55.0
PAN,Panama,North America,2011,56.0
PAN,Panama,North America,2012,56.8
PAN,Panama,North America,2013,57.8
PAN,Panama,North America,2014,58.5
PAN,Panama,North America,2015,59.2
PAN,Panama,North America,2016,59.7
PAN,Panama,North America,2017,60.2
PAN,Panama,North America,2018,60.7
PAN,Panama,North America,2019,61.2
PAN,Panama,North America,2020,61.7
PAN,Panama,North America,2021,62.2
PAN,Panama,North America,2022,62.8
PAN,Panama,North America,2023,63.4
PAN,Panama,North America,2024,63.9
PER,Peru,South America,2000,62.8
PER,Peru,South America,2001,63.8
PER,Peru,South America,2002,64.6
PER,Peru,South America,2003,65.3
PER,Peru,South America,2004,66.1
PER,Peru,South America,2005,67.2
PER,Peru,South America,2006,68.5
PER,Peru,South America,2007,69.9
PER,Peru,South America,2008,71.3
PER,Peru,South America,2009,72.2
PER,Peru,South America,2010,73.1
PER,Peru,South America,2011,74.0
PER,Peru,South America,2012,75.0
PER,Peru,South America,2013,75.7
PER,Peru,South America,2014,76.5
PER,Peru,South America,2015,77.5
PER,Peru,South America,2016,79.0
PER,Peru,South America,2017,80.4
PER,Peru,South America,2018,81.9
PER,Peru,South America,2019,82.7
PER,Peru,South America,2020,83.6
PER,Peru,South America,2021,84.3
PER,Peru,South America,2022,85.0
PER,Peru,South America,2023,85.6
PER,Peru,South America,2024,86.2
PHL,Philippines,Asia,2000,60.4
PHL,Philippines,Asia,2001,61.0
PHL,Philippines,Asia,2002,61.2
PHL,Philippines,Asia,2003,61.4
PHL,Philippines,Asia,2004,61.7
PHL,Philippines,Asia,2005,61.7
PHL,Philippines,Asia,2006,61.9
PHL,Philippines,Asia,2007,62.4
PHL,Philippines,Asia,2008,63.0
PHL,Philippines,Asia,2009,64.0
PHL,Philippines,Asia,2010,64.9
PHL,Philippines,Asia,2011,65.8
PHL,Philippines,Asia,2012,66.3
PHL,Philippines,Asia,2013,67.1
PHL,Philippines,Asia,2014,67.8
PHL,Philippines,Asia,2015,68.6
PHL,Philippines,Asia,2016,69.2
PHL,Philippines,Asia,2017,69.5
PHL,Philippines,Asia,2018,69.7
PHL,Philippines,Asia,2019,70.1
PHL,Philippines,Asia,2020,70.6
PHL,Philippines,Asia,2021,71.1
PHL,Philippines,Asia,2022,71.6
PHL,Philippines,Asia,2023,72.1
PHL,Philippines,Asia,2024,72.6
PNG,Papua New Guinea,Oceania,2000,9.0
PNG,Papua New Guinea,Oceania,2001,9.0
PNG,Papua New Guinea,Oceania,2002,9.0
PNG,Papua New Guinea,Oceania,2003,9.2
PNG,Papua New Guinea,Oceania,2004,9.4
PNG,Papua New Guinea,Oceania,2005,9.7
PNG,Papua New Guinea,Oceania,2006,10.1
PNG,Papua New Guinea,Oceania,2007,10.4
PNG,Papua New Guinea,Oceania,2008,10.7
PNG,Papua New Guinea,Oceania,2009,11.1
PNG,Papua New Guinea,Oceania,2010,11.5
PNG,Papua New Guinea,Oceania,2011,11.8
PNG,Papua New Guinea,Oceania,2012,12.2
PNG,Papua New Guinea,Oceania,2013,12.5
PNG,Papua New Guinea,Oceania,2014,12.9
PNG,Papua New Guinea,Oceania,2015,13.2
PNG,Papua New Guinea,Oceania,2016,13.5
PNG,Papua New Guinea,Oceania,2017,13.8
PNG,Papua New Guinea,Oceania,2018,14.0
PNG,Papua New Guinea,Oceania,2019,14.2
PNG,Papua New Guinea,Oceania,2020,14.4
PNG,Papua New Guinea,Oceania,2021,14.5
PNG,Papua New Guinea,Oceania,2022,14.7
PNG,Papua New Guinea,Oceania,2023,14.8
PNG,Papua New Guinea,Oceania,2024,15.1
POL,Poland,Europe,2000,91.3
POL,Poland,Europe,2001,91.6
POL,Poland,Europe,2002,91.9
POL,Poland,Europe,2003,92.1
POL,Poland,Europe,2004,92.3
POL,Poland,Europe,2005,92.5
POL,Poland,Europe,2006,92.7
POL,Poland,Europe,2007,92.6
POL,Poland,Europe,2008,92.4
POL,Poland,Europe,2009,92.0
POL,Poland,Europe,2010,91.5
POL,Poland,Europe,2011,91.1
POL,Poland,Europe,2012,90.9
POL,Poland,Europe,2013,90.9
POL,Poland,Europe,2014,90.9
POL,Poland,Europe,2015,90.9
POL,Poland,Europe,2016,90.9
POL,Poland,Europe,2017,90.8
POL,Poland,Europe,2018,90.8
POL,Poland,Europe,2019,90.9
POL,Poland,Europe,2020,91.0
POL,Poland,Europe,2021,91.1
POL,Poland,Europe,2022,91.3
POL,Poland,Europe,2023,91.4
POL,Poland,Europe,2024,91.5
PRT,Portugal,Europe,2000,47.4
PRT,Portugal,Europe,2001,48.8
PRT,Portugal,Europe,2002,50.0
PRT,Portugal,Europe,2003,50.8
PRT,Portugal,Europe,2004,51.4
PRT,Portugal,Europe,2005,51.9
PRT,Portugal,Europe,2006,52.5
PRT,Portugal,Europe,2007,53.9
PRT,Portugal,Europe,2008,55.8
PRT,Portugal,Europe,2009,58.0
PRT,Portugal,Europe,2010,60.2
PRT,Portugal,Europe,2011,61.9
PRT,Portugal,Europe,2012,63.9
PRT,Portugal,Europe,2013,66.1
PRT,Portugal,Europe,2014,68.5
PRT,Portugal,Europe,2015,70.7
PRT,Portugal,Europe,2016,72.6
PRT,Portugal,Europe,2017,74.3
PRT,Portugal,Europe,2018,75.7
PRT,Portugal,Europe,2019,76.9
PRT,Portugal,Europe,2020,78.1
PRT,Portugal,Europe,2021,79.1
PRT,Portugal,Europe,2022,80.3
PRT,Portugal,Europe,2023,81.3
PRT,Portugal,Europe,2024,82.3
PRY,Paraguay,South America,2000,46.3
PRY,Paraguay,South America,2001,48.6
PRY,Paraguay,South America,2002,50.5
PRY,Paraguay,South America,2003,52.4
PRY,Paraguay,South America,2004,53.9
PRY,Paraguay,South America,2005,55.2
PRY,Paraguay,South America,2006,56.0
PRY,Paraguay,South America,2007,56.4
PRY,Paraguay,South America,2008,56.7
PRY,Paraguay,South America,2009,57.0
PRY,Paraguay,South America,2010,57.6
PRY,Paraguay,South America,2011,58.3
PRY,Paraguay,South America,2012,59.1
PRY,Paraguay,South America,2013,59.7
PRY,Paraguay,South America,2014,60.6
PRY,Paraguay,South America,2015,61.3
PRY,Paraguay,South America,2016,62.1
PRY,Paraguay,South America,2017,63.0
PRY,Paraguay,South America,2018,63.6
PRY,Paraguay,South America,2019,64.1
PRY,Paraguay,South America,2020,64.7
PRY,Paraguay,South America,2021,65.4
PRY,Paraguay,South America,2022,66.3
PRY,Paraguay,South America,2023,66.9
PRY,Paraguay,South America,2024,67.7
PSE,Palestinian Territory,Asia,2000,62.8
PSE,Palestinian Territory,Asia,2001,64.5
PSE,Palestinian Territory,Asia,2002,66.2
PSE,Palestinian Territory,Asia,2003,67.9
PSE,Palestinian Territory,Asia,2004,69.9
PSE,Palestinian Territory,Asia,2005,72.1
PSE,Palestinian Territory,Asia,2006,74.4
PSE,Palestinian Territory,Asia,2007,76.6
PSE,Palestinian Territory,Asia,2008,78.4
PSE,Palestinian Territory,Asia,2009,79.7
PSE,Palestinian Territory,Asia,2010,80.3
PSE,Palestinian Territory,Asia,2011,80.2
PSE,Palestinian Territory,Asia,2012,79.7
PSE,Palestinian Territory,Asia,2013,79.2
PSE,Palestinian Territory,Asia,2014,78.9
PSE,Palestinian Territory,Asia,2015,78.8
PSE,Palestinian Territory,Asia,2016,79.0
PSE,Palestinian Territory,Asia,2017,79.3
PSE,Palestinian Territory,Asia,2018,79.7
PSE,Palestinian Territory,Asia,2019,80.3
PSE,Palestinian Territory,Asia,2020,81.0
PSE,Palestinian Territory,Asia,2021,81.7
PSE,Palestinian Territory,Asia,2022,82.5
PSE,Palestinian Territory,Asia,2023,83.3
PSE,Palestinian Territory,Asia,2024,83.9
QAT,Qatar,Asia,2000,76.6
QAT,Qatar,Asia,2001,76.7
QAT,Qatar,Asia,2002,76.9
QAT,Qatar,Asia,2003,77.2
QAT,Qatar,Asia,2004,77.6
QAT,Qatar,Asia,2005,78.1
QAT,Qatar,Asia,2006,78.6
QAT,Qatar,Asia,2007,79.3
QAT,Qatar,Asia,2008,79.9
QAT,Qatar,Asia,2009,80.6
QAT,Qatar,Asia,2010,81.3
QAT,Qatar,Asia,2011,81.9
QAT,Qatar,Asia,2012,82.5
QAT,Qatar,Asia,2013,83.0
QAT,Qatar,Asia,2014,83.3
QAT,Qatar,Asia,2015,83.7
QAT,Qatar,Asia,2016,84.0
QAT,Qatar,Asia,2017,84.2
QAT,Qatar,Asia,2018,84.6
QAT,Qatar,Asia,2019,84.8
QAT,Qatar,Asia,2020,85.1
QAT,Qatar,Asia,2021,85.4
QAT,Qatar,Asia,2022,85.7
QAT,Qatar,Asia,2023,86.0
QAT,Qatar,Asia,2024,86.3
ROU,Romania,Europe,2000,73.2
ROU,Romania,Europe,2001,73.8
ROU,Romania,Europe,2002,74.6
ROU,Romania,Europe,2003,75.1
ROU,Romania,Europe,2004,75.4
ROU,Romania,Europe,2005,75.8
ROU,Romania,Europe,2006,76.1
ROU,Romania,Europe,2007,76.3
ROU,Romania,Europe,2008,76.3
ROU,Romania,Europe,2009,76.3
ROU,Romania,Europe,2010,76.6
ROU,Romania,Europe,2011,77.1
ROU,Romania,Europe,2012,77.5
ROU,Romania,Europe,2013,78.0
ROU,Romania,Europe,2014,78.6
ROU,Romania,Europe,2015,79.1
ROU,Romania,Europe,2016,79.4
ROU,Romania,Europe,2017,79.5
ROU,Romania,Europe,2018,79.8
ROU,Romania,Europe,2019,80.2
ROU,Romania,Europe,2020,80.5
ROU,Romania,Europe,2021,80.7
ROU,Romania,Europe,2022,80.9
ROU,Romania,Europe,2023,81.1
ROU,Romania,Europe,2024,81.4
RUS,Russia,Asia,2000,85.5
RUS,Russia,Asia,2001,86.4
RUS,Russia,Asia,2002,87.0
RUS,Russia,Asia,2003,87.2
RUS,Russia,Asia,2004,87.3
RUS,Russia,Asia,2005,87.3
RUS,Russia,Asia,2006,87.2
RUS,Russia,Asia,2007,87.2
RUS,Russia,Asia,2008,87.1
RUS,Russia,Asia,2009,87.3
RUS,Russia,Asia,2010,87.7
RUS,Russia,Asia,2011,88.2
RUS,Russia,Asia,2012,88.6
RUS,Russia,Asia,2013,89.0
RUS,Russia,Asia,2014,89.4
RUS,Russia,Asia,2015,89.8
RUS,Russia,Asia,2016,89.9
RUS,Russia,Asia,2017,90.1
RUS,Russia,Asia,2018,90.2
RUS,Russia,Asia,2019,90.3
RUS,Russia,Asia,2020,90.5
RUS,Russia,Asia,2021,90.8
RUS,Russia,Asia,2022,91.0
RUS,Russia,Asia,2023,91.2
RUS,Russia,Asia,2024,91.4
RWA,Rwanda,Africa,2000,4.2
RWA,Rwanda,Africa,2001,4.4
RWA,Rwanda,Africa,2002,4.6
RWA,Rwanda,Africa,2003,4.8
RWA,Rwanda,Africa,2004,4.9
RWA,Rwanda,Africa,2005,5.3
RWA,Rwanda,Africa,2006,5.8
RWA,Rwanda,Africa,2007,6.6
RWA,Rwanda,Africa,2008,7.4
RWA,Rwanda,Africa,2009,8.2
RWA,Rwanda,Africa,2010,8.8
RWA,Rwanda,Africa,2011,9.4
RWA,Rwanda,Africa,2012,10.0
RWA,Rwanda,Africa,2013,10.7
RWA,Rwanda,Africa,2014,11.7
RWA,Rwanda,Africa,2015,12.8
RWA,Rwanda,Africa,2016,13.8
RWA,Rwanda,Africa,2017,14.6
RWA,Rwanda,Africa,2018,15.5
RWA,Rwanda,Africa,2019,16.5
RWA,Rwanda,Africa,2020,17.6
RWA,Rwanda,Africa,2021,18.7
RWA,Rwanda,Africa,2022,19.8
RWA,Rwanda,Africa,2023,20.8
RWA,Rwanda,Africa,2024,21.8
SDN,Sudan,Africa,2000,18.5
SDN,Sudan,Africa,2001,18.7
SDN,Sudan,Africa,2002,19.0
SDN,Sudan,Africa,2003,19.5
SDN,Sudan,Africa,2004,20.3
SDN,Sudan,Africa,2005,21.3
SDN,Sudan,Africa,2006,22.4
SDN,Sudan,Africa,2007,23.5
SDN,Sudan,Africa,2008,24.6
SDN,Sudan,Africa,2009,25.9
SDN,Sudan,Africa,2010,27.1
SDN,Sudan,Africa,2011,27.9
SDN,Sudan,Africa,2012,28.4
SDN,Sudan,Africa,2013,28.7
SDN,Sudan,Africa,2014,29.0
SDN,Sudan,Africa,2015,29.3
SDN,Sudan,Africa,2016,29.5
SDN,Sudan,Africa,2017,30.0
SDN,Sudan,Africa,2018,30.3
SDN,Sudan,Africa,2019,30.9
SDN,Sudan,Africa,2020,31.5
SDN,Sudan,Africa,2021,32.1
SDN,Sudan,Africa,2022,32.7
SDN,Sudan,Africa,2023,33.3
SDN,Sudan,Africa,2024,33.9
SEN,Senegal,Africa,2000,4.6
SEN,Senegal,Africa,2001,4.6
SEN,Senegal,Africa,2002,4.7
SEN,Senegal,Africa,2003,4.8
SEN,Senegal,Africa,2004,4.9
SEN,Senegal,Africa,2005,5.1
SEN,Senegal,Africa,2006,5.3
SEN,Senegal,Africa,2007,5.6
SEN,Senegal,Africa,2008,6.0
SEN,Senegal,Africa,2009,6.4
SEN,Senegal,Africa,2010,6.9
SEN,Senegal,Africa,2011,7.3
SEN,Senegal,Africa,2012,7.7
SEN,Senegal,Africa,2013,8.1
SEN,Senegal,Africa,2014,8.6
SEN,Senegal,Africa,2015,9.1
SEN,Senegal,Africa,2016,9.7
SEN,Senegal,Africa,2017,10.2
SEN,Senegal,Africa,2018,10.9
SEN,Senegal,Africa,2019,11.6
SEN,Senegal,Africa,2020,12.2
SEN,Senegal,Africa,2021,12.9
SEN,Senegal,Africa,2022,13.5
SEN,Senegal,Africa,2023,14.1
SEN,Senegal,Africa,2024,14.6
SLE,Sierra Leone,Africa,2000,6.1
SLE,Sierra Leone,Africa,2001,6.3
SLE,Sierra Leone,Africa,2002,6.7
SLE,Sierra Leone,Africa,2003,7.1
SLE,Sierra Leone,Africa,2004,7.5
SLE,Sierra Leone,Africa,2005,8.1
SLE,Sierra Leone,Africa,2006,8.6
SLE,Sierra Leone,Africa,2007,9.4
SLE,Sierra Leone,Africa,2008,10.0
SLE,Sierra Leone,Africa,2009,10.6
SLE,Sierra Leone,Africa,2010,11.1
SLE,Sierra Leone,Africa,2011,11.6
SLE,Sierra Leone,Africa,2012,12.2
SLE,Sierra Leone,Africa,2013,12.8
SLE,Sierra Leone,Africa,2014,13.2
SLE,Sierra Leone,Africa,2015,13.4
SLE,Sierra Leone,Africa,2016,13.5
SLE,Sierra Leone,Africa,2017,13.5
SLE,Sierra Leone,Africa,2018,13.4
SLE,Sierra Leone,Africa,2019,13.2
SLE,Sierra Leone,Africa,2020,13.3
SLE,Sierra Leone,Africa,2021,13.4
SLE,Sierra Leone,Africa,2022,13.6
SLE,Sierra Leone,Africa,2023,13.8
SLE,Sierra Leone,Africa,2024,14.1
SLV,El Salvador,North America,2000,26.7
SLV,El Salvador,North America,2001,26.8
SLV,El Salvador,North America,2002,27.0
SLV,El Salvador,North America,2003,27.3
SLV,El Salvador,North America,2004,27.8
SLV,El Salvador,North America,2005,28.6
SLV,El Salvador,North America,2006,29.5
SLV,El Salvador,North America,2007,30.7
SLV,El Salvador,North America,2008,31.9
SLV,El Salvador,North America,2009,32.9
SLV,El Salvador,North America,2010,33.8
SLV,El Salvador,North America,2011,34.4
SLV,El Salvador,North America,2012,34.7
SLV,El Salvador,North America,2013,34.7
SLV,El Salvador,North America,2014,34.5
SLV,El Salvador,North America,2015,34.3
SLV,El Salvador,North America,2016,34.0
SLV,El Salvador,North America,2017,33.6
SLV,El Salvador,North America,2018,33.4
SLV,El Salvador,North America,2019,33.5
SLV,El Salvador,North America,2020,33.7
SLV,El Salvador,North America,2021,34.1
SLV,El Salvador,North America,2022,34.6
SLV,El Salvador,North America,2023,35.0
SLV,El Salvador,North America,2024,35.3
SOM,Somalia,Africa,2000,6.0
SOM,Somalia,Africa,2001,6.0
SOM,Somalia,Africa,2002,6.0
SOM,Somalia,Africa,2003,6.1
SOM,Somalia,Africa,2004,6.2
SOM,Somalia,Africa,2005,6.4
SOM,Somalia,Africa,2006,6.5
SOM,Somalia,Africa,2007,6.6
SOM,Somalia,Africa,2008,6.8
SOM,Somalia,Africa,2009,6.9
SOM,Somalia,Africa,2010,6.9
SOM,Somalia,Africa,2011,7.0
SOM,Somalia,Africa,2012,7.2
SOM,Somalia,Africa,2013,7.3
SOM,Somalia,Africa,2014,7.4
SOM,Somalia,Africa,2015,7.5
SOM,Somalia,Africa,2016,7.6
SOM,Somalia,Africa,2017,7.8
SOM,Somalia,Africa,2018,7.9
SOM,Somalia,Africa,2019,8.0
SOM,Somalia,Africa,2020,8.1
SOM,Somalia,Africa,2021,8.2
SOM,Somalia,Africa,2022,8.4
SOM,Somalia,Africa,2023,8.5
SOM,Somalia,Africa,2024,8.6
SRB,Serbia,Europe,2000,57.8
SRB,Serbia,Europe,2001,58.3
SRB,Serbia,Europe,2002,59.1
SRB,Serbia,Europe,2003,60.1
SRB,Serbia,Europe,2004,61.2
SRB,Serbia,Europe,2005,62.2
SRB,Serbia,Europe,2006,63.0
SRB,Serbia,Europe,2007,63.8
SRB,Serbia,Europe,2008,65.0
SRB,Serbia,Europe,2009,66.5
SRB,Serbia,Europe,2010,68.2
SRB,Serbia,Europe,2011,69.7
SRB,Serbia,Europe,2012,71.1
SRB,Serbia,Europe,2013,72.3
SRB,Serbia,Europe,2014,73.6
SRB,Serbia,Europe,2015,74.9
SRB,Serbia,Europe,2016,76.1
SRB,Serbia,Europe,2017,77.3
SRB,Serbia,Europe,2018,78.4
SRB,Serbia,Europe,2019,79.4
SRB,Serbia,Europe,2020,80.1
SRB,Serbia,Europe,2021,80.6
SRB,Serbia,Europe,2022,81.1
SRB,Serbia,Europe,2023,81.5
SRB,Serbia,Europe,2024,82.0
SSD,South Sudan,Africa,2000,0.7
SSD,South Sudan,Africa,2001,0.7
SSD,South Sudan,Africa,2002,0.7
SSD,South Sudan,Africa,2003,0.7
SSD,South Sudan,Africa,2004,0.7
SSD,South Sudan,Africa,2005,0.7
SSD,South Sudan,Africa,2006,0.7
SSD,South Sudan,Africa,2007,0.7
SSD,South Sudan,Africa,2008,0.8
SSD,South Sudan,Africa,2009,0.9
SSD,South Sudan,Africa,2010,1.1
SSD,South Sudan,Africa,2011,1.3
SSD,South Sudan,Africa,2012,1.4
SSD,South Sudan,Africa,2013,1.4
SSD,South Sudan,Africa,2014,1.5
SSD,South Sudan,Africa,2015,1.6
SSD,South Sudan,Africa,2016,1.6
SSD,South Sudan,Africa,2017,1.6
SSD,South Sudan,Africa,2018,1.7
SSD,South Sudan,Africa,2019,1.7
SSD,South Sudan,Africa,2020,1.8
SSD,South Sudan,Africa,2021,1.9
SSD,South Sudan,Africa,2022,1.9
SSD,South Sudan,Africa,2023,2.0
SSD,South Sudan,Africa,2024,2.0
STP,Sao Tome and Principe,Africa,2000,14.1
STP,Sao Tome and Principe,Africa,2001,14.6
STP,Sao Tome and Principe,Africa,2002,15.2
STP,Sao Tome and Principe,Africa,2003,15.9
STP,Sao Tome and Principe,Africa,2004,16.5
STP,Sao Tome and Principe,Africa,2005,17.1
STP,Sao Tome and Principe,Africa,2006,17.5
STP,Sao Tome and Principe,Africa,2007,18.0
STP,Sao Tome and Principe,Africa,2008,18.5
STP,Sao Tome and Principe,Africa,2009,19.2
STP,Sao Tome and Principe,Africa,2010,20.3
STP,Sao Tome and Principe,Africa,2011,21.7
STP,Sao Tome and Principe,Africa,2012,23.6
STP,Sao Tome and Principe,Africa,2013,26.2
STP,Sao Tome and Principe,Africa,2014,29.3
STP,Sao Tome and Principe,Africa,2015,32.7
STP,Sao Tome and Principe,Africa,2016,36.2
STP,Sao Tome and Principe,Africa,2017,39.6
STP,Sao Tome and Principe,Africa,2018,42.8
STP,Sao Tome and Principe,Africa,2019,45.6
STP,Sao Tome and Principe,Africa,2020,47.9
STP,Sao Tome and Principe,Africa,2021,49.9
STP,Sao Tome and Principe,Africa,2022,51.5
STP,Sao Tome and Principe,Africa,2023,53.0
STP,Sao Tome and Principe,Africa,2024,54.3
SUR,Suriname,South America,2000,17.8
SUR,Suriname,South America,2001,18.8
SUR,Suriname,South America,2002,19.7
SUR,Suriname,South America,2003,20.4
SUR,Suriname,South America,2004,20.9
SUR,Suriname,South America,2005,21.4
SUR,Suriname,South America,2006,21.9
SUR,Suriname,South America,2007,22.8
SUR,Suriname,South America,2008,23.7
SUR,Suriname,South America,2009,24.6
SUR,Suriname,South America,2010,25.3
SUR,Suriname,South America,2011,26.1
SUR,Suriname,South America,2012,27.0
SUR,Suriname,South America,2013,27.7
SUR,Suriname,South America,2014,28.1
SUR,Suriname,South America,2015,28.3
SUR,Suriname,South America,2016,28.6
SUR,Suriname,South America,2017,29.0
SUR,Suriname,South America,2018,29.4
SUR,Suriname,South America,2019,30.1
SUR,Suriname,South America,2020,30.6
SUR,Suriname,South America,2021,31.1
SUR,Suriname,South America,2022,31.7
SUR,Suriname,South America,2023,32.3
SUR,Suriname,South America,2024,32.8
SVK,Slovakia,Europe,2000,94.0
SVK,Slovakia,Europe,2001,94.0
SVK,Slovakia,Europe,2002,93.9
SVK,Slovakia,Europe,2003,93.8
SVK,Slovakia,Europe,2004,93.7
SVK,Slovakia,Europe,2005,93.5
SVK,Slovakia,Europe,2006,93.4
SVK,Slovakia,Europe,2007,93.3
SVK,Slovakia,Europe,2008,93.2
SVK,Slovakia,Europe,2009,93.2
SVK,Slovakia,Europe,2010,93.2
SVK,Slovakia,Europe,2011,93.1
SVK,Slovakia,Europe,2012,93.1
SVK,Slovakia,Europe,2013,93.0
SVK,Slovakia,Europe,2014,92.9
SVK,Slovakia,Europe,2015,92.7
SVK,Slovakia,Europe,2016,92.6
SVK,Slovakia,Europe,2017,92.5
SVK,Slovakia,Europe,2018,92.6
SVK,Slovakia,Europe,2019,92.7
SVK,Slovakia,Europe,2020,92.8
SVK,Slovakia,Europe,2021,92.8
SVK,Slovakia,Europe,2022,92.9
SVK,Slovakia,Europe,2023,93.0
SVK,Slovakia,Europe,2024,93.2
SVN,Slovenia,Europe,2000,87.6
SVN,Slovenia,Europe,2001,88.3
SVN,Slovenia,Europe,2002,88.8
SVN,Slovenia,Europe,2003,89.1
SVN,Slovenia,Europe,2004,89.3
SVN,Slovenia,Europe,2005,89.5
SVN,Slovenia,Europe,2006,89.7
SVN,Slovenia,Europe,2007,89.8
SVN,Slovenia,Europe,2008,89.9
SVN,Slovenia,Europe,2009,89.8
SVN,Slovenia,Europe,2010,89.8
SVN,Slovenia,Europe,2011,89.8
SVN,Slovenia,Europe,2012,90.0
SVN,Slovenia,Europe,2013,90.3
SVN,Slovenia,Europe,2014,90.5
SVN,Slovenia,Europe,2015,90.6
SVN,Slovenia,Europe,2016,90.8
SVN,Slovenia,Europe,2017,91.0
SVN,Slovenia,Europe,2018,91.2
SVN,Slovenia,Europe,2019,91.5
SVN,Slovenia,Europe,2020,91.8
SVN,Slovenia,Europe,2021,92.1
SVN,Slovenia,Europe,2022,92.4
SVN,Slovenia,Europe,2023,92.7
SVN,Slovenia,Europe,2024,92.9
SWE,Sweden,Europe,2000,86.8
SWE,Sweden,Europe,2001,86.6
SWE,Sweden,Europe,2002,86.6
SWE,Sweden,Europe,2003,86.7
SWE,Sweden,Europe,2004,86.8
SWE,Sweden,Europe,2005,86.9
SWE,Sweden,Europe,2006,87.2
SWE,Sweden,Europe,2007,87.5
SWE,Sweden,Europe,2008,87.8
SWE,Sweden,Europe,2009,87.9
SWE,Sweden,Europe,2010,88.0
SWE,Sweden,Europe,2011,88.1
SWE,Sweden,Europe,2012,88.1
SWE,Sweden,Europe,2013,88.2
SWE,Sweden,Europe,2014,88.3
SWE,Sweden,Europe,2015,88.4
SWE,Sweden,Europe,2016,88.4
SWE,Sweden,Europe,2017,88.4
SWE,Sweden,Europe,2018,88.3
SWE,Sweden,Europe,2019,88.4
SWE,Sweden,Europe,2020,88.5
SWE,Sweden,Europe,2021,88.7
SWE,Sweden,Europe,2022,88.8
SWE,Sweden,Europe,2023,89.0
SWE,Sweden,Europe,2024,89.1
SWZ,Eswatini,Africa,2000,31.3
SWZ,Eswatini,Africa,2001,30.8
SWZ,Eswatini,Africa,2002,30.3
SWZ,Eswatini,Africa,2003,30.1
SWZ,Eswatini,Africa,2004,30.0
SWZ,Eswatini,Africa,2005,30.2
SWZ,Eswatini,Africa,2006,30.5
SWZ,Eswatini,Africa,2007,31.2
SWZ,Eswatini,Africa,2008,32.0
SWZ,Eswatini,Africa,2009,33.2
SWZ,Eswatini,Africa,2010,34.4
SWZ,Eswatini,Africa,2011,35.5
SWZ,Eswatini,Africa,2012,36.5
SWZ,Eswatini,Africa,2013,37.5
SWZ,Eswatini,Africa,2014,38.8
SWZ,Eswatini,Africa,2015,40.4
SWZ,Eswatini,Africa,2016,42.3
SWZ,Eswatini,Africa,2017,44.5
SWZ,Eswatini,Africa,2018,46.5
SWZ,Eswatini,Africa,2019,48.9
SWZ,Eswatini,Africa,2020,51.1
SWZ,Eswatini,Africa,2021,52.8
SWZ,Eswatini,Africa,2022,54.1
SWZ,Eswatini,Africa,2023,55.1
SWZ,Eswatini,Africa,2024,56.0
SYR,Syria,Asia,2000,23.7
SYR,Syria,Asia,2001,24.3
SYR,Syria,Asia,2002,25.1
SYR,Syria,Asia,2003,26.0
SYR,Syria,Asia,2004,26.9
SYR,Syria,Asia,2005,27.9
SYR,Syria,Asia,2006,28.9
SYR,Syria,Asia,2007,29.7
SYR,Syria,Asia,2008,30.2
SYR,Syria,Asia,2009,30.6
SYR,Syria,Asia,2010,30.9
SYR,Syria,Asia,2011,31.3
SYR,Syria,Asia,2012,31.7
SYR,Syria,Asia,2013,32.0
SYR,Syria,Asia,2014,32.4
SYR,Syria,Asia,2015,32.8
SYR,Syria,Asia,2016,33.2
SYR,Syria,Asia,2017,33.6
SYR,Syria,Asia,2018,34.1
SYR,Syria,Asia,2019,34.6
SYR,Syria,Asia,2020,35.1
SYR,Syria,Asia,2021,35.5
SYR,Syria,Asia,2022,35.8
SYR,Syria,Asia,2023,36.1
SYR,Syria,Asia,2024,36.6
TCD,Chad,Africa,2000,4.6
TCD,Chad,Africa,2001,4.8
TCD,Chad,Africa,2002,4.8
TCD,Chad,Africa,2003,4.8
TCD,Chad,Africa,2004,4.9
TCD,Chad,Africa,2005,5.1
TCD,Chad,Africa,2006,5.3
TCD,Chad,Africa,2007,5.4
TCD,Chad,Africa,2008,5.6
TCD,Chad,Africa,2009,5.7
TCD,Chad,Africa,2010,5.7
TCD,Chad,Africa,2011,5.8
TCD,Chad,Africa,2012,5.9
TCD,Chad,Africa,2013,6.0
TCD,Chad,Africa,2014,6.1
TCD,Chad,Africa,2015,6.2
TCD,Chad,Africa,2016,6.1
TCD,Chad,Africa,2017,6.0
TCD,Chad,Africa,2018,5.8
TCD,Chad,Africa,2019,5.7
TCD,Chad,Africa,2020,5.8
TCD,Chad,Africa,2021,5.9
TCD,Chad,Africa,2022,6.0
TCD,Chad,Africa,2023,6.2
TCD,Chad,Africa,2024,6.4
TGO,Togo,Africa,2000,5.0
TGO,Togo,Africa,2001,5.3
TGO,Togo,Africa,2002,5.8
TGO,Togo,Africa,2003,6.2
TGO,Togo,Africa,2004,6.6
TGO,Togo,Africa,2005,6.9
TGO,Togo,Africa,2006,7.4
TGO,Togo,Africa,2007,7.8
TGO,Togo,Africa,2008,8.3
TGO,Togo,Africa,2009,8.7
TGO,Togo,Africa,2010,9.3
TGO,Togo,Africa,2011,10.1
TGO,Togo,Africa,2012,11.1
TGO,Togo,Africa,2013,12.1
TGO,Togo,Africa,2014,13.2
TGO,Togo,Africa,2015,14.4
TGO,Togo,Africa,2016,15.6
TGO,Togo,Africa,2017,16.6
TGO,Togo,Africa,2018,17.5
TGO,Togo,Africa,2019,18.3
TGO,Togo,Africa,2020,19.0
TGO,Togo,Africa,2021,19.7
TGO,Togo,Africa,2022,20.5
TGO,Togo,Africa,2023,21.2
TGO,Togo,Africa,2024,22.0
THA,Thailand,Asia,2000,45.9
THA,Thailand,Asia,2001,48.6
THA,Thailand,Asia,2002,50.4
THA,Thailand,Asia,2003,51.8
THA,Thailand,Asia,2004,52.9
THA,Thailand,Asia,2005,53.8
THA,Thailand,Asia,2006,54.1
THA,Thailand,Asia,2007,54.4
THA,Thailand,Asia,2008,54.6
THA,Thailand,Asia,2009,54.9
THA,Thailand,Asia,2010,55.1
THA,Thailand,Asia,2011,55.3
THA,Thailand,Asia,2012,55.9
THA,Thailand,Asia,2013,56.7
THA,Thailand,Asia,2014,57.7
THA,Thailand,Asia,2015,58.8
THA,Thailand,Asia,2016,60.2
THA,Thailand,Asia,2017,61.5
THA,Thailand,Asia,2018,62.7
THA,Thailand,Asia,2019,63.8
THA,Thailand,Asia,2020,65.2
THA,Thailand,Asia,2021,66.8
THA,Thailand,Asia,2022,68.4
THA,Thailand,Asia,2023,69.9
THA,Thailand,Asia,2024,71.2
TJK,Tajikistan,Asia,2000,52.7
TJK,Tajikistan,Asia,2001,53.2
TJK,Tajikistan,Asia,2002,53.9
TJK,Tajikistan,Asia,2003,54.6
TJK,Tajikistan,Asia,2004,55.5
TJK,Tajikistan,Asia,2005,56.4
TJK,Tajikistan,Asia,2006,57.3
TJK,Tajikistan,Asia,2007,58.0
TJK,Tajikistan,Asia,2008,58.8
TJK,Tajikistan,Asia,2009,59.8
TJK,Tajikistan,Asia,2010,61.1
TJK,Tajikistan,Asia,2011,62.6
TJK,Tajikistan,Asia,2012,64.4
TJK,Tajikistan,Asia,2013,66.3
TJK,Tajikistan,Asia,2014,68.1
TJK,Tajikistan,Asia,2015,69.8
TJK,Tajikistan,Asia,2016,71.5
TJK,Tajikistan,Asia,2017,73.1
TJK,Tajikistan,Asia,2018,74.4
TJK,Tajikistan,Asia,2019,75.5
TJK,Tajikistan,Asia,2020,76.3
TJK,Tajikistan,Asia,2021,77.0
TJK,Tajikistan,Asia,2022,77.7
TJK,Tajikistan,Asia,2023,78.4
TJK,Tajikistan,Asia,2024,79.1
TKM,Turkmenistan,Asia,2000,92.2
TKM,Turkmenistan,Asia,2001,92.3
TKM,Turkmenistan,Asia,2002,92.4
TKM,Turkmenistan,Asia,2003,92.5
TKM,Turkmenistan,Asia,2004,92.6
TKM,Turkmenistan,Asia,2005,92.7
TKM,Turkmenistan,Asia,2006,92.8
TKM,Turkmenistan,Asia,2007,92.9
TKM,Turkmenistan,Asia,2008,93.0
TKM,Turkmenistan,Asia,2009,93.1
TKM,Turkmenistan,Asia,2010,93.2
TKM,Turkmenistan,Asia,2011,93.3
TKM,Turkmenistan,Asia,2012,93.4
TKM,Turkmenistan,Asia,2013,93.5
TKM,Turkmenistan,Asia,2014,93.5
TKM,Turkmenistan,Asia,2015,93.7
TKM,Turkmenistan,Asia,2016,93.8
TKM,Turkmenistan,Asia,2017,93.9
TKM,Turkmenistan,Asia,2018,94.0
TKM,Turkmenistan,Asia,2019,94.1
TKM,Turkmenistan,Asia,2020,94.2
TKM,Turkmenistan,Asia,2021,94.3
TKM,Turkmenistan,Asia,2022,94.4
TKM,Turkmenistan,Asia,2023,94.5
TKM,Turkmenistan,Asia,2024,94.5
TLS,Timor-Leste,Asia,2000,34.0
TLS,Timor-Leste,Asia,2001,35.3
TLS,Timor-Leste,Asia,2002,36.7
TLS,Timor-Leste,Asia,2003,38.2
TLS,Timor-Leste,Asia,2004,39.8
TLS,Timor-Leste,Asia,2005,41.5
TLS,Timor-Leste,Asia,2006,43.5
TLS,Timor-Leste,Asia,2007,45.3
TLS,Timor-Leste,Asia,2008,47.0
TLS,Timor-Leste,Asia,2009,48.4
TLS,Timor-Leste,Asia,2010,49.4
TLS,Timor-Leste,Asia,2011,49.9
TLS,Timor-Leste,Asia,2012,50.1
TLS,Timor-Leste,Asia,2013,50.2
TLS,Timor-Leste,Asia,2014,50.1
TLS,Timor-Leste,Asia,2015,49.8
TLS,Timor-Leste,Asia,2016,49.4
TLS,Timor-Leste,Asia,2017,49.4
TLS,Timor-Leste,Asia,2018,49.9
TLS,Timor-Leste,Asia,2019,50.8
TLS,Timor-Leste,Asia,2020,51.7
TLS,Timor-Leste,Asia,2021,52.6
TLS,Timor-Leste,Asia,2022,53.8
TLS,Timor-Leste,Asia,2023,54.6
TLS,Timor-Leste,Asia,2024,55.6
TON,Tonga,Oceania,2000,75.4
TON,Tonga,Oceania,2001,75.9
TON,Tonga,Oceania,2002,76.3
TON,Tonga,Oceania,2003,76.7
TON,Tonga,Oceania,2004,77.1
TON,Tonga,Oceania,2005,77.6
TON,Tonga,Oceania,2006,78.1
TON,Tonga,Oceania,2007,78.5
TON,Tonga,Oceania,2008,79.0
TON,Tonga,Oceania,2009,79.5
TON,Tonga,Oceania,2010,80.0
TON,Tonga,Oceania,2011,80.5
TON,Tonga,Oceania,2012,81.0
TON,Tonga,Oceania,2013,81.6
TON,Tonga,Oceania,2014,82.2
TON,Tonga,Oceania,2015,82.8
TON,Tonga,Oceania,2016,83.4
TON,Tonga,Oceania,2017,83.9
TON,Tonga,Oceania,2018,84.4
TON,Tonga,Oceania,2019,84.9
TON,Tonga,Oceania,2020,85.4
TON,Tonga,Oceania,2021,85.8
TON,Tonga,Oceania,2022,86.2
TON,Tonga,Oceania,2023,86.6
TON,Tonga,Oceania,2024,86.9
TTO,Trinidad and Tobago,North America,2000,74.5
TTO,Trinidad and Tobago,North America,2001,74.9
TTO,Trinidad and Tobago,North America,2002,75.6
TTO,Trinidad and Tobago,North America,2003,76.2
TTO,Trinidad and Tobago,North America,2004,77.2
TTO,Trinidad and Tobago,North America,2005,78.5
TTO,Trinidad and Tobago,North America,2006,79.9
TTO,Trinidad and Tobago,North America,2007,81.2
TTO,Trinidad and Tobago,North America,2008,82.1
TTO,Trinidad and Tobago,North America,2009,82.8
TTO,Trinidad and Tobago,North America,2010,83.4
TTO,Trinidad and Tobago,North America,2011,83.7
TTO,Trinidad and Tobago,North America,2012,83.8
TTO,Trinidad and Tobago,North America,2013,83.7
TTO,Trinidad and Tobago,North America,2014,83.7
TTO,Trinidad and Tobago,North America,2015,83.6
TTO,Trinidad and Tobago,North America,2016,83.6
TTO,Trinidad and Tobago,North America,2017,83.6
TTO,Trinidad and Tobago,North America,2018,83.5
TTO,Trinidad and Tobago,North America,2019,83.5
TTO,Trinidad and Tobago,North America,2020,83.6
TTO,Trinidad and Tobago,North America,2021,83.6
TTO,Trinidad and Tobago,North America,2022,83.8
TTO,Trinidad and Tobago,North America,2023,84.1
TTO,Trinidad and Tobago,North America,2024,84.6
TUN,Tunisia,Africa,2000,30.6
TUN,Tunisia,Africa,2001,32.2
TUN,Tunisia,Africa,2002,34.1
TUN,Tunisia,Africa,2003,36.2
TUN,Tunisia,Africa,2004,38.2
TUN,Tunisia,Africa,2005,40.0
TUN,Tunisia,Africa,2006,41.5
TUN,Tunisia,Africa,2007,42.9
TUN,Tunisia,Africa,2008,44.5
TUN,Tunisia,Africa,2009,46.2
TUN,Tunisia,Africa,2010,47.5
TUN,Tunisia,Africa,2011,48.6
TUN,Tunisia,Africa,2012,49.3
TUN,Tunisia,Africa,2013,50.1
TUN,Tunisia,Africa,2014,50.9
TUN,Tunisia,Africa,2015,51.7
TUN,Tunisia,Africa,2016,52.3
TUN,Tunisia,Africa,2017,53.0
TUN,Tunisia,Africa,2018,53.9
TUN,Tunisia,Africa,2019,54.7
TUN,Tunisia,Africa,2020,55.6
TUN,Tunisia,Africa,2021,56.3
TUN,Tunisia,Africa,2022,57.1
TUN,Tunisia,Africa,2023,58.1
TUN,Tunisia,Africa,2024,59.3
TUR,Turkey,Asia,2000,32.4
TUR,Turkey,Asia,2001,33.6
TUR,Turkey,Asia,2002,34.4
TUR,Turkey,Asia,2003,35.7
TUR,Turkey,Asia,2004,37.5
TUR,Turkey,Asia,2005,39.9
TUR,Turkey,Asia,2006,42.4
TUR,Turkey,Asia,2007,44.8
TUR,Turkey,Asia,2008,47.2
TUR,Turkey,Asia,2009,49.4
TUR,Turkey,Asia,2010,51.6
TUR,Turkey,Asia,2011,53.6
TUR,Turkey,Asia,2012,55.2
TUR,Turkey,Asia,2013,56.5
TUR,Turkey,Asia,2014,57.4
TUR,Turkey,Asia,2015,58.5
TUR,Turkey,Asia,2016,60.0
TUR,Turkey,Asia,2017,62.0
TUR,Turkey,Asia,2018,64.0
TUR,Turkey,Asia,2019,65.9
TUR,Turkey,Asia,2020,67.1
TUR,Turkey,Asia,2021,68.2
TUR,Turkey,Asia,2022,69.1
TUR,Turkey,Asia,2023,70.3
TUR,Turkey,Asia,2024,71.4
TUV,Tuvalu,Oceania,2000,33.4
TUV,Tuvalu,Oceania,2001,34.1
TUV,Tuvalu,Oceania,2002,34.8
TUV,Tuvalu,Oceania,2003,35.6
TUV,Tuvalu,Oceania,2004,36.4
TUV,Tuvalu,Oceania,2005,37.2
TUV,Tuvalu,Oceania,2006,38.0
TUV,Tuvalu,Oceania,2007,39.0
TUV,Tuvalu,Oceania,2008,40.0
TUV,Tuvalu,Oceania,2009,41.0
TUV,Tuvalu,Oceania,2010,42.1
TUV,Tuvalu,Oceania,2011,43.2
TUV,Tuvalu,Oceania,2012,44.3
TUV,Tuvalu,Oceania,2013,45.5
TUV,Tuvalu,Oceania,2014,46.5
TUV,Tuvalu,Oceania,2015,47.6
TUV,Tuvalu,Oceania,2016,48.7
TUV,Tuvalu,Oceania,2017,49.6
TUV,Tuvalu,Oceania,2018,50.2
TUV,Tuvalu,Oceania,2019,51.1
TUV,Tuvalu,Oceania,2020,51.8
TUV,Tuvalu,Oceania,2021,52.6
TUV,Tuvalu,Oceania,2022,53.5
TUV,Tuvalu,Oceania,2023,54.3
TUV,Tuvalu,Oceania,2024,55.2
TZA,Tanzania,Africa,2000,5.2
TZA,Tanzania,Africa,2001,5.4
TZA,Tanzania,Africa,2002,5.7
TZA,Tanzania,Africa,2003,5.9
TZA,Tanzania,Africa,2004,6.1
TZA,Tanzania,Africa,2005,6.4
TZA,Tanzania,Africa,2006,6.7
TZA,Tanzania,Africa,2007,7.2
TZA,Tanzania,Africa,2008,7.6
TZA,Tanzania,Africa,2009,8.1
TZA,Tanzania,Africa,2010,8.5
TZA,Tanzania,Africa,2011,9.0
TZA,Tanzania,Africa,2012,9.5
TZA,Tanzania,Africa,2013,9.9
TZA,Tanzania,Africa,2014,10.0
TZA,Tanzania,Africa,2015,10.0
TZA,Tanzania,Africa,2016,10.2
TZA,Tanzania,Africa,2017,10.4
TZA,Tanzania,Africa,2018,10.6
TZA,Tanzania,Africa,2019,10.8
TZA,Tanzania,Africa,2020,10.9
TZA,Tanzania,Africa,2021,10.8
TZA,Tanzania,Africa,2022,10.8
TZA,Tanzania,Africa,2023,10.8
TZA,Tanzania,Africa,2024,10.9
UGA,Uganda,Africa,2000,9.2
UGA,Uganda,Africa,2001,9.4
UGA,Uganda,Africa,2002,9.9
UGA,Uganda,Africa,2003,10.4
UGA,Uganda,Africa,2004,11.0
UGA,Uganda,Africa,2005,11.6
UGA,Uganda,Africa,2006,12.1
UGA,Uganda,Africa,2007,12.6
UGA,Uganda,Africa,2008,13.2
UGA,Uganda,Africa,2009,13.9
UGA,Uganda,Africa,2010,14.7
UGA,Uganda,Africa,2011,15.4
UGA,Uganda,Africa,2012,15.9
UGA,Uganda,Africa,2013,16.2
UGA,Uganda,Africa,2014,16.2
UGA,Uganda,Africa,2015,15.9
UGA,Uganda,Africa,2016,15.4
UGA,Uganda,Africa,2017,15.2
UGA,Uganda,Africa,2018,15.3
UGA,Uganda,Africa,2019,15.5
UGA,Uganda,Africa,2020,15.8
UGA,Uganda,Africa,2021,16.0
UGA,Uganda,Africa,2022,16.4
UGA,Uganda,Africa,2023,16.8
UGA,Uganda,Africa,2024,17.2
UKR,Ukraine,Europe,2000,88.8
UKR,Ukraine,Europe,2001,89.6
UKR,Ukraine,Europe,2002,90.3
UKR,Ukraine,Europe,2003,91.0
UKR,Ukraine,Europe,2004,91.7
UKR,Ukraine,Europe,2005,92.3
UKR,Ukraine,Europe,2006,92.8
UKR,Ukraine,Europe,2007,93.1
UKR,Ukraine,Europe,2008,93.4
UKR,Ukraine,Europe,2009,93.6
UKR,Ukraine,Europe,2010,93.7
UKR,Ukraine,Europe,2011,94.0
UKR,Ukraine,Europe,2012,94.2
UKR,Ukraine,Europe,2013,94.4
UKR,Ukraine,Europe,2014,94.7
UKR,Ukraine,Europe,2015,95.0
UKR,Ukraine,Europe,2016,95.3
UKR,Ukraine,Europe,2017,95.5
UKR,Ukraine,Europe,2018,95.8
UKR,Ukraine,Europe,2019,96.0
UKR,Ukraine,Europe,2020,96.3
UKR,Ukraine,Europe,2021,96.5
UKR,Ukraine,Europe,2022,96.7
UKR,Ukraine,Europe,2023,96.9
UKR,Ukraine,Europe,2024,97.1
URY,Uruguay,South America,2000,34.7
URY,Uruguay,South America,2001,35.8
URY,Uruguay,South America,2002,36.5
URY,Uruguay,South America,2003,36.9
URY,Uruguay,South America,2004,37.0
URY,Uruguay,South America,2005,37.0
URY,Uruguay,South America,2006,37.2
URY,Uruguay,South America,2007,37.3
URY,Uruguay,South America,2008,37.5
URY,Uruguay,South America,2009,37.8
URY,Uruguay,South America,2010,38.1
URY,Uruguay,South America,2011,38.5
URY,Uruguay,South America,2012,39.2
URY,Uruguay,South America,2013,39.7
URY,Uruguay,South America,2014,40.1
URY,Uruguay,South America,2015,40.6
URY,Uruguay,South America,2016,40.8
URY,Uruguay,South America,2017,41.2
URY,Uruguay,South America,2018,41.6
URY,Uruguay,South America,2019,42.0
URY,Uruguay,South America,2020,42.4
URY,Uruguay,South America,2021,42.7
URY,Uruguay,South America,2022,43.0
URY,Uruguay,South America,2023,43.3
URY,Uruguay,South America,2024,43.7
USA,United States,North America,2000,88.1
USA,United States,North America,2001,88.2
USA,United States,North America,2002,88.4
USA,United States,North America,2003,88.5
USA,United States,North America,2004,88.8
USA,United States,North America,2005,89.2
USA,United States,North America,2006,89.6
USA,United States,North America,2007,89.9
USA,United States,North America,2008,90.1
USA,United States,North America,2009,90.5
USA,United States,North America,2010,90.9
USA,United States,North America,2011,91.3
USA,United States,North America,2012,91.6
USA,United States,North America,2013,91.9
USA,United States,North America,2014,92.2
USA,United States,North America,2015,92.5
USA,United States,North America,2016,92.6
USA,United States,North America,2017,92.6
USA,United States,North America,2018,92.6
USA,United States,North America,2019,92.8
USA,United States,North America,2020,93.0
USA,United States,North America,2021,93.0
USA,United States,North America,2022,93.1
USA,United States,North America,2023,93.1
USA,United States,North America,2024,93.2
UZB,Uzbekistan,Asia,2000,57.7
UZB,Uzbekistan,Asia,2001,59.6
UZB,Uzbekistan,Asia,2002,62.2
UZB,Uzbekistan,Asia,2003,65.1
UZB,Uzbekistan,Asia,2004,67.9
UZB,Uzbekistan,Asia,2005,70.4
UZB,Uzbekistan,Asia,2006,72.6
UZB,Uzbekistan,Asia,2007,74.2
UZB,Uzbekistan,Asia,2008,75.6
UZB,Uzbekistan,Asia,2009,76.9
UZB,Uzbekistan,Asia,2010,78.6
UZB,Uzbekistan,Asia,2011,80.8
UZB,Uzbekistan,Asia,2012,83.4
UZB,Uzbekistan,Asia,2013,86.3
UZB,Uzbekistan,Asia,2014,89.2
UZB,Uzbekistan,Asia,2015,91.7
UZB,Uzbekistan,Asia,2016,93.8
UZB,Uzbekistan,Asia,2017,95.3
UZB,Uzbekistan,Asia,2018,96.4
UZB,Uzbekistan,Asia,2019,97.2
UZB,Uzbekistan,Asia,2020,97.7
UZB,Uzbekistan,Asia,2021,98.1
UZB,Uzbekistan,Asia,2022,98.4
UZB,Uzbekistan,Asia,2023,98.6
UZB,Uzbekistan,Asia,2024,98.8
VEN,Venezuela,South America,2000,31.8
VEN,Venezuela,South America,2001,32.8
VEN,Venezuela,South America,2002,33.6
VEN,Venezuela,South America,2003,34.2
VEN,Venezuela,South America,2004,34.7
VEN,Venezuela,South America,2005,35.1
VEN,Venezuela,South America,2006,35.6
VEN,Venezuela,South America,2007,36.1
VEN,Venezuela,South America,2008,36.6
VEN,Venezuela,South America,2009,37.2
VEN,Venezuela,South America,2010,37.6
VEN,Venezuela,South America,2011,38.1
VEN,Venezuela,South America,2012,38.6
VEN,Venezuela,South America,2013,39.2
VEN,Venezuela,South America,2014,39.8
VEN,Venezuela,South America,2015,40.2
VEN,Venezuela,South America,2016,40.8
VEN,Venezuela,South America,2017,41.3
VEN,Venezuela,South America,2018,41.9
VEN,Venezuela,South America,2019,42.3
VEN,Venezuela,South America,2020,42.9
VEN,Venezuela,South America,2021,43.3
VEN,Venezuela,South America,2022,43.8
VEN,Venezuela,South America,2023,44.4
VEN,Venezuela,South America,2024,44.9
VNM,Vietnam,Asia,2000,34.4
VNM,Vietnam,Asia,2001,36.8
VNM,Vietnam,Asia,2002,39.4
VNM,Vietnam,Asia,2003,41.8
VNM,Vietnam,Asia,2004,44.1
VNM,Vietnam,Asia,2005,46.0
VNM,Vietnam,Asia,2006,47.4
VNM,Vietnam,Asia,2007,48.7
VNM,Vietnam,Asia,2008,50.4
VNM,Vietnam,Asia,2009,52.6
VNM,Vietnam,Asia,2010,54.6
VNM,Vietnam,Asia,2011,56.2
VNM,Vietnam,Asia,2012,57.4
VNM,Vietnam,Asia,2013,58.4
VNM,Vietnam,Asia,2014,59.2
VNM,Vietnam,Asia,2015,59.7
VNM,Vietnam,Asia,2016,59.8
VNM,Vietnam,Asia,2017,58.9
VNM,Vietnam,Asia,2018,56.8
VNM,Vietnam,Asia,2019,54.3
VNM,Vietnam,Asia,2020,52.5
VNM,Vietnam,Asia,2021,51.9
VNM,Vietnam,Asia,2022,52.2
VNM,Vietnam,Asia,2023,52.6
VNM,Vietnam,Asia,2024,53.3
VUT,Vanuatu,Oceania,2000,6.6
VUT,Vanuatu,Oceania,2001,6.8
VUT,Vanuatu,Oceania,2002,6.9
VUT,Vanuatu,Oceania,2003,7.2
VUT,Vanuatu,Oceania,2004,7.3
VUT,Vanuatu,Oceania,2005,7.5
VUT,Vanuatu,Oceania,2006,7.7
VUT,Vanuatu,Oceania,2007,7.9
VUT,Vanuatu,Oceania,2008,8.1
VUT,Vanuatu,Oceania,2009,8.3
VUT,Vanuatu,Oceania,2010,8.4
VUT,Vanuatu,Oceania,2011,8.7
VUT,Vanuatu,Oceania,2012,8.9
VUT,Vanuatu,Oceania,2013,9.0
VUT,Vanuatu,Oceania,2014,9.2
VUT,Vanuatu,Oceania,2015,9.4
VUT,Vanuatu,Oceania,2016,9.6
VUT,Vanuatu,Oceania,2017,9.8
VUT,Vanuatu,Oceania,2018,10.0
VUT,Vanuatu,Oceania,2019,10.2
VUT,Vanuatu,Oceania,2020,10.4
VUT,Vanuatu,Oceania,2021,10.7
VUT,Vanuatu,Oceania,2022,10.8
VUT,Vanuatu,Oceania,2023,11.1
VUT,Vanuatu,Oceania,2024,11.3
WSM,Samoa,Oceania,2000,41.5
WSM,Samoa,Oceania,2001,42.3
WSM,Samoa,Oceania,2002,43.1
WSM,Samoa,Oceania,2003,44.0
WSM,Samoa,Oceania,2004,45.3
WSM,Samoa,Oceania,2005,46.5
WSM,Samoa,Oceania,2006,47.6
WSM,Samoa,Oceania,2007,48.4
WSM,Samoa,Oceania,2008,49.1
WSM,Samoa,Oceania,2009,49.6
WSM,Samoa,Oceania,2010,50.3
WSM,Samoa,Oceania,2011,51.0
WSM,Samoa,Oceania,2012,51.6
WSM,Samoa,Oceania,2013,52.3
WSM,Samoa,Oceania,2014,52.6
WSM,Samoa,Oceania,2015,52.9
WSM,Samoa,Oceania,2016,53.3
WSM,Samoa,Oceania,2017,54.1
WSM,Samoa,Oceania,2018,55.0
WSM,Samoa,Oceania,2019,56.0
WSM,Samoa,Oceania,2020,57.0
WSM,Samoa,Oceania,2021,57.7
WSM,Samoa,Oceania,2022,58.2
WSM,Samoa,Oceania,2023,58.8
WSM,Samoa,Oceania,2024,59.6
YEM,Yemen,Asia,2000,22.4
YEM,Yemen,Asia,2001,23.3
YEM,Yemen,Asia,2002,24.1
YEM,Yemen,Asia,2003,24.8
YEM,Yemen,Asia,2004,25.5
YEM,Yemen,Asia,2005,26.0
YEM,Yemen,Asia,2006,26.3
YEM,Yemen,Asia,2007,26.6
YEM,Yemen,Asia,2008,26.9
YEM,Yemen,Asia,2009,27.1
YEM,Yemen,Asia,2010,27.3
YEM,Yemen,Asia,2011,27.5
YEM,Yemen,Asia,2012,28.0
YEM,Yemen,Asia,2013,28.7
YEM,Yemen,Asia,2014,29.5
YEM,Yemen,Asia,2015,30.7
YEM,Yemen,Asia,2016,31.8
YEM,Yemen,Asia,2017,32.8
YEM,Yemen,Asia,2018,33.6
YEM,Yemen,Asia,2019,34.1
YEM,Yemen,Asia,2020,34.9
YEM,Yemen,Asia,2021,35.8
YEM,Yemen,Asia,2022,36.9
YEM,Yemen,Asia,2023,38.0
YEM,Yemen,Asia,2024,39.0
ZAF,South Africa,Africa,2000,41.7
ZAF,South Africa,Africa,2001,41.6
ZAF,South Africa,Africa,2002,41.8
ZAF,South Africa,Africa,2003,41.8
ZAF,South Africa,Africa,2004,42.0
ZAF,South Africa,Africa,2005,42.1
ZAF,South Africa,Africa,2006,42.6
ZAF,South Africa,Africa,2007,43.2
ZAF,South Africa,Africa,2008,43.8
ZAF,South Africa,Africa,2009,44.2
ZAF,South Africa,Africa,2010,44.6
ZAF,South Africa,Africa,2011,45.1
ZAF,South Africa,Africa,2012,45.7
ZAF,South Africa,Africa,2013,45.9
ZAF,South Africa,Africa,2014,45.9
ZAF,South Africa,Africa,2015,45.8
ZAF,South Africa,Africa,2016,46.2
ZAF,South Africa,Africa,2017,46.8
ZAF,South Africa,Africa,2018,47.4
ZAF,South Africa,Africa,2019,48.0
ZAF,South Africa,Africa,2020,48.7
ZAF,South Africa,Africa,2021,49.3
ZAF,South Africa,Africa,2022,49.9
ZAF,South Africa,Africa,2023,50.4
ZAF,South Africa,Africa,2024,50.9
ZMB,Zambia,Africa,2000,15.0
ZMB,Zambia,Africa,2001,15.4
ZMB,Zambia,Africa,2002,15.7
ZMB,Zambia,Africa,2003,16.0
ZMB,Zambia,Africa,2004,16.4
ZMB,Zambia,Africa,2005,17.0
ZMB,Zambia,Africa,2006,17.7
ZMB,Zambia,Africa,2007,18.5
ZMB,Zambia,Africa,2008,19.2
ZMB,Zambia,Africa,2009,19.9
ZMB,Zambia,Africa,2010,20.7
ZMB,Zambia,Africa,2011,21.6
ZMB,Zambia,Africa,2012,22.7
ZMB,Zambia,Africa,2013,23.5
ZMB,Zambia,Africa,2014,24.2
ZMB,Zambia,Africa,2015,25.0
ZMB,Zambia,Africa,2016,25.6
ZMB,Zambia,Africa,2017,26.2
ZMB,Zambia,Africa,2018,26.8
ZMB,Zambia,Africa,2019,27.4
ZMB,Zambia,Africa,2020,27.9
ZMB,Zambia,Africa,2021,28.4
ZMB,Zambia,Africa,2022,28.8
ZMB,Zambia,Africa,2023,29.4
ZMB,Zambia,Africa,2024,29.8
ZWE,Zimbabwe,Africa,2000,9.6
ZWE,Zimbabwe,Africa,2001,9.6
ZWE,Zimbabwe,Africa,2002,9.6
ZWE,Zimbabwe,Africa,2003,9.7
ZWE,Zimbabwe,Africa,2004,9.9
ZWE,Zimbabwe,Africa,2005,10.0
ZWE,Zimbabwe,Africa,2006,10.2
ZWE,Zimbabwe,Africa,2007,10.3
ZWE,Zimbabwe,Africa,2008,10.3
ZWE,Zimbabwe,Africa,2009,10.1
ZWE,Zimbabwe,Africa,2010,9.7
ZWE,Zimbabwe,Africa,2011,9.2
ZWE,Zimbabwe,Africa,2012,8.9
ZWE,Zimbabwe,Africa,2013,8.6
ZWE,Zimbabwe,Africa,2014,8.5
ZWE,Zimbabwe,Africa,2015,8.4
ZWE,Zimbabwe,Africa,2016,8.2
ZWE,Zimbabwe,Africa,2017,8.0
ZWE,Zimbabwe,Africa,2018,7.8
ZWE,Zimbabwe,Africa,2019,7.7
ZWE,Zimbabwe,Africa,2020,7.7
ZWE,Zimbabwe,Africa,2021,7.7
ZWE,Zimbabwe,Africa,2022,7.8
ZWE,Zimbabwe,Africa,2023,7.9
ZWE,Zimbabwe,Africa,2024,8.0
