code,country,continent,year,value
ABW,Aruba,North America,2000,4.71468019485474
ABW,Aruba,North America,2001,4.79898023605347
ABW,Aruba,North America,2002,4.87220001220703
ABW,Aruba,North America,2004,4.35698986053467
ABW,Aruba,North America,2005,4.62321996688843
ABW,Aruba,North America,2007,4.70254993438721
ABW,Aruba,North America,2008,4.82730007171631
ABW,Aruba,North America,2009,5.79739999771118
ABW,Aruba,North America,2010,6.75109004974365
ABW,Aruba,North America,2011,5.91466999053955
ABW,Aruba,North America,2012,6.3472900390625
ABW,Aruba,North America,2013,6.44295978546143
ABW,Aruba,North America,2014,5.85128021240234
ABW,Aruba,North America,2015,5.88826990127563
ABW,Aruba,North America,2016,5.49136018753052
ABW,Aruba,North America,2017,4.45581996127504
ABW,Aruba,North America,2018,4.54876355243615
ABW,Aruba,North America,2019,4.43503686776957
ABW,Aruba,North America,2021,3.61855755636695
AFG,Afghanistan,Asia,2010,3.4794499874115
AFG,Afghanistan,Asia,2011,3.4620099067688
AFG,Afghanistan,Asia,2012,2.60420989990234
AFG,Afghanistan,Asia,2013,3.45445990562439
AFG,Afghanistan,Asia,2014,3.69521999359131
AFG,Afghanistan,Asia,2015,3.25578999519348
AFG,Afghanistan,Asia,2016,4.5439600944519
AFG,Afghanistan,Asia,2017,4.34319019317627
AGO,Angola,Africa,2000,2.60753011703491
AGO,Angola,Africa,2005,2.12011003494263
AGO,Angola,Africa,2006,2.28146004676819
AGO,Angola,Africa,2010,3.42131996154785
AGO,Angola,Africa,2012,3.08191085718142
AGO,Angola,Africa,2013,4.43894951297476
AGO,Angola,Africa,2015,3.48689580393413
AGO,Angola,Africa,2016,2.75493664582725
AGO,Angola,Africa,2017,2.46687881104886
AGO,Angola,Africa,2018,2.18351298946275
AGO,Angola,Africa,2019,2.07306438181603
AGO,Angola,Africa,2020,2.66744733689285
AGO,Angola,Africa,2021,2.29719689513241
AGO,Angola,Africa,2022,2.38535898416633
ALB,Albania,Europe,2000,3.3304500579834
ALB,Albania,Europe,2001,3.34198999404907
ALB,Albania,Europe,2002,3.00253009796143
ALB,Albania,Europe,2003,3.03534007072449
ALB,Albania,Europe,2004,3.1308000087738
ALB,Albania,Europe,2005,3.20023989677429
ALB,Albania,Europe,2006,3.10271000862122
ALB,Albania,Europe,2007,3.14638996124268
ALB,Albania,Europe,2011,3.17881310743026
ALB,Albania,Europe,2012,3.29533986928598
ALB,Albania,Europe,2013,3.53355002403259
ALB,Albania,Europe,2014,3.18177734553254
ALB,Albania,Europe,2015,3.41300010681152
ALB,Albania,Europe,2016,3.91997003555298
ALB,Albania,Europe,2017,3.54673004150391
ALB,Albania,Europe,2018,3.08201370407389
ALB,Albania,Europe,2019,3.8701798915863
ALB,Albania,Europe,2020,3.32505011558533
ALB,Albania,Europe,2021,3.00555992126465
ALB,Albania,Europe,2022,2.72977995872498
AND,Andorra,Europe,2002,1.65971004962921
AND,Andorra,Europe,2004,1.54411995410919
AND,Andorra,Europe,2005,1.64497005939484
AND,Andorra,Europe,2006,2.24489998817444
AND,Andorra,Europe,2007,2.10469007492065
AND,Andorra,Europe,2008,2.87392997741699
AND,Andorra,Europe,2009,3.14292001724243
AND,Andorra,Europe,2010,2.97662997245789
AND,Andorra,Europe,2011,2.98706007003784
AND,Andorra,Europe,2012,2.56577895521486
AND,Andorra,Europe,2013,2.50616002082825
AND,Andorra,Europe,2014,3.07420992851257
AND,Andorra,Europe,2015,3.28034996986389
AND,Andorra,Europe,2016,3.23707008361816
AND,Andorra,Europe,2017,3.21708989143372
AND,Andorra,Europe,2018,3.2467200756073
AND,Andorra,Europe,2019,3.15060997009277
AND,Andorra,Europe,2020,2.63213046553066
AND,Andorra,Europe,2021,2.381921736037
AND,Andorra,Europe,2022,2.64727997779846
ARE,United Arab Emirates,Asia,2019,3.86019992828369
ARE,United Arab Emirates,Asia,2020,3.98417997360229
ARE,United Arab Emirates,Asia,2021,3.89404010772705
ARG,Argentina,North America,2000,4.58030986785889
ARG,Argentina,North America,2001,4.833740234375
ARG,Argentina,North America,2002,4.01734018325806
ARG,Argentina,North America,2003,3.53504991531372
ARG,Argentina,North America,2004,3.48652005195618
ARG,Argentina,North America,2005,3.86000990867615
ARG,Argentina,North America,2006,4.12821006774902
ARG,Argentina,North America,2007,4.46260976791382
ARG,Argentina,North America,2008,4.84438991546631
ARG,Argentina,North America,2009,5.53105020523071
ARG,Argentina,North America,2010,5.01972007751465
ARG,Argentina,North America,2011,5.29063987731934
ARG,Argentina,North America,2012,5.3458399772644
ARG,Argentina,North America,2013,5.43660020828247
ARG,Argentina,North America,2014,5.36144018173218
ARG,Argentina,North America,2015,5.77611017227173
ARG,Argentina,North America,2016,5.54548978805542
ARG,Argentina,North America,2017,5.45432996749878
ARG,Argentina,North America,2018,4.87773990631104
ARG,Argentina,North America,2019,4.77165985107422
ARG,Argentina,North America,2020,5.27689981460571
ARG,Argentina,North America,2021,4.65393018722534
ARG,Argentina,North America,2022,4.79263019561768
ARM,Armenia,Asia,2000,2.77272009849548
ARM,Armenia,Asia,2001,2.46943998336792
ARM,Armenia,Asia,2002,2.13504004478455
ARM,Armenia,Asia,2003,2.14505004882812
ARM,Armenia,Asia,2004,2.48673009872436
ARM,Armenia,Asia,2005,2.71202993392944
ARM,Armenia,Asia,2006,2.71577000617981
ARM,Armenia,Asia,2007,3.01893997192383
ARM,Armenia,Asia,2008,3.17272996902466
ARM,Armenia,Asia,2009,3.84079003334045
ARM,Armenia,Asia,2010,3.24900007247925
ARM,Armenia,Asia,2011,3.14384007453919
ARM,Armenia,Asia,2012,2.77248001098633
ARM,Armenia,Asia,2013,2.65018010139465
ARM,Armenia,Asia,2014,2.24724006652832
ARM,Armenia,Asia,2015,2.80591011047363
ARM,Armenia,Asia,2016,2.75812005996704
ARM,Armenia,Asia,2017,2.70759010314941
ARM,Armenia,Asia,2018,2.11331180512289
ARM,Armenia,Asia,2019,2.15984239839771
ARM,Armenia,Asia,2020,2.70555996894836
ARM,Armenia,Asia,2021,2.76784992218018
ARM,Armenia,Asia,2022,2.4918999671936
ASM,American Samoa,Oceania,2006,14.7170495986938
ATG,Antigua and Barbuda,North America,2002,3.07877993583679
ATG,Antigua and Barbuda,North America,2009,2.22264003753662
ATG,Antigua and Barbuda,North America,2012,2.13043025907083
ATG,Antigua and Barbuda,North America,2013,2.35972143126598
ATG,Antigua and Barbuda,North America,2014,2.3044409375638
ATG,Antigua and Barbuda,North America,2015,1.9934755302761
ATG,Antigua and Barbuda,North America,2016,2.17149931504636
ATG,Antigua and Barbuda,North America,2017,2.28158315038897
ATG,Antigua and Barbuda,North America,2018,2.26922708436893
ATG,Antigua and Barbuda,North America,2019,3.35725653382563
ATG,Antigua and Barbuda,North America,2020,3.0051830460864
ATG,Antigua and Barbuda,North America,2021,2.50897393198865
ATG,Antigua and Barbuda,North America,2022,2.50368755552383
AUS,Australia,Oceania,2020,5.38625001907349
AUS,Australia,Oceania,2021,5.34109020233154
AUS,Australia,Oceania,2022,5.05915021896362
AUT,Austria,Europe,2000,5.62036991119385
AUT,Austria,Europe,2001,5.60476016998291
AUT,Austria,Europe,2002,5.56255006790161
AUT,Austria,Europe,2003,5.39253997802734
AUT,Austria,Europe,2004,5.34223985671997
AUT,Austria,Europe,2005,5.28515005111694
AUT,Austria,Europe,2006,5.26367998123169
AUT,Austria,Europe,2007,5.17918014526367
AUT,Austria,Europe,2008,5.2985200881958
AUT,Austria,Europe,2009,5.76567983627319
AUT,Austria,Europe,2010,5.73625993728638
AUT,Austria,Europe,2011,5.62787008285522
AUT,Austria,Europe,2012,5.51612997055054
AUT,Austria,Europe,2013,5.59404993057251
AUT,Austria,Europe,2014,5.49767017364502
AUT,Austria,Europe,2015,5.49143981933594
AUT,Austria,Europe,2016,5.50954008102417
AUT,Austria,Europe,2017,5.40181016921997
AUT,Austria,Europe,2018,5.25437021255493
AUT,Austria,Europe,2019,5.23678016662598
AUT,Austria,Europe,2020,5.57961988449097
AUT,Austria,Europe,2021,5.48071002960205
AUT,Austria,Europe,2022,5.27749013900757
AZE,Azerbaijan,Asia,2000,3.85399007797241
AZE,Azerbaijan,Asia,2001,3.50342011451721
AZE,Azerbaijan,Asia,2002,3.15445995330811
AZE,Azerbaijan,Asia,2003,3.28614997863769
AZE,Azerbaijan,Asia,2004,3.44770002365112
AZE,Azerbaijan,Asia,2005,2.97462010383606
AZE,Azerbaijan,Asia,2006,2.55552005767822
AZE,Azerbaijan,Asia,2007,2.5492799282074
AZE,Azerbaijan,Asia,2008,2.44092988967896
AZE,Azerbaijan,Asia,2009,3.22430992126465
AZE,Azerbaijan,Asia,2010,2.78062009811401
AZE,Azerbaijan,Asia,2011,2.43564009666443
AZE,Azerbaijan,Asia,2012,2.06763005256653
AZE,Azerbaijan,Asia,2013,2.44213008880615
AZE,Azerbaijan,Asia,2014,2.63303995132446
AZE,Azerbaijan,Asia,2015,2.95167994499206
AZE,Azerbaijan,Asia,2016,2.90340995788574
AZE,Azerbaijan,Asia,2017,2.4738199710846
AZE,Azerbaijan,Asia,2018,2.45543003082275
AZE,Azerbaijan,Asia,2019,3.1764600276947
AZE,Azerbaijan,Asia,2020,4.33204984664917
AZE,Azerbaijan,Asia,2021,3.7020800113678
AZE,Azerbaijan,Asia,2022,3.04689002037048
BDI,Burundi,Africa,2000,2.64547991752625
BDI,Burundi,Africa,2001,2.90390992164612
BDI,Burundi,Africa,2002,3.00493001937866
BDI,Burundi,Africa,2004,3.74495005607605
BDI,Burundi,Africa,2005,3.63216996192932
BDI,Burundi,Africa,2008,5.19289016723633
BDI,Burundi,Africa,2009,6.17194986343384
BDI,Burundi,Africa,2010,6.77523994445801
BDI,Burundi,Africa,2011,6.31926012039185
BDI,Burundi,Africa,2012,6.16776990890503
BDI,Burundi,Africa,2013,5.99539995193481
BDI,Burundi,Africa,2014,6.78452014923096
BDI,Burundi,Africa,2015,6.37133979797363
BDI,Burundi,Africa,2016,4.69199991226196
BDI,Burundi,Africa,2017,4.76202011108398
BDI,Burundi,Africa,2018,5.07863998413086
BDI,Burundi,Africa,2019,5.34668445378401
BDI,Burundi,Africa,2020,5.32158506838731
BDI,Burundi,Africa,2021,4.87114173892375
BEL,Belgium,Europe,2005,5.79584980010986
BEL,Belgium,Europe,2008,6.33294010162354
BEL,Belgium,Europe,2009,6.43465995788574
BEL,Belgium,Europe,2010,6.44078016281128
BEL,Belgium,Europe,2011,6.38481998443604
BEL,Belgium,Europe,2012,6.56625986099243
BEL,Belgium,Europe,2013,6.60135984420776
BEL,Belgium,Europe,2014,6.55866003036499
BEL,Belgium,Europe,2015,6.46963977813721
BEL,Belgium,Europe,2016,6.48613023757935
BEL,Belgium,Europe,2017,6.44915008544922
BEL,Belgium,Europe,2018,6.38883018493652
BEL,Belgium,Europe,2019,6.32381010055542
BEL,Belgium,Europe,2020,6.75470018386841
BEL,Belgium,Europe,2021,6.38081979751587
BEL,Belgium,Europe,2022,6.27611017227173
BEN,Benin,Africa,2000,2.11366009712219
BEN,Benin,Africa,2001,2.36509990692139
BEN,Benin,Africa,2002,2.15949010848999
BEN,Benin,Africa,2003,2.28315997123718
BEN,Benin,Africa,2004,2.56690001487732
BEN,Benin,Africa,2005,2.6566801071167
BEN,Benin,Africa,2006,2.56340003013611
BEN,Benin,Africa,2007,2.36331009864807
BEN,Benin,Africa,2008,2.77728009223938
BEN,Benin,Africa,2009,3.08927011489868
BEN,Benin,Africa,2010,3.67997002601623
BEN,Benin,Africa,2012,3.56202006340027
BEN,Benin,Africa,2013,3.3275101184845
BEN,Benin,Africa,2014,3.161789894104
BEN,Benin,Africa,2015,3.17298007011414
BEN,Benin,Africa,2016,2.89910006523132
BEN,Benin,Africa,2017,3.53558993339539
BEN,Benin,Africa,2018,2.93161988258362
BEN,Benin,Africa,2019,2.73204741460628
BEN,Benin,Africa,2020,2.89898431911618
BEN,Benin,Africa,2021,3.09692638090381
BEN,Benin,Africa,2022,3.0972642678305
BFA,Burkina Faso,Africa,2005,3.94112992286682
BFA,Burkina Faso,Africa,2006,3.98218989372253
BFA,Burkina Faso,Africa,2007,4.07982015609741
BFA,Burkina Faso,Africa,2010,3.50222992897034
BFA,Burkina Faso,Africa,2011,3.98515009880066
BFA,Burkina Faso,Africa,2012,3.60315990447998
BFA,Burkina Faso,Africa,2013,4.08343982696533
BFA,Burkina Faso,Africa,2014,4.05329990386963
BFA,Burkina Faso,Africa,2015,3.67008996009827
BFA,Burkina Faso,Africa,2017,5.62846994400024
BFA,Burkina Faso,Africa,2018,5.488609790802
BFA,Burkina Faso,Africa,2019,5.45615632520251
BFA,Burkina Faso,Africa,2020,5.21148277030166
BFA,Burkina Faso,Africa,2021,5.24913346712028
BFA,Burkina Faso,Africa,2022,5.29456753304241
BGD,Bangladesh,Asia,2000,2.12507009506226
BGD,Bangladesh,Asia,2001,2.17193007469177
BGD,Bangladesh,Asia,2002,2.01714992523193
BGD,Bangladesh,Asia,2003,2.06940007209778
BGD,Bangladesh,Asia,2004,1.94014000892639
BGD,Bangladesh,Asia,2006,2.13128995895386
BGD,Bangladesh,Asia,2007,2.20221996307373
BGD,Bangladesh,Asia,2008,2.0545699596405
BGD,Bangladesh,Asia,2009,1.93941998481751
BGD,Bangladesh,Asia,2011,2.13269996643066
BGD,Bangladesh,Asia,2012,2.17549991607666
BGD,Bangladesh,Asia,2013,1.96616995334625
BGD,Bangladesh,Asia,2014,2.09871663086838
BGD,Bangladesh,Asia,2015,1.87225417109978
BGD,Bangladesh,Asia,2016,1.28183996677399
BGD,Bangladesh,Asia,2017,2.11342875356648
BGD,Bangladesh,Asia,2018,2.09477473545666
BGD,Bangladesh,Asia,2019,1.13094997406006
BGD,Bangladesh,Asia,2020,2.13974351741877
BGD,Bangladesh,Asia,2021,2.17090882504654
BGD,Bangladesh,Asia,2022,2.08538657806243
BGR,Bulgaria,Europe,2001,3.38423991203308
BGR,Bulgaria,Europe,2002,3.38608002662659
BGR,Bulgaria,Europe,2003,3.99845004081726
BGR,Bulgaria,Europe,2004,4.24988985061646
BGR,Bulgaria,Europe,2005,4.10879993438721
BGR,Bulgaria,Europe,2006,3.90346002578735
BGR,Bulgaria,Europe,2007,3.680340051651
BGR,Bulgaria,Europe,2008,4.2190899848938
BGR,Bulgaria,Europe,2009,4.27429008483887
BGR,Bulgaria,Europe,2010,3.85746002197266
BGR,Bulgaria,Europe,2011,3.54690003395081
BGR,Bulgaria,Europe,2012,3.47650003433227
BGR,Bulgaria,Europe,2013,4.05766010284424
BGR,Bulgaria,Europe,2014,4.19388008117676
BGR,Bulgaria,Europe,2015,3.88469004631042
BGR,Bulgaria,Europe,2016,3.81435990333557
BGR,Bulgaria,Europe,2017,4.07754993438721
BGR,Bulgaria,Europe,2018,4.05201005935669
BGR,Bulgaria,Europe,2019,4.21430015563965
BGR,Bulgaria,Europe,2020,4.48298978805542
BGR,Bulgaria,Europe,2021,4.7092399597168
BGR,Bulgaria,Europe,2022,4.50109004974365
BHR,Bahrain,Asia,2006,2.87440991401672
BHR,Bahrain,Asia,2007,2.57500004768372
BHR,Bahrain,Asia,2008,2.49677991867065
BHR,Bahrain,Asia,2010,2.35114974984976
BHR,Bahrain,Asia,2011,2.31235396487985
BHR,Bahrain,Asia,2012,2.54483008384705
BHR,Bahrain,Asia,2013,2.38286995887756
BHR,Bahrain,Asia,2014,2.36918997764587
BHR,Bahrain,Asia,2015,2.55344009399414
BHR,Bahrain,Asia,2016,2.80248290251154
BHR,Bahrain,Asia,2017,2.21637010574341
BHR,Bahrain,Asia,2018,2.38893976833662
BHR,Bahrain,Asia,2019,2.11146982812491
BHR,Bahrain,Asia,2020,2.05801907522052
BHR,Bahrain,Asia,2021,1.85115940115918
BHR,Bahrain,Asia,2022,1.71192127094005
BHS,Bahamas,North America,2000,2.23284006118774
BHS,Bahamas,North America,2010,2.45165990475209
BHS,Bahamas,North America,2011,2.35576638581195
BHS,Bahamas,North America,2012,2.30391197238935
BHS,Bahamas,North America,2013,2.4242884241713
BHS,Bahamas,North America,2014,2.24714705533939
BHS,Bahamas,North America,2015,2.2723175918231
BHS,Bahamas,North America,2016,2.58786212973921
BHS,Bahamas,North America,2017,2.69510162053495
BHS,Bahamas,North America,2018,2.49264112462151
BHS,Bahamas,North America,2019,2.62573176503127
BHS,Bahamas,North America,2020,3.7125229961238
BHS,Bahamas,North America,2021,3.04890655208507
BHS,Bahamas,North America,2022,2.62367021406169
BIH,Bosnia and Herzegovina,Europe,2014,3.31473965674631
BIH,Bosnia and Herzegovina,Europe,2015,3.0181128667772
BIH,Bosnia and Herzegovina,Europe,2016,4.26451015472412
BIH,Bosnia and Herzegovina,Europe,2017,2.83868424239217
BIH,Bosnia and Herzegovina,Europe,2018,3.89297008514404
BIH,Bosnia and Herzegovina,Europe,2019,4.04449987411499
BIH,Bosnia and Herzegovina,Europe,2020,3.01954088371123
BIH,Bosnia and Herzegovina,Europe,2021,4.13622999191284
BIH,Bosnia and Herzegovina,Europe,2022,2.97012986426524
BLR,Belarus,Europe,2000,6.19661998748779
BLR,Belarus,Europe,2004,5.7122597694397
BLR,Belarus,Europe,2005,5.8710298538208
BLR,Belarus,Europe,2006,6.07696008682251
BLR,Belarus,Europe,2007,5.15210008621216
BLR,Belarus,Europe,2009,4.3689398765564
BLR,Belarus,Europe,2010,5.22003984451294
BLR,Belarus,Europe,2011,4.68479013442993
BLR,Belarus,Europe,2012,4.95964002609253
BLR,Belarus,Europe,2013,5.0094199180603
BLR,Belarus,Europe,2014,4.81830978393555
BLR,Belarus,Europe,2015,4.78751993179321
BLR,Belarus,Europe,2016,4.94654989242554
BLR,Belarus,Europe,2017,4.79500007629395
BLR,Belarus,Europe,2018,4.83656978607178
BLR,Belarus,Europe,2019,4.97948980331421
BLR,Belarus,Europe,2020,4.86263990402222
BLR,Belarus,Europe,2021,4.60641002655029
BLR,Belarus,Europe,2022,4.62823009490967
BLZ,Belize,North America,2000,3.68356990814209
BLZ,Belize,North America,2001,4.23519992828369
BLZ,Belize,North America,2003,3.90120005607605
BLZ,Belize,North America,2004,4.0096697807312
BLZ,Belize,North America,2008,4.29996013641357
BLZ,Belize,North America,2009,4.8011999130249
BLZ,Belize,North America,2010,5.24251985549927
BLZ,Belize,North America,2011,5.51786910233588
BLZ,Belize,North America,2012,5.47351989539787
BLZ,Belize,North America,2013,5.12474012374878
BLZ,Belize,North America,2014,5.1395001411438
BLZ,Belize,North America,2015,5.35711002349854
BLZ,Belize,North America,2016,5.72603988647461
BLZ,Belize,North America,2017,5.95071983337402
BLZ,Belize,North America,2018,6.12779998779297
BLZ,Belize,North America,2019,5.96377992630005
BLZ,Belize,North America,2020,5.21301984786987
BLZ,Belize,North America,2021,5.96298980712891
BLZ,Belize,North America,2022,4.60415983200073
BMU,Bermuda,North America,2003,1.6662700176239
BMU,Bermuda,North America,2004,1.77587997913361
BMU,Bermuda,North America,2005,1.98877000808716
BMU,Bermuda,North America,2009,2.28920006752014
BMU,Bermuda,North America,2010,2.30668997764587
BMU,Bermuda,North America,2011,2.19656988306324
BMU,Bermuda,North America,2012,2.38597137100485
BMU,Bermuda,North America,2013,2.2795032068669
BMU,Bermuda,North America,2014,1.5368800163269
BMU,Bermuda,North America,2015,1.50163996219635
BMU,Bermuda,North America,2016,2.03905874199287
BMU,Bermuda,North America,2017,1.32495999336243
BMU,Bermuda,North America,2018,1.93595466792564
BMU,Bermuda,North America,2019,1.92679827239971
BMU,Bermuda,North America,2020,1.74834797496856
BMU,Bermuda,North America,2021,1.94565325816336
BMU,Bermuda,North America,2022,1.77583338857166
BOL,Bolivia,North America,2006,6.43421983718872
BOL,Bolivia,North America,2007,6.7204999923706
BOL,Bolivia,North America,2008,6.72301006317139
BOL,Bolivia,North America,2009,7.57484006881714
BOL,Bolivia,North America,2010,6.97377014160156
BOL,Bolivia,North America,2011,6.45054006576538
BOL,Bolivia,North America,2012,6.62799978256226
BOL,Bolivia,North America,2013,6.80321979522705
BOL,Bolivia,North America,2014,7.47811985015869
BOL,Bolivia,North America,2015,8.1434497833252
BOL,Bolivia,North America,2016,8.15062046051025
BOL,Bolivia,North America,2017,8.09722995758057
BOL,Bolivia,North America,2018,8.01585960388184
BOL,Bolivia,North America,2019,8.09103012084961
BOL,Bolivia,North America,2020,8.43710994720459
BOL,Bolivia,North America,2021,7.96216011047363
BOL,Bolivia,North America,2022,7.57551002502441
BRA,Brazil,North America,2000,3.94893002510071
BRA,Brazil,North America,2001,3.84467005729675
BRA,Brazil,North America,2002,3.75037002563477
BRA,Brazil,North America,2004,3.97448992729187
BRA,Brazil,North America,2005,4.47909021377563
BRA,Brazil,North America,2006,4.87060022354126
BRA,Brazil,North America,2007,4.97426986694336
BRA,Brazil,North America,2008,5.26884984970093
BRA,Brazil,North America,2009,5.46355009078979
BRA,Brazil,North America,2010,5.64879989624023
BRA,Brazil,North America,2011,5.73741006851196
BRA,Brazil,North America,2012,5.85510015487671
BRA,Brazil,North America,2013,5.8388500213623
BRA,Brazil,North America,2014,5.94848012924194
BRA,Brazil,North America,2015,6.24105978012085
BRA,Brazil,North America,2016,6.31403017044067
BRA,Brazil,North America,2017,6.32047986984253
BRA,Brazil,North America,2018,6.08851003646851
BRA,Brazil,North America,2019,5.96346998214722
BRA,Brazil,North America,2020,5.7714900970459
BRA,Brazil,North America,2021,5.4969801902771
BRA,Brazil,North America,2022,5.61920976638794
BRB,Barbados,North America,2000,4.71585988998413
BRB,Barbados,North America,2001,6.05536985397339
BRB,Barbados,North America,2002,5.88062000274658
BRB,Barbados,North America,2003,6.24569988250732
BRB,Barbados,North America,2004,6.02428007125854
BRB,Barbados,North America,2005,5.66965007781982
BRB,Barbados,North America,2007,5.22061014175415
BRB,Barbados,North America,2008,4.92074012756348
BRB,Barbados,North America,2009,5.11040019989014
BRB,Barbados,North America,2010,6.05261993408203
BRB,Barbados,North America,2012,4.58823013305664
BRB,Barbados,North America,2013,4.50306987762451
BRB,Barbados,North America,2014,5.35950994491577
BRB,Barbados,North America,2015,5.15997517232471
BRB,Barbados,North America,2016,4.19719982147217
BRB,Barbados,North America,2017,3.956209897995
BRB,Barbados,North America,2018,5.40447825597088
BRB,Barbados,North America,2019,3.72228002548218
BRB,Barbados,North America,2020,3.86529994010925
BRB,Barbados,North America,2021,4.49793004989624
BRB,Barbados,North America,2022,4.14000988006592
BRN,Brunei,Asia,2000,3.38460993766785
BRN,Brunei,Asia,2010,1.84384000301361
BRN,Brunei,Asia,2011,3.32213997840881
BRN,Brunei,Asia,2012,2.88964009284973
BRN,Brunei,Asia,2014,3.35321998596191
BRN,Brunei,Asia,2016,4.42539978027344
BTN,Bhutan,Asia,2000,5.78675985336304
BTN,Bhutan,Asia,2001,5.44985008239746
BTN,Bhutan,Asia,2004,6.12311983108521
BTN,Bhutan,Asia,2005,6.76420021057129
BTN,Bhutan,Asia,2008,4.56950998306274
BTN,Bhutan,Asia,2009,4.41887998580933
BTN,Bhutan,Asia,2010,3.82318997383118
BTN,Bhutan,Asia,2011,4.31658983230591
BTN,Bhutan,Asia,2013,5.16565990447998
BTN,Bhutan,Asia,2014,5.4618501663208
BTN,Bhutan,Asia,2015,6.92886018753052
BTN,Bhutan,Asia,2016,6.4044599533081
BTN,Bhutan,Asia,2017,6.61724996566772
BTN,Bhutan,Asia,2018,6.47810983657837
BTN,Bhutan,Asia,2019,4.50982783818663
BTN,Bhutan,Asia,2020,5.46991778261464
BTN,Bhutan,Asia,2021,6.5983860642268
BTN,Bhutan,Asia,2022,7.46981980280053
BWA,Botswana,Africa,2005,10.6785898208618
BWA,Botswana,Africa,2007,9.04666996002197
BWA,Botswana,Africa,2009,9.8253002166748
BWA,Botswana,Africa,2011,10.8265537416631
BWA,Botswana,Africa,2012,8.1098729741114
BWA,Botswana,Africa,2013,8.0172064061589
BWA,Botswana,Africa,2014,7.88874188960311
BWA,Botswana,Africa,2015,8.39457941644674
BWA,Botswana,Africa,2016,8.73589296358928
BWA,Botswana,Africa,2017,7.80924443947392
BWA,Botswana,Africa,2018,7.9053860532971
BWA,Botswana,Africa,2019,8.3989966033446
BWA,Botswana,Africa,2020,8.05833660991541
CAF,Central African Republic,Africa,2000,1.61265003681183
CAF,Central African Republic,Africa,2002,1.5195699930191
CAF,Central African Republic,Africa,2003,1.53979003429413
CAF,Central African Republic,Africa,2004,1.6245299577713
CAF,Central African Republic,Africa,2005,1.65222001075745
CAF,Central African Republic,Africa,2006,1.41506004333496
CAF,Central African Republic,Africa,2007,1.31332004070282
CAF,Central African Republic,Africa,2008,1.29000997543335
CAF,Central African Republic,Africa,2009,1.25458002090454
CAF,Central African Republic,Africa,2010,1.11760997772217
CAF,Central African Republic,Africa,2011,1.10792005062103
CAF,Central African Republic,Africa,2012,1.98034724839473
CAF,Central African Republic,Africa,2013,2.63821423826355
CAF,Central African Republic,Africa,2014,2.22015331698693
CAF,Central African Republic,Africa,2015,1.9102285875012
CAF,Central African Republic,Africa,2016,1.75408898250234
CAF,Central African Republic,Africa,2017,1.75365013911465
CAF,Central African Republic,Africa,2018,1.56587596817535
CAF,Central African Republic,Africa,2019,1.76792074637361
CAF,Central African Republic,Africa,2020,2.14468061163977
CAF,Central African Republic,Africa,2021,1.8725169173301
CAF,Central African Republic,Africa,2022,2.11509129476365
CAN,Canada,North America,2000,5.42330980300903
CAN,Canada,North America,2001,4.95304012298584
CAN,Canada,North America,2002,4.99306011199951
CAN,Canada,North America,2005,4.76589012145996
CAN,Canada,North America,2007,4.76642990112305
CAN,Canada,North America,2008,4.62612009048462
CAN,Canada,North America,2009,4.84057998657227
CAN,Canada,North America,2010,5.35637998580933
CAN,Canada,North America,2011,5.26204013824463
CAN,Canada,North America,2013,4.58899021148682
CAN,Canada,North America,2014,4.84358978271484
CAN,Canada,North America,2015,4.73936986923218
CAN,Canada,North America,2016,4.81642007827759
CAN,Canada,North America,2017,4.95998001098633
CAN,Canada,North America,2018,4.88898992538452
CAN,Canada,North America,2019,4.77293014526367
CAN,Canada,North America,2020,4.88794994354248
CAN,Canada,North America,2021,4.74858999252319
CAN,Canada,North America,2022,4.84426021575928
CHE,Switzerland,Europe,2000,4.65878009796143
CHE,Switzerland,Europe,2001,4.82218980789185
CHE,Switzerland,Europe,2002,5.17882013320923
CHE,Switzerland,Europe,2003,5.38400983810425
CHE,Switzerland,Europe,2004,5.3142900466919
CHE,Switzerland,Europe,2005,5.08472013473511
CHE,Switzerland,Europe,2006,4.84120988845825
CHE,Switzerland,Europe,2007,4.58396005630493
CHE,Switzerland,Europe,2008,4.75724983215332
CHE,Switzerland,Europe,2009,4.92561006546021
CHE,Switzerland,Europe,2010,4.80210018157959
CHE,Switzerland,Europe,2011,4.85663986206055
CHE,Switzerland,Europe,2012,4.89862012863159
CHE,Switzerland,Europe,2013,4.91392993927002
CHE,Switzerland,Europe,2014,4.93057012557983
CHE,Switzerland,Europe,2015,4.99560022354126
CHE,Switzerland,Europe,2016,4.98164987564087
CHE,Switzerland,Europe,2017,5.01765012741089
CHE,Switzerland,Europe,2018,4.9300799369812
CHE,Switzerland,Europe,2019,5.01438999176025
CHE,Switzerland,Europe,2020,5.27676010131836
CHE,Switzerland,Europe,2021,5.02535009384155
CHE,Switzerland,Europe,2022,4.86427021026611
CHL,Chile,North America,2000,3.75707006454468
CHL,Chile,North America,2002,4.04881000518799
CHL,Chile,North America,2003,3.91868996620178
CHL,Chile,North America,2004,3.54307007789612
CHL,Chile,North America,2005,3.28016996383667
CHL,Chile,North America,2006,3.04014992713928
CHL,Chile,North America,2007,3.2331600189209
CHL,Chile,North America,2008,3.79189991950989
CHL,Chile,North America,2009,4.25475978851318
CHL,Chile,North America,2010,4.18953990936279
CHL,Chile,North America,2011,4.06173992156982
CHL,Chile,North America,2013,4.54814004898071
CHL,Chile,North America,2014,4.75168991088867
CHL,Chile,North America,2015,4.90390014648438
CHL,Chile,North America,2016,5.36645984649658
CHL,Chile,North America,2017,5.43278980255127
CHL,Chile,North America,2018,5.473060131073
CHL,Chile,North America,2019,5.62629985809326
CHL,Chile,North America,2020,5.62992000579834
CHL,Chile,North America,2021,5.00225019454956
CHL,Chile,North America,2022,4.91201019287109
CIV,Côte d'Ivoire,Africa,2000,2.40031003952026
CIV,Côte d'Ivoire,Africa,2001,2.44477009773254
CIV,Côte d'Ivoire,Africa,2002,2.81047010421753
CIV,Côte d'Ivoire,Africa,2003,2.8643798828125
CIV,Côte d'Ivoire,Africa,2004,2.91176009178162
CIV,Côte d'Ivoire,Africa,2005,2.91943001747131
CIV,Côte d'Ivoire,Africa,2006,2.81998991966248
CIV,Côte d'Ivoire,Africa,2007,3.01614999771118
CIV,Côte d'Ivoire,Africa,2008,3.09853005409241
CIV,Côte d'Ivoire,Africa,2009,3.1739399433136
CIV,Côte d'Ivoire,Africa,2010,3.24651002883911
CIV,Côte d'Ivoire,Africa,2011,2.8657500743866
CIV,Côte d'Ivoire,Africa,2012,3.43445992469788
CIV,Côte d'Ivoire,Africa,2013,3.45859003067017
CIV,Côte d'Ivoire,Africa,2014,3.31416988372803
CIV,Côte d'Ivoire,Africa,2015,3.49412989616394
CIV,Côte d'Ivoire,Africa,2016,3.93593001365662
CIV,Côte d'Ivoire,Africa,2017,3.73654007911682
CIV,Côte d'Ivoire,Africa,2018,3.21164989471436
CIV,Côte d'Ivoire,Africa,2019,3.4130699634552
CIV,Côte d'Ivoire,Africa,2020,3.78674006462097
CIV,Côte d'Ivoire,Africa,2021,3.32717990875244
CIV,Côte d'Ivoire,Africa,2022,3.47484993934631
CMR,Cameroon,Africa,2000,1.70284998416901
CMR,Cameroon,Africa,2001,2.29733991622925
CMR,Cameroon,Africa,2003,2.82259011268616
CMR,Cameroon,Africa,2004,2.79530000686646
CMR,Cameroon,Africa,2005,2.65652990341186
CMR,Cameroon,Africa,2006,2.53990006446838
CMR,Cameroon,Africa,2007,2.87814998626709
CMR,Cameroon,Africa,2008,2.49826002120972
CMR,Cameroon,Africa,2009,2.90790009498596
CMR,Cameroon,Africa,2010,2.84802007675171
CMR,Cameroon,Africa,2011,2.65335988998413
CMR,Cameroon,Africa,2012,2.60304999351502
CMR,Cameroon,Africa,2013,2.65546989440918
CMR,Cameroon,Africa,2014,2.58396005630493
CMR,Cameroon,Africa,2015,2.65791010856628
CMR,Cameroon,Africa,2016,2.56234002113342
CMR,Cameroon,Africa,2017,3.05961990356445
CMR,Cameroon,Africa,2018,3.03096008300781
CMR,Cameroon,Africa,2019,3.0473994932468
CMR,Cameroon,Africa,2020,3.10390139858492
CMR,Cameroon,Africa,2021,2.8493076272306
CMR,Cameroon,Africa,2022,2.65952378267367
COD,DR Congo,Africa,2010,1.5249799489975
COD,DR Congo,Africa,2013,2.06220006942749
COD,DR Congo,Africa,2014,1.95142996311188
COD,DR Congo,Africa,2015,2.17043995857239
COD,DR Congo,Africa,2016,2.1186900138855
COD,DR Congo,Africa,2017,1.45494997501373
COD,DR Congo,Africa,2020,2.62263835311571
COD,DR Congo,Africa,2021,2.66048474102788
COD,DR Congo,Africa,2022,2.84466514463005
COG,Congo,Africa,2002,3.20831990242004
COG,Congo,Africa,2003,2.8361599445343
COG,Congo,Africa,2004,2.28813004493713
COG,Congo,Africa,2005,1.6810200214386
COG,Congo,Africa,2010,5.6867299079895
COG,Congo,Africa,2011,2.64652978173867
COG,Congo,Africa,2012,2.73923061622047
COG,Congo,Africa,2013,5.0138814089415
COG,Congo,Africa,2014,3.18255996704102
COG,Congo,Africa,2015,3.13882994651794
COG,Congo,Africa,2016,4.87114096878621
COG,Congo,Africa,2017,4.17235994338989
COG,Congo,Africa,2018,2.77167010307312
COG,Congo,Africa,2019,3.24716413970868
COG,Congo,Africa,2020,4.22208879466149
COG,Congo,Africa,2021,3.31281536274069
COG,Congo,Africa,2022,2.72738253259215
COL,Colombia,North America,2000,3.5112099647522
COL,Colombia,North America,2001,3.70867991447449
COL,Colombia,North America,2002,4.26812982559204
COL,Colombia,North America,2003,4.32513999938965
COL,Colombia,North America,2004,4.07934999465942
COL,Colombia,North America,2005,4.02098989486694
COL,Colombia,North America,2006,3.91671991348267
COL,Colombia,North America,2007,4.08301019668579
COL,Colombia,North America,2008,3.9387800693512
COL,Colombia,North America,2009,4.77651977539062
COL,Colombia,North America,2010,4.83382987976074
COL,Colombia,North America,2011,4.46608018875122
COL,Colombia,North America,2012,4.37038993835449
COL,Colombia,North America,2013,4.87855005264282
COL,Colombia,North America,2014,4.62945985794067
COL,Colombia,North America,2015,4.47038984298706
COL,Colombia,North America,2016,4.47721004486084
COL,Colombia,North America,2017,4.53551006317139
COL,Colombia,North America,2018,4.44910001754761
COL,Colombia,North America,2019,4.51068019866943
COL,Colombia,North America,2020,5.26166009902954
COM,Comoros,Africa,2002,2.25841999053955
COM,Comoros,Africa,2008,4.42264986038208
COM,Comoros,Africa,2011,2.8304500579834
COM,Comoros,Africa,2012,2.74783992767334
COM,Comoros,Africa,2013,2.3827600479126
COM,Comoros,Africa,2014,2.74472999572754
COM,Comoros,Africa,2015,2.5450599193573
COM,Comoros,Africa,2020,2.37805076679617
COM,Comoros,Africa,2021,2.27485390045927
COM,Comoros,Africa,2022,2.43164424110924
CPV,Cabo Verde,Africa,2002,7.87682008743286
CPV,Cabo Verde,Africa,2004,7.47664022445679
CPV,Cabo Verde,Africa,2006,6.52960014343262
CPV,Cabo Verde,Africa,2007,4.95982980728149
CPV,Cabo Verde,Africa,2008,5.03464984893799
CPV,Cabo Verde,Africa,2009,4.86588001251221
CPV,Cabo Verde,Africa,2010,5.0765700340271
CPV,Cabo Verde,Africa,2011,4.59785985946655
CPV,Cabo Verde,Africa,2012,5.39769575795208
CPV,Cabo Verde,Africa,2013,4.56156015396118
CPV,Cabo Verde,Africa,2014,4.52133989334106
CPV,Cabo Verde,Africa,2015,4.80622005462646
CPV,Cabo Verde,Africa,2016,4.75475978851318
CPV,Cabo Verde,Africa,2017,4.59278011322021
CPV,Cabo Verde,Africa,2018,4.78792270184537
CPV,Cabo Verde,Africa,2019,4.16528987884521
CPV,Cabo Verde,Africa,2020,7.09400702406662
CPV,Cabo Verde,Africa,2021,6.15490303089284
CPV,Cabo Verde,Africa,2022,4.7252554800722
CRI,Costa Rica,North America,2000,4.66695022583008
CRI,Costa Rica,North America,2001,4.83203983306885
CRI,Costa Rica,North America,2002,5.15044021606445
CRI,Costa Rica,North America,2003,5.13373994827271
CRI,Costa Rica,North America,2004,4.89062976837158
CRI,Costa Rica,North America,2006,4.61614990234375
CRI,Costa Rica,North America,2007,4.63449001312256
CRI,Costa Rica,North America,2008,4.88697004318237
CRI,Costa Rica,North America,2009,6.01031017303467
CRI,Costa Rica,North America,2010,6.56575012207031
CRI,Costa Rica,North America,2011,6.37988996505737
CRI,Costa Rica,North America,2012,6.58239984512329
CRI,Costa Rica,North America,2013,6.68738985061646
CRI,Costa Rica,North America,2014,6.67953014373779
CRI,Costa Rica,North America,2015,6.87349987030029
CRI,Costa Rica,North America,2016,6.89395999908447
CRI,Costa Rica,North America,2017,7.06981992721558
CRI,Costa Rica,North America,2018,6.76992988586426
CRI,Costa Rica,North America,2019,6.73809003829956
CRI,Costa Rica,North America,2020,6.62899017333984
CRI,Costa Rica,North America,2021,6.24842977523804
CRI,Costa Rica,North America,2022,5.5472297668457
CUB,Cuba,North America,2000,7.70481014251709
CUB,Cuba,North America,2001,8.3580904006958
CUB,Cuba,North America,2002,9.57116985321045
CUB,Cuba,North America,2003,9.9408597946167
CUB,Cuba,North America,2004,10.2682304382324
CUB,Cuba,North America,2005,10.5577802658081
CUB,Cuba,North America,2006,9.05716991424561
CUB,Cuba,North America,2007,11.8682098388672
CUB,Cuba,North America,2008,14.0590801239014
CUB,Cuba,North America,2009,13.1248598098755
CUB,Cuba,North America,2010,12.8373098373413
CUB,Cuba,North America,2012,11.5516604913797
CUB,Cuba,North America,2013,10.67169596101
CUB,Cuba,North America,2014,9.6074568445536
CUB,Cuba,North America,2015,8.9633578559392
CUB,Cuba,North America,2016,9.01309318032688
CUB,Cuba,North America,2017,8.44413540438793
CUB,Cuba,North America,2018,8.02498461098619
CUB,Cuba,North America,2019,9.04700486137163
CUB,Cuba,North America,2020,11.5248184008093
CUB,Cuba,North America,2021,9.3858620562531
CUB,Cuba,North America,2022,8.44086351669284
CUW,Curaçao,North America,2011,5.64725392834695
CUW,Curaçao,North America,2012,5.38283590387706
CUW,Curaçao,North America,2013,5.11633014678955
CUW,Curaçao,North America,2014,5.95464718602819
CUW,Curaçao,North America,2015,5.95011209033324
CUW,Curaçao,North America,2016,6.23495389518939
CUW,Curaçao,North America,2017,5.91444785594951
CUW,Curaçao,North America,2018,5.93873270793721
CUW,Curaçao,North America,2019,5.81155632881729
CUW,Curaçao,North America,2020,7.11645238834347
CUW,Curaçao,North America,2021,6.18160236726664
CUW,Curaçao,North America,2022,6.08167033605813
CYM,Cayman Islands,North America,2018,2.16376945997106
CYM,Cayman Islands,North America,2019,1.13670003414154
CYM,Cayman Islands,North America,2020,1.45542001724243
CYM,Cayman Islands,North America,2021,1.31253004074097
CYM,Cayman Islands,North America,2022,1.48894000053406
CYP,Cyprus,Asia,2000,4.98954010009766
CYP,Cyprus,Asia,2001,5.11552000045776
CYP,Cyprus,Asia,2002,5.58166980743408
CYP,Cyprus,Asia,2003,6.6702299118042
CYP,Cyprus,Asia,2004,6.11772012710571
CYP,Cyprus,Asia,2005,6.28667020797729
CYP,Cyprus,Asia,2006,6.33027982711792
CYP,Cyprus,Asia,2007,6.28083992004395
CYP,Cyprus,Asia,2008,6.72277021408081
CYP,Cyprus,Asia,2009,7.20547008514404
CYP,Cyprus,Asia,2010,6.52559995651245
CYP,Cyprus,Asia,2011,6.52042007446289
CYP,Cyprus,Asia,2013,6.46747016906738
CYP,Cyprus,Asia,2014,6.42111015319824
CYP,Cyprus,Asia,2015,6.30491018295288
CYP,Cyprus,Asia,2016,6.11811017990112
CYP,Cyprus,Asia,2017,5.69961977005005
CYP,Cyprus,Asia,2019,5.16293001174927
CYP,Cyprus,Asia,2020,5.56462001800537
CYP,Cyprus,Asia,2021,5.08247995376587
CYP,Cyprus,Asia,2022,4.74210977554321
CZE,Czechia,Europe,2000,3.61999011039734
CZE,Czechia,Europe,2001,3.71491003036499
CZE,Czechia,Europe,2002,3.9390299320221
CZE,Czechia,Europe,2003,4.10311985015869
CZE,Czechia,Europe,2004,3.98130011558533
CZE,Czechia,Europe,2005,3.86250996589661
CZE,Czechia,Europe,2006,4.19625997543335
CZE,Czechia,Europe,2007,3.85006999969482
CZE,Czechia,Europe,2008,3.73207998275757
CZE,Czechia,Europe,2009,4.1553201675415
CZE,Czechia,Europe,2010,3.99341988563538
CZE,Czechia,Europe,2011,4.20787000656128
CZE,Czechia,Europe,2012,4.19049978256226
CZE,Czechia,Europe,2013,4.02132987976074
CZE,Czechia,Europe,2014,3.93603992462158
CZE,Czechia,Europe,2015,5.71913003921509
CZE,Czechia,Europe,2016,5.50080013275146
CZE,Czechia,Europe,2017,3.75574994087219
CZE,Czechia,Europe,2018,4.21541023254395
CZE,Czechia,Europe,2019,4.46737003326416
CZE,Czechia,Europe,2020,4.62503004074097
CZE,Czechia,Europe,2021,4.65163993835449
CZE,Czechia,Europe,2022,4.30291986465454
DEU,Germany,Europe,2008,4.47337007522583
DEU,Germany,Europe,2010,4.99525022506714
DEU,Germany,Europe,2011,4.88583993911743
DEU,Germany,Europe,2012,4.83153009414673
DEU,Germany,Europe,2013,4.83911991119385
DEU,Germany,Europe,2014,4.82582998275757
DEU,Germany,Europe,2015,4.76157999038696
DEU,Germany,Europe,2016,4.76321983337402
DEU,Germany,Europe,2017,4.77830982208252
DEU,Germany,Europe,2018,4.88401985168457
DEU,Germany,Europe,2019,5.02757978439331
DEU,Germany,Europe,2020,5.51600980758667
DEU,Germany,Europe,2021,5.36734008789062
DEU,Germany,Europe,2022,5.23916006088257
DJI,Djibouti,Africa,2000,9.65999984741211
DJI,Djibouti,Africa,2001,7.80539989471435
DJI,Djibouti,Africa,2002,8.44758987426758
DJI,Djibouti,Africa,2003,8.88988971710205
DJI,Djibouti,Africa,2004,9.26467037200928
DJI,Djibouti,Africa,2005,8.36588954925537
DJI,Djibouti,Africa,2006,8.27877998352051
DJI,Djibouti,Africa,2007,8.40625
DJI,Djibouti,Africa,2010,4.49022006988525
DJI,Djibouti,Africa,2012,6.35127551762696
DJI,Djibouti,Africa,2013,4.64782533103312
DJI,Djibouti,Africa,2014,4.38407521258509
DJI,Djibouti,Africa,2015,3.59895992279053
DJI,Djibouti,Africa,2016,3.92226004600525
DJI,Djibouti,Africa,2017,3.73344993591309
DJI,Djibouti,Africa,2018,3.75143003463745
DMA,Dominica,North America,2012,4.52896287885139
DMA,Dominica,North America,2013,4.35428103166344
DMA,Dominica,North America,2014,4.33216630134647
DMA,Dominica,North America,2015,3.09856009483337
DMA,Dominica,North America,2016,5.12971951862684
DMA,Dominica,North America,2017,4.71605005720456
DMA,Dominica,North America,2018,5.1536046272165
DMA,Dominica,North America,2019,4.88721990585327
DMA,Dominica,North America,2020,4.45777988433838
DMA,Dominica,North America,2021,5.71689183034862
DMA,Dominica,North America,2022,6.04314243406571
DNK,Denmark,Europe,2000,8.09002017974854
DNK,Denmark,Europe,2001,8.21092987060547
DNK,Denmark,Europe,2002,8.20600032806396
DNK,Denmark,Europe,2003,8.10986042022705
DNK,Denmark,Europe,2004,8.1876802444458
DNK,Denmark,Europe,2005,8.06474018096924
DNK,Denmark,Europe,2006,7.71623992919922
DNK,Denmark,Europe,2007,7.59683990478516
DNK,Denmark,Europe,2008,7.441969871521
DNK,Denmark,Europe,2009,8.41279029846191
DNK,Denmark,Europe,2010,8.55023002624512
DNK,Denmark,Europe,2011,8.47716045379639
DNK,Denmark,Europe,2012,7.24570989608765
DNK,Denmark,Europe,2013,8.46860980987549
DNK,Denmark,Europe,2014,7.63833999633789
DNK,Denmark,Europe,2016,7.71534013748169
DNK,Denmark,Europe,2017,7.3700098991394
DNK,Denmark,Europe,2018,7.32747983932495
DNK,Denmark,Europe,2019,7.27585983276367
DNK,Denmark,Europe,2020,7.38574981689453
DNK,Denmark,Europe,2021,6.95915985107422
DNK,Denmark,Europe,2022,6.35586023330688
DOM,Dominican Republic,North America,2000,1.88829004764557
DOM,Dominican Republic,North America,2001,1.96782994270325
DOM,Dominican Republic,North America,2002,1.9140100479126
DOM,Dominican Republic,North America,2003,1.84465003013611
DOM,Dominican Republic,North America,2007,2.04678010940552
DOM,Dominican Republic,North America,2010,1.88728788680129
DOM,Dominican Republic,North America,2011,1.87925755786153
DOM,Dominican Republic,North America,2013,3.62818152019188
DOM,Dominican Republic,North America,2014,3.62243443144513
DOM,Dominican Republic,North America,2015,3.60400277306673
DOM,Dominican Republic,North America,2016,3.85049560792469
DOM,Dominican Republic,North America,2017,3.92026752279272
DOM,Dominican Republic,North America,2018,3.92849467476802
DOM,Dominican Republic,North America,2019,4.04276873126053
DOM,Dominican Republic,North America,2020,4.51769850778985
DOM,Dominican Republic,North America,2021,3.58043271614957
DOM,Dominican Republic,North America,2022,3.61088872070271
DZA,Algeria,Africa,2008,4.11142015457153
DZA,Algeria,Africa,2010,8.6917709007891
DZA,Algeria,Africa,2011,9.12453448642892
DZA,Algeria,Africa,2012,7.02950889772261
DZA,Algeria,Africa,2013,6.65906035504841
DZA,Algeria,Africa,2014,6.54889841545277
DZA,Algeria,Africa,2015,6.17633014564047
DZA,Algeria,Africa,2016,6.50210843472458
DZA,Algeria,Africa,2017,5.73482350888796
DZA,Algeria,Africa,2018,5.8127512720176
DZA,Algeria,Africa,2019,5.57536563446523
DZA,Algeria,Africa,2020,6.19391724496515
DZA,Algeria,Africa,2021,5.51403281769924
DZA,Algeria,Africa,2022,4.74924673000603
ECU,Ecuador,North America,2000,1.20265996456146
ECU,Ecuador,North America,2009,4.51763010025024
ECU,Ecuador,North America,2010,4.60028982162476
ECU,Ecuador,North America,2011,4.74424982070923
ECU,Ecuador,North America,2012,4.65310001373291
ECU,Ecuador,North America,2013,4.92997980117798
ECU,Ecuador,North America,2014,5.21019983291626
ECU,Ecuador,North America,2015,5.10570001602173
ECU,Ecuador,North America,2016,4.46397668804552
ECU,Ecuador,North America,2017,4.60667733499397
ECU,Ecuador,North America,2018,4.6250260585881
ECU,Ecuador,North America,2019,4.24576997756958
ECU,Ecuador,North America,2020,4.26103019714355
ECU,Ecuador,North America,2021,3.65649008750915
ECU,Ecuador,North America,2022,3.61301994323731
EGY,Egypt,Africa,2003,4.94563007354736
EGY,Egypt,Africa,2004,4.67072010040283
EGY,Egypt,Africa,2005,4.79442977905273
EGY,Egypt,Africa,2006,4.00178003311157
EGY,Egypt,Africa,2007,3.68460988998413
EGY,Egypt,Africa,2008,3.76082992553711
ERI,Eritrea,Africa,2001,4.0471601486206
ERI,Eritrea,Africa,2002,3.52390003204346
ERI,Eritrea,Africa,2004,3.14896988868713
ERI,Eritrea,Africa,2006,2.12700009346008
ESP,Spain,Europe,2000,4.16786003112793
ESP,Spain,Europe,2001,4.11147022247315
ESP,Spain,Europe,2002,4.13351011276245
ESP,Spain,Europe,2003,4.17126989364624
ESP,Spain,Europe,2004,4.15485000610352
ESP,Spain,Europe,2005,4.14090013504028
ESP,Spain,Europe,2006,4.17999982833862
ESP,Spain,Europe,2007,4.24615001678467
ESP,Spain,Europe,2008,4.51630020141602
ESP,Spain,Europe,2009,4.89520978927612
ESP,Spain,Europe,2010,4.83606004714966
ESP,Spain,Europe,2011,4.71897983551025
ESP,Spain,Europe,2012,4.46012020111084
ESP,Spain,Europe,2013,4.32852983474731
ESP,Spain,Europe,2014,4.27524995803833
ESP,Spain,Europe,2015,4.24903011322021
ESP,Spain,Europe,2016,4.19327020645142
ESP,Spain,Europe,2017,4.17846012115479
ESP,Spain,Europe,2018,4.15045022964478
ESP,Spain,Europe,2019,4.20255994796753
ESP,Spain,Europe,2020,4.85118007659912
ESP,Spain,Europe,2021,4.81316995620728
ESP,Spain,Europe,2022,4.58553981781006
EST,Estonia,Europe,2000,5.33945989608765
EST,Estonia,Europe,2001,5.23217010498047
EST,Estonia,Europe,2002,5.433030128479
EST,Estonia,Europe,2003,5.27171993255615
EST,Estonia,Europe,2004,4.87566995620728
EST,Estonia,Europe,2005,4.80935001373291
EST,Estonia,Europe,2007,4.6196699142456
EST,Estonia,Europe,2008,5.48375988006592
EST,Estonia,Europe,2009,5.9597601890564
EST,Estonia,Europe,2010,5.51753997802734
EST,Estonia,Europe,2011,4.99514007568359
EST,Estonia,Europe,2012,4.67340993881226
EST,Estonia,Europe,2013,4.78006982803345
EST,Estonia,Europe,2014,4.32586002349854
EST,Estonia,Europe,2015,5.05127000808716
EST,Estonia,Europe,2016,5.05511999130249
EST,Estonia,Europe,2017,4.86288022994995
EST,Estonia,Europe,2018,5.13962984085083
EST,Estonia,Europe,2019,5.16415023803711
EST,Estonia,Europe,2020,5.44180011749268
EST,Estonia,Europe,2021,5.21514987945557
EST,Estonia,Europe,2022,5.20733976364136
ETH,Ethiopia,Africa,2000,3.88614988327026
ETH,Ethiopia,Africa,2001,3.7002899646759
ETH,Ethiopia,Africa,2002,3.63245010375977
ETH,Ethiopia,Africa,2006,5.49094009399414
ETH,Ethiopia,Africa,2007,5.45110988616943
ETH,Ethiopia,Africa,2008,5.40819978713989
ETH,Ethiopia,Africa,2009,4.42207002639771
ETH,Ethiopia,Africa,2010,4.49659013748169
ETH,Ethiopia,Africa,2011,5.4857702255249
ETH,Ethiopia,Africa,2012,5.56677007675171
ETH,Ethiopia,Africa,2013,4.4985499382019
ETH,Ethiopia,Africa,2014,4.60201978683472
ETH,Ethiopia,Africa,2015,4.73791868878759
ETH,Ethiopia,Africa,2016,5.06151399998447
ETH,Ethiopia,Africa,2017,5.49905076025271
ETH,Ethiopia,Africa,2018,5.22011189522399
ETH,Ethiopia,Africa,2019,4.48086946127054
ETH,Ethiopia,Africa,2020,4.0905654220699
ETH,Ethiopia,Africa,2021,4.06524874309096
ETH,Ethiopia,Africa,2022,3.73649512188829
FIN,Finland,Europe,2000,5.71163988113403
FIN,Finland,Europe,2001,5.84084987640381
FIN,Finland,Europe,2002,6.01865005493164
FIN,Finland,Europe,2003,6.168869972229
FIN,Finland,Europe,2004,6.15823984146118
FIN,Finland,Europe,2005,6.02582979202271
FIN,Finland,Europe,2006,5.92960977554321
FIN,Finland,Europe,2007,5.67164993286133
FIN,Finland,Europe,2008,5.83046007156372
FIN,Finland,Europe,2009,6.45998001098633
FIN,Finland,Europe,2010,6.504310131073
FIN,Finland,Europe,2011,6.45624017715454
FIN,Finland,Europe,2012,7.1715497970581
FIN,Finland,Europe,2013,7.15288019180298
FIN,Finland,Europe,2014,7.13832998275757
FIN,Finland,Europe,2015,7.07199001312256
FIN,Finland,Europe,2016,6.90873003005981
FIN,Finland,Europe,2017,6.40826988220215
FIN,Finland,Europe,2018,6.31771993637085
FIN,Finland,Europe,2019,6.45300006866455
FIN,Finland,Europe,2020,6.6812801361084
FIN,Finland,Europe,2021,6.58820009231567
FIN,Finland,Europe,2022,6.37578010559082
FJI,Fiji,Oceania,2000,5.87773990631104
FJI,Fiji,Oceania,2001,5.6431097984314
FJI,Fiji,Oceania,2002,6.27586984634399
FJI,Fiji,Oceania,2004,6.20915985107422
FJI,Fiji,Oceania,2005,5.16705989837646
FJI,Fiji,Oceania,2006,5.6553201675415
FJI,Fiji,Oceania,2007,5.89472007751465
FJI,Fiji,Oceania,2008,4.25357007980347
FJI,Fiji,Oceania,2009,4.49847984313965
FJI,Fiji,Oceania,2011,4.17305994033813
FJI,Fiji,Oceania,2012,4.46150592221937
FJI,Fiji,Oceania,2013,3.88288998603821
FJI,Fiji,Oceania,2014,3.76960923580896
FJI,Fiji,Oceania,2015,4.80931781024695
FJI,Fiji,Oceania,2016,4.83590249175322
FJI,Fiji,Oceania,2017,4.65119160575452
FJI,Fiji,Oceania,2018,4.79706049383602
FJI,Fiji,Oceania,2019,5.15273175975853
FJI,Fiji,Oceania,2020,5.80519512902055
FJI,Fiji,Oceania,2021,4.8526862712935
FJI,Fiji,Oceania,2022,3.93839539074194
FRA,France,Europe,2017,5.46482992172241
FRA,France,Europe,2018,5.42540979385376
FRA,France,Europe,2019,5.36638021469116
FRA,France,Europe,2020,5.65871000289917
FRA,France,Europe,2021,5.41743993759155
FRA,France,Europe,2022,5.32434988021851
FSM,Micronesia,Oceania,2000,6.70687007904053
FSM,Micronesia,Oceania,2012,11.7192291367391
FSM,Micronesia,Oceania,2013,12.3438831906748
FSM,Micronesia,Oceania,2014,12.2281680903257
FSM,Micronesia,Oceania,2015,12.407919883728
FSM,Micronesia,Oceania,2016,13.814728
FSM,Micronesia,Oceania,2017,12.6815821727019
FSM,Micronesia,Oceania,2018,9.94274464285714
FSM,Micronesia,Oceania,2019,10.6931682741117
FSM,Micronesia,Oceania,2020,11.5591397849462
GAB,Gabon,Africa,2000,3.82709002494812
GAB,Gabon,Africa,2010,3.07808995246887
GAB,Gabon,Africa,2011,2.987459897995
GAB,Gabon,Africa,2012,3.01340007781982
GAB,Gabon,Africa,2013,3.02971005439758
GAB,Gabon,Africa,2014,2.66667008399963
GAB,Gabon,Africa,2015,2.82435985823512
GAB,Gabon,Africa,2016,2.66773089670199
GAB,Gabon,Africa,2017,3.55570801059931
GAB,Gabon,Africa,2018,3.071542956299
GAB,Gabon,Africa,2019,2.87430983233369
GAB,Gabon,Africa,2020,3.39874087928788
GAB,Gabon,Africa,2021,2.7007928993976
GAB,Gabon,Africa,2022,2.20773650357931
GBR,United Kingdom,Europe,2000,4.01820993423462
GBR,United Kingdom,Europe,2001,4.1001501083374
GBR,United Kingdom,Europe,2002,4.61190986633301
GBR,United Kingdom,Europe,2003,4.8012900352478
GBR,United Kingdom,Europe,2004,4.73555994033813
GBR,United Kingdom,Europe,2005,4.92975997924805
GBR,United Kingdom,Europe,2006,4.97648000717163
GBR,United Kingdom,Europe,2007,4.9244499206543
GBR,United Kingdom,Europe,2008,4.90972995758057
GBR,United Kingdom,Europe,2009,5.06263017654419
GBR,United Kingdom,Europe,2010,5.69868993759155
GBR,United Kingdom,Europe,2011,5.57219982147217
GBR,United Kingdom,Europe,2013,5.52529001235962
GBR,United Kingdom,Europe,2014,5.60134983062744
GBR,United Kingdom,Europe,2015,5.55453014373779
GBR,United Kingdom,Europe,2016,5.42795991897583
GBR,United Kingdom,Europe,2017,5.45254993438721
GBR,United Kingdom,Europe,2018,5.20438003540039
GBR,United Kingdom,Europe,2019,5.26116991043091
GBR,United Kingdom,Europe,2020,5.43936014175415
GBR,United Kingdom,Europe,2021,5.90681982040405
GEO,Georgia,Asia,2000,2.18105006217956
GEO,Georgia,Asia,2001,2.13750004768372
GEO,Georgia,Asia,2002,2.23501992225647
GEO,Georgia,Asia,2003,2.06559991836548
GEO,Georgia,Asia,2004,2.91420006752014
GEO,Georgia,Asia,2005,2.48431992530823
GEO,Georgia,Asia,2006,3.00364995002747
GEO,Georgia,Asia,2007,2.69687008857727
GEO,Georgia,Asia,2008,2.9195499420166
GEO,Georgia,Asia,2009,3.22237992286682
GEO,Georgia,Asia,2010,2.76179333360622
GEO,Georgia,Asia,2011,2.5149199962616
GEO,Georgia,Asia,2012,1.86033999919891
GEO,Georgia,Asia,2013,2.8330966857175
GEO,Georgia,Asia,2014,2.94113947736272
GEO,Georgia,Asia,2015,3.10870368877345
GEO,Georgia,Asia,2016,3.52338004112244
GEO,Georgia,Asia,2017,3.52442002296448
GEO,Georgia,Asia,2018,3.46094989776611
GEO,Georgia,Asia,2019,3.82985997200012
GEO,Georgia,Asia,2020,3.80951130708125
GEO,Georgia,Asia,2021,3.59441995620727
GEO,Georgia,Asia,2022,3.75498008728027
GHA,Ghana,Africa,2001,5.35444021224976
GHA,Ghana,Africa,2004,7.53558015823364
GHA,Ghana,Africa,2005,7.42208003997803
GHA,Ghana,Africa,2006,5.14794015884399
GHA,Ghana,Africa,2007,5.51986980438232
GHA,Ghana,Africa,2008,5.75795984268188
GHA,Ghana,Africa,2009,5.31744003295898
GHA,Ghana,Africa,2010,5.54059982299805
GHA,Ghana,Africa,2011,8.14097023010254
GHA,Ghana,Africa,2012,7.91913986206055
GHA,Ghana,Africa,2013,4.57644987106323
GHA,Ghana,Africa,2014,4.39978981018066
GHA,Ghana,Africa,2015,4.43404006958008
GHA,Ghana,Africa,2016,4.3945198059082
GHA,Ghana,Africa,2017,3.53362989425659
GHA,Ghana,Africa,2018,3.8861300945282
GHA,Ghana,Africa,2019,3.15307114842573
GHA,Ghana,Africa,2020,3.40915991351725
GHA,Ghana,Africa,2021,3.4005042684722
GHA,Ghana,Africa,2022,2.90963831638452
GIN,Guinea,Africa,2000,1.7786500453949
GIN,Guinea,Africa,2001,1.42785000801086
GIN,Guinea,Africa,2002,1.77897000312805
GIN,Guinea,Africa,2003,1.62612998485565
GIN,Guinea,Africa,2004,1.5156899690628
GIN,Guinea,Africa,2005,1.26814997196198
GIN,Guinea,Africa,2008,1.58112001419067
GIN,Guinea,Africa,2009,2.20725011825561
GIN,Guinea,Africa,2010,2.55118989944458
GIN,Guinea,Africa,2011,2.28742003440857
GIN,Guinea,Africa,2012,1.83369994163513
GIN,Guinea,Africa,2013,2.63421988487244
GIN,Guinea,Africa,2014,2.42281007766724
GIN,Guinea,Africa,2015,2.51713991165161
GIN,Guinea,Africa,2016,2.54450011253357
GIN,Guinea,Africa,2017,2.3203399181366
GIN,Guinea,Africa,2018,2.38432002067566
GIN,Guinea,Africa,2019,1.85811996459961
GIN,Guinea,Africa,2020,2.44806003570557
GIN,Guinea,Africa,2021,2.04074820610586
GIN,Guinea,Africa,2022,2.00722302981184
GMB,Gambia,Africa,2000,1.46587002277374
GMB,Gambia,Africa,2001,1.15810000896454
GMB,Gambia,Africa,2002,1.44291996955872
GMB,Gambia,Africa,2003,1.36337995529175
GMB,Gambia,Africa,2004,0.622470021247864
GMB,Gambia,Africa,2005,0.691879987716675
GMB,Gambia,Africa,2006,0.751630008220673
GMB,Gambia,Africa,2007,0.816860020160675
GMB,Gambia,Africa,2008,2.18129992485046
GMB,Gambia,Africa,2009,1.90813994407654
GMB,Gambia,Africa,2010,2.56322002410889
GMB,Gambia,Africa,2011,2.50116991996765
GMB,Gambia,Africa,2012,2.63756990432739
GMB,Gambia,Africa,2013,1.81839001178741
GMB,Gambia,Africa,2014,2.23094010353088
GMB,Gambia,Africa,2015,2.16002988815308
GMB,Gambia,Africa,2016,2.0244300365448
GMB,Gambia,Africa,2017,2.45919445096525
GMB,Gambia,Africa,2018,2.36543989181519
GMB,Gambia,Africa,2019,2.80809703332656
GMB,Gambia,Africa,2020,2.88734569797808
GMB,Gambia,Africa,2021,3.04477694635226
GMB,Gambia,Africa,2022,2.89168744551701
GNB,Guinea-Bissau,Africa,2010,1.68221998214722
GNB,Guinea-Bissau,Africa,2011,1.76593005657196
GNB,Guinea-Bissau,Africa,2012,1.8863799571991
GNB,Guinea-Bissau,Africa,2013,2.01027011871338
GRC,Greece,Europe,2000,3.35086011886597
GRC,Greece,Europe,2001,3.47308993339539
GRC,Greece,Europe,2002,3.52255010604858
GRC,Greece,Europe,2003,3.52407002449036
GRC,Greece,Europe,2004,3.76059007644653
GRC,Greece,Europe,2005,4.0549201965332
GRC,Greece,Europe,2015,3.68238997459412
GRC,Greece,Europe,2017,3.46778011322021
GRC,Greece,Europe,2018,3.57626008987427
GRC,Greece,Europe,2019,3.55062007904053
GRC,Greece,Europe,2022,3.37547993659973
GRD,Grenada,North America,2003,3.92673993110657
GRD,Grenada,North America,2010,5.07508233496978
GRD,Grenada,North America,2011,5.48532342071091
GRD,Grenada,North America,2012,5.07225880686028
GRD,Grenada,North America,2014,4.47756594772942
GRD,Grenada,North America,2015,4.23861035989182
GRD,Grenada,North America,2017,3.17379999160767
GRD,Grenada,North America,2018,3.55919341882594
GRD,Grenada,North America,2021,4.09030334217367
GRD,Grenada,North America,2022,4.03767284869161
GTM,Guatemala,North America,2006,3.03285002708435
GTM,Guatemala,North America,2007,3.08809995651245
GTM,Guatemala,North America,2008,3.23686003684998
GTM,Guatemala,North America,2010,2.84864997863769
GTM,Guatemala,North America,2011,2.96865010261536
GTM,Guatemala,North America,2012,3.00524997711182
GTM,Guatemala,North America,2013,2.88808989524841
GTM,Guatemala,North America,2014,2.98563003540039
GTM,Guatemala,North America,2015,3.03032994270325
GTM,Guatemala,North America,2016,2.94474005699158
GTM,Guatemala,North America,2017,2.95009994506836
GTM,Guatemala,North America,2018,3.13193988800049
GTM,Guatemala,North America,2019,3.19297003746033
GTM,Guatemala,North America,2020,3.29485011100769
GTM,Guatemala,North America,2021,3.09189009666443
GTM,Guatemala,North America,2022,3.20787000656128
GUY,Guyana,North America,2000,8.48414993286133
GUY,Guyana,North America,2001,8.39729022979736
GUY,Guyana,North America,2002,8.36553955078125
GUY,Guyana,North America,2003,6.95590019226074
GUY,Guyana,North America,2004,5.51291990280151
GUY,Guyana,North America,2005,8.13973045349121
GUY,Guyana,North America,2006,3.11891007423401
GUY,Guyana,North America,2007,2.39117002487183
GUY,Guyana,North America,2009,2.15057992935181
GUY,Guyana,North America,2010,2.40938997268677
GUY,Guyana,North America,2011,2.50669002532959
GUY,Guyana,North America,2012,2.24131989479065
GUY,Guyana,North America,2014,4.36033010482788
GUY,Guyana,North America,2015,3.89569997787476
GUY,Guyana,North America,2016,4.73775005340576
GUY,Guyana,North America,2017,4.6647801399231
GUY,Guyana,North America,2018,4.45058012008667
HKG,Hong Kong,Asia,2001,3.90370011329651
HKG,Hong Kong,Asia,2002,4.01555013656616
HKG,Hong Kong,Asia,2003,4.28530979156494
HKG,Hong Kong,Asia,2004,4.55894994735718
HKG,Hong Kong,Asia,2005,4.13463020324707
HKG,Hong Kong,Asia,2006,3.84278011322021
HKG,Hong Kong,Asia,2007,3.45455002784729
HKG,Hong Kong,Asia,2008,3.2606201171875
HKG,Hong Kong,Asia,2009,4.39211988449097
HKG,Hong Kong,Asia,2010,3.5100200176239
HKG,Hong Kong,Asia,2011,3.41823005676269
HKG,Hong Kong,Asia,2012,3.50960993766785
HKG,Hong Kong,Asia,2013,3.76031994819641
HKG,Hong Kong,Asia,2014,3.57254004478455
HKG,Hong Kong,Asia,2015,3.26210999488831
HKG,Hong Kong,Asia,2016,3.29269003868103
HKG,Hong Kong,Asia,2017,3.30989003181458
HKG,Hong Kong,Asia,2018,3.32624006271362
HKG,Hong Kong,Asia,2019,3.81017994880676
HKG,Hong Kong,Asia,2020,4.40563011169434
HKG,Hong Kong,Asia,2021,4.00030994415283
HKG,Hong Kong,Asia,2022,3.72866988182068
HND,Honduras,North America,2012,6.29972793577391
HND,Honduras,North America,2013,5.87493991851807
HND,Honduras,North America,2014,7.09010982513428
HND,Honduras,North America,2015,6.41298007965088
HND,Honduras,North America,2016,6.09509492079297
HND,Honduras,North America,2017,5.74434396129576
HND,Honduras,North America,2018,6.05646991729736
HND,Honduras,North America,2019,5.98198266311593
HND,Honduras,North America,2020,6.09801328648889
HND,Honduras,North America,2021,5.88160201792279
HND,Honduras,North America,2022,4.48280030802056
HRV,Croatia,Europe,2002,3.82305002212524
HRV,Croatia,Europe,2003,3.87019991874695
HRV,Croatia,Europe,2004,3.82386994361877
HRV,Croatia,Europe,2007,3.96898007392883
HRV,Croatia,Europe,2008,4.2783899307251
HRV,Croatia,Europe,2009,4.36217021942139
HRV,Croatia,Europe,2010,4.20651006698608
HRV,Croatia,Europe,2011,4.10584020614624
HRV,Croatia,Europe,2013,4.50127983093262
HRV,Croatia,Europe,2017,3.87207007408142
HRV,Croatia,Europe,2018,3.92432999610901
HRV,Croatia,Europe,2019,3.94555997848511
HRV,Croatia,Europe,2020,4.40854978561401
HRV,Croatia,Europe,2021,4.0916600227356
HTI,Haiti,North America,2014,1.75226998329163
HTI,Haiti,North America,2015,1.85497999191284
HTI,Haiti,North America,2016,1.38776004314423
HTI,Haiti,North America,2017,1.49846994876862
HTI,Haiti,North America,2018,1.63715994358063
HTI,Haiti,North America,2019,1.08414978067408
HTI,Haiti,North America,2020,1.11353641558643
HTI,Haiti,North America,2021,1.24275181117048
HTI,Haiti,North America,2022,1.02689812206798
HUN,Hungary,Europe,2000,4.8624701499939
HUN,Hungary,Europe,2001,4.92643976211548
HUN,Hungary,Europe,2002,5.17711019515991
HUN,Hungary,Europe,2003,5.79872989654541
HUN,Hungary,Europe,2004,5.33301019668579
HUN,Hungary,Europe,2005,5.32539987564087
HUN,Hungary,Europe,2006,5.29485988616943
HUN,Hungary,Europe,2007,5.13725996017456
HUN,Hungary,Europe,2008,4.97069978713989
HUN,Hungary,Europe,2009,4.95626020431519
HUN,Hungary,Europe,2010,4.73365020751953
HUN,Hungary,Europe,2011,4.57056999206543
HUN,Hungary,Europe,2012,4.15359020233154
HUN,Hungary,Europe,2013,4.19040012359619
HUN,Hungary,Europe,2014,4.59878015518188
HUN,Hungary,Europe,2015,4.49287986755371
HUN,Hungary,Europe,2016,4.60210990905762
HUN,Hungary,Europe,2017,4.64034986495972
HUN,Hungary,Europe,2018,4.60567998886108
HUN,Hungary,Europe,2019,4.20140981674194
HUN,Hungary,Europe,2020,4.12265014648438
HUN,Hungary,Europe,2021,4.65407991409302
HUN,Hungary,Europe,2022,3.8011999130249
IDN,Indonesia,Asia,2001,2.46003007888794
IDN,Indonesia,Asia,2002,2.64568996429443
IDN,Indonesia,Asia,2003,3.21799993515015
IDN,Indonesia,Asia,2004,2.74846005439758
IDN,Indonesia,Asia,2005,2.87281990051269
IDN,Indonesia,Asia,2007,3.04426002502441
IDN,Indonesia,Asia,2008,2.90190005302429
IDN,Indonesia,Asia,2009,3.52513003349304
IDN,Indonesia,Asia,2010,2.81227993965149
IDN,Indonesia,Asia,2011,3.18944001197815
IDN,Indonesia,Asia,2012,3.40748000144958
IDN,Indonesia,Asia,2013,3.35904002189636
IDN,Indonesia,Asia,2014,3.28800988197327
IDN,Indonesia,Asia,2015,3.58361005783081
IDN,Indonesia,Asia,2016,1.21023452496964
IDN,Indonesia,Asia,2017,1.05324382490056
IDN,Indonesia,Asia,2018,0.994436460846179
IDN,Indonesia,Asia,2019,0.964399077622927
IDN,Indonesia,Asia,2020,1.01593221347809
IDN,Indonesia,Asia,2021,1.03221750658374
IDN,Indonesia,Asia,2022,0.863943349575907
IND,India,Asia,2000,4.32480001449585
IND,India,Asia,2003,3.61342000961304
IND,India,Asia,2004,3.35254001617432
IND,India,Asia,2005,3.18876004219055
IND,India,Asia,2006,3.14284992218018
IND,India,Asia,2009,3.27824997901917
IND,India,Asia,2010,3.377690076828
IND,India,Asia,2011,3.79618000984192
IND,India,Asia,2012,3.8675000667572
IND,India,Asia,2013,3.84467005729675
IND,India,Asia,2014,3.89878023242693
IND,India,Asia,2015,4.1145601272583
IND,India,Asia,2016,4.25406980514526
IND,India,Asia,2017,4.30543994903565
IND,India,Asia,2018,4.36374998092651
IND,India,Asia,2019,3.89732003211975
IND,India,Asia,2020,4.29335021972656
IND,India,Asia,2021,4.62949991226196
IND,India,Asia,2022,4.09865814174589
IRL,Ireland,Europe,2000,4.13226985931396
IRL,Ireland,Europe,2001,4.08750009536743
IRL,Ireland,Europe,2002,4.10487985610962
IRL,Ireland,Europe,2003,4.20493984222412
IRL,Ireland,Europe,2004,4.48295021057129
IRL,Ireland,Europe,2005,4.51897001266479
IRL,Ireland,Europe,2006,4.54742002487183
IRL,Ireland,Europe,2007,4.71541976928711
IRL,Ireland,Europe,2008,5.45828008651733
IRL,Ireland,Europe,2009,6.15609979629517
IRL,Ireland,Europe,2010,6.04835987091065
IRL,Ireland,Europe,2011,5.77199983596802
IRL,Ireland,Europe,2012,5.70776987075806
IRL,Ireland,Europe,2013,5.23177003860474
IRL,Ireland,Europe,2014,4.73554992675781
IRL,Ireland,Europe,2015,3.62438988685608
IRL,Ireland,Europe,2016,3.65881991386414
IRL,Ireland,Europe,2017,3.37737011909485
IRL,Ireland,Europe,2018,3.30347990989685
IRL,Ireland,Europe,2019,3.22984004020691
IRL,Ireland,Europe,2020,3.19163990020752
IRL,Ireland,Europe,2021,2.90461993217468
IRN,Iran,Asia,2000,4.03064012527466
IRN,Iran,Asia,2001,4.07168006896973
IRN,Iran,Asia,2002,4.48487997055054
IRN,Iran,Asia,2003,4.36323022842407
IRN,Iran,Asia,2004,4.29662990570068
IRN,Iran,Asia,2005,4.05651998519897
IRN,Iran,Asia,2006,4.28998994827271
IRN,Iran,Asia,2007,4.59681987762451
IRN,Iran,Asia,2008,3.91376996040344
IRN,Iran,Asia,2009,3.84244990348816
IRN,Iran,Asia,2010,3.70917010307312
IRN,Iran,Asia,2011,3.48497009277344
IRN,Iran,Asia,2012,2.93899989128113
IRN,Iran,Asia,2013,2.85279011726379
IRN,Iran,Asia,2014,2.61668992042542
IRN,Iran,Asia,2015,2.62911009788513
IRN,Iran,Asia,2016,3.17396998405456
IRN,Iran,Asia,2017,3.45956993103027
IRN,Iran,Asia,2018,3.61980009078979
IRN,Iran,Asia,2019,3.24005007743835
IRN,Iran,Asia,2020,3.20495009422302
IRN,Iran,Asia,2022,2.6699800491333
ISL,Iceland,Europe,2000,6.4314398765564
ISL,Iceland,Europe,2001,6.70591020584106
ISL,Iceland,Europe,2002,7.29892015457153
ISL,Iceland,Europe,2003,7.24507999420166
ISL,Iceland,Europe,2004,7.16119003295898
ISL,Iceland,Europe,2005,7.33842992782593
ISL,Iceland,Europe,2006,7.19518995285034
ISL,Iceland,Europe,2007,6.94434022903442
ISL,Iceland,Europe,2008,7.03599977493286
ISL,Iceland,Europe,2009,7.18984985351562
ISL,Iceland,Europe,2010,6.94422006607056
ISL,Iceland,Europe,2011,6.78996992111206
ISL,Iceland,Europe,2012,7.58223009109497
ISL,Iceland,Europe,2013,7.44866991043091
ISL,Iceland,Europe,2014,7.6414098739624
ISL,Iceland,Europe,2015,7.45796012878418
ISL,Iceland,Europe,2016,7.43221998214722
ISL,Iceland,Europe,2017,7.58384990692139
ISL,Iceland,Europe,2018,7.56350994110107
ISL,Iceland,Europe,2019,7.60129976272583
ISL,Iceland,Europe,2020,8.5838098526001
ISL,Iceland,Europe,2021,8.2265796661377
ISL,Iceland,Europe,2022,7.30798006057739
ISR,Israel,Asia,2000,5.93116998672485
ISR,Israel,Asia,2001,6.17636013031006
ISR,Israel,Asia,2002,6.24923992156982
ISR,Israel,Asia,2003,6.13486003875732
ISR,Israel,Asia,2004,5.75040006637573
ISR,Israel,Asia,2005,5.56489992141724
ISR,Israel,Asia,2006,5.58409023284912
ISR,Israel,Asia,2007,5.33169984817505
ISR,Israel,Asia,2008,5.40716981887817
ISR,Israel,Asia,2009,5.34174013137817
ISR,Israel,Asia,2010,5.40408992767334
ISR,Israel,Asia,2011,5.42928981781006
ISR,Israel,Asia,2012,5.56122016906738
ISR,Israel,Asia,2013,5.76972007751465
ISR,Israel,Asia,2014,5.69225978851318
ISR,Israel,Asia,2015,5.79657983779907
ISR,Israel,Asia,2016,5.80271005630493
ISR,Israel,Asia,2017,6.00425004959106
ISR,Israel,Asia,2018,6.06919002532959
ISR,Israel,Asia,2019,6.06899976730347
ISR,Israel,Asia,2020,6.51824998855591
ISR,Israel,Asia,2021,6.16727018356323
ISR,Israel,Asia,2022,5.93291997909546
ITA,Italy,Europe,2000,4.27996015548706
ITA,Italy,Europe,2001,4.63416004180908
ITA,Italy,Europe,2002,4.41520977020264
ITA,Italy,Europe,2003,4.52654981613159
ITA,Italy,Europe,2004,4.37002992630005
ITA,Italy,Europe,2005,4.22292995452881
ITA,Italy,Europe,2006,4.50464010238647
ITA,Italy,Europe,2007,4.08763980865479
ITA,Italy,Europe,2008,4.37188005447388
ITA,Italy,Europe,2009,4.50414991378784
ITA,Italy,Europe,2010,4.31626987457275
ITA,Italy,Europe,2011,4.09431982040405
ITA,Italy,Europe,2012,4.03481006622315
ITA,Italy,Europe,2013,4.12192010879517
ITA,Italy,Europe,2014,4.04026985168457
ITA,Italy,Europe,2015,4.05422019958496
ITA,Italy,Europe,2016,3.795490026474
ITA,Italy,Europe,2017,4.02662992477417
ITA,Italy,Europe,2018,4.24094009399414
ITA,Italy,Europe,2019,4.07843017578125
ITA,Italy,Europe,2020,4.41803979873657
ITA,Italy,Europe,2021,4.17118978500366
ITA,Italy,Europe,2022,4.06775999069214
JAM,Jamaica,North America,2000,4.98346996307373
JAM,Jamaica,North America,2001,5.38103008270264
JAM,Jamaica,North America,2002,5.37522983551025
JAM,Jamaica,North America,2003,4.25684976577759
JAM,Jamaica,North America,2004,3.91254997253418
JAM,Jamaica,North America,2005,4.61641979217529
JAM,Jamaica,North America,2007,5.49022006988525
JAM,Jamaica,North America,2008,6.19131994247437
JAM,Jamaica,North America,2009,6.19848012924194
JAM,Jamaica,North America,2010,6.37058019638062
JAM,Jamaica,North America,2011,6.26664018630981
JAM,Jamaica,North America,2012,6.1124701499939
JAM,Jamaica,North America,2013,6.25106000900269
JAM,Jamaica,North America,2014,6.01584005355835
JAM,Jamaica,North America,2015,5.45523023605347
JAM,Jamaica,North America,2016,5.31459999084473
JAM,Jamaica,North America,2017,5.26015996932983
JAM,Jamaica,North America,2018,5.41379022598267
JAM,Jamaica,North America,2019,5.16364002227783
JAM,Jamaica,North America,2020,5.38065828197341
JAM,Jamaica,North America,2021,5.63122987747192
JAM,Jamaica,North America,2022,5.35435009002685
JOR,Jordan,Asia,2010,3.16850989003323
JOR,Jordan,Asia,2011,3.59900580598478
JOR,Jordan,Asia,2012,3.63716008451231
JOR,Jordan,Asia,2013,3.78372228032099
JOR,Jordan,Asia,2014,3.76692408663556
JOR,Jordan,Asia,2015,3.71272133351629
JOR,Jordan,Asia,2016,3.45282006263733
JOR,Jordan,Asia,2017,3.21305990219116
JOR,Jordan,Asia,2018,2.95461988449097
JOR,Jordan,Asia,2019,2.98846006393433
JOR,Jordan,Asia,2020,3.55303483980158
JOR,Jordan,Asia,2021,3.13837003707886
JOR,Jordan,Asia,2022,3.15300011634827
JPN,Japan,Asia,2000,3.46011996269226
JPN,Japan,Asia,2001,3.40082001686096
JPN,Japan,Asia,2002,3.40898990631104
JPN,Japan,Asia,2003,3.46662998199463
JPN,Japan,Asia,2004,3.42611002922058
JPN,Japan,Asia,2005,3.31493997573852
JPN,Japan,Asia,2006,3.27667999267578
JPN,Japan,Asia,2007,3.27934002876282
JPN,Japan,Asia,2008,3.27241992950439
JPN,Japan,Asia,2010,3.59951996803284
JPN,Japan,Asia,2011,3.60526990890503
JPN,Japan,Asia,2012,3.41945004463196
JPN,Japan,Asia,2013,3.40874004364014
JPN,Japan,Asia,2014,3.41529989242554
JPN,Japan,Asia,2015,3.31221008300781
JPN,Japan,Asia,2016,3.14643001556396
JPN,Japan,Asia,2017,3.13057994842529
JPN,Japan,Asia,2018,3.07782006263733
JPN,Japan,Asia,2019,3.15533995628357
JPN,Japan,Asia,2020,3.30628991127014
JPN,Japan,Asia,2021,3.33663988113403
KAZ,Kazakhstan,Asia,2000,3.25662994384766
KAZ,Kazakhstan,Asia,2002,3.02970004081726
KAZ,Kazakhstan,Asia,2004,2.25590991973877
KAZ,Kazakhstan,Asia,2005,2.26353001594544
KAZ,Kazakhstan,Asia,2006,2.62679004669189
KAZ,Kazakhstan,Asia,2007,2.83138990402222
KAZ,Kazakhstan,Asia,2008,2.58946990966797
KAZ,Kazakhstan,Asia,2009,3.06072998046875
KAZ,Kazakhstan,Asia,2010,3.58735481721566
KAZ,Kazakhstan,Asia,2011,3.6143401736456
KAZ,Kazakhstan,Asia,2012,3.90163701288194
KAZ,Kazakhstan,Asia,2013,3.44564886564109
KAZ,Kazakhstan,Asia,2014,3.42903954512824
KAZ,Kazakhstan,Asia,2015,2.78858995437622
KAZ,Kazakhstan,Asia,2016,2.9780900478363
KAZ,Kazakhstan,Asia,2017,2.75081992149353
KAZ,Kazakhstan,Asia,2018,2.61595010757446
KAZ,Kazakhstan,Asia,2019,2.8569700717926
KAZ,Kazakhstan,Asia,2020,4.44620380169618
KAZ,Kazakhstan,Asia,2021,4.38569397571466
KAZ,Kazakhstan,Asia,2022,4.36185360851405
KEN,Kenya,Africa,2000,5.1867299079895
KEN,Kenya,Africa,2001,5.20621013641357
KEN,Kenya,Africa,2002,6.17199993133545
KEN,Kenya,Africa,2003,6.49428987503052
KEN,Kenya,Africa,2004,6.79693984985352
KEN,Kenya,Africa,2005,7.3356499671936
KEN,Kenya,Africa,2006,7.04981994628906
KEN,Kenya,Africa,2010,4.81548976898193
KEN,Kenya,Africa,2011,4.70012998580933
KEN,Kenya,Africa,2012,4.93122005462646
KEN,Kenya,Africa,2013,4.83721017837524
KEN,Kenya,Africa,2014,4.7172999382019
KEN,Kenya,Africa,2015,4.74349021911621
KEN,Kenya,Africa,2016,4.89518022537231
KEN,Kenya,Africa,2017,4.96308994293213
KEN,Kenya,Africa,2018,5.10761976242065
KEN,Kenya,Africa,2019,5.37359210998097
KEN,Kenya,Africa,2020,5.04574892454155
KEN,Kenya,Africa,2021,4.89040202257195
KEN,Kenya,Africa,2022,4.51101801829815
KGZ,Kyrgyzstan,Asia,2000,3.50838994979858
KGZ,Kyrgyzstan,Asia,2001,3.85418009757996
KGZ,Kyrgyzstan,Asia,2002,4.44545984268188
KGZ,Kyrgyzstan,Asia,2003,4.47541999816895
KGZ,Kyrgyzstan,Asia,2004,4.62243986129761
KGZ,Kyrgyzstan,Asia,2005,4.87384986877441
KGZ,Kyrgyzstan,Asia,2006,5.54987001419067
KGZ,Kyrgyzstan,Asia,2007,6.46697998046875
KGZ,Kyrgyzstan,Asia,2008,5.91317987442017
KGZ,Kyrgyzstan,Asia,2009,6.23267984390259
KGZ,Kyrgyzstan,Asia,2010,5.81884002685547
KGZ,Kyrgyzstan,Asia,2011,6.79061985015869
KGZ,Kyrgyzstan,Asia,2012,7.38423013687134
KGZ,Kyrgyzstan,Asia,2013,6.78020000457764
KGZ,Kyrgyzstan,Asia,2014,5.53159999847412
KGZ,Kyrgyzstan,Asia,2015,5.98551988601685
KGZ,Kyrgyzstan,Asia,2016,6.58616018295288
KGZ,Kyrgyzstan,Asia,2017,6.02618980407715
KGZ,Kyrgyzstan,Asia,2018,5.55267000198364
KGZ,Kyrgyzstan,Asia,2019,5.0802698135376
KGZ,Kyrgyzstan,Asia,2020,5.7331600189209
KGZ,Kyrgyzstan,Asia,2021,5.16667985916138
KGZ,Kyrgyzstan,Asia,2022,7.16884382244099
KHM,Cambodia,Asia,2000,1.64869999885559
KHM,Cambodia,Asia,2001,1.6550600528717
KHM,Cambodia,Asia,2002,1.62863004207611
KHM,Cambodia,Asia,2004,1.56035995483398
KHM,Cambodia,Asia,2007,1.36423003673553
KHM,Cambodia,Asia,2009,1.38576996326447
KHM,Cambodia,Asia,2010,1.24872994422913
KHM,Cambodia,Asia,2011,1.20887994766235
KHM,Cambodia,Asia,2012,1.23062002658844
KHM,Cambodia,Asia,2013,1.57648003101349
KHM,Cambodia,Asia,2014,1.44690001010895
KHM,Cambodia,Asia,2018,1.60336995124817
KHM,Cambodia,Asia,2019,2.13345387893978
KHM,Cambodia,Asia,2020,2.2476462495972
KHM,Cambodia,Asia,2021,1.96232691812756
KHM,Cambodia,Asia,2022,1.95793279576416
KIR,Kiribati,Oceania,2000,10.0424404144287
KIR,Kiribati,Oceania,2001,11.649169921875
KIR,Kiribati,Oceania,2012,12.499488
KIR,Kiribati,Oceania,2013,12.0902942583732
KIR,Kiribati,Oceania,2014,11.513136036036
KIR,Kiribati,Oceania,2015,10.7683901960784
KIR,Kiribati,Oceania,2016,11.646473381295
KIR,Kiribati,Oceania,2017,11.4761649484536
KIR,Kiribati,Oceania,2018,12.9204194888179
KIR,Kiribati,Oceania,2019,14.5197413461539
KIR,Kiribati,Oceania,2020,16.2303756141975
KIR,Kiribati,Oceania,2021,13.9871516883117
KIR,Kiribati,Oceania,2022,14.7860312820513
KNA,Saint Kitts and Nevis,North America,2000,4.74038982391357
KNA,Saint Kitts and Nevis,North America,2001,4.4215497970581
KNA,Saint Kitts and Nevis,North America,2002,3.92051005363464
KNA,Saint Kitts and Nevis,North America,2003,3.79099011421204
KNA,Saint Kitts and Nevis,North America,2004,3.9713499546051
KNA,Saint Kitts and Nevis,North America,2005,3.83144998550415
KNA,Saint Kitts and Nevis,North America,2006,4.05925989151001
KNA,Saint Kitts and Nevis,North America,2007,4.1938099861145
KNA,Saint Kitts and Nevis,North America,2010,2.54554015619203
KNA,Saint Kitts and Nevis,North America,2011,2.49706527276352
KNA,Saint Kitts and Nevis,North America,2012,2.49200145387318
KNA,Saint Kitts and Nevis,North America,2013,3.26205857202123
KNA,Saint Kitts and Nevis,North America,2014,2.85307503792741
KNA,Saint Kitts and Nevis,North America,2015,2.54938006401062
KNA,Saint Kitts and Nevis,North America,2016,3.00076147453842
KNA,Saint Kitts and Nevis,North America,2017,2.77100327979144
KNA,Saint Kitts and Nevis,North America,2018,3.03524983830349
KNA,Saint Kitts and Nevis,North America,2019,2.72889566429639
KNA,Saint Kitts and Nevis,North America,2020,3.10568635584663
KNA,Saint Kitts and Nevis,North America,2021,2.78379011154175
KNA,Saint Kitts and Nevis,North America,2022,3.5579615526858
KOR,South Korea,Asia,2015,4.24247980117798
KOR,South Korea,Asia,2016,4.11502981185913
KOR,South Korea,Asia,2017,4.10775995254517
KOR,South Korea,Asia,2018,4.21645021438599
KOR,South Korea,Asia,2019,4.41813993453979
KOR,South Korea,Asia,2020,4.52706003189087
KOR,South Korea,Asia,2021,4.55590009689331
KOR,South Korea,Asia,2022,5.40910005569458
KWT,Kuwait,Asia,2001,6.5858302116394
KWT,Kuwait,Asia,2002,6.551109790802
KWT,Kuwait,Asia,2004,5.53506994247437
KWT,Kuwait,Asia,2005,4.73833990097046
KWT,Kuwait,Asia,2006,3.75997996330261
KWT,Kuwait,Asia,2016,5.95593958839578
KWT,Kuwait,Asia,2017,6.35444222156987
KWT,Kuwait,Asia,2018,6.39165256830382
KWT,Kuwait,Asia,2019,6.72789551402991
KWT,Kuwait,Asia,2020,6.24513034913966
KWT,Kuwait,Asia,2021,7.76246706467929
KWT,Kuwait,Asia,2022,6.58236499988891
LAO,Laos,Asia,2000,1.50369000434876
LAO,Laos,Asia,2001,1.9902800321579
LAO,Laos,Asia,2002,2.82522010803223
LAO,Laos,Asia,2004,2.41300010681152
LAO,Laos,Asia,2005,2.4140899181366
LAO,Laos,Asia,2006,2.95879006385803
LAO,Laos,Asia,2007,3.07841992378235
LAO,Laos,Asia,2008,2.27854990959167
LAO,Laos,Asia,2009,1.65485000610352
LAO,Laos,Asia,2010,1.70978999137878
LAO,Laos,Asia,2011,1.70801997184753
LAO,Laos,Asia,2012,1.82147002220154
LAO,Laos,Asia,2013,3.23380994796753
LAO,Laos,Asia,2014,2.93781995773315
LAO,Laos,Asia,2015,2.73689787884215
LAO,Laos,Asia,2016,2.77442976110388
LAO,Laos,Asia,2017,2.49797261414021
LAO,Laos,Asia,2018,2.33501229018316
LAO,Laos,Asia,2019,2.12201393748998
LAO,Laos,Asia,2020,1.91597273223857
LAO,Laos,Asia,2021,1.85949176876536
LAO,Laos,Asia,2022,1.46083440434069
LBN,Lebanon,Asia,2001,2.84148001670837
LBN,Lebanon,Asia,2002,2.55271005630493
LBN,Lebanon,Asia,2004,2.64094996452331
LBN,Lebanon,Asia,2005,2.64619994163513
LBN,Lebanon,Asia,2006,2.77976989746094
LBN,Lebanon,Asia,2007,2.58357000350952
LBN,Lebanon,Asia,2008,2.01479005813599
LBN,Lebanon,Asia,2009,1.76570999622345
LBN,Lebanon,Asia,2010,1.61330997943878
LBN,Lebanon,Asia,2011,1.65251994132996
LBN,Lebanon,Asia,2012,2.14902997016907
LBN,Lebanon,Asia,2013,2.4339599609375
LBN,Lebanon,Asia,2016,2.17820270841405
LBN,Lebanon,Asia,2017,2.21606844423238
LBN,Lebanon,Asia,2018,2.6165251225734
LBN,Lebanon,Asia,2019,2.51957250612723
LBN,Lebanon,Asia,2020,2.4354185601396
LBN,Lebanon,Asia,2022,1.33151427628711
LBR,Liberia,Africa,2008,1.70166003704071
LBR,Liberia,Africa,2012,1.77711999416351
LBR,Liberia,Africa,2013,1.69078004360199
LBR,Liberia,Africa,2014,2.20005011558533
LBR,Liberia,Africa,2015,2.11587468207978
LBR,Liberia,Africa,2016,2.11479684223088
LBR,Liberia,Africa,2017,2.66330003738403
LBR,Liberia,Africa,2018,2.50391006469727
LBR,Liberia,Africa,2019,2.16508193926132
LBR,Liberia,Africa,2020,2.13601415111746
LBR,Liberia,Africa,2021,2.4235999584198
LBR,Liberia,Africa,2022,2.2760960068702
LCA,Saint Lucia,North America,2001,5.70733022689819
LCA,Saint Lucia,North America,2003,3.53449010848999
LCA,Saint Lucia,North America,2004,3.43646001815796
LCA,Saint Lucia,North America,2005,4.23895978927612
LCA,Saint Lucia,North America,2006,4.69669008255005
LCA,Saint Lucia,North America,2008,4.48353004455566
LCA,Saint Lucia,North America,2009,3.0676600933075
LCA,Saint Lucia,North America,2010,3.4828999042511
LCA,Saint Lucia,North America,2011,3.5988199710846
LCA,Saint Lucia,North America,2012,3.29098010063171
LCA,Saint Lucia,North America,2013,3.87661004066467
LCA,Saint Lucia,North America,2014,3.89103007316589
LCA,Saint Lucia,North America,2015,3.88088011741638
LCA,Saint Lucia,North America,2016,5.20954990386963
LCA,Saint Lucia,North America,2017,3.6273152206015
LCA,Saint Lucia,North America,2018,3.33277988433838
LCA,Saint Lucia,North America,2019,3.27267003059387
LCA,Saint Lucia,North America,2020,3.61522006988525
LCA,Saint Lucia,North America,2021,5.86197746335882
LCA,Saint Lucia,North America,2022,4.64235019683838
LIE,Liechtenstein,Europe,2003,2.4601399898529
LIE,Liechtenstein,Europe,2004,2.43333005905151
LIE,Liechtenstein,Europe,2006,2.05380988121033
LIE,Liechtenstein,Europe,2007,1.92119002342224
LIE,Liechtenstein,Europe,2008,2.04836988449097
LIE,Liechtenstein,Europe,2011,2.55604004859924
LKA,Sri Lanka,Asia,2009,2.05590009689331
LKA,Sri Lanka,Asia,2010,1.66176998615265
LKA,Sri Lanka,Asia,2011,1.74292004108429
LKA,Sri Lanka,Asia,2012,1.45343005657196
LKA,Sri Lanka,Asia,2013,1.5645899772644
LKA,Sri Lanka,Asia,2014,1.85859000682831
LKA,Sri Lanka,Asia,2015,2.10998010635376
LKA,Sri Lanka,Asia,2016,3.22929000854492
LKA,Sri Lanka,Asia,2017,2.59316992759705
LKA,Sri Lanka,Asia,2018,1.98781001567841
LKA,Sri Lanka,Asia,2020,1.55792392223723
LKA,Sri Lanka,Asia,2021,1.50650579603928
LKA,Sri Lanka,Asia,2022,1.20397218661186
LSO,Lesotho,Africa,2000,10.0915498733521
LSO,Lesotho,Africa,2001,9.36505031585693
LSO,Lesotho,Africa,2002,10.1004495620728
LSO,Lesotho,Africa,2003,13.2195701599121
LSO,Lesotho,Africa,2004,11.1090097427368
LSO,Lesotho,Africa,2005,12.0796604156494
LSO,Lesotho,Africa,2006,11.2712802886963
LSO,Lesotho,Africa,2008,12.3287401199341
LSO,Lesotho,Africa,2015,7.64272055728181
LSO,Lesotho,Africa,2016,7.55247411216023
LSO,Lesotho,Africa,2017,8.1553201675415
LSO,Lesotho,Africa,2018,7.28360986709595
LTU,Lithuania,Europe,2001,5.83644008636475
LTU,Lithuania,Europe,2002,5.79093980789185
LTU,Lithuania,Europe,2003,5.1067099571228
LTU,Lithuania,Europe,2004,5.14797019958496
LTU,Lithuania,Europe,2005,4.87698984146118
LTU,Lithuania,Europe,2006,4.83653020858765
LTU,Lithuania,Europe,2007,4.59159994125366
LTU,Lithuania,Europe,2008,4.83649015426636
LTU,Lithuania,Europe,2009,5.56941986083984
LTU,Lithuania,Europe,2010,5.36880016326904
LTU,Lithuania,Europe,2011,5.15469980239868
LTU,Lithuania,Europe,2012,4.78232002258301
LTU,Lithuania,Europe,2013,4.62416982650757
LTU,Lithuania,Europe,2014,4.5076699256897
LTU,Lithuania,Europe,2015,4.21646022796631
LTU,Lithuania,Europe,2016,4.01143980026245
LTU,Lithuania,Europe,2017,3.81236004829407
LTU,Lithuania,Europe,2018,3.85628008842468
LTU,Lithuania,Europe,2019,3.9415500164032
LTU,Lithuania,Europe,2020,4.47348022460938
LTU,Lithuania,Europe,2021,4.23977994918823
LTU,Lithuania,Europe,2022,4.25285005569458
LUX,Luxembourg,Europe,2001,3.53973007202148
LUX,Luxembourg,Europe,2012,3.87815999984741
LUX,Luxembourg,Europe,2014,3.85569000244141
LUX,Luxembourg,Europe,2015,3.76792001724243
LUX,Luxembourg,Europe,2017,3.48645997047424
LUX,Luxembourg,Europe,2018,3.65772008895874
LUX,Luxembourg,Europe,2019,3.73705005645752
LUX,Luxembourg,Europe,2020,3.85499000549316
LUX,Luxembourg,Europe,2021,3.68531990051269
LUX,Luxembourg,Europe,2022,3.74451994895935
LVA,Latvia,Europe,2000,5.40854978561401
LVA,Latvia,Europe,2001,5.56101989746094
LVA,Latvia,Europe,2002,5.78911018371582
LVA,Latvia,Europe,2003,5.2944598197937
LVA,Latvia,Europe,2004,5.04684019088745
LVA,Latvia,Europe,2006,4.94490003585815
LVA,Latvia,Europe,2007,4.89059019088745
LVA,Latvia,Europe,2008,5.63671016693115
LVA,Latvia,Europe,2009,5.67728996276855
LVA,Latvia,Europe,2010,5.14355993270874
LVA,Latvia,Europe,2011,5.24315977096558
LVA,Latvia,Europe,2012,6.83852005004883
LVA,Latvia,Europe,2013,7.24962997436523
LVA,Latvia,Europe,2014,5.47479009628296
LVA,Latvia,Europe,2015,5.46670007705688
LVA,Latvia,Europe,2016,4.82350015640259
LVA,Latvia,Europe,2017,4.52905988693237
LVA,Latvia,Europe,2018,4.39430999755859
LVA,Latvia,Europe,2019,4.58675003051758
LVA,Latvia,Europe,2020,4.99749994277954
LVA,Latvia,Europe,2021,4.76774978637695
LVA,Latvia,Europe,2022,4.3196702003479
MAC,Macao,Asia,2000,3.31438994407654
MAC,Macao,Asia,2001,2.71446990966797
MAC,Macao,Asia,2002,2.84295988082886
MAC,Macao,Asia,2003,2.78016996383667
MAC,Macao,Asia,2004,2.23348999023438
MAC,Macao,Asia,2005,2.2778799533844
MAC,Macao,Asia,2006,2.19386005401611
MAC,Macao,Asia,2007,2.04345011711121
MAC,Macao,Asia,2008,2.1964099407196
MAC,Macao,Asia,2009,2.53323006629944
MAC,Macao,Asia,2010,2.61848998069763
MAC,Macao,Asia,2011,2.67528009414673
MAC,Macao,Asia,2012,3.32516002655029
MAC,Macao,Asia,2013,2.05048990249634
MAC,Macao,Asia,2014,2.04853010177612
MAC,Macao,Asia,2015,3.00247001647949
MAC,Macao,Asia,2016,3.09952998161316
MAC,Macao,Asia,2017,2.70949006080627
MAC,Macao,Asia,2018,2.7334098815918
MAC,Macao,Asia,2019,3.0654399394989
MAC,Macao,Asia,2020,6.38948011398315
MAC,Macao,Asia,2021,5.10697984695435
MAC,Macao,Asia,2022,6.05706977844238
MAR,Morocco,Africa,2008,4.85339021682739
MAR,Morocco,Africa,2009,4.83119010925293
MAR,Morocco,Africa,2012,5.55294838577208
MAR,Morocco,Africa,2014,5.48276036642721
MAR,Morocco,Africa,2015,5.133369043677
MAR,Morocco,Africa,2016,5.08530197423073
MAR,Morocco,Africa,2017,4.73564982004448
MAR,Morocco,Africa,2018,4.96022713486949
MAR,Morocco,Africa,2019,5.0032567210502
MAR,Morocco,Africa,2020,6.28428263644307
MAR,Morocco,Africa,2021,5.64273401285138
MAR,Morocco,Africa,2022,5.91224674061277
MCO,Monaco,Europe,2000,1.25537002086639
MCO,Monaco,Europe,2004,1.26668000221252
MCO,Monaco,Europe,2009,1.35431003570557
MCO,Monaco,Europe,2010,1.31735002994537
MCO,Monaco,Europe,2011,1.58989000320435
MCO,Monaco,Europe,2012,1.78004002571106
MCO,Monaco,Europe,2013,1.33440005779266
MCO,Monaco,Europe,2014,1.02186000347137
MCO,Monaco,Europe,2016,1.37126004695892
MCO,Monaco,Europe,2017,1.45816004276276
MCO,Monaco,Europe,2019,1.15896999835968
MCO,Monaco,Europe,2021,1.41926002502441
MCO,Monaco,Europe,2022,1.17105996608734
MDA,Moldova,Europe,2000,4.48639011383057
MDA,Moldova,Europe,2001,4.84684991836548
MDA,Moldova,Europe,2002,5.4979100227356
MDA,Moldova,Europe,2003,5.42489004135132
MDA,Moldova,Europe,2004,6.77103996276855
MDA,Moldova,Europe,2005,7.16270017623901
MDA,Moldova,Europe,2006,7.49899005889893
MDA,Moldova,Europe,2007,8.29337024688721
MDA,Moldova,Europe,2008,8.23727035522461
MDA,Moldova,Europe,2009,9.5097599029541
MDA,Moldova,Europe,2010,7.5922999382019
MDA,Moldova,Europe,2011,7.13638019561768
MDA,Moldova,Europe,2012,6.9834098815918
MDA,Moldova,Europe,2013,5.90975516494477
MDA,Moldova,Europe,2014,6.33807992935181
MDA,Moldova,Europe,2015,5.76665405944246
MDA,Moldova,Europe,2016,5.67210006713867
MDA,Moldova,Europe,2017,5.71017980575562
MDA,Moldova,Europe,2018,5.53886985778809
MDA,Moldova,Europe,2019,6.22578001022339
MDA,Moldova,Europe,2020,6.60125017166138
MDA,Moldova,Europe,2021,5.82405996322632
MDA,Moldova,Europe,2022,6.10430002212524
MDG,Madagascar,Africa,2000,2.4386899471283
MDG,Madagascar,Africa,2001,2.707200050354
MDG,Madagascar,Africa,2002,2.23179006576538
MDG,Madagascar,Africa,2003,2.61094999313354
MDG,Madagascar,Africa,2004,2.81261992454529
MDG,Madagascar,Africa,2005,3.30962991714477
MDG,Madagascar,Africa,2006,2.83097004890442
MDG,Madagascar,Africa,2007,2.90274000167847
MDG,Madagascar,Africa,2008,2.55433988571167
MDG,Madagascar,Africa,2009,2.82512998580933
MDG,Madagascar,Africa,2010,2.28856151148168
MDG,Madagascar,Africa,2011,2.38168001174927
MDG,Madagascar,Africa,2012,2.34067010879517
MDG,Madagascar,Africa,2013,1.77695000171661
MDG,Madagascar,Africa,2014,2.3812301158905
MDG,Madagascar,Africa,2015,2.21011996269226
MDG,Madagascar,Africa,2016,2.68719005584717
MDG,Madagascar,Africa,2017,2.70137416707567
MDG,Madagascar,Africa,2018,2.84409999847412
MDG,Madagascar,Africa,2019,3.01338389897728
MDG,Madagascar,Africa,2020,3.25443385103636
MDG,Madagascar,Africa,2021,3.19807542117225
MDG,Madagascar,Africa,2022,3.06772823003204
MDV,Maldives,Asia,2002,5.79186010360718
MDV,Maldives,Asia,2003,5.32406997680664
MDV,Maldives,Asia,2004,4.66160011291504
MDV,Maldives,Asia,2005,5.0168399810791
MDV,Maldives,Asia,2006,4.64523983001709
MDV,Maldives,Asia,2007,4.41788005828857
MDV,Maldives,Asia,2008,4.470290184021
MDV,Maldives,Asia,2009,5.08168983459473
MDV,Maldives,Asia,2010,3.63328003883362
MDV,Maldives,Asia,2011,3.08072996139526
MDV,Maldives,Asia,2012,3.34085988998413
MDV,Maldives,Asia,2013,3.3882999420166
MDV,Maldives,Asia,2014,3.0885899066925
MDV,Maldives,Asia,2015,3.8685998916626
MDV,Maldives,Asia,2016,3.66123008728027
MDV,Maldives,Asia,2017,3.82268559882407
MDV,Maldives,Asia,2018,3.85681779847259
MDV,Maldives,Asia,2019,4.12356944795488
MDV,Maldives,Asia,2020,5.84760793108804
MDV,Maldives,Asia,2021,4.61379747500137
MDV,Maldives,Asia,2022,4.67344315449896
MEX,Mexico,North America,2000,3.80870008468628
MEX,Mexico,North America,2001,4.0313401222229
MEX,Mexico,North America,2002,4.24307012557983
MEX,Mexico,North America,2003,4.83262014389038
MEX,Mexico,North America,2004,4.51204013824463
MEX,Mexico,North America,2005,4.63395023345947
MEX,Mexico,North America,2006,4.49317979812622
MEX,Mexico,North America,2007,4.47919988632202
MEX,Mexico,North America,2008,4.60607004165649
MEX,Mexico,North America,2009,4.94934988021851
MEX,Mexico,North America,2010,4.93697023391724
MEX,Mexico,North America,2011,4.9040699005127
MEX,Mexico,North America,2012,4.88349008560181
MEX,Mexico,North America,2013,4.50858020782471
MEX,Mexico,North America,2014,5.06807994842529
MEX,Mexico,North America,2015,5.05087995529175
MEX,Mexico,North America,2016,4.75795984268188
MEX,Mexico,North America,2017,4.39752006530762
MEX,Mexico,North America,2018,4.13944005966187
MEX,Mexico,North America,2020,4.4996600151062
MEX,Mexico,North America,2021,4.23823976516724
MEX,Mexico,North America,2022,4.05987977981567
MHL,Marshall Islands,Oceania,2002,8.1951904296875
MHL,Marshall Islands,Oceania,2003,11.8441295623779
MHL,Marshall Islands,Oceania,2019,9.88208961486816
MHL,Marshall Islands,Oceania,2020,13.8350374540234
MHL,Marshall Islands,Oceania,2021,15.1824411727819
MHL,Marshall Islands,Oceania,2022,7.70088005065918
MKD,North Macedonia,Europe,2002,3.30014991760254
MLI,Mali,Africa,2000,2.97156000137329
MLI,Mali,Africa,2001,2.65844988822937
MLI,Mali,Africa,2002,2.8962299823761
MLI,Mali,Africa,2003,3.8055899143219
MLI,Mali,Africa,2004,2.95918989181519
MLI,Mali,Africa,2005,2.74722003936768
MLI,Mali,Africa,2008,2.73080992698669
MLI,Mali,Africa,2009,3.14385008811951
MLI,Mali,Africa,2010,2.70853996276856
MLI,Mali,Africa,2011,3.14614009857178
MLI,Mali,Africa,2012,2.90706992149353
MLI,Mali,Africa,2013,2.75836992263794
MLI,Mali,Africa,2014,3.09299993515015
MLI,Mali,Africa,2015,3.19690990447998
MLI,Mali,Africa,2016,2.59244990348816
MLI,Mali,Africa,2017,3.18063998222351
MLI,Mali,Africa,2018,2.98218989372253
MLI,Mali,Africa,2019,3.00001001358032
MLI,Mali,Africa,2020,3.3367600440979
MLI,Mali,Africa,2021,3.66363000869751
MLI,Mali,Africa,2022,4.04512227529275
MLT,Malta,Europe,2002,4.15744018554688
MLT,Malta,Europe,2004,4.430260181427
MLT,Malta,Europe,2007,5.95993995666504
MLT,Malta,Europe,2008,5.47429990768433
MLT,Malta,Europe,2009,5.04781007766724
MLT,Malta,Europe,2010,6.20798015594482
MLT,Malta,Europe,2011,7.57771015167236
MLT,Malta,Europe,2012,6.24788999557495
MLT,Malta,Europe,2013,7.40672016143799
MLT,Malta,Europe,2014,6.84973001480103
MLT,Malta,Europe,2015,4.91352987289429
MLT,Malta,Europe,2016,4.95570993423462
MLT,Malta,Europe,2017,4.34281015396118
MLT,Malta,Europe,2019,4.79941987991333
MLT,Malta,Europe,2021,4.92963981628418
MLT,Malta,Europe,2022,4.71258020401001
MMR,Myanmar,Asia,2011,0.787440001964569
MMR,Myanmar,Asia,2017,2.16652989387512
MMR,Myanmar,Asia,2018,1.99249005317688
MMR,Myanmar,Asia,2019,1.99976003170013
MNG,Mongolia,Asia,2000,5.55038022994995
MNG,Mongolia,Asia,2002,7.21078014373779
MNG,Mongolia,Asia,2004,4.32572984695435
MNG,Mongolia,Asia,2007,4.69013023376465
MNG,Mongolia,Asia,2009,5.14483976364136
MNG,Mongolia,Asia,2010,4.64510011672974
MNG,Mongolia,Asia,2011,4.6090202331543
MNG,Mongolia,Asia,2012,5.19521999359131
MNG,Mongolia,Asia,2013,4.94078016281128
MNG,Mongolia,Asia,2014,4.71483993530273
MNG,Mongolia,Asia,2015,4.22361993789673
MNG,Mongolia,Asia,2016,5.18311023712158
MNG,Mongolia,Asia,2017,4.06898021697998
MOZ,Mozambique,Africa,2004,3.19837999343872
MOZ,Mozambique,Africa,2005,3.85834002494812
MOZ,Mozambique,Africa,2006,3.7359299659729
MOZ,Mozambique,Africa,2010,5.24539789470058
MOZ,Mozambique,Africa,2011,5.53052494030773
MOZ,Mozambique,Africa,2012,5.5575098991394
MOZ,Mozambique,Africa,2013,6.03575992584229
MOZ,Mozambique,Africa,2014,6.39920843528224
MOZ,Mozambique,Africa,2015,5.91515660575298
MOZ,Mozambique,Africa,2016,5.80086994171143
MOZ,Mozambique,Africa,2017,5.48664999008179
MOZ,Mozambique,Africa,2018,5.38976001739502
MOZ,Mozambique,Africa,2019,5.99969523584354
MOZ,Mozambique,Africa,2020,6.17059556957808
MOZ,Mozambique,Africa,2021,6.34063583505687
MOZ,Mozambique,Africa,2022,5.97607342054314
MRT,Mauritania,Africa,2001,2.10683989524841
MRT,Mauritania,Africa,2002,2.27714991569519
MRT,Mauritania,Africa,2003,2.36501002311706
MRT,Mauritania,Africa,2004,1.9507999420166
MRT,Mauritania,Africa,2006,1.95850002765655
MRT,Mauritania,Africa,2011,2.33102011680603
MRT,Mauritania,Africa,2012,2.15821003913879
MRT,Mauritania,Africa,2013,2.29352998733521
MRT,Mauritania,Africa,2014,2.55796423507035
MRT,Mauritania,Africa,2015,2.82956598871445
MRT,Mauritania,Africa,2016,1.94405996799469
MRT,Mauritania,Africa,2019,1.82317996025085
MRT,Mauritania,Africa,2020,1.80263996124268
MRT,Mauritania,Africa,2021,1.891970038414
MRT,Mauritania,Africa,2022,1.38966000080109
MUS,Mauritius,Africa,2000,3.71902990341186
MUS,Mauritius,Africa,2001,3.07347989082336
MUS,Mauritius,Africa,2002,3.02024006843567
MUS,Mauritius,Africa,2003,4.35718011856079
MUS,Mauritius,Africa,2004,4.25576019287109
MUS,Mauritius,Africa,2005,4.02402019500732
MUS,Mauritius,Africa,2006,3.64840006828308
MUS,Mauritius,Africa,2007,3.18540000915527
MUS,Mauritius,Africa,2008,3.06307005882263
MUS,Mauritius,Africa,2009,3.04731011390686
MUS,Mauritius,Africa,2010,3.55147004127502
MUS,Mauritius,Africa,2011,3.33207011222839
MUS,Mauritius,Africa,2012,3.41820001602173
MUS,Mauritius,Africa,2013,3.56775999069214
MUS,Mauritius,Africa,2014,4.81514978408813
MUS,Mauritius,Africa,2015,4.75847005844116
MUS,Mauritius,Africa,2016,4.88207006454468
MUS,Mauritius,Africa,2017,4.87887001037598
MUS,Mauritius,Africa,2018,4.67447996139526
MUS,Mauritius,Africa,2019,4.54195022583008
MUS,Mauritius,Africa,2020,4.35243988037109
MUS,Mauritius,Africa,2021,4.67151021957397
MUS,Mauritius,Africa,2022,4.84085988998413
MWI,Malawi,Africa,2000,3.60612988471985
MWI,Malawi,Africa,2001,3.09834003448486
MWI,Malawi,Africa,2003,2.20964002609253
MWI,Malawi,Africa,2010,2.43236994743347
MWI,Malawi,Africa,2011,2.85346007347107
MWI,Malawi,Africa,2012,2.52861185625253
MWI,Malawi,Africa,2013,3.72169995307922
MWI,Malawi,Africa,2014,3.32569003105164
MWI,Malawi,Africa,2015,3.85398006439209
MWI,Malawi,Africa,2016,3.28257989883423
MWI,Malawi,Africa,2017,2.76899003982544
MWI,Malawi,Africa,2018,3.32295989990234
MWI,Malawi,Africa,2022,2.74888371105811
MYS,Malaysia,Asia,2000,5.9716100692749
MYS,Malaysia,Asia,2001,7.48446989059448
MYS,Malaysia,Asia,2002,7.65792989730835
MYS,Malaysia,Asia,2003,7.50288009643555
MYS,Malaysia,Asia,2004,5.92389011383057
MYS,Malaysia,Asia,2006,4.48576021194458
MYS,Malaysia,Asia,2007,4.37253999710083
MYS,Malaysia,Asia,2008,3.95851993560791
MYS,Malaysia,Asia,2009,5.97418022155762
MYS,Malaysia,Asia,2010,4.96645021438599
MYS,Malaysia,Asia,2011,5.76293992996216
MYS,Malaysia,Asia,2012,5.73902988433838
MYS,Malaysia,Asia,2013,5.48122978210449
MYS,Malaysia,Asia,2014,5.21264982223511
MYS,Malaysia,Asia,2015,4.89487981796265
MYS,Malaysia,Asia,2016,4.75191020965576
MYS,Malaysia,Asia,2017,4.6753101348877
MYS,Malaysia,Asia,2018,4.47865009307861
MYS,Malaysia,Asia,2019,4.15775012969971
MYS,Malaysia,Asia,2020,3.91176009178162
MYS,Malaysia,Asia,2021,4.26109393398867
MYS,Malaysia,Asia,2022,3.49933781956284
NAM,Namibia,Africa,2000,6.901780128479
NAM,Namibia,Africa,2001,6.88886976242065
NAM,Namibia,Africa,2002,6.7423300743103
NAM,Namibia,Africa,2003,6.13713979721069
NAM,Namibia,Africa,2006,6.03171014785767
NAM,Namibia,Africa,2008,6.40342998504639
NAM,Namibia,Africa,2010,8.24330043792725
NAM,Namibia,Africa,2011,8.02137930818109
NAM,Namibia,Africa,2012,9.24281237985165
NAM,Namibia,Africa,2013,8.59541659523254
NAM,Namibia,Africa,2014,3.66711166353218
NAM,Namibia,Africa,2015,9.8507685020388
NAM,Namibia,Africa,2016,10.5927948535144
NAM,Namibia,Africa,2017,1.39524534605831
NAM,Namibia,Africa,2018,8.88112249415185
NAM,Namibia,Africa,2019,9.32253195522987
NAM,Namibia,Africa,2020,9.27799879073429
NAM,Namibia,Africa,2021,10.3914477380895
NAM,Namibia,Africa,2022,9.3919470845238
NER,Niger,Africa,2000,2.5650200843811
NER,Niger,Africa,2001,2.27981996536255
NER,Niger,Africa,2002,2.40135002136231
NER,Niger,Africa,2003,1.93705999851227
NER,Niger,Africa,2006,2.55851006507873
NER,Niger,Africa,2007,3.01462006568909
NER,Niger,Africa,2008,2.72311997413635
NER,Niger,Africa,2009,3.33588004112244
NER,Niger,Africa,2010,2.7219500541687
NER,Niger,Africa,2011,3.07762002944946
NER,Niger,Africa,2012,3.1868200302124
NER,Niger,Africa,2013,3.68953990936279
NER,Niger,Africa,2014,5.10368013381958
NER,Niger,Africa,2015,4.48669004440308
NER,Niger,Africa,2016,2.95843005180359
NER,Niger,Africa,2017,2.57818007469177
NER,Niger,Africa,2018,3.44956994056702
NER,Niger,Africa,2019,3.53358621816013
NER,Niger,Africa,2020,3.81906792754322
NER,Niger,Africa,2021,3.82175828133515
NER,Niger,Africa,2022,3.71231832079626
NGA,Nigeria,Africa,2012,0.549233086121929
NGA,Nigeria,Africa,2013,0.534206768008091
NGA,Nigeria,Africa,2014,0.470742539133469
NGA,Nigeria,Africa,2015,0.436954905120644
NGA,Nigeria,Africa,2016,0.393045646249364
NGA,Nigeria,Africa,2017,0.396354013591345
NGA,Nigeria,Africa,2018,0.419998493796127
NGA,Nigeria,Africa,2019,0.358479005206684
NGA,Nigeria,Africa,2020,0.35963763718498
NGA,Nigeria,Africa,2021,0.381919104397325
NGA,Nigeria,Africa,2022,0.348516707890877
NIC,Nicaragua,North America,2000,3.00160002708435
NIC,Nicaragua,North America,2002,2.39101004600525
NIC,Nicaragua,North America,2003,2.42200994491577
NIC,Nicaragua,North America,2010,4.48422002792358
NIC,Nicaragua,North America,2014,4.08329010009766
NIC,Nicaragua,North America,2015,4.07843017578125
NIC,Nicaragua,North America,2016,4.08114004135132
NIC,Nicaragua,North America,2017,4.35768985748291
NIC,Nicaragua,North America,2018,4.47380693256251
NIC,Nicaragua,North America,2019,4.59991969121332
NIC,Nicaragua,North America,2020,4.58034059162685
NIC,Nicaragua,North America,2021,4.08717467298944
NIC,Nicaragua,North America,2022,3.80001496174069
NLD,Netherlands,Europe,2000,4.58325004577637
NLD,Netherlands,Europe,2001,4.68933010101318
NLD,Netherlands,Europe,2002,4.78904008865356
NLD,Netherlands,Europe,2003,5.0199499130249
NLD,Netherlands,Europe,2004,5.0411901473999
NLD,Netherlands,Europe,2005,5.08871984481812
NLD,Netherlands,Europe,2006,5.01913976669312
NLD,Netherlands,Europe,2007,4.85854005813599
NLD,Netherlands,Europe,2008,4.99737977981567
NLD,Netherlands,Europe,2009,5.38561010360718
NLD,Netherlands,Europe,2010,5.45634984970093
NLD,Netherlands,Europe,2011,5.41595983505249
NLD,Netherlands,Europe,2012,5.36694002151489
NLD,Netherlands,Europe,2013,5.48417997360229
NLD,Netherlands,Europe,2014,5.40205001831055
NLD,Netherlands,Europe,2015,5.27802991867065
NLD,Netherlands,Europe,2016,5.38952016830444
NLD,Netherlands,Europe,2017,5.08747005462646
NLD,Netherlands,Europe,2018,5.26723003387451
NLD,Netherlands,Europe,2019,5.0559401512146
NLD,Netherlands,Europe,2020,5.29139995574951
NLD,Netherlands,Europe,2021,5.37661981582642
NLD,Netherlands,Europe,2022,5.17918014526367
NOR,Norway,Europe,2000,6.45935010910034
NOR,Norway,Europe,2001,6.82014989852905
NOR,Norway,Europe,2002,7.42243003845215
NOR,Norway,Europe,2003,7.39930009841919
NOR,Norway,Europe,2004,7.27745008468628
NOR,Norway,Europe,2005,6.84081983566284
NOR,Norway,Europe,2006,6.35823011398315
NOR,Norway,Europe,2007,6.50672006607056
NOR,Norway,Europe,2008,6.2491397857666
NOR,Norway,Europe,2009,7.07068014144897
NOR,Norway,Europe,2010,6.71042013168335
NOR,Norway,Europe,2011,6.4148998260498
NOR,Norway,Europe,2012,7.32766008377075
NOR,Norway,Europe,2013,7.43905019760132
NOR,Norway,Europe,2014,7.64402008056641
NOR,Norway,Europe,2015,7.52335977554321
NOR,Norway,Europe,2016,7.98443984985352
NOR,Norway,Europe,2017,7.84599018096924
NOR,Norway,Europe,2018,7.59564018249512
NOR,Norway,Europe,2019,7.86455011367798
NOR,Norway,Europe,2020,8.37281036376953
NOR,Norway,Europe,2021,6.9602198600769
NOR,Norway,Europe,2022,5.43234014511108
NPL,Nepal,Asia,2000,2.9751501083374
NPL,Nepal,Asia,2001,3.70837998390198
NPL,Nepal,Asia,2002,3.15282988548279
NPL,Nepal,Asia,2003,3.11435008049011
NPL,Nepal,Asia,2004,3.1719400882721
NPL,Nepal,Asia,2005,3.3646399974823
NPL,Nepal,Asia,2006,3.60536003112793
NPL,Nepal,Asia,2007,3.51721000671387
NPL,Nepal,Asia,2008,3.8051700592041
NPL,Nepal,Asia,2009,4.6637601852417
NPL,Nepal,Asia,2010,3.63172006607056
NPL,Nepal,Asia,2011,3.8426399230957
NPL,Nepal,Asia,2012,3.29737997055054
NPL,Nepal,Asia,2013,3.01811003684998
NPL,Nepal,Asia,2014,3.47214007377625
NPL,Nepal,Asia,2015,3.25901007652283
NPL,Nepal,Asia,2016,3.90320992469788
NPL,Nepal,Asia,2017,4.76723003387451
NPL,Nepal,Asia,2018,4.43446016311646
NPL,Nepal,Asia,2019,3.89212886881753
NPL,Nepal,Asia,2020,4.24355670934502
NPL,Nepal,Asia,2021,4.42801034633091
NPL,Nepal,Asia,2022,4.13645081690396
NRU,Nauru,Oceania,2002,15.8634700775147
NRU,Nauru,Oceania,2007,4.24858999252319
NRU,Nauru,Oceania,2014,4.47278425925926
NRU,Nauru,Oceania,2015,6.25260294117647
NRU,Nauru,Oceania,2016,4.82214626865672
NRU,Nauru,Oceania,2017,6.27397517241379
NRU,Nauru,Oceania,2018,5.05296627218935
NRU,Nauru,Oceania,2019,5.71828171428571
NRU,Nauru,Oceania,2020,5.90502903225807
NRU,Nauru,Oceania,2021,5.16034
NRU,Nauru,Oceania,2022,5.91827971698113
NZL,New Zealand,Oceania,2000,5.60442018508911
NZL,New Zealand,Oceania,2013,5.88539981842041
NZL,New Zealand,Oceania,2014,5.8033299446106
NZL,New Zealand,Oceania,2015,5.70350980758667
NZL,New Zealand,Oceania,2016,5.49972009658813
NZL,New Zealand,Oceania,2017,5.27543020248413
NZL,New Zealand,Oceania,2018,5.1896800994873
NZL,New Zealand,Oceania,2019,5.1741099357605
NZL,New Zealand,Oceania,2020,5.64268016815185
NZL,New Zealand,Oceania,2021,5.5409197807312
NZL,New Zealand,Oceania,2022,5.16741991043091
OMN,Oman,Asia,2000,2.8045699596405
OMN,Oman,Asia,2001,3.52175998687744
OMN,Oman,Asia,2002,3.77700996398926
OMN,Oman,Asia,2003,3.40857005119324
OMN,Oman,Asia,2004,3.5151801109314
OMN,Oman,Asia,2005,3.07889008522034
OMN,Oman,Asia,2006,3.37333011627197
OMN,Oman,Asia,2009,3.6541600227356
OMN,Oman,Asia,2013,4.35383987426758
OMN,Oman,Asia,2017,5.99594020843506
OMN,Oman,Asia,2018,4.58565998077393
OMN,Oman,Asia,2019,5.06363010406494
OMN,Oman,Asia,2020,6.87768983840942
OMN,Oman,Asia,2022,4.38311004638672
PAK,Pakistan,Asia,2000,1.83782005310059
PAK,Pakistan,Asia,2004,1.44337999820709
PAK,Pakistan,Asia,2005,1.67058002948761
PAK,Pakistan,Asia,2006,1.98055994510651
PAK,Pakistan,Asia,2007,2.23465991020203
PAK,Pakistan,Asia,2008,2.27265000343323
PAK,Pakistan,Asia,2009,2.17916989326477
PAK,Pakistan,Asia,2010,2.05268001556396
PAK,Pakistan,Asia,2011,2.00100994110107
PAK,Pakistan,Asia,2012,1.97880005836487
PAK,Pakistan,Asia,2013,2.23698997497559
PAK,Pakistan,Asia,2014,2.2043399810791
PAK,Pakistan,Asia,2015,2.38609004020691
PAK,Pakistan,Asia,2016,2.66805005073547
PAK,Pakistan,Asia,2017,2.57617998123169
PAK,Pakistan,Asia,2018,2.33216949688293
PAK,Pakistan,Asia,2019,2.21492004394531
PAK,Pakistan,Asia,2020,2.05718240718423
PAK,Pakistan,Asia,2021,1.68746129213991
PAK,Pakistan,Asia,2022,1.97300945756988
PAN,Panama,North America,2000,4.89397001266479
PAN,Panama,North America,2001,4.18935012817383
PAN,Panama,North America,2002,4.2549901008606
PAN,Panama,North America,2003,4.19644021987915
PAN,Panama,North America,2004,3.55807995796204
PAN,Panama,North America,2008,3.42529010772705
PAN,Panama,North America,2011,3.07034993171692
PAN,Panama,North America,2014,3.08107995986939
PAN,Panama,North America,2015,3.26552009582519
PAN,Panama,North America,2016,3.32278990745544
PAN,Panama,North America,2017,3.37834000587463
PAN,Panama,North America,2018,3.4524199962616
PAN,Panama,North America,2019,3.28122011579173
PAN,Panama,North America,2020,4.30487012863159
PAN,Panama,North America,2021,3.71198010444641
PAN,Panama,North America,2022,3.37781000137329
PER,Peru,North America,2000,3.22802996635437
PER,Peru,North America,2001,3.03712010383606
PER,Peru,North America,2002,2.82056999206543
PER,Peru,North America,2003,2.93779993057251
PER,Peru,North America,2004,2.95787000656128
PER,Peru,North America,2005,2.83903002738953
PER,Peru,North America,2006,2.65281009674072
PER,Peru,North America,2007,2.62940001487732
PER,Peru,North America,2008,2.8677499294281
PER,Peru,North America,2009,3.13994002342224
PER,Peru,North America,2010,2.86730003356934
PER,Peru,North America,2011,2.6635000705719
PER,Peru,North America,2012,2.92276000976562
PER,Peru,North America,2013,3.29729008674622
PER,Peru,North America,2014,3.69599008560181
PER,Peru,North America,2015,3.96933007240295
PER,Peru,North America,2016,3.81316995620727
PER,Peru,North America,2017,3.93130993843079
PER,Peru,North America,2018,3.71392011642456
PER,Peru,North America,2019,3.822429895401
PER,Peru,North America,2020,4.25937986373901
PER,Peru,North America,2021,3.92765998840332
PER,Peru,North America,2022,3.83975005149841
PHL,Philippines,Asia,2000,3.16440010070801
PHL,Philippines,Asia,2001,2.92463994026184
PHL,Philippines,Asia,2002,2.89222002029419
PHL,Philippines,Asia,2003,2.93517994880676
PHL,Philippines,Asia,2004,2.46983003616333
PHL,Philippines,Asia,2005,2.32806992530823
PHL,Philippines,Asia,2006,2.42579007148743
PHL,Philippines,Asia,2007,2.48518991470337
PHL,Philippines,Asia,2008,2.58282995223999
PHL,Philippines,Asia,2009,2.53777003288269
PHL,Philippines,Asia,2014,2.66454238129968
PHL,Philippines,Asia,2015,2.83052303785203
PHL,Philippines,Asia,2016,3.30128109042443
PHL,Philippines,Asia,2017,3.96384087403915
PHL,Philippines,Asia,2018,3.85502760745456
PHL,Philippines,Asia,2019,3.40748649142134
PHL,Philippines,Asia,2020,3.85829051308063
PHL,Philippines,Asia,2021,3.87249754784633
PHL,Philippines,Asia,2022,3.57960089528426
PLW,Palau,Oceania,2000,7.84434986114502
PLW,Palau,Oceania,2001,7.58415985107422
PLW,Palau,Oceania,2002,7.54601001739502
PLW,Palau,Oceania,2020,3.47118076238812
PLW,Palau,Oceania,2021,3.94417105804533
PLW,Palau,Oceania,2022,3.57620133415525
PNG,Papua New Guinea,Oceania,2015,1.62515691017505
PNG,Papua New Guinea,Oceania,2016,0.853806396301458
PNG,Papua New Guinea,Oceania,2017,1.96493005752563
PNG,Papua New Guinea,Oceania,2018,1.8748300075531
PNG,Papua New Guinea,Oceania,2019,0.761761143914634
PNG,Papua New Guinea,Oceania,2020,0.898018542083257
PNG,Papua New Guinea,Oceania,2021,0.713984905932403
PNG,Papua New Guinea,Oceania,2022,0.643376920751815
POL,Poland,Europe,2000,4.96281003952026
POL,Poland,Europe,2001,5.29358005523682
POL,Poland,Europe,2002,5.37052011489868
POL,Poland,Europe,2003,5.30664014816284
POL,Poland,Europe,2004,5.33129978179932
POL,Poland,Europe,2005,5.41065979003906
POL,Poland,Europe,2006,5.18848991394043
POL,Poland,Europe,2007,4.86086988449097
POL,Poland,Europe,2008,5.02344989776611
POL,Poland,Europe,2009,4.97665977478027
POL,Poland,Europe,2010,5.08126020431519
POL,Poland,Europe,2011,4.82901000976562
POL,Poland,Europe,2012,4.83311986923218
POL,Poland,Europe,2013,4.99779987335205
POL,Poland,Europe,2014,4.93858003616333
POL,Poland,Europe,2015,4.78748989105225
POL,Poland,Europe,2016,4.62726020812988
POL,Poland,Europe,2017,4.54246997833252
POL,Poland,Europe,2018,4.55985021591187
POL,Poland,Europe,2019,4.62736988067627
POL,Poland,Europe,2020,4.80081987380981
POL,Poland,Europe,2021,4.61998987197876
POL,Poland,Europe,2022,4.31372976303101
PRI,Puerto Rico,North America,2013,6.48106002807617
PRI,Puerto Rico,North America,2014,6.07265996932983
PRI,Puerto Rico,North America,2015,3.34032241682023
PRI,Puerto Rico,North America,2016,2.78358429967595
PRI,Puerto Rico,North America,2017,2.72538873126429
PRI,Puerto Rico,North America,2018,2.60388715714737
PRI,Puerto Rico,North America,2019,3.32791002069889
PRI,Puerto Rico,North America,2020,4.28663184360846
PRI,Puerto Rico,North America,2021,3.7296700261025
PRI,Puerto Rico,North America,2022,3.86129930773508
PRT,Portugal,Europe,2000,5.16386985778809
PRT,Portugal,Europe,2001,5.33713006973267
PRT,Portugal,Europe,2002,5.25872993469238
PRT,Portugal,Europe,2003,5.28152990341187
PRT,Portugal,Europe,2004,5.04640007019043
PRT,Portugal,Europe,2005,5.07393980026245
PRT,Portugal,Europe,2006,4.90769004821777
PRT,Portugal,Europe,2007,4.92149019241333
PRT,Portugal,Europe,2008,4.69608020782471
PRT,Portugal,Europe,2009,5.56315994262695
PRT,Portugal,Europe,2010,5.40499019622803
PRT,Portugal,Europe,2011,5.11688995361328
PRT,Portugal,Europe,2012,4.94226980209351
PRT,Portugal,Europe,2013,5.26528978347778
PRT,Portugal,Europe,2014,5.12005996704102
PRT,Portugal,Europe,2015,4.89425992965698
PRT,Portugal,Europe,2017,5.02685022354126
PRT,Portugal,Europe,2018,4.6793999671936
PRT,Portugal,Europe,2019,4.6275200843811
PRT,Portugal,Europe,2020,4.86407995223999
PRT,Portugal,Europe,2021,4.77341985702515
PRT,Portugal,Europe,2022,4.55160999298096
PRY,Paraguay,North America,2000,4.2302098274231
PRY,Paraguay,North America,2001,3.8335599899292
PRY,Paraguay,North America,2002,3.40773010253906
PRY,Paraguay,North America,2003,3.3827600479126
PRY,Paraguay,North America,2004,2.86989998817444
PRY,Paraguay,North America,2007,2.73951005935669
PRY,Paraguay,North America,2010,2.7707200050354
PRY,Paraguay,North America,2011,3.69283008575439
PRY,Paraguay,North America,2012,3.66877007484436
PRY,Paraguay,North America,2013,2.67871193892232
PRY,Paraguay,North America,2014,2.59655894629063
PRY,Paraguay,North America,2015,3.33377822870463
PRY,Paraguay,North America,2016,3.43498992919922
PRY,Paraguay,North America,2017,3.09062070242279
PRY,Paraguay,North America,2018,3.2961960606943
PRY,Paraguay,North America,2019,3.48983027194334
PRY,Paraguay,North America,2020,3.93615007400513
PRY,Paraguay,North America,2021,3.41070008277893
PRY,Paraguay,North America,2022,3.39619994163513
PSE,Palestine,Asia,2010,6.19167995452881
PSE,Palestine,Asia,2011,5.33527994155884
PSE,Palestine,Asia,2012,4.74210977554321
PSE,Palestine,Asia,2013,4.89467000961304
PSE,Palestine,Asia,2015,4.66321992874146
PSE,Palestine,Asia,2016,4.98296022415161
PSE,Palestine,Asia,2017,4.72153997421265
PSE,Palestine,Asia,2021,5.43442010879517
QAT,Qatar,Asia,2000,3.72598004341125
QAT,Qatar,Asia,2001,3.20019006729126
QAT,Qatar,Asia,2002,3.84656000137329
QAT,Qatar,Asia,2003,3.37393999099731
QAT,Qatar,Asia,2004,3.46258997917175
QAT,Qatar,Asia,2005,3.97187995910644
QAT,Qatar,Asia,2008,4.22755002975464
QAT,Qatar,Asia,2009,3.41315007209778
QAT,Qatar,Asia,2010,4.53965997695923
QAT,Qatar,Asia,2011,4.01223993301392
QAT,Qatar,Asia,2012,3.50744009017944
QAT,Qatar,Asia,2013,4.07384014129639
QAT,Qatar,Asia,2014,3.60535001754761
QAT,Qatar,Asia,2017,2.96745991706848
QAT,Qatar,Asia,2019,2.80378007888794
QAT,Qatar,Asia,2020,3.23368000984192
ROU,Romania,Europe,2000,2.86862993240356
ROU,Romania,Europe,2001,3.26629996299744
ROU,Romania,Europe,2002,3.50411009788513
ROU,Romania,Europe,2003,3.54397010803223
ROU,Romania,Europe,2004,3.31273007392883
ROU,Romania,Europe,2005,3.50038003921509
ROU,Romania,Europe,2006,4.30650997161865
ROU,Romania,Europe,2007,4.14953994750977
ROU,Romania,Europe,2008,4.09722995758057
ROU,Romania,Europe,2009,4.00193023681641
ROU,Romania,Europe,2010,3.41647005081177
ROU,Romania,Europe,2011,2.91359996795654
ROU,Romania,Europe,2012,2.8234601020813
ROU,Romania,Europe,2013,3.06785011291504
ROU,Romania,Europe,2014,3.12494993209839
ROU,Romania,Europe,2015,3.10693001747131
ROU,Romania,Europe,2016,3.0255401134491
ROU,Romania,Europe,2017,3.11819005012512
ROU,Romania,Europe,2018,3.31710004806519
ROU,Romania,Europe,2019,3.55761003494263
ROU,Romania,Europe,2020,3.57968997955322
ROU,Romania,Europe,2021,3.31562995910644
ROU,Romania,Europe,2022,3.2788200378418
RUS,Russia,Europe,2000,2.93979001045227
RUS,Russia,Europe,2001,3.10601997375488
RUS,Russia,Europe,2002,3.83502006530762
RUS,Russia,Europe,2003,3.67855000495911
RUS,Russia,Europe,2004,3.54785990715027
RUS,Russia,Europe,2005,3.77192997932434
RUS,Russia,Europe,2006,3.86626005172729
RUS,Russia,Europe,2008,4.10174989700317
RUS,Russia,Europe,2010,4.08974230526824
RUS,Russia,Europe,2011,3.71261270253186
RUS,Russia,Europe,2012,3.79310011863708
RUS,Russia,Europe,2013,3.76382994651794
RUS,Russia,Europe,2014,4.01387977600098
RUS,Russia,Europe,2015,3.83402991294861
RUS,Russia,Europe,2016,3.76044011116028
RUS,Russia,Europe,2017,4.68990993499756
RUS,Russia,Europe,2018,4.67819023132324
RUS,Russia,Europe,2019,3.69561429198336
RUS,Russia,Europe,2020,4.01641864383637
RUS,Russia,Europe,2021,3.99480697864774
RUS,Russia,Europe,2022,4.05402755323777
RWA,Rwanda,Africa,2000,3.43418002128601
RWA,Rwanda,Africa,2001,4.82501983642578
RWA,Rwanda,Africa,2007,3.98502993583679
RWA,Rwanda,Africa,2008,3.50215005874634
RWA,Rwanda,Africa,2010,4.63126993179321
RWA,Rwanda,Africa,2011,4.38346004486084
RWA,Rwanda,Africa,2012,4.42103004455566
RWA,Rwanda,Africa,2013,4.7421498298645
RWA,Rwanda,Africa,2014,4.19644021987915
RWA,Rwanda,Africa,2015,3.64713001251221
RWA,Rwanda,Africa,2016,3.43482995033264
RWA,Rwanda,Africa,2017,3.1247398853302
RWA,Rwanda,Africa,2018,3.07376003265381
RWA,Rwanda,Africa,2019,3.23821222605582
RWA,Rwanda,Africa,2020,3.33309745728459
RWA,Rwanda,Africa,2021,5.58984994888306
RWA,Rwanda,Africa,2022,4.74213981628418
SAU,Saudi Arabia,Asia,2000,5.90982007980347
SAU,Saudi Arabia,Asia,2001,7.71887016296387
SAU,Saudi Arabia,Asia,2002,7.63688993453979
SAU,Saudi Arabia,Asia,2003,7.10509014129639
SAU,Saudi Arabia,Asia,2004,6.27747011184692
SAU,Saudi Arabia,Asia,2005,5.43093013763428
SAU,Saudi Arabia,Asia,2006,5.89117002487183
SAU,Saudi Arabia,Asia,2008,5.13781023025513
SDN,Sudan,Africa,2000,1.01217997074127
SDN,Sudan,Africa,2002,1.16425001621246
SDN,Sudan,Africa,2004,1.31254994869232
SDN,Sudan,Africa,2005,1.17842996120453
SDN,Sudan,Africa,2006,1.55353999137878
SDN,Sudan,Africa,2008,1.85150003433227
SDN,Sudan,Africa,2009,2.02213001251221
SEN,Senegal,Africa,2000,2.46335005760193
SEN,Senegal,Africa,2001,2.47150993347168
SEN,Senegal,Africa,2002,2.59441995620727
SEN,Senegal,Africa,2003,2.75125002861023
SEN,Senegal,Africa,2004,3.07778000831604
SEN,Senegal,Africa,2005,4.06443023681641
SEN,Senegal,Africa,2006,3.82138991355896
SEN,Senegal,Africa,2008,4.02568006515503
SEN,Senegal,Africa,2009,4.92072010040283
SEN,Senegal,Africa,2010,0.544770002365112
SEN,Senegal,Africa,2011,4.90302991867065
SEN,Senegal,Africa,2012,4.77698993682861
SEN,Senegal,Africa,2013,5.68656015396118
SEN,Senegal,Africa,2014,5.72907018661499
SEN,Senegal,Africa,2015,5.45634984970093
SEN,Senegal,Africa,2016,5.11309003829956
SEN,Senegal,Africa,2017,4.74007987976074
SEN,Senegal,Africa,2018,5.11019992828369
SEN,Senegal,Africa,2019,5.03525018692017
SEN,Senegal,Africa,2020,5.6869797706604
SEN,Senegal,Africa,2021,5.61201000213623
SEN,Senegal,Africa,2022,5.95222997665405
SGP,Singapore,Asia,2000,3.32129001617432
SGP,Singapore,Asia,2001,3.54250001907349
SGP,Singapore,Asia,2002,3.87852001190186
SGP,Singapore,Asia,2003,3.98194003105164
SGP,Singapore,Asia,2004,3.65276002883911
SGP,Singapore,Asia,2005,3.19596004486084
SGP,Singapore,Asia,2006,2.85911989212036
SGP,Singapore,Asia,2007,2.94673991203308
SGP,Singapore,Asia,2008,2.76460003852844
SGP,Singapore,Asia,2009,3.01012992858887
SGP,Singapore,Asia,2010,3.08044004440308
SGP,Singapore,Asia,2011,3.03077006340027
SGP,Singapore,Asia,2012,3.07084989547729
SGP,Singapore,Asia,2013,2.85435009002686
SGP,Singapore,Asia,2014,3.01358665503678
SGP,Singapore,Asia,2015,2.99161870509909
SGP,Singapore,Asia,2016,2.94466258946576
SGP,Singapore,Asia,2017,2.87916382421742
SGP,Singapore,Asia,2018,2.85314011573792
SGP,Singapore,Asia,2019,2.72783994674683
SGP,Singapore,Asia,2020,2.69227004051208
SGP,Singapore,Asia,2021,2.82732009887695
SGP,Singapore,Asia,2022,2.47478008270264
SLB,Solomon Islands,Oceania,2007,7.33327007293701
SLB,Solomon Islands,Oceania,2008,6.89515018463135
SLB,Solomon Islands,Oceania,2009,6.6585898399353
SLB,Solomon Islands,Oceania,2010,7.47837018966675
SLB,Solomon Islands,Oceania,2020,9.64354620369343
SLB,Solomon Islands,Oceania,2021,8.33232704380039
SLB,Solomon Islands,Oceania,2022,8.48737829731105
SLE,Sierra Leone,Africa,2000,4.94936990737915
SLE,Sierra Leone,Africa,2001,2.22618007659912
SLE,Sierra Leone,Africa,2002,2.29766988754273
SLE,Sierra Leone,Africa,2003,2.10887002944946
SLE,Sierra Leone,Africa,2004,2.01167011260986
SLE,Sierra Leone,Africa,2005,1.81370997428894
SLE,Sierra Leone,Africa,2007,1.52012002468109
SLE,Sierra Leone,Africa,2008,1.4541300535202
SLE,Sierra Leone,Africa,2009,1.72441005706787
SLE,Sierra Leone,Africa,2010,1.56553995609283
SLE,Sierra Leone,Africa,2011,1.61538004875183
SLE,Sierra Leone,Africa,2012,1.77787005901337
SLE,Sierra Leone,Africa,2013,1.56069004535675
SLE,Sierra Leone,Africa,2014,1.73754000663757
SLE,Sierra Leone,Africa,2015,3.21786273563993
SLE,Sierra Leone,Africa,2016,1.84832000732422
SLE,Sierra Leone,Africa,2017,3.0150101184845
SLE,Sierra Leone,Africa,2018,4.46809005737305
SLE,Sierra Leone,Africa,2019,4.65177011489868
SLE,Sierra Leone,Africa,2020,5.34702014923096
SLE,Sierra Leone,Africa,2021,5.59322023391724
SLE,Sierra Leone,Africa,2022,4.90762996673584
SLV,El Salvador,North America,2000,2.8386800289154
SLV,El Salvador,North America,2002,3.242840051651
SLV,El Salvador,North America,2003,3.13467001914978
SLV,El Salvador,North America,2005,3.17785000801086
SLV,El Salvador,North America,2006,3.49298000335693
SLV,El Salvador,North America,2007,3.60984992980957
SLV,El Salvador,North America,2008,4.45810985565185
SLV,El Salvador,North America,2009,4.65950012207031
SLV,El Salvador,North America,2010,4.04807996749878
SLV,El Salvador,North America,2011,3.89854001998901
SLV,El Salvador,North America,2012,3.7124400138855
SLV,El Salvador,North America,2013,3.80149006843567
SLV,El Salvador,North America,2014,3.82416009902954
SLV,El Salvador,North America,2015,3.90987992286682
SLV,El Salvador,North America,2016,3.82523989677429
SLV,El Salvador,North America,2017,3.7252299785614
SLV,El Salvador,North America,2018,3.60575008392334
SLV,El Salvador,North America,2019,3.38710999488831
SLV,El Salvador,North America,2020,3.66088008880615
SLV,El Salvador,North America,2021,3.57766008377075
SLV,El Salvador,North America,2022,3.26848006248474
SMR,San Marino,Europe,2010,2.62883996963501
SMR,San Marino,Europe,2011,2.70296001434326
SMR,San Marino,Europe,2013,3.26723534651899
SMR,San Marino,Europe,2014,3.19357628015873
SMR,San Marino,Europe,2015,3.11914279579368
SMR,San Marino,Europe,2016,3.02697977142855
SMR,San Marino,Europe,2017,3.36997008323669
SMR,San Marino,Europe,2018,3.55516004562378
SMR,San Marino,Europe,2019,3.37969994544983
SMR,San Marino,Europe,2020,3.4246199131012
SMR,San Marino,Europe,2021,3.10892009735107
SMR,San Marino,Europe,2022,2.89753007888794
SOM,Somalia,Africa,2018,4.00990834307e-06
SOM,Somalia,Africa,2019,5.73281247182e-06
SOM,Somalia,Africa,2020,6.12054361034e-06
SOM,Somalia,Africa,2021,6.75308344309e-06
SOM,Somalia,Africa,2022,7.21674775437e-06
SRB,Serbia,Europe,2007,4.04881000518799
SRB,Serbia,Europe,2009,4.3127498626709
SRB,Serbia,Europe,2011,4.0735502243042
SRB,Serbia,Europe,2016,3.50275993347168
SRB,Serbia,Europe,2017,3.56539011001587
SRB,Serbia,Europe,2018,3.43663001060486
SRB,Serbia,Europe,2019,3.45865988731384
SRB,Serbia,Europe,2021,3.14615988731384
SRB,Serbia,Europe,2022,3.08255004882812
SSD,South Sudan,Africa,2010,1.04533007934585
SSD,South Sudan,Africa,2011,0.962890028953552
SSD,South Sudan,Africa,2012,1.57674938085481
SSD,South Sudan,Africa,2013,1.02450001239777
SSD,South Sudan,Africa,2014,1.23246002197266
SSD,South Sudan,Africa,2015,1.46555995941162
SSD,South Sudan,Africa,2016,1.56539228959694
STP,Sao Tome and Principe,Africa,2002,2.72058010101318
STP,Sao Tome and Principe,Africa,2003,3.24692988395691
STP,Sao Tome and Principe,Africa,2004,3.23470997810364
STP,Sao Tome and Principe,Africa,2005,4.85645008087158
STP,Sao Tome and Principe,Africa,2006,4.27118015289307
STP,Sao Tome and Principe,Africa,2007,6.28682994842529
STP,Sao Tome and Principe,Africa,2008,5.5544900894165
STP,Sao Tome and Principe,Africa,2009,9.99429035186768
STP,Sao Tome and Principe,Africa,2010,9.9882698059082
STP,Sao Tome and Principe,Africa,2011,8.79410245042467
STP,Sao Tome and Principe,Africa,2012,6.92846012115479
STP,Sao Tome and Principe,Africa,2013,6.68509006500244
STP,Sao Tome and Principe,Africa,2014,4.4321699142456
STP,Sao Tome and Principe,Africa,2015,4.69794988632202
STP,Sao Tome and Principe,Africa,2016,6.11515998840332
STP,Sao Tome and Principe,Africa,2017,5.87489986419678
STP,Sao Tome and Principe,Africa,2018,5.62454986572266
STP,Sao Tome and Principe,Africa,2019,6.10573891896978
STP,Sao Tome and Principe,Africa,2020,5.02931173372591
STP,Sao Tome and Principe,Africa,2021,5.53985041124283
STP,Sao Tome and Principe,Africa,2022,5.19392101712613
SUR,Suriname,North America,2015,5.53479610522553
SUR,Suriname,North America,2016,5.64051904970974
SUR,Suriname,North America,2017,5.45861311514349
SUR,Suriname,North America,2018,4.92259355761269
SUR,Suriname,North America,2019,6.77857289012664
SUR,Suriname,North America,2020,4.58425708265782
SUR,Suriname,North America,2021,4.13154972947739
SUR,Suriname,North America,2022,3.43460841988051
SVK,Slovakia,Europe,2000,3.86823010444641
SVK,Slovakia,Europe,2001,3.94236993789673
SVK,Slovakia,Europe,2002,4.25193023681641
SVK,Slovakia,Europe,2003,4.23699998855591
SVK,Slovakia,Europe,2004,4.11747980117798
SVK,Slovakia,Europe,2005,3.77565002441406
SVK,Slovakia,Europe,2006,3.70850992202759
SVK,Slovakia,Europe,2007,3.52223992347717
SVK,Slovakia,Europe,2008,3.52339005470276
SVK,Slovakia,Europe,2009,4.00893020629883
SVK,Slovakia,Europe,2010,4.04704999923706
SVK,Slovakia,Europe,2011,3.90686988830566
SVK,Slovakia,Europe,2012,3.85490989685059
SVK,Slovakia,Europe,2013,4.06078004837036
SVK,Slovakia,Europe,2014,4.20446014404297
SVK,Slovakia,Europe,2015,4.56416988372803
SVK,Slovakia,Europe,2016,3.88375997543335
SVK,Slovakia,Europe,2017,3.91876006126404
SVK,Slovakia,Europe,2018,3.93534994125366
SVK,Slovakia,Europe,2019,4.26779985427856
SVK,Slovakia,Europe,2020,4.720290184021
SVK,Slovakia,Europe,2021,4.71766996383667
SVK,Slovakia,Europe,2022,4.65688991546631
SVN,Slovenia,Europe,2001,5.81461000442505
SVN,Slovenia,Europe,2002,5.74013996124268
SVN,Slovenia,Europe,2003,5.75657987594604
SVN,Slovenia,Europe,2004,5.68693017959595
SVN,Slovenia,Europe,2005,5.64437007904053
SVN,Slovenia,Europe,2006,5.62207984924316
SVN,Slovenia,Europe,2007,5.13660001754761
SVN,Slovenia,Europe,2008,5.13438987731934
SVN,Slovenia,Europe,2009,5.62079000473022
SVN,Slovenia,Europe,2010,5.59362983703613
SVN,Slovenia,Europe,2011,5.58290004730225
SVN,Slovenia,Europe,2012,5.6702299118042
SVN,Slovenia,Europe,2013,5.46767997741699
SVN,Slovenia,Europe,2014,5.34328985214233
SVN,Slovenia,Europe,2015,4.95528984069824
SVN,Slovenia,Europe,2016,4.84419012069702
SVN,Slovenia,Europe,2017,4.82381010055542
SVN,Slovenia,Europe,2018,4.97948980331421
SVN,Slovenia,Europe,2019,4.93479013442993
SVN,Slovenia,Europe,2020,5.41901016235352
SVN,Slovenia,Europe,2021,5.39167022705078
SVN,Slovenia,Europe,2022,5.28065013885498
SWE,Sweden,Europe,2000,6.7383599281311
SWE,Sweden,Europe,2001,6.61482000350952
SWE,Sweden,Europe,2002,6.91077995300293
SWE,Sweden,Europe,2003,6.79678010940552
SWE,Sweden,Europe,2004,6.6729998588562
SWE,Sweden,Europe,2005,6.51516008377075
SWE,Sweden,Europe,2006,6.37277984619141
SWE,Sweden,Europe,2007,6.18673992156982
SWE,Sweden,Europe,2008,6.38263988494873
SWE,Sweden,Europe,2009,6.78425979614258
SWE,Sweden,Europe,2010,6.56318998336792
SWE,Sweden,Europe,2011,6.40655994415283
SWE,Sweden,Europe,2012,7.57456016540527
SWE,Sweden,Europe,2013,7.6465802192688
SWE,Sweden,Europe,2014,7.62924003601074
SWE,Sweden,Europe,2015,7.49442005157471
SWE,Sweden,Europe,2016,7.63991022109985
SWE,Sweden,Europe,2017,7.63849020004272
SWE,Sweden,Europe,2018,7.69825983047485
SWE,Sweden,Europe,2019,7.66307020187378
SWE,Sweden,Europe,2020,7.95333003997803
SWE,Sweden,Europe,2021,7.60224008560181
SWE,Sweden,Europe,2022,7.31909990310669
SWZ,Eswatini,Africa,2000,5.50848007202148
SWZ,Eswatini,Africa,2001,4.83824014663696
SWZ,Eswatini,Africa,2002,4.44086980819702
SWZ,Eswatini,Africa,2003,5.81677007675171
SWZ,Eswatini,Africa,2004,5.40160989761353
SWZ,Eswatini,Africa,2005,6.48462009429932
SWZ,Eswatini,Africa,2006,6.55475997924805
SWZ,Eswatini,Africa,2008,6.61812019348145
SWZ,Eswatini,Africa,2009,6.47135019302368
SWZ,Eswatini,Africa,2010,6.11837005615234
SWZ,Eswatini,Africa,2011,6.86432981491089
SWZ,Eswatini,Africa,2012,5.59328219778155
SWZ,Eswatini,Africa,2013,5.08461029694871
SWZ,Eswatini,Africa,2014,7.28094005584717
SWZ,Eswatini,Africa,2015,5.35494723006471
SWZ,Eswatini,Africa,2016,5.43355309210979
SWZ,Eswatini,Africa,2017,6.177914116856
SWZ,Eswatini,Africa,2018,5.73687354676617
SWZ,Eswatini,Africa,2019,5.69914824136892
SWZ,Eswatini,Africa,2020,5.32546270122803
SWZ,Eswatini,Africa,2021,5.28714899285221
SWZ,Eswatini,Africa,2022,5.57274175738511
SXM,Sint Maarten,North America,2012,4.61834872782909
SXM,Sint Maarten,North America,2014,3.06759489680727
SXM,Sint Maarten,North America,2022,4.27420508508285
SYC,Seychelles,Africa,2002,4.88109016418457
SYC,Seychelles,Africa,2003,5.05177021026611
SYC,Seychelles,Africa,2006,4.48331022262573
SYC,Seychelles,Africa,2011,3.62995004653931
SYC,Seychelles,Africa,2012,2.54216003417969
SYC,Seychelles,Africa,2013,3.61840009689331
SYC,Seychelles,Africa,2014,3.95247006416321
SYC,Seychelles,Africa,2015,4.91460990905762
SYC,Seychelles,Africa,2016,4.0213098526001
SYC,Seychelles,Africa,2017,3.34617325657655
SYC,Seychelles,Africa,2018,3.59446940668662
SYC,Seychelles,Africa,2019,3.5588555711461
SYC,Seychelles,Africa,2020,4.18704837049316
SYC,Seychelles,Africa,2021,4.86547351368626
SYC,Seychelles,Africa,2022,3.65858904774836
SYR,Syria,Asia,2001,4.54640007019043
SYR,Syria,Asia,2002,5.26983976364136
SYR,Syria,Asia,2003,6.48086023330688
SYR,Syria,Asia,2004,5.37147998809815
SYR,Syria,Asia,2006,5.27966022491455
SYR,Syria,Asia,2007,4.86469984054565
SYR,Syria,Asia,2008,4.59525012969971
SYR,Syria,Asia,2009,5.13012981414795
TCA,Turks and Caicos Islands,North America,2000,4.71883010864258
TCA,Turks and Caicos Islands,North America,2001,4.84300994873047
TCA,Turks and Caicos Islands,North America,2002,5.06913995742798
TCA,Turks and Caicos Islands,North America,2003,4.72877979278565
TCA,Turks and Caicos Islands,North America,2005,2.54099988937378
TCA,Turks and Caicos Islands,North America,2011,3.16663368961357
TCA,Turks and Caicos Islands,North America,2012,2.69749326490282
TCA,Turks and Caicos Islands,North America,2013,2.80478695053816
TCA,Turks and Caicos Islands,North America,2014,2.74654631561921
TCA,Turks and Caicos Islands,North America,2015,3.09093999862671
TCA,Turks and Caicos Islands,North America,2016,2.90744573120893
TCA,Turks and Caicos Islands,North America,2017,2.47278207606746
TCA,Turks and Caicos Islands,North America,2018,2.7437698841095
TCA,Turks and Caicos Islands,North America,2019,2.12170004844665
TCA,Turks and Caicos Islands,North America,2020,2.46213795190062
TCA,Turks and Caicos Islands,North America,2021,3.27759003639221
TCA,Turks and Caicos Islands,North America,2022,2.77640008926392
TCD,Chad,Africa,2000,2.64670991897583
TCD,Chad,Africa,2001,2.42614006996155
TCD,Chad,Africa,2004,1.59294998645782
TCD,Chad,Africa,2005,1.30189001560211
TCD,Chad,Africa,2009,1.74366998672485
TCD,Chad,Africa,2010,1.50397002696991
TCD,Chad,Africa,2011,1.64717996120453
TCD,Chad,Africa,2012,1.52493000030518
TCD,Chad,Africa,2013,2.06696009635925
TCD,Chad,Africa,2014,2.32031229563021
TCD,Chad,Africa,2015,2.34283149521162
TCD,Chad,Africa,2016,2.38847586229946
TCD,Chad,Africa,2017,1.8390200138092
TCD,Chad,Africa,2018,2.25947501392013
TCD,Chad,Africa,2019,2.37245795383591
TCD,Chad,Africa,2020,2.73960390423748
TCD,Chad,Africa,2021,2.01648998260498
TCD,Chad,Africa,2022,2.6016118897064
TGO,Togo,Africa,2000,2.77644991874695
TGO,Togo,Africa,2001,2.66750001907349
TGO,Togo,Africa,2002,2.46951007843018
TGO,Togo,Africa,2003,2.35525989532471
TGO,Togo,Africa,2004,2.20198011398315
TGO,Togo,Africa,2005,2.23748993873596
TGO,Togo,Africa,2006,2.43236994743347
TGO,Togo,Africa,2007,2.48604011535644
TGO,Togo,Africa,2008,2.38472008705139
TGO,Togo,Africa,2009,2.76807999610901
TGO,Togo,Africa,2010,2.95976996421814
TGO,Togo,Africa,2011,3.07750010490417
TGO,Togo,Africa,2012,3.37651991844177
TGO,Togo,Africa,2013,3.17475008964539
TGO,Togo,Africa,2014,3.4237699508667
TGO,Togo,Africa,2015,3.71096992492676
TGO,Togo,Africa,2016,3.6624801158905
TGO,Togo,Africa,2017,3.76526999473572
TGO,Togo,Africa,2018,4.09162998199463
TGO,Togo,Africa,2019,4.20164196626882
TGO,Togo,Africa,2020,4.08528017372931
TGO,Togo,Africa,2021,4.22702442483079
TGO,Togo,Africa,2022,3.77811083266775
THA,Thailand,Asia,2000,5.25345993041992
THA,Thailand,Asia,2001,4.81787014007568
THA,Thailand,Asia,2002,3.86491990089417
THA,Thailand,Asia,2003,3.72561001777649
THA,Thailand,Asia,2004,4.03088998794556
THA,Thailand,Asia,2005,3.93859004974365
THA,Thailand,Asia,2006,4.05038022994995
THA,Thailand,Asia,2007,3.60314989089966
THA,Thailand,Asia,2008,3.50850009918213
THA,Thailand,Asia,2009,3.86193990707398
THA,Thailand,Asia,2010,3.50846004486084
THA,Thailand,Asia,2011,4.80556011199951
THA,Thailand,Asia,2012,4.53672981262207
THA,Thailand,Asia,2013,4.12401008605957
THA,Thailand,Asia,2014,3.91917751852112
THA,Thailand,Asia,2015,3.86397622727286
THA,Thailand,Asia,2016,3.76761756770937
THA,Thailand,Asia,2017,3.46532147640365
THA,Thailand,Asia,2018,3.19769395901619
THA,Thailand,Asia,2019,3.02221411183282
THA,Thailand,Asia,2020,3.15314171737183
THA,Thailand,Asia,2021,2.98212428478268
THA,Thailand,Asia,2022,2.61187022798634
TJK,Tajikistan,Asia,2000,2.32871007919311
TJK,Tajikistan,Asia,2001,2.37659001350403
TJK,Tajikistan,Asia,2002,2.77578997612
TJK,Tajikistan,Asia,2003,2.42078995704651
TJK,Tajikistan,Asia,2004,2.77203011512756
TJK,Tajikistan,Asia,2005,3.51213002204895
TJK,Tajikistan,Asia,2006,3.40350008010864
TJK,Tajikistan,Asia,2007,3.41326999664307
TJK,Tajikistan,Asia,2008,3.45983004570007
TJK,Tajikistan,Asia,2009,4.0983099937439
TJK,Tajikistan,Asia,2010,4.00675010681152
TJK,Tajikistan,Asia,2011,3.93511009216309
TJK,Tajikistan,Asia,2012,4.01803016662598
TJK,Tajikistan,Asia,2013,5.29397617900035
TJK,Tajikistan,Asia,2014,5.59398898966753
TJK,Tajikistan,Asia,2015,4.96774005889893
TJK,Tajikistan,Asia,2016,5.73094142576332
TJK,Tajikistan,Asia,2017,5.54471764262202
TJK,Tajikistan,Asia,2018,5.38508736377556
TJK,Tajikistan,Asia,2019,5.48427628435415
TJK,Tajikistan,Asia,2020,5.13516829187823
TJK,Tajikistan,Asia,2021,4.38253082077599
TJK,Tajikistan,Asia,2022,5.39829770599001
TKM,Turkmenistan,Asia,2012,3.04924988746643
TKM,Turkmenistan,Asia,2019,3.12054991722107
TKM,Turkmenistan,Asia,2020,3.76267004013061
TKM,Turkmenistan,Asia,2021,3.8489100933075
TKM,Turkmenistan,Asia,2022,3.58004999160767
TLS,Timor-Leste,Asia,2008,8.67014980316162
TLS,Timor-Leste,Asia,2009,12.9024801254272
TLS,Timor-Leste,Asia,2010,11.1065797805786
TLS,Timor-Leste,Asia,2011,10.1935195922852
TLS,Timor-Leste,Asia,2012,7.16214990615845
TLS,Timor-Leste,Asia,2013,5.66632986068726
TLS,Timor-Leste,Asia,2014,7.51430988311768
TLS,Timor-Leste,Asia,2015,8.46706962585449
TLS,Timor-Leste,Asia,2016,8.12837982177734
TLS,Timor-Leste,Asia,2017,7.17093992233276
TLS,Timor-Leste,Asia,2018,6.848060131073
TLS,Timor-Leste,Asia,2019,4.17968913742937
TLS,Timor-Leste,Asia,2020,3.65287360437751
TLS,Timor-Leste,Asia,2021,2.97389404101318
TON,Tonga,Oceania,2000,4.87807989120483
TON,Tonga,Oceania,2001,4.47756004333496
TON,Tonga,Oceania,2002,3.79500007629394
TON,Tonga,Oceania,2003,4.15951013565063
TON,Tonga,Oceania,2004,3.91376996040344
TON,Tonga,Oceania,2017,4.63626808288478
TON,Tonga,Oceania,2018,4.71514397196975
TON,Tonga,Oceania,2019,4.86170396202671
TON,Tonga,Oceania,2020,5.04883511346915
TON,Tonga,Oceania,2021,5.162544372426
TON,Tonga,Oceania,2022,5.31016278046634
TTO,Trinidad and Tobago,North America,2000,2.75565004348755
TTO,Trinidad and Tobago,North America,2001,3.06528997421265
TTO,Trinidad and Tobago,North America,2002,3.54300999641419
TTO,Trinidad and Tobago,North America,2003,3.13660001754761
TTO,Trinidad and Tobago,North America,2010,4.21155458844183
TTO,Trinidad and Tobago,North America,2011,3.85078840215008
TTO,Trinidad and Tobago,North America,2012,3.57398000577018
TTO,Trinidad and Tobago,North America,2013,3.75275872925405
TTO,Trinidad and Tobago,North America,2014,3.59013796983043
TTO,Trinidad and Tobago,North America,2015,4.42459330779419
TTO,Trinidad and Tobago,North America,2016,4.21428227509361
TTO,Trinidad and Tobago,North America,2017,3.3293687903123
TTO,Trinidad and Tobago,North America,2018,3.47141762674052
TTO,Trinidad and Tobago,North America,2019,3.55386116245268
TTO,Trinidad and Tobago,North America,2020,4.22041988372803
TTO,Trinidad and Tobago,North America,2021,3.04397988319397
TTO,Trinidad and Tobago,North America,2022,2.81801009178162
TUN,Tunisia,Africa,2000,6.20196008682251
TUN,Tunisia,Africa,2001,6.20184993743896
TUN,Tunisia,Africa,2002,5.79006004333496
TUN,Tunisia,Africa,2003,6.81675004959106
TUN,Tunisia,Africa,2004,6.72078990936279
TUN,Tunisia,Africa,2005,6.4515700340271
TUN,Tunisia,Africa,2006,6.43879985809326
TUN,Tunisia,Africa,2007,6.46451997756958
TUN,Tunisia,Africa,2008,6.27157020568848
TUN,Tunisia,Africa,2009,6.528480052948
TUN,Tunisia,Africa,2010,5.96306991577148
TUN,Tunisia,Africa,2012,5.95086002349854
TUN,Tunisia,Africa,2015,6.22044992446899
TUN,Tunisia,Africa,2019,6.17373240410185
TUN,Tunisia,Africa,2020,7.26507545467782
TUN,Tunisia,Africa,2021,6.67984656240779
TUN,Tunisia,Africa,2022,6.8049896073928
TUR,Türkiye,Asia,2011,4.22150993347168
TUR,Türkiye,Asia,2012,4.38721990585327
TUR,Türkiye,Asia,2013,4.34479999542236
TUR,Türkiye,Asia,2014,4.41256999969482
TUR,Türkiye,Asia,2015,4.30550003051758
TUR,Türkiye,Asia,2016,4.62773990631104
TUR,Türkiye,Asia,2017,4.32369995117188
TUR,Türkiye,Asia,2018,4.29729986190796
TUR,Türkiye,Asia,2019,4.44776010513306
TUR,Türkiye,Asia,2020,4.03382015228271
TUR,Türkiye,Asia,2021,3.53787994384766
TUR,Türkiye,Asia,2022,3.09571003913879
TUV,Tuvalu,Oceania,2020,14.5482776139014
TUV,Tuvalu,Oceania,2021,15.5155119679441
TUV,Tuvalu,Oceania,2022,13.7621912480198
TZA,Tanzania,Africa,2004,3.56245994567871
TZA,Tanzania,Africa,2005,3.54747009277344
TZA,Tanzania,Africa,2006,3.00991988182068
TZA,Tanzania,Africa,2007,4.0334300994873
TZA,Tanzania,Africa,2008,4.18591022491455
TZA,Tanzania,Africa,2009,3.96075010299683
TZA,Tanzania,Africa,2010,4.54169988632202
TZA,Tanzania,Africa,2011,4.57789905920015
TZA,Tanzania,Africa,2012,4.22964300342458
TZA,Tanzania,Africa,2013,4.63769446369719
TZA,Tanzania,Africa,2014,3.38488006591797
TZA,Tanzania,Africa,2015,4.19486548285076
TZA,Tanzania,Africa,2016,4.10196721791864
TZA,Tanzania,Africa,2017,4.43052005767822
TZA,Tanzania,Africa,2018,3.69962000846863
TZA,Tanzania,Africa,2019,3.59683638888648
TZA,Tanzania,Africa,2020,3.23097255920833
TZA,Tanzania,Africa,2021,3.11515335288784
TZA,Tanzania,Africa,2022,3.2382450375764
UGA,Uganda,Africa,2000,2.461669921875
UGA,Uganda,Africa,2004,4.95237016677856
UGA,Uganda,Africa,2010,1.72739994525909
UGA,Uganda,Africa,2011,2.29890990257263
UGA,Uganda,Africa,2012,1.79746997356415
UGA,Uganda,Africa,2013,1.87114000320435
UGA,Uganda,Africa,2014,1.91472005844116
UGA,Uganda,Africa,2015,2.32152009010315
UGA,Uganda,Africa,2016,2.13789010047913
UGA,Uganda,Africa,2017,2.25362992286682
UGA,Uganda,Africa,2018,2.13052010536194
UGA,Uganda,Africa,2019,2.30828081242322
UGA,Uganda,Africa,2020,2.57222181308255
UGA,Uganda,Africa,2021,2.63593612308533
UGA,Uganda,Africa,2022,2.56105027176925
UKR,Ukraine,Europe,2000,4.02293014526367
UKR,Ukraine,Europe,2001,4.52568006515503
UKR,Ukraine,Europe,2002,5.24006986618042
UKR,Ukraine,Europe,2003,5.4001898765564
UKR,Ukraine,Europe,2004,5.12376022338867
UKR,Ukraine,Europe,2005,5.84819984436035
UKR,Ukraine,Europe,2006,5.97945976257324
UKR,Ukraine,Europe,2007,5.90244007110596
UKR,Ukraine,Europe,2008,6.15242004394531
UKR,Ukraine,Europe,2009,7.05074977874756
UKR,Ukraine,Europe,2011,5.93769979476929
UKR,Ukraine,Europe,2012,6.44267988204956
UKR,Ukraine,Europe,2013,6.41987991333008
UKR,Ukraine,Europe,2014,5.87491989135742
UKR,Ukraine,Europe,2015,5.33951727495092
UKR,Ukraine,Europe,2016,5.00976991653442
UKR,Ukraine,Europe,2017,5.41706991195679
UKR,Ukraine,Europe,2018,5.3199200630188
UKR,Ukraine,Europe,2019,5.44129991531372
UKR,Ukraine,Europe,2020,5.38230991363525
UKR,Ukraine,Europe,2021,5.14010000228882
URY,Uruguay,North America,2000,2.42254996299744
URY,Uruguay,North America,2001,2.80096006393433
URY,Uruguay,North America,2002,2.32220005989075
URY,Uruguay,North America,2003,2.0682098865509
URY,Uruguay,North America,2004,2.49954009056091
URY,Uruguay,North America,2005,2.71476006507873
URY,Uruguay,North America,2006,2.85664010047913
URY,Uruguay,North America,2011,4.14937019348145
URY,Uruguay,North America,2012,4.09353338283242
URY,Uruguay,North America,2013,4.23893022537231
URY,Uruguay,North America,2014,4.26735019683838
URY,Uruguay,North America,2015,4.20636987686157
URY,Uruguay,North America,2016,4.36420011520386
URY,Uruguay,North America,2017,4.41787004470825
URY,Uruguay,North America,2018,4.60361003875732
URY,Uruguay,North America,2019,4.62834978103638
URY,Uruguay,North America,2020,4.55217981338501
URY,Uruguay,North America,2021,4.46211004257202
URY,Uruguay,North America,2022,4.4795298576355
USA,United States,North America,2015,4.93064022064209
USA,United States,North America,2016,4.78327989578247
USA,United States,North America,2017,5.09296989440918
USA,United States,North America,2018,4.89502000808716
USA,United States,North America,2019,4.95746994018555
USA,United States,North America,2020,5.39530992507935
USA,United States,North America,2021,5.42038011550903
UZB,Uzbekistan,Asia,2013,5.74191999435425
UZB,Uzbekistan,Asia,2014,5.71325016021729
UZB,Uzbekistan,Asia,2015,5.49444007873535
UZB,Uzbekistan,Asia,2016,5.38089990615845
UZB,Uzbekistan,Asia,2017,4.48249006271362
UZB,Uzbekistan,Asia,2018,4.83589298172277
UZB,Uzbekistan,Asia,2019,6.29534678547216
UZB,Uzbekistan,Asia,2020,4.44021987915039
UZB,Uzbekistan,Asia,2021,4.13580989837646
UZB,Uzbekistan,Asia,2022,5.23477171022152
VCT,Saint Vincent and the Grenadines,North America,2000,7.32787990570068
VCT,Saint Vincent and the Grenadines,North America,2002,7.38802003860474
VCT,Saint Vincent and the Grenadines,North America,2003,8.17488956451416
VCT,Saint Vincent and the Grenadines,North America,2005,6.03082990646362
VCT,Saint Vincent and the Grenadines,North America,2007,5.43937015533447
VCT,Saint Vincent and the Grenadines,North America,2009,5.3761100769043
VCT,Saint Vincent and the Grenadines,North America,2010,4.80839014053345
VCT,Saint Vincent and the Grenadines,North America,2015,4.95614634835429
VCT,Saint Vincent and the Grenadines,North America,2016,5.45265007019043
VCT,Saint Vincent and the Grenadines,North America,2017,5.37974977493286
VCT,Saint Vincent and the Grenadines,North America,2018,5.22357988357544
VCT,Saint Vincent and the Grenadines,North America,2020,5.46376310406546
VCT,Saint Vincent and the Grenadines,North America,2022,7.07575034584772
VEN,Venezuela,North America,2006,3.66905999183655
VEN,Venezuela,North America,2007,3.62732005119324
VEN,Venezuela,North America,2009,6.87467002868652
VGB,Virgin Islands,North America,2010,3.48700818755313
VGB,Virgin Islands,North America,2012,3.55560728835564
VGB,Virgin Islands,North America,2013,4.45811210742524
VGB,Virgin Islands,North America,2014,4.00919804063438
VGB,Virgin Islands,North America,2015,4.70449999843962
VGB,Virgin Islands,North America,2016,3.25467711875258
VGB,Virgin Islands,North America,2017,2.4570894097885
VGB,Virgin Islands,North America,2018,2.42556060278319
VGB,Virgin Islands,North America,2019,2.500967871937
VGB,Virgin Islands,North America,2020,2.70539282589676
VGB,Virgin Islands,North America,2021,3.0245532067775
VGB,Virgin Islands,North America,2022,2.48401807300907
VNM,Vietnam,Asia,2008,4.8867301940918
VNM,Vietnam,Asia,2009,4.81650018692017
VNM,Vietnam,Asia,2010,4.04594993591309
VNM,Vietnam,Asia,2011,3.7802300453186
VNM,Vietnam,Asia,2012,4.40817022323608
VNM,Vietnam,Asia,2013,4.52833986282349
VNM,Vietnam,Asia,2014,3.54012312110584
VNM,Vietnam,Asia,2015,3.41660449674943
VNM,Vietnam,Asia,2016,3.46906995773315
VNM,Vietnam,Asia,2017,3.41865686539527
VNM,Vietnam,Asia,2018,3.29537010192871
VNM,Vietnam,Asia,2019,3.08499832693462
VNM,Vietnam,Asia,2020,3.21652900152514
VNM,Vietnam,Asia,2021,2.94517488804327
VNM,Vietnam,Asia,2022,2.88738689372749
VUT,Vanuatu,Oceania,2000,7.0036301612854
VUT,Vanuatu,Oceania,2001,8.95114994049072
VUT,Vanuatu,Oceania,2002,8.13197994232178
VUT,Vanuatu,Oceania,2003,8.44151020050049
VUT,Vanuatu,Oceania,2008,5.95150995254517
VUT,Vanuatu,Oceania,2009,5.16051006317139
VUT,Vanuatu,Oceania,2014,5.17257022857666
VUT,Vanuatu,Oceania,2015,5.39081001281738
VUT,Vanuatu,Oceania,2016,7.67742589514444
VUT,Vanuatu,Oceania,2017,4.53353023529053
VUT,Vanuatu,Oceania,2018,8.60634669948001
VUT,Vanuatu,Oceania,2019,1.77407002449036
VUT,Vanuatu,Oceania,2020,2.17358994483948
VUT,Vanuatu,Oceania,2021,10.1102406419734
VUT,Vanuatu,Oceania,2022,10.7033456499063
WSM,Samoa,Oceania,2000,3.63095998764038
WSM,Samoa,Oceania,2001,3.97652006149292
WSM,Samoa,Oceania,2002,3.93932008743286
WSM,Samoa,Oceania,2008,5.11659002304077
WSM,Samoa,Oceania,2011,4.77426341839114
WSM,Samoa,Oceania,2012,4.89170722777607
WSM,Samoa,Oceania,2013,4.61486064947671
WSM,Samoa,Oceania,2014,5.41392159958726
WSM,Samoa,Oceania,2015,4.42452121728174
WSM,Samoa,Oceania,2016,3.98114991188049
WSM,Samoa,Oceania,2017,4.18871569584785
WSM,Samoa,Oceania,2018,4.47214854040471
WSM,Samoa,Oceania,2019,4.58404753905646
WSM,Samoa,Oceania,2020,4.50316850152178
WSM,Samoa,Oceania,2021,5.2162847162306
WSM,Samoa,Oceania,2022,6.15978780645853
YEM,Yemen,Asia,2000,9.66162967681885
YEM,Yemen,Asia,2001,9.24470996856689
YEM,Yemen,Asia,2008,5.15144014358521
ZAF,South Africa,Africa,2000,4.90882015228271
ZAF,South Africa,Africa,2001,4.63617992401123
ZAF,South Africa,Africa,2002,4.54569005966187
ZAF,South Africa,Africa,2003,4.35209989547729
ZAF,South Africa,Africa,2004,4.50897979736328
ZAF,South Africa,Africa,2005,4.5245099067688
ZAF,South Africa,Africa,2006,4.52652978897095
ZAF,South Africa,Africa,2007,4.44668006896973
ZAF,South Africa,Africa,2008,4.37424993515015
ZAF,South Africa,Africa,2009,4.76118993759155
ZAF,South Africa,Africa,2010,5.13496017456055
ZAF,South Africa,Africa,2011,5.28899002075195
ZAF,South Africa,Africa,2012,5.52322006225586
ZAF,South Africa,Africa,2013,5.35070991516113
ZAF,South Africa,Africa,2014,5.48977994918823
ZAF,South Africa,Africa,2015,5.48285007476807
ZAF,South Africa,Africa,2016,5.4442400932312
ZAF,South Africa,Africa,2017,5.59868001937866
ZAF,South Africa,Africa,2018,5.64401006698608
ZAF,South Africa,Africa,2019,5.91159009933472
ZAF,South Africa,Africa,2020,6.17067003250122
ZAF,South Africa,Africa,2021,6.5551700592041
ZAF,South Africa,Africa,2022,6.15599012374878
ZMB,Zambia,Africa,2000,1.78819000720978
ZMB,Zambia,Africa,2004,2.46342992782593
ZMB,Zambia,Africa,2005,1.73553001880646
ZMB,Zambia,Africa,2007,1.24075996875763
ZMB,Zambia,Africa,2008,1.0997200012207
ZMB,Zambia,Africa,2010,3.41600445393739
ZMB,Zambia,Africa,2011,3.35772272046971
ZMB,Zambia,Africa,2012,3.69500242842903
ZMB,Zambia,Africa,2013,3.71820710892018
ZMB,Zambia,Africa,2014,5.15225706811611
ZMB,Zambia,Africa,2015,4.62433004379272
ZMB,Zambia,Africa,2016,3.74792003631592
ZMB,Zambia,Africa,2017,3.72964000701904
ZMB,Zambia,Africa,2018,4.73973989486694
ZMB,Zambia,Africa,2019,4.4182401844799
ZMB,Zambia,Africa,2020,3.94374100561712
ZMB,Zambia,Africa,2021,3.11363465307753
ZMB,Zambia,Africa,2022,3.65884092023983
ZWE,Zimbabwe,Africa,2010,1.54405574575827
ZWE,Zimbabwe,Africa,2012,6.07021391405834
ZWE,Zimbabwe,Africa,2013,5.99598135667974
ZWE,Zimbabwe,Africa,2014,6.13835396313315
