code,country,continent,year,value
ABW,Aruba,North America,2000,20681.0230269625
ABW,Aruba,North America,2001,20740.1325828172
ABW,Aruba,North America,2002,21307.2482505267
ABW,Aruba,North America,2003,21949.4859960868
ABW,Aruba,North America,2004,23700.6319899197
ABW,Aruba,North America,2005,24171.8371325422
ABW,Aruba,North America,2006,24845.65848362
ABW,Aruba,North America,2007,26736.3089444046
ABW,Aruba,North America,2008,28171.9094008501
ABW,Aruba,North America,2009,25134.7712303589
ABW,Aruba,North America,2010,24093.1401510626
ABW,Aruba,North America,2011,25712.3843015186
ABW,Aruba,North America,2012,25119.6655449838
ABW,Aruba,North America,2013,25813.5714408438
ABW,Aruba,North America,2014,26129.8390617693
ABW,Aruba,North America,2015,27458.2201537506
ABW,Aruba,North America,2016,27441.5502144601
ABW,Aruba,North America,2017,28440.0416881491
ABW,Aruba,North America,2018,30082.1584226798
ABW,Aruba,North America,2019,30645.8906024548
ABW,Aruba,North America,2020,22759.8071750722
ABW,Aruba,North America,2021,26749.3296093118
ABW,Aruba,North America,2022,30975.9989121779
ABW,Aruba,North America,2023,35718.7531191634
ABW,Aruba,North America,2024,39498.5941293797
AFG,Afghanistan,Asia,2000,174.930991430166
AFG,Afghanistan,Asia,2001,138.706821676113
AFG,Afghanistan,Asia,2002,178.954088379235
AFG,Afghanistan,Asia,2003,198.871115728727
AFG,Afghanistan,Asia,2004,221.763653873013
AFG,Afghanistan,Asia,2005,254.184249149336
AFG,Afghanistan,Asia,2006,274.218553561575
AFG,Afghanistan,Asia,2007,376.223152003876
AFG,Afghanistan,Asia,2008,381.73323802844
AFG,Afghanistan,Asia,2009,452.053705477043
AFG,Afghanistan,Asia,2010,560.621505463146
AFG,Afghanistan,Asia,2011,606.694676337726
AFG,Afghanistan,Asia,2012,651.417134470046
AFG,Afghanistan,Asia,2013,637.087099117099
AFG,Afghanistan,Asia,2014,625.054941813938
AFG,Afghanistan,Asia,2015,565.569730408751
AFG,Afghanistan,Asia,2016,522.082215583898
AFG,Afghanistan,Asia,2017,525.469770891619
AFG,Afghanistan,Asia,2018,491.337221382603
AFG,Afghanistan,Asia,2019,496.6025042585
AFG,Afghanistan,Asia,2020,510.787063366811
AFG,Afghanistan,Asia,2021,356.496214115892
AFG,Afghanistan,Asia,2022,357.261152798144
AFG,Afghanistan,Asia,2023,413.757894705303
AGO,Angola,Africa,2000,563.733795571487
AGO,Angola,Africa,2001,533.586202412447
AGO,Angola,Africa,2002,999.065855913758
AGO,Angola,Africa,2003,1133.66331960607
AGO,Angola,Africa,2004,1451.47117872493
AGO,Angola,Africa,2005,2145.88621096327
AGO,Angola,Africa,2006,2930.4442860732
AGO,Angola,Africa,2007,3515.05678986535
AGO,Angola,Africa,2008,4578.15526451517
AGO,Angola,Africa,2009,3645.14846562976
AGO,Angola,Africa,2010,4101.63715566712
AGO,Angola,Africa,2011,5184.15269149912
AGO,Angola,Africa,2012,5702.45306277434
AGO,Angola,Africa,2013,5688.57916215215
AGO,Angola,Africa,2014,5649.68762469139
AGO,Angola,Africa,2015,3641.72893919944
AGO,Angola,Africa,2016,2051.81462126253
AGO,Angola,Africa,2017,2790.71886869768
AGO,Angola,Africa,2018,2860.0936483682
AGO,Angola,Africa,2019,2493.67884440177
AGO,Angola,Africa,2020,1759.35619918264
AGO,Angola,Africa,2021,2303.90812662776
AGO,Angola,Africa,2022,3682.1131513698
AGO,Angola,Africa,2023,2916.13663284275
AGO,Angola,Africa,2024,2665.87444776753
ALB,Albania,Europe,2000,1160.42047054038
ALB,Albania,Europe,2001,1326.41652388077
ALB,Albania,Europe,2002,1479.83884572006
ALB,Albania,Europe,2003,1908.69900687608
ALB,Albania,Europe,2004,2446.90949947798
ALB,Albania,Europe,2005,2741.72136549578
ALB,Albania,Europe,2006,3057.77257038113
ALB,Albania,Europe,2007,3743.05529896187
ALB,Albania,Europe,2008,4498.50486763601
ALB,Albania,Europe,2009,4213.65007574693
ALB,Albania,Europe,2010,4149.14469936847
ALB,Albania,Europe,2011,4465.70914328865
ALB,Albania,Europe,2012,4280.93316338873
ALB,Albania,Europe,2013,4542.92903556739
ALB,Albania,Europe,2014,4793.59751131525
ALB,Albania,Europe,2015,4199.53912925398
ALB,Albania,Europe,2016,4457.63412207495
ALB,Albania,Europe,2017,5006.36012951959
ALB,Albania,Europe,2018,5897.65452588774
ALB,Albania,Europe,2019,6069.43903131027
ALB,Albania,Europe,2020,6027.91350716348
ALB,Albania,Europe,2021,7242.45513146613
ALB,Albania,Europe,2022,7756.96188744253
ALB,Albania,Europe,2023,9730.86921906893
ALB,Albania,Europe,2024,11377.7757431099
AND,Andorra,Europe,2000,21810.2503808666
AND,Andorra,Europe,2001,23511.2969500881
AND,Andorra,Europe,2002,26528.1300628236
AND,Andorra,Europe,2003,34063.575598394
AND,Andorra,Europe,2004,39021.1107100919
AND,Andorra,Europe,2005,40829.8116399538
AND,Andorra,Europe,2006,43467.1963063068
AND,Andorra,Europe,2007,48336.2548304926
AND,Andorra,Europe,2008,49132.4925840057
AND,Andorra,Europe,2009,43975.0000888133
AND,Andorra,Europe,2010,42746.830391567
AND,Andorra,Europe,2011,46657.1495384811
AND,Andorra,Europe,2012,41500.5499988288
AND,Andorra,Europe,2013,42470.3230369366
AND,Andorra,Europe,2014,44369.6712976777
AND,Andorra,Europe,2015,38654.95287916
AND,Andorra,Europe,2016,40129.8385811474
AND,Andorra,Europe,2017,40672.9717424447
AND,Andorra,Europe,2018,42819.7577456133
AND,Andorra,Europe,2019,41257.816459345
AND,Andorra,Europe,2020,37361.1070081615
AND,Andorra,Europe,2021,42425.7066454357
AND,Andorra,Europe,2022,42414.0479861228
AND,Andorra,Europe,2023,46812.4261013102
AND,Andorra,Europe,2024,49303.6491674336
ARE,United Arab Emirates,Asia,2000,29865.502347066
ARE,United Arab Emirates,Asia,2001,27745.1708087672
ARE,United Arab Emirates,Asia,2002,27753.6089526346
ARE,United Arab Emirates,Asia,2003,29659.5428567811
ARE,United Arab Emirates,Asia,2004,33376.7152295209
ARE,United Arab Emirates,Asia,2005,38719.3138307623
ARE,United Arab Emirates,Asia,2006,44342.6048322482
ARE,United Arab Emirates,Asia,2007,45854.7325158162
ARE,United Arab Emirates,Asia,2008,50054.1700681803
ARE,United Arab Emirates,Asia,2009,37803.0663738777
ARE,United Arab Emirates,Asia,2010,44795.2949302268
ARE,United Arab Emirates,Asia,2011,51921.904511613
ARE,United Arab Emirates,Asia,2012,53141.6124340099
ARE,United Arab Emirates,Asia,2013,53247.2409495441
ARE,United Arab Emirates,Asia,2014,52725.2358407934
ARE,United Arab Emirates,Asia,2015,44910.334995523
ARE,United Arab Emirates,Asia,2016,42721.0999383185
ARE,United Arab Emirates,Asia,2017,43733.6192287435
ARE,United Arab Emirates,Asia,2018,47135.3591943971
ARE,United Arab Emirates,Asia,2019,45938.6073581994
ARE,United Arab Emirates,Asia,2020,37991.7492971665
ARE,United Arab Emirates,Asia,2021,44118.5047192771
ARE,United Arab Emirates,Asia,2022,50759.7589231191
ARE,United Arab Emirates,Asia,2023,49850.6872175164
ARE,United Arab Emirates,Asia,2024,50273.5060469837
ARG,Argentina,South America,2000,7637.01489203628
ARG,Argentina,South America,2001,7141.47507662826
ARG,Argentina,South America,2002,2569.69963519124
ARG,Argentina,South America,2003,3320.47775133903
ARG,Argentina,South America,2004,4242.02099089422
ARG,Argentina,South America,2005,5067.65342293276
ARG,Argentina,South America,2006,5869.38028970204
ARG,Argentina,South America,2007,7185.25155147027
ARG,Argentina,South America,2008,8944.1102657357
ARG,Argentina,South America,2009,8150.23527028221
ARG,Argentina,South America,2010,10260.1313108254
ARG,Argentina,South America,2011,12704.2831819684
ARG,Argentina,South America,2012,12949.717486654
ARG,Argentina,South America,2013,12963.675773326
ARG,Argentina,South America,2014,12233.1444119186
ARG,Argentina,South America,2015,13679.6264980954
ARG,Argentina,South America,2016,12699.9623137756
ARG,Argentina,South America,2017,14532.5009308511
ARG,Argentina,South America,2018,11752.7998922979
ARG,Argentina,South America,2019,9955.97478680428
ARG,Argentina,South America,2020,8535.59938004389
ARG,Argentina,South America,2021,10738.0179223384
ARG,Argentina,South America,2022,13962.1894087223
ARG,Argentina,South America,2023,14261.8465667948
ARG,Argentina,South America,2024,13969.7836603737
ARM,Armenia,Asia,2000,593.450581742282
ARM,Armenia,Asia,2001,659.588988535629
ARM,Armenia,Asia,2002,742.651118319819
ARM,Armenia,Asia,2003,882.030167695474
ARM,Armenia,Asia,2004,1130.08791444158
ARM,Armenia,Asia,2005,1557.48458908655
ARM,Armenia,Asia,2006,2041.65267068997
ARM,Armenia,Asia,2007,2962.70234594569
ARM,Armenia,Asia,2008,3777.66859313767
ARM,Armenia,Asia,2009,2820.5926553347
ARM,Armenia,Asia,2010,3041.34450723339
ARM,Armenia,Asia,2011,3349.55309771906
ARM,Armenia,Asia,2012,3511.56399687426
ARM,Armenia,Asia,2013,3680.16692158886
ARM,Armenia,Asia,2014,3852.11800610384
ARM,Armenia,Asia,2015,3512.39350276709
ARM,Armenia,Asia,2016,3524.42476874707
ARM,Armenia,Asia,2017,3869.05373867752
ARM,Armenia,Asia,2018,4196.00562301769
ARM,Armenia,Asia,2019,4597.22887399548
ARM,Armenia,Asia,2020,4268.68093304583
ARM,Armenia,Asia,2021,4685.17997128509
ARM,Armenia,Asia,2022,6571.97445545099
ARM,Armenia,Asia,2023,8159.08720967996
ARM,Armenia,Asia,2024,8556.21406956719
ASM,American Samoa,Oceania,2002,8972.69636535698
ASM,American Samoa,Oceania,2003,9197.66196836987
ASM,American Samoa,Oceania,2004,8958.42866697173
ASM,American Samoa,Oceania,2005,8831.26975996609
ASM,American Samoa,Oceania,2006,8745.16621137404
ASM,American Samoa,Oceania,2007,9231.37240924563
ASM,American Samoa,Oceania,2008,10030.8089130902
ASM,American Samoa,Oceania,2009,12156.0293905777
ASM,American Samoa,Oceania,2010,10375.1720141957
ASM,American Samoa,Oceania,2011,10383.459331451
ASM,American Samoa,Oceania,2012,11745.4899153958
ASM,American Samoa,Oceania,2013,11813.5022034589
ASM,American Samoa,Oceania,2014,12026.3344929488
ASM,American Samoa,Oceania,2015,12727.4102651386
ASM,American Samoa,Oceania,2016,12843.3342903627
ASM,American Samoa,Oceania,2017,11863.6839452565
ASM,American Samoa,Oceania,2018,12552.0546868861
ASM,American Samoa,Oceania,2019,12886.1359517218
ASM,American Samoa,Oceania,2020,14489.2586563775
ASM,American Samoa,Oceania,2021,15236.1604875571
ASM,American Samoa,Oceania,2022,18017.4589383973
ATG,Antigua and Barbuda,North America,2000,12027.4949768222
ATG,Antigua and Barbuda,North America,2001,11539.1825063308
ATG,Antigua and Barbuda,North America,2002,11658.6949915956
ATG,Antigua and Barbuda,North America,2003,12173.2319860305
ATG,Antigua and Barbuda,North America,2004,13037.8895772257
ATG,Antigua and Barbuda,North America,2005,14368.5708796058
ATG,Antigua and Barbuda,North America,2006,16173.8136329968
ATG,Antigua and Barbuda,North America,2007,18204.5124043068
ATG,Antigua and Barbuda,North America,2008,18786.6743142216
ATG,Antigua and Barbuda,North America,2009,16472.2478528568
ATG,Antigua and Barbuda,North America,2010,15217.3950790922
ATG,Antigua and Barbuda,North America,2011,14911.7275084471
ATG,Antigua and Barbuda,North America,2012,15639.8078114787
ATG,Antigua and Barbuda,North America,2013,15051.5113587425
ATG,Antigua and Barbuda,North America,2014,15532.1062063584
ATG,Antigua and Barbuda,North America,2015,16077.6340769406
ATG,Antigua and Barbuda,North America,2016,16556.8551801588
ATG,Antigua and Barbuda,North America,2017,16965.7288273816
ATG,Antigua and Barbuda,North America,2018,18273.4270684912
ATG,Antigua and Barbuda,North America,2019,18896.3721832248
ATG,Antigua and Barbuda,North America,2020,15369.6082250401
ATG,Antigua and Barbuda,North America,2021,17348.6006987182
ATG,Antigua and Barbuda,North America,2022,20105.1989085164
ATG,Antigua and Barbuda,North America,2023,21494.5474000727
ATG,Antigua and Barbuda,North America,2024,23542.4526945578
AUS,Australia,Oceania,2000,21908.9968019784
AUS,Australia,Oceania,2001,19733.6510102645
AUS,Australia,Oceania,2002,20335.0960191023
AUS,Australia,Oceania,2003,23757.5898471684
AUS,Australia,Oceania,2004,30886.0500949401
AUS,Australia,Oceania,2005,34535.20727091
AUS,Australia,Oceania,2006,36658.8243476122
AUS,Australia,Oceania,2007,41128.2476618402
AUS,Australia,Oceania,2008,49811.2067218988
AUS,Australia,Oceania,2009,42954.8494884573
AUS,Australia,Oceania,2010,52313.8939041213
AUS,Australia,Oceania,2011,62799.3895017032
AUS,Australia,Oceania,2012,68301.4402512587
AUS,Australia,Oceania,2013,68476.6788496118
AUS,Australia,Oceania,2014,62817.2061751737
AUS,Australia,Oceania,2015,56970.3613028094
AUS,Australia,Oceania,2016,50084.4440606385
AUS,Australia,Oceania,2017,54117.547718609
AUS,Australia,Oceania,2018,57410.1737346009
AUS,Australia,Oceania,2019,55194.7585097428
AUS,Australia,Oceania,2020,51983.4523666382
AUS,Australia,Oceania,2021,60758.9044397144
AUS,Australia,Oceania,2022,65169.5191118657
AUS,Australia,Oceania,2023,65058.3773146674
AUS,Australia,Oceania,2024,64603.9856308464
AUT,Austria,Europe,2000,24487.2974685956
AUT,Austria,Europe,2001,24430.495982841
AUT,Austria,Europe,2002,26334.862215032
AUT,Austria,Europe,2003,32110.1159661425
AUT,Austria,Europe,2004,36614.2506533707
AUT,Austria,Europe,2005,38157.37022862
AUT,Austria,Europe,2006,40382.2078298575
AUT,Austria,Europe,2007,46622.9622913635
AUT,Austria,Europe,2008,51581.3982361071
AUT,Austria,Europe,2009,47857.4446635266
AUT,Austria,Europe,2010,46611.1393420232
AUT,Austria,Europe,2011,51116.8953522042
AUT,Austria,Europe,2012,48250.4059142637
AUT,Austria,Europe,2013,50305.3545774973
AUT,Austria,Europe,2014,51314.9722616322
AUT,Austria,Europe,2015,43915.228020857
AUT,Austria,Europe,2016,45061.4993920192
AUT,Austria,Europe,2017,47163.7425775142
AUT,Austria,Europe,2018,51194.0749841299
AUT,Austria,Europe,2019,49885.9947355204
AUT,Austria,Europe,2020,48716.4098900349
AUT,Austria,Europe,2021,53648.6437976214
AUT,Austria,Europe,2022,52336.7725223758
AUT,Austria,Europe,2023,56579.504175468
AUT,Austria,Europe,2024,58268.8787651601
AZE,Azerbaijan,Asia,2000,655.097249579917
AZE,Azerbaijan,Asia,2001,703.670998584686
AZE,Azerbaijan,Asia,2002,763.108895463487
AZE,Azerbaijan,Asia,2003,883.692580745256
AZE,Azerbaijan,Asia,2004,1045.0136328106
AZE,Azerbaijan,Asia,2005,1578.36733030667
AZE,Azerbaijan,Asia,2006,2472.95725732287
AZE,Azerbaijan,Asia,2007,3851.33015175141
AZE,Azerbaijan,Asia,2008,5574.46810432575
AZE,Azerbaijan,Asia,2009,4950.39949009423
AZE,Azerbaijan,Asia,2010,5843.5337683582
AZE,Azerbaijan,Asia,2011,7189.81869211976
AZE,Azerbaijan,Asia,2012,7495.86527658099
AZE,Azerbaijan,Asia,2013,7875.34536661549
AZE,Azerbaijan,Asia,2014,7890.84028062087
AZE,Azerbaijan,Asia,2015,5500.50364628486
AZE,Azerbaijan,Asia,2016,3880.6852276838
AZE,Azerbaijan,Asia,2017,4147.1981423222
AZE,Azerbaijan,Asia,2018,4739.7943123408
AZE,Azerbaijan,Asia,2019,4805.75371765917
AZE,Azerbaijan,Asia,2020,4229.91064904503
AZE,Azerbaijan,Asia,2021,5408.04535175023
AZE,Azerbaijan,Asia,2022,7770.594223351
AZE,Azerbaijan,Asia,2023,7133.02838048328
AZE,Azerbaijan,Asia,2024,7283.8499076179
BDI,Burundi,Africa,2000,134.537861752389
BDI,Burundi,Africa,2001,132.159554541932
BDI,Burundi,Africa,2002,120.952308575468
BDI,Burundi,Africa,2003,111.406682804391
BDI,Burundi,Africa,2004,125.194965184533
BDI,Burundi,Africa,2005,147.234619294225
BDI,Burundi,Africa,2006,161.892755640319
BDI,Burundi,Africa,2007,166.162744906755
BDI,Burundi,Africa,2008,189.502074570768
BDI,Burundi,Africa,2009,198.431524048225
BDI,Burundi,Africa,2010,216.727705301976
BDI,Burundi,Africa,2011,230.069761381132
BDI,Burundi,Africa,2012,231.098787811507
BDI,Burundi,Africa,2013,234.844770150871
BDI,Burundi,Africa,2014,250.544492155185
BDI,Burundi,Africa,2015,254.402585226788
BDI,Burundi,Africa,2016,232.937812100153
BDI,Burundi,Africa,2017,246.060725714184
BDI,Burundi,Africa,2018,245.661678332009
BDI,Burundi,Africa,2019,234.31061590725
BDI,Burundi,Africa,2020,255.8324539389
BDI,Burundi,Africa,2021,264.980379269655
BDI,Burundi,Africa,2022,302.992505263552
BDI,Burundi,Africa,2023,250.627253097255
BDI,Burundi,Africa,2024,219.424830882698
BEL,Belgium,Europe,2000,23098.8865077401
BEL,Belgium,Europe,2001,23015.0712632462
BEL,Belgium,Europe,2002,25006.191397109
BEL,Belgium,Europe,2003,30655.2092679024
BEL,Belgium,Europe,2004,35429.4077933344
BEL,Belgium,Europe,2005,36809.7013403619
BEL,Belgium,Europe,2006,38705.1067959147
BEL,Belgium,Europe,2007,44319.165448813
BEL,Belgium,Europe,2008,48303.397956286
BEL,Belgium,Europe,2009,44923.3400135081
BEL,Belgium,Europe,2010,44197.393671162
BEL,Belgium,Europe,2011,47760.8298776546
BEL,Belgium,Europe,2012,44874.1709182123
BEL,Belgium,Europe,2013,46964.5946777056
BEL,Belgium,Europe,2014,47995.7786961339
BEL,Belgium,Europe,2015,40893.804537772
BEL,Belgium,Europe,2016,41854.5498296444
BEL,Belgium,Europe,2017,44035.3239358548
BEL,Belgium,Europe,2018,47487.2100392561
BEL,Belgium,Europe,2019,46716.6227467964
BEL,Belgium,Europe,2020,45906.2875805246
BEL,Belgium,Europe,2021,51658.238294958
BEL,Belgium,Europe,2022,50605.7496677086
BEL,Belgium,Europe,2023,55291.4754541329
BEL,Belgium,Europe,2024,56614.5679499036
BEN,Benin,Africa,2000,487.424141384242
BEN,Benin,Africa,2001,492.401499509072
BEN,Benin,Africa,2002,546.463829658159
BEN,Benin,Africa,2003,676.002878084282
BEN,Benin,Africa,2004,758.695803786371
BEN,Benin,Africa,2005,779.437777753268
BEN,Benin,Africa,2006,809.147072506221
BEN,Benin,Africa,2007,912.338247188342
BEN,Benin,Africa,2008,1060.60254502099
BEN,Benin,Africa,2009,1024.10277858112
BEN,Benin,Africa,2010,973.244254931526
BEN,Benin,Africa,2011,1059.41358852588
BEN,Benin,Africa,2012,1071.5258366283
BEN,Benin,Africa,2013,1168.92699279226
BEN,Benin,Africa,2014,1204.39918670094
BEN,Benin,Africa,2015,1002.41886879614
BEN,Benin,Africa,2016,1010.5338961993
BEN,Benin,Africa,2017,1054.97408066814
BEN,Benin,Africa,2018,1151.7409703472
BEN,Benin,Africa,2019,1130.82135339795
BEN,Benin,Africa,2020,1200.19426557789
BEN,Benin,Africa,2021,1318.65158075198
BEN,Benin,Africa,2022,1266.42711031904
BEN,Benin,Africa,2023,1394.17784721831
BEN,Benin,Africa,2024,1485.38018885134
BFA,Burkina Faso,Africa,2000,248.908526921752
BFA,Burkina Faso,Africa,2001,259.485223380436
BFA,Burkina Faso,Africa,2002,285.654087637533
BFA,Burkina Faso,Africa,2003,362.373899996953
BFA,Burkina Faso,Africa,2004,403.81283743461
BFA,Burkina Faso,Africa,2005,441.164148016012
BFA,Burkina Faso,Africa,2006,455.513655620024
BFA,Burkina Faso,Africa,2007,514.684451177238
BFA,Burkina Faso,Africa,2008,619.437533256264
BFA,Burkina Faso,Africa,2009,601.569520671859
BFA,Burkina Faso,Africa,2010,624.957252224766
BFA,Burkina Faso,Africa,2011,725.024767725475
BFA,Burkina Faso,Africa,2012,731.470138867833
BFA,Burkina Faso,Africa,2013,759.762065168498
BFA,Burkina Faso,Africa,2014,764.861675106225
BFA,Burkina Faso,Africa,2015,630.124750752312
BFA,Burkina Faso,Africa,2016,663.742364842886
BFA,Burkina Faso,Africa,2017,709.091535894695
BFA,Burkina Faso,Africa,2018,777.465618514048
BFA,Burkina Faso,Africa,2019,764.853077774946
BFA,Burkina Faso,Africa,2020,825.237038782475
BFA,Burkina Faso,Africa,2021,895.535288442991
BFA,Burkina Faso,Africa,2022,827.330843486661
BFA,Burkina Faso,Africa,2023,873.482589651003
BFA,Burkina Faso,Africa,2024,981.992649769081
BGD,Bangladesh,Asia,2000,396.670730249751
BGD,Bangladesh,Asia,2001,394.65641001891
BGD,Bangladesh,Asia,2002,393.886422327628
BGD,Bangladesh,Asia,2003,426.74880754362
BGD,Bangladesh,Asia,2004,455.614016909798
BGD,Bangladesh,Asia,2005,480.08585075452
BGD,Bangladesh,Asia,2006,490.388026533289
BGD,Bangladesh,Asia,2007,537.955492792911
BGD,Bangladesh,Asia,2008,613.06204104124
BGD,Bangladesh,Asia,2009,679.211477428056
BGD,Bangladesh,Asia,2010,757.385280361508
BGD,Bangladesh,Asia,2011,837.336944695647
BGD,Bangladesh,Asia,2012,859.680536375497
BGD,Bangladesh,Asia,2013,958.262989798283
BGD,Bangladesh,Asia,2014,1094.46199702838
BGD,Bangladesh,Asia,2015,1224.38647668165
BGD,Bangladesh,Asia,2016,1649.28380858601
BGD,Bangladesh,Asia,2017,1811.08221668646
BGD,Bangladesh,Asia,2018,1965.24372731467
BGD,Bangladesh,Asia,2019,2129.79896954606
BGD,Bangladesh,Asia,2020,2248.85078828233
BGD,Bangladesh,Asia,2021,2482.84917843357
BGD,Bangladesh,Asia,2022,2716.48592780431
BGD,Bangladesh,Asia,2023,2551.01773827307
BGD,Bangladesh,Asia,2024,2593.41611680774
BGR,Bulgaria,Europe,2000,1621.26210738992
BGR,Bulgaria,Europe,2001,1770.90704918691
BGR,Bulgaria,Europe,2002,2092.98288625558
BGR,Bulgaria,Europe,2003,2719.49436859287
BGR,Bulgaria,Europe,2004,3389.68743360274
BGR,Bulgaria,Europe,2005,3899.82596332878
BGR,Bulgaria,Europe,2006,4523.1465578805
BGR,Bulgaria,Europe,2007,5888.57081403932
BGR,Bulgaria,Europe,2008,7271.30338858025
BGR,Bulgaria,Europe,2009,6988.27316296465
BGR,Bulgaria,Europe,2010,6853.94805511171
BGR,Bulgaria,Europe,2011,7849.58061302818
BGR,Bulgaria,Europe,2012,7431.95789508871
BGR,Bulgaria,Europe,2013,7795.98092108928
BGR,Bulgaria,Europe,2014,8069.60005667684
BGR,Bulgaria,Europe,2015,7268.65445473873
BGR,Bulgaria,Europe,2016,7822.49923292968
BGR,Bulgaria,Europe,2017,8696.68930427924
BGR,Bulgaria,Europe,2018,9849.38397225174
BGR,Bulgaria,Europe,2019,10353.7204584127
BGR,Bulgaria,Europe,2020,10760.211975413
BGR,Bulgaria,Europe,2021,12966.1457543396
BGR,Bulgaria,Europe,2022,13999.1949530956
BGR,Bulgaria,Europe,2023,15853.208636704
BGR,Bulgaria,Europe,2024,17596.0173663521
BHR,Bahrain,Asia,2000,14214.4836839343
BHR,Bahrain,Asia,2001,13573.2339887597
BHR,Bahrain,Asia,2002,13501.4708801425
BHR,Bahrain,Asia,2003,14486.0269029822
BHR,Bahrain,Asia,2004,15963.9493171617
BHR,Bahrain,Asia,2005,17966.1657837625
BHR,Bahrain,Asia,2006,19267.282615072
BHR,Bahrain,Asia,2007,20908.4042548073
BHR,Bahrain,Asia,2008,23299.4992780392
BHR,Bahrain,Asia,2009,19465.3140745038
BHR,Bahrain,Asia,2010,21819.3291098099
BHR,Bahrain,Asia,2011,25032.7867743333
BHR,Bahrain,Asia,2012,26438.6733230428
BHR,Bahrain,Asia,2013,26989.7601148469
BHR,Bahrain,Asia,2014,26451.7965647453
BHR,Bahrain,Asia,2015,23734.0551143019
BHR,Bahrain,Asia,2016,23800.001440631
BHR,Bahrain,Asia,2017,24784.7693514607
BHR,Bahrain,Asia,2018,26324.4066549559
BHR,Bahrain,Asia,2019,27259.7438599327
BHR,Bahrain,Asia,2020,24342.8444554718
BHR,Bahrain,Asia,2021,27147.8083882286
BHR,Bahrain,Asia,2022,30470.5219276023
BHR,Bahrain,Asia,2023,29290.1284215098
BHR,Bahrain,Asia,2024,29653.5682731534
BHS,Bahamas,North America,2000,24940.0775086078
BHS,Bahamas,North America,2001,25371.9237667614
BHS,Bahamas,North America,2002,26781.6195938652
BHS,Bahamas,North America,2003,26429.1247787663
BHS,Bahamas,North America,2004,26650.2934234303
BHS,Bahamas,North America,2005,28602.4181869995
BHS,Bahamas,North America,2006,29184.7865087908
BHS,Bahamas,North America,2007,30051.8489587756
BHS,Bahamas,North America,2008,29392.3824416397
BHS,Bahamas,North America,2009,27512.9130950084
BHS,Bahamas,North America,2010,27473.100430502
BHS,Bahamas,North America,2011,27090.8376801379
BHS,Bahamas,North America,2012,28552.0242683151
BHS,Bahamas,North America,2013,27642.7419759179
BHS,Bahamas,North America,2014,29137.2175632622
BHS,Bahamas,North America,2015,30719.405417469
BHS,Bahamas,North America,2016,30616.5363157284
BHS,Bahamas,North America,2017,31875.4881749619
BHS,Bahamas,North America,2018,32642.3353203452
BHS,Bahamas,North America,2019,33640.3369861278
BHS,Bahamas,North America,2020,26178.7537607708
BHS,Bahamas,North America,2021,30367.8605757708
BHS,Bahamas,North America,2022,34957.1613279737
BHS,Bahamas,North America,2023,38231.774484278
BHS,Bahamas,North America,2024,39455.4466548546
BIH,Bosnia and Herzegovina,Europe,2000,1338.48059636261
BIH,Bosnia and Herzegovina,Europe,2001,1387.89362942121
BIH,Bosnia and Herzegovina,Europe,2002,1606.5467454132
BIH,Bosnia and Herzegovina,Europe,2003,2033.94700935864
BIH,Bosnia and Herzegovina,Europe,2004,2452.6860917386
BIH,Bosnia and Herzegovina,Europe,2005,2739.61076866057
BIH,Bosnia and Herzegovina,Europe,2006,3166.12865344833
BIH,Bosnia and Herzegovina,Europe,2007,3931.48948737505
BIH,Bosnia and Herzegovina,Europe,2008,4841.69311934649
BIH,Bosnia and Herzegovina,Europe,2009,4539.91863774968
BIH,Bosnia and Herzegovina,Europe,2010,4506.47828548389
BIH,Bosnia and Herzegovina,Europe,2011,4982.69375768263
BIH,Bosnia and Herzegovina,Europe,2012,4693.78899115381
BIH,Bosnia and Herzegovina,Europe,2013,5034.56634817068
BIH,Bosnia and Herzegovina,Europe,2014,5206.06573475132
BIH,Bosnia and Herzegovina,Europe,2015,4662.25869219448
BIH,Bosnia and Herzegovina,Europe,2016,4928.5665903114
BIH,Bosnia and Herzegovina,Europe,2017,5345.01978766473
BIH,Bosnia and Herzegovina,Europe,2018,6047.84707207392
BIH,Bosnia and Herzegovina,Europe,2019,6122.37541352353
BIH,Bosnia and Herzegovina,Europe,2020,6130.31187968266
BIH,Bosnia and Herzegovina,Europe,2021,7295.34378682258
BIH,Bosnia and Herzegovina,Europe,2022,7655.59421024383
BIH,Bosnia and Herzegovina,Europe,2023,8663.02326458629
BIH,Bosnia and Herzegovina,Europe,2024,9358.78768951134
BLR,Belarus,Europe,2000,1276.2880341
BLR,Belarus,Europe,2001,1244.37318523431
BLR,Belarus,Europe,2002,1479.38066337175
BLR,Belarus,Europe,2003,1819.52653114699
BLR,Belarus,Europe,2004,2378.33700470129
BLR,Belarus,Europe,2005,3126.07176665248
BLR,Belarus,Europe,2006,3848.22350300163
BLR,Belarus,Europe,2007,4735.48107556066
BLR,Belarus,Europe,2008,6376.17569162063
BLR,Belarus,Europe,2009,5352.48809190697
BLR,Belarus,Europe,2010,6034.67885177216
BLR,Belarus,Europe,2011,6527.6593428786
BLR,Belarus,Europe,2012,6953.21591683101
BLR,Belarus,Europe,2013,7998.0802045456
BLR,Belarus,Europe,2014,8341.31809294883
BLR,Belarus,Europe,2015,5967.05595058777
BLR,Belarus,Europe,2016,5039.77560949445
BLR,Belarus,Europe,2017,5785.54491935194
BLR,Belarus,Europe,2018,6360.037502312
BLR,Belarus,Europe,2019,6837.77339645635
BLR,Belarus,Europe,2020,6542.85579976768
BLR,Belarus,Europe,2021,7489.71894713888
BLR,Belarus,Europe,2022,7994.64806074889
BLR,Belarus,Europe,2023,7896.75388295584
BLR,Belarus,Europe,2024,8317.63399913792
BLZ,Belize,North America,2000,4726.50675459616
BLZ,Belize,North America,2001,4718.77715104739
BLZ,Belize,North America,2002,4858.86062599362
BLZ,Belize,North America,2003,4959.74012434605
BLZ,Belize,North America,2004,5153.71308265363
BLZ,Belize,North America,2005,5270.41479135312
BLZ,Belize,North America,2006,5524.78167834986
BLZ,Belize,North America,2007,5762.21023302938
BLZ,Belize,North America,2008,5711.81458859709
BLZ,Belize,North America,2009,5399.67100001919
BLZ,Belize,North America,2010,5461.40735999001
BLZ,Belize,North America,2011,5596.05222152289
BLZ,Belize,North America,2012,5732.66519942347
BLZ,Belize,North America,2013,5957.34953619006
BLZ,Belize,North America,2014,6128.12053089077
BLZ,Belize,North America,2015,6154.62264230369
BLZ,Belize,North America,2016,6140.86713919469
BLZ,Belize,North America,2017,6071.85451846453
BLZ,Belize,North America,2018,6011.99036888587
BLZ,Belize,North America,2019,6171.61449761423
BLZ,Belize,North America,2020,5238.54078175696
BLZ,Belize,North America,2021,6142.98930557031
BLZ,Belize,North America,2022,7068.21728043145
BLZ,Belize,North America,2023,7424.75821321022
BLZ,Belize,North America,2024,7681.24400583113
BMU,Bermuda,North America,2000,56542.9569455727
BMU,Bermuda,North America,2001,59490.2452034202
BMU,Bermuda,North America,2002,63358.5658652763
BMU,Bermuda,North America,2003,67106.8028083224
BMU,Bermuda,North America,2004,71692.1589001679
BMU,Bermuda,North America,2005,77628.103522508
BMU,Bermuda,North America,2006,97781.4558996721
BMU,Bermuda,North America,2007,107395.651483891
BMU,Bermuda,North America,2008,110268.562401264
BMU,Bermuda,North America,2009,104711.712420357
BMU,Bermuda,North America,2010,104111.824244802
BMU,Bermuda,North America,2011,99049.0169927667
BMU,Bermuda,North America,2012,100213.493385287
BMU,Bermuda,North America,2013,101704.40746217
BMU,Bermuda,North America,2014,100961.576602811
BMU,Bermuda,North America,2015,104855.366822135
BMU,Bermuda,North America,2016,108747.356144305
BMU,Bermuda,North America,2017,112339.425587467
BMU,Bermuda,North America,2018,113204.82210838
BMU,Bermuda,North America,2019,115798.040775578
BMU,Bermuda,North America,2020,106976.546239632
BMU,Bermuda,North America,2021,112765.08167306
BMU,Bermuda,North America,2022,121613.939983629
BMU,Bermuda,North America,2023,132604.439086216
BMU,Bermuda,North America,2024,142855.374713782
BOL,Bolivia,South America,2000,975.777060358751
BOL,Bolivia,South America,2001,930.168227214313
BOL,Bolivia,South America,2002,888.221328974352
BOL,Bolivia,South America,2003,893.013760211149
BOL,Bolivia,South America,2004,953.191893246277
BOL,Bolivia,South America,2005,1020.12326200737
BOL,Bolivia,South America,2006,1202.71150446327
BOL,Bolivia,South America,2007,1354.54905949929
BOL,Bolivia,South America,2008,1692.67248455876
BOL,Bolivia,South America,2009,1731.18172112209
BOL,Bolivia,South America,2010,1929.78373077158
BOL,Bolivia,South America,2011,2315.52121930607
BOL,Bolivia,South America,2012,2575.59857098084
BOL,Bolivia,South America,2013,2870.02377000756
BOL,Bolivia,South America,2014,3041.43503162408
BOL,Bolivia,South America,2015,2996.01289811344
BOL,Bolivia,South America,2016,3035.87347732132
BOL,Bolivia,South America,2017,4048.40119739839
BOL,Bolivia,South America,2018,4206.8552936661
BOL,Bolivia,South America,2019,4203.15492855788
BOL,Bolivia,South America,2020,3580.96761778303
BOL,Bolivia,South America,2021,4010.76053686204
BOL,Bolivia,South America,2022,4219.46113742445
BOL,Bolivia,South America,2023,4274.70820547613
BOL,Bolivia,South America,2024,4421.16609889999
BRA,Brazil,South America,2000,3766.54786339835
BRA,Brazil,South America,2001,3176.28975052524
BRA,Brazil,South America,2002,2855.94017137049
BRA,Brazil,South America,2003,3090.6068907839
BRA,Brazil,South America,2004,3663.82262497811
BRA,Brazil,South America,2005,4827.78165890291
BRA,Brazil,South America,2006,5934.14561857454
BRA,Brazil,South America,2007,7409.69003822861
BRA,Brazil,South America,2008,8908.33338467948
BRA,Brazil,South America,2009,8678.6584730653
BRA,Brazil,South America,2010,11403.2840038694
BRA,Brazil,South America,2011,13396.6263158041
BRA,Brazil,South America,2012,12521.7238454434
BRA,Brazil,South America,2013,12458.8903396625
BRA,Brazil,South America,2014,12274.9941630213
BRA,Brazil,South America,2015,8936.1955889444
BRA,Brazil,South America,2016,8836.28546025694
BRA,Brazil,South America,2017,10080.5078722821
BRA,Brazil,South America,2018,9300.66072904004
BRA,Brazil,South America,2019,9029.83304401079
BRA,Brazil,South America,2020,7074.19407495707
BRA,Brazil,South America,2021,7972.53696080695
BRA,Brazil,South America,2022,9281.33282136864
BRA,Brazil,South America,2023,10377.5897719195
BRA,Brazil,South America,2024,10310.5488778166
BRB,Barbados,North America,2000,11674.6736471764
BRB,Barbados,North America,2001,11639.5160522054
BRB,Barbados,North America,2002,11760.4524736133
BRB,Barbados,North America,2003,12075.9587020649
BRB,Barbados,North America,2004,12886.3665272467
BRB,Barbados,North America,2005,14214.4202213572
BRB,Barbados,North America,2006,15619.6005955511
BRB,Barbados,North America,2007,17235.4396434785
BRB,Barbados,North America,2008,17565.6929970592
BRB,Barbados,North America,2009,16294.9099491834
BRB,Barbados,North America,2010,20610.5150721363
BRB,Barbados,North America,2011,20508.1498810382
BRB,Barbados,North America,2012,20804.1150004694
BRB,Barbados,North America,2013,20410.2065438568
BRB,Barbados,North America,2014,20192.7084081797
BRB,Barbados,North America,2015,20424.2087530019
BRB,Barbados,North America,2016,20295.5672072046
BRB,Barbados,North America,2017,20284.5762052461
BRB,Barbados,North America,2018,21381.2426303209
BRB,Barbados,North America,2019,21912.1501242857
BRB,Barbados,North America,2020,19194.4919736739
BRB,Barbados,North America,2021,21079.6145271791
BRB,Barbados,North America,2022,24387.0387293761
BRB,Barbados,North America,2023,25583.878782727
BRB,Barbados,North America,2024,26544.8707282621
BRN,Brunei,Asia,2000,20130.2572346624
BRN,Brunei,Asia,2001,18287.8272281914
BRN,Brunei,Asia,2002,18621.2922577525
BRN,Brunei,Asia,2003,20677.9001143188
BRN,Brunei,Asia,2004,24423.0946995548
BRN,Brunei,Asia,2005,29386.2703822862
BRN,Brunei,Asia,2006,34674.7995236452
BRN,Brunei,Asia,2007,36217.3290706015
BRN,Brunei,Asia,2008,42156.5685838672
BRN,Brunei,Asia,2009,30946.4673773828
BRN,Brunei,Asia,2010,34937.5555357155
BRN,Brunei,Asia,2011,46382.8274255349
BRN,Brunei,Asia,2012,46968.5971164922
BRN,Brunei,Asia,2013,44003.0644273461
BRN,Brunei,Asia,2014,41026.5084247957
BRN,Brunei,Asia,2015,30625.1287744656
BRN,Brunei,Asia,2016,26663.2972950602
BRN,Brunei,Asia,2017,28024.3824580252
BRN,Brunei,Asia,2018,30988.1190267227
BRN,Brunei,Asia,2019,30426.5730656528
BRN,Brunei,Asia,2020,26834.3592233943
BRN,Brunei,Asia,2021,31006.9636289785
BRN,Brunei,Asia,2022,36632.9280952155
BRN,Brunei,Asia,2023,32890.5491812019
BRN,Brunei,Asia,2024,33153.4738913513
BTN,Bhutan,Asia,2000,771.924911410619
BTN,Bhutan,Asia,2001,812.238210772056
BTN,Bhutan,Asia,2002,895.799489930972
BTN,Bhutan,Asia,2003,1022.38240311018
BTN,Bhutan,Asia,2004,1130.35934606796
BTN,Bhutan,Asia,2005,1299.94938578359
BTN,Bhutan,Asia,2006,1405.6071618158
BTN,Bhutan,Asia,2007,1850.41570433398
BTN,Bhutan,Asia,2008,1919.59774896395
BTN,Bhutan,Asia,2009,1918.39599211093
BTN,Bhutan,Asia,2010,2435.5798056672
BTN,Bhutan,Asia,2011,2787.97967608562
BTN,Bhutan,Asia,2012,2751.2128864294
BTN,Bhutan,Asia,2013,2679.95217201538
BTN,Bhutan,Asia,2014,2849.49998647303
BTN,Bhutan,Asia,2015,2954.04081911097
BTN,Bhutan,Asia,2016,3152.30905106786
BTN,Bhutan,Asia,2017,3435.28804735662
BTN,Bhutan,Asia,2018,3400.20417245342
BTN,Bhutan,Asia,2019,3576.87987100503
BTN,Bhutan,Asia,2020,3191.66906999331
BTN,Bhutan,Asia,2021,3570.61257980872
BTN,Bhutan,Asia,2022,3711.32767981591
BTN,Bhutan,Asia,2023,3831.32535494609
BWA,Botswana,Africa,2000,3450.81180622992
BWA,Botswana,Africa,2001,3206.07123689853
BWA,Botswana,Africa,2002,3117.25087183011
BWA,Botswana,Africa,2003,4230.12326909926
BWA,Botswana,Africa,2004,4956.69287735214
BWA,Botswana,Africa,2005,5391.07076619634
BWA,Botswana,Africa,2006,5291.58379144849
BWA,Botswana,Africa,2007,5529.12574632532
BWA,Botswana,Africa,2008,5503.07395314313
BWA,Botswana,Africa,2009,5082.93388332404
BWA,Botswana,Africa,2010,6215.73216077919
BWA,Botswana,Africa,2011,7287.38295334919
BWA,Botswana,Africa,2012,6595.53845015424
BWA,Botswana,Africa,2013,6666.91219583487
BWA,Botswana,Africa,2014,7122.36423421503
BWA,Botswana,Africa,2015,6141.20394726616
BWA,Botswana,Africa,2016,6749.05994339013
BWA,Botswana,Africa,2017,7104.96401088027
BWA,Botswana,Africa,2018,7407.95940141786
BWA,Botswana,Africa,2019,7172.08956480028
BWA,Botswana,Africa,2020,6323.2974967659
BWA,Botswana,Africa,2021,7807.88794570471
BWA,Botswana,Africa,2022,8328.7090572666
BWA,Botswana,Africa,2023,7826.35376483298
BWA,Botswana,Africa,2024,7695.75319445165
CAF,Central African Republic,Africa,2000,239.154133726071
CAF,Central African Republic,Africa,2001,237.951702544735
CAF,Central African Republic,Africa,2002,248.639290978403
CAF,Central African Republic,Africa,2003,278.403992150941
CAF,Central African Republic,Africa,2004,303.461321152782
CAF,Central African Republic,Africa,2005,311.950023138687
CAF,Central African Republic,Africa,2006,333.942519903031
CAF,Central African Republic,Africa,2007,380.887048839475
CAF,Central African Republic,Africa,2008,437.24827472489
CAF,Central African Republic,Africa,2009,456.471673898404
CAF,Central African Republic,Africa,2010,476.873786950728
CAF,Central African Republic,Africa,2011,534.057281471636
CAF,Central African Republic,Africa,2012,544.395849142785
CAF,Central African Republic,Africa,2013,364.36696260838
CAF,Central African Republic,Africa,2014,409.8504859647
CAF,Central African Republic,Africa,2015,366.322853938121
CAF,Central African Republic,Africa,2016,387.176203444318
CAF,Central African Republic,Africa,2017,432.324025684263
CAF,Central African Republic,Africa,2018,455.243962859534
CAF,Central African Republic,Africa,2019,449.228467602439
CAF,Central African Republic,Africa,2020,462.879071294011
CAF,Central African Republic,Africa,2021,492.263142830507
CAF,Central African Republic,Africa,2022,467.359825026238
CAF,Central African Republic,Africa,2023,495.978897288721
CAF,Central African Republic,Africa,2024,516.160999996036
CAN,Canada,North America,2000,24271.0020563821
CAN,Canada,North America,2001,23822.096210932
CAN,Canada,North America,2002,24256.0192337185
CAN,Canada,North America,2003,28301.8645937428
CAN,Canada,North America,2004,32145.5412620217
CAN,Canada,North America,2005,36383.6600068095
CAN,Canada,North America,2006,40504.0370977806
CAN,Canada,North America,2007,44660.0838892281
CAN,Canada,North America,2008,46710.2526864484
CAN,Canada,North America,2009,40874.8831932903
CAN,Canada,North America,2010,47560.6666009406
CAN,Canada,North America,2011,52223.8588398531
CAN,Canada,North America,2012,52670.3447335415
CAN,Canada,North America,2013,52638.1187235237
CAN,Canada,North America,2014,50960.8431174661
CAN,Canada,North America,2015,43594.1941045394
CAN,Canada,North America,2016,42314.0615817218
CAN,Canada,North America,2017,45129.628116623
CAN,Canada,North America,2018,46539.1761570405
CAN,Canada,North America,2019,46352.8693445211
CAN,Canada,North America,2020,43537.839298904
CAN,Canada,North America,2021,52886.6616372703
CAN,Canada,North America,2022,56256.8007264015
CAN,Canada,North America,2023,54220.3285039875
CAN,Canada,North America,2024,54340.3477224733
CHE,Switzerland,Europe,2000,38865.021939688
CHE,Switzerland,Europe,2001,39638.7911061864
CHE,Switzerland,Europe,2002,42458.7384679187
CHE,Switzerland,Europe,2003,49335.7456291067
CHE,Switzerland,Europe,2004,54659.4571488233
CHE,Switzerland,Europe,2005,56242.8933645639
CHE,Switzerland,Europe,2006,59011.0324592016
CHE,Switzerland,Europe,2007,64989.1553256031
CHE,Switzerland,Europe,2008,74175.1927898555
CHE,Switzerland,Europe,2009,71568.3123885672
CHE,Switzerland,Europe,2010,76531.3729407691
CHE,Switzerland,Europe,2011,90476.7589651577
CHE,Switzerland,Europe,2012,85836.2076767359
CHE,Switzerland,Europe,2013,87304.3305813557
CHE,Switzerland,Europe,2014,88724.9909402638
CHE,Switzerland,Europe,2015,83806.4476003837
CHE,Switzerland,Europe,2016,82153.0745447889
CHE,Switzerland,Europe,2017,82254.3769269767
CHE,Switzerland,Europe,2018,85217.3691512274
CHE,Switzerland,Europe,2019,84121.9310304414
CHE,Switzerland,Europe,2020,85897.7843338323
CHE,Switzerland,Europe,2021,93664.7736696111
CHE,Switzerland,Europe,2022,94394.5106803525
CHE,Switzerland,Europe,2023,100623.549627296
CHE,Switzerland,Europe,2024,103998.186685604
CHL,Chile,South America,2000,5052.99245766325
CHL,Chile,South America,2001,4563.5952986689
CHL,Chile,South America,2002,4430.84741157984
CHL,Chile,South America,2003,4773.40177520754
CHL,Chile,South America,2004,6120.59152055344
CHL,Chile,South America,2005,7480.32330998636
CHL,Chile,South America,2006,9318.65655296121
CHL,Chile,South America,2007,10346.4138184533
CHL,Chile,South America,2008,10683.2188772511
CHL,Chile,South America,2009,10098.8017167286
CHL,Chile,South America,2010,12632.8704724192
CHL,Chile,South America,2011,14487.3927832032
CHL,Chile,South America,2012,15241.9069981119
CHL,Chile,South America,2013,15683.5486369155
CHL,Chile,South America,2014,14529.6767206336
CHL,Chile,South America,2015,13433.9202987032
CHL,Chile,South America,2016,13649.8520452803
CHL,Chile,South America,2017,14879.9086227187
CHL,Chile,South America,2018,15659.4808675628
CHL,Chile,South America,2019,14495.716721687
CHL,Chile,South America,2020,13114.815470545
CHL,Chile,South America,2021,16206.8325493421
CHL,Chile,South America,2022,15405.6165774073
CHL,Chile,South America,2023,17067.0364799154
CHL,Chile,South America,2024,16709.8893972307
CHN,China,Asia,2000,969.199513696287
CHN,China,Asia,2001,1065.40597574519
CHN,China,Asia,2002,1163.55957673426
CHN,China,Asia,2003,1306.97245408557
CHN,China,Asia,2004,1530.92726215723
CHN,China,Asia,2005,1777.64496828464
CHN,China,Asia,2006,2129.25696999613
CHN,China,Asia,2007,2734.72709877693
CHN,China,Asia,2008,3523.44302065213
CHN,China,Asia,2009,3898.24459158811
CHN,China,Asia,2010,4629.24551710077
CHN,China,Asia,2011,5703.76027973346
CHN,China,Asia,2012,6405.0574241349
CHN,China,Asia,2013,7147.03518622344
CHN,China,Asia,2014,7781.06597484974
CHN,China,Asia,2015,8175.33285077393
CHN,China,Asia,2016,8254.86859320357
CHN,China,Asia,2017,8979.67652709856
CHN,China,Asia,2018,10085.6638148819
CHN,China,Asia,2019,10342.9009524335
CHN,China,Asia,2020,10627.4637989619
CHN,China,Asia,2021,12887.4357242941
CHN,China,Asia,2022,12970.6056414327
CHN,China,Asia,2023,12951.1782397043
CHN,China,Asia,2024,13303.1481543868
CIV,Cote d'Ivoire,Africa,2000,936.636541348798
CIV,Cote d'Ivoire,Africa,2001,924.727294962066
CIV,Cote d'Ivoire,Africa,2002,967.815864415991
CIV,Cote d'Ivoire,Africa,2003,1111.17135087887
CIV,Cote d'Ivoire,Africa,2004,1199.82524528546
CIV,Cote d'Ivoire,Africa,2005,1197.74616979415
CIV,Cote d'Ivoire,Africa,2006,1230.43056838584
CIV,Cote d'Ivoire,Africa,2007,1367.53817722326
CIV,Cote d'Ivoire,Africa,2008,1583.97066701372
CIV,Cote d'Ivoire,Africa,2009,1540.45393569596
CIV,Cote d'Ivoire,Africa,2010,1553.54887048143
CIV,Cote d'Ivoire,Africa,2011,1596.62826565998
CIV,Cote d'Ivoire,Africa,2012,1546.9460184731
CIV,Cote d'Ivoire,Africa,2013,1786.15862031324
CIV,Cote d'Ivoire,Africa,2014,1991.36539423404
CIV,Cote d'Ivoire,Africa,2015,1814.71855088017
CIV,Cote d'Ivoire,Africa,2016,1862.59597081287
CIV,Cote d'Ivoire,Africa,2017,1964.29930338343
CIV,Cote d'Ivoire,Africa,2018,2130.86619381144
CIV,Cote d'Ivoire,Africa,2019,2141.76836170115
CIV,Cote d'Ivoire,Africa,2020,2179.72934832935
CIV,Cote d'Ivoire,Africa,2021,2455.98127641148
CIV,Cote d'Ivoire,Africa,2022,2333.37128301259
CIV,Cote d'Ivoire,Africa,2023,2591.9659048119
CIV,Cote d'Ivoire,Africa,2024,2727.8935220697
CMR,Cameroon,Africa,2000,708.565731625965
CMR,Cameroon,Africa,2001,715.470296470585
CMR,Cameroon,Africa,2002,789.623811072554
CMR,Cameroon,Africa,2003,988.241276791846
CMR,Cameroon,Africa,2004,1133.39326749673
CMR,Cameroon,Africa,2005,1142.62466252106
CMR,Cameroon,Africa,2006,1191.45458990968
CMR,Cameroon,Africa,2007,1325.67248215933
CMR,Cameroon,Africa,2008,1492.14269801453
CMR,Cameroon,Africa,2009,1461.38999232337
CMR,Cameroon,Africa,2010,1398.58702025047
CMR,Cameroon,Africa,2011,1513.96056994878
CMR,Cameroon,Africa,2012,1449.09874362279
CMR,Cameroon,Africa,2013,1575.92882118897
CMR,Cameroon,Africa,2014,1649.4433905949
CMR,Cameroon,Africa,2015,1415.00009710569
CMR,Cameroon,Africa,2016,1441.7201725688
CMR,Cameroon,Africa,2017,1496.08951771242
CMR,Cameroon,Africa,2018,1610.69641591017
CMR,Cameroon,Africa,2019,1555.22660476477
CMR,Cameroon,Africa,2020,1555.60370660749
CMR,Cameroon,Africa,2021,1672.32657340872
CMR,Cameroon,Africa,2022,1604.87726954895
CMR,Cameroon,Africa,2023,1720.47510154506
CMR,Cameroon,Africa,2024,1830.00833684727
COD,DR Congo,Africa,2000,377.925421481395
COD,DR Congo,Africa,2001,142.678142604412
COD,DR Congo,Africa,2002,162.38052907429
COD,DR Congo,Africa,2003,161.491553524396
COD,DR Congo,Africa,2004,180.664764963633
COD,DR Congo,Africa,2005,214.539740473519
COD,DR Congo,Africa,2006,255.445229568751
COD,DR Congo,Africa,2007,294.101615124419
COD,DR Congo,Africa,2008,352.900363371995
COD,DR Congo,Africa,2009,280.178991035792
COD,DR Congo,Africa,2010,352.400398754692
COD,DR Congo,Africa,2011,372.514273875789
COD,DR Congo,Africa,2012,409.931424783784
COD,DR Congo,Africa,2013,460.370334930107
COD,DR Congo,Africa,2014,489.175952097319
COD,DR Congo,Africa,2015,495.826633014883
COD,DR Congo,Africa,2016,459.765036590388
COD,DR Congo,Africa,2017,431.052559128788
COD,DR Congo,Africa,2018,518.169626875371
COD,DR Congo,Africa,2019,504.00419142286
COD,DR Congo,Africa,2020,486.425572682256
COD,DR Congo,Africa,2021,595.743074403567
COD,DR Congo,Africa,2022,687.738587554685
COD,DR Congo,Africa,2023,660.21205238997
COD,DR Congo,Africa,2024,649.383338556725
COG,Congo,Africa,2000,1024.30159109181
COG,Congo,Africa,2001,854.598314408095
COG,Congo,Africa,2002,905.538135544704
COG,Congo,Africa,2003,1016.82363412143
COG,Congo,Africa,2004,1306.10136324599
COG,Congo,Africa,2005,1799.05158366154
COG,Congo,Africa,2006,2103.5821381211
COG,Congo,Africa,2007,2206.47101863414
COG,Congo,Africa,2008,2832.09177777643
COG,Congo,Africa,2009,2271.15219175966
COG,Congo,Africa,2010,2946.55798067708
COG,Congo,Africa,2011,3396.16505817952
COG,Congo,Africa,2012,3732.32737320389
COG,Congo,Africa,2013,3697.41705884249
COG,Congo,Africa,2014,3601.2365808718
COG,Congo,Africa,2015,2439.35189403696
COG,Congo,Africa,2016,2093.10728558843
COG,Congo,Africa,2017,2211.63309874797
COG,Congo,Africa,2018,2694.43413191427
COG,Congo,Africa,2019,2488.42466724916
COG,Congo,Africa,2020,1993.586671931
COG,Congo,Africa,2021,2516.16255145432
COG,Congo,Africa,2022,2620.83804267402
COG,Congo,Africa,2023,2477.97845544866
COG,Congo,Africa,2024,2482.2489948456
COL,Colombia,South America,2000,2555.00751039968
COL,Colombia,South America,2001,2472.99084035833
COL,Colombia,South America,2002,2428.92969771584
COL,Colombia,South America,2003,2311.94218760291
COL,Colombia,South America,2004,2818.57195413044
COL,Colombia,South America,2005,3456.06610874512
COL,Colombia,South America,2006,3789.85361217027
COL,Colombia,South America,2007,4769.926147194
COL,Colombia,South America,2008,5541.83629665898
COL,Colombia,South America,2009,5250.97292433518
COL,Colombia,South America,2010,6398.2958447102
COL,Colombia,South America,2011,7400.9940695669
COL,Colombia,South America,2012,8108.59838244229
COL,Colombia,South America,2013,8279.10255642981
COL,Colombia,South America,2014,8187.20824890084
COL,Colombia,South America,2015,6248.51490534512
COL,Colombia,South America,2016,5959.84250367574
COL,Colombia,South America,2017,6479.53231292429
COL,Colombia,South America,2018,6816.96818309544
COL,Colombia,South America,2019,6472.54544924705
COL,Colombia,South America,2020,5339.68711357943
COL,Colombia,South America,2021,6222.62164397614
COL,Colombia,South America,2022,6680.44506854481
COL,Colombia,South America,2023,7000.83660501046
COL,Colombia,South America,2024,7919.20886825345
COM,Comoros,Africa,2000,633.309032776244
COM,Comoros,Africa,2001,681.163857619963
COM,Comoros,Africa,2002,764.61349832543
COM,Comoros,Africa,2003,959.691049354812
COM,Comoros,Africa,2004,1072.28409029621
COM,Comoros,Africa,2005,1105.78796866788
COM,Comoros,Africa,2006,1138.47908404345
COM,Comoros,Africa,2007,1289.73631056361
COM,Comoros,Africa,2008,1455.02768595586
COM,Comoros,Africa,2009,1410.30516959473
COM,Comoros,Africa,2010,1386.5742428453
COM,Comoros,Africa,2011,1531.43789372951
COM,Comoros,Africa,2012,1490.31511351281
COM,Comoros,Africa,2013,1603.32797107303
COM,Comoros,Africa,2014,1615.71723662012
COM,Comoros,Africa,2015,1329.37048235986
COM,Comoros,Africa,2016,1365.48403444497
COM,Comoros,Africa,2017,1423.9248027797
COM,Comoros,Africa,2018,1527.40527125285
COM,Comoros,Africa,2019,1510.23218151592
COM,Comoros,Africa,2020,1519.34665556206
COM,Comoros,Africa,2021,1554.97289190153
COM,Comoros,Africa,2022,1465.479642862
COM,Comoros,Africa,2023,1560.27378476855
COM,Comoros,Africa,2024,1662.75663312504
CPV,Cape Verde,Africa,2000,1189.51479345891
CPV,Cape Verde,Africa,2001,1223.33055331575
CPV,Cape Verde,Africa,2002,1328.57874270666
CPV,Cape Verde,Africa,2003,1717.97565369655
CPV,Cape Verde,Africa,2004,1929.49081468781
CPV,Cape Verde,Africa,2005,2004.14680417563
CPV,Cape Verde,Africa,2006,2256.99666191075
CPV,Cape Verde,Africa,2007,3324.57675212498
CPV,Cape Verde,Africa,2008,3908.64885822576
CPV,Cape Verde,Africa,2009,3659.72046361628
CPV,Cape Verde,Africa,2010,3579.46006137809
CPV,Cape Verde,Africa,2011,4002.01386888785
CPV,Cape Verde,Africa,2012,3736.81517011087
CPV,Cape Verde,Africa,2013,3960.97596791345
CPV,Cape Verde,Africa,2014,3985.60706548134
CPV,Cape Verde,Africa,2015,3415.06266730931
CPV,Cape Verde,Africa,2016,3608.96605234906
CPV,Cape Verde,Africa,2017,3893.09571382506
CPV,Cape Verde,Africa,2018,4294.96510035729
CPV,Cape Verde,Africa,2019,4380.78117331128
CPV,Cape Verde,Africa,2020,3539.22661248299
CPV,Cape Verde,Africa,2021,3971.44409203423
CPV,Cape Verde,Africa,2022,4323.31362032709
CPV,Cape Verde,Africa,2023,4794.90121917259
CPV,Cape Verde,Africa,2024,5192.48157325878
CRI,Costa Rica,North America,2000,3812.75388284924
CRI,Costa Rica,North America,2001,3985.12984506207
CRI,Costa Rica,North America,2002,4067.71851429092
CRI,Costa Rica,North America,2003,4173.14856415514
CRI,Costa Rica,North America,2004,4431.0117207843
CRI,Costa Rica,North America,2005,4703.00721784778
CRI,Costa Rica,North America,2006,5256.59640859159
CRI,Costa Rica,North America,2007,6137.71199925542
CRI,Costa Rica,North America,2008,6937.24261596055
CRI,Costa Rica,North America,2009,6832.69829924138
CRI,Costa Rica,North America,2010,8265.78820275582
CRI,Costa Rica,North America,2011,9276.39107511347
CRI,Costa Rica,North America,2012,10126.9991024177
CRI,Costa Rica,North America,2013,10803.2401962173
CRI,Costa Rica,North America,2014,10911.497878334
CRI,Costa Rica,North America,2015,11714.7105980732
CRI,Costa Rica,North America,2016,12091.0301606154
CRI,Costa Rica,North America,2017,12317.0902771304
CRI,Costa Rica,North America,2018,12590.2493781614
CRI,Costa Rica,North America,2019,12884.6859951989
CRI,Costa Rica,North America,2020,12394.0493969492
CRI,Costa Rica,North America,2021,12838.1185358931
CRI,Costa Rica,North America,2022,13625.9008491328
CRI,Costa Rica,North America,2023,16942.0268119375
CRI,Costa Rica,North America,2024,18587.1532203482
CUB,Cuba,North America,2000,2751.3817714814
CUB,Cuba,North America,2001,2842.96704310394
CUB,Cuba,North America,2002,3005.21104247868
CUB,Cuba,North America,2003,3202.78109865637
CUB,Cuba,North America,2004,3399.21962893402
CUB,Cuba,North America,2005,3786.33799225291
CUB,Cuba,North America,2006,4329.98265964383
CUB,Cuba,North America,2007,4807.43888960684
CUB,Cuba,North America,2008,4986.12436479175
CUB,Cuba,North America,2009,5089.23519757167
CUB,Cuba,North America,2010,5272.26755824835
CUB,Cuba,North America,2011,6104.46105236166
CUB,Cuba,North America,2012,6470.83673392653
CUB,Cuba,North America,2013,6828.36428245396
CUB,Cuba,North America,2014,7146.70459051328
CUB,Cuba,North America,2015,7727.91997207998
CUB,Cuba,North America,2016,8110.55874283616
CUB,Cuba,North America,2017,8610.60829605429
CUB,Cuba,North America,2018,8911.46205998726
CUB,Cuba,North America,2019,9232.26115935183
CUB,Cuba,North America,2020,9605.27914559614
CUW,Curaçao,North America,2000,15841.2612359949
CUW,Curaçao,North America,2001,16609.8454536485
CUW,Curaçao,North America,2002,16723.6925253468
CUW,Curaçao,North America,2003,16695.7351137757
CUW,Curaçao,North America,2004,16671.3403391655
CUW,Curaçao,North America,2005,17032.3356620744
CUW,Curaçao,North America,2006,17400.1637780186
CUW,Curaçao,North America,2007,18005.7165850772
CUW,Curaçao,North America,2008,19423.3352430175
CUW,Curaçao,North America,2009,19540.2476579348
CUW,Curaçao,North America,2010,19847.2310127979
CUW,Curaçao,North America,2011,19426.3264002202
CUW,Curaçao,North America,2012,19809.8223170482
CUW,Curaçao,North America,2013,19721.292182955
CUW,Curaçao,North America,2014,19623.0300713664
CUW,Curaçao,North America,2015,19361.8129630226
CUW,Curaçao,North America,2016,18944.0962772875
CUW,Curaçao,North America,2017,18938.2440965187
CUW,Curaçao,North America,2018,19119.1244887029
CUW,Curaçao,North America,2019,19220.6865793075
CUW,Curaçao,North America,2020,16299.8134349902
CUW,Curaçao,North America,2021,17795.5826616182
CUW,Curaçao,North America,2022,20057.1404747175
CUW,Curaçao,North America,2023,21217.8110321785
CUW,Curaçao,North America,2024,22832.8953958667
CYM,Cayman Islands,North America,2006,87085.0945866141
CYM,Cayman Islands,North America,2007,89888.2611264853
CYM,Cayman Islands,North America,2008,89655.1185574521
CYM,Cayman Islands,North America,2009,81373.5721242232
CYM,Cayman Islands,North America,2010,76837.6710064442
CYM,Cayman Islands,North America,2011,75280.9617699986
CYM,Cayman Islands,North America,2012,75101.5906883232
CYM,Cayman Islands,North America,2013,75113.7342282813
CYM,Cayman Islands,North America,2014,75845.3055572577
CYM,Cayman Islands,North America,2015,76379.2098777987
CYM,Cayman Islands,North America,2016,77802.2535658023
CYM,Cayman Islands,North America,2017,80053.9442657031
CYM,Cayman Islands,North America,2018,83865.5540393356
CYM,Cayman Islands,North America,2019,88254.2902486867
CYM,Cayman Islands,North America,2020,82338.7977439023
CYM,Cayman Islands,North America,2021,86449.6749037302
CYM,Cayman Islands,North America,2022,93030.7051447803
CYM,Cayman Islands,North America,2023,99143.5180243123
CYP,Cyprus,Asia,2000,14388.3525390625
CYP,Cyprus,Asia,2001,14821.44921875
CYP,Cyprus,Asia,2002,16093.2158203125
CYP,Cyprus,Asia,2003,20252.24609375
CYP,Cyprus,Asia,2004,23792.619140625
CYP,Cyprus,Asia,2005,24959.26171875
CYP,Cyprus,Asia,2006,26729.28125
CYP,Cyprus,Asia,2007,31244.87890625
CYP,Cyprus,Asia,2008,35397.296875
CYP,Cyprus,Asia,2009,32236.44921875
CYP,Cyprus,Asia,2010,31105.02734375
CYP,Cyprus,Asia,2011,32485.798828125
CYP,Cyprus,Asia,2012,28991.935546875
CYP,Cyprus,Asia,2013,27764.73046875
CYP,Cyprus,Asia,2014,26993.103515625
CYP,Cyprus,Asia,2015,23088.44140625
CYP,Cyprus,Asia,2016,24280.056640625
CYP,Cyprus,Asia,2017,26247.44921875
CYP,Cyprus,Asia,2018,29120.375
CYP,Cyprus,Asia,2019,29227.173828125
CYP,Cyprus,Asia,2020,28130.341796875
CYP,Cyprus,Asia,2021,32937.83984375
CYP,Cyprus,Asia,2022,33231.04296875
CYP,Cyprus,Asia,2023,36623.69140625
CYP,Cyprus,Asia,2024,38674.29296875
CZE,Czechia,Europe,2000,6062.92152842793
CZE,Czechia,Europe,2001,6669.07494847497
CZE,Czechia,Europe,2002,8101.26018588111
CZE,Czechia,Europe,2003,9852.45677945801
CZE,Czechia,Europe,2004,11782.5546676117
CZE,Czechia,Europe,2005,13442.4916284309
CZE,Czechia,Europe,2006,15259.0788162004
CZE,Czechia,Europe,2007,18452.6532812196
CZE,Czechia,Europe,2008,22774.7045076205
CZE,Czechia,Europe,2009,19817.4215836554
CZE,Czechia,Europe,2010,20160.4355077059
CZE,Czechia,Europe,2011,22049.1080788682
CZE,Czechia,Europe,2012,20014.0354015165
CZE,Czechia,Europe,2013,20260.4954999375
CZE,Czechia,Europe,2014,20038.4163180257
CZE,Czechia,Europe,2015,17931.5987670768
CZE,Czechia,Europe,2016,18753.9686718096
CZE,Czechia,Europe,2017,20913.197632212
CZE,Czechia,Europe,2018,23705.9329811299
CZE,Czechia,Europe,2019,24062.7190013343
CZE,Czechia,Europe,2020,23472.8915454417
CZE,Czechia,Europe,2021,27696.4619527544
CZE,Czechia,Europe,2022,28282.2236715857
CZE,Czechia,Europe,2023,31761.5944102491
CZE,Czechia,Europe,2024,31823.3078290564
DEU,Germany,Europe,2000,23925.8559901991
DEU,Germany,Europe,2001,23878.3641471651
DEU,Germany,Europe,2002,25486.5942008748
DEU,Germany,Europe,2003,30711.1022511331
DEU,Germany,Europe,2004,34566.7359143735
DEU,Germany,Europe,2005,35084.4363546269
DEU,Germany,Europe,2006,36980.3349948954
DEU,Germany,Europe,2007,42350.9217211489
DEU,Germany,Europe,2008,46379.1647953479
DEU,Germany,Europe,2009,42471.8868625226
DEU,Germany,Europe,2010,42396.9665976293
DEU,Germany,Europe,2011,47630.9761883572
DEU,Germany,Europe,2012,44718.0159214069
DEU,Germany,Europe,2013,47206.8353514242
DEU,Germany,Europe,2014,48959.5991203133
DEU,Germany,Europe,2015,41929.7549110722
DEU,Germany,Europe,2016,42948.9381932694
DEU,Germany,Europe,2017,45553.9341495339
DEU,Germany,Europe,2018,48916.1686612154
DEU,Germany,Europe,2019,47656.199739747
DEU,Germany,Europe,2020,47394.8734504469
DEU,Germany,Europe,2021,52349.2459994422
DEU,Germany,Europe,2022,50506.5179638543
DEU,Germany,Europe,2023,54776.7668235491
DEU,Germany,Europe,2024,56103.7323182554
DJI,Djibouti,Africa,2000,737.612183644052
DJI,Djibouti,Africa,2001,742.133791107063
DJI,Djibouti,Africa,2002,743.013270420348
DJI,Djibouti,Africa,2003,764.634465224597
DJI,Djibouti,Africa,2004,806.261652944964
DJI,Djibouti,Africa,2005,844.4483573908
DJI,Djibouti,Africa,2006,898.464628136774
DJI,Djibouti,Africa,2007,969.573220191902
DJI,Djibouti,Africa,2008,1119.15233346969
DJI,Djibouti,Africa,2009,1150.9375857489
DJI,Djibouti,Africa,2010,1213.23352553429
DJI,Djibouti,Africa,2011,1306.34552844977
DJI,Djibouti,Africa,2012,1400.19357858954
DJI,Djibouti,Africa,2013,2075.94498424748
DJI,Djibouti,Africa,2014,2214.62084142432
DJI,Djibouti,Africa,2015,2376.12554719873
DJI,Djibouti,Africa,2016,2510.4300076241
DJI,Djibouti,Africa,2017,2618.95521147369
DJI,Djibouti,Africa,2018,2718.08338799203
DJI,Djibouti,Africa,2019,2837.16902340932
DJI,Djibouti,Africa,2020,2844.88810647853
DJI,Djibouti,Africa,2021,3025.91126413549
DJI,Djibouti,Africa,2022,3133.25779772463
DJI,Djibouti,Africa,2023,3381.29779710722
DJI,Djibouti,Africa,2024,3552.72335079222
DMA,Dominica,North America,2000,4867.39896323759
DMA,Dominica,North America,2001,5527.51527300496
DMA,Dominica,North America,2002,5488.02784969357
DMA,Dominica,North America,2003,5447.44011496284
DMA,Dominica,North America,2004,5778.83306546506
DMA,Dominica,North America,2005,5695.22442394675
DMA,Dominica,North America,2006,6055.78109574854
DMA,Dominica,North America,2007,6459.03503689609
DMA,Dominica,North America,2008,6971.32633839289
DMA,Dominica,North America,2009,7487.49010395154
DMA,Dominica,North America,2010,7549.61964680375
DMA,Dominica,North America,2011,7705.40717248319
DMA,Dominica,North America,2012,7528.51001990155
DMA,Dominica,North America,2013,7822.21797211398
DMA,Dominica,North America,2014,8131.74876096735
DMA,Dominica,North America,2015,8282.59874702141
DMA,Dominica,North America,2016,8802.56172041363
DMA,Dominica,North America,2017,8224.64896571414
DMA,Dominica,North America,2018,9215.3085405645
DMA,Dominica,North America,2019,9491.14995962374
DMA,Dominica,North America,2020,7827.74842680426
DMA,Dominica,North America,2021,8376.40414141113
DMA,Dominica,North America,2022,9323.66089490562
DMA,Dominica,North America,2023,9912.96212766668
DMA,Dominica,North America,2024,10405.2787777582
DNK,Denmark,Europe,2000,30722.0251837567
DNK,Denmark,Europe,2001,30768.4775471112
DNK,Denmark,Europe,2002,33257.1622586509
DNK,Denmark,Europe,2003,40519.0974905924
DNK,Denmark,Europe,2004,46625.050098011
DNK,Denmark,Europe,2005,48925.8076698784
DNK,Denmark,Europe,2006,52119.1787984282
DNK,Denmark,Europe,2007,58631.6566433635
DNK,Denmark,Europe,2008,64616.6657583663
DNK,Denmark,Europe,2009,58412.7472358513
DNK,Denmark,Europe,2010,58104.5445594981
DNK,Denmark,Europe,2011,61809.737898222
DNK,Denmark,Europe,2012,58443.7747103968
DNK,Denmark,Europe,2013,61377.5940590412
DNK,Denmark,Europe,2014,62520.4509747011
DNK,Denmark,Europe,2015,53094.0133607574
DNK,Denmark,Europe,2016,54500.9260410217
DNK,Denmark,Europe,2017,57521.5514992225
DNK,Denmark,Europe,2018,61324.7665045565
DNK,Denmark,Europe,2019,59404.2663247723
DNK,Denmark,Europe,2020,60985.4885601514
DNK,Denmark,Europe,2021,69340.7334922138
DNK,Denmark,Europe,2022,67781.0940939514
DNK,Denmark,Europe,2023,68043.5466971243
DNK,Denmark,Europe,2024,71026.4832271897
DOM,Dominican Republic,North America,2000,2831.45883638033
DOM,Dominican Republic,North America,2001,2935.89367312668
DOM,Dominican Republic,North America,2002,3065.60329524196
DOM,Dominican Republic,North America,2003,2383.26171780393
DOM,Dominican Republic,North America,2004,2451.69161616569
DOM,Dominican Republic,North America,2005,3878.31206735244
DOM,Dominican Republic,North America,2006,4055.14270347371
DOM,Dominican Republic,North America,2007,4649.64558875814
DOM,Dominican Republic,North America,2008,5023.58513403515
DOM,Dominican Republic,North America,2009,4973.95186999952
DOM,Dominican Republic,North America,2010,5478.62470398954
DOM,Dominican Republic,North America,2011,5826.51014109195
DOM,Dominican Republic,North America,2012,6013.81965002603
DOM,Dominican Republic,North America,2013,6136.59429329301
DOM,Dominican Republic,North America,2014,6496.45166971142
DOM,Dominican Republic,North America,2015,6800.95309395474
DOM,Dominican Republic,North America,2016,7160.44200982307
DOM,Dominican Republic,North America,2017,7412.71571571512
DOM,Dominican Republic,North America,2018,7882.98221584944
DOM,Dominican Republic,North America,2019,8183.01623600375
DOM,Dominican Republic,North America,2020,7135.22273255899
DOM,Dominican Republic,North America,2021,8527.0754858205
DOM,Dominican Republic,North America,2022,10104.2449349081
DOM,Dominican Republic,North America,2023,10630.431743829
DOM,Dominican Republic,North America,2024,10875.6618443092
DZA,Algeria,Africa,2000,1772.92869122761
DZA,Algeria,Africa,2001,1896.30020878013
DZA,Algeria,Africa,2002,1937.46411413019
DZA,Algeria,Africa,2003,2283.77299346126
DZA,Algeria,Africa,2004,2816.99384960555
DZA,Algeria,Africa,2005,3233.13339634212
DZA,Algeria,Africa,2006,3660.66104745322
DZA,Algeria,Africa,2007,4167.45169937531
DZA,Algeria,Africa,2008,5180.91881514686
DZA,Algeria,Africa,2009,4235.42990456612
DZA,Algeria,Africa,2010,4912.78585503672
DZA,Algeria,Africa,2011,5916.31364364343
DZA,Algeria,Africa,2012,6033.64884689543
DZA,Algeria,Africa,2013,5979.60138960585
DZA,Algeria,Africa,2014,6094.69392314956
DZA,Algeria,Africa,2015,4685.05902729002
DZA,Algeria,Africa,2016,4424.98529027556
DZA,Algeria,Africa,2017,4554.66753957828
DZA,Algeria,Africa,2018,4577.21029180491
DZA,Algeria,Africa,2019,4468.45341883656
DZA,Algeria,Africa,2020,3743.5419522929
DZA,Algeria,Africa,2021,4160.55926736925
DZA,Algeria,Africa,2022,4960.30334332888
DZA,Algeria,Africa,2023,5370.477235078
DZA,Algeria,Africa,2024,5752.99076651465
ECU,Ecuador,South America,2000,1382.23421759909
ECU,Ecuador,South America,2001,1791.30359685037
ECU,Ecuador,South America,2002,2059.1585535974
ECU,Ecuador,South America,2003,2315.62215223014
ECU,Ecuador,South America,2004,2586.20914663347
ECU,Ecuador,South America,2005,2909.02606014388
ECU,Ecuador,South America,2006,3243.67010359339
ECU,Ecuador,South America,2007,3478.92488770671
ECU,Ecuador,South America,2008,4194.75750661981
ECU,Ecuador,South America,2009,4053.36331139298
ECU,Ecuador,South America,2010,4520.30959039763
ECU,Ecuador,South America,2011,5153.6916424375
ECU,Ecuador,South America,2012,5634.08393191094
ECU,Ecuador,South America,2013,6109.29031510341
ECU,Ecuador,South America,2014,6405.79979300441
ECU,Ecuador,South America,2015,5976.1596805651
ECU,Ecuador,South America,2016,5917.63771271481
ECU,Ecuador,South America,2017,6233.32244797718
ECU,Ecuador,South America,2018,6303.91886658338
ECU,Ecuador,South America,2019,6205.05765246766
ECU,Ecuador,South America,2020,5463.64515348598
ECU,Ecuador,South America,2021,6061.32350181711
ECU,Ecuador,South America,2022,6515.58528418336
ECU,Ecuador,South America,2023,6737.84748379638
ECU,Ecuador,South America,2024,6874.705739766
EGY,Egypt,Africa,2000,1366.09274372613
EGY,Egypt,Africa,2001,1295.1374184163
EGY,Egypt,Africa,2002,1116.82884626213
EGY,Egypt,Africa,2003,1031.27556291284
EGY,Egypt,Africa,2004,991.255689145253
EGY,Egypt,Africa,2005,1105.53920713903
EGY,Egypt,Africa,2006,1298.97900203124
EGY,Egypt,Africa,2007,1547.74170735909
EGY,Egypt,Africa,2008,1896.21594269779
EGY,Egypt,Africa,2009,2161.63964573927
EGY,Egypt,Africa,2010,2455.08194645282
EGY,Egypt,Africa,2011,2590.64384891965
EGY,Egypt,Africa,2012,2996.0677072015
EGY,Egypt,Africa,2013,3025.52563552448
EGY,Egypt,Africa,2014,3133.39102265541
EGY,Egypt,Africa,2015,3306.98159414141
EGY,Egypt,Africa,2016,3270.6287768197
EGY,Egypt,Africa,2017,2395.10333299491
EGY,Egypt,Africa,2018,2484.70315630508
EGY,Egypt,Africa,2019,2962.98892023003
EGY,Egypt,Africa,2020,3511.11381026379
EGY,Egypt,Africa,2021,3827.35415374308
EGY,Egypt,Africa,2022,4233.30783744856
EGY,Egypt,Africa,2023,3456.78968456253
EGY,Egypt,Africa,2024,3338.47371395895
ERI,Eritrea,Africa,2000,314.357396753501
ERI,Eritrea,Africa,2001,325.409161513593
ERI,Eritrea,Africa,2002,304.775756465092
ERI,Eritrea,Africa,2003,348.950327077742
ERI,Eritrea,Africa,2004,426.840947887032
ERI,Eritrea,Africa,2005,412.753079199423
ERI,Eritrea,Africa,2006,447.997404727201
ERI,Eritrea,Africa,2007,480.44762365456
ERI,Eritrea,Africa,2008,490.066956003333
ERI,Eritrea,Africa,2009,642.92572288007
ERI,Eritrea,Africa,2010,539.699512069686
ERI,Eritrea,Africa,2011,688.68165957684
ESP,Spain,Europe,2000,14743.2671031455
ESP,Spain,Europe,2001,15368.2337984435
ESP,Spain,Europe,2002,17111.0685058941
ESP,Spain,Europe,2003,21522.0170990262
ESP,Spain,Europe,2004,24925.0267844576
ESP,Spain,Europe,2005,26450.9530130382
ESP,Spain,Europe,2006,28421.686527407
ESP,Spain,Europe,2007,32652.015594702
ESP,Spain,Europe,2008,35603.248328071
ESP,Spain,Europe,2009,32279.8208476151
ESP,Spain,Europe,2010,30658.7422282912
ESP,Spain,Europe,2011,31824.6219134777
ESP,Spain,Europe,2012,28456.4438151477
ESP,Spain,Europe,2013,29228.846559842
ESP,Spain,Europe,2014,29707.765509467
ESP,Spain,Europe,2015,25982.4416197775
ESP,Spain,Europe,2016,26755.6061149398
ESP,Spain,Europe,2017,28381.3425596906
ESP,Spain,Europe,2018,30602.4212881113
ESP,Spain,Europe,2019,29786.5245689007
ESP,Spain,Europe,2020,27233.9426461608
ESP,Spain,Europe,2021,30799.4775937775
ESP,Spain,Europe,2022,30319.4987196616
ESP,Spain,Europe,2023,33493.2225409111
ESP,Spain,Europe,2024,35326.7683069278
EST,Estonia,Europe,2000,4070.60902410208
EST,Estonia,Europe,2001,4502.66614992392
EST,Estonia,Europe,2002,5343.18310760735
EST,Estonia,Europe,2003,7205.40703313243
EST,Estonia,Europe,2004,8916.0728274602
EST,Estonia,Europe,2005,10414.6381183565
EST,Estonia,Europe,2006,12641.4800976473
EST,Estonia,Europe,2007,16745.4308011148
EST,Estonia,Europe,2008,18205.9064113446
EST,Estonia,Europe,2009,14712.4494217916
EST,Estonia,Europe,2010,14663.7041018705
EST,Estonia,Europe,2011,17555.5455239426
EST,Estonia,Europe,2012,17568.2137969714
EST,Estonia,Europe,2013,19310.3874900757
EST,Estonia,Europe,2014,20581.7898991695
EST,Estonia,Europe,2015,17722.1557669523
EST,Estonia,Europe,2016,18666.3736521706
EST,Estonia,Europe,2017,20851.5223496861
EST,Estonia,Europe,2018,23618.1361254581
EST,Estonia,Europe,2019,24021.2501413306
EST,Estonia,Europe,2020,23933.9939421065
EST,Estonia,Europe,2021,27951.1659277744
EST,Estonia,Europe,2022,28340.3826549406
EST,Estonia,Europe,2023,30264.0064885057
EST,Estonia,Europe,2024,31428.3547816104
ETH,Ethiopia,Africa,2000,122.269202606069
ETH,Ethiopia,Africa,2001,118.457204255261
ETH,Ethiopia,Africa,2002,109.593813612988
ETH,Ethiopia,Africa,2003,116.800491132777
ETH,Ethiopia,Africa,2004,133.169812538096
ETH,Ethiopia,Africa,2005,158.243458082465
ETH,Ethiopia,Africa,2006,189.345737521418
ETH,Ethiopia,Africa,2007,237.146255996319
ETH,Ethiopia,Africa,2008,316.410475118075
ETH,Ethiopia,Africa,2009,368.574712267445
ETH,Ethiopia,Africa,2010,330.619412798644
ETH,Ethiopia,Africa,2011,343.024942351887
ETH,Ethiopia,Africa,2012,452.101031885754
ETH,Ethiopia,Africa,2013,484.039833104062
ETH,Ethiopia,Africa,2014,549.986577082588
ETH,Ethiopia,Africa,2015,597.912113218663
ETH,Ethiopia,Africa,2016,641.651523286233
ETH,Ethiopia,Africa,2017,696.348429076216
ETH,Ethiopia,Africa,2018,739.702022272086
ETH,Ethiopia,Africa,2019,793.473247210264
ETH,Ethiopia,Africa,2020,829.790982547947
ETH,Ethiopia,Africa,2021,893.00983544905
ETH,Ethiopia,Africa,2022,982.103161506992
ETH,Ethiopia,Africa,2023,1055.81091592527
ETH,Ethiopia,Africa,2024,1133.88279681719
FIN,Finland,Europe,2000,24335.9225082659
FIN,Finland,Europe,2001,24965.202996776
FIN,Finland,Europe,2002,26989.389260959
FIN,Finland,Europe,2003,32920.0857192568
FIN,Finland,Europe,2004,37768.1334202029
FIN,Finland,Europe,2005,39049.8703780223
FIN,Finland,Europe,2006,41214.0187765069
FIN,Finland,Europe,2007,48473.0240091455
FIN,Finland,Europe,2008,53769.4726240385
FIN,Finland,Europe,2009,47478.3495310999
FIN,Finland,Europe,2010,46506.2919016566
FIN,Finland,Europe,2011,51060.3242589767
FIN,Finland,Europe,2012,47551.6740841369
FIN,Finland,Europe,2013,49691.0145200739
FIN,Finland,Europe,2014,50073.7760815871
FIN,Finland,Europe,2015,42560.3456767103
FIN,Finland,Europe,2016,43451.2562442158
FIN,Finland,Europe,2017,46085.0174739036
FIN,Finland,Europe,2018,49654.2497035329
FIN,Finland,Europe,2019,48358.1807773701
FIN,Finland,Europe,2020,48828.6846862799
FIN,Finland,Europe,2021,53099.1351400148
FIN,Finland,Europe,2022,50440.560224974
FIN,Finland,Europe,2023,52834.2916752703
FIN,Finland,Europe,2024,53149.7671934051
FJI,Fiji,Oceania,2000,1995.72071163264
FJI,Fiji,Oceania,2001,1944.997414609
FJI,Fiji,Oceania,2002,2136.56794118683
FJI,Fiji,Oceania,2003,2655.58079586044
FJI,Fiji,Oceania,2004,3097.19096651759
FJI,Fiji,Oceania,2005,3377.69126953493
FJI,Fiji,Oceania,2006,3455.10599907349
FJI,Fiji,Oceania,2007,3762.74692789299
FJI,Fiji,Oceania,2008,3899.92231512129
FJI,Fiji,Oceania,2009,3164.13275408169
FJI,Fiji,Oceania,2010,3449.14452883369
FJI,Fiji,Oceania,2011,4139.60288609702
FJI,Fiji,Oceania,2012,4341.40338748749
FJI,Fiji,Oceania,2013,4572.44377544245
FJI,Fiji,Oceania,2014,5293.35676680464
FJI,Fiji,Oceania,2015,5097.53106864695
FJI,Fiji,Oceania,2016,5363.79026679243
FJI,Fiji,Oceania,2017,5826.84814459328
FJI,Fiji,Oceania,2018,6085.41979485376
FJI,Fiji,Oceania,2019,5842.07344577597
FJI,Fiji,Oceania,2020,4620.6457238014
FJI,Fiji,Oceania,2021,4536.73312110335
FJI,Fiji,Oceania,2022,5414.12092119088
FJI,Fiji,Oceania,2023,5926.20586394763
FJI,Fiji,Oceania,2024,6425.74151715712
FRA,France,Europe,2000,22340.5939516217
FRA,France,Europe,2001,22331.7948343036
FRA,France,Europe,2002,24144.5727019529
FRA,France,Europe,2003,29479.5222101175
FRA,France,Europe,2004,33644.9282220364
FRA,France,Europe,2005,34696.3718316971
FRA,France,Europe,2006,36431.5658906555
FRA,France,Europe,2007,41486.1907828787
FRA,France,Europe,2008,45464.8181385158
FRA,France,Europe,2009,41728.0884164132
FRA,France,Europe,2010,40694.8211697025
FRA,France,Europe,2011,43929.7840873812
FRA,France,Europe,2012,40863.5814412333
FRA,France,Europe,2013,42669.1795111893
FRA,France,Europe,2014,43148.0459288416
FRA,France,Europe,2015,36702.4323733379
FRA,France,Europe,2016,37024.2157133669
FRA,France,Europe,2017,38687.1626407164
FRA,France,Europe,2018,41418.1766484844
FRA,France,Europe,2019,40408.2848574751
FRA,France,Europe,2020,39169.8606000707
FRA,France,Europe,2021,43725.0999521245
FRA,France,Europe,2022,40988.6396406579
FRA,France,Europe,2023,44700.1384177544
FRA,France,Europe,2024,46103.0840855884
FRO,Faroe Islands,Europe,2000,23322.7593357515
FRO,Faroe Islands,Europe,2001,24879.7729617864
FRO,Faroe Islands,Europe,2002,26937.6505602847
FRO,Faroe Islands,Europe,2003,31269.6031997217
FRO,Faroe Islands,Europe,2004,35647.5440400531
FRO,Faroe Islands,Europe,2005,36389.081644098
FRO,Faroe Islands,Europe,2006,41743.6812847661
FRO,Faroe Islands,Europe,2007,48348.7393711011
FRO,Faroe Islands,Europe,2008,51287.8911081663
FRO,Faroe Islands,Europe,2009,47059.1947296738
FRO,Faroe Islands,Europe,2010,47923.1515374991
FRO,Faroe Islands,Europe,2011,51618.9907766392
FRO,Faroe Islands,Europe,2012,50261.9616267693
FRO,Faroe Islands,Europe,2013,55758.2083680611
FRO,Faroe Islands,Europe,2014,60172.0632541664
FRO,Faroe Islands,Europe,2015,52637.1903526574
FRO,Faroe Islands,Europe,2016,56875.2803813296
FRO,Faroe Islands,Europe,2017,59387.353086482
FRO,Faroe Islands,Europe,2018,62526.4908515743
FRO,Faroe Islands,Europe,2019,63068.2872688483
FRO,Faroe Islands,Europe,2020,62243.1905561324
FRO,Faroe Islands,Europe,2021,69415.1853254579
FRO,Faroe Islands,Europe,2022,67058.2022648126
FRO,Faroe Islands,Europe,2023,72465.3769660215
FRO,Faroe Islands,Europe,2024,74119.6607553879
FSM,Micronesia,Oceania,2000,2049.3453246655
FSM,Micronesia,Oceania,2001,2103.74859460914
FSM,Micronesia,Oceania,2002,2113.45987332485
FSM,Micronesia,Oceania,2003,2145.87755337517
FSM,Micronesia,Oceania,2004,2104.42804750084
FSM,Micronesia,Oceania,2005,2207.16844533875
FSM,Micronesia,Oceania,2006,2244.97227274486
FSM,Micronesia,Oceania,2007,2293.51341684075
FSM,Micronesia,Oceania,2008,2369.50811741318
FSM,Micronesia,Oceania,2009,2544.11114550961
FSM,Micronesia,Oceania,2010,2702.61165204772
FSM,Micronesia,Oceania,2011,2848.70077003105
FSM,Micronesia,Oceania,2012,2992.28916099077
FSM,Micronesia,Oceania,2013,2893.13437410825
FSM,Micronesia,Oceania,2014,2896.73082002714
FSM,Micronesia,Oceania,2015,2853.07643587028
FSM,Micronesia,Oceania,2016,2979.60119184048
FSM,Micronesia,Oceania,2017,3279.10779039285
FSM,Micronesia,Oceania,2018,3566.58690371125
FSM,Micronesia,Oceania,2019,3572.65918282222
FSM,Micronesia,Oceania,2020,3362.02802120524
FSM,Micronesia,Oceania,2021,3508.22314197664
FSM,Micronesia,Oceania,2022,3710.12451611752
FSM,Micronesia,Oceania,2023,3919.64307910859
FSM,Micronesia,Oceania,2024,4166.00476748564
GAB,Gabon,Africa,2000,3982.906200928
GAB,Gabon,Africa,2001,3835.75718279727
GAB,Gabon,Africa,2002,3966.48001864663
GAB,Gabon,Africa,2003,4710.74862768151
GAB,Gabon,Africa,2004,5465.79193590708
GAB,Gabon,Africa,2005,6547.87613955186
GAB,Gabon,Africa,2006,6847.00985685394
GAB,Gabon,Africa,2007,8003.54289696049
GAB,Gabon,Africa,2008,9688.64519690633
GAB,Gabon,Africa,2009,7290.57526093114
GAB,Gabon,Africa,2010,8356.74662013345
GAB,Gabon,Africa,2011,10219.1139339454
GAB,Gabon,Africa,2012,9296.96587941088
GAB,Gabon,Africa,2013,9197.70106323947
GAB,Gabon,Africa,2014,9201.36276648105
GAB,Gabon,Africa,2015,7047.12654634355
GAB,Gabon,Africa,2016,6677.07003901644
GAB,Gabon,Africa,2017,6921.73373135624
GAB,Gabon,Africa,2018,7624.2775233771
GAB,Gabon,Africa,2019,7441.1786472281
GAB,Gabon,Africa,2020,6605.80346077565
GAB,Gabon,Africa,2021,8181.40914134656
GAB,Gabon,Africa,2022,8409.2074145028
GAB,Gabon,Africa,2023,7802.82433276138
GAB,Gabon,Africa,2024,8230.04311451151
GBR,United Kingdom,Europe,2000,28383.8761094996
GBR,United Kingdom,Europe,2001,28013.8729635508
GBR,United Kingdom,Europe,2002,30158.7017807858
GBR,United Kingdom,Europe,2003,34556.7726095905
GBR,United Kingdom,Europe,2004,40504.4118103928
GBR,United Kingdom,Europe,2005,42240.2462987547
GBR,United Kingdom,Europe,2006,44695.161023424
GBR,United Kingdom,Europe,2007,50629.0799172887
GBR,United Kingdom,Europe,2008,47652.4030691881
GBR,United Kingdom,Europe,2009,39009.3715547821
GBR,United Kingdom,Europe,2010,39778.3220528565
GBR,United Kingdom,Europe,2011,42295.9273835322
GBR,United Kingdom,Europe,2012,42688.3263728372
GBR,United Kingdom,Europe,2013,43606.9837896348
GBR,United Kingdom,Europe,2014,47746.2421759562
GBR,United Kingdom,Europe,2015,45255.3449216209
GBR,United Kingdom,Europe,2016,41257.9085545556
GBR,United Kingdom,Europe,2017,40916.8115070354
GBR,United Kingdom,Europe,2018,43702.9976303165
GBR,United Kingdom,Europe,2019,43158.7411267323
GBR,United Kingdom,Europe,2020,40812.6794663879
GBR,United Kingdom,Europe,2021,47691.3768799404
GBR,United Kingdom,Europe,2022,47057.043229179
GBR,United Kingdom,Europe,2023,49944.4702124201
GBR,United Kingdom,Europe,2024,53246.3676145108
GEO,Georgia,Asia,2000,749.908534993961
GEO,Georgia,Asia,2001,801.98383707929
GEO,Georgia,Asia,2002,853.526171868939
GEO,Georgia,Asia,2003,1010.03151630868
GEO,Georgia,Asia,2004,1305.04748557208
GEO,Georgia,Asia,2005,1642.78359414797
GEO,Georgia,Asia,2006,1996.02013272284
GEO,Georgia,Asia,2007,2635.36650276116
GEO,Georgia,Asia,2008,3324.7537205015
GEO,Georgia,Asia,2009,2822.68939668797
GEO,Georgia,Asia,2010,3281.72930937343
GEO,Georgia,Asia,2011,4119.66818307193
GEO,Georgia,Asia,2012,4530.69533409431
GEO,Georgia,Asia,2013,4712.00229382665
GEO,Georgia,Asia,2014,4830.33486170249
GEO,Georgia,Asia,2015,4086.6223465965
GEO,Georgia,Asia,2016,4143.40125686315
GEO,Georgia,Asia,2017,4418.75206546679
GEO,Georgia,Asia,2018,4804.0546040444
GEO,Georgia,Asia,2019,4741.2832715876
GEO,Georgia,Asia,2020,4300.85701291207
GEO,Georgia,Asia,2021,5083.60695484577
GEO,Georgia,Asia,2022,6729.84659930283
GEO,Georgia,Asia,2023,8283.66960652261
GEO,Georgia,Asia,2024,9241.49122313713
GHA,Ghana,Africa,2000,253.746936203344
GHA,Ghana,Africa,2001,263.542156494853
GHA,Ghana,Africa,2002,297.46164468774
GHA,Ghana,Africa,2003,358.39927142073
GHA,Ghana,Africa,2004,406.132105329565
GHA,Ghana,Africa,2005,478.611909191028
GHA,Ghana,Africa,2006,906.441027564887
GHA,Ghana,Africa,2007,1050.12461524926
GHA,Ghana,Africa,2008,1182.65761256016
GHA,Ghana,Africa,2009,1047.70430093586
GHA,Ghana,Africa,2010,1263.89251760539
GHA,Ghana,Africa,2011,1507.43573198753
GHA,Ghana,Africa,2012,1543.77524235764
GHA,Ghana,Africa,2013,2294.79584693743
GHA,Ghana,Africa,2014,1949.90832923846
GHA,Ghana,Africa,2015,1722.77282833606
GHA,Ghana,Africa,2016,1912.47991339951
GHA,Ghana,Africa,2017,2012.28662641265
GHA,Ghana,Africa,2018,2195.32166016377
GHA,Ghana,Africa,2019,2186.65822682613
GHA,Ghana,Africa,2020,2195.45481659987
GHA,Ghana,Africa,2021,2445.18662529344
GHA,Ghana,Africa,2022,2229.89122647803
GHA,Ghana,Africa,2023,2383.90410483418
GHA,Ghana,Africa,2024,2390.77237652715
GIN,Guinea,Africa,2000,518.157066924026
GIN,Guinea,Africa,2001,483.085120214741
GIN,Guinea,Africa,2002,495.916073559269
GIN,Guinea,Africa,2003,566.48540588068
GIN,Guinea,Africa,2004,584.897740538081
GIN,Guinea,Africa,2005,463.17768685098
GIN,Guinea,Africa,2006,446.980554135013
GIN,Guinea,Africa,2007,650.148575304743
GIN,Guinea,Africa,2008,703.532825784369
GIN,Guinea,Africa,2009,662.185914665575
GIN,Guinea,Africa,2010,659.235326211315
GIN,Guinea,Africa,2011,636.694958747648
GIN,Guinea,Africa,2012,699.353377212197
GIN,Guinea,Africa,2013,748.455020824734
GIN,Guinea,Africa,2014,765.146999389279
GIN,Guinea,Africa,2015,747.356966759448
GIN,Guinea,Africa,2016,711.996509782316
GIN,Guinea,Africa,2017,833.598621691121
GIN,Guinea,Africa,2018,933.273615633705
GIN,Guinea,Africa,2019,1031.34146480732
GIN,Guinea,Africa,2020,1053.66097696415
GIN,Guinea,Africa,2021,1244.96550477914
GIN,Guinea,Africa,2022,1416.59612011764
GIN,Guinea,Africa,2023,1555.49375806861
GIN,Guinea,Africa,2024,1694.95375862193
GMB,Gambia,Africa,2000,538.054072348854
GMB,Gambia,Africa,2001,459.803068381399
GMB,Gambia,Africa,2002,376.531026962584
GMB,Gambia,Africa,2003,308.719123437587
GMB,Gambia,Africa,2004,593.285346326581
GMB,Gambia,Africa,2005,616.483657865348
GMB,Gambia,Africa,2006,614.544307904464
GMB,Gambia,Africa,2007,724.726407242432
GMB,Gambia,Africa,2008,859.127671411226
GMB,Gambia,Africa,2009,774.888030908091
GMB,Gambia,Africa,2010,801.033372714536
GMB,Gambia,Africa,2011,710.608411468152
GMB,Gambia,Africa,2012,692.579361628102
GMB,Gambia,Africa,2013,653.862713272743
GMB,Gambia,Africa,2014,568.00453558864
GMB,Gambia,Africa,2015,619.536364296461
GMB,Gambia,Africa,2016,650.056501323611
GMB,Gambia,Africa,2017,642.522641296331
GMB,Gambia,Africa,2018,696.219806960615
GMB,Gambia,Africa,2019,738.186751987483
GMB,Gambia,Africa,2020,720.335143352133
GMB,Gambia,Africa,2021,781.890925169531
GMB,Gambia,Africa,2022,836.244875868476
GMB,Gambia,Africa,2023,883.024111719809
GMB,Gambia,Africa,2024,871.340291776294
GNB,Guinea-Bissau,Africa,2000,316.945495037639
GNB,Guinea-Bissau,Africa,2001,327.138431972397
GNB,Guinea-Bissau,Africa,2002,362.034574570354
GNB,Guinea-Bissau,Africa,2003,419.78486611807
GNB,Guinea-Bissau,Africa,2004,431.376557669634
GNB,Guinea-Bissau,Africa,2005,463.073962650452
GNB,Guinea-Bissau,Africa,2006,448.513075469701
GNB,Guinea-Bissau,Africa,2007,519.069789794741
GNB,Guinea-Bissau,Africa,2008,640.210331101753
GNB,Guinea-Bissau,Africa,2009,583.190020139094
GNB,Guinea-Bissau,Africa,2010,600.194298540768
GNB,Guinea-Bissau,Africa,2011,719.539573498937
GNB,Guinea-Bissau,Africa,2012,635.461653303881
GNB,Guinea-Bissau,Africa,2013,654.304534409417
GNB,Guinea-Bissau,Africa,2014,652.022501029449
GNB,Guinea-Bissau,Africa,2015,645.066837207039
GNB,Guinea-Bissau,Africa,2016,679.665386626818
GNB,Guinea-Bissau,Africa,2017,783.123186602022
GNB,Guinea-Bissau,Africa,2018,808.531613218504
GNB,Guinea-Bissau,Africa,2019,811.216425885129
GNB,Guinea-Bissau,Africa,2020,846.915855715971
GNB,Guinea-Bissau,Africa,2021,926.780921081233
GNB,Guinea-Bissau,Africa,2022,883.199131457831
GNB,Guinea-Bissau,Africa,2023,988.087886357022
GNB,Guinea-Bissau,Africa,2024,1007.74151728028
GNQ,Equatorial Guinea,Africa,2000,1487.3165506701
GNQ,Equatorial Guinea,Africa,2001,1948.61145907844
GNQ,Equatorial Guinea,Africa,2002,2264.21065580365
GNQ,Equatorial Guinea,Africa,2003,2930.60183743733
GNQ,Equatorial Guinea,Africa,2004,4901.30127408119
GNQ,Equatorial Guinea,Africa,2005,8673.9026086535
GNQ,Equatorial Guinea,Africa,2006,10184.8841248541
GNQ,Equatorial Guinea,Africa,2007,12616.9532942011
GNQ,Equatorial Guinea,Africa,2008,18210.5552970599
GNQ,Equatorial Guinea,Africa,2009,13232.5019378102
GNQ,Equatorial Guinea,Africa,2010,13720.1658723222
GNQ,Equatorial Guinea,Africa,2011,17198.2136668275
GNQ,Equatorial Guinea,Africa,2012,17308.5723924575
GNQ,Equatorial Guinea,Africa,2013,16304.0713196418
GNQ,Equatorial Guinea,Africa,2014,15548.6624656619
GNQ,Equatorial Guinea,Africa,2015,9068.91003238645
GNQ,Equatorial Guinea,Africa,2016,7453.19797948517
GNQ,Equatorial Guinea,Africa,2017,7809.10465655488
GNQ,Equatorial Guinea,Africa,2018,8102.47084834031
GNQ,Equatorial Guinea,Africa,2019,6804.14923073888
GNQ,Equatorial Guinea,Africa,2020,5764.05502912947
GNQ,Equatorial Guinea,Africa,2021,6945.63069794539
GNQ,Equatorial Guinea,Africa,2022,7589.29964909381
GNQ,Equatorial Guinea,Africa,2023,6677.793435386
GNQ,Equatorial Guinea,Africa,2024,6745.40013244916
GRC,Greece,Europe,2000,11638.2010697215
GRC,Greece,Europe,2001,12156.9572824221
GRC,Greece,Europe,2002,13782.195640943
GRC,Greece,Europe,2003,18020.612039764
GRC,Greece,Europe,2004,21449.2552764245
GRC,Greece,Europe,2005,22054.1315756886
GRC,Greece,Europe,2006,24416.0232970275
GRC,Greece,Europe,2007,28440.7625328955
GRC,Greece,Europe,2008,31695.8331092209
GRC,Greece,Europe,2009,29425.4573200263
GRC,Greece,Europe,2010,26653.0488008626
GRC,Greece,Europe,2011,25504.7866510124
GRC,Greece,Europe,2012,21624.346052551
GRC,Greece,Europe,2013,21573.3449762805
GRC,Greece,Europe,2014,21474.7257123892
GRC,Greece,Europe,2015,17980.7298238137
GRC,Greece,Europe,2016,17919.2426377048
GRC,Greece,Europe,2017,18631.9930129293
GRC,Greece,Europe,2018,19873.4015238771
GRC,Greece,Europe,2019,19335.3602002969
GRC,Greece,Europe,2020,17886.733165236
GRC,Greece,Europe,2021,20654.7001960815
GRC,Greece,Europe,2022,20886.5243087629
GRC,Greece,Europe,2023,23343.7103964562
GRC,Greece,Europe,2024,24626.1481858973
GRD,Grenada,North America,2000,4839.82811114248
GRD,Grenada,North America,2001,4819.50776653843
GRD,Grenada,North America,2002,4984.47405931447
GRD,Grenada,North America,2003,5427.96377252312
GRD,Grenada,North America,2004,5480.26117644588
GRD,Grenada,North America,2005,6338.56011405358
GRD,Grenada,North America,2006,6344.0383771432
GRD,Grenada,North America,2007,6864.54816771858
GRD,Grenada,North America,2008,7448.2040563865
GRD,Grenada,North America,2009,6932.56472176781
GRD,Grenada,North America,2010,6909.60169568597
GRD,Grenada,North America,2011,6947.38136096464
GRD,Grenada,North America,2012,7092.71985352677
GRD,Grenada,North America,2013,7424.80212287327
GRD,Grenada,North America,2014,7986.33421210788
GRD,Grenada,North America,2015,8694.12438005692
GRD,Grenada,North America,2016,9221.23461079424
GRD,Grenada,North America,2017,9751.42661155932
GRD,Grenada,North America,2018,10083.021279225
GRD,Grenada,North America,2019,10462.7929159533
GRD,Grenada,North America,2020,8968.55890108484
GRD,Grenada,North America,2021,9617.28902905373
GRD,Grenada,North America,2022,10469.3867012856
GRD,Grenada,North America,2023,11414.4781691181
GRD,Grenada,North America,2024,11705.0902976658
GRL,Greenland,North America,2000,19009.0774407515
GRL,Greenland,North America,2001,19265.5191468738
GRL,Greenland,North America,2002,20657.9506323097
GRL,Greenland,North America,2003,27466.6494525504
GRL,Greenland,North America,2004,32030.9987915109
GRL,Greenland,North America,2005,32489.7277309899
GRL,Greenland,North America,2006,35457.6297578214
GRL,Greenland,North America,2007,39780.9441368721
GRL,Greenland,North America,2008,44366.7858688175
GRL,Greenland,North America,2009,44918.8413832155
GRL,Greenland,North America,2010,44277.1993400972
GRL,Greenland,North America,2011,47186.8759969388
GRL,Greenland,North America,2012,45936.9562817724
GRL,Greenland,North America,2013,47535.4883792376
GRL,Greenland,North America,2014,50485.2244135291
GRL,Greenland,North America,2015,44536.3549705377
GRL,Greenland,North America,2016,48181.7453541266
GRL,Greenland,North America,2017,50765.7494665372
GRL,Greenland,North America,2018,54545.135857765
GRL,Greenland,North America,2019,53309.2035905065
GRL,Greenland,North America,2020,54812.6661771023
GRL,Greenland,North America,2021,58135.9939910203
GRL,Greenland,North America,2022,55635.0006491223
GRL,Greenland,North America,2023,58498.9707973609
GTM,Guatemala,North America,2000,1648.96578971559
GTM,Guatemala,North America,2001,1537.68663578252
GTM,Guatemala,North America,2002,1669.33517469705
GTM,Guatemala,North America,2003,1722.54701910774
GTM,Guatemala,North America,2004,1840.91184884
GTM,Guatemala,North America,2005,2046.46611650758
GTM,Guatemala,North America,2006,2225.1234753878
GTM,Guatemala,North America,2007,2458.81573919384
GTM,Guatemala,North America,2008,2763.05988172926
GTM,Guatemala,North America,2009,2611.64632773352
GTM,Guatemala,North America,2010,2805.25960237322
GTM,Guatemala,North America,2011,3168.98370607705
GTM,Guatemala,North America,2012,3286.61959336267
GTM,Guatemala,North America,2013,3444.15802275864
GTM,Guatemala,North America,2014,3689.14510410202
GTM,Guatemala,North America,2015,3893.50533299068
GTM,Guatemala,North America,2016,4060.13784737643
GTM,Guatemala,North America,2017,4324.99768915601
GTM,Guatemala,North America,2018,4352.94593289707
GTM,Guatemala,North America,2019,4511.99839552697
GTM,Guatemala,North America,2020,4477.61785000665
GTM,Guatemala,North America,2021,4912.62240414681
GTM,Guatemala,North America,2022,5358.70156997677
GTM,Guatemala,North America,2023,5758.32760847852
GTM,Guatemala,North America,2024,6150.02571438505
GUM,Guam,Oceania,2002,20909.9590302806
GUM,Guam,Oceania,2003,21877.3178371553
GUM,Guam,Oceania,2004,23618.8266894573
GUM,Guam,Oceania,2005,25631.9776108052
GUM,Guam,Oceania,2006,25709.9351488422
GUM,Guam,Oceania,2007,26605.4324214756
GUM,Guam,Oceania,2008,28112.2316573422
GUM,Guam,Oceania,2009,29054.0581201519
GUM,Guam,Oceania,2010,29719.7967836082
GUM,Guam,Oceania,2011,29926.2052442913
GUM,Guam,Oceania,2012,31653.7506538168
GUM,Guam,Oceania,2013,32530.7593121483
GUM,Guam,Oceania,2014,33900.1486530583
GUM,Guam,Oceania,2015,35165.7014644795
GUM,Guam,Oceania,2016,35930.6594898711
GUM,Guam,Oceania,2017,36779.0078903909
GUM,Guam,Oceania,2018,37195.9503070464
GUM,Guam,Oceania,2019,39274.9431424899
GUM,Guam,Oceania,2020,36482.9363953675
GUM,Guam,Oceania,2021,38074.8793745801
GUM,Guam,Oceania,2022,41833.1517132825
GUY,Guyana,South America,2000,931.796651718955
GUY,Guyana,South America,2001,931.574723847673
GUY,Guyana,South America,2002,950.866932470993
GUY,Guyana,South America,2003,973.742598054188
GUY,Guyana,South America,2004,1033.31030902188
GUY,Guyana,South America,2005,1084.06541388904
GUY,Guyana,South America,2006,3135.60553528326
GUY,Guyana,South America,2007,3608.28685240188
GUY,Guyana,South America,2008,4008.9628671603
GUY,Guyana,South America,2009,4209.13230624565
GUY,Guyana,South America,2010,4581.76179693492
GUY,Guyana,South America,2011,4947.22170589917
GUY,Guyana,South America,2012,5444.39751913913
GUY,Guyana,South America,2013,5556.91231156932
GUY,Guyana,South America,2014,5472.68820452237
GUY,Guyana,South America,2015,5640.41560569466
GUY,Guyana,South America,2016,5870.87823759835
GUY,Guyana,South America,2017,6178.6650437298
GUY,Guyana,South America,2018,6048.38697180418
GUY,Guyana,South America,2019,6405.82443444562
GUY,Guyana,South America,2020,6775.70939096303
GUY,Guyana,South America,2021,9860.87014834386
GUY,Guyana,South America,2022,17913.4928066879
GUY,Guyana,South America,2023,20473.7002190617
GUY,Guyana,South America,2024,29675.2443873316
HKG,Hong Kong,Asia,2000,25756.7728723704
HKG,Hong Kong,Asia,2001,25230.3780910304
HKG,Hong Kong,Asia,2002,24665.8362318216
HKG,Hong Kong,Asia,2003,23977.1734120477
HKG,Hong Kong,Asia,2004,24928.1003722551
HKG,Hong Kong,Asia,2005,26649.637724155
HKG,Hong Kong,Asia,2006,28224.0951563146
HKG,Hong Kong,Asia,2007,30593.9511738646
HKG,Hong Kong,Asia,2008,31515.5292103443
HKG,Hong Kong,Asia,2009,30697.5383861641
HKG,Hong Kong,Asia,2010,32550.136489179
HKG,Hong Kong,Asia,2011,35142.4879344543
HKG,Hong Kong,Asia,2012,36730.796195815
HKG,Hong Kong,Asia,2013,38403.7777145477
HKG,Hong Kong,Asia,2014,40315.3739510191
HKG,Hong Kong,Asia,2015,42432.1619740441
HKG,Hong Kong,Asia,2016,43734.1980702999
HKG,Hong Kong,Asia,2017,46160.429791493
HKG,Hong Kong,Asia,2018,48537.5668888343
HKG,Hong Kong,Asia,2019,48359.0011950597
HKG,Hong Kong,Asia,2020,46109.2299946609
HKG,Hong Kong,Asia,2021,49770.5642374739
HKG,Hong Kong,Asia,2022,48825.8441873536
HKG,Hong Kong,Asia,2023,50562.3633144379
HKG,Hong Kong,Asia,2024,54074.6928519479
HND,Honduras,North America,2000,1092.56400746252
HND,Honduras,North America,2001,1132.1648753329
HND,Honduras,North America,2002,1132.49965345317
HND,Honduras,North America,2003,1156.08162681357
HND,Honduras,North America,2004,1215.13995412761
HND,Honduras,North America,2005,1304.70039153826
HND,Honduras,North America,2006,1425.84780051892
HND,Honduras,North America,2007,1577.73789197407
HND,Honduras,North America,2008,1732.49062702803
HND,Honduras,North America,2009,1781.15703614674
HND,Honduras,North America,2010,1893.32722662035
HND,Honduras,North America,2011,2073.66121088074
HND,Honduras,North America,2012,2126.03474686503
HND,Honduras,North America,2013,2081.12843527945
HND,Honduras,North America,2014,2179.88171977271
HND,Honduras,North America,2015,2271.20265980349
HND,Honduras,North America,2016,2307.34468351082
HND,Honduras,North America,2017,2413.0076562942
HND,Honduras,North America,2018,2464.64241531918
HND,Honduras,North America,2019,2502.32744328073
HND,Honduras,North America,2020,2307.61494319511
HND,Honduras,North America,2021,2735.14751503977
HND,Honduras,North America,2022,3003.28996826399
HND,Honduras,North America,2023,3227.45762509776
HND,Honduras,North America,2024,3426.43483328923
HRV,Croatia,Europe,2000,4953.65158789022
HRV,Croatia,Europe,2001,5364.83824691607
HRV,Croatia,Europe,2002,6219.58164143945
HRV,Croatia,Europe,2003,8190.11135193887
HRV,Croatia,Europe,2004,9718.97322801967
HRV,Croatia,Europe,2005,10443.5278353294
HRV,Croatia,Europe,2006,11501.2099669894
HRV,Croatia,Europe,2007,13755.8321073292
HRV,Croatia,Europe,2008,15888.0606949392
HRV,Croatia,Europe,2009,14474.6519774194
HRV,Croatia,Europe,2010,13729.7654965022
HRV,Croatia,Europe,2011,14691.558296292
HRV,Croatia,Europe,2012,13507.7805260991
HRV,Croatia,Europe,2013,14134.9474982889
HRV,Croatia,Europe,2014,14186.7295493276
HRV,Croatia,Europe,2015,12283.7840620053
HRV,Croatia,Europe,2016,12820.1653893008
HRV,Croatia,Europe,2017,13901.7878144679
HRV,Croatia,Europe,2018,15460.3669595491
HRV,Croatia,Europe,2019,15563.5987295029
HRV,Croatia,Europe,2020,14807.5608543265
HRV,Croatia,Europe,2021,17788.7865816658
HRV,Croatia,Europe,2022,18465.5414420364
HRV,Croatia,Europe,2023,22184.2279304842
HRV,Croatia,Europe,2024,24050.4397933135
HTI,Haiti,North America,2000,820.600046761464
HTI,Haiti,North America,2001,748.821159844528
HTI,Haiti,North America,2002,720.969568042522
HTI,Haiti,North America,2003,578.995291079709
HTI,Haiti,North America,2004,683.185298155273
HTI,Haiti,North America,2005,775.845704056916
HTI,Haiti,North America,2006,828.805700289589
HTI,Haiti,North America,2007,984.566983448521
HTI,Haiti,North America,2008,1094.66058421644
HTI,Haiti,North America,2009,1196.8528706018
HTI,Haiti,North America,2010,1209.72733503094
HTI,Haiti,North America,2011,1312.03953552013
HTI,Haiti,North America,2012,1361.39396587374
HTI,Haiti,North America,2013,1457.83221179626
HTI,Haiti,North America,2014,1460.18898613914
HTI,Haiti,North America,2015,1411.12684746796
HTI,Haiti,North America,2016,1318.40268167953
HTI,Haiti,North America,2017,1395.23945184461
HTI,Haiti,North America,2018,1496.38048970156
HTI,Haiti,North America,2019,1352.17204191532
HTI,Haiti,North America,2020,1290.32538667383
HTI,Haiti,North America,2021,1841.33189337222
HTI,Haiti,North America,2022,1760.62635668777
HTI,Haiti,North America,2023,1705.75808460999
HTI,Haiti,North America,2024,2142.62330526788
HUN,Hungary,Europe,2000,4629.91760812548
HUN,Hungary,Europe,2001,5280.94887987063
HUN,Hungary,Europe,2002,6658.04494326809
HUN,Hungary,Europe,2003,8410.09248198479
HUN,Hungary,Europe,2004,10291.2694721409
HUN,Hungary,Europe,2005,11212.2046968994
HUN,Hungary,Europe,2006,11478.4891640501
HUN,Hungary,Europe,2007,13934.605460375
HUN,Hungary,Europe,2008,15762.6322515113
HUN,Hungary,Europe,2009,13051.1831777184
HUN,Hungary,Europe,2010,13189.8433874768
HUN,Hungary,Europe,2011,14211.460557822
HUN,Hungary,Europe,2012,12950.1594488143
HUN,Hungary,Europe,2013,13739.4620151401
HUN,Hungary,Europe,2014,14352.501883174
HUN,Hungary,Europe,2015,12782.9412577973
HUN,Hungary,Europe,2016,13215.8605277789
HUN,Hungary,Europe,2017,14736.1668157258
HUN,Hungary,Europe,2018,16605.0570511887
HUN,Hungary,Europe,2019,17012.8598553199
HUN,Hungary,Europe,2020,16386.9308821258
HUN,Hungary,Europe,2021,19030.628130329
HUN,Hungary,Europe,2022,18428.028825614
HUN,Hungary,Europe,2023,22230.6277875187
HUN,Hungary,Europe,2024,23292.3263882478
IDN,Indonesia,Asia,2000,763.711124950924
IDN,Indonesia,Asia,2001,732.307093405708
IDN,Indonesia,Asia,2002,881.002913569131
IDN,Indonesia,Asia,2003,1043.2105838671
IDN,Indonesia,Asia,2004,1126.84004447173
IDN,Indonesia,Asia,2005,1238.21447629488
IDN,Indonesia,Asia,2006,1558.31562847163
IDN,Indonesia,Asia,2007,1823.21976255073
IDN,Indonesia,Asia,2008,2124.55483920618
IDN,Indonesia,Asia,2009,2218.48541852977
IDN,Indonesia,Asia,2010,3065.68348377765
IDN,Indonesia,Asia,2011,3579.46442466152
IDN,Indonesia,Asia,2012,3632.27254030331
IDN,Indonesia,Asia,2013,3566.60284506078
IDN,Indonesia,Asia,2014,3441.06808464008
IDN,Indonesia,Asia,2015,3288.22269725538
IDN,Indonesia,Asia,2016,3521.46943457574
IDN,Indonesia,Asia,2017,3798.88326174526
IDN,Indonesia,Asia,2018,3860.95353090726
IDN,Indonesia,Asia,2019,4106.94856160358
IDN,Indonesia,Asia,2020,3853.70288774146
IDN,Indonesia,Asia,2021,4287.17313995098
IDN,Indonesia,Asia,2022,4730.83484836107
IDN,Indonesia,Asia,2023,4876.30774512252
IDN,Indonesia,Asia,2024,4925.43048751861
IMN,Isle of Man,Europe,2000,21161.3963073772
IMN,Isle of Man,Europe,2001,21819.7123825606
IMN,Isle of Man,Europe,2002,24471.0798814847
IMN,Isle of Man,Europe,2003,28861.6178062918
IMN,Isle of Man,Europe,2004,35564.6023910146
IMN,Isle of Man,Europe,2005,38135.8597885858
IMN,Isle of Man,Europe,2006,42627.5089352891
IMN,Isle of Man,Europe,2007,55040.2437046236
IMN,Isle of Man,Europe,2008,72276.7741329461
IMN,Isle of Man,Europe,2009,66156.105656847
IMN,Isle of Man,Europe,2010,70587.3140283741
IMN,Isle of Man,Europe,2011,77808.8579649376
IMN,Isle of Man,Europe,2012,79329.2034347434
IMN,Isle of Man,Europe,2013,83207.6588430451
IMN,Isle of Man,Europe,2014,91885.4528718026
IMN,Isle of Man,Europe,2015,84753.5187422732
IMN,Isle of Man,Europe,2016,82025.9454509241
IMN,Isle of Man,Europe,2017,83481.3038489014
IMN,Isle of Man,Europe,2018,89393.8244248812
IMN,Isle of Man,Europe,2019,87127.5517977404
IMN,Isle of Man,Europe,2020,79513.5330346598
IMN,Isle of Man,Europe,2021,94299.969348965
IMN,Isle of Man,Europe,2022,88328.548125887
IND,India,Asia,2000,442.750218937263
IND,India,Asia,2001,450.357900514128
IND,India,Asia,2002,469.149928973927
IND,India,Asia,2003,544.143133545002
IND,India,Asia,2004,624.258826510066
IND,India,Asia,2005,710.488080408949
IND,India,Asia,2006,801.668353659022
IND,India,Asia,2007,1021.88707706826
IND,India,Asia,2008,992.519584923828
IND,India,Asia,2009,1094.94974598436
IND,India,Asia,2010,1347.51939071367
IND,India,Asia,2011,1445.46127486037
IND,India,Asia,2012,1429.32199520032
IND,India,Asia,2013,1432.84397512195
IND,India,Asia,2014,1553.88396075118
IND,India,Asia,2015,1583.99815907985
IND,India,Asia,2016,1707.50892912243
IND,India,Asia,2017,1950.10468280866
IND,India,Asia,2018,1966.25455171679
IND,India,Asia,2019,2041.42863698585
IND,India,Asia,2020,1907.04251637669
IND,India,Asia,2021,2239.61384367482
IND,India,Asia,2022,2347.44829434623
IND,India,Asia,2023,2530.12031278204
IND,India,Asia,2024,2694.73780859961
IRL,Ireland,Europe,2000,26334.5672050501
IRL,Ireland,Europe,2001,28282.409882073
IRL,Ireland,Europe,2002,32705.4345565698
IRL,Ireland,Europe,2003,41203.5295847568
IRL,Ireland,Europe,2004,47754.2023194244
IRL,Ireland,Europe,2005,50933.0216095589
IRL,Ireland,Europe,2006,54329.1618599624
IRL,Ireland,Europe,2007,61396.417461176
IRL,Ireland,Europe,2008,61353.1065629523
IRL,Ireland,Europe,2009,52133.0906162544
IRL,Ireland,Europe,2010,48623.9666422487
IRL,Ireland,Europe,2011,52613.8540355689
IRL,Ireland,Europe,2012,49335.8408099555
IRL,Ireland,Europe,2013,52537.6108648692
IRL,Ireland,Europe,2014,57214.5379785709
IRL,Ireland,Europe,2015,64250.1385181257
IRL,Ireland,Europe,2016,64129.5571542383
IRL,Ireland,Europe,2017,72161.4047531385
IRL,Ireland,Europe,2018,80804.1123164826
IRL,Ireland,Europe,2019,81827.6688873996
IRL,Ireland,Europe,2020,86514.0706108754
IRL,Ireland,Europe,2021,103783.446284479
IRL,Ireland,Europe,2022,105190.685952731
IRL,Ireland,Europe,2023,106818.917130804
IRL,Ireland,Europe,2024,112894.953240805
IRN,Iran,Asia,2000,1650.01385833785
IRN,Iran,Asia,2001,1881.02266635283
IRN,Iran,Asia,2002,1891.25756091033
IRN,Iran,Asia,2003,2208.99636552406
IRN,Iran,Asia,2004,2672.4226651404
IRN,Iran,Asia,2005,3132.0508192007
IRN,Iran,Asia,2006,3618.91601364428
IRN,Iran,Asia,2007,4687.99166260718
IRN,Iran,Asia,2008,5377.4115072957
IRN,Iran,Asia,2009,5415.52280553446
IRN,Iran,Asia,2010,6291.19443655454
IRN,Iran,Asia,2011,8025.68743364356
IRN,Iran,Asia,2012,8114.08099831877
IRN,Iran,Asia,2013,6222.74194840326
IRN,Iran,Asia,2014,5672.06372896319
IRN,Iran,Asia,2015,4952.73355532178
IRN,Iran,Asia,2016,5710.59947089104
IRN,Iran,Asia,2017,6000.93346404409
IRN,Iran,Asia,2018,4783.01067340237
IRN,Iran,Asia,2019,3997.4935449585
IRN,Iran,Asia,2020,3202.50003502169
IRN,Iran,Asia,2021,4605.14881318992
IRN,Iran,Asia,2022,4721.20437099984
IRN,Iran,Asia,2023,5049.29931642754
IRN,Iran,Asia,2024,5190.16959024821
IRQ,Iraq,Asia,2000,1980.18916038782
IRQ,Iraq,Asia,2001,1435.695683789
IRQ,Iraq,Asia,2002,1266.15961275094
IRQ,Iraq,Asia,2003,817.887862499622
IRQ,Iraq,Asia,2004,1328.37157628292
IRQ,Iraq,Asia,2005,1762.39360423421
IRQ,Iraq,Asia,2006,2276.55435744086
IRQ,Iraq,Asia,2007,3128.99010329066
IRQ,Iraq,Asia,2008,4542.96609046032
IRQ,Iraq,Asia,2009,3714.71205987194
IRQ,Iraq,Asia,2010,4461.75196161555
IRQ,Iraq,Asia,2011,5775.54229080293
IRQ,Iraq,Asia,2012,6477.59618450955
IRQ,Iraq,Asia,2013,6650.35282247395
IRQ,Iraq,Asia,2014,6249.39226978969
IRQ,Iraq,Asia,2015,4440.14189252367
IRQ,Iraq,Asia,2016,4334.42096404188
IRQ,Iraq,Asia,2017,4759.2846435467
IRQ,Iraq,Asia,2018,5646.68932074742
IRQ,Iraq,Asia,2019,5671.8568632942
IRQ,Iraq,Asia,2020,4295.18945121228
IRQ,Iraq,Asia,2021,4868.49431080783
IRQ,Iraq,Asia,2022,6520.73154560584
IRQ,Iraq,Asia,2023,5965.31835077761
IRQ,Iraq,Asia,2024,6073.61032342708
ISL,Iceland,Europe,2000,32503.578963236
ISL,Iceland,Europe,2001,29208.1981853568
ISL,Iceland,Europe,2002,32749.379004627
ISL,Iceland,Europe,2003,39944.2104095591
ISL,Iceland,Europe,2004,47809.6073050042
ISL,Iceland,Europe,2005,57783.7745608117
ISL,Iceland,Europe,2006,58172.1426656622
ISL,Iceland,Europe,2007,70483.0117228535
ISL,Iceland,Europe,2008,57489.3399795216
ISL,Iceland,Europe,2009,41483.7843682814
ISL,Iceland,Europe,2010,43776.4677400475
ISL,Iceland,Europe,2011,48254.953927254
ISL,Iceland,Europe,2012,46594.9869146614
ISL,Iceland,Europe,2013,50173.3360061057
ISL,Iceland,Europe,2014,55140.364935793
ISL,Iceland,Europe,2015,53505.6964079339
ISL,Iceland,Europe,2016,62854.0906407932
ISL,Iceland,Europe,2017,72976.3729990975
ISL,Iceland,Europe,2018,75633.8651351915
ISL,Iceland,Europe,2019,69296.3144361601
ISL,Iceland,Europe,2020,60127.9393575616
ISL,Iceland,Europe,2021,70425.4064277273
ISL,Iceland,Europe,2022,76350.4550416502
ISL,Iceland,Europe,2023,82138.7892973557
ISL,Iceland,Europe,2024,86040.5309851288
ISR,Israel,Asia,2000,21706.5194056329
ISR,Israel,Asia,2001,20966.3052667971
ISR,Israel,Asia,2002,19076.4584298321
ISR,Israel,Asia,2003,19643.4690380742
ISR,Israel,Asia,2004,20568.0694088834
ISR,Israel,Asia,2005,21286.8388636595
ISR,Israel,Asia,2006,22527.2619795719
ISR,Israel,Asia,2007,25721.2594077311
ISR,Israel,Asia,2008,30269.217773489
ISR,Israel,Asia,2009,28508.4938886475
ISR,Israel,Asia,2010,31439.0887027614
ISR,Israel,Asia,2011,34522.5215979073
ISR,Israel,Asia,2012,33321.4300881602
ISR,Israel,Asia,2013,37034.3161080785
ISR,Israel,Asia,2014,38343.3046626235
ISR,Israel,Asia,2015,36213.1041481958
ISR,Israel,Asia,2016,37671.5389138798
ISR,Israel,Asia,2017,41138.470964272
ISR,Israel,Asia,2018,42362.6652754196
ISR,Israel,Asia,2019,44250.6313628073
ISR,Israel,Asia,2020,44575.5719045492
ISR,Israel,Asia,2021,52270.9040241956
ISR,Israel,Asia,2022,54949.621556429
ISR,Israel,Asia,2023,52003.7200729997
ISR,Israel,Asia,2024,54176.6844383302
ITA,Italy,Europe,2000,20190.0035636084
ITA,Italy,Europe,2001,20570.4385917862
ITA,Italy,Europe,2002,22451.3964379368
ITA,Italy,Europe,2003,27577.5700319855
ITA,Italy,Europe,2004,31348.1901841445
ITA,Italy,Europe,2005,32062.723833669
ITA,Italy,Europe,2006,33537.1286994269
ITA,Italy,Europe,2007,37826.1754554823
ITA,Italy,Europe,2008,40828.5795580937
ITA,Italy,Europe,2009,37099.6133958219
ITA,Italy,Europe,2010,35856.8625485539
ITA,Italy,Europe,2011,38432.3742820019
ITA,Italy,Europe,2012,34854.3949441965
ITA,Italy,Europe,2013,35701.6746002376
ITA,Italy,Europe,2014,36028.3494022349
ITA,Italy,Europe,2015,30639.8829751432
ITA,Italy,Europe,2016,31391.5692898108
ITA,Italy,Europe,2017,32844.115660604
ITA,Italy,Europe,2018,34904.1081923834
ITA,Italy,Europe,2019,33812.788724868
ITA,Italy,Europe,2020,32091.4866621366
ITA,Italy,Europe,2021,36852.5425414951
ITA,Italy,Europe,2022,35653.9042103495
ITA,Italy,Europe,2023,39277.0838783918
ITA,Italy,Europe,2024,40385.3413957669
JAM,Jamaica,North America,2000,3453.09252800226
JAM,Jamaica,North America,2001,3503.55026688858
JAM,Jamaica,North America,2002,3680.64551727724
JAM,Jamaica,North America,2003,3549.70758394618
JAM,Jamaica,North America,2004,3807.56293124552
JAM,Jamaica,North America,2005,4184.43974867497
JAM,Jamaica,North America,2006,4417.00127135363
JAM,Jamaica,North America,2007,4716.48612542727
JAM,Jamaica,North America,2008,5029.80095281745
JAM,Jamaica,North America,2009,4428.38153333557
JAM,Jamaica,North America,2010,4809.977380312
JAM,Jamaica,North America,2011,5232.63644918132
JAM,Jamaica,North America,2012,5340.83333232158
JAM,Jamaica,North America,2013,5124.21301411137
JAM,Jamaica,North America,2014,4975.11325459872
JAM,Jamaica,North America,2015,5339.30718256806
JAM,Jamaica,North America,2016,5302.29553353854
JAM,Jamaica,North America,2017,5605.43541173019
JAM,Jamaica,North America,2018,5976.90362644337
JAM,Jamaica,North America,2019,6030.68896415921
JAM,Jamaica,North America,2020,5299.04530804283
JAM,Jamaica,North America,2021,5625.67806271236
JAM,Jamaica,North America,2022,6626.47502388538
JAM,Jamaica,North America,2023,7542.40084275345
JAM,Jamaica,North America,2024,7753.8006955432
JOR,Jordan,Asia,2000,1570.61002940477
JOR,Jordan,Asia,2001,1632.29454010563
JOR,Jordan,Asia,2002,1706.26744384401
JOR,Jordan,Asia,2003,1775.67625581432
JOR,Jordan,Asia,2004,1940.08641342805
JOR,Jordan,Asia,2005,2087.87079273635
JOR,Jordan,Asia,2006,2342.63459574933
JOR,Jordan,Asia,2007,2506.20599484139
JOR,Jordan,Asia,2008,3241.6524135556
JOR,Jordan,Asia,2009,3435.8337590698
JOR,Jordan,Asia,2010,3718.46571622945
JOR,Jordan,Asia,2011,3946.85503855525
JOR,Jordan,Asia,2012,4169.50470054618
JOR,Jordan,Asia,2013,4311.21916713038
JOR,Jordan,Asia,2014,4191.18050084986
JOR,Jordan,Asia,2015,4042.75678097555
JOR,Jordan,Asia,2016,3986.71677010853
JOR,Jordan,Asia,2017,4065.61628749384
JOR,Jordan,Asia,2018,4145.43989673265
JOR,Jordan,Asia,2019,4170.1144003465
JOR,Jordan,Asia,2020,4022.0401356135
JOR,Jordan,Asia,2021,4183.49998326866
JOR,Jordan,Asia,2022,4332.25159897931
JOR,Jordan,Asia,2023,4466.08314208575
JOR,Jordan,Asia,2024,4618.09592498567
JPN,Japan,Asia,2000,39169.3595701504
JPN,Japan,Asia,2001,34406.1824638092
JPN,Japan,Asia,2002,32820.7936433254
JPN,Japan,Asia,2003,35387.0374203599
JPN,Japan,Asia,2004,38298.9801712303
JPN,Japan,Asia,2005,37812.8950199948
JPN,Japan,Asia,2006,35991.546002862
JPN,Japan,Asia,2007,35779.0245416427
JPN,Japan,Asia,2008,39876.3039685725
JPN,Japan,Asia,2009,41308.9968370512
JPN,Japan,Asia,2010,44968.1562349739
JPN,Japan,Asia,2011,48760.0789494211
JPN,Japan,Asia,2012,49145.2804308193
JPN,Japan,Asia,2013,40898.6478964744
JPN,Japan,Asia,2014,38475.3952461838
JPN,Japan,Asia,2015,34960.6393843385
JPN,Japan,Asia,2016,39375.4731620781
JPN,Japan,Asia,2017,38834.0529341227
JPN,Japan,Asia,2018,39751.1330982711
JPN,Japan,Asia,2019,40415.9567649547
JPN,Japan,Asia,2020,40028.7341726762
JPN,Japan,Asia,2021,40094.5599795288
JPN,Japan,Asia,2022,34065.6438962526
JPN,Japan,Asia,2023,33836.1756271617
JPN,Japan,Asia,2024,32487.0778047567
KAZ,Kazakhstan,Asia,2000,1180.0444563226
KAZ,Kazakhstan,Asia,2001,1422.27331810957
KAZ,Kazakhstan,Asia,2002,1573.55219932325
KAZ,Kazakhstan,Asia,2003,1958.02050246511
KAZ,Kazakhstan,Asia,2004,2722.47407755402
KAZ,Kazakhstan,Asia,2005,3577.35804001782
KAZ,Kazakhstan,Asia,2006,5030.13494711519
KAZ,Kazakhstan,Asia,2007,6449.43931096532
KAZ,Kazakhstan,Asia,2008,8123.54705891736
KAZ,Kazakhstan,Asia,2009,6938.01175663001
KAZ,Kazakhstan,Asia,2010,8793.07589980782
KAZ,Kazakhstan,Asia,2011,11287.1464926039
KAZ,Kazakhstan,Asia,2012,12018.7966527993
KAZ,Kazakhstan,Asia,2013,13478.459627612
KAZ,Kazakhstan,Asia,2014,12427.7094576939
KAZ,Kazakhstan,Asia,2015,10196.1226255982
KAZ,Kazakhstan,Asia,2016,7475.56688689424
KAZ,Kazakhstan,Asia,2017,8943.08416791984
KAZ,Kazakhstan,Asia,2018,9472.48527327758
KAZ,Kazakhstan,Asia,2019,9457.12614657136
KAZ,Kazakhstan,Asia,2020,8781.50797787648
KAZ,Kazakhstan,Asia,2021,9983.60103576902
KAZ,Kazakhstan,Asia,2022,11255.3396437881
KAZ,Kazakhstan,Asia,2023,12879.4275257974
KAZ,Kazakhstan,Asia,2024,14154.6324958076
KEN,Kenya,Africa,2000,414.626365130846
KEN,Kenya,Africa,2001,410.700452474814
KEN,Kenya,Africa,2002,402.936385605382
KEN,Kenya,Africa,2003,442.898457253405
KEN,Kenya,Africa,2004,463.662781300121
KEN,Kenya,Africa,2005,523.456312433863
KEN,Kenya,Africa,2006,699.80237063381
KEN,Kenya,Africa,2007,840.201439476765
KEN,Kenya,Africa,2008,915.54435473604
KEN,Kenya,Africa,2009,1047.9678324485
KEN,Kenya,Africa,2010,1091.51873101194
KEN,Kenya,Africa,2011,1096.14499807675
KEN,Kenya,Africa,2012,1285.00536171512
KEN,Kenya,Africa,2013,1370.87885214659
KEN,Kenya,Africa,2014,1482.81566253497
KEN,Kenya,Africa,2015,1489.11959777284
KEN,Kenya,Africa,2016,1554.12610314423
KEN,Kenya,Africa,2017,1667.48447230835
KEN,Kenya,Africa,2018,1836.45275528993
KEN,Kenya,Africa,2019,1960.40808854893
KEN,Kenya,Africa,2020,1927.66459027849
KEN,Kenya,Africa,2021,2061.35622089594
KEN,Kenya,Africa,2022,2109.56288513137
KEN,Kenya,Africa,2023,1942.58802756191
KEN,Kenya,Africa,2024,2132.43452097647
KGZ,Kyrgyz Republic,Asia,2000,279.621738464365
KGZ,Kyrgyz Republic,Asia,2001,308.41129550148
KGZ,Kyrgyz Republic,Asia,2002,321.726775366804
KGZ,Kyrgyz Republic,Asia,2003,380.505828812441
KGZ,Kyrgyz Republic,Asia,2004,433.233873286
KGZ,Kyrgyz Republic,Asia,2005,476.548193640077
KGZ,Kyrgyz Republic,Asia,2006,543.113512472219
KGZ,Kyrgyz Republic,Asia,2007,721.771577544361
KGZ,Kyrgyz Republic,Asia,2008,966.388569370494
KGZ,Kyrgyz Republic,Asia,2009,870.198894546917
KGZ,Kyrgyz Republic,Asia,2010,876.954476440354
KGZ,Kyrgyz Republic,Asia,2011,1117.40174350185
KGZ,Kyrgyz Republic,Asia,2012,1168.62244675446
KGZ,Kyrgyz Republic,Asia,2013,1269.66303464348
KGZ,Kyrgyz Republic,Asia,2014,1264.52668823891
KGZ,Kyrgyz Republic,Asia,2015,1105.65193844261
KGZ,Kyrgyz Republic,Asia,2016,1103.27489428412
KGZ,Kyrgyz Republic,Asia,2017,1221.39046807082
KGZ,Kyrgyz Republic,Asia,2018,1283.5203037417
KGZ,Kyrgyz Republic,Asia,2019,1421.99927504102
KGZ,Kyrgyz Republic,Asia,2020,1229.51766602907
KGZ,Kyrgyz Republic,Asia,2021,1349.99730650542
KGZ,Kyrgyz Republic,Asia,2022,1739.72018344174
KGZ,Kyrgyz Republic,Asia,2023,2138.22210211478
KGZ,Kyrgyz Republic,Asia,2024,2420.18542283831
KHM,Cambodia,Asia,2000,296.426687526334
KHM,Cambodia,Asia,2001,327.500984314444
KHM,Cambodia,Asia,2002,350.147276634294
KHM,Cambodia,Asia,2003,386.691123931778
KHM,Cambodia,Asia,2004,444.199067529081
KHM,Cambodia,Asia,2005,525.797325120926
KHM,Cambodia,Asia,2006,612.252648550727
KHM,Cambodia,Asia,2007,731.692295125426
KHM,Cambodia,Asia,2008,866.283999789749
KHM,Cambodia,Asia,2009,875.748936193569
KHM,Cambodia,Asia,2010,952.274616324008
KHM,Cambodia,Asia,2011,1088.98152823081
KHM,Cambodia,Asia,2012,1192.80263041673
KHM,Cambodia,Asia,2013,1305.6600972686
KHM,Cambodia,Asia,2014,1431.56396469993
KHM,Cambodia,Asia,2015,1547.32010444393
KHM,Cambodia,Asia,2016,1675.19555711109
KHM,Cambodia,Asia,2017,1826.35391688754
KHM,Cambodia,Asia,2018,2036.67377566578
KHM,Cambodia,Asia,2019,2225.87705485686
KHM,Cambodia,Asia,2020,2081.73914242939
KHM,Cambodia,Asia,2021,2167.40324198499
KHM,Cambodia,Asia,2022,2325.03050040841
KHM,Cambodia,Asia,2023,2429.74853452838
KHM,Cambodia,Asia,2024,2627.87969756224
KIR,Kiribati,Oceania,2000,845.367240231973
KIR,Kiribati,Oceania,2001,718.833787096781
KIR,Kiribati,Oceania,2002,810.10870037444
KIR,Kiribati,Oceania,2003,1020.50033851394
KIR,Kiribati,Oceania,2004,1083.2688987175
KIR,Kiribati,Oceania,2005,1161.78341739977
KIR,Kiribati,Oceania,2006,1123.19258990684
KIR,Kiribati,Oceania,2007,1352.57814048911
KIR,Kiribati,Oceania,2008,1410.62246914058
KIR,Kiribati,Oceania,2009,1316.62753853678
KIR,Kiribati,Oceania,2010,1522.10068744154
KIR,Kiribati,Oceania,2011,1771.12926848792
KIR,Kiribati,Oceania,2012,1843.55336349889
KIR,Kiribati,Oceania,2013,1772.08718317132
KIR,Kiribati,Oceania,2014,1736.70535682101
KIR,Kiribati,Oceania,2015,1639.85274740652
KIR,Kiribati,Oceania,2016,1742.66799324117
KIR,Kiribati,Oceania,2017,1853.05122713319
KIR,Kiribati,Oceania,2018,1912.73809378187
KIR,Kiribati,Oceania,2019,1750.9977188915
KIR,Kiribati,Oceania,2020,1751.78249168214
KIR,Kiribati,Oceania,2021,2222.04819501897
KIR,Kiribati,Oceania,2022,2069.7671726925
KIR,Kiribati,Oceania,2023,2177.70125812262
KIR,Kiribati,Oceania,2024,2288.63471423684
KNA,Saint Kitts and Nevis,North America,2000,9319.65545093525
KNA,Saint Kitts and Nevis,North America,2001,10022.5919235637
KNA,Saint Kitts and Nevis,North America,2002,10453.6587064313
KNA,Saint Kitts and Nevis,North America,2003,10175.6295449989
KNA,Saint Kitts and Nevis,North America,2004,10944.6183741768
KNA,Saint Kitts and Nevis,North America,2005,11783.7867154145
KNA,Saint Kitts and Nevis,North America,2006,13837.8495311219
KNA,Saint Kitts and Nevis,North America,2007,14757.9579751035
KNA,Saint Kitts and Nevis,North America,2008,16604.9448615905
KNA,Saint Kitts and Nevis,North America,2009,16503.4119292794
KNA,Saint Kitts and Nevis,North America,2010,16622.9457908577
KNA,Saint Kitts and Nevis,North America,2011,17832.4572919975
KNA,Saint Kitts and Nevis,North America,2012,17532.0559008608
KNA,Saint Kitts and Nevis,North America,2013,18580.1301949935
KNA,Saint Kitts and Nevis,North America,2014,20219.3954237956
KNA,Saint Kitts and Nevis,North America,2015,20328.8003530109
KNA,Saint Kitts and Nevis,North America,2016,21387.5415511103
KNA,Saint Kitts and Nevis,North America,2017,22464.9899633959
KNA,Saint Kitts and Nevis,North America,2018,22901.3816403197
KNA,Saint Kitts and Nevis,North America,2019,23595.4923231291
KNA,Saint Kitts and Nevis,North America,2020,18859.0190361046
KNA,Saint Kitts and Nevis,North America,2021,18361.1449697886
KNA,Saint Kitts and Nevis,North America,2022,21011.5744209816
KNA,Saint Kitts and Nevis,North America,2023,22576.9248439166
KNA,Saint Kitts and Nevis,North America,2024,23960.6534357084
KOR,South Korea,Asia,2000,12710.2995795579
KOR,South Korea,Asia,2001,11981.4828218758
KOR,South Korea,Asia,2002,13642.9424537101
KOR,South Korea,Asia,2003,15211.5483770422
KOR,South Korea,Asia,2004,17121.6301633201
KOR,South Korea,Asia,2005,20167.0474902506
KOR,South Korea,Asia,2006,22609.7059431449
KOR,South Korea,Asia,2007,25078.4853957105
KOR,South Korea,Asia,2008,22252.3125108061
KOR,South Korea,Asia,2009,19937.3029137734
KOR,South Korea,Asia,2010,24071.2620526362
KOR,South Korea,Asia,2011,26175.2398553363
KOR,South Korea,Asia,2012,26600.5477433903
KOR,South Korea,Asia,2013,28449.3591104972
KOR,South Korea,Asia,2014,30667.0912467447
KOR,South Korea,Asia,2015,30171.7906545222
KOR,South Korea,Asia,2016,30832.0628072516
KOR,South Korea,Asia,2017,33296.9845439195
KOR,South Korea,Asia,2018,35363.9508228687
KOR,South Korea,Asia,2019,33826.9443301597
KOR,South Korea,Asia,2020,33645.7719545073
KOR,South Korea,Asia,2021,37518.4635305697
KOR,South Korea,Asia,2022,34822.4048404971
KOR,South Korea,Asia,2023,35674.095995632
KOR,South Korea,Asia,2024,36238.639908315
KWT,Kuwait,Asia,2000,19296.3471698729
KWT,Kuwait,Asia,2001,17374.2318664227
KWT,Kuwait,Asia,2002,18512.7523035862
KWT,Kuwait,Asia,2003,22690.655175144
KWT,Kuwait,Asia,2004,27552.2827399787
KWT,Kuwait,Asia,2005,36122.6142741227
KWT,Kuwait,Asia,2006,42946.6374104066
KWT,Kuwait,Asia,2007,45709.4132876371
KWT,Kuwait,Asia,2008,55585.1889344442
KWT,Kuwait,Asia,2009,37907.1001320042
KWT,Kuwait,Asia,2010,39212.252220155
KWT,Kuwait,Asia,2011,49169.6063813095
KWT,Kuwait,Asia,2012,52155.2225833921
KWT,Kuwait,Asia,2013,49651.0439275077
KWT,Kuwait,Asia,2014,44368.7813457751
KWT,Kuwait,Asia,2015,29882.2126495698
KWT,Kuwait,Asia,2016,27323.6890735517
KWT,Kuwait,Asia,2017,29047.6536135703
KWT,Kuwait,Asia,2018,32067.9623756889
KWT,Kuwait,Asia,2019,31707.8737443551
KWT,Kuwait,Asia,2020,25236.0755848941
KWT,Kuwait,Asia,2021,34018.6342592913
KWT,Kuwait,Asia,2022,39981.7691035833
KWT,Kuwait,Asia,2023,34075.849012909
KWT,Kuwait,Asia,2024,32717.7186631255
LAO,Laos,Asia,2000,318.749852236965
LAO,Laos,Asia,2001,320.316005439568
LAO,Laos,Asia,2002,313.350817148131
LAO,Laos,Asia,2003,355.097216151461
LAO,Laos,Asia,2004,409.296298284117
LAO,Laos,Asia,2005,466.061506997741
LAO,Laos,Asia,2006,579.391947440719
LAO,Laos,Asia,2007,697.323013673925
LAO,Laos,Asia,2008,885.747376088762
LAO,Laos,Asia,2009,935.03237283283
LAO,Laos,Asia,2010,1125.91610151261
LAO,Laos,Asia,2011,1361.54704394913
LAO,Laos,Asia,2012,1563.5650771337
LAO,Laos,Asia,2013,1812.51774424651
LAO,Laos,Asia,2014,1981.03910900473
LAO,Laos,Asia,2015,2121.01339097363
LAO,Laos,Asia,2016,2303.22156035363
LAO,Laos,Asia,2017,2432.43059478511
LAO,Laos,Asia,2018,2545.1075420815
LAO,Laos,Asia,2019,2589.32081035237
LAO,Laos,Asia,2020,2583.77730696131
LAO,Laos,Asia,2021,2526.05105018529
LAO,Laos,Asia,2022,2046.40440255621
LAO,Laos,Asia,2023,2066.94979776957
LAO,Laos,Asia,2024,2123.97909415109
LBN,Lebanon,Asia,2000,3986.83513941026
LBN,Lebanon,Asia,2001,4009.55929751102
LBN,Lebanon,Asia,2002,4290.85283803266
LBN,Lebanon,Asia,2003,4437.71588507526
LBN,Lebanon,Asia,2004,4600.68371412993
LBN,Lebanon,Asia,2005,4602.19804637945
LBN,Lebanon,Asia,2006,4635.2514117486
LBN,Lebanon,Asia,2007,5125.25809960149
LBN,Lebanon,Asia,2008,5912.04532820842
LBN,Lebanon,Asia,2009,7090.85493856621
LBN,Lebanon,Asia,2010,7625.81051551165
LBN,Lebanon,Asia,2011,7834.96257108993
LBN,Lebanon,Asia,2012,8406.98405608118
LBN,Lebanon,Asia,2013,8162.37929361396
LBN,Lebanon,Asia,2014,7577.6413302369
LBN,Lebanon,Asia,2015,7714.1099998804
LBN,Lebanon,Asia,2016,8089.012088155
LBN,Lebanon,Asia,2017,8608.21084982387
LBN,Lebanon,Asia,2018,9174.53666204759
LBN,Lebanon,Asia,2019,8905.88005497437
LBN,Lebanon,Asia,2020,5561.19166950397
LBN,Lebanon,Asia,2021,4045.37391066234
LBN,Lebanon,Asia,2022,3654.35845534878
LBN,Lebanon,Asia,2023,3477.72489842684
LBR,Liberia,Africa,2000,298.485340578945
LBR,Liberia,Africa,2001,300.463828598983
LBR,Liberia,Africa,2002,299.536445539621
LBR,Liberia,Africa,2003,239.779556677091
LBR,Liberia,Africa,2004,284.140223992458
LBR,Liberia,Africa,2005,287.487333441381
LBR,Liberia,Africa,2006,320.55808618515
LBR,Liberia,Africa,2007,374.211308104278
LBR,Liberia,Africa,2008,451.713856283285
LBR,Liberia,Africa,2009,448.386367025545
LBR,Liberia,Africa,2010,492.252808033724
LBR,Liberia,Africa,2011,568.087865520004
LBR,Liberia,Africa,2012,638.368751462083
LBR,Liberia,Africa,2013,710.744570927863
LBR,Liberia,Africa,2014,706.714490064507
LBR,Liberia,Africa,2015,692.590082351257
LBR,Liberia,Africa,2016,714.613063145659
LBR,Liberia,Africa,2017,699.269095727404
LBR,Liberia,Africa,2018,692.203127129794
LBR,Liberia,Africa,2019,658.164180770507
LBR,Liberia,Africa,2020,616.787867006715
LBR,Liberia,Africa,2021,667.96610514319
LBR,Liberia,Africa,2022,744.617175237387
LBR,Liberia,Africa,2023,799.194470229642
LBR,Liberia,Africa,2024,851.497723870206
LBY,Libyan Arab Jamahiriya,Africa,2000,7214.10040377084
LBY,Libyan Arab Jamahiriya,Africa,2001,6312.80030498965
LBY,Libyan Arab Jamahiriya,Africa,2002,3718.29434696755
LBY,Libyan Arab Jamahiriya,Africa,2003,4674.09943200321
LBY,Libyan Arab Jamahiriya,Africa,2004,5773.76333234281
LBY,Libyan Arab Jamahiriya,Africa,2005,8079.24957329001
LBY,Libyan Arab Jamahiriya,Africa,2006,10048.8480434289
LBY,Libyan Arab Jamahiriya,Africa,2007,11144.9448413435
LBY,Libyan Arab Jamahiriya,Africa,2008,13906.1407818125
LBY,Libyan Arab Jamahiriya,Africa,2009,9551.05403869755
LBY,Libyan Arab Jamahiriya,Africa,2010,11600.9068649472
LBY,Libyan Arab Jamahiriya,Africa,2011,7593.8391525702
LBY,Libyan Arab Jamahiriya,Africa,2012,14975.8902795144
LBY,Libyan Arab Jamahiriya,Africa,2013,11951.7134126011
LBY,Libyan Arab Jamahiriya,Africa,2014,8926.42074591474
LBY,Libyan Arab Jamahiriya,Africa,2015,7458.48917756374
LBY,Libyan Arab Jamahiriya,Africa,2016,7525.80299308216
LBY,Libyan Arab Jamahiriya,Africa,2017,9965.83236729757
LBY,Libyan Arab Jamahiriya,Africa,2018,11196.5854810844
LBY,Libyan Arab Jamahiriya,Africa,2019,9963.19489084483
LBY,Libyan Arab Jamahiriya,Africa,2020,6650.33810585348
LBY,Libyan Arab Jamahiriya,Africa,2021,4935.82787349801
LBY,Libyan Arab Jamahiriya,Africa,2022,5986.63694851258
LBY,Libyan Arab Jamahiriya,Africa,2023,6026.51518708812
LBY,Libyan Arab Jamahiriya,Africa,2024,6569.16408678648
LCA,Saint Lucia,North America,2000,5879.56191426207
LCA,Saint Lucia,North America,2001,5570.45247098106
LCA,Saint Lucia,North America,2002,5567.89428424719
LCA,Saint Lucia,North America,2003,6058.60622059326
LCA,Saint Lucia,North America,2004,6494.60034867886
LCA,Saint Lucia,North America,2005,6863.43641919345
LCA,Saint Lucia,North America,2006,7611.17856675319
LCA,Saint Lucia,North America,2007,7964.38211480117
LCA,Saint Lucia,North America,2008,8516.96075488787
LCA,Saint Lucia,North America,2009,8250.52180732734
LCA,Saint Lucia,North America,2010,8673.68720340529
LCA,Saint Lucia,North America,2011,9128.99442011613
LCA,Saint Lucia,North America,2012,9260.30006551714
LCA,Saint Lucia,North America,2013,9577.21733754358
LCA,Saint Lucia,North America,2014,10044.8218377677
LCA,Saint Lucia,North America,2015,10334.9860823918
LCA,Saint Lucia,North America,2016,10638.1269396653
LCA,Saint Lucia,North America,2017,11333.1123822102
LCA,Saint Lucia,North America,2018,11642.6984727769
LCA,Saint Lucia,North America,2019,11794.0597229805
LCA,Saint Lucia,North America,2020,8411.07474936367
LCA,Saint Lucia,North America,2021,10459.1321248092
LCA,Saint Lucia,North America,2022,13103.8243147472
LCA,Saint Lucia,North America,2023,13554.7684784933
LCA,Saint Lucia,North America,2024,14181.6303351598
LIE,Liechtenstein,Europe,2000,76087.911114202
LIE,Liechtenstein,Europe,2001,75067.8001680043
LIE,Liechtenstein,Europe,2002,79795.1785891101
LIE,Liechtenstein,Europe,2003,90108.3673647008
LIE,Liechtenstein,Europe,2004,100280.831356705
LIE,Liechtenstein,Europe,2005,105295.057027611
LIE,Liechtenstein,Europe,2006,114167.939211301
LIE,Liechtenstein,Europe,2007,130492.595349517
LIE,Liechtenstein,Europe,2008,143249.227302093
LIE,Liechtenstein,Europe,2009,126024.714567466
LIE,Liechtenstein,Europe,2010,141089.812849014
LIE,Liechtenstein,Europe,2011,158066.369379163
LIE,Liechtenstein,Europe,2012,148842.035144342
LIE,Liechtenstein,Europe,2013,172823.607794648
LIE,Liechtenstein,Europe,2014,178735.153020908
LIE,Liechtenstein,Europe,2015,167187.15730982
LIE,Liechtenstein,Europe,2016,165375.491396259
LIE,Liechtenstein,Europe,2017,170547.092298954
LIE,Liechtenstein,Europe,2018,174988.775083446
LIE,Liechtenstein,Europe,2019,166907.839305016
LIE,Liechtenstein,Europe,2020,164671.093553454
LIE,Liechtenstein,Europe,2021,201944.830335076
LIE,Liechtenstein,Europe,2022,188055.003235348
LIE,Liechtenstein,Europe,2023,206780.590353385
LKA,Sri Lanka,Asia,2000,860.199884304769
LKA,Sri Lanka,Asia,2001,803.544026627385
LKA,Sri Lanka,Asia,2002,834.936014905338
LKA,Sri Lanka,Asia,2003,946.382255128072
LKA,Sri Lanka,Asia,2004,1028.62068132555
LKA,Sri Lanka,Asia,2005,1207.21994764165
LKA,Sri Lanka,Asia,2006,1388.89739119932
LKA,Sri Lanka,Asia,2007,1578.63451125392
LKA,Sri Lanka,Asia,2008,1973.58476901287
LKA,Sri Lanka,Asia,2009,2026.65939950702
LKA,Sri Lanka,Asia,2010,2808.36244503709
LKA,Sri Lanka,Asia,2011,3224.95745150496
LKA,Sri Lanka,Asia,2012,3327.77613691283
LKA,Sri Lanka,Asia,2013,3739.43181100202
LKA,Sri Lanka,Asia,2014,3972.04375736464
LKA,Sri Lanka,Asia,2015,4057.7158346231
LKA,Sri Lanka,Asia,2016,4149.19190775593
LKA,Sri Lanka,Asia,2017,4398.88828068715
LKA,Sri Lanka,Asia,2018,4358.56095906047
LKA,Sri Lanka,Asia,2019,4081.94772722003
LKA,Sri Lanka,Asia,2020,3847.60137695639
LKA,Sri Lanka,Asia,2021,3996.96240014909
LKA,Sri Lanka,Asia,2022,3342.63650253855
LKA,Sri Lanka,Asia,2023,3798.89016573011
LKA,Sri Lanka,Asia,2024,4515.56787322732
LSO,Lesotho,Africa,2000,442.779545779081
LSO,Lesotho,Africa,2001,412.677473676821
LSO,Lesotho,Africa,2002,388.92334985135
LSO,Lesotho,Africa,2003,583.270036200288
LSO,Lesotho,Africa,2004,766.685820928242
LSO,Lesotho,Africa,2005,861.381496414995
LSO,Lesotho,Africa,2006,925.467485502842
LSO,Lesotho,Africa,2007,861.188420899563
LSO,Lesotho,Africa,2008,898.482517882593
LSO,Lesotho,Africa,2009,878.847950537772
LSO,Lesotho,Africa,2010,1119.47557793042
LSO,Lesotho,Africa,2011,1280.73390931581
LSO,Lesotho,Africa,2012,1217.93071228944
LSO,Lesotho,Africa,2013,1151.03735837227
LSO,Lesotho,Africa,2014,1173.5377928819
LSO,Lesotho,Africa,2015,1121.19851342518
LSO,Lesotho,Africa,2016,992.491840678465
LSO,Lesotho,Africa,2017,1069.36673247542
LSO,Lesotho,Africa,2018,1170.65569702819
LSO,Lesotho,Africa,2019,1082.05706777516
LSO,Lesotho,Africa,2020,918.582574704447
LSO,Lesotho,Africa,2021,1066.58645143823
LSO,Lesotho,Africa,2022,1030.12582947757
LSO,Lesotho,Africa,2023,916.282976983803
LSO,Lesotho,Africa,2024,971.90771824829
LTU,Lithuania,Europe,2000,3300.63634928559
LTU,Lithuania,Europe,2001,3532.52787363242
LTU,Lithuania,Europe,2002,4148.13091485015
LTU,Lithuania,Europe,2003,5507.47434187652
LTU,Lithuania,Europe,2004,6734.57487061946
LTU,Lithuania,Europe,2005,7857.03148786492
LTU,Lithuania,Europe,2006,9210.10118229413
LTU,Lithuania,Europe,2007,12295.1212779366
LTU,Lithuania,Europe,2008,14955.5345462921
LTU,Lithuania,Europe,2009,11854.3711053096
LTU,Lithuania,Europe,2010,11829.122609457
LTU,Lithuania,Europe,2011,14261.8433787325
LTU,Lithuania,Europe,2012,14288.1853493139
LTU,Lithuania,Europe,2013,15636.5252586048
LTU,Lithuania,Europe,2014,16446.1647181663
LTU,Lithuania,Europe,2015,14269.8039878287
LTU,Lithuania,Europe,2016,14934.2702840428
LTU,Lithuania,Europe,2017,16800.1510246099
LTU,Lithuania,Europe,2018,19247.2315367967
LTU,Lithuania,Europe,2019,19608.7943945553
LTU,Lithuania,Europe,2020,20428.6478157394
LTU,Lithuania,Europe,2021,23870.4594851722
LTU,Lithuania,Europe,2022,25085.784063499
LTU,Lithuania,Europe,2023,27786.0057829276
LTU,Lithuania,Europe,2024,29384.0189598663
LUX,Luxembourg,Europe,2000,48659.5988753233
LUX,Luxembourg,Europe,2001,48440.1420151355
LUX,Luxembourg,Europe,2002,53005.7339209179
LUX,Luxembourg,Europe,2003,65689.3214536911
LUX,Luxembourg,Europe,2004,76544.9170868473
LUX,Luxembourg,Europe,2005,80988.1376230858
LUX,Luxembourg,Europe,2006,90788.8004876145
LUX,Luxembourg,Europe,2007,107475.320297978
LUX,Luxembourg,Europe,2008,120422.137934157
LUX,Luxembourg,Europe,2009,109419.746953106
LUX,Luxembourg,Europe,2010,110885.991378721
LUX,Luxembourg,Europe,2011,119025.057203467
LUX,Luxembourg,Europe,2012,112584.676270958
LUX,Luxembourg,Europe,2013,120000.140729859
LUX,Luxembourg,Europe,2014,123678.702143275
LUX,Luxembourg,Europe,2015,105462.012584423
LUX,Luxembourg,Europe,2016,106899.293549552
LUX,Luxembourg,Europe,2017,110193.213797228
LUX,Luxembourg,Europe,2018,116926.759593905
LUX,Luxembourg,Europe,2019,112696.649059674
LUX,Luxembourg,Europe,2020,116860.02817236
LUX,Luxembourg,Europe,2021,134965.815442152
LUX,Luxembourg,Europe,2022,123719.658915996
LUX,Luxembourg,Europe,2023,133230.619178899
LUX,Luxembourg,Europe,2024,137781.681659123
LVA,Latvia,Europe,2000,3278.17896440803
LVA,Latvia,Europe,2001,3504.61829462397
LVA,Latvia,Europe,2002,4003.60935783538
LVA,Latvia,Europe,2003,4914.57992829302
LVA,Latvia,Europe,2004,6109.73265186817
LVA,Latvia,Europe,2005,7283.78738127622
LVA,Latvia,Europe,2006,9211.7374468148
LVA,Latvia,Europe,2007,13370.9789452508
LVA,Latvia,Europe,2008,15677.6080864506
LVA,Latvia,Europe,2009,11996.0322729773
LVA,Latvia,Europe,2010,11188.4191700977
LVA,Latvia,Europe,2011,12902.574053337
LVA,Latvia,Europe,2012,13329.3499931271
LVA,Latvia,Europe,2013,14484.4715282132
LVA,Latvia,Europe,2014,15185.814581236
LVA,Latvia,Europe,2015,13321.9753140616
LVA,Latvia,Europe,2016,13838.5266823272
LVA,Latvia,Europe,2017,15132.4958333982
LVA,Latvia,Europe,2018,17252.1710428626
LVA,Latvia,Europe,2019,17294.9751600969
LVA,Latvia,Europe,2020,17564.2321549354
LVA,Latvia,Europe,2021,20261.8887788916
LVA,Latvia,Europe,2022,20221.103686109
LVA,Latvia,Europe,2023,22710.2637544197
LVA,Latvia,Europe,2024,23409.0845154775
MAC,Macao,Asia,2000,15731.4081633771
MAC,Macao,Asia,2001,15810.7227666562
MAC,Macao,Asia,2002,16814.9926424134
MAC,Macao,Asia,2003,18589.8998330534
MAC,Macao,Asia,2004,23407.1993692194
MAC,Macao,Asia,2005,25681.2167315221
MAC,Macao,Asia,2006,29813.7877167933
MAC,Macao,Asia,2007,35400.2334659409
MAC,Macao,Asia,2008,38888.5118044503
MAC,Macao,Asia,2009,40354.2810293673
MAC,Macao,Asia,2010,52596.2250160214
MAC,Macao,Asia,2011,67046.7284292101
MAC,Macao,Asia,2012,76058.0224963659
MAC,Macao,Asia,2013,87107.8313063626
MAC,Macao,Asia,2014,88355.3181764446
MAC,Macao,Asia,2015,69902.9605741233
MAC,Macao,Asia,2016,68911.6755919628
MAC,Macao,Asia,2017,77570.9876166977
MAC,Macao,Asia,2018,83588.2875009014
MAC,Macao,Asia,2019,81882.6964523869
MAC,Macao,Asia,2020,36883.6652578543
MAC,Macao,Asia,2021,44884.8961602393
MAC,Macao,Asia,2022,36806.891255461
MAC,Macao,Asia,2023,67216.3631112124
MAC,Macao,Asia,2024,72004.7437020733
MAF,Saint Martin,North America,2011,20930.5821177758
MAF,Saint Martin,North America,2014,20638.7705882379
MAF,Saint Martin,North America,2019,19033.0649634889
MAF,Saint Martin,North America,2021,21668.3776525323
MAR,Morocco,Africa,2000,1499.107421875
MAR,Morocco,Africa,2001,1506.24523925781
MAR,Morocco,Africa,2002,1596.02062988281
MAR,Morocco,Africa,2003,1941.87255859375
MAR,Morocco,Africa,2004,2183.55541992188
MAR,Morocco,Africa,2005,2242.98828125
MAR,Morocco,Africa,2006,2438.12646484375
MAR,Morocco,Africa,2007,2755.5859375
MAR,Morocco,Africa,2008,3183.20043945313
MAR,Morocco,Africa,2009,3119.58862304688
MAR,Morocco,Africa,2010,3067.9853515625
MAR,Morocco,Africa,2011,3301.98876953125
MAR,Morocco,Africa,2012,3164.17724609375
MAR,Morocco,Africa,2013,3379.7431640625
MAR,Morocco,Africa,2014,3435.40698242188
MAR,Morocco,Africa,2015,3146.24780273438
MAR,Morocco,Africa,2016,3140.85546875
MAR,Morocco,Africa,2017,3296.52661132813
MAR,Morocco,Africa,2018,3501.69799804688
MAR,Morocco,Africa,2019,3508.09765625
MAR,Morocco,Africa,2020,3268.0302734375
MAR,Morocco,Africa,2021,3785.93627929688
MAR,Morocco,Africa,2022,3463.1376953125
MAR,Morocco,Africa,2023,3813.72607421875
MAR,Morocco,Africa,2024,4153.1943359375
MCO,Monaco,Europe,2000,81789.0206522549
MCO,Monaco,Europe,2001,82402.7809570189
MCO,Monaco,Europe,2002,90051.4459877468
MCO,Monaco,Europe,2003,111110.451312249
MCO,Monaco,Europe,2004,125160.228087598
MCO,Monaco,Europe,2005,130538.742587117
MCO,Monaco,Europe,2006,143083.461107202
MCO,Monaco,Europe,2007,184558.556593338
MCO,Monaco,Europe,2008,204263.797114294
MCO,Monaco,Europe,2009,169150.267344616
MCO,Monaco,Europe,2010,161853.920622244
MCO,Monaco,Europe,2011,179363.984221513
MCO,Monaco,Europe,2012,165444.651378771
MCO,Monaco,Europe,2013,184940.663804718
MCO,Monaco,Europe,2014,195693.570738894
MCO,Monaco,Europe,2015,170437.101188261
MCO,Monaco,Europe,2016,173604.753555915
MCO,Monaco,Europe,2017,170663.375247872
MCO,Monaco,Europe,2018,188298.315668437
MCO,Monaco,Europe,2019,193746.785647412
MCO,Monaco,Europe,2020,176891.886538492
MCO,Monaco,Europe,2021,223823.363960226
MCO,Monaco,Europe,2022,226052.001905201
MCO,Monaco,Europe,2023,256799.788612806
MCO,Monaco,Europe,2024,288001.433369041
MDA,Moldova,Europe,2000,440.538683980372
MDA,Moldova,Europe,2001,507.404076252819
MDA,Moldova,Europe,2002,570.799866188293
MDA,Moldova,Europe,2003,682.319095965299
MDA,Moldova,Europe,2004,897.178494749468
MDA,Moldova,Europe,2005,1034.39197746993
MDA,Moldova,Europe,2006,1183.02481442894
MDA,Moldova,Europe,2007,1531.21618590748
MDA,Moldova,Europe,2008,2110.55305353857
MDA,Moldova,Europe,2009,1898.43975710988
MDA,Moldova,Europe,2010,2436.79935102421
MDA,Moldova,Europe,2011,2941.36224066021
MDA,Moldova,Europe,2012,3044.8084324815
MDA,Moldova,Europe,2013,3321.04397795719
MDA,Moldova,Europe,2014,3289.95758568777
MDA,Moldova,Europe,2015,2749.55137054338
MDA,Moldova,Europe,2016,2847.08794770479
MDA,Moldova,Europe,2017,3453.26727720294
MDA,Moldova,Europe,2018,4156.44981956646
MDA,Moldova,Europe,2019,4405.33418162155
MDA,Moldova,Europe,2020,4375.7788930524
MDA,Moldova,Europe,2021,5274.60582195352
MDA,Moldova,Europe,2022,5744.29618434435
MDA,Moldova,Europe,2023,6799.58594644576
MDA,Moldova,Europe,2024,7576.19589413326
MDG,Madagascar,Africa,2000,280.282905559649
MDG,Madagascar,Africa,2001,319.283278235657
MDG,Madagascar,Africa,2002,304.941777398445
MDG,Madagascar,Africa,2003,352.620095849925
MDG,Madagascar,Africa,2004,272.20074858856
MDG,Madagascar,Africa,2005,305.812074924388
MDG,Madagascar,Africa,2006,324.146874882604
MDG,Madagascar,Africa,2007,419.548001431865
MDG,Madagascar,Africa,2008,512.579800058444
MDG,Madagascar,Africa,2009,446.315238370592
MDG,Madagascar,Africa,2010,450.009391645726
MDG,Madagascar,Africa,2011,506.163691559309
MDG,Madagascar,Africa,2012,493.511162904211
MDG,Madagascar,Africa,2013,515.301589361832
MDG,Madagascar,Africa,2014,505.684922503435
MDG,Madagascar,Africa,2015,445.320069480568
MDG,Madagascar,Africa,2016,453.970714522463
MDG,Madagascar,Africa,2017,491.866848718929
MDG,Madagascar,Africa,2018,500.45718552916
MDG,Madagascar,Africa,2019,499.818837622534
MDG,Madagascar,Africa,2020,450.771615201509
MDG,Madagascar,Africa,2021,483.469463351195
MDG,Madagascar,Africa,2022,503.51453347296
MDG,Madagascar,Africa,2023,508.718427705591
MDG,Madagascar,Africa,2024,544.987501003384
MDV,Maldives,Asia,2000,2213.81235053178
MDV,Maldives,Asia,2001,3033.93234507036
MDV,Maldives,Asia,2002,3076.07007160101
MDV,Maldives,Asia,2003,3548.5767011056
MDV,Maldives,Asia,2004,4070.2609459446
MDV,Maldives,Asia,2005,3796.51546524644
MDV,Maldives,Asia,2006,5018.94335409159
MDV,Maldives,Asia,2007,5758.10286933053
MDV,Maldives,Asia,2008,6757.43280929292
MDV,Maldives,Asia,2009,6734.03165601895
MDV,Maldives,Asia,2010,7173.59601844692
MDV,Maldives,Asia,2011,7424.520410971
MDV,Maldives,Asia,2012,7461.29703686309
MDV,Maldives,Asia,2013,8236.08177944126
MDV,Maldives,Asia,2014,8939.07416571472
MDV,Maldives,Asia,2015,9644.90655028145
MDV,Maldives,Asia,2016,9947.80744731739
MDV,Maldives,Asia,2017,10509.628805812
MDV,Maldives,Asia,2018,11423.2838427029
MDV,Maldives,Asia,2019,11740.2724029785
MDV,Maldives,Asia,2020,7393.8886543933
MDV,Maldives,Asia,2021,10176.143882547
MDV,Maldives,Asia,2022,11786.0191492983
MDV,Maldives,Asia,2023,12587.6126038651
MDV,Maldives,Asia,2024,13379.3513577224
MEX,Mexico,North America,2000,7524.0271380091
MEX,Mexico,North America,2001,7952.76479510706
MEX,Mexico,North America,2002,7983.03398381759
MEX,Mexico,North America,2003,7434.0746485155
MEX,Mexico,North America,2004,7849.66759649565
MEX,Mexico,North America,2005,8671.75891885163
MEX,Mexico,North America,2006,9512.63575346699
MEX,Mexico,North America,2007,10134.3327138119
MEX,Mexico,North America,2008,10523.7685403244
MEX,Mexico,North America,2009,8423.56933214711
MEX,Mexico,North America,2010,9728.80078377082
MEX,Mexico,North America,2011,10664.4944032313
MEX,Mexico,North America,2012,10744.1335242686
MEX,Mexico,North America,2013,11216.8008505428
MEX,Mexico,North America,2014,11391.3773497683
MEX,Mexico,North America,2015,10021.2386118827
MEX,Mexico,North America,2016,9097.92397674769
MEX,Mexico,North America,2017,9649.27816772402
MEX,Mexico,North America,2018,10084.7937562021
MEX,Mexico,North America,2019,10369.5553585271
MEX,Mexico,North America,2020,8841.27075039868
MEX,Mexico,North America,2021,10314.0506722115
MEX,Mexico,North America,2022,11405.7940473759
MEX,Mexico,North America,2023,13860.9597809326
MEX,Mexico,North America,2024,14185.7812248529
MHL,Marshall Islands,Oceania,2000,2264.79114897645
MHL,Marshall Islands,Oceania,2001,2394.34501105178
MHL,Marshall Islands,Oceania,2002,2566.06708799222
MHL,Marshall Islands,Oceania,2003,2539.3307383954
MHL,Marshall Islands,Oceania,2004,2566.08291015814
MHL,Marshall Islands,Oceania,2005,2658.65217893885
MHL,Marshall Islands,Oceania,2006,2754.26988767503
MHL,Marshall Islands,Oceania,2007,2892.28403958874
MHL,Marshall Islands,Oceania,2008,2817.60522775322
MHL,Marshall Islands,Oceania,2009,2906.63026970914
MHL,Marshall Islands,Oceania,2010,3095.45768964722
MHL,Marshall Islands,Oceania,2011,3319.39815439151
MHL,Marshall Islands,Oceania,2012,3514.26515490383
MHL,Marshall Islands,Oceania,2013,3677.90690791421
MHL,Marshall Islands,Oceania,2014,3735.23977829545
MHL,Marshall Islands,Oceania,2015,3764.34426229508
MHL,Marshall Islands,Oceania,2016,4229.80988911945
MHL,Marshall Islands,Oceania,2017,4592.83457628576
MHL,Marshall Islands,Oceania,2018,4858.12079054875
MHL,Marshall Islands,Oceania,2019,5292.33985502306
MHL,Marshall Islands,Oceania,2020,5661.96787336674
MHL,Marshall Islands,Oceania,2021,6315.31279603534
MHL,Marshall Islands,Oceania,2022,6455.66062185762
MHL,Marshall Islands,Oceania,2023,6793.24495895856
MHL,Marshall Islands,Oceania,2024,7726.33668877794
MKD,North Macedonia,Europe,2000,1861.89899780644
MKD,North Macedonia,Europe,2001,1823.02267682636
MKD,North Macedonia,Europe,2002,1989.13537265159
MKD,North Macedonia,Europe,2003,2445.36286400013
MKD,North Macedonia,Europe,2004,2818.5814561242
MKD,North Macedonia,Europe,2005,3120.98401394233
MKD,North Macedonia,Europe,2006,3440.4411057968
MKD,North Macedonia,Europe,2007,4204.11328760452
MKD,North Macedonia,Europe,2008,5026.4202989873
MKD,North Macedonia,Europe,2009,4799.78722768888
MKD,North Macedonia,Europe,2010,4833.36586759968
MKD,North Macedonia,Europe,2011,5416.86672931659
MKD,North Macedonia,Europe,2012,5049.8265386157
MKD,North Macedonia,Europe,2013,5626.26115664893
MKD,North Macedonia,Europe,2014,5925.38592218015
MKD,North Macedonia,Europe,2015,5262.68671928674
MKD,North Macedonia,Europe,2016,5598.48622617967
MKD,North Macedonia,Europe,2017,5955.2973863451
MKD,North Macedonia,Europe,2018,6713.98925398989
MKD,North Macedonia,Europe,2019,6718.85826635458
MKD,North Macedonia,Europe,2020,6659.59651070776
MKD,North Macedonia,Europe,2021,7620.80296977508
MKD,North Macedonia,Europe,2022,7606.2375253797
MKD,North Macedonia,Europe,2023,8674.35846327485
MKD,North Macedonia,Europe,2024,9291.85661671864
MLI,Mali,Africa,2000,304.652870194271
MLI,Mali,Africa,2001,346.224554251022
MLI,Mali,Africa,2002,378.191678628285
MLI,Mali,Africa,2003,441.910358475095
MLI,Mali,Africa,2004,495.006294680645
MLI,Mali,Africa,2005,548.730382842725
MLI,Mali,Africa,2006,586.985415515264
MLI,Mali,Africa,2007,670.853394973479
MLI,Mali,Africa,2008,767.19483895009
MLI,Mali,Africa,2009,787.482564287398
MLI,Mali,Africa,2010,797.151541135109
MLI,Mali,Africa,2011,938.292902583696
MLI,Mali,Africa,2012,872.506092465564
MLI,Mali,Africa,2013,901.920957644831
MLI,Mali,Africa,2014,947.915033288325
MLI,Mali,Africa,2015,838.11986940103
MLI,Mali,Africa,2016,872.468587171653
MLI,Mali,Africa,2017,924.057531692284
MLI,Mali,Africa,2018,996.379292136901
MLI,Mali,Africa,2019,971.949318638092
MLI,Mali,Africa,2020,953.242943290974
MLI,Mali,Africa,2021,1027.27345365357
MLI,Mali,Africa,2022,976.914116406452
MLI,Mali,Africa,2023,1043.9533853528
MLI,Mali,Africa,2024,1094.61949265799
MLT,Malta,Europe,2000,10348.4858902403
MLT,Malta,Europe,2001,10357.7025891731
MLT,Malta,Europe,2002,11251.2025296416
MLT,Malta,Europe,2003,13593.9787155682
MLT,Malta,Europe,2004,15212.1313438497
MLT,Malta,Europe,2005,15831.344048672
MLT,Malta,Europe,2006,16653.6036929688
MLT,Malta,Europe,2007,19444.1741958382
MLT,Malta,Europe,2008,22315.3104212988
MLT,Malta,Europe,2009,21176.3218262672
MLT,Malta,Europe,2010,21946.6069636029
MLT,Malta,Europe,2011,23516.9691234302
MLT,Malta,Europe,2012,22878.3130866521
MLT,Malta,Europe,2013,25415.5566867731
MLT,Malta,Europe,2014,27424.5765646694
MLT,Malta,Europe,2015,25529.6813337717
MLT,Malta,Europe,2016,26459.0770929988
MLT,Malta,Europe,2017,30317.2443175543
MLT,Malta,Europe,2018,33382.2677499267
MLT,Malta,Europe,2019,32421.9179752262
MLT,Malta,Europe,2020,31823.4363934505
MLT,Malta,Europe,2021,38096.8360735119
MLT,Malta,Europe,2022,35638.8869457406
MLT,Malta,Europe,2023,40905.8059585057
MLT,Malta,Europe,2024,43898.5781808597
MMR,Myanmar,Asia,2000,196.619580625284
MMR,Myanmar,Asia,2001,141.525660705722
MMR,Myanmar,Asia,2002,146.598390364449
MMR,Myanmar,Asia,2003,224.292688912409
MMR,Myanmar,Asia,2004,224.508811413327
MMR,Myanmar,Asia,2005,252.685193060728
MMR,Myanmar,Asia,2006,303.495087119254
MMR,Myanmar,Asia,2007,419.375780725042
MMR,Myanmar,Asia,2008,658.442487229705
MMR,Myanmar,Asia,2009,758.442935789255
MMR,Myanmar,Asia,2010,1010.53417343401
MMR,Myanmar,Asia,2011,1213.62898703376
MMR,Myanmar,Asia,2012,1202.6658960055
MMR,Myanmar,Asia,2013,1199.09561597055
MMR,Myanmar,Asia,2014,1293.00042319714
MMR,Myanmar,Asia,2015,1166.73305547935
MMR,Myanmar,Asia,2016,1229.19713491328
MMR,Myanmar,Asia,2017,1272.82241815234
MMR,Myanmar,Asia,2018,1298.21310327675
MMR,Myanmar,Asia,2019,1425.98954241668
MMR,Myanmar,Asia,2020,1490.21683599469
MMR,Myanmar,Asia,2021,1242.7213439951
MMR,Myanmar,Asia,2022,1158.05005055976
MMR,Myanmar,Asia,2023,1233.19666209269
MMR,Myanmar,Asia,2024,1359.05001560107
MNE,Montenegro,Europe,2000,1627.06511911987
MNE,Montenegro,Europe,2001,1909.59870186179
MNE,Montenegro,Europe,2002,2106.6350684523
MNE,Montenegro,Europe,2003,2789.15906483509
MNE,Montenegro,Europe,2004,3380.16512135859
MNE,Montenegro,Europe,2005,3674.6179242797
MNE,Montenegro,Europe,2006,4418.84951521682
MNE,Montenegro,Europe,2007,5971.84638953467
MNE,Montenegro,Europe,2008,7359.95118960869
MNE,Montenegro,Europe,2009,6700.11405052395
MNE,Montenegro,Europe,2010,6678.63930800758
MNE,Montenegro,Europe,2011,7265.51668681954
MNE,Montenegro,Europe,2012,6552.48071710904
MNE,Montenegro,Europe,2013,7102.77882895852
MNE,Montenegro,Europe,2014,7342.17339453427
MNE,Montenegro,Europe,2015,6421.00307345999
MNE,Montenegro,Europe,2016,6968.01539365317
MNE,Montenegro,Europe,2017,7674.2813940676
MNE,Montenegro,Europe,2018,8673.59128084795
MNE,Montenegro,Europe,2019,8749.02375172644
MNE,Montenegro,Europe,2020,7538.53635992191
MNE,Montenegro,Europe,2021,9317.15520065156
MNE,Montenegro,Europe,2022,10024.5435616209
MNE,Montenegro,Europe,2023,12259.8775034436
MNE,Montenegro,Europe,2024,13263.3281277699
MNG,Mongolia,Asia,2000,476.02755082717
MNG,Mongolia,Asia,2001,524.453483552485
MNG,Mongolia,Asia,2002,570.249213248399
MNG,Mongolia,Asia,2003,643.168068921658
MNG,Mongolia,Asia,2004,794.154552001815
MNG,Mongolia,Asia,2005,994.90010913241
MNG,Mongolia,Asia,2006,1329.89179579053
MNG,Mongolia,Asia,2007,1627.68787743359
MNG,Mongolia,Asia,2008,2127.42678594737
MNG,Mongolia,Asia,2009,1703.32756790019
MNG,Mongolia,Asia,2010,2625.21881402433
MNG,Mongolia,Asia,2011,3736.04201455077
MNG,Mongolia,Asia,2012,4328.89001905655
MNG,Mongolia,Asia,2013,4340.14310544449
MNG,Mongolia,Asia,2014,4126.23975800524
MNG,Mongolia,Asia,2015,3838.92126989984
MNG,Mongolia,Asia,2016,3619.90026383792
MNG,Mongolia,Asia,2017,3645.96708669551
MNG,Mongolia,Asia,2018,4107.64288528468
MNG,Mongolia,Asia,2019,4347.54610314873
MNG,Mongolia,Asia,2020,4001.25193077703
MNG,Mongolia,Asia,2021,4517.61578018785
MNG,Mongolia,Asia,2022,4993.51487463495
MNG,Mongolia,Asia,2023,5838.63108083902
MNG,Mongolia,Asia,2024,6750.6301157724
MNP,Northern Mariana Islands,Oceania,2002,19227.8894246608
MNP,Northern Mariana Islands,Oceania,2003,18938.8728389967
MNP,Northern Mariana Islands,Oceania,2004,18924.5831899653
MNP,Northern Mariana Islands,Oceania,2005,17015.7487891715
MNP,Northern Mariana Islands,Oceania,2006,16314.5578590027
MNP,Northern Mariana Islands,Oceania,2007,15914.2193040498
MNP,Northern Mariana Islands,Oceania,2008,16430.4461942257
MNP,Northern Mariana Islands,Oceania,2009,14369.6339810212
MNP,Northern Mariana Islands,Oceania,2010,14771.4037455399
MNP,Northern Mariana Islands,Oceania,2011,13598.7166094613
MNP,Northern Mariana Islands,Oceania,2012,14013.6003306158
MNP,Northern Mariana Islands,Oceania,2013,14632.8518897608
MNP,Northern Mariana Islands,Oceania,2014,15945.417608954
MNP,Northern Mariana Islands,Oceania,2015,17665.1007493109
MNP,Northern Mariana Islands,Oceania,2016,24225.474169342
MNP,Northern Mariana Islands,Oceania,2017,31225.6049960968
MNP,Northern Mariana Islands,Oceania,2018,26509.3628379893
MNP,Northern Mariana Islands,Oceania,2019,24496.6652122421
MNP,Northern Mariana Islands,Oceania,2020,18220.8382427201
MNP,Northern Mariana Islands,Oceania,2021,19455.50139424
MNP,Northern Mariana Islands,Oceania,2022,23785.754590043
MOZ,Mozambique,Africa,2000,327.12623979157
MOZ,Mozambique,Africa,2001,304.792138621913
MOZ,Mozambique,Africa,2002,313.886661721198
MOZ,Mozambique,Africa,2003,339.488737800648
MOZ,Mozambique,Africa,2004,400.056973161545
MOZ,Mozambique,Africa,2005,436.773856167384
MOZ,Mozambique,Africa,2006,457.487647833183
MOZ,Mozambique,Africa,2007,507.874923914304
MOZ,Mozambique,Africa,2008,592.159111184122
MOZ,Mozambique,Africa,2009,547.697144193651
MOZ,Mozambique,Africa,2010,496.185839392659
MOZ,Mozambique,Africa,2011,618.17649286789
MOZ,Mozambique,Africa,2012,685.685748199513
MOZ,Mozambique,Africa,2013,686.505672517351
MOZ,Mozambique,Africa,2014,697.142680444123
MOZ,Mozambique,Africa,2015,610.563774706589
MOZ,Mozambique,Africa,2016,441.489734819071
MOZ,Mozambique,Africa,2017,470.93856305196
MOZ,Mozambique,Africa,2018,517.507260258101
MOZ,Mozambique,Africa,2019,519.09255091362
MOZ,Mozambique,Africa,2020,462.433876479921
MOZ,Mozambique,Africa,2021,509.907829475551
MOZ,Mozambique,Africa,2022,578.251663751351
MOZ,Mozambique,Africa,2023,622.000297682823
MOZ,Mozambique,Africa,2024,656.776824637306
MRT,Mauritania,Africa,2000,680.911061879778
MRT,Mauritania,Africa,2001,651.817840199777
MRT,Mauritania,Africa,2002,648.879643934862
MRT,Mauritania,Africa,2003,732.017820812675
MRT,Mauritania,Africa,2004,823.554457141893
MRT,Mauritania,Africa,2005,998.96583416747
MRT,Mauritania,Africa,2006,1300.60367988659
MRT,Mauritania,Africa,2007,1405.15016203368
MRT,Mauritania,Africa,2008,1635.5630623124
MRT,Mauritania,Africa,2009,1435.43010811893
MRT,Mauritania,Africa,2010,1659.96369705455
MRT,Mauritania,Africa,2011,1931.19975525465
MRT,Mauritania,Africa,2012,1859.11733247641
MRT,Mauritania,Africa,2013,1934.24103064714
MRT,Mauritania,Africa,2014,1713.00865264234
MRT,Mauritania,Africa,2015,1554.94897871782
MRT,Mauritania,Africa,2016,1565.76575722696
MRT,Mauritania,Africa,2017,1615.00401327323
MRT,Mauritania,Africa,2018,1722.93528854073
MRT,Mauritania,Africa,2019,1767.072710621
MRT,Mauritania,Africa,2020,1795.76459566714
MRT,Mauritania,Africa,2021,1947.78918383313
MRT,Mauritania,Africa,2022,1960.35240077424
MRT,Mauritania,Africa,2023,2135.78187606359
MRT,Mauritania,Africa,2024,2110.12036938187
MUS,Mauritius,Africa,2000,3981.98343249582
MUS,Mauritius,Africa,2001,3908.55694927435
MUS,Mauritius,Africa,2002,4073.06053055903
MUS,Mauritius,Africa,2003,4858.26575549747
MUS,Mauritius,Africa,2004,5460.60800184198
MUS,Mauritius,Africa,2005,5354.02974260642
MUS,Mauritius,Africa,2006,5784.22491883026
MUS,Mauritius,Africa,2007,6677.34962448608
MUS,Mauritius,Africa,2008,8140.50808595895
MUS,Mauritius,Africa,2009,7426.88645617593
MUS,Mauritius,Africa,2010,8113.17670740212
MUS,Mauritius,Africa,2011,9324.24232310496
MUS,Mauritius,Africa,2012,9421.52514098225
MUS,Mauritius,Africa,2013,9877.13865958834
MUS,Mauritius,Africa,2014,10490.3315563853
MUS,Mauritius,Africa,2015,9630.5437837507
MUS,Mauritius,Africa,2016,10095.1225574156
MUS,Mauritius,Africa,2017,10986.7034093005
MUS,Mauritius,Africa,2018,11818.7480619272
MUS,Mauritius,Africa,2019,11568.2533399824
MUS,Mauritius,Africa,2020,9135.84773751062
MUS,Mauritius,Africa,2021,9177.71195973013
MUS,Mauritius,Africa,2022,10246.5017455553
MUS,Mauritius,Africa,2023,11269.9684462139
MUS,Mauritius,Africa,2024,11990.7798944837
MWI,Malawi,Africa,2000,224.22415918428
MWI,Malawi,Africa,2001,215.474524898357
MWI,Malawi,Africa,2002,428.210439838398
MWI,Malawi,Africa,2003,383.348596852642
MWI,Malawi,Africa,2004,404.674248445428
MWI,Malawi,Africa,2005,414.361121984475
MWI,Malawi,Africa,2006,440.822149023873
MWI,Malawi,Africa,2007,475.180261659331
MWI,Malawi,Africa,2008,554.048820396119
MWI,Malawi,Africa,2009,625.869729869625
MWI,Malawi,Africa,2010,683.124694716799
MWI,Malawi,Africa,2011,763.061000394572
MWI,Malawi,Africa,2012,558.46208832772
MWI,Malawi,Africa,2013,496.947368267313
MWI,Malawi,Africa,2014,529.5133440206
MWI,Malawi,Africa,2015,539.605363240686
MWI,Malawi,Africa,2016,450.506105510719
MWI,Malawi,Africa,2017,495.769683367165
MWI,Malawi,Africa,2018,533.202567189331
MWI,Malawi,Africa,2019,580.889139762475
MWI,Malawi,Africa,2020,602.507478176106
MWI,Malawi,Africa,2021,617.446994451007
MWI,Malawi,Africa,2022,604.269740360317
MWI,Malawi,Africa,2023,633.214767978695
MWI,Malawi,Africa,2024,522.570393642547
MYS,Malaysia,Asia,2000,4083.52874483605
MYS,Malaysia,Asia,2001,3943.79943910239
MYS,Malaysia,Asia,2002,4184.03163773539
MYS,Malaysia,Asia,2003,4465.32194567208
MYS,Malaysia,Asia,2004,4939.24851854427
MYS,Malaysia,Asia,2005,5555.58179951206
MYS,Malaysia,Asia,2006,6158.40785533236
MYS,Malaysia,Asia,2007,7168.93031942508
MYS,Malaysia,Asia,2008,8371.82156086005
MYS,Malaysia,Asia,2009,7191.43287234626
MYS,Malaysia,Asia,2010,8899.34505544675
MYS,Malaysia,Asia,2011,10217.1068585031
MYS,Malaysia,Asia,2012,10600.5744240026
MYS,Malaysia,Asia,2013,10713.6407638899
MYS,Malaysia,Asia,2014,11013.3107334403
MYS,Malaysia,Asia,2015,9648.6797937523
MYS,Malaysia,Asia,2016,9476.53409809923
MYS,Malaysia,Asia,2017,9862.54806612235
MYS,Malaysia,Asia,2018,10901.8019954421
MYS,Malaysia,Asia,2019,10920.191763972
MYS,Malaysia,Asia,2020,9957.52626697613
MYS,Malaysia,Asia,2021,10903.1037480772
MYS,Malaysia,Asia,2022,11754.5678336248
MYS,Malaysia,Asia,2023,11386.0395636528
MYS,Malaysia,Asia,2024,11874.4273684245
NAM,Namibia,Africa,2000,2156.67590512714
NAM,Namibia,Africa,2001,1915.58926594875
NAM,Namibia,Africa,2002,1772.07565537493
NAM,Namibia,Africa,2003,2569.24739317883
NAM,Namibia,Africa,2004,3403.15496192955
NAM,Namibia,Africa,2005,3685.77299991587
NAM,Namibia,Africa,2006,4017.1834716928
NAM,Namibia,Africa,2007,4379.04313682732
NAM,Namibia,Africa,2008,4204.78555422749
NAM,Namibia,Africa,2009,4302.91374148376
NAM,Namibia,Africa,2010,5418.21633365814
NAM,Namibia,Africa,2011,5834.7917675794
NAM,Namibia,Africa,2012,5942.64680978673
NAM,Namibia,Africa,2013,5346.62131149967
NAM,Namibia,Africa,2014,5378.32326241205
NAM,Namibia,Africa,2015,4774.10650865775
NAM,Namibia,Africa,2016,4395.68776162376
NAM,Namibia,Africa,2017,5143.96072323076
NAM,Namibia,Africa,2018,5308.60813408705
NAM,Namibia,Africa,2019,4731.9210318831
NAM,Namibia,Africa,2020,3878.58982993966
NAM,Namibia,Africa,2021,4412.8355693052
NAM,Namibia,Africa,2022,4349.79908493314
NAM,Namibia,Africa,2023,4187.60500396525
NAM,Namibia,Africa,2024,4413.12752211572
NCL,New Caledonia,Oceania,2000,15329.7297200058
NCL,New Caledonia,Oceania,2001,14482.3606263602
NCL,New Caledonia,Oceania,2002,16104.5520406819
NCL,New Caledonia,Oceania,2003,20768.1061488848
NCL,New Caledonia,Oceania,2004,24475.6488547037
NCL,New Caledonia,Oceania,2005,25528.2918353444
NCL,New Caledonia,Oceania,2006,28193.2537573387
NCL,New Caledonia,Oceania,2007,35177.6535261448
NCL,New Caledonia,Oceania,2008,35723.9033194947
NCL,New Caledonia,Oceania,2009,33836.494080472
NCL,New Caledonia,Oceania,2010,35798.9084757829
NCL,New Caledonia,Oceania,2011,38835.9401851385
NCL,New Caledonia,Oceania,2012,35559.5672006157
NCL,New Caledonia,Oceania,2013,36671.1566752621
NCL,New Caledonia,Oceania,2014,37816.9558599295
NCL,New Caledonia,Oceania,2015,30858.7237060533
NCL,New Caledonia,Oceania,2016,30782.8544433514
NCL,New Caledonia,Oceania,2017,32354.7102832901
NCL,New Caledonia,Oceania,2018,34902.8968780031
NCL,New Caledonia,Oceania,2019,33411.3358835672
NCL,New Caledonia,Oceania,2020,33270.330597637
NCL,New Caledonia,Oceania,2021,35311.5543551452
NCL,New Caledonia,Oceania,2022,33516.363085906
NCL,New Caledonia,Oceania,2023,33701.8923322781
NCL,New Caledonia,Oceania,2024,29213.1923192946
NER,Niger,Africa,2000,194.771959898935
NER,Niger,Africa,2001,205.417936120931
NER,Niger,Africa,2002,225.294391147438
NER,Niger,Africa,2003,265.225363452469
NER,Niger,Africa,2004,283.468281798296
NER,Niger,Africa,2005,318.643121918273
NER,Niger,Africa,2006,333.345078419447
NER,Niger,Africa,2007,387.168065883301
NER,Niger,Africa,2008,475.044955398162
NER,Niger,Africa,2009,461.131533961487
NER,Niger,Africa,2010,474.425692340831
NER,Niger,Africa,2011,510.75956176268
NER,Niger,Africa,2012,528.510104469655
NER,Niger,Africa,2013,552.103334363117
NER,Niger,Africa,2014,565.30989731175
NER,Niger,Africa,2015,485.662574175279
NER,Niger,Africa,2016,502.706475406446
NER,Niger,Africa,2017,521.804130023434
NER,Niger,Africa,2018,578.568035680892
NER,Niger,Africa,2019,561.691304349698
NER,Niger,Africa,2020,579.512495758236
NER,Niger,Africa,2021,608.722439593808
NER,Niger,Africa,2022,609.745147574878
NER,Niger,Africa,2023,638.336080897887
NER,Niger,Africa,2024,735.270255787226
NGA,Nigeria,Africa,2000,547.318298903379
NGA,Nigeria,Africa,2001,566.428231812933
NGA,Nigeria,Africa,2002,712.164852077686
NGA,Nigeria,Africa,2003,763.388745367223
NGA,Nigeria,Africa,2004,962.48104194733
NGA,Nigeria,Africa,2005,1211.37703504386
NGA,Nigeria,Africa,2006,1599.53891556365
NGA,Nigeria,Africa,2007,1815.52697545827
NGA,Nigeria,Africa,2008,2154.10543545364
NGA,Nigeria,Africa,2009,1820.48633854782
NGA,Nigeria,Africa,2010,2202.25672957344
NGA,Nigeria,Africa,2011,2418.41316975875
NGA,Nigeria,Africa,2012,2633.19734671361
NGA,Nigeria,Africa,2013,2872.79083379398
NGA,Nigeria,Africa,2014,3088.72131316169
NGA,Nigeria,Africa,2015,2585.73360671797
NGA,Nigeria,Africa,2016,2070.4127339595
NGA,Nigeria,Africa,2017,1876.34027111773
NGA,Nigeria,Africa,2018,2057.87944554011
NGA,Nigeria,Africa,2019,3189.81286498516
NGA,Nigeria,Africa,2020,2797.18458068686
NGA,Nigeria,Africa,2021,2787.48779224428
NGA,Nigeria,Africa,2022,2899.16047470324
NGA,Nigeria,Africa,2023,2138.76383719983
NGA,Nigeria,Africa,2024,1084.16041805436
NIC,Nicaragua,North America,2000,1017.3124434882
NIC,Nicaragua,North America,2001,1051.874235891
NIC,Nicaragua,North America,2002,1014.3339042591
NIC,Nicaragua,North America,2003,1021.35216668794
NIC,Nicaragua,North America,2004,1098.62118662335
NIC,Nicaragua,North America,2005,1183.30214010175
NIC,Nicaragua,North America,2006,1248.17371577788
NIC,Nicaragua,North America,2007,1350.38145753377
NIC,Nicaragua,North America,2008,1523.68437086409
NIC,Nicaragua,North America,2009,1467.08288052845
NIC,Nicaragua,North America,2010,1526.56706951408
NIC,Nicaragua,North America,2011,1679.71192084633
NIC,Nicaragua,North America,2012,1784.69836017555
NIC,Nicaragua,North America,2013,1835.43996363715
NIC,Nicaragua,North America,2014,1958.37047579547
NIC,Nicaragua,North America,2015,2074.45620634731
NIC,Nicaragua,North America,2016,2131.68704828322
NIC,Nicaragua,North America,2017,2182.61380995674
NIC,Nicaragua,North America,2018,2035.16549390507
NIC,Nicaragua,North America,2019,1958.62051528095
NIC,Nicaragua,North America,2020,1938.44704754382
NIC,Nicaragua,North America,2021,2138.38588469449
NIC,Nicaragua,North America,2022,2322.89053964583
NIC,Nicaragua,North America,2023,2609.44492072931
NIC,Nicaragua,North America,2024,2847.53966339498
NLD,Netherlands,Europe,2000,26225.1697734149
NLD,Netherlands,Europe,2001,26955.7128032278
NLD,Netherlands,Europe,2002,29446.5330872868
NLD,Netherlands,Europe,2003,35896.7504630706
NLD,Netherlands,Europe,2004,40611.3414353091
NLD,Netherlands,Europe,2005,42165.396168388
NLD,Netherlands,Europe,2006,45123.5432406426
NLD,Netherlands,Europe,2007,52100.7996285947
NLD,Netherlands,Europe,2008,58246.7026905874
NLD,Netherlands,Europe,2009,53172.0261581418
NLD,Netherlands,Europe,2010,51305.7338533973
NLD,Netherlands,Europe,2011,54701.7728030611
NLD,Netherlands,Europe,2012,50473.9442002689
NLD,Netherlands,Europe,2013,52602.2860520766
NLD,Netherlands,Europe,2014,53457.2234864322
NLD,Netherlands,Europe,2015,45793.8135434697
NLD,Netherlands,Europe,2016,46808.5291492503
NLD,Netherlands,Europe,2017,49513.6817346384
NLD,Netherlands,Europe,2018,53955.0770024266
NLD,Netherlands,Europe,2019,53554.9007491475
NLD,Netherlands,Europe,2020,53467.9277413737
NLD,Netherlands,Europe,2021,60141.9880911492
NLD,Netherlands,Europe,2022,59123.318556487
NLD,Netherlands,Europe,2023,63515.6030780019
NLD,Netherlands,Europe,2024,67520.4218956281
NOR,Norway,Europe,2000,38178.2368777076
NOR,Norway,Europe,2001,38601.897639231
NOR,Norway,Europe,2002,43170.557174499
NOR,Norway,Europe,2003,50250.3298214345
NOR,Norway,Europe,2004,57768.6980958462
NOR,Norway,Europe,2005,67047.1704558264
NOR,Norway,Europe,2006,74434.4996835671
NOR,Norway,Europe,2007,85502.2677087731
NOR,Norway,Europe,2008,97503.5407803783
NOR,Norway,Europe,2009,80347.5700665184
NOR,Norway,Europe,2010,88163.2085931423
NOR,Norway,Europe,2011,101221.813476644
NOR,Norway,Europe,2012,102175.919298374
NOR,Norway,Europe,2013,103553.840134417
NOR,Norway,Europe,2014,97666.6951838749
NOR,Norway,Europe,2015,74809.9658049898
NOR,Norway,Europe,2016,70867.3609970749
NOR,Norway,Europe,2017,76131.8384032764
NOR,Norway,Europe,2018,82792.8427113304
NOR,Norway,Europe,2019,76430.5889473338
NOR,Norway,Europe,2020,68340.0181033702
NOR,Norway,Europe,2021,93072.8925119571
NOR,Norway,Europe,2022,109269.520580298
NOR,Norway,Europe,2023,87497.2179649556
NOR,Norway,Europe,2024,86785.4334489176
NPL,Nepal,Asia,2000,223.830289183078
NPL,Nepal,Asia,2001,240.795114544664
NPL,Nepal,Asia,2002,238.89140296106
NPL,Nepal,Asia,2003,246.429706587633
NPL,Nepal,Asia,2004,279.587750044428
NPL,Nepal,Asia,2005,309.024168339372
NPL,Nepal,Asia,2006,340.431796437968
NPL,Nepal,Asia,2007,385.449767660642
NPL,Nepal,Asia,2008,464.817391891529
NPL,Nepal,Asia,2009,473.078751198621
NPL,Nepal,Asia,2010,585.278491984574
NPL,Nepal,Asia,2011,785.518656222132
NPL,Nepal,Asia,2012,788.202937148377
NPL,Nepal,Asia,2013,803.269595420477
NPL,Nepal,Asia,2014,821.455224911731
NPL,Nepal,Asia,2015,875.543635474862
NPL,Nepal,Asia,2016,877.256454696737
NPL,Nepal,Asia,2017,1034.28374906846
NPL,Nepal,Asia,2018,1179.19843190389
NPL,Nepal,Asia,2019,1203.14294706401
NPL,Nepal,Asia,2020,1154.21517578318
NPL,Nepal,Asia,2021,1252.75076731986
NPL,Nepal,Asia,2022,1385.91066274851
NPL,Nepal,Asia,2023,1382.33055769304
NPL,Nepal,Asia,2024,1447.31004458428
NRU,Nauru,Oceania,2000,2648.60152860938
NRU,Nauru,Oceania,2001,2232.30874026726
NRU,Nauru,Oceania,2002,2084.64824520971
NRU,Nauru,Oceania,2003,2463.28259078079
NRU,Nauru,Oceania,2004,3040.51349889
NRU,Nauru,Oceania,2005,2992.40382776926
NRU,Nauru,Oceania,2006,2910.14145794684
NRU,Nauru,Oceania,2007,2272.15291307045
NRU,Nauru,Oceania,2008,3756.84531228766
NRU,Nauru,Oceania,2009,4410.56764668962
NRU,Nauru,Oceania,2010,4735.92000502092
NRU,Nauru,Oceania,2011,6444.03642094634
NRU,Nauru,Oceania,2012,9842.77032731856
NRU,Nauru,Oceania,2013,8974.51886874433
NRU,Nauru,Oceania,2014,9230.05440328927
NRU,Nauru,Oceania,2015,7747.25584993607
NRU,Nauru,Oceania,2016,8748.15632605428
NRU,Nauru,Oceania,2017,9656.97976571484
NRU,Nauru,Oceania,2018,11413.7463016389
NRU,Nauru,Oceania,2019,10801.7705659635
NRU,Nauru,Oceania,2020,10709.068810538
NRU,Nauru,Oceania,2021,14979.099896799
NRU,Nauru,Oceania,2022,12911.9086441381
NRU,Nauru,Oceania,2023,12752.4723855838
NRU,Nauru,Oceania,2024,13609.158837552
NZL,New Zealand,Oceania,2000,13641.1027183822
NZL,New Zealand,Oceania,2001,13882.8568268586
NZL,New Zealand,Oceania,2002,16874.1874918196
NZL,New Zealand,Oceania,2003,21913.7081719961
NZL,New Zealand,Oceania,2004,25420.234882944
NZL,New Zealand,Oceania,2005,27751.0654708859
NZL,New Zealand,Oceania,2006,26654.5932018985
NZL,New Zealand,Oceania,2007,32479.9817381467
NZL,New Zealand,Oceania,2008,31324.7397977102
NZL,New Zealand,Oceania,2009,28276.7255416225
NZL,New Zealand,Oceania,2010,33761.9009639947
NZL,New Zealand,Oceania,2011,38431.7766788499
NZL,New Zealand,Oceania,2012,40053.6991536369
NZL,New Zealand,Oceania,2013,43000.4646849189
NZL,New Zealand,Oceania,2014,44618.266973847
NZL,New Zealand,Oceania,2015,38665.3723018158
NZL,New Zealand,Oceania,2016,40113.7195382428
NZL,New Zealand,Oceania,2017,42950.3841711138
NZL,New Zealand,Oceania,2018,43257.0769238879
NZL,New Zealand,Oceania,2019,42855.831861632
NZL,New Zealand,Oceania,2020,41997.7830324279
NZL,New Zealand,Oceania,2021,49950.4251691316
NZL,New Zealand,Oceania,2022,49099.7090423358
NZL,New Zealand,Oceania,2023,49075.9562832927
NZL,New Zealand,Oceania,2024,49205.1792146792
OMN,Oman,Asia,2000,9753.84755185404
OMN,Oman,Asia,2001,9611.96360191054
OMN,Oman,Asia,2002,9869.13050219438
OMN,Oman,Asia,2003,10463.5425832141
OMN,Oman,Asia,2004,11800.8507411171
OMN,Oman,Asia,2005,14434.8577924647
OMN,Oman,Asia,2006,16930.8565071853
OMN,Oman,Asia,2007,18792.653772482
OMN,Oman,Asia,2008,26576.779241509
OMN,Oman,Asia,2009,20655.9180249218
OMN,Oman,Asia,2010,23570.1798147325
OMN,Oman,Asia,2011,25188.0074151885
OMN,Oman,Asia,2012,24642.2978768596
OMN,Oman,Asia,2013,23458.0233840053
OMN,Oman,Asia,2014,23160.6502252547
OMN,Oman,Asia,2015,18808.3077921839
OMN,Oman,Asia,2016,17110.1897460545
OMN,Oman,Asia,2017,17820.0661809335
OMN,Oman,Asia,2018,19901.7615642016
OMN,Oman,Asia,2019,19180.1864152801
OMN,Oman,Asia,2020,16784.8630630058
OMN,Oman,Asia,2021,19403.4600160211
OMN,Oman,Asia,2022,23223.5829405935
OMN,Oman,Asia,2023,21027.7384778886
OMN,Oman,Asia,2024,20285.2272897377
PAK,Pakistan,Asia,2000,642.338346499898
PAK,Pakistan,Asia,2001,609.939506905073
PAK,Pakistan,Asia,2002,599.937345723927
PAK,Pakistan,Asia,2003,672.44178669894
PAK,Pakistan,Asia,2004,771.902247348954
PAK,Pakistan,Asia,2005,827.619861189926
PAK,Pakistan,Asia,2006,900.873564984808
PAK,Pakistan,Asia,2007,998.090114197524
PAK,Pakistan,Asia,2008,1067.04324565284
PAK,Pakistan,Asia,2009,963.788066395225
PAK,Pakistan,Asia,2010,987.304571124485
PAK,Pakistan,Asia,2011,1131.73513834324
PAK,Pakistan,Asia,2012,1204.36475491585
PAK,Pakistan,Asia,2013,1225.4340119198
PAK,Pakistan,Asia,2014,1266.61340849959
PAK,Pakistan,Asia,2015,1380.47020838317
PAK,Pakistan,Asia,2016,1424.69161195897
PAK,Pakistan,Asia,2017,1519.23459514248
PAK,Pakistan,Asia,2018,1569.33814626355
PAK,Pakistan,Asia,2019,1390.41690981745
PAK,Pakistan,Asia,2020,1278.39735206896
PAK,Pakistan,Asia,2021,1455.31922370186
PAK,Pakistan,Asia,2022,1538.3228133171
PAK,Pakistan,Asia,2023,1360.32417758419
PAK,Pakistan,Asia,2024,1478.77277977996
PAN,Panama,North America,2000,3975.09310275544
PAN,Panama,North America,2001,3991.77672094655
PAN,Panama,North America,2002,4090.58616456082
PAN,Panama,North America,2003,4264.66428949623
PAN,Panama,North America,2004,4644.56581177581
PAN,Panama,North America,2005,5017.74110414832
PAN,Panama,North America,2006,5528.76705854901
PAN,Panama,North America,2007,6317.8173051466
PAN,Panama,North America,2008,7347.59049046839
PAN,Panama,North America,2009,7796.92618363433
PAN,Panama,North America,2010,8331.46422259967
PAN,Panama,North America,2011,9662.29590911979
PAN,Panama,North America,2012,11064.8063662003
PAN,Panama,North America,2013,12273.3224983788
PAN,Panama,North America,2014,13213.1989591137
PAN,Panama,North America,2015,14082.6548434996
PAN,Panama,North America,2016,14832.3611652459
PAN,Panama,North America,2017,15694.6297518495
PAN,Panama,North America,2018,16151.3273433486
PAN,Panama,North America,2019,16477.9066268111
PAN,Panama,North America,2020,13290.5608397749
PAN,Panama,North America,2021,15509.8069124139
PAN,Panama,North America,2022,17378.6070017557
PAN,Panama,North America,2023,18797.1933994045
PAN,Panama,North America,2024,19161.2188501596
PER,Peru,South America,2000,1945.41338451698
PER,Peru,South America,2001,1929.57273038846
PER,Peru,South America,2002,2007.37019626753
PER,Peru,South America,2003,2129.44114197634
PER,Peru,South America,2004,2397.25147277714
PER,Peru,South America,2005,2706.66947297608
PER,Peru,South America,2006,3129.55996496982
PER,Peru,South America,2007,3581.0893081917
PER,Peru,South America,2008,4197.58444634142
PER,Peru,South America,2009,4181.18755462253
PER,Peru,South America,2010,5072.11494019615
PER,Peru,South America,2011,5861.35793645245
PER,Peru,South America,2012,6519.37852981527
PER,Peru,South America,2013,6746.80025696601
PER,Peru,South America,2014,6667.13410360861
PER,Peru,South America,2015,6231.71150338894
PER,Peru,South America,2016,6217.03599995447
PER,Peru,South America,2017,6736.16693725487
PER,Peru,South America,2018,6978.49121548627
PER,Peru,South America,2019,7037.00803692604
PER,Peru,South America,2020,6133.32552410183
PER,Peru,South America,2021,6826.20255614477
PER,Peru,South America,2022,7350.63034300417
PER,Peru,South America,2023,7887.54185920108
PER,Peru,South America,2024,8452.37167056621
PHL,Philippines,Asia,2000,1050.79273107952
PHL,Philippines,Asia,2001,969.530611744453
PHL,Philippines,Asia,2002,1014.90879320106
PHL,Philippines,Asia,2003,1027.2301192843
PHL,Philippines,Asia,2004,1099.63013023758
PHL,Philippines,Asia,2005,1220.46018559867
PHL,Philippines,Asia,2006,1426.14649179546
PHL,Philippines,Asia,2007,1712.65543282793
PHL,Philippines,Asia,2008,1959.29233534978
PHL,Philippines,Asia,2009,1864.45043406471
PHL,Philippines,Asia,2010,2162.91375885614
PHL,Philippines,Asia,2011,2383.91892522087
PHL,Philippines,Asia,2012,2614.61644401308
PHL,Philippines,Asia,2013,2781.27957677397
PHL,Philippines,Asia,2014,2866.83803761407
PHL,Philippines,Asia,2015,2909.85818010301
PHL,Philippines,Asia,2016,2985.19564024046
PHL,Philippines,Asia,2017,3038.12124959289
PHL,Philippines,Asia,2018,3168.51036609727
PHL,Philippines,Asia,2019,3400.78949767074
PHL,Philippines,Asia,2020,3227.57910235199
PHL,Philippines,Asia,2021,3484.38593882819
PHL,Philippines,Asia,2022,3548.06930572116
PHL,Philippines,Asia,2023,3804.08274131097
PHL,Philippines,Asia,2024,3984.8315387656
PLW,Palau,Oceania,2000,7798.07504193852
PLW,Palau,Oceania,2001,8239.26354006532
PLW,Palau,Oceania,2002,8340.18981304558
PLW,Palau,Oceania,2003,7862.3931898737
PLW,Palau,Oceania,2004,8393.73052541231
PLW,Palau,Oceania,2005,9635.28357539048
PLW,Palau,Oceania,2006,9881.65970716981
PLW,Palau,Oceania,2007,10402.5367528907
PLW,Palau,Oceania,2008,10577.501907762
PLW,Palau,Oceania,2009,10147.7741092815
PLW,Palau,Oceania,2010,10221.9163762354
PLW,Palau,Oceania,2011,10993.6038613491
PLW,Palau,Oceania,2012,12137.1732239921
PLW,Palau,Oceania,2013,12698.9240118945
PLW,Palau,Oceania,2014,13863.4544155068
PLW,Palau,Oceania,2015,16154.0532152373
PLW,Palau,Oceania,2016,17150.4759377239
PLW,Palau,Oceania,2017,16401.7847567871
PLW,Palau,Oceania,2018,16166.9671073752
PLW,Palau,Oceania,2019,15846.7968470167
PLW,Palau,Oceania,2020,14708.2119536914
PLW,Palau,Oceania,2021,13009.2481630213
PLW,Palau,Oceania,2022,13729.7602761496
PLW,Palau,Oceania,2023,15610.8231931032
PNG,Papua New Guinea,Oceania,2000,635.957919047725
PNG,Papua New Guinea,Oceania,2001,537.847459634131
PNG,Papua New Guinea,Oceania,2002,506.331789534482
PNG,Papua New Guinea,Oceania,2003,577.467922387259
PNG,Papua New Guinea,Oceania,2004,620.596147680561
PNG,Papua New Guinea,Oceania,2005,744.486489977433
PNG,Papua New Guinea,Oceania,2006,1238.18282926706
PNG,Papua New Guinea,Oceania,2007,1370.753415829
PNG,Papua New Guinea,Oceania,2008,1624.79319935188
PNG,Papua New Guinea,Oceania,2009,1568.83193368607
PNG,Papua New Guinea,Oceania,2010,1866.86889851208
PNG,Papua New Guinea,Oceania,2011,2288.37591141234
PNG,Papua New Guinea,Oceania,2012,2635.0873631547
PNG,Papua New Guinea,Oceania,2013,2560.77458976327
PNG,Papua New Guinea,Oceania,2014,2723.17529825196
PNG,Papua New Guinea,Oceania,2015,2484.5963398603
PNG,Papua New Guinea,Oceania,2016,2316.39479758492
PNG,Papua New Guinea,Oceania,2017,2477.76530986323
PNG,Papua New Guinea,Oceania,2018,2566.36833735041
PNG,Papua New Guinea,Oceania,2019,2575.77274140393
PNG,Papua New Guinea,Oceania,2020,2429.61134585269
PNG,Papua New Guinea,Oceania,2021,2607.57861874444
PNG,Papua New Guinea,Oceania,2022,3102.28968594061
PNG,Papua New Guinea,Oceania,2023,2966.06830432055
PNG,Papua New Guinea,Oceania,2024,3006.70564478923
POL,Poland,Europe,2000,4520.64100449111
POL,Poland,Europe,2001,5015.23790036613
POL,Poland,Europe,2002,5223.45178967082
POL,Poland,Europe,2003,5720.81366178104
POL,Poland,Europe,2004,6711.72715262967
POL,Poland,Europe,2005,8043.92332253757
POL,Poland,Europe,2006,9068.85528307627
POL,Poland,Europe,2007,11272.5293683383
POL,Poland,Europe,2008,14048.5604672654
POL,Poland,Europe,2009,11556.3026866026
POL,Poland,Europe,2010,12567.7317676382
POL,Poland,Europe,2011,13867.6669408192
POL,Poland,Europe,2012,13087.420943321
POL,Poland,Europe,2013,13621.9023794031
POL,Poland,Europe,2014,14262.2841914116
POL,Poland,Europe,2015,12637.5220324406
POL,Poland,Europe,2016,12464.0110508476
POL,Poland,Europe,2017,13913.3402919927
POL,Poland,Europe,2018,15658.2120316794
POL,Poland,Europe,2019,15874.5220531254
POL,Poland,Europe,2020,16150.9304813473
POL,Poland,Europe,2021,18635.5104895754
POL,Poland,Europe,2022,18891.2121169279
POL,Poland,Europe,2023,22145.2660647429
POL,Poland,Europe,2024,25103.565661423
PRI,Puerto Rico,North America,2000,16192.1269719638
PRI,Puerto Rico,North America,2001,18123.1987019918
PRI,Puerto Rico,North America,2002,18731.4593897378
PRI,Puerto Rico,North America,2003,19557.1202492358
PRI,Puerto Rico,North America,2004,20988.9923326534
PRI,Puerto Rico,North America,2005,21959.322696986
PRI,Puerto Rico,North America,2006,22935.9411586313
PRI,Puerto Rico,North America,2007,23664.8823485096
PRI,Puerto Rico,North America,2008,24898.3345857045
PRI,Puerto Rico,North America,2009,25768.7258883384
PRI,Puerto Rico,North America,2010,26414.8810634548
PRI,Puerto Rico,North America,2011,27170.0766543278
PRI,Puerto Rico,North America,2012,27742.024476618
PRI,Puerto Rico,North America,2013,28212.0499737431
PRI,Puerto Rico,North America,2014,28576.0988023209
PRI,Puerto Rico,North America,2015,29242.041465085
PRI,Puerto Rico,North America,2016,29978.0889268918
PRI,Puerto Rico,North America,2017,30328.479490518
PRI,Puerto Rico,North America,2018,30679.9181934488
PRI,Puerto Rico,North America,2019,31830.5284993358
PRI,Puerto Rico,North America,2020,31427.1130762831
PRI,Puerto Rico,North America,2021,32619.0704601174
PRI,Puerto Rico,North America,2022,35353.6821570014
PRI,Puerto Rico,North America,2023,36980.7884784287
PRI,Puerto Rico,North America,2024,39343.7154660139
PRT,Portugal,Europe,2000,11526.3720667968
PRT,Portugal,Europe,2001,11734.7649743954
PRT,Portugal,Europe,2002,12936.6928204482
PRT,Portugal,Europe,2003,15797.7821340276
PRT,Portugal,Europe,2004,18064.1580932987
PRT,Portugal,Europe,2005,18780.12751241
PRT,Portugal,Europe,2006,19839.4540499032
PRT,Portugal,Europe,2007,22811.0564844365
PRT,Portugal,Europe,2008,24949.0413566739
PRT,Portugal,Europe,2009,23151.2154130712
PRT,Portugal,Europe,2010,22551.935098809
PRT,Portugal,Europe,2011,23246.5425416481
PRT,Portugal,Europe,2012,20593.4274224109
PRT,Portugal,Europe,2013,21676.4859642714
PRT,Portugal,Europe,2014,22120.6850127107
PRT,Portugal,Europe,2015,19215.7813014347
PRT,Portugal,Europe,2016,19980.2808866516
PRT,Portugal,Europe,2017,21442.3842768879
PRT,Portugal,Europe,2018,23541.1401075289
PRT,Portugal,Europe,2019,23343.3628970034
PRT,Portugal,Europe,2020,22299.4044062173
PRT,Portugal,Europe,2021,24711.4510062111
PRT,Portugal,Europe,2022,24620.5197587181
PRT,Portugal,Europe,2023,27634.6183139773
PRT,Portugal,Europe,2024,29292.242104753
PRY,Paraguay,South America,2000,1736.11729210765
PRY,Paraguay,South America,2001,1637.68615122932
PRY,Paraguay,South America,2002,1367.76506935997
PRY,Paraguay,South America,2003,1443.99885236205
PRY,Paraguay,South America,2004,1786.21533938543
PRY,Paraguay,South America,2005,1970.87169852378
PRY,Paraguay,South America,2006,2439.43124694576
PRY,Paraguay,South America,2007,3211.93621659546
PRY,Paraguay,South America,2008,4384.95469437803
PRY,Paraguay,South America,2009,3941.84815479431
PRY,Paraguay,South America,2010,4750.96273669458
PRY,Paraguay,South America,2011,5805.40154542925
PRY,Paraguay,South America,2012,5642.16991672846
PRY,Paraguay,South America,2013,6435.68342733004
PRY,Paraguay,South America,2014,6652.25478942461
PRY,Paraguay,South America,2015,5879.33792308762
PRY,Paraguay,South America,2016,5775.15963399596
PRY,Paraguay,South America,2017,6152.2671153779
PRY,Paraguay,South America,2018,6258.44991640984
PRY,Paraguay,South America,2019,5821.18199548738
PRY,Paraguay,South America,2020,5365.47220721104
PRY,Paraguay,South America,2021,5976.93179789949
PRY,Paraguay,South America,2022,6205.62595379319
PRY,Paraguay,South America,2023,6299.99026533713
PRY,Paraguay,South America,2024,6416.09708970845
PSE,Palestinian Territory,Asia,2000,1476.17185000238
PSE,Palestinian Territory,Asia,2001,1335.55319529359
PSE,Palestinian Territory,Asia,2002,1156.21747345769
PSE,Palestinian Territory,Asia,2003,1257.69857009689
PSE,Palestinian Territory,Asia,2004,1422.19088643544
PSE,Palestinian Territory,Asia,2005,1543.70141392774
PSE,Palestinian Territory,Asia,2006,1570.10439962728
PSE,Palestinian Territory,Asia,2007,1664.24571669276
PSE,Palestinian Territory,Asia,2008,2035.20234121766
PSE,Palestinian Territory,Asia,2009,2191.78178736868
PSE,Palestinian Territory,Asia,2010,2557.07562356699
PSE,Palestinian Territory,Asia,2011,2880.79843707909
PSE,Palestinian Territory,Asia,2012,3067.43872735614
PSE,Palestinian Territory,Asia,2013,3315.29753909282
PSE,Palestinian Territory,Asia,2014,3352.11259506043
PSE,Palestinian Territory,Asia,2015,3272.15432360708
PSE,Palestinian Territory,Asia,2016,3527.61382413178
PSE,Palestinian Territory,Asia,2017,3620.36048715937
PSE,Palestinian Territory,Asia,2018,3562.33094270256
PSE,Palestinian Territory,Asia,2019,3656.85827137011
PSE,Palestinian Territory,Asia,2020,3233.56863835858
PSE,Palestinian Territory,Asia,2021,3678.63565662194
PSE,Palestinian Territory,Asia,2022,3799.95527015163
PSE,Palestinian Territory,Asia,2023,3455.02852911712
PSE,Palestinian Territory,Asia,2024,2592.30591217647
PYF,French Polynesia,Oceania,2000,14978.324104668
PYF,French Polynesia,Oceania,2001,14640.9360062298
PYF,French Polynesia,Oceania,2002,16004.0583292112
PYF,French Polynesia,Oceania,2003,19582.8936395312
PYF,French Polynesia,Oceania,2004,21764.2203208782
PYF,French Polynesia,Oceania,2005,21984.1936230719
PYF,French Polynesia,Oceania,2006,22330.8676659055
PYF,French Polynesia,Oceania,2007,24888.1781337361
PYF,French Polynesia,Oceania,2008,26592.0262835732
PYF,French Polynesia,Oceania,2009,24434.2197555208
PYF,French Polynesia,Oceania,2010,22494.806706186
PYF,French Polynesia,Oceania,2011,22831.5185348524
PYF,French Polynesia,Oceania,2012,20846.5457478364
PYF,French Polynesia,Oceania,2013,21955.6329264095
PYF,French Polynesia,Oceania,2014,22258.6321384251
PYF,French Polynesia,Oceania,2015,19166.9594761931
PYF,French Polynesia,Oceania,2016,19690.0775734589
PYF,French Polynesia,Oceania,2017,20826.9312492172
PYF,French Polynesia,Oceania,2018,21925.616043938
PYF,French Polynesia,Oceania,2019,21582.5892046801
PYF,French Polynesia,Oceania,2020,19966.4838503859
PYF,French Polynesia,Oceania,2021,21426.3854449835
PYF,French Polynesia,Oceania,2022,20053.9569369322
PYF,French Polynesia,Oceania,2023,21832.2831795569
PYF,French Polynesia,Oceania,2024,22439.8838746025
QAT,Qatar,Asia,2000,27535.182940934
QAT,Qatar,Asia,2001,25870.7991864314
QAT,Qatar,Asia,2002,27226.6593510117
QAT,Qatar,Asia,2003,31602.470865136
QAT,Qatar,Asia,2004,41035.5008380177
QAT,Qatar,Asia,2005,53949.6764091147
QAT,Qatar,Asia,2006,62582.4453138755
QAT,Qatar,Asia,2007,65954.3419525051
QAT,Qatar,Asia,2008,80781.4039187792
QAT,Qatar,Asia,2009,60785.7351551657
QAT,Qatar,Asia,2010,76462.6119486736
QAT,Qatar,Asia,2011,103261.510293068
QAT,Qatar,Asia,2012,108470.387023229
QAT,Qatar,Asia,2013,103697.062789144
QAT,Qatar,Asia,2014,95840.6898934238
QAT,Qatar,Asia,2015,68985.2433380102
QAT,Qatar,Asia,2016,61253.6217997091
QAT,Qatar,Asia,2017,63279.8767486216
QAT,Qatar,Asia,2018,71039.9308240078
QAT,Qatar,Asia,2019,66841.3623185691
QAT,Qatar,Asia,2020,51683.5681078949
QAT,Qatar,Asia,2021,71751.9363398856
QAT,Qatar,Asia,2022,88701.4689763536
QAT,Qatar,Asia,2023,81816.9797967481
QAT,Qatar,Asia,2024,76688.6941743178
ROU,Romania,Europe,2000,1659.92904910528
ROU,Romania,Europe,2001,1825.19299373184
ROU,Romania,Europe,2002,2119.85509684554
ROU,Romania,Europe,2003,2679.40626016154
ROU,Romania,Europe,2004,3494.99056448955
ROU,Romania,Europe,2005,4618.00350802913
ROU,Romania,Europe,2006,5757.53127301178
ROU,Romania,Europe,2007,8360.33775916596
ROU,Romania,Europe,2008,10435.1561230787
ROU,Romania,Europe,2009,8548.4543409242
ROU,Romania,Europe,2010,8399.5374234284
ROU,Romania,Europe,2011,9560.6755277458
ROU,Romania,Europe,2012,8929.95366231474
ROU,Romania,Europe,2013,9497.67411615237
ROU,Romania,Europe,2014,10031.7710755404
ROU,Romania,Europe,2015,8977.01748158196
ROU,Romania,Europe,2016,9404.54005870715
ROU,Romania,Europe,2017,10727.9822007426
ROU,Romania,Europe,2018,12416.134317959
ROU,Romania,Europe,2019,12909.6104013244
ROU,Romania,Europe,2020,13009.1770573223
ROU,Romania,Europe,2021,14907.9803652143
ROU,Romania,Europe,2022,15503.551804598
ROU,Romania,Europe,2023,18244.4186876321
ROU,Romania,Europe,2024,20080.2096215595
RUS,Russia,Asia,2000,1771.59411621094
RUS,Russia,Asia,2001,2100.3525390625
RUS,Russia,Asia,2002,2377.52954101563
RUS,Russia,Asia,2003,2975.123046875
RUS,Russia,Asia,2004,4102.36474609375
RUS,Russia,Asia,2005,5323.455078125
RUS,Russia,Asia,2006,6920.19970703125
RUS,Russia,Asia,2007,9101.2392578125
RUS,Russia,Asia,2008,11635.2841796875
RUS,Russia,Asia,2009,8562.82421875
RUS,Russia,Asia,2010,10674.990234375
RUS,Russia,Asia,2011,14305.33203125
RUS,Russia,Asia,2012,15401.8515625
RUS,Russia,Asia,2013,15941.4482421875
RUS,Russia,Asia,2014,14055.47265625
RUS,Russia,Asia,2015,9277.7138671875
RUS,Russia,Asia,2016,8663.158203125
RUS,Russia,Asia,2017,10658.9130859375
RUS,Russia,Asia,2018,11211.8876953125
RUS,Russia,Asia,2019,11447.701171875
RUS,Russia,Asia,2020,10108.3271484375
RUS,Russia,Asia,2021,12425.029296875
RUS,Russia,Asia,2022,15619.6142578125
RUS,Russia,Asia,2023,14159.3876953125
RUS,Russia,Asia,2024,14889.0185546875
RWA,Rwanda,Africa,2000,251.86926386091
RWA,Rwanda,Africa,2001,237.308846200901
RWA,Rwanda,Africa,2002,234.043016755733
RWA,Rwanda,Africa,2003,249.012274982252
RWA,Rwanda,Africa,2004,269.540446333402
RWA,Rwanda,Africa,2005,324.016863847189
RWA,Rwanda,Africa,2006,356.995022901154
RWA,Rwanda,Africa,2007,426.234183487629
RWA,Rwanda,Africa,2008,528.326391755502
RWA,Rwanda,Africa,2009,564.039095842449
RWA,Rwanda,Africa,2010,593.624927744346
RWA,Rwanda,Africa,2011,651.133677964662
RWA,Rwanda,Africa,2012,706.817269168561
RWA,Rwanda,Africa,2013,704.92421851123
RWA,Rwanda,Africa,2014,724.957526520906
RWA,Rwanda,Africa,2015,733.998629882494
RWA,Rwanda,Africa,2016,729.519133812945
RWA,Rwanda,Africa,2017,758.300966509647
RWA,Rwanda,Africa,2018,771.773511207309
RWA,Rwanda,Africa,2019,810.051412137354
RWA,Rwanda,Africa,2020,778.701498925026
RWA,Rwanda,Africa,2021,829.544845263697
RWA,Rwanda,Africa,2022,975.469323735369
RWA,Rwanda,Africa,2023,1027.03446826565
RWA,Rwanda,Africa,2024,999.65456165547
SAU,Saudi Arabia,Asia,2000,11714.5623675159
SAU,Saudi Arabia,Asia,2001,10805.311325122
SAU,Saudi Arabia,Asia,2002,10586.0543471363
SAU,Saudi Arabia,Asia,2003,11487.220410693
SAU,Saudi Arabia,Asia,2004,13154.4978989446
SAU,Saudi Arabia,Asia,2005,15975.7473782258
SAU,Saudi Arabia,Asia,2006,17563.6145370639
SAU,Saudi Arabia,Asia,2007,18596.1502627898
SAU,Saudi Arabia,Asia,2008,22320.4888964331
SAU,Saudi Arabia,Asia,2009,17718.3911648365
SAU,Saudi Arabia,Asia,2010,22028.3901426586
SAU,Saudi Arabia,Asia,2011,27126.7498747702
SAU,Saudi Arabia,Asia,2012,28733.4375513452
SAU,Saudi Arabia,Asia,2013,27865.465604962
SAU,Saudi Arabia,Asia,2014,27805.4850319422
SAU,Saudi Arabia,Asia,2015,23256.1549553531
SAU,Saudi Arabia,Asia,2016,22267.7217050387
SAU,Saudi Arabia,Asia,2017,23929.2907135982
SAU,Saudi Arabia,Asia,2018,29360.0658968566
SAU,Saudi Arabia,Asia,2019,29566.7933827436
SAU,Saudi Arabia,Asia,2020,24338.8307301067
SAU,Saudi Arabia,Asia,2021,31920.7653655643
SAU,Saudi Arabia,Asia,2022,38510.2276211037
SAU,Saudi Arabia,Asia,2023,36156.848337701
SAU,Saudi Arabia,Asia,2024,35121.6628687742
SDN,Sudan,Africa,2000,362.116882324219
SDN,Sudan,Africa,2001,451.293304443359
SDN,Sudan,Africa,2002,506.262634277344
SDN,Sudan,Africa,2003,580.320251464844
SDN,Sudan,Africa,2004,705.113342285156
SDN,Sudan,Africa,2005,905.543640136719
SDN,Sudan,Africa,2006,1132.474609375
SDN,Sudan,Africa,2007,1444.37219238281
SDN,Sudan,Africa,2008,1527.58239746094
SDN,Sudan,Africa,2009,1178.22180175781
SDN,Sudan,Africa,2010,1305.63598632813
SDN,Sudan,Africa,2011,1332.6572265625
SDN,Sudan,Africa,2012,1019.22210693359
SDN,Sudan,Africa,2013,1138.62780761719
SDN,Sudan,Africa,2014,1275.43835449219
SDN,Sudan,Africa,2015,1292.37963867188
SDN,Sudan,Africa,2016,1033.21594238281
SDN,Sudan,Africa,2017,966.505676269531
SDN,Sudan,Africa,2018,731.027465820313
SDN,Sudan,Africa,2019,709.975280761719
SDN,Sudan,Africa,2020,577.795227050781
SDN,Sudan,Africa,2021,712.122009277344
SDN,Sudan,Africa,2022,1046.24084472656
SDN,Sudan,Africa,2023,797.283447265625
SDN,Sudan,Africa,2024,984.607666015625
SEN,Senegal,Africa,2000,603.233162455158
SEN,Senegal,Africa,2001,637.213530563724
SEN,Senegal,Africa,2002,669.430447319209
SEN,Senegal,Africa,2003,817.888034221442
SEN,Senegal,Africa,2004,918.102079522155
SEN,Senegal,Africa,2005,979.846101520171
SEN,Senegal,Africa,2006,1017.20196747987
SEN,Senegal,Africa,2007,1188.93877808175
SEN,Senegal,Africa,2008,1398.79218010021
SEN,Senegal,Africa,2009,1308.69404336205
SEN,Senegal,Africa,2010,1275.88357492357
SEN,Senegal,Africa,2011,1374.67591873844
SEN,Senegal,Africa,2012,1326.83798848379
SEN,Senegal,Africa,2013,1379.83196553924
SEN,Senegal,Africa,2014,1398.89137601382
SEN,Senegal,Africa,2015,1218.00613555438
SEN,Senegal,Africa,2016,1266.43957151587
SEN,Senegal,Africa,2017,1356.80518449031
SEN,Senegal,Africa,2018,1452.55612562445
SEN,Senegal,Africa,2019,1431.18128932159
SEN,Senegal,Africa,2020,1461.08720350553
SEN,Senegal,Africa,2021,1598.10676952274
SEN,Senegal,Africa,2022,1574.0281059306
SEN,Senegal,Africa,2023,1698.03387300843
SEN,Senegal,Africa,2024,1773.21829923448
SGP,Singapore,Asia,2000,23852.8389514753
SGP,Singapore,Asia,2001,21699.7414868907
SGP,Singapore,Asia,2002,22159.8373710639
SGP,Singapore,Asia,2003,23730.3840054566
SGP,Singapore,Asia,2004,27608.080013423
SGP,Singapore,Asia,2005,29961.3172812732
SGP,Singapore,Asia,2006,33768.4528234651
SGP,Singapore,Asia,2007,39432.8860198877
SGP,Singapore,Asia,2008,40008.5720489092
SGP,Singapore,Asia,2009,38926.8054365453
SGP,Singapore,Asia,2010,47236.683084953
SGP,Singapore,Asia,2011,53891.4570264372
SGP,Singapore,Asia,2012,55547.5553077786
SGP,Singapore,Asia,2013,56967.4257940383
SGP,Singapore,Asia,2014,57564.8023114977
SGP,Singapore,Asia,2015,55645.6068614606
SGP,Singapore,Asia,2016,57005.5887176547
SGP,Singapore,Asia,2017,61236.251270627
SGP,Singapore,Asia,2018,66881.6067035265
SGP,Singapore,Asia,2019,65952.0378959293
SGP,Singapore,Asia,2020,61410.0792630788
SGP,Singapore,Asia,2021,80056.1288247844
SGP,Singapore,Asia,2022,90299.0694637269
SGP,Singapore,Asia,2023,85412.230345235
SGP,Singapore,Asia,2024,90674.066632628
SLB,Solomon Islands,Oceania,2000,953.17190137706
SLB,Solomon Islands,Oceania,2001,911.791935385411
SLB,Solomon Islands,Oceania,2002,756.890296490792
SLB,Solomon Islands,Oceania,2003,895.984242546501
SLB,Solomon Islands,Oceania,2004,986.070953503889
SLB,Solomon Islands,Oceania,2005,1144.49233397681
SLB,Solomon Islands,Oceania,2006,1255.62447417684
SLB,Solomon Islands,Oceania,2007,1390.14870956707
SLB,Solomon Islands,Oceania,2008,1525.84666261203
SLB,Solomon Islands,Oceania,2009,1554.70671006386
SLB,Solomon Islands,Oceania,2010,1685.14535823757
SLB,Solomon Islands,Oceania,2011,1924.05795643133
SLB,Solomon Islands,Oceania,2012,2066.25738638356
SLB,Solomon Islands,Oceania,2013,2161.38627543917
SLB,Solomon Islands,Oceania,2014,2164.95289873002
SLB,Solomon Islands,Oceania,2015,2045.47721526649
SLB,Solomon Islands,Oceania,2016,2082.62383124213
SLB,Solomon Islands,Oceania,2017,2143.57670489272
SLB,Solomon Islands,Oceania,2018,2278.19908624102
SLB,Solomon Islands,Oceania,2019,2223.65890942466
SLB,Solomon Islands,Oceania,2020,2063.32780991967
SLB,Solomon Islands,Oceania,2021,2043.44413170658
SLB,Solomon Islands,Oceania,2022,1877.78104490956
SLB,Solomon Islands,Oceania,2023,1882.64394148042
SLB,Solomon Islands,Oceania,2024,1933.55538435227
SLE,Sierra Leone,Africa,2000,143.743743239644
SLE,Sierra Leone,Africa,2001,358.315716051546
SLE,Sierra Leone,Africa,2002,388.995111216836
SLE,Sierra Leone,Africa,2003,413.817607346927
SLE,Sierra Leone,Africa,2004,417.749983329227
SLE,Sierra Leone,Africa,2005,462.633324427945
SLE,Sierra Leone,Africa,2006,580.26796974773
SLE,Sierra Leone,Africa,2007,631.889926264998
SLE,Sierra Leone,Africa,2008,705.359014080005
SLE,Sierra Leone,Africa,2009,652.845806767943
SLE,Sierra Leone,Africa,2010,685.039673490948
SLE,Sierra Leone,Africa,2011,761.146365577281
SLE,Sierra Leone,Africa,2012,937.504428180231
SLE,Sierra Leone,Africa,2013,1117.47183075115
SLE,Sierra Leone,Africa,2014,1117.7586465721
SLE,Sierra Leone,Africa,2015,964.575980888989
SLE,Sierra Leone,Africa,2016,844.416411175476
SLE,Sierra Leone,Africa,2017,779.186007841728
SLE,Sierra Leone,Africa,2018,845.914540460932
SLE,Sierra Leone,Africa,2019,843.712517809977
SLE,Sierra Leone,Africa,2020,845.277557920549
SLE,Sierra Leone,Africa,2021,885.396401885395
SLE,Sierra Leone,Africa,2022,860.371067916096
SLE,Sierra Leone,Africa,2023,758.329137378248
SLE,Sierra Leone,Africa,2024,806.654650417726
SLV,El Salvador,North America,2000,1982.87093542615
SLV,El Salvador,North America,2001,2058.04459070452
SLV,El Salvador,North America,2002,2115.41187355626
SLV,El Salvador,North America,2003,2207.83089518069
SLV,El Salvador,North America,2004,2285.68907438892
SLV,El Salvador,North America,2005,2447.39140845394
SLV,El Salvador,North America,2006,2665.61807194853
SLV,El Salvador,North America,2007,2830.65693770733
SLV,El Salvador,North America,2008,2983.24829577976
SLV,El Salvador,North America,2009,2910.18651752011
SLV,El Salvador,North America,2010,3040.07300952878
SLV,El Salvador,North America,2011,3330.60049486653
SLV,El Salvador,North America,2012,3497.91256915509
SLV,El Salvador,North America,2013,3582.26694005169
SLV,El Salvador,North America,2014,3666.01248913873
SLV,El Salvador,North America,2015,3790.34089108162
SLV,El Salvador,North America,2016,3901.34014965811
SLV,El Salvador,North America,2017,4020.12671373919
SLV,El Salvador,North America,2018,4183.54620971358
SLV,El Salvador,North America,2019,4320.11671534627
SLV,El Salvador,North America,2020,3997.19279583709
SLV,El Salvador,North America,2021,4642.60743101342
SLV,El Salvador,North America,2022,5074.60210221806
SLV,El Salvador,North America,2023,5365.44491399171
SLV,El Salvador,North America,2024,5579.65969165029
SMR,San Marino,Europe,2000,37600.7077379601
SMR,San Marino,Europe,2001,39035.1034290445
SMR,San Marino,Europe,2002,41790.8432718184
SMR,San Marino,Europe,2003,52529.9093701059
SMR,San Marino,Europe,2004,58232.0176184948
SMR,San Marino,Europe,2005,59877.8005839737
SMR,San Marino,Europe,2006,63270.7780755157
SMR,San Marino,Europe,2007,70124.4634385624
SMR,San Marino,Europe,2008,75902.1320521765
SMR,San Marino,Europe,2009,62428.9943269418
SMR,San Marino,Europe,2010,56543.1898204098
SMR,San Marino,Europe,2011,55601.3929703047
SMR,San Marino,Europe,2012,47945.8991734281
SMR,San Marino,Europe,2013,50807.8289138024
SMR,San Marino,Europe,2014,51260.4938347125
SMR,San Marino,Europe,2015,43146.8240435428
SMR,San Marino,Europe,2016,44359.4797662688
SMR,San Marino,Europe,2017,45192.0279766943
SMR,San Marino,Europe,2018,47950.6880557136
SMR,San Marino,Europe,2019,46630.1443120725
SMR,San Marino,Europe,2020,44326.9556746411
SMR,San Marino,Europe,2021,54176.4798021628
SMR,San Marino,Europe,2022,54190.8417700372
SMR,San Marino,Europe,2023,59879.7173015651
SOM,Somalia,Africa,2000,386.119274401275
SOM,Somalia,Africa,2001,244.914842538455
SOM,Somalia,Africa,2002,229.598918310039
SOM,Somalia,Africa,2003,286.273025198975
SOM,Somalia,Africa,2004,375.410326225387
SOM,Somalia,Africa,2005,439.979907805478
SOM,Somalia,Africa,2006,457.996662206659
SOM,Somalia,Africa,2007,479.635628065289
SOM,Somalia,Africa,2008,507.03744334738
SOM,Somalia,Africa,2009,246.513251675105
SOM,Somalia,Africa,2010,219.202453852397
SOM,Somalia,Africa,2011,235.325945610434
SOM,Somalia,Africa,2012,350.261946720512
SOM,Somalia,Africa,2013,393.398703952979
SOM,Somalia,Africa,2014,429.431656725102
SOM,Somalia,Africa,2015,445.583080073396
SOM,Somalia,Africa,2016,460.928490585175
SOM,Somalia,Africa,2017,510.939952317726
SOM,Somalia,Africa,2018,509.497273804534
SOM,Somalia,Africa,2019,539.954816211694
SOM,Somalia,Africa,2020,518.16113333875
SOM,Somalia,Africa,2021,549.056994756254
SOM,Somalia,Africa,2022,573.141165798229
SOM,Somalia,Africa,2023,596.885985135589
SOM,Somalia,Africa,2024,629.538899449007
SRB,Serbia,Europe,2000,974.725469278615
SRB,Serbia,Europe,2001,1812.42088281393
SRB,Serbia,Europe,2002,2390.73459447107
SRB,Serbia,Europe,2003,3153.9011312754
SRB,Serbia,Europe,2004,3597.08798057009
SRB,Serbia,Europe,2005,3807.97417321786
SRB,Serbia,Europe,2006,4492.7136699046
SRB,Serbia,Europe,2007,6081.08765700202
SRB,Serbia,Europe,2008,7376.73517910716
SRB,Serbia,Europe,2009,6414.0448463847
SRB,Serbia,Europe,2010,5970.92660940072
SRB,Serbia,Europe,2011,7082.2861666075
SRB,Serbia,Europe,2012,6263.04086072815
SRB,Serbia,Europe,2013,7040.41812068781
SRB,Serbia,Europe,2014,6886.67809068704
SRB,Serbia,Europe,2015,5820.3215576888
SRB,Serbia,Europe,2016,5982.37030126471
SRB,Serbia,Europe,2017,6548.03653824187
SRB,Serbia,Europe,2018,7559.86165747394
SRB,Serbia,Europe,2019,7755.632986437
SRB,Serbia,Europe,2020,8098.70955668849
SRB,Serbia,Europe,2021,9680.52798074468
SRB,Serbia,Europe,2022,10024.8191112596
SRB,Serbia,Europe,2023,12281.707946167
SRB,Serbia,Europe,2024,13679.2065983557
SSD,South Sudan,Africa,2008,1654.21153546555
SSD,South Sudan,Africa,2009,1323.22068747862
SSD,South Sudan,Africa,2010,1498.27034985194
SSD,South Sudan,Africa,2011,1448.98435006408
SSD,South Sudan,Africa,2012,1109.26050083408
SSD,South Sudan,Africa,2013,1650.18943353528
SSD,South Sudan,Africa,2014,1242.73450181032
SSD,South Sudan,Africa,2015,1080.14718624765
STP,Sao Tome and Principe,Africa,2000,529.089383412262
STP,Sao Tome and Principe,Africa,2001,518.88050130005
STP,Sao Tome and Principe,Africa,2002,568.10257252271
STP,Sao Tome and Principe,Africa,2003,663.696211810494
STP,Sao Tome and Principe,Africa,2004,726.560882130444
STP,Sao Tome and Principe,Africa,2005,844.169181884274
STP,Sao Tome and Principe,Africa,2006,861.970707697664
STP,Sao Tome and Principe,Africa,2007,878.885791918745
STP,Sao Tome and Principe,Africa,2008,1081.8684584729
STP,Sao Tome and Principe,Africa,2009,1128.28046213305
STP,Sao Tome and Principe,Africa,2010,1045.20958234528
STP,Sao Tome and Principe,Africa,2011,1219.80189089671
STP,Sao Tome and Principe,Africa,2012,1192.0202911189
STP,Sao Tome and Principe,Africa,2013,1382.5757842916
STP,Sao Tome and Principe,Africa,2014,1489.67633417608
STP,Sao Tome and Principe,Africa,2015,1298.10946596396
STP,Sao Tome and Principe,Africa,2016,1434.87018050521
STP,Sao Tome and Principe,Africa,2017,1555.79477812888
STP,Sao Tome and Principe,Africa,2018,1825.59971753966
STP,Sao Tome and Principe,Africa,2019,1935.2931816596
STP,Sao Tome and Principe,Africa,2020,2167.22001796925
STP,Sao Tome and Principe,Africa,2021,2362.58827248102
STP,Sao Tome and Principe,Africa,2022,2389.73729784737
STP,Sao Tome and Principe,Africa,2023,2990.6606143535
STP,Sao Tome and Principe,Africa,2024,3490.56883486557
SUR,Suriname,South America,2000,1988.22172925433
SUR,Suriname,South America,2001,1714.64846637242
SUR,Suriname,South America,2002,2202.340682196
SUR,Suriname,South America,2003,2516.10404020956
SUR,Suriname,South America,2004,2887.7721728844
SUR,Suriname,South America,2005,3453.42865937765
SUR,Suriname,South America,2006,5002.65798695759
SUR,Suriname,South America,2007,5530.17615638309
SUR,Suriname,South America,2008,6576.08546307249
SUR,Suriname,South America,2009,7129.5768626291
SUR,Suriname,South America,2010,7943.60482816915
SUR,Suriname,South America,2011,7949.88867218383
SUR,Suriname,South America,2012,8851.24050668908
SUR,Suriname,South America,2013,9043.19281529222
SUR,Suriname,South America,2014,9108.18905406764
SUR,Suriname,South America,2015,8813.61705392067
SUR,Suriname,South America,2016,5644.2061057532
SUR,Suriname,South America,2017,6049.52128553675
SUR,Suriname,South America,2018,6665.74180472239
SUR,Suriname,South America,2019,6629.66775248603
SUR,Suriname,South America,2020,4755.39221710693
SUR,Suriname,South America,2021,5029.84838543953
SUR,Suriname,South America,2022,6084.43876736445
SUR,Suriname,South America,2023,5521.97602122638
SUR,Suriname,South America,2024,6961.78955961526
SVK,Slovakia,Europe,2000,5421.6448441887
SVK,Slovakia,Europe,2001,5712.47802761654
SVK,Slovakia,Europe,2002,6554.62808369461
SVK,Slovakia,Europe,2003,8675.39633696465
SVK,Slovakia,Europe,2004,10650.1290097126
SVK,Slovakia,Europe,2005,11641.5410321763
SVK,Slovakia,Europe,2006,13167.8954730379
SVK,Slovakia,Europe,2007,16110.4817265237
SVK,Slovakia,Europe,2008,18744.3192278346
SVK,Slovakia,Europe,2009,16586.7527805228
SVK,Slovakia,Europe,2010,16899.448680529
SVK,Slovakia,Europe,2011,18469.4354316836
SVK,Slovakia,Europe,2012,17516.9691054078
SVK,Slovakia,Europe,2013,18312.7805149823
SVK,Slovakia,Europe,2014,18770.9289896545
SVK,Slovakia,Europe,2015,16442.0760860018
SVK,Slovakia,Europe,2016,16636.0769133073
SVK,Slovakia,Europe,2017,17645.5298716761
SVK,Slovakia,Europe,2018,19573.3717031314
SVK,Slovakia,Europe,2019,19406.0589683582
SVK,Slovakia,Europe,2020,19735.4858280801
SVK,Slovakia,Europe,2021,22123.3342114545
SVK,Slovakia,Europe,2022,21317.7943982363
SVK,Slovakia,Europe,2023,24614.8734642794
SVK,Slovakia,Europe,2024,25992.6748502048
SVN,Slovenia,Europe,2000,10135.7219109212
SVN,Slovenia,Europe,2001,10375.6255869861
SVN,Slovenia,Europe,2002,11639.1297780477
SVN,Slovenia,Europe,2003,14711.674874253
SVN,Slovenia,Europe,2004,17103.8297783905
SVN,Slovenia,Europe,2005,17969.7095907161
SVN,Slovenia,Europe,2006,19563.005059144
SVN,Slovenia,Europe,2007,23725.1596001515
SVN,Slovenia,Europe,2008,27461.9764165315
SVN,Slovenia,Europe,2009,24501.7897290425
SVN,Slovenia,Europe,2010,23329.8417691156
SVN,Slovenia,Europe,2011,24940.6284841605
SVN,Slovenia,Europe,2012,22442.1417859955
SVN,Slovenia,Europe,2013,23236.9655321695
SVN,Slovenia,Europe,2014,24013.0682060959
SVN,Slovenia,Europe,2015,20697.2748530619
SVN,Slovenia,Europe,2016,21447.8377796036
SVN,Slovenia,Europe,2017,23303.077705959
SVN,Slovenia,Europe,2018,25888.0481065655
SVN,Slovenia,Europe,2019,25814.1687167572
SVN,Slovenia,Europe,2020,25392.0651093612
SVN,Slovenia,Europe,2021,29192.8401933019
SVN,Slovenia,Europe,2022,28360.3041467268
SVN,Slovenia,Europe,2023,32660.4753581346
SVN,Slovenia,Europe,2024,34301.0318686594
SWE,Sweden,Europe,2000,29632.5890811623
SWE,Sweden,Europe,2001,27259.3174300217
SWE,Sweden,Europe,2002,29957.7776664916
SWE,Sweden,Europe,2003,37292.2419727801
SWE,Sweden,Europe,2004,42758.0048564929
SWE,Sweden,Europe,2005,43378.4077394363
SWE,Sweden,Europe,2006,46531.3762240485
SWE,Sweden,Europe,2007,53568.3057787832
SWE,Sweden,Europe,2008,55817.1759726485
SWE,Sweden,Europe,2009,46707.6425044751
SWE,Sweden,Europe,2010,52542.5759090299
SWE,Sweden,Europe,2011,60379.4814599322
SWE,Sweden,Europe,2012,57749.5615420853
SWE,Sweden,Europe,2013,60843.9888799369
SWE,Sweden,Europe,2014,59583.4584491714
SWE,Sweden,Europe,2015,51188.1652120493
SWE,Sweden,Europe,2016,51703.5088332851
SWE,Sweden,Europe,2017,53210.2233318965
SWE,Sweden,Europe,2018,54018.4554391861
SWE,Sweden,Europe,2019,51648.9892820514
SWE,Sweden,Europe,2020,52568.5726980146
SWE,Sweden,Europe,2021,60647.5416365347
SWE,Sweden,Europe,2022,54836.8907235124
SWE,Sweden,Europe,2023,54950.2834725622
SWE,Sweden,Europe,2024,57117.4877440616
SWZ,Eswatini,Africa,2000,1629.67038842815
SWZ,Eswatini,Africa,2001,1429.85630359447
SWZ,Eswatini,Africa,2002,1315.73634647994
SWZ,Eswatini,Africa,2003,2015.21743065251
SWZ,Eswatini,Africa,2004,2525.5640452625
SWZ,Eswatini,Africa,2005,2871.06877437449
SWZ,Eswatini,Africa,2006,2964.95865200682
SWZ,Eswatini,Africa,2007,3109.11097608864
SWZ,Eswatini,Africa,2008,2946.8606613746
SWZ,Eswatini,Africa,2009,3189.79679956637
SWZ,Eswatini,Africa,2010,3922.74039390733
SWZ,Eswatini,Africa,2011,4225.06049411911
SWZ,Eswatini,Africa,2012,4224.54789174487
SWZ,Eswatini,Africa,2013,3949.94310039907
SWZ,Eswatini,Africa,2014,3771.07228381938
SWZ,Eswatini,Africa,2015,3419.82276559528
SWZ,Eswatini,Africa,2016,3238.17611961364
SWZ,Eswatini,Africa,2017,3853.09956569679
SWZ,Eswatini,Africa,2018,3972.65450620357
SWZ,Eswatini,Africa,2019,3913.14577547336
SWZ,Eswatini,Africa,2020,3466.56936278145
SWZ,Eswatini,Africa,2021,3984.00229174306
SWZ,Eswatini,Africa,2022,3894.1620089869
SWZ,Eswatini,Africa,2023,3755.52111232464
SWZ,Eswatini,Africa,2024,3909.55892378182
SXM,Sint Maarten,North America,2009,25528.412619483
SXM,Sint Maarten,North America,2010,26403.8143692163
SXM,Sint Maarten,North America,2011,27317.5178881974
SXM,Sint Maarten,North America,2012,28149.0997855041
SXM,Sint Maarten,North America,2013,28529.7324687053
SXM,Sint Maarten,North America,2014,37134.912423099
SXM,Sint Maarten,North America,2015,37839.6283815163
SXM,Sint Maarten,North America,2016,37308.6147795736
SXM,Sint Maarten,North America,2017,34701.3058494468
SXM,Sint Maarten,North America,2018,31708.3110124742
SXM,Sint Maarten,North America,2019,34861.469528968
SXM,Sint Maarten,North America,2020,30150.8998380477
SXM,Sint Maarten,North America,2021,32548.4366854902
SXM,Sint Maarten,North America,2022,37793.1284399157
SXM,Sint Maarten,North America,2023,39451.8223361963
SXM,Sint Maarten,North America,2024,41472.5874498583
SYC,Seychelles,Africa,2000,8063.65500575169
SYC,Seychelles,Africa,2001,8153.2986369879
SYC,Seychelles,Africa,2002,8864.16919495467
SYC,Seychelles,Africa,2003,9070.28460757013
SYC,Seychelles,Africa,2004,10827.671636033
SYC,Seychelles,Africa,2005,11802.1118276833
SYC,Seychelles,Africa,2006,12782.9938926475
SYC,Seychelles,Africa,2007,12669.3026687222
SYC,Seychelles,Africa,2008,11265.4376270005
SYC,Seychelles,Africa,2009,9747.09180546291
SYC,Seychelles,Africa,2010,10934.79494629
SYC,Seychelles,Africa,2011,12110.0937461973
SYC,Seychelles,Africa,2012,12337.1554669388
SYC,Seychelles,Africa,2013,14821.2921476077
SYC,Seychelles,Africa,2014,15188.1902175113
SYC,Seychelles,Africa,2015,15333.1051727105
SYC,Seychelles,Africa,2016,16566.9946042294
SYC,Seychelles,Africa,2017,17480.3651911372
SYC,Seychelles,Africa,2018,18440.2340460932
SYC,Seychelles,Africa,2019,19141.5118743615
SYC,Seychelles,Africa,2020,14041.4754074575
SYC,Seychelles,Africa,2021,14982.9111487767
SYC,Seychelles,Africa,2022,16836.6721895387
SYC,Seychelles,Africa,2023,18262.7115849287
SYC,Seychelles,Africa,2024,17858.8226383978
SYR,Syria,Asia,2000,1138.1884854278
SYR,Syria,Asia,2001,1186.82913474027
SYR,Syria,Asia,2002,1183.2473451033
SYR,Syria,Asia,2003,1220.179077256
SYR,Syria,Asia,2004,1368.1148230028
SYR,Syria,Asia,2005,1533.90166536568
SYR,Syria,Asia,2006,1718.78347217338
SYR,Syria,Asia,2007,1937.61138578027
SYR,Syria,Asia,2008,2429.12477087189
SYR,Syria,Asia,2009,2462.20193643202
SYR,Syria,Asia,2010,2730.61477118949
SYR,Syria,Asia,2011,2952.14349372257
SYR,Syria,Asia,2012,1897.66115018696
SYR,Syria,Asia,2013,985.892669227054
SYR,Syria,Asia,2014,1060.59105886854
SYR,Syria,Asia,2015,847.731631942565
SYR,Syria,Asia,2016,656.3490586313
SYR,Syria,Asia,2017,851.502005254153
SYR,Syria,Asia,2018,1098.0668642357
SYR,Syria,Asia,2019,1109.53926036049
SYR,Syria,Asia,2020,572.355289831901
SYR,Syria,Asia,2021,663.614245706815
SYR,Syria,Asia,2022,1051.67149587463
TCA,Turks and Caicos Islands,North America,2001,18325.7458111974
TCA,Turks and Caicos Islands,North America,2002,17803.9471767733
TCA,Turks and Caicos Islands,North America,2003,18859.1890274773
TCA,Turks and Caicos Islands,North America,2004,21246.00980049
TCA,Turks and Caicos Islands,North America,2005,24122.3028180757
TCA,Turks and Caicos Islands,North America,2006,28734.2873064523
TCA,Turks and Caicos Islands,North America,2007,29443.8523030072
TCA,Turks and Caicos Islands,North America,2008,31453.8228752689
TCA,Turks and Caicos Islands,North America,2009,24596.8938015951
TCA,Turks and Caicos Islands,North America,2010,23093.8498268267
TCA,Turks and Caicos Islands,North America,2011,27327.4006354146
TCA,Turks and Caicos Islands,North America,2012,25923.6156503875
TCA,Turks and Caicos Islands,North America,2013,25653.819867471
TCA,Turks and Caicos Islands,North America,2014,27292.5820256776
TCA,Turks and Caicos Islands,North America,2015,29457.0140691162
TCA,Turks and Caicos Islands,North America,2016,31373.5612684327
TCA,Turks and Caicos Islands,North America,2017,30014.2309523213
TCA,Turks and Caicos Islands,North America,2018,31625.616593277
TCA,Turks and Caicos Islands,North America,2019,31780.5217068989
TCA,Turks and Caicos Islands,North America,2020,20690.9160546118
TCA,Turks and Caicos Islands,North America,2021,27329.2885087196
TCA,Turks and Caicos Islands,North America,2022,31280.5418020808
TCA,Turks and Caicos Islands,North America,2023,35470.2151608295
TCA,Turks and Caicos Islands,North America,2024,37506.7798431288
TCD,Chad,Africa,2000,163.121663683369
TCD,Chad,Africa,2001,194.32295331156
TCD,Chad,Africa,2002,219.061391951349
TCD,Chad,Africa,2003,289.087621122168
TCD,Chad,Africa,2004,445.850767157087
TCD,Chad,Africa,2005,838.092107712557
TCD,Chad,Africa,2006,906.897260572747
TCD,Chad,Africa,2007,980.483531485103
TCD,Chad,Africa,2008,1166.36883453841
TCD,Chad,Africa,2009,1035.63719694254
TCD,Chad,Africa,2010,1141.80069268412
TCD,Chad,Africa,2011,1308.1421872538
TCD,Chad,Africa,2012,1354.34344701937
TCD,Chad,Africa,2013,1304.88742971475
TCD,Chad,Africa,2014,1278.78981422494
TCD,Chad,Africa,2015,993.990730610869
TCD,Chad,Africa,2016,861.831767630746
TCD,Chad,Africa,2017,854.46120040098
TCD,Chad,Africa,2018,948.656629871231
TCD,Chad,Africa,2019,893.336441643325
TCD,Chad,Africa,2020,866.947814890409
TCD,Chad,Africa,2021,946.358500208374
TCD,Chad,Africa,2022,966.036468278568
TCD,Chad,Africa,2023,949.333453674592
TCD,Chad,Africa,2024,961.55975562506
TGO,Togo,Africa,2000,409.889802792768
TGO,Togo,Africa,2001,396.692654520135
TGO,Togo,Africa,2002,445.238691488925
TGO,Togo,Africa,2003,538.16537776929
TGO,Togo,Africa,2004,560.266308533382
TGO,Togo,Africa,2005,551.259850017077
TGO,Togo,Africa,2006,552.50227125256
TGO,Togo,Africa,2007,607.587886721352
TGO,Togo,Africa,2008,718.948386717473
TGO,Togo,Africa,2009,720.693768151415
TGO,Togo,Africa,2010,704.986772286079
TGO,Togo,Africa,2011,783.988944671672
TGO,Togo,Africa,2012,762.39162379069
TGO,Togo,Africa,2013,826.542799987227
TGO,Togo,Africa,2014,855.584809246574
TGO,Togo,Africa,2015,751.051987587248
TGO,Togo,Africa,2016,772.581357620609
TGO,Togo,Africa,2017,792.765700965864
TGO,Togo,Africa,2018,851.120561233595
TGO,Togo,Africa,2019,826.255209019798
TGO,Togo,Africa,2020,863.468665870276
TGO,Togo,Africa,2021,962.075187515872
TGO,Togo,Africa,2022,951.232378690387
TGO,Togo,Africa,2023,1055.01727877926
TGO,Togo,Africa,2024,1119.38160509429
THA,Thailand,Asia,2000,2005.97694514234
THA,Thailand,Asia,2001,1889.93432467144
THA,Thailand,Asia,2002,2089.75183111554
THA,Thailand,Asia,2003,2347.54001286066
THA,Thailand,Asia,2004,2641.56268717857
THA,Thailand,Asia,2005,2867.70383436062
THA,Thailand,Asia,2006,3331.32043511773
THA,Thailand,Asia,2007,3918.52817434581
THA,Thailand,Asia,2008,4309.13509292986
THA,Thailand,Asia,2009,4135.43986952819
THA,Thailand,Asia,2010,4973.86288823778
THA,Thailand,Asia,2011,5373.6232832898
THA,Thailand,Asia,2012,5725.52802835463
THA,Thailand,Asia,2013,6018.08244729255
THA,Thailand,Asia,2014,5801.1978916205
THA,Thailand,Asia,2015,5688.85335397884
THA,Thailand,Asia,2016,5833.57715617098
THA,Thailand,Asia,2017,6413.09182530343
THA,Thailand,Asia,2018,7099.77650081458
THA,Thailand,Asia,2019,7605.69657797759
THA,Thailand,Asia,2020,6985.64393892574
THA,Thailand,Asia,2021,7057.20754802279
THA,Thailand,Asia,2022,6909.35281815827
THA,Thailand,Asia,2023,7195.10130919449
THA,Thailand,Asia,2024,7346.62022142185
TJK,Tajikistan,Asia,2000,136.925716400723
TJK,Tajikistan,Asia,2001,168.676285365186
TJK,Tajikistan,Asia,2002,186.951638285222
TJK,Tajikistan,Asia,2003,233.58124845289
TJK,Tajikistan,Asia,2004,305.745158587502
TJK,Tajikistan,Asia,2005,333.927150941684
TJK,Tajikistan,Asia,2006,401.018403316427
TJK,Tajikistan,Asia,2007,516.997210618914
TJK,Tajikistan,Asia,2008,703.327375898643
TJK,Tajikistan,Asia,2009,664.795655734657
TJK,Tajikistan,Asia,2010,737.338883219356
TJK,Tajikistan,Asia,2011,833.601978202852
TJK,Tajikistan,Asia,2012,952.452819695469
TJK,Tajikistan,Asia,2013,1028.19704279396
TJK,Tajikistan,Asia,2014,1081.54402932039
TJK,Tajikistan,Asia,2015,956.916310930656
TJK,Tajikistan,Asia,2016,788.710481734485
TJK,Tajikistan,Asia,2017,829.45714764957
TJK,Tajikistan,Asia,2018,834.288404578801
TJK,Tajikistan,Asia,2019,871.022372934846
TJK,Tajikistan,Asia,2020,834.311715460625
TJK,Tajikistan,Asia,2021,896.748053372182
TJK,Tajikistan,Asia,2022,1052.17949484894
TJK,Tajikistan,Asia,2023,1178.47990060249
TJK,Tajikistan,Asia,2024,1341.20229027672
TKM,Turkmenistan,Asia,2000,633.835487638011
TKM,Turkmenistan,Asia,2001,756.034976276398
TKM,Turkmenistan,Asia,2002,935.540801478466
TKM,Turkmenistan,Asia,2003,1228.94870289404
TKM,Turkmenistan,Asia,2004,1379.23009682692
TKM,Turkmenistan,Asia,2005,1604.01618452312
TKM,Turkmenistan,Asia,2006,1996.59310717308
TKM,Turkmenistan,Asia,2007,2414.96071986964
TKM,Turkmenistan,Asia,2008,3605.50395120549
TKM,Turkmenistan,Asia,2009,3707.97850699617
TKM,Turkmenistan,Asia,2010,4058.53937000739
TKM,Turkmenistan,Asia,2011,5143.61929334647
TKM,Turkmenistan,Asia,2012,6053.8748468749
TKM,Turkmenistan,Asia,2013,6599.64529055481
TKM,Turkmenistan,Asia,2014,7164.14536184006
TKM,Turkmenistan,Asia,2015,5759.497903834
TKM,Turkmenistan,Asia,2016,5686.98040962764
TKM,Turkmenistan,Asia,2017,5828.4816623489
TKM,Turkmenistan,Asia,2018,6125.05169712085
TKM,Turkmenistan,Asia,2019,5998.0017434754
TKM,Turkmenistan,Asia,2020,5972.72356566861
TKM,Turkmenistan,Asia,2021,5723.30227157906
TKM,Turkmenistan,Asia,2022,5837.84224538947
TKM,Turkmenistan,Asia,2023,6231.91323839698
TKM,Turkmenistan,Asia,2024,6856.65802730208
TLS,Timor-Leste,Asia,2000,492.457637913906
TLS,Timor-Leste,Asia,2001,587.700634429079
TLS,Timor-Leste,Asia,2002,533.982465942154
TLS,Timor-Leste,Asia,2003,534.901171348385
TLS,Timor-Leste,Asia,2004,474.420726695663
TLS,Timor-Leste,Asia,2005,487.464506929223
TLS,Timor-Leste,Asia,2006,464.667016791076
TLS,Timor-Leste,Asia,2007,540.154630518785
TLS,Timor-Leste,Asia,2008,628.153191495026
TLS,Timor-Leste,Asia,2009,686.579329690731
TLS,Timor-Leste,Asia,2010,813.060220670369
TLS,Timor-Leste,Asia,2011,939.045238884406
TLS,Timor-Leste,Asia,2012,1022.61906675901
TLS,Timor-Leste,Asia,2013,1204.56843320518
TLS,Timor-Leste,Asia,2014,1224.74956308733
TLS,Timor-Leste,Asia,2015,1319.59295003154
TLS,Timor-Leste,Asia,2016,1335.54391073349
TLS,Timor-Leste,Asia,2017,1266.17771143471
TLS,Timor-Leste,Asia,2018,1219.46599728983
TLS,Timor-Leste,Asia,2019,1562.36458068032
TLS,Timor-Leste,Asia,2020,1630.86938521256
TLS,Timor-Leste,Asia,2021,2684.92676774277
TLS,Timor-Leste,Asia,2022,2343.24954740187
TLS,Timor-Leste,Asia,2023,1502.41147438211
TLS,Timor-Leste,Asia,2024,1331.9705130185
TON,Tonga,Oceania,2000,1995.07667546271
TON,Tonga,Oceania,2001,1753.51667576626
TON,Tonga,Oceania,2002,1759.4805324576
TON,Tonga,Oceania,2003,1936.04104012389
TON,Tonga,Oceania,2004,2195.44890047673
TON,Tonga,Oceania,2005,2477.72620144825
TON,Tonga,Oceania,2006,2750.34778600857
TON,Tonga,Oceania,2007,2797.06560109144
TON,Tonga,Oceania,2008,3218.45303993196
TON,Tonga,Oceania,2009,2914.23774004564
TON,Tonga,Oceania,2010,3416.08356601207
TON,Tonga,Oceania,2011,3849.99375750134
TON,Tonga,Oceania,2012,4384.17058724217
TON,Tonga,Oceania,2013,4219.24670113014
TON,Tonga,Oceania,2014,4136.59013792529
TON,Tonga,Oceania,2015,4123.90323993332
TON,Tonga,Oceania,2016,3987.98626206287
TON,Tonga,Oceania,2017,4365.92932788383
TON,Tonga,Oceania,2018,4675.04791274385
TON,Tonga,Oceania,2019,4788.83342304684
TON,Tonga,Oceania,2020,4792.35854741522
TON,Tonga,Oceania,2021,4922.80171378368
TON,Tonga,Oceania,2022,5298.01941509951
TON,Tonga,Oceania,2023,5651.59373063157
TTO,Trinidad and Tobago,North America,2000,6178.58975559687
TTO,Trinidad and Tobago,North America,2001,6657.41466937221
TTO,Trinidad and Tobago,North America,2002,6762.93080808096
TTO,Trinidad and Tobago,North America,2003,8445.04653518298
TTO,Trinidad and Tobago,North America,2004,9871.03419820086
TTO,Trinidad and Tobago,North America,2005,12346.4373094075
TTO,Trinidad and Tobago,North America,2006,14152.6607422113
TTO,Trinidad and Tobago,North America,2007,16606.675360681
TTO,Trinidad and Tobago,North America,2008,21298.9945258063
TTO,Trinidad and Tobago,North America,2009,14634.0565003912
TTO,Trinidad and Tobago,North America,2010,16815.424737361
TTO,Trinidad and Tobago,North America,2011,19151.0870229722
TTO,Trinidad and Tobago,North America,2012,20332.1389531925
TTO,Trinidad and Tobago,North America,2013,21304.9777496628
TTO,Trinidad and Tobago,North America,2014,21908.3014555644
TTO,Trinidad and Tobago,North America,2015,19887.2327716498
TTO,Trinidad and Tobago,North America,2016,17449.1538801956
TTO,Trinidad and Tobago,North America,2017,17566.0999700656
TTO,Trinidad and Tobago,North America,2018,17571.498737278
TTO,Trinidad and Tobago,North America,2019,17212.6128892163
TTO,Trinidad and Tobago,North America,2020,15283.6270531554
TTO,Trinidad and Tobago,North America,2021,17712.5674104655
TTO,Trinidad and Tobago,North America,2022,20750.5202434652
TTO,Trinidad and Tobago,North America,2023,18308.4536298575
TTO,Trinidad and Tobago,North America,2024,18733.4110406494
TUN,Tunisia,Africa,2000,2199.04465936314
TUN,Tunisia,Africa,2001,2235.71981624751
TUN,Tunisia,Africa,2002,2320.7723805785
TUN,Tunisia,Africa,2003,2725.8643148859
TUN,Tunisia,Africa,2004,3067.41936376975
TUN,Tunisia,Africa,2005,3146.8260743927
TUN,Tunisia,Africa,2006,3322.56933570096
TUN,Tunisia,Africa,2007,3726.91672935667
TUN,Tunisia,Africa,2008,4255.05008019523
TUN,Tunisia,Africa,2009,4080.09032448781
TUN,Tunisia,Africa,2010,4291.86120891575
TUN,Tunisia,Africa,2011,4420.64772206537
TUN,Tunisia,Africa,2012,4297.26782454273
TUN,Tunisia,Africa,2013,4369.79345826358
TUN,Tunisia,Africa,2014,4458.97895464547
TUN,Tunisia,Africa,2015,4014.94773686432
TUN,Tunisia,Africa,2016,3847.80354448809
TUN,Tunisia,Africa,2017,3619.03247319953
TUN,Tunisia,Africa,2018,3628.10366464236
TUN,Tunisia,Africa,2019,3528.87213306798
TUN,Tunisia,Africa,2020,3548.65363663803
TUN,Tunisia,Africa,2021,3906.93926319391
TUN,Tunisia,Africa,2022,3707.29283414381
TUN,Tunisia,Africa,2023,3951.11683376921
TUN,Tunisia,Africa,2024,4181.13789301228
TUR,Turkey,Asia,2000,4199.3798635759
TUR,Turkey,Asia,2001,3052.2256706793
TUR,Turkey,Asia,2002,3591.08628982587
TUR,Turkey,Asia,2003,4649.63668068586
TUR,Turkey,Asia,2004,5979.6054216148
TUR,Turkey,Asia,2005,7331.85429430255
TUR,Turkey,Asia,2006,7990.08251407245
TUR,Turkey,Asia,2007,9766.91734545294
TUR,Turkey,Asia,2008,10913.4079047769
TUR,Turkey,Asia,2009,9076.92472236977
TUR,Turkey,Asia,2010,10698.9699409757
TUR,Turkey,Asia,2011,11373.6355760885
TUR,Turkey,Asia,2012,11776.7593362033
TUR,Turkey,Asia,2013,12635.5570016068
TUR,Turkey,Asia,2014,12209.3862327674
TUR,Turkey,Asia,2015,11064.6494504662
TUR,Turkey,Asia,2016,10984.3643169061
TUR,Turkey,Asia,2017,10756.3877677883
TUR,Turkey,Asia,2018,9684.11819884721
TUR,Turkey,Asia,2019,9395.23378001368
TUR,Turkey,Asia,2020,8798.11791709313
TUR,Turkey,Asia,2021,9981.76398411336
TUR,Turkey,Asia,2022,10897.8397861365
TUR,Turkey,Asia,2023,13375.0947282864
TUR,Turkey,Asia,2024,15892.7157287241
TUV,Tuvalu,Oceania,2000,1579.41906275542
TUV,Tuvalu,Oceania,2001,1456.78409421177
TUV,Tuvalu,Oceania,2002,1750.25175052348
TUV,Tuvalu,Oceania,2003,2006.84249941442
TUV,Tuvalu,Oceania,2004,2322.56265072892
TUV,Tuvalu,Oceania,2005,2304.82694329052
TUV,Tuvalu,Oceania,2006,2396.26844307702
TUV,Tuvalu,Oceania,2007,2794.16310084119
TUV,Tuvalu,Oceania,2008,3088.30877413836
TUV,Tuvalu,Oceania,2009,2683.96749549583
TUV,Tuvalu,Oceania,2010,3024.8170790571
TUV,Tuvalu,Oceania,2011,3636.08139989792
TUV,Tuvalu,Oceania,2012,3598.46163091053
TUV,Tuvalu,Oceania,2013,3510.21640142483
TUV,Tuvalu,Oceania,2014,3528.85858102782
TUV,Tuvalu,Oceania,2015,3357.83417700071
TUV,Tuvalu,Oceania,2016,3808.69755015909
TUV,Tuvalu,Oceania,2017,4165.66338700106
TUV,Tuvalu,Oceania,2018,4466.12034928245
TUV,Tuvalu,Oceania,2019,5115.13075950206
TUV,Tuvalu,Oceania,2020,4976.11254109571
TUV,Tuvalu,Oceania,2021,5905.08198095343
TUV,Tuvalu,Oceania,2022,5911.32727055301
TUV,Tuvalu,Oceania,2023,6344.7750188689
TZA,Tanzania,Africa,2000,401.698150634766
TZA,Tanzania,Africa,2001,396.638732910156
TZA,Tanzania,Africa,2002,402.649047851563
TZA,Tanzania,Africa,2003,422.18359375
TZA,Tanzania,Africa,2004,450.385284423828
TZA,Tanzania,Africa,2005,483.334869384766
TZA,Tanzania,Africa,2006,475.746734619141
TZA,Tanzania,Africa,2007,543.198303222656
TZA,Tanzania,Africa,2008,675.977233886719
TZA,Tanzania,Africa,2009,693.823547363281
TZA,Tanzania,Africa,2010,736.530151367188
TZA,Tanzania,Africa,2011,775.392761230469
TZA,Tanzania,Africa,2012,861.969909667969
TZA,Tanzania,Africa,2013,963.05712890625
TZA,Tanzania,Africa,2014,1022.74841308594
TZA,Tanzania,Africa,2015,939.127319335938
TZA,Tanzania,Africa,2016,953.0107421875
TZA,Tanzania,Africa,2017,986.674011230469
TZA,Tanzania,Africa,2018,1023.10626220703
TZA,Tanzania,Africa,2019,1063.32250976563
TZA,Tanzania,Africa,2020,1117.41528320313
TZA,Tanzania,Africa,2021,1159.85656738281
TZA,Tanzania,Africa,2022,1207.52062988281
TZA,Tanzania,Africa,2023,1224.00219726563
TZA,Tanzania,Africa,2024,1186.71691894531
UGA,Uganda,Africa,2000,258.050338731086
UGA,Uganda,Africa,2001,236.021188853993
UGA,Uganda,Africa,2002,241.984688408335
UGA,Uganda,Africa,2003,250.71543664681
UGA,Uganda,Africa,2004,292.38185796262
UGA,Uganda,Africa,2005,330.405402707025
UGA,Uganda,Africa,2006,346.518255310647
UGA,Uganda,Africa,2007,401.389130865581
UGA,Uganda,Africa,2008,472.842681495852
UGA,Uganda,Africa,2009,798.947089938247
UGA,Uganda,Africa,2010,823.488144282
UGA,Uganda,Africa,2011,835.620060555838
UGA,Uganda,Africa,2012,795.222867553127
UGA,Uganda,Africa,2013,818.285427416713
UGA,Uganda,Africa,2014,896.054795546394
UGA,Uganda,Africa,2015,862.934610355811
UGA,Uganda,Africa,2016,752.696571725656
UGA,Uganda,Africa,2017,765.218332297361
UGA,Uganda,Africa,2018,792.16570022814
UGA,Uganda,Africa,2019,822.171150036357
UGA,Uganda,Africa,2020,845.766463890124
UGA,Uganda,Africa,2021,882.791717542504
UGA,Uganda,Africa,2022,963.067314117178
UGA,Uganda,Africa,2023,1002.30913917142
UGA,Uganda,Africa,2024,1077.91278452817
UKR,Ukraine,Europe,2000,653.294311523438
UKR,Ukraine,Europe,2001,800.49072265625
UKR,Ukraine,Europe,2002,903.011901855469
UKR,Ukraine,Europe,2003,1076.48156738281
UKR,Ukraine,Europe,2004,1401.01806640625
UKR,Ukraine,Europe,2005,1875.33508300781
UKR,Ukraine,Europe,2006,2366.494140625
UKR,Ukraine,Europe,2007,3160.32763671875
UKR,Ukraine,Europe,2008,4017.806640625
UKR,Ukraine,Europe,2009,2607.08764648438
UKR,Ukraine,Europe,2010,3039.63232421875
UKR,Ukraine,Europe,2011,3656.69799804688
UKR,Ukraine,Europe,2012,3951.34228515625
UKR,Ukraine,Europe,2013,4129.89697265625
UKR,Ukraine,Europe,2014,3054.908203125
UKR,Ukraine,Europe,2015,2094.47387695313
UKR,Ukraine,Europe,2016,2158.46118164063
UKR,Ukraine,Europe,2017,2604.28759765625
UKR,Ukraine,Europe,2018,3059.0517578125
UKR,Ukraine,Europe,2019,3619.86157226563
UKR,Ukraine,Europe,2020,3709.76928710938
UKR,Ukraine,Europe,2021,4775.94580078125
UKR,Ukraine,Europe,2022,4199.6708984375
UKR,Ukraine,Europe,2023,5139.59814453125
UKR,Ukraine,Europe,2024,5389.47314453125
URY,Uruguay,South America,2000,6987.70098766257
URY,Uruguay,South America,2001,6382.76104740859
URY,Uruguay,South America,2002,4149.76140312687
URY,Uruguay,South America,2003,3671.12329256883
URY,Uruguay,South America,2004,4168.66065438387
URY,Uruguay,South America,2005,5284.25677987129
URY,Uruguay,South America,2006,6001.33294783172
URY,Uruguay,South America,2007,7222.05403645877
URY,Uruguay,South America,2008,9423.96562595893
URY,Uruguay,South America,2009,9881.39573127081
URY,Uruguay,South America,2010,12641.0576849008
URY,Uruguay,South America,2011,15132.2675725587
URY,Uruguay,South America,2012,16259.5940814256
URY,Uruguay,South America,2013,18335.2594772322
URY,Uruguay,South America,2014,18322.4276767157
URY,Uruguay,South America,2015,17125.9016800298
URY,Uruguay,South America,2016,17009.7584207276
URY,Uruguay,South America,2017,19184.6502617082
URY,Uruguay,South America,2018,19249.9404677501
URY,Uruguay,South America,2019,18315.7316980028
URY,Uruguay,South America,2020,15757.5355995779
URY,Uruguay,South America,2021,17881.818721099
URY,Uruguay,South America,2022,20818.6146091144
URY,Uruguay,South America,2023,23019.4221560046
URY,Uruguay,South America,2024,23906.5133029408
USA,United States,North America,2000,36329.9560727102
USA,United States,North America,2001,37133.623113437
USA,United States,North America,2002,37997.7596573051
USA,United States,North America,2003,39490.2749557007
USA,United States,North America,2004,41724.6316287624
USA,United States,North America,2005,44123.4070679055
USA,United States,North America,2006,46302.0008800056
USA,United States,North America,2007,48050.2237771135
USA,United States,North America,2008,48570.0459804586
USA,United States,North America,2009,47194.9433547336
USA,United States,North America,2010,48642.6100179312
USA,United States,North America,2011,50024.868799398
USA,United States,North America,2012,51708.4011556577
USA,United States,North America,2013,53179.0127634561
USA,United States,North America,2014,54973.4207515712
USA,United States,North America,2015,56572.9188996063
USA,United States,North America,2016,57638.1018367192
USA,United States,North America,2017,59635.0984397965
USA,United States,North America,2018,62499.8744390068
USA,United States,North America,2019,64746.4506778863
USA,United States,North America,2020,63515.9491807833
USA,United States,North America,2021,70205.050916026
USA,United States,North America,2022,76657.2488844403
USA,United States,North America,2023,81032.262117545
USA,United States,North America,2024,84534.0407841548
UZB,Uzbekistan,Asia,2000,555.149231099186
UZB,Uzbekistan,Asia,2001,454.415812256778
UZB,Uzbekistan,Asia,2002,381.409296889283
UZB,Uzbekistan,Asia,2003,394.164028897235
UZB,Uzbekistan,Asia,2004,462.171492867885
UZB,Uzbekistan,Asia,2005,542.835808692209
UZB,Uzbekistan,Asia,2006,649.118167003925
UZB,Uzbekistan,Asia,2007,824.028192334768
UZB,Uzbekistan,Asia,2008,1074.72928796701
UZB,Uzbekistan,Asia,2009,1205.7993547038
UZB,Uzbekistan,Asia,2010,1753.20730243278
UZB,Uzbekistan,Asia,2011,2087.86386135694
UZB,Uzbekistan,Asia,2012,2307.34649117185
UZB,Uzbekistan,Asia,2013,2461.97947403595
UZB,Uzbekistan,Asia,2014,2674.9628382103
UZB,Uzbekistan,Asia,2015,2803.19018021751
UZB,Uzbekistan,Asia,2016,2753.37951427589
UZB,Uzbekistan,Asia,2017,2190.60411562888
UZB,Uzbekistan,Asia,2018,1813.08530813664
UZB,Uzbekistan,Asia,2019,2041.38480729431
UZB,Uzbekistan,Asia,2020,1978.28051860763
UZB,Uzbekistan,Asia,2021,2258.51964119278
UZB,Uzbekistan,Asia,2022,2578.66689394219
UZB,Uzbekistan,Asia,2023,2878.96879292451
UZB,Uzbekistan,Asia,2024,3161.70010632875
VCT,Saint Vincent and the Grenadines,North America,2000,3768.95536604022
VCT,Saint Vincent and the Grenadines,North America,2001,4071.08601098962
VCT,Saint Vincent and the Grenadines,North America,2002,4303.27976789727
VCT,Saint Vincent and the Grenadines,North America,2003,4499.61454193342
VCT,Saint Vincent and the Grenadines,North America,2004,4873.48947742443
VCT,Saint Vincent and the Grenadines,North America,2005,5157.39373878102
VCT,Saint Vincent and the Grenadines,North America,2006,5744.8278621257
VCT,Saint Vincent and the Grenadines,North America,2007,6398.19123532172
VCT,Saint Vincent and the Grenadines,North America,2008,6598.90531450859
VCT,Saint Vincent and the Grenadines,North America,2009,6463.78777336717
VCT,Saint Vincent and the Grenadines,North America,2010,6551.96835992405
VCT,Saint Vincent and the Grenadines,North America,2011,6527.68996854448
VCT,Saint Vincent and the Grenadines,North America,2012,6713.80768643865
VCT,Saint Vincent and the Grenadines,North America,2013,7072.46737188939
VCT,Saint Vincent and the Grenadines,North America,2014,7168.82875342911
VCT,Saint Vincent and the Grenadines,North America,2015,7353.73556054184
VCT,Saint Vincent and the Grenadines,North America,2016,7656.90042881178
VCT,Saint Vincent and the Grenadines,North America,2017,7988.04445019298
VCT,Saint Vincent and the Grenadines,North America,2018,8428.12677153069
VCT,Saint Vincent and the Grenadines,North America,2019,8740.59425232061
VCT,Saint Vincent and the Grenadines,North America,2020,8351.20324040982
VCT,Saint Vincent and the Grenadines,North America,2021,8641.27904024443
VCT,Saint Vincent and the Grenadines,North America,2022,9693.55867833025
VCT,Saint Vincent and the Grenadines,North America,2023,10582.3656725229
VCT,Saint Vincent and the Grenadines,North America,2024,11501.2265187188
VEN,Venezuela,South America,2000,4776.2816763938
VEN,Venezuela,South America,2001,4920.39313600453
VEN,Venezuela,South America,2002,3652.09896501865
VEN,Venezuela,South America,2003,3229.50557082079
VEN,Venezuela,South America,2004,4269.08970872392
VEN,Venezuela,South America,2005,5432.4854184654
VEN,Venezuela,South America,2006,6739.38065342218
VEN,Venezuela,South America,2007,8331.62096991844
VEN,Venezuela,South America,2008,11262.4514256759
VEN,Venezuela,South America,2009,11596.6021921731
VEN,Venezuela,South America,2010,13646.3046622664
VEN,Venezuela,South America,2011,10843.9229703167
VEN,Venezuela,South America,2012,12607.2361246243
VEN,Venezuela,South America,2013,8656.35669723668
VEN,Venezuela,South America,2014,7096.22047105512
VEN,Venezuela,South America,2015,4103.1384987005
VEN,Venezuela,South America,2016,3670.15737848208
VEN,Venezuela,South America,2017,3791.33160682077
VEN,Venezuela,South America,2018,3422.65467014854
VEN,Venezuela,South America,2019,2523.11275230667
VEN,Venezuela,South America,2020,1506.0436210041
VEN,Venezuela,South America,2021,2004.93397949792
VEN,Venezuela,South America,2022,3155.04207099687
VEN,Venezuela,South America,2023,3617.43594578269
VEN,Venezuela,South America,2024,4217.59102643391
VIR,United States Virgin Islands,North America,2002,30062.0225050457
VIR,United States Virgin Islands,North America,2003,31731.2566241187
VIR,United States Virgin Islands,North America,2004,35006.3614404514
VIR,United States Virgin Islands,North America,2005,40828.7460927775
VIR,United States Virgin Islands,North America,2006,41377.1466009652
VIR,United States Virgin Islands,North America,2007,44158.5054044325
VIR,United States Virgin Islands,North America,2008,39152.3750657306
VIR,United States Virgin Islands,North America,2009,38753.1825393897
VIR,United States Virgin Islands,North America,2010,39905.1284180994
VIR,United States Virgin Islands,North America,2011,38997.1373164651
VIR,United States Virgin Islands,North America,2012,37795.3192590675
VIR,United States Virgin Islands,North America,2013,34597.9766940328
VIR,United States Virgin Islands,North America,2014,33045.3643795999
VIR,United States Virgin Islands,North America,2015,34007.3529411765
VIR,United States Virgin Islands,North America,2016,35324.9748874586
VIR,United States Virgin Islands,North America,2017,35365.0693039774
VIR,United States Virgin Islands,North America,2018,36663.2087550584
VIR,United States Virgin Islands,North America,2019,38633.5298915336
VIR,United States Virgin Islands,North America,2020,39787.3741650202
VIR,United States Virgin Islands,North America,2021,42571.0777368471
VIR,United States Virgin Islands,North America,2022,44320.909185774
VNM,Vietnam,Asia,2000,404.029784055118
VNM,Vietnam,Asia,2001,419.205677580901
VNM,Vietnam,Asia,2002,445.132861817313
VNM,Vietnam,Asia,2003,497.117089249256
VNM,Vietnam,Asia,2004,565.452284586212
VNM,Vietnam,Asia,2005,710.746759994861
VNM,Vietnam,Asia,2006,807.756645117054
VNM,Vietnam,Asia,2007,925.640338348717
VNM,Vietnam,Asia,2008,1163.83195772873
VNM,Vietnam,Asia,2009,1226.16976051536
VNM,Vietnam,Asia,2010,1683.16182443979
VNM,Vietnam,Asia,2011,1950.92504174913
VNM,Vietnam,Asia,2012,2185.11767654291
VNM,Vietnam,Asia,2013,2359.51736472828
VNM,Vietnam,Asia,2014,2546.38464459903
VNM,Vietnam,Asia,2015,2577.56885340113
VNM,Vietnam,Asia,2016,2735.0604380416
VNM,Vietnam,Asia,2017,2956.10992127753
VNM,Vietnam,Asia,2018,3222.31003125366
VNM,Vietnam,Asia,2019,3440.90025375434
VNM,Vietnam,Asia,2020,3534.03953482647
VNM,Vietnam,Asia,2021,3704.1935590038
VNM,Vietnam,Asia,2022,4147.69777213621
VNM,Vietnam,Asia,2023,4323.35031982451
VNM,Vietnam,Asia,2024,4717.29028732449
VUT,Vanuatu,Oceania,2000,1460.23817692229
VUT,Vanuatu,Oceania,2001,1350.18338238522
VUT,Vanuatu,Oceania,2002,1340.71537528287
VUT,Vanuatu,Oceania,2003,1566.51396790858
VUT,Vanuatu,Oceania,2004,1774.31867585894
VUT,Vanuatu,Oceania,2005,1873.99142640619
VUT,Vanuatu,Oceania,2006,2034.79289624351
VUT,Vanuatu,Oceania,2007,2333.70506748914
VUT,Vanuatu,Oceania,2008,2603.60883136724
VUT,Vanuatu,Oceania,2009,2546.38324565986
VUT,Vanuatu,Oceania,2010,2815.18828985779
VUT,Vanuatu,Oceania,2011,3163.1861645138
VUT,Vanuatu,Oceania,2012,3004.78416664293
VUT,Vanuatu,Oceania,2013,2979.79608084399
VUT,Vanuatu,Oceania,2014,2973.09026493408
VUT,Vanuatu,Oceania,2015,2854.89412272653
VUT,Vanuatu,Oceania,2016,2956.12644801489
VUT,Vanuatu,Oceania,2017,3159.86055790126
VUT,Vanuatu,Oceania,2018,3206.65748718811
VUT,Vanuatu,Oceania,2019,3207.44650452083
VUT,Vanuatu,Oceania,2020,3042.98711598286
VUT,Vanuatu,Oceania,2021,3107.20312858002
VUT,Vanuatu,Oceania,2022,3370.21191956953
VUT,Vanuatu,Oceania,2023,3482.61458237637
VUT,Vanuatu,Oceania,2024,3410.77023167097
WSM,Samoa,Oceania,2000,1424.75240002471
WSM,Samoa,Oceania,2001,1453.87021324606
WSM,Samoa,Oceania,2002,1527.55790455937
WSM,Samoa,Oceania,2003,1798.12429714048
WSM,Samoa,Oceania,2004,2189.26042607992
WSM,Samoa,Oceania,2005,2550.04221437511
WSM,Samoa,Oceania,2006,2663.29135939532
WSM,Samoa,Oceania,2007,3038.61904093377
WSM,Samoa,Oceania,2008,3373.60639884263
WSM,Samoa,Oceania,2009,3279.18269477295
WSM,Samoa,Oceania,2010,3524.2479246203
WSM,Samoa,Oceania,2011,3821.50678264479
WSM,Samoa,Oceania,2012,3934.60320799981
WSM,Samoa,Oceania,2013,4023.5254013825
WSM,Samoa,Oceania,2014,3982.68080202084
WSM,Samoa,Oceania,2015,4084.36083819933
WSM,Samoa,Oceania,2016,4147.07097674888
WSM,Samoa,Oceania,2017,4307.59381964907
WSM,Samoa,Oceania,2018,4231.81409469194
WSM,Samoa,Oceania,2019,4351.94234943706
WSM,Samoa,Oceania,2020,4099.59660548583
WSM,Samoa,Oceania,2021,4021.55934894283
WSM,Samoa,Oceania,2022,4132.44717734444
WSM,Samoa,Oceania,2023,4822.74084650019
WSM,Samoa,Oceania,2024,5392.87761915762
YEM,Yemen,Asia,2000,493.235182634814
YEM,Yemen,Asia,2001,487.141257946318
YEM,Yemen,Asia,2002,513.241486570603
YEM,Yemen,Asia,2003,548.905883049973
YEM,Yemen,Asia,2004,627.632023395762
YEM,Yemen,Asia,2005,734.159908450927
YEM,Yemen,Asia,2006,809.713127624703
YEM,Yemen,Asia,2007,890.305768114988
YEM,Yemen,Asia,2008,1071.63583282105
YEM,Yemen,Asia,2009,969.243509864478
YEM,Yemen,Asia,2010,1155.20305261418
YEM,Yemen,Asia,2011,1186.47500581215
YEM,Yemen,Asia,2012,1245.05068272078
YEM,Yemen,Asia,2013,1378.75002954928
YEM,Yemen,Asia,2014,1430.16420964026
YEM,Yemen,Asia,2015,1362.1738120601
YEM,Yemen,Asia,2016,975.359417003225
YEM,Yemen,Asia,2017,811.165970405745
YEM,Yemen,Asia,2018,633.887202451545
ZAF,South Africa,Africa,2000,3217.84693448467
ZAF,South Africa,Africa,2001,2847.15191945908
ZAF,South Africa,Africa,2002,2688.23676032806
ZAF,South Africa,Africa,2003,4062.21755993786
ZAF,South Africa,Africa,2004,5221.46333731721
ZAF,South Africa,Africa,2005,5836.87663325127
ZAF,South Africa,Africa,2006,6077.38293388876
ZAF,South Africa,Africa,2007,6591.85535960564
ZAF,South Africa,Africa,2008,6184.75474328399
ZAF,South Africa,Africa,2009,6374.70560042992
ZAF,South Africa,Africa,2010,7973.47195771517
ZAF,South Africa,Africa,2011,8646.05571071635
ZAF,South Africa,Africa,2012,8076.97678479741
ZAF,South Africa,Africa,2013,7331.65467384919
ZAF,South Africa,Africa,2014,6856.73137092522
ZAF,South Africa,Africa,2015,6112.27382485974
ZAF,South Africa,Africa,2016,5651.20585165749
ZAF,South Africa,Africa,2017,6618.33508255701
ZAF,South Africa,Africa,2018,6914.1780318076
ZAF,South Africa,Africa,2019,6533.71121032856
ZAF,South Africa,Africa,2020,5580.60383075189
ZAF,South Africa,Africa,2021,6828.75624590017
ZAF,South Africa,Africa,2022,6534.24867783397
ZAF,South Africa,Africa,2023,6034.27208964673
ZAF,South Africa,Africa,2024,6267.186814093
ZMB,Zambia,Africa,2000,359.429500988221
ZMB,Zambia,Africa,2001,396.548952993504
ZMB,Zambia,Africa,2002,393.864625518616
ZMB,Zambia,Africa,2003,446.290104839041
ZMB,Zambia,Africa,2004,548.685974566277
ZMB,Zambia,Africa,2005,710.982068171696
ZMB,Zambia,Africa,2006,1051.71714895686
ZMB,Zambia,Africa,2007,1118.73162626953
ZMB,Zambia,Africa,2008,1375.50211006997
ZMB,Zambia,Africa,2009,1136.24168316848
ZMB,Zambia,Africa,2010,1451.10616017155
ZMB,Zambia,Africa,2011,1624.86817763443
ZMB,Zambia,Africa,2012,1710.05061343728
ZMB,Zambia,Africa,2013,1820.71854827391
ZMB,Zambia,Africa,2014,1707.48573136694
ZMB,Zambia,Africa,2015,1295.87788680068
ZMB,Zambia,Africa,2016,1239.08527877713
ZMB,Zambia,Africa,2017,1483.46577328065
ZMB,Zambia,Africa,2018,1463.89997855593
ZMB,Zambia,Africa,2019,1258.98619844462
ZMB,Zambia,Africa,2020,951.644316655957
ZMB,Zambia,Africa,2021,1127.16077872857
ZMB,Zambia,Africa,2022,1447.12310138035
ZMB,Zambia,Africa,2023,1330.72780576709
ZMB,Zambia,Africa,2024,1187.10943350064
ZWE,Zimbabwe,Africa,2000,562.833757496076
ZWE,Zimbabwe,Africa,2001,566.388746448872
ZWE,Zimbabwe,Africa,2002,524.936478570323
ZWE,Zimbabwe,Africa,2003,468.471932927213
ZWE,Zimbabwe,Africa,2004,469.719298949304
ZWE,Zimbabwe,Africa,2005,461.271387547912
ZWE,Zimbabwe,Africa,2006,431.034994414964
ZWE,Zimbabwe,Africa,2007,413.521244592925
ZWE,Zimbabwe,Africa,2008,340.917447588572
ZWE,Zimbabwe,Africa,2009,735.821693871697
ZWE,Zimbabwe,Africa,2010,902.010759067388
ZWE,Zimbabwe,Africa,2011,1037.77565157218
ZWE,Zimbabwe,Africa,2012,1239.22709745709
ZWE,Zimbabwe,Africa,2013,1362.99498323368
ZWE,Zimbabwe,Africa,2014,1372.91526173161
ZWE,Zimbabwe,Africa,2015,1387.12632595026
ZWE,Zimbabwe,Africa,2016,1408.13945253431
ZWE,Zimbabwe,Africa,2017,3445.44941020134
ZWE,Zimbabwe,Africa,2018,2270.89531874302
ZWE,Zimbabwe,Africa,2019,2184.32923855469
ZWE,Zimbabwe,Africa,2020,2059.67445384499
ZWE,Zimbabwe,Africa,2021,2613.60542083552
ZWE,Zimbabwe,Africa,2022,2536.40050223076
ZWE,Zimbabwe,Africa,2023,2195.22492079245
ZWE,Zimbabwe,Africa,2024,2497.20332208763
