code,country,continent,year,value
ABW,Aruba,North America,2000,72.9393
ABW,Aruba,North America,2001,73.0437
ABW,Aruba,North America,2002,73.1355
ABW,Aruba,North America,2003,73.2362
ABW,Aruba,North America,2004,73.223
ABW,Aruba,North America,2005,73.4152
ABW,Aruba,North America,2006,73.4984
ABW,Aruba,North America,2007,73.6421
ABW,Aruba,North America,2008,73.7833
ABW,Aruba,North America,2009,73.9738
ABW,Aruba,North America,2010,74.2973
ABW,Aruba,North America,2011,74.5776
ABW,Aruba,North America,2012,74.8415
ABW,Aruba,North America,2013,75.0718
ABW,Aruba,North America,2014,75.261
ABW,Aruba,North America,2015,75.4054
ABW,Aruba,North America,2016,75.5398
ABW,Aruba,North America,2017,75.6203
ABW,Aruba,North America,2018,75.8797
ABW,Aruba,North America,2019,76.0193
ABW,Aruba,North America,2020,75.4061
ABW,Aruba,North America,2021,73.655
ABW,Aruba,North America,2022,76.2258
ABW,Aruba,North America,2023,76.353
AFG,Afghanistan,Asia,2000,55.0047
AFG,Afghanistan,Asia,2001,55.5113
AFG,Afghanistan,Asia,2002,56.2251
AFG,Afghanistan,Asia,2003,57.1713
AFG,Afghanistan,Asia,2004,57.8098
AFG,Afghanistan,Asia,2005,58.2468
AFG,Afghanistan,Asia,2006,58.5533
AFG,Afghanistan,Asia,2007,58.9563
AFG,Afghanistan,Asia,2008,59.7081
AFG,Afghanistan,Asia,2009,60.2478
AFG,Afghanistan,Asia,2010,60.7018
AFG,Afghanistan,Asia,2011,61.2503
AFG,Afghanistan,Asia,2012,61.7349
AFG,Afghanistan,Asia,2013,62.1878
AFG,Afghanistan,Asia,2014,62.2599
AFG,Afghanistan,Asia,2015,62.2695
AFG,Afghanistan,Asia,2016,62.6459
AFG,Afghanistan,Asia,2017,62.4062
AFG,Afghanistan,Asia,2018,62.4434
AFG,Afghanistan,Asia,2019,62.9411
AFG,Afghanistan,Asia,2020,61.4537
AFG,Afghanistan,Asia,2021,60.4174
AFG,Afghanistan,Asia,2022,65.617
AFG,Afghanistan,Asia,2023,66.0346
AGO,Angola,Africa,2000,46.5005
AGO,Angola,Africa,2001,47.0323
AGO,Angola,Africa,2002,47.8736
AGO,Angola,Africa,2003,50.218
AGO,Angola,Africa,2004,51.1225
AGO,Angola,Africa,2005,52.1295
AGO,Angola,Africa,2006,52.9647
AGO,Angola,Africa,2007,54.2001
AGO,Angola,Africa,2008,55.2809
AGO,Angola,Africa,2009,56.2251
AGO,Angola,Africa,2010,57.242
AGO,Angola,Africa,2011,58.0931
AGO,Angola,Africa,2012,58.916
AGO,Angola,Africa,2013,59.7048
AGO,Angola,Africa,2014,60.3956
AGO,Angola,Africa,2015,61.042
AGO,Angola,Africa,2016,61.6189
AGO,Angola,Africa,2017,62.1221
AGO,Angola,Africa,2018,62.6219
AGO,Angola,Africa,2019,63.0511
AGO,Angola,Africa,2020,63.1164
AGO,Angola,Africa,2021,62.9581
AGO,Angola,Africa,2022,64.2455
AGO,Angola,Africa,2023,64.617
AIA,Anguilla,North America,2000,75.1471
AIA,Anguilla,North America,2001,75.3965
AIA,Anguilla,North America,2002,75.6564
AIA,Anguilla,North America,2003,75.8948
AIA,Anguilla,North America,2004,76.1355
AIA,Anguilla,North America,2005,76.3362
AIA,Anguilla,North America,2006,76.5687
AIA,Anguilla,North America,2007,76.7519
AIA,Anguilla,North America,2008,76.9019
AIA,Anguilla,North America,2009,77.0431
AIA,Anguilla,North America,2010,77.2078
AIA,Anguilla,North America,2011,77.3048
AIA,Anguilla,North America,2012,77.4058
AIA,Anguilla,North America,2013,77.6236
AIA,Anguilla,North America,2014,77.6962
AIA,Anguilla,North America,2015,77.7411
AIA,Anguilla,North America,2016,77.8764
AIA,Anguilla,North America,2017,77.1738
AIA,Anguilla,North America,2018,78.2359
AIA,Anguilla,North America,2019,78.4253
AIA,Anguilla,North America,2020,78.6562
AIA,Anguilla,North America,2021,78.4144
AIA,Anguilla,North America,2022,79.1194
AIA,Anguilla,North America,2023,79.3115
ALB,Albania,Europe,2000,74.8262
ALB,Albania,Europe,2001,75.083
ALB,Albania,Europe,2002,75.2987
ALB,Albania,Europe,2003,75.5566
ALB,Albania,Europe,2004,75.9515
ALB,Albania,Europe,2005,76.4266
ALB,Albania,Europe,2006,76.9943
ALB,Albania,Europe,2007,77.6907
ALB,Albania,Europe,2008,78.2484
ALB,Albania,Europe,2009,78.5088
ALB,Albania,Europe,2010,78.4141
ALB,Albania,Europe,2011,78.3029
ALB,Albania,Europe,2012,78.0836
ALB,Albania,Europe,2013,77.9951
ALB,Albania,Europe,2014,78.0291
ALB,Albania,Europe,2015,78.358
ALB,Albania,Europe,2016,78.6433
ALB,Albania,Europe,2017,78.9003
ALB,Albania,Europe,2018,79.2377
ALB,Albania,Europe,2019,79.4669
ALB,Albania,Europe,2020,77.8241
ALB,Albania,Europe,2021,76.8442
ALB,Albania,Europe,2022,78.7688
ALB,Albania,Europe,2023,79.6019
AND,Andorra,Europe,2000,81.8633
AND,Andorra,Europe,2001,82.1618
AND,Andorra,Europe,2002,82.4485
AND,Andorra,Europe,2003,82.7183
AND,Andorra,Europe,2004,82.8153
AND,Andorra,Europe,2005,83.086
AND,Andorra,Europe,2006,83.3745
AND,Andorra,Europe,2007,83.6324
AND,Andorra,Europe,2008,83.8546
AND,Andorra,Europe,2009,84.0997
AND,Andorra,Europe,2010,84.1974
AND,Andorra,Europe,2011,84.2965
AND,Andorra,Europe,2012,84.3339
AND,Andorra,Europe,2013,84.4065
AND,Andorra,Europe,2014,84.4853
AND,Andorra,Europe,2015,84.5316
AND,Andorra,Europe,2016,84.4885
AND,Andorra,Europe,2017,84.3595
AND,Andorra,Europe,2018,84.2416
AND,Andorra,Europe,2019,84.098
AND,Andorra,Europe,2020,79.4177
AND,Andorra,Europe,2021,82.3311
AND,Andorra,Europe,2022,84.0164
AND,Andorra,Europe,2023,84.0406
ARE,United Arab Emirates,Asia,2000,76.347
ARE,United Arab Emirates,Asia,2001,77.6207
ARE,United Arab Emirates,Asia,2002,78.7211
ARE,United Arab Emirates,Asia,2003,79.5995
ARE,United Arab Emirates,Asia,2004,80.2724
ARE,United Arab Emirates,Asia,2005,80.779
ARE,United Arab Emirates,Asia,2006,81.1553
ARE,United Arab Emirates,Asia,2007,81.4384
ARE,United Arab Emirates,Asia,2008,81.5915
ARE,United Arab Emirates,Asia,2009,81.6794
ARE,United Arab Emirates,Asia,2010,81.886
ARE,United Arab Emirates,Asia,2011,81.8984
ARE,United Arab Emirates,Asia,2012,81.9129
ARE,United Arab Emirates,Asia,2013,81.95
ARE,United Arab Emirates,Asia,2014,81.9902
ARE,United Arab Emirates,Asia,2015,82.0759
ARE,United Arab Emirates,Asia,2016,82.1946
ARE,United Arab Emirates,Asia,2017,82.3884
ARE,United Arab Emirates,Asia,2018,82.4493
ARE,United Arab Emirates,Asia,2019,82.5961
ARE,United Arab Emirates,Asia,2020,81.9363
ARE,United Arab Emirates,Asia,2021,79.0831
ARE,United Arab Emirates,Asia,2022,80.4868
ARE,United Arab Emirates,Asia,2023,82.9091
ARG,Argentina,South America,2000,73.91
ARG,Argentina,South America,2001,74.1542
ARG,Argentina,South America,2002,74.3122
ARG,Argentina,South America,2003,74.3073
ARG,Argentina,South America,2004,74.8713
ARG,Argentina,South America,2005,75.2306
ARG,Argentina,South America,2006,75.2791
ARG,Argentina,South America,2007,74.7827
ARG,Argentina,South America,2008,75.4281
ARG,Argentina,South America,2009,75.5773
ARG,Argentina,South America,2010,75.68
ARG,Argentina,South America,2011,76.0998
ARG,Argentina,South America,2012,75.8024
ARG,Argentina,South America,2013,75.8292
ARG,Argentina,South America,2014,76.2678
ARG,Argentina,South America,2015,76.5995
ARG,Argentina,South America,2016,76.105
ARG,Argentina,South America,2017,76.5434
ARG,Argentina,South America,2018,76.7698
ARG,Argentina,South America,2019,76.8475
ARG,Argentina,South America,2020,75.8781
ARG,Argentina,South America,2021,73.9485
ARG,Argentina,South America,2022,75.8061
ARG,Argentina,South America,2023,77.3947
ARM,Armenia,Asia,2000,70.8123
ARM,Armenia,Asia,2001,71.1744
ARM,Armenia,Asia,2002,71.4859
ARM,Armenia,Asia,2003,71.7343
ARM,Armenia,Asia,2004,71.9262
ARM,Armenia,Asia,2005,72.0822
ARM,Armenia,Asia,2006,72.2188
ARM,Armenia,Asia,2007,72.3589
ARM,Armenia,Asia,2008,72.5193
ARM,Armenia,Asia,2009,72.7136
ARM,Armenia,Asia,2010,72.9381
ARM,Armenia,Asia,2011,73.1852
ARM,Armenia,Asia,2012,73.4396
ARM,Armenia,Asia,2013,73.7131
ARM,Armenia,Asia,2014,73.98
ARM,Armenia,Asia,2015,74.229
ARM,Armenia,Asia,2016,74.4937
ARM,Armenia,Asia,2017,74.7441
ARM,Armenia,Asia,2018,74.9783
ARM,Armenia,Asia,2019,75.1931
ARM,Armenia,Asia,2020,68.8898
ARM,Armenia,Asia,2021,72.5524
ARM,Armenia,Asia,2022,74.6333
ARM,Armenia,Asia,2023,75.6827
ASM,American Samoa,Oceania,2000,71.4429
ASM,American Samoa,Oceania,2001,71.5734
ASM,American Samoa,Oceania,2002,71.7547
ASM,American Samoa,Oceania,2003,71.6979
ASM,American Samoa,Oceania,2004,72.2768
ASM,American Samoa,Oceania,2005,72.3817
ASM,American Samoa,Oceania,2006,72.3975
ASM,American Samoa,Oceania,2007,72.3649
ASM,American Samoa,Oceania,2008,72.43
ASM,American Samoa,Oceania,2009,70.8391
ASM,American Samoa,Oceania,2010,72.5866
ASM,American Samoa,Oceania,2011,72.6621
ASM,American Samoa,Oceania,2012,72.7093
ASM,American Samoa,Oceania,2013,72.7692
ASM,American Samoa,Oceania,2014,72.6873
ASM,American Samoa,Oceania,2015,72.6543
ASM,American Samoa,Oceania,2016,72.6399
ASM,American Samoa,Oceania,2017,72.8009
ASM,American Samoa,Oceania,2018,72.794
ASM,American Samoa,Oceania,2019,72.7511
ASM,American Samoa,Oceania,2020,72.6717
ASM,American Samoa,Oceania,2021,72.708
ASM,American Samoa,Oceania,2022,72.7521
ASM,American Samoa,Oceania,2023,72.8518
ATG,Antigua and Barbuda,North America,2000,74.8191
ATG,Antigua and Barbuda,North America,2001,75.1082
ATG,Antigua and Barbuda,North America,2002,75.237
ATG,Antigua and Barbuda,North America,2003,75.3125
ATG,Antigua and Barbuda,North America,2004,75.3295
ATG,Antigua and Barbuda,North America,2005,75.3638
ATG,Antigua and Barbuda,North America,2006,75.5059
ATG,Antigua and Barbuda,North America,2007,75.72
ATG,Antigua and Barbuda,North America,2008,76.0753
ATG,Antigua and Barbuda,North America,2009,76.3856
ATG,Antigua and Barbuda,North America,2010,76.7013
ATG,Antigua and Barbuda,North America,2011,77.0227
ATG,Antigua and Barbuda,North America,2012,77.1
ATG,Antigua and Barbuda,North America,2013,77.0496
ATG,Antigua and Barbuda,North America,2014,76.9122
ATG,Antigua and Barbuda,North America,2015,76.8924
ATG,Antigua and Barbuda,North America,2016,76.9684
ATG,Antigua and Barbuda,North America,2017,77.0296
ATG,Antigua and Barbuda,North America,2018,77.1325
ATG,Antigua and Barbuda,North America,2019,77.1681
ATG,Antigua and Barbuda,North America,2020,77.1613
ATG,Antigua and Barbuda,North America,2021,77.197
ATG,Antigua and Barbuda,North America,2022,77.4833
ATG,Antigua and Barbuda,North America,2023,77.5976
AUS,Australia,Oceania,2000,79.6207
AUS,Australia,Oceania,2001,80.006
AUS,Australia,Oceania,2002,80.0515
AUS,Australia,Oceania,2003,80.4396
AUS,Australia,Oceania,2004,80.7334
AUS,Australia,Oceania,2005,81.0923
AUS,Australia,Oceania,2006,81.2581
AUS,Australia,Oceania,2007,81.2324
AUS,Australia,Oceania,2008,81.4267
AUS,Australia,Oceania,2009,81.7283
AUS,Australia,Oceania,2010,82.0132
AUS,Australia,Oceania,2011,82.0911
AUS,Australia,Oceania,2012,82.2966
AUS,Australia,Oceania,2013,82.5511
AUS,Australia,Oceania,2014,82.5182
AUS,Australia,Oceania,2015,82.605
AUS,Australia,Oceania,2016,82.8014
AUS,Australia,Oceania,2017,82.7184
AUS,Australia,Oceania,2018,83.2582
AUS,Australia,Oceania,2019,83.2412
AUS,Australia,Oceania,2020,83.6639
AUS,Australia,Oceania,2021,83.564
AUS,Australia,Oceania,2022,82.7662
AUS,Australia,Oceania,2023,83.9228
AUT,Austria,Europe,2000,78.235
AUT,Austria,Europe,2001,78.7184
AUT,Austria,Europe,2002,78.8464
AUT,Austria,Europe,2003,78.8491
AUT,Austria,Europe,2004,79.3624
AUT,Austria,Europe,2005,79.5202
AUT,Austria,Europe,2006,79.9648
AUT,Austria,Europe,2007,80.1664
AUT,Austria,Europe,2008,80.3633
AUT,Austria,Europe,2009,80.2064
AUT,Austria,Europe,2010,80.4634
AUT,Austria,Europe,2011,80.8281
AUT,Austria,Europe,2012,80.8407
AUT,Austria,Europe,2013,81.078
AUT,Austria,Europe,2014,81.39
AUT,Austria,Europe,2015,81.1592
AUT,Austria,Europe,2016,81.5922
AUT,Austria,Europe,2017,81.6387
AUT,Austria,Europe,2018,81.6859
AUT,Austria,Europe,2019,81.9072
AUT,Austria,Europe,2020,81.8037
AUT,Austria,Europe,2021,81.8204
AUT,Austria,Europe,2022,81.2959
AUT,Austria,Europe,2023,81.9559
AZE,Azerbaijan,Asia,2000,65.3772
AZE,Azerbaijan,Asia,2001,66.0429
AZE,Azerbaijan,Asia,2002,66.769
AZE,Azerbaijan,Asia,2003,67.036
AZE,Azerbaijan,Asia,2004,67.4882
AZE,Azerbaijan,Asia,2005,67.7103
AZE,Azerbaijan,Asia,2006,68.489
AZE,Azerbaijan,Asia,2007,68.6587
AZE,Azerbaijan,Asia,2008,69.355
AZE,Azerbaijan,Asia,2009,69.8743
AZE,Azerbaijan,Asia,2010,70.3088
AZE,Azerbaijan,Asia,2011,70.5651
AZE,Azerbaijan,Asia,2012,71.0799
AZE,Azerbaijan,Asia,2013,71.4849
AZE,Azerbaijan,Asia,2014,71.9304
AZE,Azerbaijan,Asia,2015,72.3486
AZE,Azerbaijan,Asia,2016,72.5678
AZE,Azerbaijan,Asia,2017,72.6943
AZE,Azerbaijan,Asia,2018,73.0156
AZE,Azerbaijan,Asia,2019,73.29
AZE,Azerbaijan,Asia,2020,70.3116
AZE,Azerbaijan,Asia,2021,70.9994
AZE,Azerbaijan,Asia,2022,74.125
AZE,Azerbaijan,Asia,2023,74.4286
BDI,Burundi,Africa,2000,47.6166
BDI,Burundi,Africa,2001,48.5094
BDI,Burundi,Africa,2002,49.9237
BDI,Burundi,Africa,2003,50.997
BDI,Burundi,Africa,2004,52.2171
BDI,Burundi,Africa,2005,53.0529
BDI,Burundi,Africa,2006,53.962
BDI,Burundi,Africa,2007,54.8317
BDI,Burundi,Africa,2008,55.5813
BDI,Burundi,Africa,2009,56.4215
BDI,Burundi,Africa,2010,57.0883
BDI,Burundi,Africa,2011,57.8039
BDI,Burundi,Africa,2012,58.5008
BDI,Burundi,Africa,2013,59.1786
BDI,Burundi,Africa,2014,59.7644
BDI,Burundi,Africa,2015,60.1068
BDI,Burundi,Africa,2016,60.7887
BDI,Burundi,Africa,2017,61.3452
BDI,Burundi,Africa,2018,61.8065
BDI,Burundi,Africa,2019,62.1801
BDI,Burundi,Africa,2020,62.5694
BDI,Burundi,Africa,2021,62.1013
BDI,Burundi,Africa,2022,62.8819
BDI,Burundi,Africa,2023,63.6511
BEL,Belgium,Europe,2000,77.7684
BEL,Belgium,Europe,2001,78.0824
BEL,Belgium,Europe,2002,78.1678
BEL,Belgium,Europe,2003,78.3203
BEL,Belgium,Europe,2004,78.9605
BEL,Belgium,Europe,2005,79.0532
BEL,Belgium,Europe,2006,79.3894
BEL,Belgium,Europe,2007,79.5284
BEL,Belgium,Europe,2008,79.5793
BEL,Belgium,Europe,2009,79.8489
BEL,Belgium,Europe,2010,80.04
BEL,Belgium,Europe,2011,80.3664
BEL,Belgium,Europe,2012,80.2604
BEL,Belgium,Europe,2013,80.4668
BEL,Belgium,Europe,2014,81.0802
BEL,Belgium,Europe,2015,80.8889
BEL,Belgium,Europe,2016,81.2647
BEL,Belgium,Europe,2017,81.3624
BEL,Belgium,Europe,2018,81.4805
BEL,Belgium,Europe,2019,81.8353
BEL,Belgium,Europe,2020,80.7977
BEL,Belgium,Europe,2021,81.6591
BEL,Belgium,Europe,2022,81.1589
BEL,Belgium,Europe,2023,82.115
BEN,Benin,Africa,2000,56.5945
BEN,Benin,Africa,2001,56.6542
BEN,Benin,Africa,2002,56.851
BEN,Benin,Africa,2003,57.0924
BEN,Benin,Africa,2004,57.3465
BEN,Benin,Africa,2005,57.7384
BEN,Benin,Africa,2006,57.9659
BEN,Benin,Africa,2007,58.2488
BEN,Benin,Africa,2008,58.099
BEN,Benin,Africa,2009,58.258
BEN,Benin,Africa,2010,58.3873
BEN,Benin,Africa,2011,58.4618
BEN,Benin,Africa,2012,58.5585
BEN,Benin,Africa,2013,58.8634
BEN,Benin,Africa,2014,59.0082
BEN,Benin,Africa,2015,59.1233
BEN,Benin,Africa,2016,59.2826
BEN,Benin,Africa,2017,59.5278
BEN,Benin,Africa,2018,59.7097
BEN,Benin,Africa,2019,59.8875
BEN,Benin,Africa,2020,60.154
BEN,Benin,Africa,2021,59.6103
BEN,Benin,Africa,2022,60.4751
BEN,Benin,Africa,2023,60.7738
BES,Bonaire,North America,2000,76.088
BES,Bonaire,North America,2001,75.5183
BES,Bonaire,North America,2002,75.8828
BES,Bonaire,North America,2003,75.7147
BES,Bonaire,North America,2004,75.538
BES,Bonaire,North America,2005,75.868
BES,Bonaire,North America,2006,76.0728
BES,Bonaire,North America,2007,76.1089
BES,Bonaire,North America,2008,76.5511
BES,Bonaire,North America,2009,76.5394
BES,Bonaire,North America,2010,76.7429
BES,Bonaire,North America,2011,76.3668
BES,Bonaire,North America,2012,76.1875
BES,Bonaire,North America,2013,76.1863
BES,Bonaire,North America,2014,76.9465
BES,Bonaire,North America,2015,77.7542
BES,Bonaire,North America,2016,77.3659
BES,Bonaire,North America,2017,77.6048
BES,Bonaire,North America,2018,77.1027
BES,Bonaire,North America,2019,77.2373
BES,Bonaire,North America,2020,77.213
BES,Bonaire,North America,2021,77.8843
BES,Bonaire,North America,2022,78.1545
BES,Bonaire,North America,2023,77.4355
BFA,Burkina Faso,Africa,2000,50.8081
BFA,Burkina Faso,Africa,2001,51.1884
BFA,Burkina Faso,Africa,2002,51.4475
BFA,Burkina Faso,Africa,2003,51.9586
BFA,Burkina Faso,Africa,2004,52.5999
BFA,Burkina Faso,Africa,2005,53.271
BFA,Burkina Faso,Africa,2006,53.7837
BFA,Burkina Faso,Africa,2007,54.3768
BFA,Burkina Faso,Africa,2008,55.1985
BFA,Burkina Faso,Africa,2009,55.7909
BFA,Burkina Faso,Africa,2010,56.343
BFA,Burkina Faso,Africa,2011,57.0011
BFA,Burkina Faso,Africa,2012,57.4574
BFA,Burkina Faso,Africa,2013,57.9033
BFA,Burkina Faso,Africa,2014,58.3315
BFA,Burkina Faso,Africa,2015,58.7777
BFA,Burkina Faso,Africa,2016,59.1732
BFA,Burkina Faso,Africa,2017,59.5775
BFA,Burkina Faso,Africa,2018,59.9719
BFA,Burkina Faso,Africa,2019,60.1842
BFA,Burkina Faso,Africa,2020,60.4536
BFA,Burkina Faso,Africa,2021,60.0463
BFA,Burkina Faso,Africa,2022,60.7
BFA,Burkina Faso,Africa,2023,61.092
BGD,Bangladesh,Asia,2000,62.0487
BGD,Bangladesh,Asia,2001,62.8358
BGD,Bangladesh,Asia,2002,63.5914
BGD,Bangladesh,Asia,2003,64.2877
BGD,Bangladesh,Asia,2004,64.9118
BGD,Bangladesh,Asia,2005,65.5087
BGD,Bangladesh,Asia,2006,66.0479
BGD,Bangladesh,Asia,2007,66.4578
BGD,Bangladesh,Asia,2008,67.0471
BGD,Bangladesh,Asia,2009,67.5269
BGD,Bangladesh,Asia,2010,68.0091
BGD,Bangladesh,Asia,2011,68.4988
BGD,Bangladesh,Asia,2012,68.9894
BGD,Bangladesh,Asia,2013,69.4874
BGD,Bangladesh,Asia,2014,70.0162
BGD,Bangladesh,Asia,2015,70.5429
BGD,Bangladesh,Asia,2016,71.0752
BGD,Bangladesh,Asia,2017,71.6056
BGD,Bangladesh,Asia,2018,72.1217
BGD,Bangladesh,Asia,2019,72.6254
BGD,Bangladesh,Asia,2020,71.4211
BGD,Bangladesh,Asia,2021,71.1035
BGD,Bangladesh,Asia,2022,74.2647
BGD,Bangladesh,Asia,2023,74.6723
BGR,Bulgaria,Europe,2000,71.5746
BGR,Bulgaria,Europe,2001,71.8788
BGR,Bulgaria,Europe,2002,72.128
BGR,Bulgaria,Europe,2003,72.3727
BGR,Bulgaria,Europe,2004,72.5754
BGR,Bulgaria,Europe,2005,72.5591
BGR,Bulgaria,Europe,2006,72.6899
BGR,Bulgaria,Europe,2007,73.008
BGR,Bulgaria,Europe,2008,73.3385
BGR,Bulgaria,Europe,2009,73.6808
BGR,Bulgaria,Europe,2010,73.814
BGR,Bulgaria,Europe,2011,74.1693
BGR,Bulgaria,Europe,2012,74.3373
BGR,Bulgaria,Europe,2013,74.8277
BGR,Bulgaria,Europe,2014,74.4664
BGR,Bulgaria,Europe,2015,74.6208
BGR,Bulgaria,Europe,2016,74.8271
BGR,Bulgaria,Europe,2017,74.7977
BGR,Bulgaria,Europe,2018,74.9325
BGR,Bulgaria,Europe,2019,75.0874
BGR,Bulgaria,Europe,2020,73.5992
BGR,Bulgaria,Europe,2021,71.4137
BGR,Bulgaria,Europe,2022,74.0342
BGR,Bulgaria,Europe,2023,75.6363
BHR,Bahrain,Asia,2000,74.6726
BHR,Bahrain,Asia,2001,74.9419
BHR,Bahrain,Asia,2002,75.2086
BHR,Bahrain,Asia,2003,75.4857
BHR,Bahrain,Asia,2004,75.7869
BHR,Bahrain,Asia,2005,76.1249
BHR,Bahrain,Asia,2006,76.5101
BHR,Bahrain,Asia,2007,76.9519
BHR,Bahrain,Asia,2008,77.4565
BHR,Bahrain,Asia,2009,78.0162
BHR,Bahrain,Asia,2010,78.5933
BHR,Bahrain,Asia,2011,79.1409
BHR,Bahrain,Asia,2012,79.6218
BHR,Bahrain,Asia,2013,79.9981
BHR,Bahrain,Asia,2014,80.2139
BHR,Bahrain,Asia,2015,80.3378
BHR,Bahrain,Asia,2016,80.407
BHR,Bahrain,Asia,2017,80.4067
BHR,Bahrain,Asia,2018,80.4118
BHR,Bahrain,Asia,2019,80.4706
BHR,Bahrain,Asia,2020,78.6833
BHR,Bahrain,Asia,2021,78.0826
BHR,Bahrain,Asia,2022,80.9921
BHR,Bahrain,Asia,2023,81.2835
BHS,Bahamas,North America,2000,72.4812
BHS,Bahamas,North America,2001,72.7654
BHS,Bahamas,North America,2002,73.0234
BHS,Bahamas,North America,2003,73.2126
BHS,Bahamas,North America,2004,73.235
BHS,Bahamas,North America,2005,73.4132
BHS,Bahamas,North America,2006,73.4558
BHS,Bahamas,North America,2007,73.4628
BHS,Bahamas,North America,2008,73.4454
BHS,Bahamas,North America,2009,73.4551
BHS,Bahamas,North America,2010,73.4487
BHS,Bahamas,North America,2011,73.5712
BHS,Bahamas,North America,2012,73.7069
BHS,Bahamas,North America,2013,73.9304
BHS,Bahamas,North America,2014,74.0286
BHS,Bahamas,North America,2015,73.8047
BHS,Bahamas,North America,2016,74.0421
BHS,Bahamas,North America,2017,74.0314
BHS,Bahamas,North America,2018,74.062
BHS,Bahamas,North America,2019,71.4084
BHS,Bahamas,North America,2020,72.9936
BHS,Bahamas,North America,2021,70.752
BHS,Bahamas,North America,2022,74.4911
BHS,Bahamas,North America,2023,74.5518
BIH,Bosnia and Herzegovina,Europe,2000,75.292
BIH,Bosnia and Herzegovina,Europe,2001,75.5725
BIH,Bosnia and Herzegovina,Europe,2002,75.9938
BIH,Bosnia and Herzegovina,Europe,2003,76.4487
BIH,Bosnia and Herzegovina,Europe,2004,76.4891
BIH,Bosnia and Herzegovina,Europe,2005,76.4243
BIH,Bosnia and Herzegovina,Europe,2006,76.0275
BIH,Bosnia and Herzegovina,Europe,2007,76.1618
BIH,Bosnia and Herzegovina,Europe,2008,76.3005
BIH,Bosnia and Herzegovina,Europe,2009,76.7013
BIH,Bosnia and Herzegovina,Europe,2010,76.827
BIH,Bosnia and Herzegovina,Europe,2011,76.9632
BIH,Bosnia and Herzegovina,Europe,2012,77.0365
BIH,Bosnia and Herzegovina,Europe,2013,77.1292
BIH,Bosnia and Herzegovina,Europe,2014,77.089
BIH,Bosnia and Herzegovina,Europe,2015,77.0733
BIH,Bosnia and Herzegovina,Europe,2016,77.1241
BIH,Bosnia and Herzegovina,Europe,2017,77.3855
BIH,Bosnia and Herzegovina,Europe,2018,77.9425
BIH,Bosnia and Herzegovina,Europe,2019,77.3939
BIH,Bosnia and Herzegovina,Europe,2020,76.0395
BIH,Bosnia and Herzegovina,Europe,2021,74.5673
BIH,Bosnia and Herzegovina,Europe,2022,76.7772
BIH,Bosnia and Herzegovina,Europe,2023,77.8504
BLM,Saint Barthelemy,North America,2000,79.3411
BLM,Saint Barthelemy,North America,2001,79.6228
BLM,Saint Barthelemy,North America,2002,79.9035
BLM,Saint Barthelemy,North America,2003,80.1795
BLM,Saint Barthelemy,North America,2004,80.5027
BLM,Saint Barthelemy,North America,2005,80.8214
BLM,Saint Barthelemy,North America,2006,81.1316
BLM,Saint Barthelemy,North America,2007,81.4245
BLM,Saint Barthelemy,North America,2008,81.6605
BLM,Saint Barthelemy,North America,2009,81.7567
BLM,Saint Barthelemy,North America,2010,81.8807
BLM,Saint Barthelemy,North America,2011,82.0693
BLM,Saint Barthelemy,North America,2012,82.3231
BLM,Saint Barthelemy,North America,2013,82.4823
BLM,Saint Barthelemy,North America,2014,82.7933
BLM,Saint Barthelemy,North America,2015,82.9707
BLM,Saint Barthelemy,North America,2016,83.1544
BLM,Saint Barthelemy,North America,2017,81.7559
BLM,Saint Barthelemy,North America,2018,83.6036
BLM,Saint Barthelemy,North America,2019,83.8237
BLM,Saint Barthelemy,North America,2020,84.0707
BLM,Saint Barthelemy,North America,2021,84.1875
BLM,Saint Barthelemy,North America,2022,84.2805
BLM,Saint Barthelemy,North America,2023,84.2901
BLR,Belarus,Europe,2000,68.4637
BLR,Belarus,Europe,2001,68.4351
BLR,Belarus,Europe,2002,68.2983
BLR,Belarus,Europe,2003,68.4289
BLR,Belarus,Europe,2004,68.6879
BLR,Belarus,Europe,2005,68.9822
BLR,Belarus,Europe,2006,69.436
BLR,Belarus,Europe,2007,69.9855
BLR,Belarus,Europe,2008,70.3485
BLR,Belarus,Europe,2009,70.4088
BLR,Belarus,Europe,2010,70.5005
BLR,Belarus,Europe,2011,71.0679
BLR,Belarus,Europe,2012,71.8
BLR,Belarus,Europe,2013,72.6808
BLR,Belarus,Europe,2014,73.245
BLR,Belarus,Europe,2015,73.7607
BLR,Belarus,Europe,2016,74.1532
BLR,Belarus,Europe,2017,74.3618
BLR,Belarus,Europe,2018,74.3344
BLR,Belarus,Europe,2019,74.2555
BLR,Belarus,Europe,2020,72.269
BLR,Belarus,Europe,2021,72.2206
BLR,Belarus,Europe,2022,74.3612
BLR,Belarus,Europe,2023,74.4339
BLZ,Belize,North America,2000,68.9108
BLZ,Belize,North America,2001,68.944
BLZ,Belize,North America,2002,69.5285
BLZ,Belize,North America,2003,69.8185
BLZ,Belize,North America,2004,70.1521
BLZ,Belize,North America,2005,70.3347
BLZ,Belize,North America,2006,70.5352
BLZ,Belize,North America,2007,70.6524
BLZ,Belize,North America,2008,70.6651
BLZ,Belize,North America,2009,70.8058
BLZ,Belize,North America,2010,70.8753
BLZ,Belize,North America,2011,70.9755
BLZ,Belize,North America,2012,71.1342
BLZ,Belize,North America,2013,71.2757
BLZ,Belize,North America,2014,71.4372
BLZ,Belize,North America,2015,71.6467
BLZ,Belize,North America,2016,71.8433
BLZ,Belize,North America,2017,72.062
BLZ,Belize,North America,2018,72.3215
BLZ,Belize,North America,2019,72.5766
BLZ,Belize,North America,2020,71.5801
BLZ,Belize,North America,2021,70.917
BLZ,Belize,North America,2022,72.1904
BLZ,Belize,North America,2023,73.5656
BMU,Bermuda,North America,2000,78.2508
BMU,Bermuda,North America,2001,78.6366
BMU,Bermuda,North America,2002,78.8406
BMU,Bermuda,North America,2003,78.7147
BMU,Bermuda,North America,2004,78.8981
BMU,Bermuda,North America,2005,78.8737
BMU,Bermuda,North America,2006,78.8695
BMU,Bermuda,North America,2007,79.0056
BMU,Bermuda,North America,2008,79.1011
BMU,Bermuda,North America,2009,79.2293
BMU,Bermuda,North America,2010,79.4139
BMU,Bermuda,North America,2011,79.6515
BMU,Bermuda,North America,2012,79.8475
BMU,Bermuda,North America,2013,80.0156
BMU,Bermuda,North America,2014,80.1986
BMU,Bermuda,North America,2015,80.3378
BMU,Bermuda,North America,2016,80.4761
BMU,Bermuda,North America,2017,80.6861
BMU,Bermuda,North America,2018,80.9856
BMU,Bermuda,North America,2019,81.2507
BMU,Bermuda,North America,2020,81.4562
BMU,Bermuda,North America,2021,81.7451
BMU,Bermuda,North America,2022,82.0616
BMU,Bermuda,North America,2023,82.3089
BOL,Bolivia,South America,2000,62.0572
BOL,Bolivia,South America,2001,62.5381
BOL,Bolivia,South America,2002,63.0676
BOL,Bolivia,South America,2003,63.4553
BOL,Bolivia,South America,2004,63.8186
BOL,Bolivia,South America,2005,64.1822
BOL,Bolivia,South America,2006,64.529
BOL,Bolivia,South America,2007,64.9386
BOL,Bolivia,South America,2008,65.2987
BOL,Bolivia,South America,2009,65.6555
BOL,Bolivia,South America,2010,66.0033
BOL,Bolivia,South America,2011,66.2816
BOL,Bolivia,South America,2012,66.5858
BOL,Bolivia,South America,2013,66.7773
BOL,Bolivia,South America,2014,66.9697
BOL,Bolivia,South America,2015,67.2052
BOL,Bolivia,South America,2016,67.3925
BOL,Bolivia,South America,2017,67.5357
BOL,Bolivia,South America,2018,67.6992
BOL,Bolivia,South America,2019,67.8198
BOL,Bolivia,South America,2020,62.906
BOL,Bolivia,South America,2021,61.4268
BOL,Bolivia,South America,2022,67.4342
BOL,Bolivia,South America,2023,68.5814
BRA,Brazil,South America,2000,69.5842
BRA,Brazil,South America,2001,69.98
BRA,Brazil,South America,2002,70.3958
BRA,Brazil,South America,2003,70.8841
BRA,Brazil,South America,2004,71.3611
BRA,Brazil,South America,2005,71.8319
BRA,Brazil,South America,2006,72.2963
BRA,Brazil,South America,2007,72.7297
BRA,Brazil,South America,2008,73.1109
BRA,Brazil,South America,2009,73.4569
BRA,Brazil,South America,2010,73.779
BRA,Brazil,South America,2011,74.0473
BRA,Brazil,South America,2012,74.3346
BRA,Brazil,South America,2013,74.6093
BRA,Brazil,South America,2014,74.8225
BRA,Brazil,South America,2015,75.1064
BRA,Brazil,South America,2016,75.0805
BRA,Brazil,South America,2017,75.3835
BRA,Brazil,South America,2018,75.6335
BRA,Brazil,South America,2019,75.8093
BRA,Brazil,South America,2020,74.5058
BRA,Brazil,South America,2021,73.0377
BRA,Brazil,South America,2022,74.8719
BRA,Brazil,South America,2023,75.8482
BRB,Barbados,North America,2000,74.5803
BRB,Barbados,North America,2001,74.7065
BRB,Barbados,North America,2002,74.8203
BRB,Barbados,North America,2003,74.8653
BRB,Barbados,North America,2004,75.1499
BRB,Barbados,North America,2005,74.9602
BRB,Barbados,North America,2006,75.0485
BRB,Barbados,North America,2007,75.2625
BRB,Barbados,North America,2008,75.3002
BRB,Barbados,North America,2009,75.4582
BRB,Barbados,North America,2010,75.4882
BRB,Barbados,North America,2011,75.5985
BRB,Barbados,North America,2012,75.7373
BRB,Barbados,North America,2013,75.816
BRB,Barbados,North America,2014,75.9263
BRB,Barbados,North America,2015,76.0546
BRB,Barbados,North America,2016,76.1681
BRB,Barbados,North America,2017,76.2365
BRB,Barbados,North America,2018,76.3784
BRB,Barbados,North America,2019,76.4951
BRB,Barbados,North America,2020,76.6465
BRB,Barbados,North America,2021,76.5797
BRB,Barbados,North America,2022,75.6761
BRB,Barbados,North America,2023,76.1782
BRN,Brunei,Asia,2000,74.0169
BRN,Brunei,Asia,2001,74.2089
BRN,Brunei,Asia,2002,74.3652
BRN,Brunei,Asia,2003,74.5091
BRN,Brunei,Asia,2004,74.6033
BRN,Brunei,Asia,2005,74.6831
BRN,Brunei,Asia,2006,74.7534
BRN,Brunei,Asia,2007,74.793
BRN,Brunei,Asia,2008,74.8138
BRN,Brunei,Asia,2009,74.8144
BRN,Brunei,Asia,2010,74.8195
BRN,Brunei,Asia,2011,74.8355
BRN,Brunei,Asia,2012,74.8428
BRN,Brunei,Asia,2013,74.8544
BRN,Brunei,Asia,2014,74.862
BRN,Brunei,Asia,2015,74.8802
BRN,Brunei,Asia,2016,74.9054
BRN,Brunei,Asia,2017,74.9429
BRN,Brunei,Asia,2018,74.9915
BRN,Brunei,Asia,2019,75.049
BRN,Brunei,Asia,2020,75.1138
BRN,Brunei,Asia,2021,74.8692
BRN,Brunei,Asia,2022,72.9171
BRN,Brunei,Asia,2023,75.3266
BTN,Bhutan,Asia,2000,61.8417
BTN,Bhutan,Asia,2001,63.3226
BTN,Bhutan,Asia,2002,63.984
BTN,Bhutan,Asia,2003,64.6619
BTN,Bhutan,Asia,2004,65.2898
BTN,Bhutan,Asia,2005,65.8746
BTN,Bhutan,Asia,2006,66.4992
BTN,Bhutan,Asia,2007,67.1518
BTN,Bhutan,Asia,2008,67.7329
BTN,Bhutan,Asia,2009,68.1565
BTN,Bhutan,Asia,2010,68.7648
BTN,Bhutan,Asia,2011,69.2802
BTN,Bhutan,Asia,2012,69.7589
BTN,Bhutan,Asia,2013,70.1611
BTN,Bhutan,Asia,2014,70.5035
BTN,Bhutan,Asia,2015,70.7971
BTN,Bhutan,Asia,2016,71.1193
BTN,Bhutan,Asia,2017,71.4127
BTN,Bhutan,Asia,2018,71.7113
BTN,Bhutan,Asia,2019,72.0049
BTN,Bhutan,Asia,2020,72.2531
BTN,Bhutan,Asia,2021,72.4482
BTN,Bhutan,Asia,2022,72.754
BTN,Bhutan,Asia,2023,72.9753
BWA,Botswana,Africa,2000,52.2631
BWA,Botswana,Africa,2001,52.2104
BWA,Botswana,Africa,2002,52.3733
BWA,Botswana,Africa,2003,52.8508
BWA,Botswana,Africa,2004,53.5729
BWA,Botswana,Africa,2005,54.3862
BWA,Botswana,Africa,2006,55.1119
BWA,Botswana,Africa,2007,56.7351
BWA,Botswana,Africa,2008,57.6607
BWA,Botswana,Africa,2009,58.2975
BWA,Botswana,Africa,2010,59.1373
BWA,Botswana,Africa,2011,59.7149
BWA,Botswana,Africa,2012,60.3844
BWA,Botswana,Africa,2013,61.2167
BWA,Botswana,Africa,2014,62.1675
BWA,Botswana,Africa,2015,63.215
BWA,Botswana,Africa,2016,64.3199
BWA,Botswana,Africa,2017,65.4203
BWA,Botswana,Africa,2018,66.3709
BWA,Botswana,Africa,2019,67.1668
BWA,Botswana,Africa,2020,67.6426
BWA,Botswana,Africa,2021,63.3025
BWA,Botswana,Africa,2022,68.7487
BWA,Botswana,Africa,2023,69.1631
CAF,Central African Republic,Africa,2000,46.6095
CAF,Central African Republic,Africa,2001,46.7338
CAF,Central African Republic,Africa,2002,46.8395
CAF,Central African Republic,Africa,2003,47.3059
CAF,Central African Republic,Africa,2004,47.6964
CAF,Central African Republic,Africa,2005,48.207
CAF,Central African Republic,Africa,2006,48.6867
CAF,Central African Republic,Africa,2007,49.3267
CAF,Central African Republic,Africa,2008,49.8728
CAF,Central African Republic,Africa,2009,14.6655
CAF,Central African Republic,Africa,2010,46.8707
CAF,Central African Republic,Africa,2011,50.107
CAF,Central African Republic,Africa,2012,51.3355
CAF,Central African Republic,Africa,2013,49.4871
CAF,Central African Republic,Africa,2014,40.2652
CAF,Central African Republic,Africa,2015,51.9338
CAF,Central African Republic,Africa,2016,50.9988
CAF,Central African Republic,Africa,2017,45.2315
CAF,Central African Republic,Africa,2018,52.2973
CAF,Central African Republic,Africa,2019,31.5302
CAF,Central African Republic,Africa,2020,50.5959
CAF,Central African Republic,Africa,2021,40.2791
CAF,Central African Republic,Africa,2022,18.8177
CAF,Central African Republic,Africa,2023,57.4077
CAN,Canada,North America,2000,79.233
CAN,Canada,North America,2001,79.4494
CAN,Canada,North America,2002,79.5658
CAN,Canada,North America,2003,79.7363
CAN,Canada,North America,2004,80.029
CAN,Canada,North America,2005,80.131
CAN,Canada,North America,2006,80.5398
CAN,Canada,North America,2007,80.5422
CAN,Canada,North America,2008,80.7304
CAN,Canada,North America,2009,81.0648
CAN,Canada,North America,2010,81.3363
CAN,Canada,North America,2011,81.5133
CAN,Canada,North America,2012,81.7037
CAN,Canada,North America,2013,81.7852
CAN,Canada,North America,2014,81.8373
CAN,Canada,North America,2015,81.9084
CAN,Canada,North America,2016,82.0301
CAN,Canada,North America,2017,81.9195
CAN,Canada,North America,2018,81.9247
CAN,Canada,North America,2019,82.2848
CAN,Canada,North America,2020,81.6536
CAN,Canada,North America,2021,81.976
CAN,Canada,North America,2022,81.2493
CAN,Canada,North America,2023,82.6302
CHE,Switzerland,Europe,2000,79.834
CHE,Switzerland,Europe,2001,80.2511
CHE,Switzerland,Europe,2002,80.4438
CHE,Switzerland,Europe,2003,80.5325
CHE,Switzerland,Europe,2004,81.0549
CHE,Switzerland,Europe,2005,81.2362
CHE,Switzerland,Europe,2006,81.5495
CHE,Switzerland,Europe,2007,81.7028
CHE,Switzerland,Europe,2008,81.9709
CHE,Switzerland,Europe,2009,81.9891
CHE,Switzerland,Europe,2010,82.2873
CHE,Switzerland,Europe,2011,82.5738
CHE,Switzerland,Europe,2012,82.6167
CHE,Switzerland,Europe,2013,82.6892
CHE,Switzerland,Europe,2014,83.0841
CHE,Switzerland,Europe,2015,82.8461
CHE,Switzerland,Europe,2016,83.4457
CHE,Switzerland,Europe,2017,83.414
CHE,Switzerland,Europe,2018,83.5639
CHE,Switzerland,Europe,2019,83.7804
CHE,Switzerland,Europe,2020,83.0626
CHE,Switzerland,Europe,2021,83.6477
CHE,Switzerland,Europe,2022,83.2003
CHE,Switzerland,Europe,2023,83.9536
CHL,Chile,South America,2000,77.1276
CHL,Chile,South America,2001,77.5798
CHL,Chile,South America,2002,77.8397
CHL,Chile,South America,2003,77.8841
CHL,Chile,South America,2004,78.2765
CHL,Chile,South America,2005,78.4589
CHL,Chile,South America,2006,78.5328
CHL,Chile,South America,2007,78.6519
CHL,Chile,South America,2008,78.7518
CHL,Chile,South America,2009,78.8901
CHL,Chile,South America,2010,79.0954
CHL,Chile,South America,2011,79.2357
CHL,Chile,South America,2012,79.2211
CHL,Chile,South America,2013,79.5509
CHL,Chile,South America,2014,79.7137
CHL,Chile,South America,2015,80.0079
CHL,Chile,South America,2016,80.2949
CHL,Chile,South America,2017,80.6096
CHL,Chile,South America,2018,80.5594
CHL,Chile,South America,2019,80.3243
CHL,Chile,South America,2020,79.3488
CHL,Chile,South America,2021,78.8764
CHL,Chile,South America,2022,79.1762
CHL,Chile,South America,2023,81.1667
CHN,China,Asia,2000,72.2885
CHN,China,Asia,2001,72.6755
CHN,China,Asia,2002,73.0339
CHN,China,Asia,2003,73.3853
CHN,China,Asia,2004,73.7274
CHN,China,Asia,2005,74.085
CHN,China,Asia,2006,74.4037
CHN,China,Asia,2007,74.7886
CHN,China,Asia,2008,74.8333
CHN,China,Asia,2009,75.3174
CHN,China,Asia,2010,75.6679
CHN,China,Asia,2011,75.8891
CHN,China,Asia,2012,76.2
CHN,China,Asia,2013,76.4521
CHN,China,Asia,2014,76.7143
CHN,China,Asia,2015,76.9755
CHN,China,Asia,2016,77.214
CHN,China,Asia,2017,77.2353
CHN,China,Asia,2018,77.709
CHN,China,Asia,2019,77.9396
CHN,China,Asia,2020,78.0191
CHN,China,Asia,2021,78.1166
CHN,China,Asia,2022,78.2021
CHN,China,Asia,2023,77.9529
CIV,Cote d'Ivoire,Africa,2000,51.3927
CIV,Cote d'Ivoire,Africa,2001,51.4284
CIV,Cote d'Ivoire,Africa,2002,51.5441
CIV,Cote d'Ivoire,Africa,2003,51.4432
CIV,Cote d'Ivoire,Africa,2004,51.9392
CIV,Cote d'Ivoire,Africa,2005,52.4324
CIV,Cote d'Ivoire,Africa,2006,52.8853
CIV,Cote d'Ivoire,Africa,2007,53.4517
CIV,Cote d'Ivoire,Africa,2008,54.1794
CIV,Cote d'Ivoire,Africa,2009,54.7441
CIV,Cote d'Ivoire,Africa,2010,55.282
CIV,Cote d'Ivoire,Africa,2011,55.9724
CIV,Cote d'Ivoire,Africa,2012,56.5698
CIV,Cote d'Ivoire,Africa,2013,57.0571
CIV,Cote d'Ivoire,Africa,2014,57.7719
CIV,Cote d'Ivoire,Africa,2015,58.2807
CIV,Cote d'Ivoire,Africa,2016,58.8136
CIV,Cote d'Ivoire,Africa,2017,59.3151
CIV,Cote d'Ivoire,Africa,2018,59.7946
CIV,Cote d'Ivoire,Africa,2019,60.2741
CIV,Cote d'Ivoire,Africa,2020,60.1397
CIV,Cote d'Ivoire,Africa,2021,60.2897
CIV,Cote d'Ivoire,Africa,2022,61.5622
CIV,Cote d'Ivoire,Africa,2023,61.9438
CMR,Cameroon,Africa,2000,53.3376
CMR,Cameroon,Africa,2001,53.5983
CMR,Cameroon,Africa,2002,53.9219
CMR,Cameroon,Africa,2003,54.2528
CMR,Cameroon,Africa,2004,54.5782
CMR,Cameroon,Africa,2005,54.9042
CMR,Cameroon,Africa,2006,55.3014
CMR,Cameroon,Africa,2007,55.7101
CMR,Cameroon,Africa,2008,56.1164
CMR,Cameroon,Africa,2009,56.4855
CMR,Cameroon,Africa,2010,56.9652
CMR,Cameroon,Africa,2011,57.482
CMR,Cameroon,Africa,2012,58.1696
CMR,Cameroon,Africa,2013,58.7305
CMR,Cameroon,Africa,2014,59.1301
CMR,Cameroon,Africa,2015,59.6866
CMR,Cameroon,Africa,2016,60.2934
CMR,Cameroon,Africa,2017,60.8174
CMR,Cameroon,Africa,2018,61.1888
CMR,Cameroon,Africa,2019,61.6952
CMR,Cameroon,Africa,2020,61.6738
CMR,Cameroon,Africa,2021,61.1463
CMR,Cameroon,Africa,2022,62.4428
CMR,Cameroon,Africa,2023,63.6996
COD,DR Congo,Africa,2000,51.8871
COD,DR Congo,Africa,2001,52.2054
COD,DR Congo,Africa,2002,52.3712
COD,DR Congo,Africa,2003,52.9519
COD,DR Congo,Africa,2004,53.5341
COD,DR Congo,Africa,2005,54.0014
COD,DR Congo,Africa,2006,54.4977
COD,DR Congo,Africa,2007,54.9543
COD,DR Congo,Africa,2008,55.3884
COD,DR Congo,Africa,2009,55.7981
COD,DR Congo,Africa,2010,56.4111
COD,DR Congo,Africa,2011,56.9106
COD,DR Congo,Africa,2012,57.3502
COD,DR Congo,Africa,2013,57.7953
COD,DR Congo,Africa,2014,58.2355
COD,DR Congo,Africa,2015,58.6576
COD,DR Congo,Africa,2016,59.0814
COD,DR Congo,Africa,2017,59.4952
COD,DR Congo,Africa,2018,59.9265
COD,DR Congo,Africa,2019,60.2425
COD,DR Congo,Africa,2020,60.4283
COD,DR Congo,Africa,2021,60.0444
COD,DR Congo,Africa,2022,60.9789
COD,DR Congo,Africa,2023,61.895
COG,Congo,Africa,2000,55.3706
COG,Congo,Africa,2001,55.8849
COG,Congo,Africa,2002,56.414
COG,Congo,Africa,2003,57.1313
COG,Congo,Africa,2004,57.9574
COG,Congo,Africa,2005,58.7302
COG,Congo,Africa,2006,59.474
COG,Congo,Africa,2007,60.0502
COG,Congo,Africa,2008,60.7903
COG,Congo,Africa,2009,61.2148
COG,Congo,Africa,2010,61.7311
COG,Congo,Africa,2011,62.2862
COG,Congo,Africa,2012,62.6616
COG,Congo,Africa,2013,62.9689
COG,Congo,Africa,2014,63.3491
COG,Congo,Africa,2015,63.6622
COG,Congo,Africa,2016,63.9108
COG,Congo,Africa,2017,64.2028
COG,Congo,Africa,2018,64.472
COG,Congo,Africa,2019,63.1523
COG,Congo,Africa,2020,64.3907
COG,Congo,Africa,2021,64.1918
COG,Congo,Africa,2022,65.0003
COG,Congo,Africa,2023,65.772
COK,Cook Islands,Oceania,2000,69.8493
COK,Cook Islands,Oceania,2001,70.0852
COK,Cook Islands,Oceania,2002,70.3447
COK,Cook Islands,Oceania,2003,70.5785
COK,Cook Islands,Oceania,2004,70.874
COK,Cook Islands,Oceania,2005,71.1716
COK,Cook Islands,Oceania,2006,71.4493
COK,Cook Islands,Oceania,2007,71.7777
COK,Cook Islands,Oceania,2008,72.12
COK,Cook Islands,Oceania,2009,72.439
COK,Cook Islands,Oceania,2010,72.7522
COK,Cook Islands,Oceania,2011,73.0452
COK,Cook Islands,Oceania,2012,73.3241
COK,Cook Islands,Oceania,2013,73.6124
COK,Cook Islands,Oceania,2014,73.8314
COK,Cook Islands,Oceania,2015,74.0178
COK,Cook Islands,Oceania,2016,74.1646
COK,Cook Islands,Oceania,2017,74.3162
COK,Cook Islands,Oceania,2018,74.4407
COK,Cook Islands,Oceania,2019,74.5561
COK,Cook Islands,Oceania,2020,74.5139
COK,Cook Islands,Oceania,2021,74.5833
COK,Cook Islands,Oceania,2022,75.0787
COK,Cook Islands,Oceania,2023,75.2818
COL,Colombia,South America,2000,70.905
COL,Colombia,South America,2001,71.1853
COL,Colombia,South America,2002,71.5366
COL,Colombia,South America,2003,72.3086
COL,Colombia,South America,2004,72.7605
COL,Colombia,South America,2005,73.1557
COL,Colombia,South America,2006,73.4974
COL,Colombia,South America,2007,73.7509
COL,Colombia,South America,2008,74.2057
COL,Colombia,South America,2009,74.5306
COL,Colombia,South America,2010,74.8757
COL,Colombia,South America,2011,75.1803
COL,Colombia,South America,2012,75.6106
COL,Colombia,South America,2013,75.8343
COL,Colombia,South America,2014,75.9497
COL,Colombia,South America,2015,76.0665
COL,Colombia,South America,2016,76.2285
COL,Colombia,South America,2017,76.4178
COL,Colombia,South America,2018,76.5791
COL,Colombia,South America,2019,76.7927
COL,Colombia,South America,2020,74.7565
COL,Colombia,South America,2021,72.6983
COL,Colombia,South America,2022,76.5081
COL,Colombia,South America,2023,77.7246
COM,Comoros,Africa,2000,58.9407
COM,Comoros,Africa,2001,59.5867
COM,Comoros,Africa,2002,59.7228
COM,Comoros,Africa,2003,60.2402
COM,Comoros,Africa,2004,60.5567
COM,Comoros,Africa,2005,60.8827
COM,Comoros,Africa,2006,61.2291
COM,Comoros,Africa,2007,61.4753
COM,Comoros,Africa,2008,61.9548
COM,Comoros,Africa,2009,62.3017
COM,Comoros,Africa,2010,62.7473
COM,Comoros,Africa,2011,63.1048
COM,Comoros,Africa,2012,63.4626
COM,Comoros,Africa,2013,63.8388
COM,Comoros,Africa,2014,64.1427
COM,Comoros,Africa,2015,64.4727
COM,Comoros,Africa,2016,64.7916
COM,Comoros,Africa,2017,65.1272
COM,Comoros,Africa,2018,65.4009
COM,Comoros,Africa,2019,65.6622
COM,Comoros,Africa,2020,65.7559
COM,Comoros,Africa,2021,65.2009
COM,Comoros,Africa,2022,66.4806
COM,Comoros,Africa,2023,66.7768
CPV,Cape Verde,Africa,2000,68.1167
CPV,Cape Verde,Africa,2001,68.7073
CPV,Cape Verde,Africa,2002,69.4471
CPV,Cape Verde,Africa,2003,70.0058
CPV,Cape Verde,Africa,2004,70.4988
CPV,Cape Verde,Africa,2005,70.9365
CPV,Cape Verde,Africa,2006,71.341
CPV,Cape Verde,Africa,2007,71.487
CPV,Cape Verde,Africa,2008,71.8877
CPV,Cape Verde,Africa,2009,72.1424
CPV,Cape Verde,Africa,2010,72.5066
CPV,Cape Verde,Africa,2011,72.9131
CPV,Cape Verde,Africa,2012,73.3148
CPV,Cape Verde,Africa,2013,73.4812
CPV,Cape Verde,Africa,2014,73.7885
CPV,Cape Verde,Africa,2015,74.0963
CPV,Cape Verde,Africa,2016,74.3504
CPV,Cape Verde,Africa,2017,74.7103
CPV,Cape Verde,Africa,2018,74.8397
CPV,Cape Verde,Africa,2019,75.4486
CPV,Cape Verde,Africa,2020,73.8177
CPV,Cape Verde,Africa,2021,74.4235
CPV,Cape Verde,Africa,2022,75.9068
CPV,Cape Verde,Africa,2023,76.0587
CRI,Costa Rica,North America,2000,77.3175
CRI,Costa Rica,North America,2001,77.609
CRI,Costa Rica,North America,2002,77.9394
CRI,Costa Rica,North America,2003,78.2142
CRI,Costa Rica,North America,2004,78.5116
CRI,Costa Rica,North America,2005,78.8766
CRI,Costa Rica,North America,2006,79.049
CRI,Costa Rica,North America,2007,79.0981
CRI,Costa Rica,North America,2008,79.1802
CRI,Costa Rica,North America,2009,79.3718
CRI,Costa Rica,North America,2010,79.354
CRI,Costa Rica,North America,2011,79.624
CRI,Costa Rica,North America,2012,79.925
CRI,Costa Rica,North America,2013,80.1892
CRI,Costa Rica,North America,2014,80.2313
CRI,Costa Rica,North America,2015,80.4069
CRI,Costa Rica,North America,2016,79.9879
CRI,Costa Rica,North America,2017,79.9944
CRI,Costa Rica,North America,2018,80.0896
CRI,Costa Rica,North America,2019,80.2963
CRI,Costa Rica,North America,2020,79.7252
CRI,Costa Rica,North America,2021,78.0501
CRI,Costa Rica,North America,2022,79.3164
CRI,Costa Rica,North America,2023,80.7995
CUB,Cuba,North America,2000,75.9224
CUB,Cuba,North America,2001,76.4287
CUB,Cuba,North America,2002,76.7655
CUB,Cuba,North America,2003,77.4048
CUB,Cuba,North America,2004,77.3261
CUB,Cuba,North America,2005,77.5401
CUB,Cuba,North America,2006,77.4055
CUB,Cuba,North America,2007,77.5503
CUB,Cuba,North America,2008,77.5891
CUB,Cuba,North America,2009,77.5835
CUB,Cuba,North America,2010,77.8757
CUB,Cuba,North America,2011,78.0506
CUB,Cuba,North America,2012,78.1618
CUB,Cuba,North America,2013,78.0279
CUB,Cuba,North America,2014,77.8245
CUB,Cuba,North America,2015,77.7453
CUB,Cuba,North America,2016,77.5706
CUB,Cuba,North America,2017,77.3003
CUB,Cuba,North America,2018,77.4259
CUB,Cuba,North America,2019,77.4133
CUB,Cuba,North America,2020,77.4075
CUB,Cuba,North America,2021,73.2006
CUB,Cuba,North America,2022,77.6291
CUB,Cuba,North America,2023,78.0855
CUW,Curaçao,North America,2000,73.2829
CUW,Curaçao,North America,2001,73.3602
CUW,Curaçao,North America,2002,73.4722
CUW,Curaçao,North America,2003,73.6031
CUW,Curaçao,North America,2004,73.7354
CUW,Curaçao,North America,2005,73.8731
CUW,Curaçao,North America,2006,73.9777
CUW,Curaçao,North America,2007,74.1368
CUW,Curaçao,North America,2008,74.3137
CUW,Curaçao,North America,2009,74.4853
CUW,Curaçao,North America,2010,75.1167
CUW,Curaçao,North America,2011,75.5757
CUW,Curaçao,North America,2012,75.9604
CUW,Curaçao,North America,2013,76.2386
CUW,Curaçao,North America,2014,76.3837
CUW,Curaçao,North America,2015,76.4823
CUW,Curaçao,North America,2016,76.3222
CUW,Curaçao,North America,2017,76.4226
CUW,Curaçao,North America,2018,76.4929
CUW,Curaçao,North America,2019,76.4917
CUW,Curaçao,North America,2020,76.5011
CUW,Curaçao,North America,2021,75.6857
CUW,Curaçao,North America,2022,76.7287
CUW,Curaçao,North America,2023,76.7996
CYM,Cayman Islands,North America,2000,74.3779
CYM,Cayman Islands,North America,2001,74.5295
CYM,Cayman Islands,North America,2002,74.6095
CYM,Cayman Islands,North America,2003,74.6388
CYM,Cayman Islands,North America,2004,74.5957
CYM,Cayman Islands,North America,2005,74.8632
CYM,Cayman Islands,North America,2006,75.0002
CYM,Cayman Islands,North America,2007,75.1518
CYM,Cayman Islands,North America,2008,75.3859
CYM,Cayman Islands,North America,2009,75.6706
CYM,Cayman Islands,North America,2010,76.0687
CYM,Cayman Islands,North America,2011,76.5618
CYM,Cayman Islands,North America,2012,77.1205
CYM,Cayman Islands,North America,2013,77.6516
CYM,Cayman Islands,North America,2014,77.8646
CYM,Cayman Islands,North America,2015,78.1191
CYM,Cayman Islands,North America,2016,78.3669
CYM,Cayman Islands,North America,2017,78.6149
CYM,Cayman Islands,North America,2018,78.8355
CYM,Cayman Islands,North America,2019,79.0516
CYM,Cayman Islands,North America,2020,79.2299
CYM,Cayman Islands,North America,2021,79.2996
CYM,Cayman Islands,North America,2022,79.9841
CYM,Cayman Islands,North America,2023,80.3576
CYP,Cyprus,Asia,2000,77.9
CYP,Cyprus,Asia,2001,78.1848
CYP,Cyprus,Asia,2002,78.7582
CYP,Cyprus,Asia,2003,78.9081
CYP,Cyprus,Asia,2004,79.0067
CYP,Cyprus,Asia,2005,79.1975
CYP,Cyprus,Asia,2006,79.4561
CYP,Cyprus,Asia,2007,79.7982
CYP,Cyprus,Asia,2008,79.9063
CYP,Cyprus,Asia,2009,80.3749
CYP,Cyprus,Asia,2010,80.6325
CYP,Cyprus,Asia,2011,80.8546
CYP,Cyprus,Asia,2012,81.1284
CYP,Cyprus,Asia,2013,81.3165
CYP,Cyprus,Asia,2014,81.3373
CYP,Cyprus,Asia,2015,81.4637
CYP,Cyprus,Asia,2016,81.5341
CYP,Cyprus,Asia,2017,81.5431
CYP,Cyprus,Asia,2018,81.5558
CYP,Cyprus,Asia,2019,81.4543
CYP,Cyprus,Asia,2020,81.2302
CYP,Cyprus,Asia,2021,80.5735
CYP,Cyprus,Asia,2022,80.4337
CYP,Cyprus,Asia,2023,81.648
CZE,Czechia,Europe,2000,74.9781
CZE,Czechia,Europe,2001,75.3141
CZE,Czechia,Europe,2002,75.4424
CZE,Czechia,Europe,2003,75.3959
CZE,Czechia,Europe,2004,75.9416
CZE,Czechia,Europe,2005,76.1561
CZE,Czechia,Europe,2006,76.708
CZE,Czechia,Europe,2007,76.9189
CZE,Czechia,Europe,2008,77.1722
CZE,Czechia,Europe,2009,77.2578
CZE,Czechia,Europe,2010,77.5677
CZE,Czechia,Europe,2011,77.8144
CZE,Czechia,Europe,2012,77.9977
CZE,Czechia,Europe,2013,78.169
CZE,Czechia,Europe,2014,78.7439
CZE,Czechia,Europe,2015,78.5609
CZE,Czechia,Europe,2016,78.9744
CZE,Czechia,Europe,2017,78.926
CZE,Czechia,Europe,2018,78.9612
CZE,Czechia,Europe,2019,79.1853
CZE,Czechia,Europe,2020,78.237
CZE,Czechia,Europe,2021,77.2342
CZE,Czechia,Europe,2022,79.1648
CZE,Czechia,Europe,2023,79.8341
DEU,Germany,Europe,2000,78.0563
DEU,Germany,Europe,2001,78.4023
DEU,Germany,Europe,2002,78.4749
DEU,Germany,Europe,2003,78.5361
DEU,Germany,Europe,2004,79.1186
DEU,Germany,Europe,2005,79.254
DEU,Germany,Europe,2006,79.5862
DEU,Germany,Europe,2007,79.7306
DEU,Germany,Europe,2008,79.8161
DEU,Germany,Europe,2009,79.9151
DEU,Germany,Europe,2010,80.0814
DEU,Germany,Europe,2011,80.3549
DEU,Germany,Europe,2012,80.5017
DEU,Germany,Europe,2013,80.454
DEU,Germany,Europe,2014,80.9056
DEU,Germany,Europe,2015,80.5658
DEU,Germany,Europe,2016,80.8371
DEU,Germany,Europe,2017,80.9371
DEU,Germany,Europe,2018,80.8747
DEU,Germany,Europe,2019,81.1893
DEU,Germany,Europe,2020,81.0036
DEU,Germany,Europe,2021,81.1059
DEU,Germany,Europe,2022,80.5796
DEU,Germany,Europe,2023,81.3777
DJI,Djibouti,Africa,2000,56.7341
DJI,Djibouti,Africa,2001,57.5059
DJI,Djibouti,Africa,2002,57.8239
DJI,Djibouti,Africa,2003,58.0406
DJI,Djibouti,Africa,2004,58.1033
DJI,Djibouti,Africa,2005,58.5483
DJI,Djibouti,Africa,2006,58.9617
DJI,Djibouti,Africa,2007,59.3617
DJI,Djibouti,Africa,2008,59.815
DJI,Djibouti,Africa,2009,60.3511
DJI,Djibouti,Africa,2010,60.7431
DJI,Djibouti,Africa,2011,61.3373
DJI,Djibouti,Africa,2012,61.7188
DJI,Djibouti,Africa,2013,62.1162
DJI,Djibouti,Africa,2014,62.4274
DJI,Djibouti,Africa,2015,62.8326
DJI,Djibouti,Africa,2016,63.335
DJI,Djibouti,Africa,2017,63.71
DJI,Djibouti,Africa,2018,64.1051
DJI,Djibouti,Africa,2019,64.3809
DJI,Djibouti,Africa,2020,64.2001
DJI,Djibouti,Africa,2021,63.8301
DJI,Djibouti,Africa,2022,65.5402
DJI,Djibouti,Africa,2023,65.9865
DMA,Dominica,North America,2000,71.7154
DMA,Dominica,North America,2001,71.8624
DMA,Dominica,North America,2002,71.9275
DMA,Dominica,North America,2003,71.9423
DMA,Dominica,North America,2004,71.9865
DMA,Dominica,North America,2005,72.0161
DMA,Dominica,North America,2006,72.0071
DMA,Dominica,North America,2007,71.9008
DMA,Dominica,North America,2008,71.9446
DMA,Dominica,North America,2009,71.8353
DMA,Dominica,North America,2010,71.6797
DMA,Dominica,North America,2011,71.5167
DMA,Dominica,North America,2012,71.3909
DMA,Dominica,North America,2013,71.2283
DMA,Dominica,North America,2014,71.1892
DMA,Dominica,North America,2015,69.9683
DMA,Dominica,North America,2016,71.1889
DMA,Dominica,North America,2017,68.6199
DMA,Dominica,North America,2018,71.3779
DMA,Dominica,North America,2019,71.3052
DMA,Dominica,North America,2020,71.2693
DMA,Dominica,North America,2021,69.8318
DMA,Dominica,North America,2022,71.0806
DMA,Dominica,North America,2023,71.1325
DNK,Denmark,Europe,2000,76.8152
DNK,Denmark,Europe,2001,76.9736
DNK,Denmark,Europe,2002,77.0989
DNK,Denmark,Europe,2003,77.4012
DNK,Denmark,Europe,2004,77.7853
DNK,Denmark,Europe,2005,78.2259
DNK,Denmark,Europe,2006,78.2234
DNK,Denmark,Europe,2007,78.3494
DNK,Denmark,Europe,2008,78.7144
DNK,Denmark,Europe,2009,78.9574
DNK,Denmark,Europe,2010,79.2473
DNK,Denmark,Europe,2011,79.786
DNK,Denmark,Europe,2012,80.0822
DNK,Denmark,Europe,2013,80.3063
DNK,Denmark,Europe,2014,80.6319
DNK,Denmark,Europe,2015,80.7394
DNK,Denmark,Europe,2016,80.8814
DNK,Denmark,Europe,2017,81.1116
DNK,Denmark,Europe,2018,80.9909
DNK,Denmark,Europe,2019,81.4343
DNK,Denmark,Europe,2020,81.5458
DNK,Denmark,Europe,2021,81.4363
DNK,Denmark,Europe,2022,81.2906
DNK,Denmark,Europe,2023,81.9328
DOM,Dominican Republic,North America,2000,70.3647
DOM,Dominican Republic,North America,2001,70.5531
DOM,Dominican Republic,North America,2002,70.7193
DOM,Dominican Republic,North America,2003,70.8562
DOM,Dominican Republic,North America,2004,70.7303
DOM,Dominican Republic,North America,2005,71.0435
DOM,Dominican Republic,North America,2006,71.0542
DOM,Dominican Republic,North America,2007,71.0973
DOM,Dominican Republic,North America,2008,71.3307
DOM,Dominican Republic,North America,2009,71.5866
DOM,Dominican Republic,North America,2010,72.0393
DOM,Dominican Republic,North America,2011,72.4958
DOM,Dominican Republic,North America,2012,72.8165
DOM,Dominican Republic,North America,2013,73.0383
DOM,Dominican Republic,North America,2014,73.1449
DOM,Dominican Republic,North America,2015,72.9821
DOM,Dominican Republic,North America,2016,72.8894
DOM,Dominican Republic,North America,2017,73.3702
DOM,Dominican Republic,North America,2018,73.5553
DOM,Dominican Republic,North America,2019,73.1119
DOM,Dominican Republic,North America,2020,72.6358
DOM,Dominican Republic,North America,2021,71.7575
DOM,Dominican Republic,North America,2022,74.2108
DOM,Dominican Republic,North America,2023,73.7201
DZA,Algeria,Africa,2000,70.5759
DZA,Algeria,Africa,2001,71.0245
DZA,Algeria,Africa,2002,71.6437
DZA,Algeria,Africa,2003,71.9064
DZA,Algeria,Africa,2004,72.5359
DZA,Algeria,Africa,2005,72.836
DZA,Algeria,Africa,2006,73.1164
DZA,Algeria,Africa,2007,73.346
DZA,Algeria,Africa,2008,73.6181
DZA,Algeria,Africa,2009,73.8711
DZA,Algeria,Africa,2010,74.1435
DZA,Algeria,Africa,2011,74.3834
DZA,Algeria,Africa,2012,74.6086
DZA,Algeria,Africa,2013,74.8095
DZA,Algeria,Africa,2014,74.9923
DZA,Algeria,Africa,2015,75.1589
DZA,Algeria,Africa,2016,75.3099
DZA,Algeria,Africa,2017,75.4313
DZA,Algeria,Africa,2018,75.5554
DZA,Algeria,Africa,2019,75.6818
DZA,Algeria,Africa,2020,73.2568
DZA,Algeria,Africa,2021,75.2077
DZA,Algeria,Africa,2022,76.1289
DZA,Algeria,Africa,2023,76.261
ECU,Ecuador,South America,2000,72.0896
ECU,Ecuador,South America,2001,72.5709
ECU,Ecuador,South America,2002,73.1643
ECU,Ecuador,South America,2003,73.632
ECU,Ecuador,South America,2004,73.8676
ECU,Ecuador,South America,2005,73.9092
ECU,Ecuador,South America,2006,74.0104
ECU,Ecuador,South America,2007,74.2259
ECU,Ecuador,South America,2008,74.7085
ECU,Ecuador,South America,2009,74.9011
ECU,Ecuador,South America,2010,75.1876
ECU,Ecuador,South America,2011,75.1794
ECU,Ecuador,South America,2012,75.4857
ECU,Ecuador,South America,2013,75.8322
ECU,Ecuador,South America,2014,76.1409
ECU,Ecuador,South America,2015,76.2219
ECU,Ecuador,South America,2016,76.0942
ECU,Ecuador,South America,2017,76.2197
ECU,Ecuador,South America,2018,77.2484
ECU,Ecuador,South America,2019,77.2862
ECU,Ecuador,South America,2020,72.0036
ECU,Ecuador,South America,2021,72.7465
ECU,Ecuador,South America,2022,76.5767
ECU,Ecuador,South America,2023,77.3924
EGY,Egypt,Africa,2000,67.3323
EGY,Egypt,Africa,2001,67.6118
EGY,Egypt,Africa,2002,67.8456
EGY,Egypt,Africa,2003,68.0451
EGY,Egypt,Africa,2004,68.211
EGY,Egypt,Africa,2005,68.3552
EGY,Egypt,Africa,2006,68.4929
EGY,Egypt,Africa,2007,68.6266
EGY,Egypt,Africa,2008,68.7613
EGY,Egypt,Africa,2009,68.915
EGY,Egypt,Africa,2010,69.0782
EGY,Egypt,Africa,2011,69.2322
EGY,Egypt,Africa,2012,69.4643
EGY,Egypt,Africa,2013,69.6317
EGY,Egypt,Africa,2014,69.9112
EGY,Egypt,Africa,2015,70.1346
EGY,Egypt,Africa,2016,70.4367
EGY,Egypt,Africa,2017,70.7086
EGY,Egypt,Africa,2018,70.9741
EGY,Egypt,Africa,2019,71.2128
EGY,Egypt,Africa,2020,69.7897
EGY,Egypt,Africa,2021,68.9759
EGY,Egypt,Africa,2022,71.0097
EGY,Egypt,Africa,2023,71.6335
ERI,Eritrea,Africa,2000,56.2852
ERI,Eritrea,Africa,2001,58.3587
ERI,Eritrea,Africa,2002,58.9406
ERI,Eritrea,Africa,2003,59.4551
ERI,Eritrea,Africa,2004,60.0625
ERI,Eritrea,Africa,2005,60.6276
ERI,Eritrea,Africa,2006,61.4567
ERI,Eritrea,Africa,2007,61.998
ERI,Eritrea,Africa,2008,62.422
ERI,Eritrea,Africa,2009,63.2029
ERI,Eritrea,Africa,2010,63.6653
ERI,Eritrea,Africa,2011,64.2314
ERI,Eritrea,Africa,2012,64.6965
ERI,Eritrea,Africa,2013,65.005
ERI,Eritrea,Africa,2014,65.5166
ERI,Eritrea,Africa,2015,65.9094
ERI,Eritrea,Africa,2016,66.242
ERI,Eritrea,Africa,2017,66.6115
ERI,Eritrea,Africa,2018,66.9787
ERI,Eritrea,Africa,2019,67.3061
ERI,Eritrea,Africa,2020,66.9802
ERI,Eritrea,Africa,2021,66.9396
ERI,Eritrea,Africa,2022,67.7892
ERI,Eritrea,Africa,2023,68.6239
ESH,Western Sahara,Africa,2000,62.7345
ESH,Western Sahara,Africa,2001,63.2225
ESH,Western Sahara,Africa,2002,63.7369
ESH,Western Sahara,Africa,2003,64.2329
ESH,Western Sahara,Africa,2004,64.7439
ESH,Western Sahara,Africa,2005,65.2223
ESH,Western Sahara,Africa,2006,65.6697
ESH,Western Sahara,Africa,2007,66.1443
ESH,Western Sahara,Africa,2008,66.5816
ESH,Western Sahara,Africa,2009,67.0572
ESH,Western Sahara,Africa,2010,67.492
ESH,Western Sahara,Africa,2011,67.8831
ESH,Western Sahara,Africa,2012,68.2373
ESH,Western Sahara,Africa,2013,68.6173
ESH,Western Sahara,Africa,2014,68.9533
ESH,Western Sahara,Africa,2015,69.2753
ESH,Western Sahara,Africa,2016,69.5959
ESH,Western Sahara,Africa,2017,69.8831
ESH,Western Sahara,Africa,2018,70.1433
ESH,Western Sahara,Africa,2019,70.3822
ESH,Western Sahara,Africa,2020,70.6126
ESH,Western Sahara,Africa,2021,70.8869
ESH,Western Sahara,Africa,2022,71.1432
ESH,Western Sahara,Africa,2023,71.385
ESP,Spain,Europe,2000,79.4123
ESP,Spain,Europe,2001,79.7387
ESP,Spain,Europe,2002,79.8177
ESP,Spain,Europe,2003,79.7482
ESP,Spain,Europe,2004,80.3283
ESP,Spain,Europe,2005,80.3196
ESP,Spain,Europe,2006,80.9627
ESP,Spain,Europe,2007,80.9696
ESP,Spain,Europe,2008,81.2782
ESP,Spain,Europe,2009,81.627
ESP,Spain,Europe,2010,82.0063
ESP,Spain,Europe,2011,82.1804
ESP,Spain,Europe,2012,82.1905
ESP,Spain,Europe,2013,82.6943
ESP,Spain,Europe,2014,82.8283
ESP,Spain,Europe,2015,82.6109
ESP,Spain,Europe,2016,82.9999
ESP,Spain,Europe,2017,82.9862
ESP,Spain,Europe,2018,83.0956
ESP,Spain,Europe,2019,83.4794
ESP,Spain,Europe,2020,82.2413
ESP,Spain,Europe,2021,82.9508
ESP,Spain,Europe,2022,82.3661
ESP,Spain,Europe,2023,83.6703
EST,Estonia,Europe,2000,71.0142
EST,Estonia,Europe,2001,70.8336
EST,Estonia,Europe,2002,71.3637
EST,Estonia,Europe,2003,71.923
EST,Estonia,Europe,2004,72.3751
EST,Estonia,Europe,2005,73.0276
EST,Estonia,Europe,2006,73.1995
EST,Estonia,Europe,2007,73.1534
EST,Estonia,Europe,2008,74.2787
EST,Estonia,Europe,2009,75.1519
EST,Estonia,Europe,2010,75.8816
EST,Estonia,Europe,2011,76.3462
EST,Estonia,Europe,2012,76.4159
EST,Estonia,Europe,2013,77.252
EST,Estonia,Europe,2014,77.1104
EST,Estonia,Europe,2015,77.665
EST,Estonia,Europe,2016,77.7631
EST,Estonia,Europe,2017,78.1814
EST,Estonia,Europe,2018,78.3339
EST,Estonia,Europe,2019,78.7728
EST,Estonia,Europe,2020,78.8929
EST,Estonia,Europe,2021,77.4095
EST,Estonia,Europe,2022,78.1674
EST,Estonia,Europe,2023,79.1535
ETH,Ethiopia,Africa,2000,50.8802
ETH,Ethiopia,Africa,2001,51.4276
ETH,Ethiopia,Africa,2002,52.0851
ETH,Ethiopia,Africa,2003,52.8773
ETH,Ethiopia,Africa,2004,53.7349
ETH,Ethiopia,Africa,2005,54.364
ETH,Ethiopia,Africa,2006,55.4017
ETH,Ethiopia,Africa,2007,56.5665
ETH,Ethiopia,Africa,2008,57.7325
ETH,Ethiopia,Africa,2009,58.715
ETH,Ethiopia,Africa,2010,59.7094
ETH,Ethiopia,Africa,2011,60.5947
ETH,Ethiopia,Africa,2012,61.4426
ETH,Ethiopia,Africa,2013,62.1613
ETH,Ethiopia,Africa,2014,62.9272
ETH,Ethiopia,Africa,2015,63.592
ETH,Ethiopia,Africa,2016,64.1624
ETH,Ethiopia,Africa,2017,64.7659
ETH,Ethiopia,Africa,2018,65.2573
ETH,Ethiopia,Africa,2019,65.7413
ETH,Ethiopia,Africa,2020,65.9688
ETH,Ethiopia,Africa,2021,65.3299
ETH,Ethiopia,Africa,2022,66.8971
ETH,Ethiopia,Africa,2023,67.315
FIN,Finland,Europe,2000,77.6713
FIN,Finland,Europe,2001,78.1423
FIN,Finland,Europe,2002,78.27
FIN,Finland,Europe,2003,78.5334
FIN,Finland,Europe,2004,78.8458
FIN,Finland,Europe,2005,78.9711
FIN,Finland,Europe,2006,79.373
FIN,Finland,Europe,2007,79.3911
FIN,Finland,Europe,2008,79.695
FIN,Finland,Europe,2009,79.831
FIN,Finland,Europe,2010,80.0116
FIN,Finland,Europe,2011,80.3916
FIN,Finland,Europe,2012,80.5076
FIN,Finland,Europe,2013,80.869
FIN,Finland,Europe,2014,81.0546
FIN,Finland,Europe,2015,81.3775
FIN,Finland,Europe,2016,81.3029
FIN,Finland,Europe,2017,81.4967
FIN,Finland,Europe,2018,81.6265
FIN,Finland,Europe,2019,81.8643
FIN,Finland,Europe,2020,81.8219
FIN,Finland,Europe,2021,81.8137
FIN,Finland,Europe,2022,81.2435
FIN,Finland,Europe,2023,81.9102
FJI,Fiji,Oceania,2000,66.1937
FJI,Fiji,Oceania,2001,66.2047
FJI,Fiji,Oceania,2002,65.4923
FJI,Fiji,Oceania,2003,65.6531
FJI,Fiji,Oceania,2004,65.8405
FJI,Fiji,Oceania,2005,65.9826
FJI,Fiji,Oceania,2006,66.1258
FJI,Fiji,Oceania,2007,66.1612
FJI,Fiji,Oceania,2008,66.3199
FJI,Fiji,Oceania,2009,66.3466
FJI,Fiji,Oceania,2010,66.7782
FJI,Fiji,Oceania,2011,66.8803
FJI,Fiji,Oceania,2012,65.8121
FJI,Fiji,Oceania,2013,66.5446
FJI,Fiji,Oceania,2014,66.5808
FJI,Fiji,Oceania,2015,66.4798
FJI,Fiji,Oceania,2016,66.657
FJI,Fiji,Oceania,2017,67.0596
FJI,Fiji,Oceania,2018,66.9645
FJI,Fiji,Oceania,2019,67.0088
FJI,Fiji,Oceania,2020,66.924
FJI,Fiji,Oceania,2021,64.9039
FJI,Fiji,Oceania,2022,67.1481
FJI,Fiji,Oceania,2023,67.3157
FLK,Falkland Islands,South America,2000,71.1332
FLK,Falkland Islands,South America,2001,72.2665
FLK,Falkland Islands,South America,2002,73.2425
FLK,Falkland Islands,South America,2003,74.0341
FLK,Falkland Islands,South America,2004,74.7009
FLK,Falkland Islands,South America,2005,75.341
FLK,Falkland Islands,South America,2006,75.9414
FLK,Falkland Islands,South America,2007,76.4897
FLK,Falkland Islands,South America,2008,76.9519
FLK,Falkland Islands,South America,2009,77.3941
FLK,Falkland Islands,South America,2010,77.7285
FLK,Falkland Islands,South America,2011,77.98
FLK,Falkland Islands,South America,2012,78.1911
FLK,Falkland Islands,South America,2013,78.2954
FLK,Falkland Islands,South America,2014,78.3551
FLK,Falkland Islands,South America,2015,78.4296
FLK,Falkland Islands,South America,2016,78.4831
FLK,Falkland Islands,South America,2017,78.5113
FLK,Falkland Islands,South America,2018,78.5577
FLK,Falkland Islands,South America,2019,78.6131
FLK,Falkland Islands,South America,2020,78.7753
FLK,Falkland Islands,South America,2021,78.9882
FLK,Falkland Islands,South America,2022,79.0448
FLK,Falkland Islands,South America,2023,79.2132
FRA,France,Europe,2000,79.0438
FRA,France,Europe,2001,79.2208
FRA,France,Europe,2002,79.4109
FRA,France,Europe,2003,79.419
FRA,France,Europe,2004,80.3363
FRA,France,Europe,2005,80.3367
FRA,France,Europe,2006,80.7449
FRA,France,Europe,2007,80.9602
FRA,France,Europe,2008,81.0392
FRA,France,Europe,2009,81.1635
FRA,France,Europe,2010,81.4047
FRA,France,Europe,2011,81.781
FRA,France,Europe,2012,81.739
FRA,France,Europe,2013,81.9786
FRA,France,Europe,2014,82.4366
FRA,France,Europe,2015,82.1487
FRA,France,Europe,2016,82.4008
FRA,France,Europe,2017,82.4385
FRA,France,Europe,2018,82.5682
FRA,France,Europe,2019,82.7304
FRA,France,Europe,2020,82.1993
FRA,France,Europe,2021,82.3216
FRA,France,Europe,2022,82.4753
FRA,France,Europe,2023,83.3253
FRO,Faroe Islands,Europe,2000,78.2507
FRO,Faroe Islands,Europe,2001,78.3251
FRO,Faroe Islands,Europe,2002,78.3664
FRO,Faroe Islands,Europe,2003,78.386
FRO,Faroe Islands,Europe,2004,78.3755
FRO,Faroe Islands,Europe,2005,78.365
FRO,Faroe Islands,Europe,2006,78.3887
FRO,Faroe Islands,Europe,2007,78.4389
FRO,Faroe Islands,Europe,2008,78.5182
FRO,Faroe Islands,Europe,2009,78.6199
FRO,Faroe Islands,Europe,2010,78.7314
FRO,Faroe Islands,Europe,2011,78.8897
FRO,Faroe Islands,Europe,2012,79.0224
FRO,Faroe Islands,Europe,2013,79.1536
FRO,Faroe Islands,Europe,2014,79.2999
FRO,Faroe Islands,Europe,2015,79.4259
FRO,Faroe Islands,Europe,2016,79.5745
FRO,Faroe Islands,Europe,2017,79.6943
FRO,Faroe Islands,Europe,2018,79.8121
FRO,Faroe Islands,Europe,2019,79.9058
FRO,Faroe Islands,Europe,2020,79.9822
FRO,Faroe Islands,Europe,2021,79.7923
FRO,Faroe Islands,Europe,2022,79.2637
FRO,Faroe Islands,Europe,2023,80.1792
FSM,Micronesia,Oceania,2000,64.3173
FSM,Micronesia,Oceania,2001,64.8013
FSM,Micronesia,Oceania,2002,63.9075
FSM,Micronesia,Oceania,2003,64.9148
FSM,Micronesia,Oceania,2004,64.8985
FSM,Micronesia,Oceania,2005,64.9065
FSM,Micronesia,Oceania,2006,64.8588
FSM,Micronesia,Oceania,2007,64.8437
FSM,Micronesia,Oceania,2008,64.8489
FSM,Micronesia,Oceania,2009,64.8652
FSM,Micronesia,Oceania,2010,64.8919
FSM,Micronesia,Oceania,2011,64.9685
FSM,Micronesia,Oceania,2012,65.0802
FSM,Micronesia,Oceania,2013,65.1786
FSM,Micronesia,Oceania,2014,65.294
FSM,Micronesia,Oceania,2015,65.3065
FSM,Micronesia,Oceania,2016,65.5757
FSM,Micronesia,Oceania,2017,65.7612
FSM,Micronesia,Oceania,2018,65.9427
FSM,Micronesia,Oceania,2019,66.1957
FSM,Micronesia,Oceania,2020,65.8776
FSM,Micronesia,Oceania,2021,66.1516
FSM,Micronesia,Oceania,2022,66.9606
FSM,Micronesia,Oceania,2023,67.1983
GAB,Gabon,Africa,2000,61.8098
GAB,Gabon,Africa,2001,61.9818
GAB,Gabon,Africa,2002,62.1752
GAB,Gabon,Africa,2003,62.4627
GAB,Gabon,Africa,2004,62.6944
GAB,Gabon,Africa,2005,62.978
GAB,Gabon,Africa,2006,63.2589
GAB,Gabon,Africa,2007,63.6186
GAB,Gabon,Africa,2008,64.0109
GAB,Gabon,Africa,2009,64.3612
GAB,Gabon,Africa,2010,64.7148
GAB,Gabon,Africa,2011,65.1016
GAB,Gabon,Africa,2012,65.4384
GAB,Gabon,Africa,2013,65.7506
GAB,Gabon,Africa,2014,66.0698
GAB,Gabon,Africa,2015,66.3361
GAB,Gabon,Africa,2016,66.5832
GAB,Gabon,Africa,2017,66.8163
GAB,Gabon,Africa,2018,67.0426
GAB,Gabon,Africa,2019,67.3369
GAB,Gabon,Africa,2020,67.0725
GAB,Gabon,Africa,2021,67.0715
GAB,Gabon,Africa,2022,67.713
GAB,Gabon,Africa,2023,68.3367
GBR,United Kingdom,Europe,2000,77.8491
GBR,United Kingdom,Europe,2001,78.1208
GBR,United Kingdom,Europe,2002,78.237
GBR,United Kingdom,Europe,2003,78.3302
GBR,United Kingdom,Europe,2004,78.8998
GBR,United Kingdom,Europe,2005,79.1061
GBR,United Kingdom,Europe,2006,79.3474
GBR,United Kingdom,Europe,2007,79.5337
GBR,United Kingdom,Europe,2008,79.6554
GBR,United Kingdom,Europe,2009,80.1556
GBR,United Kingdom,Europe,2010,80.3908
GBR,United Kingdom,Europe,2011,80.7961
GBR,United Kingdom,Europe,2012,80.8594
GBR,United Kingdom,Europe,2013,80.9232
GBR,United Kingdom,Europe,2014,81.1529
GBR,United Kingdom,Europe,2015,80.919
GBR,United Kingdom,Europe,2016,81.0675
GBR,United Kingdom,Europe,2017,81.164
GBR,United Kingdom,Europe,2018,81.1229
GBR,United Kingdom,Europe,2019,81.4426
GBR,United Kingdom,Europe,2020,80.3854
GBR,United Kingdom,Europe,2021,80.708
GBR,United Kingdom,Europe,2022,81.0744
GBR,United Kingdom,Europe,2023,81.3015
GEO,Georgia,Asia,2000,70.0909
GEO,Georgia,Asia,2001,70.3705
GEO,Georgia,Asia,2002,70.438
GEO,Georgia,Asia,2003,71.3766
GEO,Georgia,Asia,2004,71.0115
GEO,Georgia,Asia,2005,70.6895
GEO,Georgia,Asia,2006,70.9829
GEO,Georgia,Asia,2007,70.9852
GEO,Georgia,Asia,2008,70.9494
GEO,Georgia,Asia,2009,71.0578
GEO,Georgia,Asia,2010,71.7318
GEO,Georgia,Asia,2011,72.4846
GEO,Georgia,Asia,2012,72.6721
GEO,Georgia,Asia,2013,73.0247
GEO,Georgia,Asia,2014,73.1051
GEO,Georgia,Asia,2015,73.241
GEO,Georgia,Asia,2016,73.1358
GEO,Georgia,Asia,2017,73.4347
GEO,Georgia,Asia,2018,73.9847
GEO,Georgia,Asia,2019,74.1649
GEO,Georgia,Asia,2020,73.5094
GEO,Georgia,Asia,2021,71.6353
GEO,Georgia,Asia,2022,74.1409
GEO,Georgia,Asia,2023,74.4965
GGY,Guernsey,Europe,2000,79.3867
GGY,Guernsey,Europe,2001,79.487
GGY,Guernsey,Europe,2002,79.6117
GGY,Guernsey,Europe,2003,79.6828
GGY,Guernsey,Europe,2004,80.4338
GGY,Guernsey,Europe,2005,80.7315
GGY,Guernsey,Europe,2006,81.1572
GGY,Guernsey,Europe,2007,81.3092
GGY,Guernsey,Europe,2008,81.5586
GGY,Guernsey,Europe,2009,81.9031
GGY,Guernsey,Europe,2010,82.3105
GGY,Guernsey,Europe,2011,82.6412
GGY,Guernsey,Europe,2012,82.3522
GGY,Guernsey,Europe,2013,82.8353
GGY,Guernsey,Europe,2014,83.0091
GGY,Guernsey,Europe,2015,82.7496
GGY,Guernsey,Europe,2016,82.5649
GGY,Guernsey,Europe,2017,82.3206
GGY,Guernsey,Europe,2018,82.7481
GGY,Guernsey,Europe,2019,83.2815
GGY,Guernsey,Europe,2020,83.3459
GGY,Guernsey,Europe,2021,81.9691
GGY,Guernsey,Europe,2022,83.108
GGY,Guernsey,Europe,2023,83.2744
GHA,Ghana,Africa,2000,58.1392
GHA,Ghana,Africa,2001,58.403
GHA,Ghana,Africa,2002,58.7086
GHA,Ghana,Africa,2003,59.0141
GHA,Ghana,Africa,2004,59.3159
GHA,Ghana,Africa,2005,59.6381
GHA,Ghana,Africa,2006,59.9753
GHA,Ghana,Africa,2007,60.2822
GHA,Ghana,Africa,2008,60.5785
GHA,Ghana,Africa,2009,60.9278
GHA,Ghana,Africa,2010,61.2974
GHA,Ghana,Africa,2011,61.6169
GHA,Ghana,Africa,2012,61.9954
GHA,Ghana,Africa,2013,62.3969
GHA,Ghana,Africa,2014,62.8321
GHA,Ghana,Africa,2015,63.1749
GHA,Ghana,Africa,2016,63.5216
GHA,Ghana,Africa,2017,63.829
GHA,Ghana,Africa,2018,64.1382
GHA,Ghana,Africa,2019,64.4554
GHA,Ghana,Africa,2020,64.3089
GHA,Ghana,Africa,2021,64.2862
GHA,Ghana,Africa,2022,65.246
GHA,Ghana,Africa,2023,65.4979
GIB,Gibraltar,Europe,2000,80.1446
GIB,Gibraltar,Europe,2001,80.4187
GIB,Gibraltar,Europe,2002,80.5898
GIB,Gibraltar,Europe,2003,80.7126
GIB,Gibraltar,Europe,2004,80.8559
GIB,Gibraltar,Europe,2005,80.9906
GIB,Gibraltar,Europe,2006,81.1033
GIB,Gibraltar,Europe,2007,81.2695
GIB,Gibraltar,Europe,2008,81.5414
GIB,Gibraltar,Europe,2009,81.8073
GIB,Gibraltar,Europe,2010,82.0797
GIB,Gibraltar,Europe,2011,82.3334
GIB,Gibraltar,Europe,2012,82.5267
GIB,Gibraltar,Europe,2013,82.5861
GIB,Gibraltar,Europe,2014,82.6444
GIB,Gibraltar,Europe,2015,82.6682
GIB,Gibraltar,Europe,2016,82.741
GIB,Gibraltar,Europe,2017,82.8576
GIB,Gibraltar,Europe,2018,83.0279
GIB,Gibraltar,Europe,2019,83.1834
GIB,Gibraltar,Europe,2020,83.0698
GIB,Gibraltar,Europe,2021,80.2743
GIB,Gibraltar,Europe,2022,83.5167
GIB,Gibraltar,Europe,2023,83.553
GIN,Guinea,Africa,2000,52.4197
GIN,Guinea,Africa,2001,52.669
GIN,Guinea,Africa,2002,53.2002
GIN,Guinea,Africa,2003,53.5891
GIN,Guinea,Africa,2004,53.9748
GIN,Guinea,Africa,2005,54.4217
GIN,Guinea,Africa,2006,54.8753
GIN,Guinea,Africa,2007,55.2331
GIN,Guinea,Africa,2008,55.7034
GIN,Guinea,Africa,2009,56.052
GIN,Guinea,Africa,2010,56.4305
GIN,Guinea,Africa,2011,56.7776
GIN,Guinea,Africa,2012,57.1169
GIN,Guinea,Africa,2013,57.4588
GIN,Guinea,Africa,2014,57.5815
GIN,Guinea,Africa,2015,57.8986
GIN,Guinea,Africa,2016,58.49
GIN,Guinea,Africa,2017,58.7151
GIN,Guinea,Africa,2018,59.0434
GIN,Guinea,Africa,2019,59.3785
GIN,Guinea,Africa,2020,59.3499
GIN,Guinea,Africa,2021,59.3728
GIN,Guinea,Africa,2022,60.4316
GIN,Guinea,Africa,2023,60.7405
GLP,Guadeloupe,North America,2000,77.08
GLP,Guadeloupe,North America,2001,77.2667
GLP,Guadeloupe,North America,2002,77.8108
GLP,Guadeloupe,North America,2003,78.1707
GLP,Guadeloupe,North America,2004,78.3494
GLP,Guadeloupe,North America,2005,78.1836
GLP,Guadeloupe,North America,2006,78.4279
GLP,Guadeloupe,North America,2007,79.054
GLP,Guadeloupe,North America,2008,79.6593
GLP,Guadeloupe,North America,2009,79.7474
GLP,Guadeloupe,North America,2010,80.12
GLP,Guadeloupe,North America,2011,80.4527
GLP,Guadeloupe,North America,2012,80.9718
GLP,Guadeloupe,North America,2013,80.7917
GLP,Guadeloupe,North America,2014,81.1854
GLP,Guadeloupe,North America,2015,81.2679
GLP,Guadeloupe,North America,2016,81.6403
GLP,Guadeloupe,North America,2017,81.7544
GLP,Guadeloupe,North America,2018,81.3819
GLP,Guadeloupe,North America,2019,81.3922
GLP,Guadeloupe,North America,2020,80.6481
GLP,Guadeloupe,North America,2021,78.2108
GLP,Guadeloupe,North America,2022,80.9054
GLP,Guadeloupe,North America,2023,82.0503
GMB,Gambia,Africa,2000,56.8994
GMB,Gambia,Africa,2001,57.2832
GMB,Gambia,Africa,2002,57.7361
GMB,Gambia,Africa,2003,58.2232
GMB,Gambia,Africa,2004,58.7491
GMB,Gambia,Africa,2005,59.1098
GMB,Gambia,Africa,2006,59.667
GMB,Gambia,Africa,2007,60.0014
GMB,Gambia,Africa,2008,60.4734
GMB,Gambia,Africa,2009,60.7348
GMB,Gambia,Africa,2010,61.1675
GMB,Gambia,Africa,2011,61.5612
GMB,Gambia,Africa,2012,61.9
GMB,Gambia,Africa,2013,62.2525
GMB,Gambia,Africa,2014,62.5759
GMB,Gambia,Africa,2015,62.9713
GMB,Gambia,Africa,2016,63.3862
GMB,Gambia,Africa,2017,63.7076
GMB,Gambia,Africa,2018,64.0339
GMB,Gambia,Africa,2019,64.4275
GMB,Gambia,Africa,2020,64.4183
GMB,Gambia,Africa,2021,63.8475
GMB,Gambia,Africa,2022,64.859
GMB,Gambia,Africa,2023,65.8603
GNB,Guinea-Bissau,Africa,2000,50.5646
GNB,Guinea-Bissau,Africa,2001,51.0536
GNB,Guinea-Bissau,Africa,2002,51.6083
GNB,Guinea-Bissau,Africa,2003,52.186
GNB,Guinea-Bissau,Africa,2004,52.7998
GNB,Guinea-Bissau,Africa,2005,52.9489
GNB,Guinea-Bissau,Africa,2006,54.0885
GNB,Guinea-Bissau,Africa,2007,54.8705
GNB,Guinea-Bissau,Africa,2008,55.3
GNB,Guinea-Bissau,Africa,2009,56.2974
GNB,Guinea-Bissau,Africa,2010,56.9992
GNB,Guinea-Bissau,Africa,2011,57.6626
GNB,Guinea-Bissau,Africa,2012,58.27
GNB,Guinea-Bissau,Africa,2013,58.8789
GNB,Guinea-Bissau,Africa,2014,59.476
GNB,Guinea-Bissau,Africa,2015,60.0708
GNB,Guinea-Bissau,Africa,2016,60.6187
GNB,Guinea-Bissau,Africa,2017,61.1484
GNB,Guinea-Bissau,Africa,2018,61.6516
GNB,Guinea-Bissau,Africa,2019,62.1612
GNB,Guinea-Bissau,Africa,2020,61.343
GNB,Guinea-Bissau,Africa,2021,61.6528
GNB,Guinea-Bissau,Africa,2022,63.6045
GNB,Guinea-Bissau,Africa,2023,64.0849
GNQ,Equatorial Guinea,Africa,2000,53.3952
GNQ,Equatorial Guinea,Africa,2001,53.8271
GNQ,Equatorial Guinea,Africa,2002,54.3235
GNQ,Equatorial Guinea,Africa,2003,54.7913
GNQ,Equatorial Guinea,Africa,2004,55.3066
GNQ,Equatorial Guinea,Africa,2005,55.7659
GNQ,Equatorial Guinea,Africa,2006,56.3538
GNQ,Equatorial Guinea,Africa,2007,56.857
GNQ,Equatorial Guinea,Africa,2008,57.3841
GNQ,Equatorial Guinea,Africa,2009,57.881
GNQ,Equatorial Guinea,Africa,2010,58.3445
GNQ,Equatorial Guinea,Africa,2011,58.8268
GNQ,Equatorial Guinea,Africa,2012,59.3011
GNQ,Equatorial Guinea,Africa,2013,59.784
GNQ,Equatorial Guinea,Africa,2014,60.2279
GNQ,Equatorial Guinea,Africa,2015,60.6347
GNQ,Equatorial Guinea,Africa,2016,61.081
GNQ,Equatorial Guinea,Africa,2017,61.4808
GNQ,Equatorial Guinea,Africa,2018,61.9151
GNQ,Equatorial Guinea,Africa,2019,62.2965
GNQ,Equatorial Guinea,Africa,2020,62.1408
GNQ,Equatorial Guinea,Africa,2021,62.4468
GNQ,Equatorial Guinea,Africa,2022,63.3545
GNQ,Equatorial Guinea,Africa,2023,63.7071
GRC,Greece,Europe,2000,78.442
GRC,Greece,Europe,2001,78.9087
GRC,Greece,Europe,2002,79.0305
GRC,Greece,Europe,2003,79.0848
GRC,Greece,Europe,2004,79.3503
GRC,Greece,Europe,2005,79.6505
GRC,Greece,Europe,2006,79.7605
GRC,Greece,Europe,2007,79.6615
GRC,Greece,Europe,2008,80.1047
GRC,Greece,Europe,2009,80.3677
GRC,Greece,Europe,2010,80.5727
GRC,Greece,Europe,2011,80.6248
GRC,Greece,Europe,2012,80.4221
GRC,Greece,Europe,2013,81.067
GRC,Greece,Europe,2014,81.1203
GRC,Greece,Europe,2015,80.7894
GRC,Greece,Europe,2016,81.2692
GRC,Greece,Europe,2017,80.9614
GRC,Greece,Europe,2018,81.4954
GRC,Greece,Europe,2019,81.3487
GRC,Greece,Europe,2020,81.5361
GRC,Greece,Europe,2021,80.5312
GRC,Greece,Europe,2022,79.9441
GRC,Greece,Europe,2023,81.8568
GRD,Grenada,North America,2000,72.9547
GRD,Grenada,North America,2001,73.0336
GRD,Grenada,North America,2002,73.1424
GRD,Grenada,North America,2003,73.2907
GRD,Grenada,North America,2004,72.4468
GRD,Grenada,North America,2005,73.7003
GRD,Grenada,North America,2006,73.9302
GRD,Grenada,North America,2007,74.1588
GRD,Grenada,North America,2008,74.3745
GRD,Grenada,North America,2009,74.567
GRD,Grenada,North America,2010,74.7308
GRD,Grenada,North America,2011,74.8608
GRD,Grenada,North America,2012,74.9607
GRD,Grenada,North America,2013,75.0221
GRD,Grenada,North America,2014,75.0449
GRD,Grenada,North America,2015,75.0375
GRD,Grenada,North America,2016,75.0099
GRD,Grenada,North America,2017,74.9766
GRD,Grenada,North America,2018,74.9569
GRD,Grenada,North America,2019,74.9711
GRD,Grenada,North America,2020,75.019
GRD,Grenada,North America,2021,74.5221
GRD,Grenada,North America,2022,75.1508
GRD,Grenada,North America,2023,75.2052
GRL,Greenland,North America,2000,65.6313
GRL,Greenland,North America,2001,66.2727
GRL,Greenland,North America,2002,67.0072
GRL,Greenland,North America,2003,67.6174
GRL,Greenland,North America,2004,67.5455
GRL,Greenland,North America,2005,67.7693
GRL,Greenland,North America,2006,68.1436
GRL,Greenland,North America,2007,68.3385
GRL,Greenland,North America,2008,68.4002
GRL,Greenland,North America,2009,68.3786
GRL,Greenland,North America,2010,68.4548
GRL,Greenland,North America,2011,68.7938
GRL,Greenland,North America,2012,69.3516
GRL,Greenland,North America,2013,69.8014
GRL,Greenland,North America,2014,70.0861
GRL,Greenland,North America,2015,70.2341
GRL,Greenland,North America,2016,70.3866
GRL,Greenland,North America,2017,70.3861
GRL,Greenland,North America,2018,70.354
GRL,Greenland,North America,2019,70.2573
GRL,Greenland,North America,2020,70.1558
GRL,Greenland,North America,2021,70.0489
GRL,Greenland,North America,2022,70.0519
GRL,Greenland,North America,2023,70.055
GTM,Guatemala,North America,2000,67.1018
GTM,Guatemala,North America,2001,67.4365
GTM,Guatemala,North America,2002,67.8345
GTM,Guatemala,North America,2003,68.2041
GTM,Guatemala,North America,2004,68.2448
GTM,Guatemala,North America,2005,68.167
GTM,Guatemala,North America,2006,68.7902
GTM,Guatemala,North America,2007,69.2993
GTM,Guatemala,North America,2008,69.4929
GTM,Guatemala,North America,2009,69.6764
GTM,Guatemala,North America,2010,69.885
GTM,Guatemala,North America,2011,70.3214
GTM,Guatemala,North America,2012,70.7225
GTM,Guatemala,North America,2013,70.878
GTM,Guatemala,North America,2014,70.9424
GTM,Guatemala,North America,2015,70.9148
GTM,Guatemala,North America,2016,71.215
GTM,Guatemala,North America,2017,71.5829
GTM,Guatemala,North America,2018,71.4964
GTM,Guatemala,North America,2019,71.6394
GTM,Guatemala,North America,2020,69.9707
GTM,Guatemala,North America,2021,67.8582
GTM,Guatemala,North America,2022,71.2064
GTM,Guatemala,North America,2023,72.6023
GUF,French Guiana,South America,2000,72.9651
GUF,French Guiana,South America,2001,73.3225
GUF,French Guiana,South America,2002,73.4925
GUF,French Guiana,South America,2003,73.5778
GUF,French Guiana,South America,2004,73.8038
GUF,French Guiana,South America,2005,74.1342
GUF,French Guiana,South America,2006,74.5652
GUF,French Guiana,South America,2007,74.952
GUF,French Guiana,South America,2008,75.3653
GUF,French Guiana,South America,2009,75.6351
GUF,French Guiana,South America,2010,75.8516
GUF,French Guiana,South America,2011,76.0172
GUF,French Guiana,South America,2012,76.2166
GUF,French Guiana,South America,2013,76.4587
GUF,French Guiana,South America,2014,76.6767
GUF,French Guiana,South America,2015,76.6314
GUF,French Guiana,South America,2016,76.652
GUF,French Guiana,South America,2017,76.7994
GUF,French Guiana,South America,2018,77.2376
GUF,French Guiana,South America,2019,76.5711
GUF,French Guiana,South America,2020,77.5067
GUF,French Guiana,South America,2021,74.1955
GUF,French Guiana,South America,2022,76.7942
GUF,French Guiana,South America,2023,76.9781
GUM,Guam,Oceania,2000,74.894
GUM,Guam,Oceania,2001,75.1948
GUM,Guam,Oceania,2002,75.5056
GUM,Guam,Oceania,2003,75.8847
GUM,Guam,Oceania,2004,76.1138
GUM,Guam,Oceania,2005,76.4271
GUM,Guam,Oceania,2006,76.4766
GUM,Guam,Oceania,2007,76.3967
GUM,Guam,Oceania,2008,76.2332
GUM,Guam,Oceania,2009,76.1415
GUM,Guam,Oceania,2010,76.0954
GUM,Guam,Oceania,2011,76.1529
GUM,Guam,Oceania,2012,76.2375
GUM,Guam,Oceania,2013,76.361
GUM,Guam,Oceania,2014,76.4228
GUM,Guam,Oceania,2015,76.4438
GUM,Guam,Oceania,2016,76.4487
GUM,Guam,Oceania,2017,76.4631
GUM,Guam,Oceania,2018,76.5605
GUM,Guam,Oceania,2019,76.6453
GUM,Guam,Oceania,2020,75.5289
GUM,Guam,Oceania,2021,75.4337
GUM,Guam,Oceania,2022,77.1015
GUM,Guam,Oceania,2023,77.2093
GUY,Guyana,South America,2000,64.0748
GUY,Guyana,South America,2001,64.3804
GUY,Guyana,South America,2002,64.1832
GUY,Guyana,South America,2003,64.1173
GUY,Guyana,South America,2004,64.2138
GUY,Guyana,South America,2005,64.392
GUY,Guyana,South America,2006,64.848
GUY,Guyana,South America,2007,65.4617
GUY,Guyana,South America,2008,65.7211
GUY,Guyana,South America,2009,66.0297
GUY,Guyana,South America,2010,66.2043
GUY,Guyana,South America,2011,66.4688
GUY,Guyana,South America,2012,66.4433
GUY,Guyana,South America,2013,66.7099
GUY,Guyana,South America,2014,67.3343
GUY,Guyana,South America,2015,67.7193
GUY,Guyana,South America,2016,68.0685
GUY,Guyana,South America,2017,68.5431
GUY,Guyana,South America,2018,68.8288
GUY,Guyana,South America,2019,69.0673
GUY,Guyana,South America,2020,67.751
GUY,Guyana,South America,2021,64.3228
GUY,Guyana,South America,2022,69.8885
GUY,Guyana,South America,2023,70.1802
HKG,Hong Kong,Asia,2000,80.7045
HKG,Hong Kong,Asia,2001,80.992
HKG,Hong Kong,Asia,2002,81.18
HKG,Hong Kong,Asia,2003,81.1422
HKG,Hong Kong,Asia,2004,81.4549
HKG,Hong Kong,Asia,2005,81.6752
HKG,Hong Kong,Asia,2006,81.9469
HKG,Hong Kong,Asia,2007,82.1438
HKG,Hong Kong,Asia,2008,82.3403
HKG,Hong Kong,Asia,2009,82.5863
HKG,Hong Kong,Asia,2010,82.8592
HKG,Hong Kong,Asia,2011,83.1597
HKG,Hong Kong,Asia,2012,83.4158
HKG,Hong Kong,Asia,2013,83.6955
HKG,Hong Kong,Asia,2014,83.9271
HKG,Hong Kong,Asia,2015,84.147
HKG,Hong Kong,Asia,2016,84.3803
HKG,Hong Kong,Asia,2017,84.6625
HKG,Hong Kong,Asia,2018,84.9866
HKG,Hong Kong,Asia,2019,85.2632
HKG,Hong Kong,Asia,2020,84.7073
HKG,Hong Kong,Asia,2021,85.0816
HKG,Hong Kong,Asia,2022,83.4853
HKG,Hong Kong,Asia,2023,85.5106
HND,Honduras,North America,2000,68.3018
HND,Honduras,North America,2001,68.4906
HND,Honduras,North America,2002,68.7141
HND,Honduras,North America,2003,68.8741
HND,Honduras,North America,2004,69.0498
HND,Honduras,North America,2005,69.1982
HND,Honduras,North America,2006,69.3641
HND,Honduras,North America,2007,69.5388
HND,Honduras,North America,2008,69.6572
HND,Honduras,North America,2009,69.8234
HND,Honduras,North America,2010,69.7697
HND,Honduras,North America,2011,70.116
HND,Honduras,North America,2012,70.4605
HND,Honduras,North America,2013,70.7648
HND,Honduras,North America,2014,71.0316
HND,Honduras,North America,2015,71.323
HND,Honduras,North America,2016,71.6152
HND,Honduras,North America,2017,71.8046
HND,Honduras,North America,2018,72.0005
HND,Honduras,North America,2019,72.1238
HND,Honduras,North America,2020,70.864
HND,Honduras,North America,2021,69.4924
HND,Honduras,North America,2022,72.7151
HND,Honduras,North America,2023,72.8842
HRV,Croatia,Europe,2000,74.0014
HRV,Croatia,Europe,2001,74.3547
HRV,Croatia,Europe,2002,74.6461
HRV,Croatia,Europe,2003,74.7093
HRV,Croatia,Europe,2004,75.2665
HRV,Croatia,Europe,2005,75.5705
HRV,Croatia,Europe,2006,75.6767
HRV,Croatia,Europe,2007,75.886
HRV,Croatia,Europe,2008,76.0009
HRV,Croatia,Europe,2009,76.3127
HRV,Croatia,Europe,2010,76.6761
HRV,Croatia,Europe,2011,76.9926
HRV,Croatia,Europe,2012,77.2841
HRV,Croatia,Europe,2013,77.51
HRV,Croatia,Europe,2014,77.5144
HRV,Croatia,Europe,2015,77.6329
HRV,Croatia,Europe,2016,77.6294
HRV,Croatia,Europe,2017,77.7264
HRV,Croatia,Europe,2018,77.8654
HRV,Croatia,Europe,2019,78.197
HRV,Croatia,Europe,2020,77.4972
HRV,Croatia,Europe,2021,77.1412
HRV,Croatia,Europe,2022,78.2779
HRV,Croatia,Europe,2023,78.5803
HTI,Haiti,North America,2000,58.1749
HTI,Haiti,North America,2001,58.5914
HTI,Haiti,North America,2002,59.0411
HTI,Haiti,North America,2003,59.4398
HTI,Haiti,North America,2004,58.5165
HTI,Haiti,North America,2005,60.3182
HTI,Haiti,North America,2006,60.7404
HTI,Haiti,North America,2007,61.0902
HTI,Haiti,North America,2008,61.2801
HTI,Haiti,North America,2009,61.6945
HTI,Haiti,North America,2010,45.5768
HTI,Haiti,North America,2011,61.5812
HTI,Haiti,North America,2012,62.2735
HTI,Haiti,North America,2013,62.6245
HTI,Haiti,North America,2014,62.9689
HTI,Haiti,North America,2015,63.2239
HTI,Haiti,North America,2016,63.3247
HTI,Haiti,North America,2017,63.8323
HTI,Haiti,North America,2018,64.0766
HTI,Haiti,North America,2019,64.3281
HTI,Haiti,North America,2020,63.773
HTI,Haiti,North America,2021,62.613
HTI,Haiti,North America,2022,63.9483
HTI,Haiti,North America,2023,64.9356
HUN,Hungary,Europe,2000,71.7581
HUN,Hungary,Europe,2001,72.3944
HUN,Hungary,Europe,2002,72.5072
HUN,Hungary,Europe,2003,72.5135
HUN,Hungary,Europe,2004,72.906
HUN,Hungary,Europe,2005,72.8649
HUN,Hungary,Europe,2006,73.3441
HUN,Hungary,Europe,2007,73.4314
HUN,Hungary,Europe,2008,73.9571
HUN,Hungary,Europe,2009,74.179
HUN,Hungary,Europe,2010,74.5189
HUN,Hungary,Europe,2011,74.9226
HUN,Hungary,Europe,2012,75.1826
HUN,Hungary,Europe,2013,75.6827
HUN,Hungary,Europe,2014,75.8493
HUN,Hungary,Europe,2015,75.6536
HUN,Hungary,Europe,2016,76.1569
HUN,Hungary,Europe,2017,76.007
HUN,Hungary,Europe,2018,76.2049
HUN,Hungary,Europe,2019,76.4546
HUN,Hungary,Europe,2020,75.7302
HUN,Hungary,Europe,2021,74.1851
HUN,Hungary,Europe,2022,76.2118
HUN,Hungary,Europe,2023,77.024
IDN,Indonesia,Asia,2000,66.2919
IDN,Indonesia,Asia,2001,66.5826
IDN,Indonesia,Asia,2002,66.9535
IDN,Indonesia,Asia,2003,67.134
IDN,Indonesia,Asia,2004,65.5208
IDN,Indonesia,Asia,2005,67.5308
IDN,Indonesia,Asia,2006,67.6636
IDN,Indonesia,Asia,2007,67.9141
IDN,Indonesia,Asia,2008,68.0846
IDN,Indonesia,Asia,2009,68.2674
IDN,Indonesia,Asia,2010,68.3642
IDN,Indonesia,Asia,2011,68.629
IDN,Indonesia,Asia,2012,68.8617
IDN,Indonesia,Asia,2013,69.0635
IDN,Indonesia,Asia,2014,69.292
IDN,Indonesia,Asia,2015,69.5196
IDN,Indonesia,Asia,2016,69.7333
IDN,Indonesia,Asia,2017,69.9533
IDN,Indonesia,Asia,2018,70.0797
IDN,Indonesia,Asia,2019,70.3491
IDN,Indonesia,Asia,2020,68.8173
IDN,Indonesia,Asia,2021,67.4516
IDN,Indonesia,Asia,2022,70.9246
IDN,Indonesia,Asia,2023,71.1457
IMN,Isle of Man,Europe,2000,74.8419
IMN,Isle of Man,Europe,2001,75.2893
IMN,Isle of Man,Europe,2002,75.785
IMN,Isle of Man,Europe,2003,76.319
IMN,Isle of Man,Europe,2004,76.8763
IMN,Isle of Man,Europe,2005,77.4528
IMN,Isle of Man,Europe,2006,77.9713
IMN,Isle of Man,Europe,2007,78.4507
IMN,Isle of Man,Europe,2008,78.8989
IMN,Isle of Man,Europe,2009,79.3026
IMN,Isle of Man,Europe,2010,79.6132
IMN,Isle of Man,Europe,2011,79.8363
IMN,Isle of Man,Europe,2012,80.007
IMN,Isle of Man,Europe,2013,80.1199
IMN,Isle of Man,Europe,2014,80.1994
IMN,Isle of Man,Europe,2015,80.2666
IMN,Isle of Man,Europe,2016,80.3913
IMN,Isle of Man,Europe,2017,80.5064
IMN,Isle of Man,Europe,2018,80.6139
IMN,Isle of Man,Europe,2019,80.7399
IMN,Isle of Man,Europe,2020,80.5909
IMN,Isle of Man,Europe,2021,80.4197
IMN,Isle of Man,Europe,2022,80.9561
IMN,Isle of Man,Europe,2023,80.999
IND,India,Asia,2000,62.7492
IND,India,Asia,2001,63.1581
IND,India,Asia,2002,63.6486
IND,India,Asia,2003,64.0862
IND,India,Asia,2004,64.4843
IND,India,Asia,2005,64.9385
IND,India,Asia,2006,65.3726
IND,India,Asia,2007,65.8034
IND,India,Asia,2008,66.2471
IND,India,Asia,2009,66.7001
IND,India,Asia,2010,67.1616
IND,India,Asia,2011,67.6228
IND,India,Asia,2012,68.0763
IND,India,Asia,2013,68.499
IND,India,Asia,2014,68.9323
IND,India,Asia,2015,69.326
IND,India,Asia,2016,69.7091
IND,India,Asia,2017,70.0676
IND,India,Asia,2018,70.4152
IND,India,Asia,2019,70.7463
IND,India,Asia,2020,70.1563
IND,India,Asia,2021,67.2823
IND,India,Asia,2022,71.6984
IND,India,Asia,2023,72.0026
IRL,Ireland,Europe,2000,76.535
IRL,Ireland,Europe,2001,77.1003
IRL,Ireland,Europe,2002,77.5903
IRL,Ireland,Europe,2003,78.1003
IRL,Ireland,Europe,2004,78.5027
IRL,Ireland,Europe,2005,78.9093
IRL,Ireland,Europe,2006,79.1504
IRL,Ireland,Europe,2007,79.5631
IRL,Ireland,Europe,2008,79.7877
IRL,Ireland,Europe,2009,80.0954
IRL,Ireland,Europe,2010,80.5992
IRL,Ireland,Europe,2011,80.7272
IRL,Ireland,Europe,2012,80.8524
IRL,Ireland,Europe,2013,81.065
IRL,Ireland,Europe,2014,81.4063
IRL,Ireland,Europe,2015,81.5326
IRL,Ireland,Europe,2016,81.6836
IRL,Ireland,Europe,2017,82.1032
IRL,Ireland,Europe,2018,82.1232
IRL,Ireland,Europe,2019,82.4108
IRL,Ireland,Europe,2020,82.3897
IRL,Ireland,Europe,2021,81.8608
IRL,Ireland,Europe,2022,82.0505
IRL,Ireland,Europe,2023,82.4118
IRN,Iran,Asia,2000,70.1665
IRN,Iran,Asia,2001,70.6188
IRN,Iran,Asia,2002,71.1118
IRN,Iran,Asia,2003,70.4642
IRN,Iran,Asia,2004,72.0401
IRN,Iran,Asia,2005,72.4463
IRN,Iran,Asia,2006,72.8953
IRN,Iran,Asia,2007,73.2992
IRN,Iran,Asia,2008,73.6835
IRN,Iran,Asia,2009,74.0412
IRN,Iran,Asia,2010,74.3896
IRN,Iran,Asia,2011,74.7207
IRN,Iran,Asia,2012,75.039
IRN,Iran,Asia,2013,75.3486
IRN,Iran,Asia,2014,75.6352
IRN,Iran,Asia,2015,75.9073
IRN,Iran,Asia,2016,76.1551
IRN,Iran,Asia,2017,76.3963
IRN,Iran,Asia,2018,76.6205
IRN,Iran,Asia,2019,76.8549
IRN,Iran,Asia,2020,74.1406
IRN,Iran,Asia,2021,73.7521
IRN,Iran,Asia,2022,76.7993
IRN,Iran,Asia,2023,77.6545
IRQ,Iraq,Asia,2000,64.8603
IRQ,Iraq,Asia,2001,65.292
IRQ,Iraq,Asia,2002,65.724
IRQ,Iraq,Asia,2003,64.8339
IRQ,Iraq,Asia,2004,64.6342
IRQ,Iraq,Asia,2005,64.8989
IRQ,Iraq,Asia,2006,64.0288
IRQ,Iraq,Asia,2007,64.4278
IRQ,Iraq,Asia,2008,66.465
IRQ,Iraq,Asia,2009,67.8337
IRQ,Iraq,Asia,2010,68.0924
IRQ,Iraq,Asia,2011,68.4351
IRQ,Iraq,Asia,2012,68.8267
IRQ,Iraq,Asia,2013,69.0469
IRQ,Iraq,Asia,2014,69.679
IRQ,Iraq,Asia,2015,69.9771
IRQ,Iraq,Asia,2016,68.6834
IRQ,Iraq,Asia,2017,69.7878
IRQ,Iraq,Asia,2018,71.1162
IRQ,Iraq,Asia,2019,71.2452
IRQ,Iraq,Asia,2020,69.6506
IRQ,Iraq,Asia,2021,70.7036
IRQ,Iraq,Asia,2022,72.0371
IRQ,Iraq,Asia,2023,72.3242
ISL,Iceland,Europe,2000,79.5485
ISL,Iceland,Europe,2001,80.4209
ISL,Iceland,Europe,2002,80.2778
ISL,Iceland,Europe,2003,80.7678
ISL,Iceland,Europe,2004,80.7209
ISL,Iceland,Europe,2005,81.1691
ISL,Iceland,Europe,2006,80.9375
ISL,Iceland,Europe,2007,81.093
ISL,Iceland,Europe,2008,81.244
ISL,Iceland,Europe,2009,81.4174
ISL,Iceland,Europe,2010,81.5939
ISL,Iceland,Europe,2011,81.9725
ISL,Iceland,Europe,2012,82.3459
ISL,Iceland,Europe,2013,81.7425
ISL,Iceland,Europe,2014,82.4298
ISL,Iceland,Europe,2015,82.1638
ISL,Iceland,Europe,2016,81.8286
ISL,Iceland,Europe,2017,82.241
ISL,Iceland,Europe,2018,82.4526
ISL,Iceland,Europe,2019,82.8474
ISL,Iceland,Europe,2020,82.7113
ISL,Iceland,Europe,2021,82.8433
ISL,Iceland,Europe,2022,81.5877
ISL,Iceland,Europe,2023,82.6911
ISR,Israel,Asia,2000,79.1797
ISR,Israel,Asia,2001,79.4787
ISR,Israel,Asia,2002,79.5137
ISR,Israel,Asia,2003,79.8194
ISR,Israel,Asia,2004,80.3052
ISR,Israel,Asia,2005,80.3935
ISR,Israel,Asia,2006,80.7857
ISR,Israel,Asia,2007,80.9532
ISR,Israel,Asia,2008,81.2828
ISR,Israel,Asia,2009,81.8183
ISR,Israel,Asia,2010,81.9742
ISR,Israel,Asia,2011,81.9892
ISR,Israel,Asia,2012,81.9849
ISR,Israel,Asia,2013,82.354
ISR,Israel,Asia,2014,82.3608
ISR,Israel,Asia,2015,82.2538
ISR,Israel,Asia,2016,82.6123
ISR,Israel,Asia,2017,82.6993
ISR,Israel,Asia,2018,82.9184
ISR,Israel,Asia,2019,82.9048
ISR,Israel,Asia,2020,82.6997
ISR,Israel,Asia,2021,82.5169
ISR,Israel,Asia,2022,82.8145
ISR,Israel,Asia,2023,82.408
ITA,Italy,Europe,2000,79.607
ITA,Italy,Europe,2001,79.8849
ITA,Italy,Europe,2002,80.112
ITA,Italy,Europe,2003,80.191
ITA,Italy,Europe,2004,81.0175
ITA,Italy,Europe,2005,81.0201
ITA,Italy,Europe,2006,81.4137
ITA,Italy,Europe,2007,81.5002
ITA,Italy,Europe,2008,81.6454
ITA,Italy,Europe,2009,81.7619
ITA,Italy,Europe,2010,82.1319
ITA,Italy,Europe,2011,82.2282
ITA,Italy,Europe,2012,82.252
ITA,Italy,Europe,2013,82.6522
ITA,Italy,Europe,2014,82.9008
ITA,Italy,Europe,2015,82.5211
ITA,Italy,Europe,2016,83.0459
ITA,Italy,Europe,2017,82.7263
ITA,Italy,Europe,2018,83.1844
ITA,Italy,Europe,2019,83.3423
ITA,Italy,Europe,2020,82.1814
ITA,Italy,Europe,2021,82.8652
ITA,Italy,Europe,2022,82.052
ITA,Italy,Europe,2023,83.7157
JAM,Jamaica,North America,2000,71.2814
JAM,Jamaica,North America,2001,71.2872
JAM,Jamaica,North America,2002,71.478
JAM,Jamaica,North America,2003,71.5846
JAM,Jamaica,North America,2004,71.542
JAM,Jamaica,North America,2005,71.4929
JAM,Jamaica,North America,2006,71.3946
JAM,Jamaica,North America,2007,71.4046
JAM,Jamaica,North America,2008,71.5021
JAM,Jamaica,North America,2009,71.7174
JAM,Jamaica,North America,2010,71.9789
JAM,Jamaica,North America,2011,72.245
JAM,Jamaica,North America,2012,72.4047
JAM,Jamaica,North America,2013,72.4352
JAM,Jamaica,North America,2014,72.3572
JAM,Jamaica,North America,2015,72.2144
JAM,Jamaica,North America,2016,72.0522
JAM,Jamaica,North America,2017,71.8789
JAM,Jamaica,North America,2018,71.6062
JAM,Jamaica,North America,2019,71.5316
JAM,Jamaica,North America,2020,71.4519
JAM,Jamaica,North America,2021,69.0846
JAM,Jamaica,North America,2022,71.4809
JAM,Jamaica,North America,2023,71.4789
JEY,Jersey,Europe,2000,78.4235
JEY,Jersey,Europe,2001,78.6317
JEY,Jersey,Europe,2002,78.8352
JEY,Jersey,Europe,2003,79.1306
JEY,Jersey,Europe,2004,79.4277
JEY,Jersey,Europe,2005,79.684
JEY,Jersey,Europe,2006,79.9093
JEY,Jersey,Europe,2007,80.1442
JEY,Jersey,Europe,2008,80.2809
JEY,Jersey,Europe,2009,80.4001
JEY,Jersey,Europe,2010,80.54
JEY,Jersey,Europe,2011,80.6654
JEY,Jersey,Europe,2012,80.7011
JEY,Jersey,Europe,2013,80.7151
JEY,Jersey,Europe,2014,80.6733
JEY,Jersey,Europe,2015,80.5257
JEY,Jersey,Europe,2016,80.3466
JEY,Jersey,Europe,2017,80.1828
JEY,Jersey,Europe,2018,80.0258
JEY,Jersey,Europe,2019,79.8931
JEY,Jersey,Europe,2020,79.4471
JEY,Jersey,Europe,2021,79.3232
JEY,Jersey,Europe,2022,79.7257
JEY,Jersey,Europe,2023,79.7071
JOR,Jordan,Asia,2000,71.9258
JOR,Jordan,Asia,2001,72.1412
JOR,Jordan,Asia,2002,72.3587
JOR,Jordan,Asia,2003,72.585
JOR,Jordan,Asia,2004,72.7877
JOR,Jordan,Asia,2005,72.9772
JOR,Jordan,Asia,2006,73.2248
JOR,Jordan,Asia,2007,73.4074
JOR,Jordan,Asia,2008,73.5631
JOR,Jordan,Asia,2009,73.7075
JOR,Jordan,Asia,2010,73.7973
JOR,Jordan,Asia,2011,73.9286
JOR,Jordan,Asia,2012,74.0873
JOR,Jordan,Asia,2013,74.2816
JOR,Jordan,Asia,2014,74.606
JOR,Jordan,Asia,2015,75.06
JOR,Jordan,Asia,2016,75.5501
JOR,Jordan,Asia,2017,76.0708
JOR,Jordan,Asia,2018,76.4913
JOR,Jordan,Asia,2019,76.8645
JOR,Jordan,Asia,2020,75.5831
JOR,Jordan,Asia,2021,74.2042
JOR,Jordan,Asia,2022,77.088
JOR,Jordan,Asia,2023,77.8145
JPN,Japan,Asia,2000,81.1788
JPN,Japan,Asia,2001,81.5101
JPN,Japan,Asia,2002,81.7952
JPN,Japan,Asia,2003,81.854
JPN,Japan,Asia,2004,82.1275
JPN,Japan,Asia,2005,82.0073
JPN,Japan,Asia,2006,82.3699
JPN,Japan,Asia,2007,82.5488
JPN,Japan,Asia,2008,82.6332
JPN,Japan,Asia,2009,82.9699
JPN,Japan,Asia,2010,82.916
JPN,Japan,Asia,2011,82.6705
JPN,Japan,Asia,2012,83.1676
JPN,Japan,Asia,2013,83.4018
JPN,Japan,Asia,2014,83.6434
JPN,Japan,Asia,2015,83.8832
JPN,Japan,Asia,2016,84.0568
JPN,Japan,Asia,2017,84.1891
JPN,Japan,Asia,2018,84.289
JPN,Japan,Asia,2019,84.4177
JPN,Japan,Asia,2020,84.6703
JPN,Japan,Asia,2021,84.55
JPN,Japan,Asia,2022,84.0541
JPN,Japan,Asia,2023,84.7123
KAZ,Kazakhstan,Asia,2000,63.793
KAZ,Kazakhstan,Asia,2001,64.1081
KAZ,Kazakhstan,Asia,2002,64.4405
KAZ,Kazakhstan,Asia,2003,64.7533
KAZ,Kazakhstan,Asia,2004,65.04
KAZ,Kazakhstan,Asia,2005,65.3556
KAZ,Kazakhstan,Asia,2006,65.7223
KAZ,Kazakhstan,Asia,2007,66.18
KAZ,Kazakhstan,Asia,2008,66.7589
KAZ,Kazakhstan,Asia,2009,67.4605
KAZ,Kazakhstan,Asia,2010,68.2575
KAZ,Kazakhstan,Asia,2011,69.1076
KAZ,Kazakhstan,Asia,2012,69.9395
KAZ,Kazakhstan,Asia,2013,70.7189
KAZ,Kazakhstan,Asia,2014,71.4149
KAZ,Kazakhstan,Asia,2015,72.0242
KAZ,Kazakhstan,Asia,2016,72.5491
KAZ,Kazakhstan,Asia,2017,72.9955
KAZ,Kazakhstan,Asia,2018,73.3693
KAZ,Kazakhstan,Asia,2019,73.6581
KAZ,Kazakhstan,Asia,2020,71.1952
KAZ,Kazakhstan,Asia,2021,70.1311
KAZ,Kazakhstan,Asia,2022,73.5028
KAZ,Kazakhstan,Asia,2023,74.4021
KEN,Kenya,Africa,2000,56.0836
KEN,Kenya,Africa,2001,56.5005
KEN,Kenya,Africa,2002,56.7587
KEN,Kenya,Africa,2003,57.3694
KEN,Kenya,Africa,2004,57.9472
KEN,Kenya,Africa,2005,58.5098
KEN,Kenya,Africa,2006,59.0588
KEN,Kenya,Africa,2007,59.4073
KEN,Kenya,Africa,2008,59.9545
KEN,Kenya,Africa,2009,60.4828
KEN,Kenya,Africa,2010,60.9149
KEN,Kenya,Africa,2011,61.2827
KEN,Kenya,Africa,2012,61.5373
KEN,Kenya,Africa,2013,61.7291
KEN,Kenya,Africa,2014,61.9904
KEN,Kenya,Africa,2015,62.279
KEN,Kenya,Africa,2016,62.5261
KEN,Kenya,Africa,2017,62.7248
KEN,Kenya,Africa,2018,62.8254
KEN,Kenya,Africa,2019,62.9391
KEN,Kenya,Africa,2020,61.5958
KEN,Kenya,Africa,2021,61.2253
KEN,Kenya,Africa,2022,63.5491
KEN,Kenya,Africa,2023,63.6459
KGZ,Kyrgyz Republic,Asia,2000,65.2419
KGZ,Kyrgyz Republic,Asia,2001,65.3191
KGZ,Kyrgyz Republic,Asia,2002,65.3418
KGZ,Kyrgyz Republic,Asia,2003,65.4485
KGZ,Kyrgyz Republic,Asia,2004,65.6494
KGZ,Kyrgyz Republic,Asia,2005,65.7894
KGZ,Kyrgyz Republic,Asia,2006,65.7816
KGZ,Kyrgyz Republic,Asia,2007,66.0466
KGZ,Kyrgyz Republic,Asia,2008,66.6158
KGZ,Kyrgyz Republic,Asia,2009,67.1401
KGZ,Kyrgyz Republic,Asia,2010,67.5214
KGZ,Kyrgyz Republic,Asia,2011,67.7481
KGZ,Kyrgyz Republic,Asia,2012,68.1419
KGZ,Kyrgyz Republic,Asia,2013,68.4623
KGZ,Kyrgyz Republic,Asia,2014,68.8293
KGZ,Kyrgyz Republic,Asia,2015,69.3094
KGZ,Kyrgyz Republic,Asia,2016,69.9095
KGZ,Kyrgyz Republic,Asia,2017,70.5031
KGZ,Kyrgyz Republic,Asia,2018,70.6678
KGZ,Kyrgyz Republic,Asia,2019,70.8907
KGZ,Kyrgyz Republic,Asia,2020,69.136
KGZ,Kyrgyz Republic,Asia,2021,69.2904
KGZ,Kyrgyz Republic,Asia,2022,71.487
KGZ,Kyrgyz Republic,Asia,2023,71.677
KHM,Cambodia,Asia,2000,59.4914
KHM,Cambodia,Asia,2001,60.4566
KHM,Cambodia,Asia,2002,61.3945
KHM,Cambodia,Asia,2003,62.3452
KHM,Cambodia,Asia,2004,63.2558
KHM,Cambodia,Asia,2005,64.1128
KHM,Cambodia,Asia,2006,64.8859
KHM,Cambodia,Asia,2007,65.5491
KHM,Cambodia,Asia,2008,66.1469
KHM,Cambodia,Asia,2009,66.7473
KHM,Cambodia,Asia,2010,67.3108
KHM,Cambodia,Asia,2011,67.8691
KHM,Cambodia,Asia,2012,68.3714
KHM,Cambodia,Asia,2013,68.7548
KHM,Cambodia,Asia,2014,69.1174
KHM,Cambodia,Asia,2015,69.3977
KHM,Cambodia,Asia,2016,69.6352
KHM,Cambodia,Asia,2017,69.8424
KHM,Cambodia,Asia,2018,69.9935
KHM,Cambodia,Asia,2019,70.1267
KHM,Cambodia,Asia,2020,70.0594
KHM,Cambodia,Asia,2021,69.3012
KHM,Cambodia,Asia,2022,70.528
KHM,Cambodia,Asia,2023,70.6675
KIR,Kiribati,Oceania,2000,64.6739
KIR,Kiribati,Oceania,2001,64.9179
KIR,Kiribati,Oceania,2002,65.1233
KIR,Kiribati,Oceania,2003,65.2869
KIR,Kiribati,Oceania,2004,65.4157
KIR,Kiribati,Oceania,2005,65.5174
KIR,Kiribati,Oceania,2006,65.6014
KIR,Kiribati,Oceania,2007,65.6766
KIR,Kiribati,Oceania,2008,65.7455
KIR,Kiribati,Oceania,2009,65.8083
KIR,Kiribati,Oceania,2010,65.8595
KIR,Kiribati,Oceania,2011,65.8958
KIR,Kiribati,Oceania,2012,65.9081
KIR,Kiribati,Oceania,2013,65.8979
KIR,Kiribati,Oceania,2014,65.8687
KIR,Kiribati,Oceania,2015,65.831
KIR,Kiribati,Oceania,2016,65.7991
KIR,Kiribati,Oceania,2017,65.7871
KIR,Kiribati,Oceania,2018,65.8067
KIR,Kiribati,Oceania,2019,65.8663
KIR,Kiribati,Oceania,2020,65.2046
KIR,Kiribati,Oceania,2021,64.1482
KIR,Kiribati,Oceania,2022,66.2687
KIR,Kiribati,Oceania,2023,66.4731
KNA,Saint Kitts and Nevis,North America,2000,69.2488
KNA,Saint Kitts and Nevis,North America,2001,69.7671
KNA,Saint Kitts and Nevis,North America,2002,70.1939
KNA,Saint Kitts and Nevis,North America,2003,70.6142
KNA,Saint Kitts and Nevis,North America,2004,70.9198
KNA,Saint Kitts and Nevis,North America,2005,71.151
KNA,Saint Kitts and Nevis,North America,2006,71.3557
KNA,Saint Kitts and Nevis,North America,2007,71.4372
KNA,Saint Kitts and Nevis,North America,2008,71.4786
KNA,Saint Kitts and Nevis,North America,2009,71.4884
KNA,Saint Kitts and Nevis,North America,2010,71.4516
KNA,Saint Kitts and Nevis,North America,2011,71.4
KNA,Saint Kitts and Nevis,North America,2012,71.3619
KNA,Saint Kitts and Nevis,North America,2013,71.2903
KNA,Saint Kitts and Nevis,North America,2014,71.2275
KNA,Saint Kitts and Nevis,North America,2015,71.2112
KNA,Saint Kitts and Nevis,North America,2016,71.2269
KNA,Saint Kitts and Nevis,North America,2017,71.284
KNA,Saint Kitts and Nevis,North America,2018,71.3362
KNA,Saint Kitts and Nevis,North America,2019,71.5399
KNA,Saint Kitts and Nevis,North America,2020,71.1814
KNA,Saint Kitts and Nevis,North America,2021,69.2709
KNA,Saint Kitts and Nevis,North America,2022,70.3131
KNA,Saint Kitts and Nevis,North America,2023,72.1447
KOR,South Korea,Asia,2000,76.2351
KOR,South Korea,Asia,2001,76.9195
KOR,South Korea,Asia,2002,77.2304
KOR,South Korea,Asia,2003,77.4974
KOR,South Korea,Asia,2004,77.9571
KOR,South Korea,Asia,2005,78.4486
KOR,South Korea,Asia,2006,79.0348
KOR,South Korea,Asia,2007,79.4323
KOR,South Korea,Asia,2008,79.9956
KOR,South Korea,Asia,2009,80.5504
KOR,South Korea,Asia,2010,80.7172
KOR,South Korea,Asia,2011,81.1685
KOR,South Korea,Asia,2012,81.3075
KOR,South Korea,Asia,2013,81.8356
KOR,South Korea,Asia,2014,82.3641
KOR,South Korea,Asia,2015,82.5404
KOR,South Korea,Asia,2016,82.9204
KOR,South Korea,Asia,2017,83.2784
KOR,South Korea,Asia,2018,83.34
KOR,South Korea,Asia,2019,83.6846
KOR,South Korea,Asia,2020,83.6752
KOR,South Korea,Asia,2021,83.8517
KOR,South Korea,Asia,2022,82.727
KOR,South Korea,Asia,2023,84.3288
KWT,Kuwait,Asia,2000,75.8728
KWT,Kuwait,Asia,2001,76.0366
KWT,Kuwait,Asia,2002,76.1881
KWT,Kuwait,Asia,2003,76.3043
KWT,Kuwait,Asia,2004,76.3876
KWT,Kuwait,Asia,2005,76.4639
KWT,Kuwait,Asia,2006,76.5541
KWT,Kuwait,Asia,2007,76.6875
KWT,Kuwait,Asia,2008,76.8895
KWT,Kuwait,Asia,2009,77.1674
KWT,Kuwait,Asia,2010,77.4995
KWT,Kuwait,Asia,2011,77.8637
KWT,Kuwait,Asia,2012,78.227
KWT,Kuwait,Asia,2013,78.5831
KWT,Kuwait,Asia,2014,78.927
KWT,Kuwait,Asia,2015,79.2194
KWT,Kuwait,Asia,2016,79.5162
KWT,Kuwait,Asia,2017,79.7314
KWT,Kuwait,Asia,2018,79.8994
KWT,Kuwait,Asia,2019,80.0223
KWT,Kuwait,Asia,2020,78.2483
KWT,Kuwait,Asia,2021,77.625
KWT,Kuwait,Asia,2022,78.7881
KWT,Kuwait,Asia,2023,80.4047
LAO,Laos,Asia,2000,58.3168
LAO,Laos,Asia,2001,58.8867
LAO,Laos,Asia,2002,59.3024
LAO,Laos,Asia,2003,59.6426
LAO,Laos,Asia,2004,60.0803
LAO,Laos,Asia,2005,60.6881
LAO,Laos,Asia,2006,61.0743
LAO,Laos,Asia,2007,61.694
LAO,Laos,Asia,2008,62.2477
LAO,Laos,Asia,2009,63.023
LAO,Laos,Asia,2010,63.6895
LAO,Laos,Asia,2011,64.505
LAO,Laos,Asia,2012,65.1262
LAO,Laos,Asia,2013,65.7226
LAO,Laos,Asia,2014,66.3497
LAO,Laos,Asia,2015,66.6881
LAO,Laos,Asia,2016,67.0136
LAO,Laos,Asia,2017,67.3452
LAO,Laos,Asia,2018,67.5942
LAO,Laos,Asia,2019,67.9113
LAO,Laos,Asia,2020,68.3386
LAO,Laos,Asia,2021,67.8074
LAO,Laos,Asia,2022,68.7152
LAO,Laos,Asia,2023,68.9637
LBN,Lebanon,Asia,2000,73.8949
LBN,Lebanon,Asia,2001,74.3542
LBN,Lebanon,Asia,2002,74.8356
LBN,Lebanon,Asia,2003,75.2753
LBN,Lebanon,Asia,2004,75.6933
LBN,Lebanon,Asia,2005,76.0737
LBN,Lebanon,Asia,2006,75.6766
LBN,Lebanon,Asia,2007,76.7316
LBN,Lebanon,Asia,2008,76.9557
LBN,Lebanon,Asia,2009,77.2618
LBN,Lebanon,Asia,2010,77.5292
LBN,Lebanon,Asia,2011,77.7682
LBN,Lebanon,Asia,2012,77.941
LBN,Lebanon,Asia,2013,78.0365
LBN,Lebanon,Asia,2014,78.148
LBN,Lebanon,Asia,2015,78.2754
LBN,Lebanon,Asia,2016,78.3063
LBN,Lebanon,Asia,2017,78.1922
LBN,Lebanon,Asia,2018,78.2632
LBN,Lebanon,Asia,2019,78.2079
LBN,Lebanon,Asia,2020,76.2988
LBN,Lebanon,Asia,2021,73.6495
LBN,Lebanon,Asia,2022,78.0029
LBN,Lebanon,Asia,2023,77.817
LBR,Liberia,Africa,2000,51.8517
LBR,Liberia,Africa,2001,53.1095
LBR,Liberia,Africa,2002,54.0612
LBR,Liberia,Africa,2003,53.045
LBR,Liberia,Africa,2004,55.9489
LBR,Liberia,Africa,2005,56.7648
LBR,Liberia,Africa,2006,57.4946
LBR,Liberia,Africa,2007,58.1469
LBR,Liberia,Africa,2008,58.6751
LBR,Liberia,Africa,2009,59.1064
LBR,Liberia,Africa,2010,59.3577
LBR,Liberia,Africa,2011,59.4862
LBR,Liberia,Africa,2012,59.7855
LBR,Liberia,Africa,2013,59.9925
LBR,Liberia,Africa,2014,59.2101
LBR,Liberia,Africa,2015,59.2481
LBR,Liberia,Africa,2016,60.4834
LBR,Liberia,Africa,2017,60.7767
LBR,Liberia,Africa,2018,60.9995
LBR,Liberia,Africa,2019,61.2324
LBR,Liberia,Africa,2020,61.2672
LBR,Liberia,Africa,2021,61.1658
LBR,Liberia,Africa,2022,61.9342
LBR,Liberia,Africa,2023,62.1625
LBY,Libyan Arab Jamahiriya,Africa,2000,70.5421
LBY,Libyan Arab Jamahiriya,Africa,2001,70.6533
LBY,Libyan Arab Jamahiriya,Africa,2002,70.7883
LBY,Libyan Arab Jamahiriya,Africa,2003,70.996
LBY,Libyan Arab Jamahiriya,Africa,2004,71.2096
LBY,Libyan Arab Jamahiriya,Africa,2005,71.4386
LBY,Libyan Arab Jamahiriya,Africa,2006,71.6324
LBY,Libyan Arab Jamahiriya,Africa,2007,71.7876
LBY,Libyan Arab Jamahiriya,Africa,2008,71.9361
LBY,Libyan Arab Jamahiriya,Africa,2009,72.0706
LBY,Libyan Arab Jamahiriya,Africa,2010,72.1963
LBY,Libyan Arab Jamahiriya,Africa,2011,69.9496
LBY,Libyan Arab Jamahiriya,Africa,2012,72.1882
LBY,Libyan Arab Jamahiriya,Africa,2013,72.3387
LBY,Libyan Arab Jamahiriya,Africa,2014,71.2996
LBY,Libyan Arab Jamahiriya,Africa,2015,71.644
LBY,Libyan Arab Jamahiriya,Africa,2016,71.7987
LBY,Libyan Arab Jamahiriya,Africa,2017,72.721
LBY,Libyan Arab Jamahiriya,Africa,2018,73.1508
LBY,Libyan Arab Jamahiriya,Africa,2019,72.9412
LBY,Libyan Arab Jamahiriya,Africa,2020,72.3882
LBY,Libyan Arab Jamahiriya,Africa,2021,72.0617
LBY,Libyan Arab Jamahiriya,Africa,2022,74.4615
LBY,Libyan Arab Jamahiriya,Africa,2023,69.3389
LCA,Saint Lucia,North America,2000,70.7791
LCA,Saint Lucia,North America,2001,71.3671
LCA,Saint Lucia,North America,2002,71.7065
LCA,Saint Lucia,North America,2003,72.1883
LCA,Saint Lucia,North America,2004,72.4527
LCA,Saint Lucia,North America,2005,72.5437
LCA,Saint Lucia,North America,2006,72.794
LCA,Saint Lucia,North America,2007,72.8598
LCA,Saint Lucia,North America,2008,72.9635
LCA,Saint Lucia,North America,2009,72.9459
LCA,Saint Lucia,North America,2010,72.7676
LCA,Saint Lucia,North America,2011,72.9617
LCA,Saint Lucia,North America,2012,72.86
LCA,Saint Lucia,North America,2013,72.6872
LCA,Saint Lucia,North America,2014,72.6764
LCA,Saint Lucia,North America,2015,72.9319
LCA,Saint Lucia,North America,2016,72.5515
LCA,Saint Lucia,North America,2017,72.5218
LCA,Saint Lucia,North America,2018,72.6546
LCA,Saint Lucia,North America,2019,72.249
LCA,Saint Lucia,North America,2020,72.3077
LCA,Saint Lucia,North America,2021,69.1194
LCA,Saint Lucia,North America,2022,72.6699
LCA,Saint Lucia,North America,2023,72.6968
LIE,Liechtenstein,Europe,2000,78.5757
LIE,Liechtenstein,Europe,2001,79.1936
LIE,Liechtenstein,Europe,2002,79.7588
LIE,Liechtenstein,Europe,2003,80.2377
LIE,Liechtenstein,Europe,2004,80.7331
LIE,Liechtenstein,Europe,2005,81.1169
LIE,Liechtenstein,Europe,2006,81.4029
LIE,Liechtenstein,Europe,2007,81.6389
LIE,Liechtenstein,Europe,2008,81.8552
LIE,Liechtenstein,Europe,2009,81.9374
LIE,Liechtenstein,Europe,2010,82.0538
LIE,Liechtenstein,Europe,2011,82.1571
LIE,Liechtenstein,Europe,2012,82.2544
LIE,Liechtenstein,Europe,2013,82.3739
LIE,Liechtenstein,Europe,2014,82.5465
LIE,Liechtenstein,Europe,2015,82.7618
LIE,Liechtenstein,Europe,2016,82.8949
LIE,Liechtenstein,Europe,2017,83.111
LIE,Liechtenstein,Europe,2018,83.269
LIE,Liechtenstein,Europe,2019,83.4047
LIE,Liechtenstein,Europe,2020,82.037
LIE,Liechtenstein,Europe,2021,82.7877
LIE,Liechtenstein,Europe,2022,83.4054
LIE,Liechtenstein,Europe,2023,83.6298
LKA,Sri Lanka,Asia,2000,71.1787
LKA,Sri Lanka,Asia,2001,71.8044
LKA,Sri Lanka,Asia,2002,72.2711
LKA,Sri Lanka,Asia,2003,72.4417
LKA,Sri Lanka,Asia,2004,68.0218
LKA,Sri Lanka,Asia,2005,73.0733
LKA,Sri Lanka,Asia,2006,72.825
LKA,Sri Lanka,Asia,2007,72.9831
LKA,Sri Lanka,Asia,2008,72.5557
LKA,Sri Lanka,Asia,2009,70.2976
LKA,Sri Lanka,Asia,2010,74.4626
LKA,Sri Lanka,Asia,2011,74.7405
LKA,Sri Lanka,Asia,2012,75.1866
LKA,Sri Lanka,Asia,2013,75.5461
LKA,Sri Lanka,Asia,2014,75.7573
LKA,Sri Lanka,Asia,2015,75.9899
LKA,Sri Lanka,Asia,2016,76.1361
LKA,Sri Lanka,Asia,2017,76.2386
LKA,Sri Lanka,Asia,2018,76.4853
LKA,Sri Lanka,Asia,2019,76.698
LKA,Sri Lanka,Asia,2020,76.9281
LKA,Sri Lanka,Asia,2021,76.2779
LKA,Sri Lanka,Asia,2022,77.2996
LKA,Sri Lanka,Asia,2023,77.4828
LSO,Lesotho,Africa,2000,48.7828
LSO,Lesotho,Africa,2001,47.1525
LSO,Lesotho,Africa,2002,45.9501
LSO,Lesotho,Africa,2003,44.9214
LSO,Lesotho,Africa,2004,44.0388
LSO,Lesotho,Africa,2005,43.6115
LSO,Lesotho,Africa,2006,43.182
LSO,Lesotho,Africa,2007,43.6601
LSO,Lesotho,Africa,2008,44.304
LSO,Lesotho,Africa,2009,45.0552
LSO,Lesotho,Africa,2010,46.0447
LSO,Lesotho,Africa,2011,46.9302
LSO,Lesotho,Africa,2012,48.2353
LSO,Lesotho,Africa,2013,49.5475
LSO,Lesotho,Africa,2014,50.7865
LSO,Lesotho,Africa,2015,51.8298
LSO,Lesotho,Africa,2016,52.9078
LSO,Lesotho,Africa,2017,53.8737
LSO,Lesotho,Africa,2018,54.6377
LSO,Lesotho,Africa,2019,55.2493
LSO,Lesotho,Africa,2020,55.1325
LSO,Lesotho,Africa,2021,54.2091
LSO,Lesotho,Africa,2022,56.8119
LSO,Lesotho,Africa,2023,57.3749
LTU,Lithuania,Europe,2000,72.1387
LTU,Lithuania,Europe,2001,71.7123
LTU,Lithuania,Europe,2002,71.8389
LTU,Lithuania,Europe,2003,72.0883
LTU,Lithuania,Europe,2004,72.0009
LTU,Lithuania,Europe,2005,71.2464
LTU,Lithuania,Europe,2006,70.9639
LTU,Lithuania,Europe,2007,70.6982
LTU,Lithuania,Europe,2008,71.6959
LTU,Lithuania,Europe,2009,72.8496
LTU,Lithuania,Europe,2010,73.1962
LTU,Lithuania,Europe,2011,73.608
LTU,Lithuania,Europe,2012,73.9644
LTU,Lithuania,Europe,2013,74.0268
LTU,Lithuania,Europe,2014,74.596
LTU,Lithuania,Europe,2015,74.4737
LTU,Lithuania,Europe,2016,74.8195
LTU,Lithuania,Europe,2017,75.7015
LTU,Lithuania,Europe,2018,75.9091
LTU,Lithuania,Europe,2019,76.4245
LTU,Lithuania,Europe,2020,75.105
LTU,Lithuania,Europe,2021,74.2967
LTU,Lithuania,Europe,2022,74.696
LTU,Lithuania,Europe,2023,76.025
LUX,Luxembourg,Europe,2000,77.2635
LUX,Luxembourg,Europe,2001,77.5298
LUX,Luxembourg,Europe,2002,77.5518
LUX,Luxembourg,Europe,2003,77.2624
LUX,Luxembourg,Europe,2004,78.6583
LUX,Luxembourg,Europe,2005,78.8786
LUX,Luxembourg,Europe,2006,78.8384
LUX,Luxembourg,Europe,2007,79.1157
LUX,Luxembourg,Europe,2008,80.1066
LUX,Luxembourg,Europe,2009,79.9074
LUX,Luxembourg,Europe,2010,80.0987
LUX,Luxembourg,Europe,2011,80.2848
LUX,Luxembourg,Europe,2012,80.4383
LUX,Luxembourg,Europe,2013,80.8544
LUX,Luxembourg,Europe,2014,81.2359
LUX,Luxembourg,Europe,2015,81.2561
LUX,Luxembourg,Europe,2016,81.6199
LUX,Luxembourg,Europe,2017,81.0892
LUX,Luxembourg,Europe,2018,81.5187
LUX,Luxembourg,Europe,2019,81.5879
LUX,Luxembourg,Europe,2020,81.4108
LUX,Luxembourg,Europe,2021,81.8392
LUX,Luxembourg,Europe,2022,82.2007
LUX,Luxembourg,Europe,2023,82.2294
LVA,Latvia,Europe,2000,70.1755
LVA,Latvia,Europe,2001,69.9058
LVA,Latvia,Europe,2002,70.1755
LVA,Latvia,Europe,2003,70.6361
LVA,Latvia,Europe,2004,70.9395
LVA,Latvia,Europe,2005,70.6324
LVA,Latvia,Europe,2006,70.5501
LVA,Latvia,Europe,2007,70.7894
LVA,Latvia,Europe,2008,71.999
LVA,Latvia,Europe,2009,72.6966
LVA,Latvia,Europe,2010,73.0285
LVA,Latvia,Europe,2011,73.7176
LVA,Latvia,Europe,2012,73.9387
LVA,Latvia,Europe,2013,74.1873
LVA,Latvia,Europe,2014,74.306
LVA,Latvia,Europe,2015,74.6646
LVA,Latvia,Europe,2016,74.7568
LVA,Latvia,Europe,2017,74.8005
LVA,Latvia,Europe,2018,74.9793
LVA,Latvia,Europe,2019,75.6278
LVA,Latvia,Europe,2020,75.4781
LVA,Latvia,Europe,2021,73.1809
LVA,Latvia,Europe,2022,74.8706
LVA,Latvia,Europe,2023,76.1898
MAC,Macao,Asia,2000,79.4292
MAC,Macao,Asia,2001,79.8122
MAC,Macao,Asia,2002,80.098
MAC,Macao,Asia,2003,80.2148
MAC,Macao,Asia,2004,80.4057
MAC,Macao,Asia,2005,80.5223
MAC,Macao,Asia,2006,80.7101
MAC,Macao,Asia,2007,80.9322
MAC,Macao,Asia,2008,81.1622
MAC,Macao,Asia,2009,81.4926
MAC,Macao,Asia,2010,81.6635
MAC,Macao,Asia,2011,81.9924
MAC,Macao,Asia,2012,82.2557
MAC,Macao,Asia,2013,82.4764
MAC,Macao,Asia,2014,82.6955
MAC,Macao,Asia,2015,82.9402
MAC,Macao,Asia,2016,83.0197
MAC,Macao,Asia,2017,83.0779
MAC,Macao,Asia,2018,83.3959
MAC,Macao,Asia,2019,83.2927
MAC,Macao,Asia,2020,84.61
MAC,Macao,Asia,2021,83.8179
MAC,Macao,Asia,2022,82.1025
MAC,Macao,Asia,2023,83.0749
MAF,Saint Martin,North America,2000,76.7932
MAF,Saint Martin,North America,2001,77.0093
MAF,Saint Martin,North America,2002,77.2189
MAF,Saint Martin,North America,2003,77.4194
MAF,Saint Martin,North America,2004,77.6122
MAF,Saint Martin,North America,2005,77.8018
MAF,Saint Martin,North America,2006,77.9885
MAF,Saint Martin,North America,2007,78.1596
MAF,Saint Martin,North America,2008,78.3263
MAF,Saint Martin,North America,2009,78.5132
MAF,Saint Martin,North America,2010,78.7523
MAF,Saint Martin,North America,2011,79.0164
MAF,Saint Martin,North America,2012,79.3023
MAF,Saint Martin,North America,2013,79.5281
MAF,Saint Martin,North America,2014,79.7269
MAF,Saint Martin,North America,2015,79.8295
MAF,Saint Martin,North America,2016,79.8852
MAF,Saint Martin,North America,2017,78.7621
MAF,Saint Martin,North America,2018,80.029
MAF,Saint Martin,North America,2019,80.0784
MAF,Saint Martin,North America,2020,80.0848
MAF,Saint Martin,North America,2021,80.206
MAF,Saint Martin,North America,2022,80.2355
MAF,Saint Martin,North America,2023,80.2238
MAR,Morocco,Africa,2000,66.7937
MAR,Morocco,Africa,2001,67.1996
MAR,Morocco,Africa,2002,67.5817
MAR,Morocco,Africa,2003,67.9577
MAR,Morocco,Africa,2004,68.2721
MAR,Morocco,Africa,2005,68.7475
MAR,Morocco,Africa,2006,69.1574
MAR,Morocco,Africa,2007,69.6197
MAR,Morocco,Africa,2008,70.0509
MAR,Morocco,Africa,2009,70.4543
MAR,Morocco,Africa,2010,70.8211
MAR,Morocco,Africa,2011,71.2634
MAR,Morocco,Africa,2012,71.674
MAR,Morocco,Africa,2013,72.1174
MAR,Morocco,Africa,2014,72.5225
MAR,Morocco,Africa,2015,72.8938
MAR,Morocco,Africa,2016,73.2279
MAR,Morocco,Africa,2017,73.6079
MAR,Morocco,Africa,2018,73.9456
MAR,Morocco,Africa,2019,74.2446
MAR,Morocco,Africa,2020,73.1327
MAR,Morocco,Africa,2021,73.3848
MAR,Morocco,Africa,2022,75.1614
MAR,Morocco,Africa,2023,75.3128
MCO,Monaco,Europe,2000,82.1207
MCO,Monaco,Europe,2001,82.485
MCO,Monaco,Europe,2002,83.0547
MCO,Monaco,Europe,2003,83.6128
MCO,Monaco,Europe,2004,84.1511
MCO,Monaco,Europe,2005,84.3396
MCO,Monaco,Europe,2006,84.1944
MCO,Monaco,Europe,2007,83.9034
MCO,Monaco,Europe,2008,83.8271
MCO,Monaco,Europe,2009,84.1871
MCO,Monaco,Europe,2010,84.6441
MCO,Monaco,Europe,2011,85.0099
MCO,Monaco,Europe,2012,85.0451
MCO,Monaco,Europe,2013,85.0557
MCO,Monaco,Europe,2014,85.0925
MCO,Monaco,Europe,2015,85.3231
MCO,Monaco,Europe,2016,85.6302
MCO,Monaco,Europe,2017,85.8784
MCO,Monaco,Europe,2018,86.0843
MCO,Monaco,Europe,2019,86.1507
MCO,Monaco,Europe,2020,86.0893
MCO,Monaco,Europe,2021,85.1126
MCO,Monaco,Europe,2022,85.7464
MCO,Monaco,Europe,2023,86.3724
MDA,Moldova,Europe,2000,67.4623
MDA,Moldova,Europe,2001,67.6725
MDA,Moldova,Europe,2002,67.7926
MDA,Moldova,Europe,2003,67.8998
MDA,Moldova,Europe,2004,68.0166
MDA,Moldova,Europe,2005,68.1969
MDA,Moldova,Europe,2006,68.4234
MDA,Moldova,Europe,2007,68.6738
MDA,Moldova,Europe,2008,69.0001
MDA,Moldova,Europe,2009,69.4057
MDA,Moldova,Europe,2010,69.8759
MDA,Moldova,Europe,2011,70.1732
MDA,Moldova,Europe,2012,70.3438
MDA,Moldova,Europe,2013,70.2907
MDA,Moldova,Europe,2014,70.2407
MDA,Moldova,Europe,2015,70.118
MDA,Moldova,Europe,2016,70.1792
MDA,Moldova,Europe,2017,70.375
MDA,Moldova,Europe,2018,70.2355
MDA,Moldova,Europe,2019,70.181
MDA,Moldova,Europe,2020,69.9144
MDA,Moldova,Europe,2021,68.9908
MDA,Moldova,Europe,2022,71.5465
MDA,Moldova,Europe,2023,71.1985
MDG,Madagascar,Africa,2000,57.9742
MDG,Madagascar,Africa,2001,58.6744
MDG,Madagascar,Africa,2002,59.1704
MDG,Madagascar,Africa,2003,59.6926
MDG,Madagascar,Africa,2004,60.1684
MDG,Madagascar,Africa,2005,60.6639
MDG,Madagascar,Africa,2006,61.1404
MDG,Madagascar,Africa,2007,61.5335
MDG,Madagascar,Africa,2008,61.9919
MDG,Madagascar,Africa,2009,62.3044
MDG,Madagascar,Africa,2010,62.5967
MDG,Madagascar,Africa,2011,62.8602
MDG,Madagascar,Africa,2012,63.0068
MDG,Madagascar,Africa,2013,63.1613
MDG,Madagascar,Africa,2014,63.2615
MDG,Madagascar,Africa,2015,63.3621
MDG,Madagascar,Africa,2016,63.4312
MDG,Madagascar,Africa,2017,63.4328
MDG,Madagascar,Africa,2018,63.4911
MDG,Madagascar,Africa,2019,63.5039
MDG,Madagascar,Africa,2020,62.706
MDG,Madagascar,Africa,2021,62.5157
MDG,Madagascar,Africa,2022,63.0677
MDG,Madagascar,Africa,2023,63.6317
MDV,Maldives,Asia,2000,70.8919
MDV,Maldives,Asia,2001,71.6593
MDV,Maldives,Asia,2002,72.3597
MDV,Maldives,Asia,2003,73.2634
MDV,Maldives,Asia,2004,73.0085
MDV,Maldives,Asia,2005,74.7846
MDV,Maldives,Asia,2006,75.2558
MDV,Maldives,Asia,2007,75.7108
MDV,Maldives,Asia,2008,75.9994
MDV,Maldives,Asia,2009,76.3714
MDV,Maldives,Asia,2010,76.7556
MDV,Maldives,Asia,2011,77.1409
MDV,Maldives,Asia,2012,77.5123
MDV,Maldives,Asia,2013,77.8474
MDV,Maldives,Asia,2014,78.1873
MDV,Maldives,Asia,2015,78.6073
MDV,Maldives,Asia,2016,78.9128
MDV,Maldives,Asia,2017,79.2278
MDV,Maldives,Asia,2018,79.4331
MDV,Maldives,Asia,2019,79.7071
MDV,Maldives,Asia,2020,78.713
MDV,Maldives,Asia,2021,78.052
MDV,Maldives,Asia,2022,80.7595
MDV,Maldives,Asia,2023,81.0412
MEX,Mexico,North America,2000,72.5621
MEX,Mexico,North America,2001,72.9118
MEX,Mexico,North America,2002,73.1056
MEX,Mexico,North America,2003,73.308
MEX,Mexico,North America,2004,73.4324
MEX,Mexico,North America,2005,73.6267
MEX,Mexico,North America,2006,73.7457
MEX,Mexico,North America,2007,73.7955
MEX,Mexico,North America,2008,73.6949
MEX,Mexico,North America,2009,73.6281
MEX,Mexico,North America,2010,73.7181
MEX,Mexico,North America,2011,73.9209
MEX,Mexico,North America,2012,74.1278
MEX,Mexico,North America,2013,74.289
MEX,Mexico,North America,2014,74.4044
MEX,Mexico,North America,2015,74.4315
MEX,Mexico,North America,2016,74.3763
MEX,Mexico,North America,2017,74.2609
MEX,Mexico,North America,2018,74.3009
MEX,Mexico,North America,2019,74.5302
MEX,Mexico,North America,2020,70.4492
MEX,Mexico,North America,2021,69.7499
MEX,Mexico,North America,2022,73.9731
MEX,Mexico,North America,2023,75.069
MHL,Marshall Islands,Oceania,2000,63.3233
MHL,Marshall Islands,Oceania,2001,63.7347
MHL,Marshall Islands,Oceania,2002,63.8483
MHL,Marshall Islands,Oceania,2003,63.9562
MHL,Marshall Islands,Oceania,2004,64.0442
MHL,Marshall Islands,Oceania,2005,64.1124
MHL,Marshall Islands,Oceania,2006,64.2072
MHL,Marshall Islands,Oceania,2007,64.2594
MHL,Marshall Islands,Oceania,2008,64.3003
MHL,Marshall Islands,Oceania,2009,64.3946
MHL,Marshall Islands,Oceania,2010,64.4977
MHL,Marshall Islands,Oceania,2011,64.6407
MHL,Marshall Islands,Oceania,2012,64.7761
MHL,Marshall Islands,Oceania,2013,64.9545
MHL,Marshall Islands,Oceania,2014,65.11
MHL,Marshall Islands,Oceania,2015,65.2922
MHL,Marshall Islands,Oceania,2016,65.4768
MHL,Marshall Islands,Oceania,2017,65.6731
MHL,Marshall Islands,Oceania,2018,65.8703
MHL,Marshall Islands,Oceania,2019,66.0473
MHL,Marshall Islands,Oceania,2020,65.3873
MHL,Marshall Islands,Oceania,2021,65.4209
MHL,Marshall Islands,Oceania,2022,66.7245
MHL,Marshall Islands,Oceania,2023,66.9454
MKD,North Macedonia,Europe,2000,72.569
MKD,North Macedonia,Europe,2001,73.0061
MKD,North Macedonia,Europe,2002,72.709
MKD,North Macedonia,Europe,2003,73.0466
MKD,North Macedonia,Europe,2004,73.4475
MKD,North Macedonia,Europe,2005,73.6075
MKD,North Macedonia,Europe,2006,73.7907
MKD,North Macedonia,Europe,2007,73.7418
MKD,North Macedonia,Europe,2008,74.4363
MKD,North Macedonia,Europe,2009,74.4689
MKD,North Macedonia,Europe,2010,75.0374
MKD,North Macedonia,Europe,2011,75.1424
MKD,North Macedonia,Europe,2012,75.043
MKD,North Macedonia,Europe,2013,75.5832
MKD,North Macedonia,Europe,2014,75.6327
MKD,North Macedonia,Europe,2015,75.6289
MKD,North Macedonia,Europe,2016,75.571
MKD,North Macedonia,Europe,2017,76.1524
MKD,North Macedonia,Europe,2018,76.8835
MKD,North Macedonia,Europe,2019,76.8346
MKD,North Macedonia,Europe,2020,74.4687
MKD,North Macedonia,Europe,2021,73.2918
MKD,North Macedonia,Europe,2022,76.6455
MKD,North Macedonia,Europe,2023,77.3947
MLI,Mali,Africa,2000,50.6046
MLI,Mali,Africa,2001,51.3004
MLI,Mali,Africa,2002,51.9954
MLI,Mali,Africa,2003,52.632
MLI,Mali,Africa,2004,53.2527
MLI,Mali,Africa,2005,53.7925
MLI,Mali,Africa,2006,54.3046
MLI,Mali,Africa,2007,54.7561
MLI,Mali,Africa,2008,55.1868
MLI,Mali,Africa,2009,55.5883
MLI,Mali,Africa,2010,55.9931
MLI,Mali,Africa,2011,56.3673
MLI,Mali,Africa,2012,56.6959
MLI,Mali,Africa,2013,57.0523
MLI,Mali,Africa,2014,57.4818
MLI,Mali,Africa,2015,57.8519
MLI,Mali,Africa,2016,58.2857
MLI,Mali,Africa,2017,58.562
MLI,Mali,Africa,2018,58.8728
MLI,Mali,Africa,2019,59.2173
MLI,Mali,Africa,2020,58.8577
MLI,Mali,Africa,2021,59.116
MLI,Mali,Africa,2022,60.0347
MLI,Mali,Africa,2023,60.4394
MLT,Malta,Europe,2000,77.9031
MLT,Malta,Europe,2001,78.9023
MLT,Malta,Europe,2002,78.4668
MLT,Malta,Europe,2003,78.6961
MLT,Malta,Europe,2004,79.1661
MLT,Malta,Europe,2005,79.4894
MLT,Malta,Europe,2006,79.5611
MLT,Malta,Europe,2007,79.7375
MLT,Malta,Europe,2008,79.6904
MLT,Malta,Europe,2009,80.4155
MLT,Malta,Europe,2010,81.3977
MLT,Malta,Europe,2011,80.8038
MLT,Malta,Europe,2012,81.0638
MLT,Malta,Europe,2013,81.8181
MLT,Malta,Europe,2014,82.3176
MLT,Malta,Europe,2015,82.5914
MLT,Malta,Europe,2016,82.6567
MLT,Malta,Europe,2017,83.0891
MLT,Malta,Europe,2018,82.9083
MLT,Malta,Europe,2019,82.8387
MLT,Malta,Europe,2020,82.3358
MLT,Malta,Europe,2021,82.3161
MLT,Malta,Europe,2022,82.2496
MLT,Malta,Europe,2023,83.2989
MMR,Myanmar,Asia,2000,60.3567
MMR,Myanmar,Asia,2001,60.6398
MMR,Myanmar,Asia,2002,60.9245
MMR,Myanmar,Asia,2003,61.196
MMR,Myanmar,Asia,2004,61.4425
MMR,Myanmar,Asia,2005,61.7204
MMR,Myanmar,Asia,2006,62.0263
MMR,Myanmar,Asia,2007,62.3667
MMR,Myanmar,Asia,2008,56.3637
MMR,Myanmar,Asia,2009,63.0952
MMR,Myanmar,Asia,2010,63.4791
MMR,Myanmar,Asia,2011,63.8589
MMR,Myanmar,Asia,2012,64.2511
MMR,Myanmar,Asia,2013,64.617
MMR,Myanmar,Asia,2014,64.9941
MMR,Myanmar,Asia,2015,65.2877
MMR,Myanmar,Asia,2016,65.6399
MMR,Myanmar,Asia,2017,65.9086
MMR,Myanmar,Asia,2018,66.2322
MMR,Myanmar,Asia,2019,66.4567
MMR,Myanmar,Asia,2020,66.6121
MMR,Myanmar,Asia,2021,65.5535
MMR,Myanmar,Asia,2022,66.5058
MMR,Myanmar,Asia,2023,66.889
MNE,Montenegro,Europe,2000,73.5522
MNE,Montenegro,Europe,2001,73.739
MNE,Montenegro,Europe,2002,74.1306
MNE,Montenegro,Europe,2003,74.226
MNE,Montenegro,Europe,2004,74.3789
MNE,Montenegro,Europe,2005,74.4252
MNE,Montenegro,Europe,2006,74.6713
MNE,Montenegro,Europe,2007,74.6739
MNE,Montenegro,Europe,2008,75.0006
MNE,Montenegro,Europe,2009,75.3973
MNE,Montenegro,Europe,2010,75.7125
MNE,Montenegro,Europe,2011,75.9607
MNE,Montenegro,Europe,2012,76.2367
MNE,Montenegro,Europe,2013,76.3539
MNE,Montenegro,Europe,2014,76.4679
MNE,Montenegro,Europe,2015,76.5939
MNE,Montenegro,Europe,2016,76.5647
MNE,Montenegro,Europe,2017,76.5929
MNE,Montenegro,Europe,2018,76.9215
MNE,Montenegro,Europe,2019,76.6392
MNE,Montenegro,Europe,2020,75.8503
MNE,Montenegro,Europe,2021,73.7893
MNE,Montenegro,Europe,2022,75.9214
MNE,Montenegro,Europe,2023,77.0869
MNG,Mongolia,Asia,2000,63.4577
MNG,Mongolia,Asia,2001,63.8055
MNG,Mongolia,Asia,2002,63.9924
MNG,Mongolia,Asia,2003,64.1349
MNG,Mongolia,Asia,2004,64.3431
MNG,Mongolia,Asia,2005,64.8105
MNG,Mongolia,Asia,2006,65.5694
MNG,Mongolia,Asia,2007,66.4713
MNG,Mongolia,Asia,2008,67.0861
MNG,Mongolia,Asia,2009,67.1727
MNG,Mongolia,Asia,2010,67.1004
MNG,Mongolia,Asia,2011,67.167
MNG,Mongolia,Asia,2012,67.6113
MNG,Mongolia,Asia,2013,68.2101
MNG,Mongolia,Asia,2014,68.7366
MNG,Mongolia,Asia,2015,69.2386
MNG,Mongolia,Asia,2016,69.736
MNG,Mongolia,Asia,2017,70.1709
MNG,Mongolia,Asia,2018,70.5743
MNG,Mongolia,Asia,2019,70.6631
MNG,Mongolia,Asia,2020,70.0291
MNG,Mongolia,Asia,2021,68.5654
MNG,Mongolia,Asia,2022,71.5049
MNG,Mongolia,Asia,2023,71.7341
MNP,Northern Mariana Islands,Oceania,2000,74.9002
MNP,Northern Mariana Islands,Oceania,2001,75.4188
MNP,Northern Mariana Islands,Oceania,2002,75.9336
MNP,Northern Mariana Islands,Oceania,2003,76.5054
MNP,Northern Mariana Islands,Oceania,2004,76.7887
MNP,Northern Mariana Islands,Oceania,2005,77.3067
MNP,Northern Mariana Islands,Oceania,2006,77.6882
MNP,Northern Mariana Islands,Oceania,2007,77.8627
MNP,Northern Mariana Islands,Oceania,2008,77.938
MNP,Northern Mariana Islands,Oceania,2009,77.9033
MNP,Northern Mariana Islands,Oceania,2010,77.7996
MNP,Northern Mariana Islands,Oceania,2011,77.6883
MNP,Northern Mariana Islands,Oceania,2012,77.5658
MNP,Northern Mariana Islands,Oceania,2013,77.4519
MNP,Northern Mariana Islands,Oceania,2014,77.3774
MNP,Northern Mariana Islands,Oceania,2015,77.3596
MNP,Northern Mariana Islands,Oceania,2016,77.3916
MNP,Northern Mariana Islands,Oceania,2017,77.4704
MNP,Northern Mariana Islands,Oceania,2018,77.51
MNP,Northern Mariana Islands,Oceania,2019,77.8437
MNP,Northern Mariana Islands,Oceania,2020,78.03
MNP,Northern Mariana Islands,Oceania,2021,78.1598
MNP,Northern Mariana Islands,Oceania,2022,78.5312
MNP,Northern Mariana Islands,Oceania,2023,78.8075
MOZ,Mozambique,Africa,2000,49.4762
MOZ,Mozambique,Africa,2001,50.2593
MOZ,Mozambique,Africa,2002,50.8793
MOZ,Mozambique,Africa,2003,51.3831
MOZ,Mozambique,Africa,2004,51.8551
MOZ,Mozambique,Africa,2005,52.3225
MOZ,Mozambique,Africa,2006,52.7476
MOZ,Mozambique,Africa,2007,53.2554
MOZ,Mozambique,Africa,2008,53.7989
MOZ,Mozambique,Africa,2009,54.3999
MOZ,Mozambique,Africa,2010,55.0397
MOZ,Mozambique,Africa,2011,55.7334
MOZ,Mozambique,Africa,2012,56.4604
MOZ,Mozambique,Africa,2013,57.1889
MOZ,Mozambique,Africa,2014,57.965
MOZ,Mozambique,Africa,2015,58.711
MOZ,Mozambique,Africa,2016,59.455
MOZ,Mozambique,Africa,2017,60.1484
MOZ,Mozambique,Africa,2018,60.7904
MOZ,Mozambique,Africa,2019,61.3059
MOZ,Mozambique,Africa,2020,61.3904
MOZ,Mozambique,Africa,2021,60.2683
MOZ,Mozambique,Africa,2022,63.0115
MOZ,Mozambique,Africa,2023,63.6111
MRT,Mauritania,Africa,2000,61.0435
MRT,Mauritania,Africa,2001,61.6617
MRT,Mauritania,Africa,2002,62.249
MRT,Mauritania,Africa,2003,62.8047
MRT,Mauritania,Africa,2004,63.3688
MRT,Mauritania,Africa,2005,63.9197
MRT,Mauritania,Africa,2006,64.4926
MRT,Mauritania,Africa,2007,64.8845
MRT,Mauritania,Africa,2008,65.2328
MRT,Mauritania,Africa,2009,65.485
MRT,Mauritania,Africa,2010,65.6606
MRT,Mauritania,Africa,2011,65.7544
MRT,Mauritania,Africa,2012,65.808
MRT,Mauritania,Africa,2013,65.8899
MRT,Mauritania,Africa,2014,66.2069
MRT,Mauritania,Africa,2015,66.4982
MRT,Mauritania,Africa,2016,66.8235
MRT,Mauritania,Africa,2017,67.0885
MRT,Mauritania,Africa,2018,67.4195
MRT,Mauritania,Africa,2019,67.6397
MRT,Mauritania,Africa,2020,66.7943
MRT,Mauritania,Africa,2021,66.7618
MRT,Mauritania,Africa,2022,68.2807
MRT,Mauritania,Africa,2023,68.4836
MSR,Montserrat,North America,2000,73.1501
MSR,Montserrat,North America,2001,73.331
MSR,Montserrat,North America,2002,73.5523
MSR,Montserrat,North America,2003,73.7886
MSR,Montserrat,North America,2004,74.0006
MSR,Montserrat,North America,2005,74.1851
MSR,Montserrat,North America,2006,74.3424
MSR,Montserrat,North America,2007,74.4499
MSR,Montserrat,North America,2008,74.5334
MSR,Montserrat,North America,2009,74.6229
MSR,Montserrat,North America,2010,74.6831
MSR,Montserrat,North America,2011,74.7673
MSR,Montserrat,North America,2012,74.8496
MSR,Montserrat,North America,2013,74.9333
MSR,Montserrat,North America,2014,75.0332
MSR,Montserrat,North America,2015,75.1277
MSR,Montserrat,North America,2016,75.228
MSR,Montserrat,North America,2017,75.3312
MSR,Montserrat,North America,2018,75.4559
MSR,Montserrat,North America,2019,75.6002
MSR,Montserrat,North America,2020,75.5677
MSR,Montserrat,North America,2021,75.8958
MSR,Montserrat,North America,2022,76.0377
MSR,Montserrat,North America,2023,76.1857
MTQ,Martinique,North America,2000,78.4973
MTQ,Martinique,North America,2001,78.4308
MTQ,Martinique,North America,2002,78.8801
MTQ,Martinique,North America,2003,79.6288
MTQ,Martinique,North America,2004,79.5927
MTQ,Martinique,North America,2005,80.2172
MTQ,Martinique,North America,2006,80.4301
MTQ,Martinique,North America,2007,80.0575
MTQ,Martinique,North America,2008,80.6944
MTQ,Martinique,North America,2009,81.2408
MTQ,Martinique,North America,2010,81.1379
MTQ,Martinique,North America,2011,81.6168
MTQ,Martinique,North America,2012,81.788
MTQ,Martinique,North America,2013,81.9017
MTQ,Martinique,North America,2014,81.9365
MTQ,Martinique,North America,2015,82.0308
MTQ,Martinique,North America,2016,81.8052
MTQ,Martinique,North America,2017,81.9879
MTQ,Martinique,North America,2018,82.0935
MTQ,Martinique,North America,2019,82.0734
MTQ,Martinique,North America,2020,80.2672
MTQ,Martinique,North America,2021,77.7403
MTQ,Martinique,North America,2022,80.8364
MTQ,Martinique,North America,2023,82.5651
MUS,Mauritius,Africa,2000,71.7597
MUS,Mauritius,Africa,2001,71.9853
MUS,Mauritius,Africa,2002,72.0549
MUS,Mauritius,Africa,2003,72.3074
MUS,Mauritius,Africa,2004,72.5465
MUS,Mauritius,Africa,2005,72.6439
MUS,Mauritius,Africa,2006,72.7813
MUS,Mauritius,Africa,2007,72.8856
MUS,Mauritius,Africa,2008,73.1239
MUS,Mauritius,Africa,2009,73.26
MUS,Mauritius,Africa,2010,73.6475
MUS,Mauritius,Africa,2011,74.0678
MUS,Mauritius,Africa,2012,74.3302
MUS,Mauritius,Africa,2013,74.4298
MUS,Mauritius,Africa,2014,74.6143
MUS,Mauritius,Africa,2015,74.673
MUS,Mauritius,Africa,2016,74.85
MUS,Mauritius,Africa,2017,75.024
MUS,Mauritius,Africa,2018,74.4909
MUS,Mauritius,Africa,2019,74.1811
MUS,Mauritius,Africa,2020,74.6572
MUS,Mauritius,Africa,2021,72.903
MUS,Mauritius,Africa,2022,73.5445
MUS,Mauritius,Africa,2023,74.9263
MWI,Malawi,Africa,2000,46.1698
MWI,Malawi,Africa,2001,47.2049
MWI,Malawi,Africa,2002,48.1757
MWI,Malawi,Africa,2003,49.6013
MWI,Malawi,Africa,2004,51.0731
MWI,Malawi,Africa,2005,52.4693
MWI,Malawi,Africa,2006,53.652
MWI,Malawi,Africa,2007,54.6867
MWI,Malawi,Africa,2008,55.7151
MWI,Malawi,Africa,2009,56.7139
MWI,Malawi,Africa,2010,57.787
MWI,Malawi,Africa,2011,58.8589
MWI,Malawi,Africa,2012,59.8695
MWI,Malawi,Africa,2013,60.8158
MWI,Malawi,Africa,2014,61.6507
MWI,Malawi,Africa,2015,62.324
MWI,Malawi,Africa,2016,63.163
MWI,Malawi,Africa,2017,63.9145
MWI,Malawi,Africa,2018,64.4641
MWI,Malawi,Africa,2019,64.995
MWI,Malawi,Africa,2020,65.2159
MWI,Malawi,Africa,2021,64.782
MWI,Malawi,Africa,2022,66.037
MWI,Malawi,Africa,2023,67.3535
MYS,Malaysia,Asia,2000,72.7324
MYS,Malaysia,Asia,2001,73.08
MYS,Malaysia,Asia,2002,73.4695
MYS,Malaysia,Asia,2003,73.7273
MYS,Malaysia,Asia,2004,74.0269
MYS,Malaysia,Asia,2005,74.3699
MYS,Malaysia,Asia,2006,74.6969
MYS,Malaysia,Asia,2007,74.9611
MYS,Malaysia,Asia,2008,75.1514
MYS,Malaysia,Asia,2009,75.2694
MYS,Malaysia,Asia,2010,75.3761
MYS,Malaysia,Asia,2011,75.4878
MYS,Malaysia,Asia,2012,75.5524
MYS,Malaysia,Asia,2013,75.464
MYS,Malaysia,Asia,2014,75.3451
MYS,Malaysia,Asia,2015,75.2876
MYS,Malaysia,Asia,2016,75.3712
MYS,Malaysia,Asia,2017,75.542
MYS,Malaysia,Asia,2018,75.7341
MYS,Malaysia,Asia,2019,75.9005
MYS,Malaysia,Asia,2020,76.0566
MYS,Malaysia,Asia,2021,73.9172
MYS,Malaysia,Asia,2022,75.4442
MYS,Malaysia,Asia,2023,76.6571
MYT,Mayotte,Africa,2000,76.3612
MYT,Mayotte,Africa,2001,76.5265
MYT,Mayotte,Africa,2002,76.6887
MYT,Mayotte,Africa,2003,76.8373
MYT,Mayotte,Africa,2004,77.0381
MYT,Mayotte,Africa,2005,77.1305
MYT,Mayotte,Africa,2006,77.4702
MYT,Mayotte,Africa,2007,77.7747
MYT,Mayotte,Africa,2008,78.0044
MYT,Mayotte,Africa,2009,78.1963
MYT,Mayotte,Africa,2010,78.2501
MYT,Mayotte,Africa,2011,78.1565
MYT,Mayotte,Africa,2012,77.8854
MYT,Mayotte,Africa,2013,77.6097
MYT,Mayotte,Africa,2014,77.2861
MYT,Mayotte,Africa,2015,76.8827
MYT,Mayotte,Africa,2016,76.5053
MYT,Mayotte,Africa,2017,76.3488
MYT,Mayotte,Africa,2018,76.221
MYT,Mayotte,Africa,2019,76.1027
MYT,Mayotte,Africa,2020,74.2126
MYT,Mayotte,Africa,2021,72.8232
MYT,Mayotte,Africa,2022,75.1273
MYT,Mayotte,Africa,2023,76.0544
NAM,Namibia,Africa,2000,52.9462
NAM,Namibia,Africa,2001,51.9803
NAM,Namibia,Africa,2002,51.9882
NAM,Namibia,Africa,2003,51.9178
NAM,Namibia,Africa,2004,52.1755
NAM,Namibia,Africa,2005,52.557
NAM,Namibia,Africa,2006,53.1826
NAM,Namibia,Africa,2007,54.026
NAM,Namibia,Africa,2008,54.7401
NAM,Namibia,Africa,2009,55.3474
NAM,Namibia,Africa,2010,56.0935
NAM,Namibia,Africa,2011,56.6467
NAM,Namibia,Africa,2012,57.7335
NAM,Namibia,Africa,2013,58.4675
NAM,Namibia,Africa,2014,59.3113
NAM,Namibia,Africa,2015,60.0083
NAM,Namibia,Africa,2016,60.8098
NAM,Namibia,Africa,2017,61.661
NAM,Namibia,Africa,2018,62.5787
NAM,Namibia,Africa,2019,63.5463
NAM,Namibia,Africa,2020,64.0712
NAM,Namibia,Africa,2021,60.8499
NAM,Namibia,Africa,2022,64.1903
NAM,Namibia,Africa,2023,67.3848
NCL,New Caledonia,Oceania,2000,73.5737
NCL,New Caledonia,Oceania,2001,73.9577
NCL,New Caledonia,Oceania,2002,74.2781
NCL,New Caledonia,Oceania,2003,74.4996
NCL,New Caledonia,Oceania,2004,74.7131
NCL,New Caledonia,Oceania,2005,74.8671
NCL,New Caledonia,Oceania,2006,75.0163
NCL,New Caledonia,Oceania,2007,75.1812
NCL,New Caledonia,Oceania,2008,75.3981
NCL,New Caledonia,Oceania,2009,75.676
NCL,New Caledonia,Oceania,2010,75.9915
NCL,New Caledonia,Oceania,2011,76.3151
NCL,New Caledonia,Oceania,2012,76.6153
NCL,New Caledonia,Oceania,2013,76.8666
NCL,New Caledonia,Oceania,2014,77.0529
NCL,New Caledonia,Oceania,2015,77.2055
NCL,New Caledonia,Oceania,2016,77.3589
NCL,New Caledonia,Oceania,2017,77.5036
NCL,New Caledonia,Oceania,2018,77.5567
NCL,New Caledonia,Oceania,2019,77.2623
NCL,New Caledonia,Oceania,2020,77.0494
NCL,New Caledonia,Oceania,2021,77.1134
NCL,New Caledonia,Oceania,2022,77.6983
NCL,New Caledonia,Oceania,2023,78.7658
NER,Niger,Africa,2000,49.1725
NER,Niger,Africa,2001,49.8722
NER,Niger,Africa,2002,50.6448
NER,Niger,Africa,2003,51.5448
NER,Niger,Africa,2004,52.4019
NER,Niger,Africa,2005,53.3203
NER,Niger,Africa,2006,54.2228
NER,Niger,Africa,2007,55.0628
NER,Niger,Africa,2008,55.8515
NER,Niger,Africa,2009,56.4871
NER,Niger,Africa,2010,57.0796
NER,Niger,Africa,2011,57.6001
NER,Niger,Africa,2012,57.9867
NER,Niger,Africa,2013,58.364
NER,Niger,Africa,2014,58.6934
NER,Niger,Africa,2015,58.8498
NER,Niger,Africa,2016,59.2283
NER,Niger,Africa,2017,59.5239
NER,Niger,Africa,2018,59.7646
NER,Niger,Africa,2019,60.031
NER,Niger,Africa,2020,59.8903
NER,Niger,Africa,2021,59.5422
NER,Niger,Africa,2022,60.3981
NER,Niger,Africa,2023,61.1833
NGA,Nigeria,Africa,2000,47.1427
NGA,Nigeria,Africa,2001,47.5493
NGA,Nigeria,Africa,2002,48.0201
NGA,Nigeria,Africa,2003,48.618
NGA,Nigeria,Africa,2004,49.1477
NGA,Nigeria,Africa,2005,49.5377
NGA,Nigeria,Africa,2006,49.876
NGA,Nigeria,Africa,2007,50.3812
NGA,Nigeria,Africa,2008,50.7483
NGA,Nigeria,Africa,2009,51.0801
NGA,Nigeria,Africa,2010,51.3145
NGA,Nigeria,Africa,2011,51.4902
NGA,Nigeria,Africa,2012,51.6876
NGA,Nigeria,Africa,2013,51.8271
NGA,Nigeria,Africa,2014,51.9401
NGA,Nigeria,Africa,2015,51.9394
NGA,Nigeria,Africa,2016,52.1894
NGA,Nigeria,Africa,2017,52.3971
NGA,Nigeria,Africa,2018,52.669
NGA,Nigeria,Africa,2019,53.0086
NGA,Nigeria,Africa,2020,53.0724
NGA,Nigeria,Africa,2021,53.455
NGA,Nigeria,Africa,2022,54.079
NGA,Nigeria,Africa,2023,54.4623
NIC,Nicaragua,North America,2000,66.3601
NIC,Nicaragua,North America,2001,67.0281
NIC,Nicaragua,North America,2002,67.9504
NIC,Nicaragua,North America,2003,68.7487
NIC,Nicaragua,North America,2004,69.5101
NIC,Nicaragua,North America,2005,70.3745
NIC,Nicaragua,North America,2006,70.9578
NIC,Nicaragua,North America,2007,71.1973
NIC,Nicaragua,North America,2008,71.4043
NIC,Nicaragua,North America,2009,71.4986
NIC,Nicaragua,North America,2010,71.7608
NIC,Nicaragua,North America,2011,72.0329
NIC,Nicaragua,North America,2012,72.4346
NIC,Nicaragua,North America,2013,72.5513
NIC,Nicaragua,North America,2014,72.792
NIC,Nicaragua,North America,2015,72.8989
NIC,Nicaragua,North America,2016,73.1803
NIC,Nicaragua,North America,2017,73.3892
NIC,Nicaragua,North America,2018,73.8787
NIC,Nicaragua,North America,2019,73.7637
NIC,Nicaragua,North America,2020,70.7662
NIC,Nicaragua,North America,2021,70.4777
NIC,Nicaragua,North America,2022,74.4626
NIC,Nicaragua,North America,2023,74.9468
NIU,Niue,Oceania,2000,66.6454
NIU,Niue,Oceania,2001,66.7003
NIU,Niue,Oceania,2002,66.6898
NIU,Niue,Oceania,2003,66.7746
NIU,Niue,Oceania,2004,65.6006
NIU,Niue,Oceania,2005,66.9773
NIU,Niue,Oceania,2006,67.0659
NIU,Niue,Oceania,2007,67.1786
NIU,Niue,Oceania,2008,67.2502
NIU,Niue,Oceania,2009,67.4562
NIU,Niue,Oceania,2010,67.6513
NIU,Niue,Oceania,2011,67.8254
NIU,Niue,Oceania,2012,68.0091
NIU,Niue,Oceania,2013,68.2061
NIU,Niue,Oceania,2014,68.4181
NIU,Niue,Oceania,2015,68.6111
NIU,Niue,Oceania,2016,68.7963
NIU,Niue,Oceania,2017,68.9833
NIU,Niue,Oceania,2018,69.1361
NIU,Niue,Oceania,2019,69.2988
NIU,Niue,Oceania,2020,69.4704
NIU,Niue,Oceania,2021,69.5721
NIU,Niue,Oceania,2022,69.8182
NIU,Niue,Oceania,2023,69.9778
NLD,Netherlands,Europe,2000,78.13
NLD,Netherlands,Europe,2001,78.3379
NLD,Netherlands,Europe,2002,78.4119
NLD,Netherlands,Europe,2003,78.6649
NLD,Netherlands,Europe,2004,79.2389
NLD,Netherlands,Europe,2005,79.488
NLD,Netherlands,Europe,2006,79.8466
NLD,Netherlands,Europe,2007,80.255
NLD,Netherlands,Europe,2008,80.3866
NLD,Netherlands,Europe,2009,80.6712
NLD,Netherlands,Europe,2010,80.8293
NLD,Netherlands,Europe,2011,81.1096
NLD,Netherlands,Europe,2012,81.059
NLD,Netherlands,Europe,2013,81.3011
NLD,Netherlands,Europe,2014,81.6503
NLD,Netherlands,Europe,2015,81.49
NLD,Netherlands,Europe,2016,81.5549
NLD,Netherlands,Europe,2017,81.7366
NLD,Netherlands,Europe,2018,81.7813
NLD,Netherlands,Europe,2019,82.053
NLD,Netherlands,Europe,2020,81.3931
NLD,Netherlands,Europe,2021,81.356
NLD,Netherlands,Europe,2022,81.9121
NLD,Netherlands,Europe,2023,82.1576
NOR,Norway,Europe,2000,78.6916
NOR,Norway,Europe,2001,78.8958
NOR,Norway,Europe,2002,78.9602
NOR,Norway,Europe,2003,79.5291
NOR,Norway,Europe,2004,79.9645
NOR,Norway,Europe,2005,80.1695
NOR,Norway,Europe,2006,80.4404
NOR,Norway,Europe,2007,80.5024
NOR,Norway,Europe,2008,80.6772
NOR,Norway,Europe,2009,80.8655
NOR,Norway,Europe,2010,81.0392
NOR,Norway,Europe,2011,81.2454
NOR,Norway,Europe,2012,81.4458
NOR,Norway,Europe,2013,81.6683
NOR,Norway,Europe,2014,82.0869
NOR,Norway,Europe,2015,82.2728
NOR,Norway,Europe,2016,82.4151
NOR,Norway,Europe,2017,82.6242
NOR,Norway,Europe,2018,82.7599
NOR,Norway,Europe,2019,82.9553
NOR,Norway,Europe,2020,83.1953
NOR,Norway,Europe,2021,83.1656
NOR,Norway,Europe,2022,82.6309
NOR,Norway,Europe,2023,83.3078
NPL,Nepal,Asia,2000,62.6424
NPL,Nepal,Asia,2001,63.2881
NPL,Nepal,Asia,2002,63.5071
NPL,Nepal,Asia,2003,64.2291
NPL,Nepal,Asia,2004,64.7439
NPL,Nepal,Asia,2005,65.2755
NPL,Nepal,Asia,2006,65.8907
NPL,Nepal,Asia,2007,66.1686
NPL,Nepal,Asia,2008,66.4425
NPL,Nepal,Asia,2009,66.6004
NPL,Nepal,Asia,2010,66.7724
NPL,Nepal,Asia,2011,67.1234
NPL,Nepal,Asia,2012,67.3637
NPL,Nepal,Asia,2013,67.5978
NPL,Nepal,Asia,2014,67.812
NPL,Nepal,Asia,2015,67.3736
NPL,Nepal,Asia,2016,68.4436
NPL,Nepal,Asia,2017,68.7398
NPL,Nepal,Asia,2018,69.036
NPL,Nepal,Asia,2019,69.2992
NPL,Nepal,Asia,2020,69.1065
NPL,Nepal,Asia,2021,68.3846
NPL,Nepal,Asia,2022,70.0869
NPL,Nepal,Asia,2023,70.3537
NRU,Nauru,Oceania,2000,59.5743
NRU,Nauru,Oceania,2001,59.4823
NRU,Nauru,Oceania,2002,59.427
NRU,Nauru,Oceania,2003,59.3587
NRU,Nauru,Oceania,2004,59.3455
NRU,Nauru,Oceania,2005,59.3608
NRU,Nauru,Oceania,2006,59.4086
NRU,Nauru,Oceania,2007,59.4899
NRU,Nauru,Oceania,2008,59.6754
NRU,Nauru,Oceania,2009,59.8524
NRU,Nauru,Oceania,2010,60.0741
NRU,Nauru,Oceania,2011,60.2868
NRU,Nauru,Oceania,2012,60.5326
NRU,Nauru,Oceania,2013,60.7009
NRU,Nauru,Oceania,2014,60.8335
NRU,Nauru,Oceania,2015,60.8969
NRU,Nauru,Oceania,2016,60.9958
NRU,Nauru,Oceania,2017,61.1011
NRU,Nauru,Oceania,2018,61.2378
NRU,Nauru,Oceania,2019,61.3931
NRU,Nauru,Oceania,2020,61.5271
NRU,Nauru,Oceania,2021,61.3312
NRU,Nauru,Oceania,2022,61.9304
NRU,Nauru,Oceania,2023,62.1094
NZL,New Zealand,Oceania,2000,78.6681
NZL,New Zealand,Oceania,2001,78.6615
NZL,New Zealand,Oceania,2002,78.8659
NZL,New Zealand,Oceania,2003,79.1414
NZL,New Zealand,Oceania,2004,79.3548
NZL,New Zealand,Oceania,2005,80.0308
NZL,New Zealand,Oceania,2006,80.0152
NZL,New Zealand,Oceania,2007,80.122
NZL,New Zealand,Oceania,2008,80.2457
NZL,New Zealand,Oceania,2009,80.545
NZL,New Zealand,Oceania,2010,81.0517
NZL,New Zealand,Oceania,2011,80.8422
NZL,New Zealand,Oceania,2012,81.1668
NZL,New Zealand,Oceania,2013,81.6119
NZL,New Zealand,Oceania,2014,81.4106
NZL,New Zealand,Oceania,2015,81.5866
NZL,New Zealand,Oceania,2016,82.0027
NZL,New Zealand,Oceania,2017,81.6053
NZL,New Zealand,Oceania,2018,81.8838
NZL,New Zealand,Oceania,2019,81.8322
NZL,New Zealand,Oceania,2020,82.6628
NZL,New Zealand,Oceania,2021,82.3003
NZL,New Zealand,Oceania,2022,81.0061
NZL,New Zealand,Oceania,2023,82.088
OMN,Oman,Asia,2000,73.6428
OMN,Oman,Asia,2001,73.9788
OMN,Oman,Asia,2002,74.2761
OMN,Oman,Asia,2003,74.5213
OMN,Oman,Asia,2004,74.8204
OMN,Oman,Asia,2005,75.0705
OMN,Oman,Asia,2006,75.3543
OMN,Oman,Asia,2007,75.5959
OMN,Oman,Asia,2008,76.124
OMN,Oman,Asia,2009,76.6309
OMN,Oman,Asia,2010,77.1844
OMN,Oman,Asia,2011,77.7405
OMN,Oman,Asia,2012,78.1874
OMN,Oman,Asia,2013,78.6326
OMN,Oman,Asia,2014,79.03
OMN,Oman,Asia,2015,79.3457
OMN,Oman,Asia,2016,79.5813
OMN,Oman,Asia,2017,79.7483
OMN,Oman,Asia,2018,79.8642
OMN,Oman,Asia,2019,79.9456
OMN,Oman,Asia,2020,77.7634
OMN,Oman,Asia,2021,75.9693
OMN,Oman,Asia,2022,77.9106
OMN,Oman,Asia,2023,80.0305
PAK,Pakistan,Asia,2000,61.9029
PAK,Pakistan,Asia,2001,62.2406
PAK,Pakistan,Asia,2002,62.5561
PAK,Pakistan,Asia,2003,62.8343
PAK,Pakistan,Asia,2004,63.0972
PAK,Pakistan,Asia,2005,62.4163
PAK,Pakistan,Asia,2006,63.6235
PAK,Pakistan,Asia,2007,63.8075
PAK,Pakistan,Asia,2008,64.0021
PAK,Pakistan,Asia,2009,64.2059
PAK,Pakistan,Asia,2010,64.3784
PAK,Pakistan,Asia,2011,64.6588
PAK,Pakistan,Asia,2012,64.8834
PAK,Pakistan,Asia,2013,65.1285
PAK,Pakistan,Asia,2014,65.374
PAK,Pakistan,Asia,2015,65.6406
PAK,Pakistan,Asia,2016,65.9434
PAK,Pakistan,Asia,2017,66.2233
PAK,Pakistan,Asia,2018,66.4807
PAK,Pakistan,Asia,2019,66.7288
PAK,Pakistan,Asia,2020,65.7015
PAK,Pakistan,Asia,2021,65.7731
PAK,Pakistan,Asia,2022,67.4167
PAK,Pakistan,Asia,2023,67.649
PAN,Panama,North America,2000,73.4432
PAN,Panama,North America,2001,73.8197
PAN,Panama,North America,2002,74.1947
PAN,Panama,North America,2003,74.5671
PAN,Panama,North America,2004,74.8453
PAN,Panama,North America,2005,75.1604
PAN,Panama,North America,2006,75.4291
PAN,Panama,North America,2007,75.6751
PAN,Panama,North America,2008,75.937
PAN,Panama,North America,2009,76.2283
PAN,Panama,North America,2010,76.417
PAN,Panama,North America,2011,76.6594
PAN,Panama,North America,2012,76.8767
PAN,Panama,North America,2013,77.1292
PAN,Panama,North America,2014,77.3645
PAN,Panama,North America,2015,77.5827
PAN,Panama,North America,2016,77.7724
PAN,Panama,North America,2017,77.9011
PAN,Panama,North America,2018,78.2656
PAN,Panama,North America,2019,78.5145
PAN,Panama,North America,2020,76.3302
PAN,Panama,North America,2021,77.0037
PAN,Panama,North America,2022,79.3241
PAN,Panama,North America,2023,79.5937
PER,Peru,South America,2000,69.821
PER,Peru,South America,2001,70.315
PER,Peru,South America,2002,70.8147
PER,Peru,South America,2003,71.2777
PER,Peru,South America,2004,71.4467
PER,Peru,South America,2005,71.9882
PER,Peru,South America,2006,72.3365
PER,Peru,South America,2007,72.7463
PER,Peru,South America,2008,72.7426
PER,Peru,South America,2009,72.6311
PER,Peru,South America,2010,72.8858
PER,Peru,South America,2011,73.327
PER,Peru,South America,2012,73.9792
PER,Peru,South America,2013,74.5905
PER,Peru,South America,2014,75.26
PER,Peru,South America,2015,75.7316
PER,Peru,South America,2016,75.9508
PER,Peru,South America,2017,75.9576
PER,Peru,South America,2018,76.018
PER,Peru,South America,2019,76.2749
PER,Peru,South America,2020,73.8315
PER,Peru,South America,2021,71.5962
PER,Peru,South America,2022,76.834
PER,Peru,South America,2023,77.7401
PHL,Philippines,Asia,2000,67.7892
PHL,Philippines,Asia,2001,67.8286
PHL,Philippines,Asia,2002,67.886
PHL,Philippines,Asia,2003,68.0491
PHL,Philippines,Asia,2004,68.3007
PHL,Philippines,Asia,2005,68.4231
PHL,Philippines,Asia,2006,68.1723
PHL,Philippines,Asia,2007,68.549
PHL,Philippines,Asia,2008,68.6432
PHL,Philippines,Asia,2009,68.6311
PHL,Philippines,Asia,2010,68.8833
PHL,Philippines,Asia,2011,69.0963
PHL,Philippines,Asia,2012,69.2375
PHL,Philippines,Asia,2013,69.2828
PHL,Philippines,Asia,2014,69.3106
PHL,Philippines,Asia,2015,69.4501
PHL,Philippines,Asia,2016,69.4896
PHL,Philippines,Asia,2017,69.9661
PHL,Philippines,Asia,2018,69.7615
PHL,Philippines,Asia,2019,69.6804
PHL,Philippines,Asia,2020,70.0974
PHL,Philippines,Asia,2021,66.6755
PHL,Philippines,Asia,2022,69.4723
PHL,Philippines,Asia,2023,69.8327
PLW,Palau,Oceania,2000,64.4991
PLW,Palau,Oceania,2001,64.8001
PLW,Palau,Oceania,2002,65.0756
PLW,Palau,Oceania,2003,65.446
PLW,Palau,Oceania,2004,65.8158
PLW,Palau,Oceania,2005,66.2193
PLW,Palau,Oceania,2006,66.6334
PLW,Palau,Oceania,2007,67.1128
PLW,Palau,Oceania,2008,67.5618
PLW,Palau,Oceania,2009,67.9904
PLW,Palau,Oceania,2010,68.3473
PLW,Palau,Oceania,2011,68.6384
PLW,Palau,Oceania,2012,68.8632
PLW,Palau,Oceania,2013,68.9805
PLW,Palau,Oceania,2014,69.062
PLW,Palau,Oceania,2015,69.0702
PLW,Palau,Oceania,2016,69.0464
PLW,Palau,Oceania,2017,69.0189
PLW,Palau,Oceania,2018,68.9885
PLW,Palau,Oceania,2019,68.9816
PLW,Palau,Oceania,2020,68.6889
PLW,Palau,Oceania,2021,68.5629
PLW,Palau,Oceania,2022,68.9222
PLW,Palau,Oceania,2023,69.269
PNG,Papua New Guinea,Oceania,2000,61.6091
PNG,Papua New Guinea,Oceania,2001,61.6465
PNG,Papua New Guinea,Oceania,2002,61.6432
PNG,Papua New Guinea,Oceania,2003,61.741
PNG,Papua New Guinea,Oceania,2004,61.7954
PNG,Papua New Guinea,Oceania,2005,61.8678
PNG,Papua New Guinea,Oceania,2006,62.018
PNG,Papua New Guinea,Oceania,2007,62.2111
PNG,Papua New Guinea,Oceania,2008,62.5106
PNG,Papua New Guinea,Oceania,2009,62.7722
PNG,Papua New Guinea,Oceania,2010,63.0557
PNG,Papua New Guinea,Oceania,2011,63.3819
PNG,Papua New Guinea,Oceania,2012,63.6389
PNG,Papua New Guinea,Oceania,2013,63.9267
PNG,Papua New Guinea,Oceania,2014,64.1977
PNG,Papua New Guinea,Oceania,2015,64.473
PNG,Papua New Guinea,Oceania,2016,64.7
PNG,Papua New Guinea,Oceania,2017,64.9229
PNG,Papua New Guinea,Oceania,2018,65.1139
PNG,Papua New Guinea,Oceania,2019,65.3306
PNG,Papua New Guinea,Oceania,2020,65.075
PNG,Papua New Guinea,Oceania,2021,64.3577
PNG,Papua New Guinea,Oceania,2022,65.2736
PNG,Papua New Guinea,Oceania,2023,66.134
POL,Poland,Europe,2000,73.6453
POL,Poland,Europe,2001,74.1771
POL,Poland,Europe,2002,74.5183
POL,Poland,Europe,2003,74.7716
POL,Poland,Europe,2004,74.9434
POL,Poland,Europe,2005,75.127
POL,Poland,Europe,2006,75.2504
POL,Poland,Europe,2007,75.4143
POL,Poland,Europe,2008,75.5829
POL,Poland,Europe,2009,75.9063
POL,Poland,Europe,2010,76.2823
POL,Poland,Europe,2011,76.5683
POL,Poland,Europe,2012,76.7748
POL,Poland,Europe,2013,77.0758
POL,Poland,Europe,2014,77.312
POL,Poland,Europe,2015,77.5894
POL,Poland,Europe,2016,77.6395
POL,Poland,Europe,2017,77.7155
POL,Poland,Europe,2018,77.6232
POL,Poland,Europe,2019,77.9213
POL,Poland,Europe,2020,76.5951
POL,Poland,Europe,2021,75.6387
POL,Poland,Europe,2022,77.9229
POL,Poland,Europe,2023,78.6329
PRI,Puerto Rico,North America,2000,75.5141
PRI,Puerto Rico,North America,2001,75.9715
PRI,Puerto Rico,North America,2002,76.8192
PRI,Puerto Rico,North America,2003,76.9406
PRI,Puerto Rico,North America,2004,76.9129
PRI,Puerto Rico,North America,2005,76.7028
PRI,Puerto Rico,North America,2006,77.5612
PRI,Puerto Rico,North America,2007,77.6595
PRI,Puerto Rico,North America,2008,78.1105
PRI,Puerto Rico,North America,2009,78.3772
PRI,Puerto Rico,North America,2010,78.7174
PRI,Puerto Rico,North America,2011,78.7656
PRI,Puerto Rico,North America,2012,79.2584
PRI,Puerto Rico,North America,2013,80.3181
PRI,Puerto Rico,North America,2014,80.0391
PRI,Puerto Rico,North America,2015,80.6775
PRI,Puerto Rico,North America,2016,80.3547
PRI,Puerto Rico,North America,2017,79.07
PRI,Puerto Rico,North America,2018,81.0859
PRI,Puerto Rico,North America,2019,81.4383
PRI,Puerto Rico,North America,2020,80.009
PRI,Puerto Rico,North America,2021,79.7698
PRI,Puerto Rico,North America,2022,79.4269
PRI,Puerto Rico,North America,2023,81.6902
PRK,North Korea,Asia,2000,60.9111
PRK,North Korea,Asia,2001,60.8926
PRK,North Korea,Asia,2002,60.8772
PRK,North Korea,Asia,2003,69.3986
PRK,North Korea,Asia,2004,69.2942
PRK,North Korea,Asia,2005,69.1675
PRK,North Korea,Asia,2006,69.0615
PRK,North Korea,Asia,2007,69.0211
PRK,North Korea,Asia,2008,69.3032
PRK,North Korea,Asia,2009,69.7023
PRK,North Korea,Asia,2010,70.2456
PRK,North Korea,Asia,2011,70.7724
PRK,North Korea,Asia,2012,71.3171
PRK,North Korea,Asia,2013,71.8667
PRK,North Korea,Asia,2014,72.4508
PRK,North Korea,Asia,2015,72.8253
PRK,North Korea,Asia,2016,72.9708
PRK,North Korea,Asia,2017,73.0344
PRK,North Korea,Asia,2018,73.0196
PRK,North Korea,Asia,2019,72.9282
PRK,North Korea,Asia,2020,72.7826
PRK,North Korea,Asia,2021,73.4366
PRK,North Korea,Asia,2022,73.6411
PRK,North Korea,Asia,2023,73.6418
PRT,Portugal,Europe,2000,76.8301
PRT,Portugal,Europe,2001,77.1517
PRT,Portugal,Europe,2002,77.3698
PRT,Portugal,Europe,2003,77.5828
PRT,Portugal,Europe,2004,78.4274
PRT,Portugal,Europe,2005,78.3169
PRT,Portugal,Europe,2006,79.0894
PRT,Portugal,Europe,2007,79.3087
PRT,Portugal,Europe,2008,79.6026
PRT,Portugal,Europe,2009,79.8295
PRT,Portugal,Europe,2010,80.1149
PRT,Portugal,Europe,2011,80.5822
PRT,Portugal,Europe,2012,80.5549
PRT,Portugal,Europe,2013,80.9029
PRT,Portugal,Europe,2014,81.3135
PRT,Portugal,Europe,2015,81.3213
PRT,Portugal,Europe,2016,81.3636
PRT,Portugal,Europe,2017,81.6605
PRT,Portugal,Europe,2018,81.5915
PRT,Portugal,Europe,2019,81.9587
PRT,Portugal,Europe,2020,81.3664
PRT,Portugal,Europe,2021,81.3978
PRT,Portugal,Europe,2022,81.1936
PRT,Portugal,Europe,2023,82.3599
PRY,Paraguay,South America,2000,70.0259
PRY,Paraguay,South America,2001,70.2808
PRY,Paraguay,South America,2002,70.5393
PRY,Paraguay,South America,2003,70.7949
PRY,Paraguay,South America,2004,71.054
PRY,Paraguay,South America,2005,71.3174
PRY,Paraguay,South America,2006,71.5837
PRY,Paraguay,South America,2007,71.8173
PRY,Paraguay,South America,2008,72.0475
PRY,Paraguay,South America,2009,72.2821
PRY,Paraguay,South America,2010,72.5506
PRY,Paraguay,South America,2011,72.7875
PRY,Paraguay,South America,2012,73.1046
PRY,Paraguay,South America,2013,73.2916
PRY,Paraguay,South America,2014,73.4145
PRY,Paraguay,South America,2015,73.4535
PRY,Paraguay,South America,2016,73.4865
PRY,Paraguay,South America,2017,73.4495
PRY,Paraguay,South America,2018,73.6271
PRY,Paraguay,South America,2019,73.6681
PRY,Paraguay,South America,2020,72.7197
PRY,Paraguay,South America,2021,68.1081
PRY,Paraguay,South America,2022,72.3185
PRY,Paraguay,South America,2023,73.8443
PSE,Palestinian Territory,Asia,2000,70.2984
PSE,Palestinian Territory,Asia,2001,69.75
PSE,Palestinian Territory,Asia,2002,70.8805
PSE,Palestinian Territory,Asia,2003,70.9672
PSE,Palestinian Territory,Asia,2004,71.0943
PSE,Palestinian Territory,Asia,2005,72.0041
PSE,Palestinian Territory,Asia,2006,71.8306
PSE,Palestinian Territory,Asia,2007,72.0636
PSE,Palestinian Territory,Asia,2008,72.2045
PSE,Palestinian Territory,Asia,2009,72.306
PSE,Palestinian Territory,Asia,2010,73.3018
PSE,Palestinian Territory,Asia,2011,73.5572
PSE,Palestinian Territory,Asia,2012,73.7218
PSE,Palestinian Territory,Asia,2013,74.1404
PSE,Palestinian Territory,Asia,2014,72.7814
PSE,Palestinian Territory,Asia,2015,74.5773
PSE,Palestinian Territory,Asia,2016,74.9168
PSE,Palestinian Territory,Asia,2017,75.2159
PSE,Palestinian Territory,Asia,2018,75.3798
PSE,Palestinian Territory,Asia,2019,75.8114
PSE,Palestinian Territory,Asia,2020,74.9978
PSE,Palestinian Territory,Asia,2021,73.8896
PSE,Palestinian Territory,Asia,2022,76.6624
PSE,Palestinian Territory,Asia,2023,65.1703
PYF,French Polynesia,Oceania,2000,79.0001
PYF,French Polynesia,Oceania,2001,79.3158
PYF,French Polynesia,Oceania,2002,79.5438
PYF,French Polynesia,Oceania,2003,79.7103
PYF,French Polynesia,Oceania,2004,79.829
PYF,French Polynesia,Oceania,2005,79.9511
PYF,French Polynesia,Oceania,2006,80.0999
PYF,French Polynesia,Oceania,2007,80.3277
PYF,French Polynesia,Oceania,2008,80.5874
PYF,French Polynesia,Oceania,2009,80.8667
PYF,French Polynesia,Oceania,2010,81.1407
PYF,French Polynesia,Oceania,2011,81.4341
PYF,French Polynesia,Oceania,2012,81.6953
PYF,French Polynesia,Oceania,2013,81.9352
PYF,French Polynesia,Oceania,2014,82.1514
PYF,French Polynesia,Oceania,2015,82.3393
PYF,French Polynesia,Oceania,2016,82.5551
PYF,French Polynesia,Oceania,2017,82.7741
PYF,French Polynesia,Oceania,2018,82.9852
PYF,French Polynesia,Oceania,2019,83.1955
PYF,French Polynesia,Oceania,2020,82.4588
PYF,French Polynesia,Oceania,2021,79.5711
PYF,French Polynesia,Oceania,2022,83.8594
PYF,French Polynesia,Oceania,2023,84.0698
QAT,Qatar,Asia,2000,75.25
QAT,Qatar,Asia,2001,75.4858
QAT,Qatar,Asia,2002,75.7655
QAT,Qatar,Asia,2003,76.0975
QAT,Qatar,Asia,2004,76.4839
QAT,Qatar,Asia,2005,76.9088
QAT,Qatar,Asia,2006,77.3226
QAT,Qatar,Asia,2007,77.7413
QAT,Qatar,Asia,2008,78.2618
QAT,Qatar,Asia,2009,78.8371
QAT,Qatar,Asia,2010,79.4438
QAT,Qatar,Asia,2011,79.9943
QAT,Qatar,Asia,2012,80.4994
QAT,Qatar,Asia,2013,80.9735
QAT,Qatar,Asia,2014,81.3955
QAT,Qatar,Asia,2015,81.785
QAT,Qatar,Asia,2016,82.1472
QAT,Qatar,Asia,2017,82.4583
QAT,Qatar,Asia,2018,82.7136
QAT,Qatar,Asia,2019,82.9454
QAT,Qatar,Asia,2020,80.4095
QAT,Qatar,Asia,2021,81.083
QAT,Qatar,Asia,2022,81.8566
QAT,Qatar,Asia,2023,82.368
REU,Reunion,Africa,2000,77.0091
REU,Reunion,Africa,2001,77.145
REU,Reunion,Africa,2002,77.3519
REU,Reunion,Africa,2003,77.5633
REU,Reunion,Africa,2004,77.7493
REU,Reunion,Africa,2005,77.9525
REU,Reunion,Africa,2006,78.344
REU,Reunion,Africa,2007,78.9305
REU,Reunion,Africa,2008,79.5018
REU,Reunion,Africa,2009,80.0348
REU,Reunion,Africa,2010,80.474
REU,Reunion,Africa,2011,80.9732
REU,Reunion,Africa,2012,81.3486
REU,Reunion,Africa,2013,81.6204
REU,Reunion,Africa,2014,81.7762
REU,Reunion,Africa,2015,81.9118
REU,Reunion,Africa,2016,82.0281
REU,Reunion,Africa,2017,82.1273
REU,Reunion,Africa,2018,82.198
REU,Reunion,Africa,2019,82.3179
REU,Reunion,Africa,2020,82.5765
REU,Reunion,Africa,2021,81.5003
REU,Reunion,Africa,2022,81.5
REU,Reunion,Africa,2023,83.5472
ROU,Romania,Europe,2000,71.1594
ROU,Romania,Europe,2001,71.1223
ROU,Romania,Europe,2002,70.8348
ROU,Romania,Europe,2003,70.8189
ROU,Romania,Europe,2004,71.0957
ROU,Romania,Europe,2005,71.5808
ROU,Romania,Europe,2006,72.1693
ROU,Romania,Europe,2007,72.7922
ROU,Romania,Europe,2008,73.2158
ROU,Romania,Europe,2009,73.457
ROU,Romania,Europe,2010,73.5793
ROU,Romania,Europe,2011,74.2877
ROU,Romania,Europe,2012,74.314
ROU,Romania,Europe,2013,74.9179
ROU,Romania,Europe,2014,74.7654
ROU,Romania,Europe,2015,74.7371
ROU,Romania,Europe,2016,75.0209
ROU,Romania,Europe,2017,75.0236
ROU,Romania,Europe,2018,75.1033
ROU,Romania,Europe,2019,75.3288
ROU,Romania,Europe,2020,74.0464
ROU,Romania,Europe,2021,72.7405
ROU,Romania,Europe,2022,75.2614
ROU,Romania,Europe,2023,75.9381
RUS,Russia,Asia,2000,64.9982
RUS,Russia,Asia,2001,65.0151
RUS,Russia,Asia,2002,64.73
RUS,Russia,Asia,2003,64.715
RUS,Russia,Asia,2004,65.1489
RUS,Russia,Asia,2005,65.2185
RUS,Russia,Asia,2006,66.5458
RUS,Russia,Asia,2007,67.469
RUS,Russia,Asia,2008,67.8621
RUS,Russia,Asia,2009,68.6571
RUS,Russia,Asia,2010,68.1526
RUS,Russia,Asia,2011,69.7255
RUS,Russia,Asia,2012,70.1165
RUS,Russia,Asia,2013,70.6403
RUS,Russia,Asia,2014,70.7978
RUS,Russia,Asia,2015,71.3449
RUS,Russia,Asia,2016,71.9101
RUS,Russia,Asia,2017,72.845
RUS,Russia,Asia,2018,72.9363
RUS,Russia,Asia,2019,73.0658
RUS,Russia,Asia,2020,71.1705
RUS,Russia,Asia,2021,69.8066
RUS,Russia,Asia,2022,72.5174
RUS,Russia,Asia,2023,73.1541
RWA,Rwanda,Africa,2000,47.7977
RWA,Rwanda,Africa,2001,49.4897
RWA,Rwanda,Africa,2002,51.262
RWA,Rwanda,Africa,2003,53.5291
RWA,Rwanda,Africa,2004,55.5204
RWA,Rwanda,Africa,2005,56.9683
RWA,Rwanda,Africa,2006,58.3422
RWA,Rwanda,Africa,2007,59.5041
RWA,Rwanda,Africa,2008,60.6407
RWA,Rwanda,Africa,2009,61.8128
RWA,Rwanda,Africa,2010,62.804
RWA,Rwanda,Africa,2011,63.4764
RWA,Rwanda,Africa,2012,64.1887
RWA,Rwanda,Africa,2013,64.6512
RWA,Rwanda,Africa,2014,65.0877
RWA,Rwanda,Africa,2015,65.4188
RWA,Rwanda,Africa,2016,65.7326
RWA,Rwanda,Africa,2017,66.1404
RWA,Rwanda,Africa,2018,66.3539
RWA,Rwanda,Africa,2019,66.6905
RWA,Rwanda,Africa,2020,66.9534
RWA,Rwanda,Africa,2021,66.8496
RWA,Rwanda,Africa,2022,67.528
RWA,Rwanda,Africa,2023,67.7852
SAU,Saudi Arabia,Asia,2000,72.6067
SAU,Saudi Arabia,Asia,2001,72.9505
SAU,Saudi Arabia,Asia,2002,73.2959
SAU,Saudi Arabia,Asia,2003,73.657
SAU,Saudi Arabia,Asia,2004,74.0273
SAU,Saudi Arabia,Asia,2005,74.4004
SAU,Saudi Arabia,Asia,2006,74.7617
SAU,Saudi Arabia,Asia,2007,75.0662
SAU,Saudi Arabia,Asia,2008,75.3014
SAU,Saudi Arabia,Asia,2009,75.4471
SAU,Saudi Arabia,Asia,2010,75.6161
SAU,Saudi Arabia,Asia,2011,75.8081
SAU,Saudi Arabia,Asia,2012,76.0896
SAU,Saudi Arabia,Asia,2013,76.5169
SAU,Saudi Arabia,Asia,2014,77.1159
SAU,Saudi Arabia,Asia,2015,77.7762
SAU,Saudi Arabia,Asia,2016,78.3537
SAU,Saudi Arabia,Asia,2017,78.7213
SAU,Saudi Arabia,Asia,2018,78.7499
SAU,Saudi Arabia,Asia,2019,78.3132
SAU,Saudi Arabia,Asia,2020,77.5962
SAU,Saudi Arabia,Asia,2021,77.0887
SAU,Saudi Arabia,Asia,2022,77.3098
SAU,Saudi Arabia,Asia,2023,78.7321
SDN,Sudan,Africa,2000,58.9456
SDN,Sudan,Africa,2001,59.2641
SDN,Sudan,Africa,2002,59.3078
SDN,Sudan,Africa,2003,58.3193
SDN,Sudan,Africa,2004,56.7731
SDN,Sudan,Africa,2005,57.2263
SDN,Sudan,Africa,2006,60.3996
SDN,Sudan,Africa,2007,61.4419
SDN,Sudan,Africa,2008,61.2609
SDN,Sudan,Africa,2009,62.6765
SDN,Sudan,Africa,2010,62.9792
SDN,Sudan,Africa,2011,63.1809
SDN,Sudan,Africa,2012,63.4273
SDN,Sudan,Africa,2013,63.4433
SDN,Sudan,Africa,2014,63.9905
SDN,Sudan,Africa,2015,64.3746
SDN,Sudan,Africa,2016,64.6773
SDN,Sudan,Africa,2017,65.1464
SDN,Sudan,Africa,2018,65.5005
SDN,Sudan,Africa,2019,65.8032
SDN,Sudan,Africa,2020,65.1237
SDN,Sudan,Africa,2021,64.4604
SDN,Sudan,Africa,2022,65.695
SDN,Sudan,Africa,2023,66.331
SEN,Senegal,Africa,2000,57.6153
SEN,Senegal,Africa,2001,58.158
SEN,Senegal,Africa,2002,58.9124
SEN,Senegal,Africa,2003,59.4735
SEN,Senegal,Africa,2004,60.3076
SEN,Senegal,Africa,2005,60.9801
SEN,Senegal,Africa,2006,61.8006
SEN,Senegal,Africa,2007,62.6525
SEN,Senegal,Africa,2008,63.2012
SEN,Senegal,Africa,2009,63.7513
SEN,Senegal,Africa,2010,64.2214
SEN,Senegal,Africa,2011,64.7987
SEN,Senegal,Africa,2012,65.2291
SEN,Senegal,Africa,2013,65.6376
SEN,Senegal,Africa,2014,66.0014
SEN,Senegal,Africa,2015,66.4511
SEN,Senegal,Africa,2016,66.724
SEN,Senegal,Africa,2017,67.0589
SEN,Senegal,Africa,2018,67.3792
SEN,Senegal,Africa,2019,67.668
SEN,Senegal,Africa,2020,67.4961
SEN,Senegal,Africa,2021,66.8685
SEN,Senegal,Africa,2022,67.7884
SEN,Senegal,Africa,2023,68.6829
SGP,Singapore,Asia,2000,77.7525
SGP,Singapore,Asia,2001,78.2668
SGP,Singapore,Asia,2002,78.7357
SGP,Singapore,Asia,2003,79.1777
SGP,Singapore,Asia,2004,79.6584
SGP,Singapore,Asia,2005,80.2706
SGP,Singapore,Asia,2006,80.6404
SGP,Singapore,Asia,2007,80.8845
SGP,Singapore,Asia,2008,81.0992
SGP,Singapore,Asia,2009,81.4282
SGP,Singapore,Asia,2010,81.6472
SGP,Singapore,Asia,2011,81.9417
SGP,Singapore,Asia,2012,82.2089
SGP,Singapore,Asia,2013,82.4676
SGP,Singapore,Asia,2014,82.6146
SGP,Singapore,Asia,2015,82.7479
SGP,Singapore,Asia,2016,82.897
SGP,Singapore,Asia,2017,83.0947
SGP,Singapore,Asia,2018,83.3783
SGP,Singapore,Asia,2019,83.6622
SGP,Singapore,Asia,2020,83.6607
SGP,Singapore,Asia,2021,83.4846
SGP,Singapore,Asia,2022,82.9211
SGP,Singapore,Asia,2023,83.7362
SHN,Saint Helena,Africa,2000,75.7544
SHN,Saint Helena,Africa,2001,76.0621
SHN,Saint Helena,Africa,2002,75.83
SHN,Saint Helena,Africa,2003,76.3716
SHN,Saint Helena,Africa,2004,77.1313
SHN,Saint Helena,Africa,2005,77.1658
SHN,Saint Helena,Africa,2006,76.8196
SHN,Saint Helena,Africa,2007,75.7329
SHN,Saint Helena,Africa,2008,75.7933
SHN,Saint Helena,Africa,2009,76.1296
SHN,Saint Helena,Africa,2010,76.5108
SHN,Saint Helena,Africa,2011,76.5625
SHN,Saint Helena,Africa,2012,76.2267
SHN,Saint Helena,Africa,2013,76.2371
SHN,Saint Helena,Africa,2014,75.5721
SHN,Saint Helena,Africa,2015,75.1995
SHN,Saint Helena,Africa,2016,75.8061
SHN,Saint Helena,Africa,2017,76.3355
SHN,Saint Helena,Africa,2018,76.4031
SHN,Saint Helena,Africa,2019,76.6816
SHN,Saint Helena,Africa,2020,76.8925
SHN,Saint Helena,Africa,2021,76.7652
SHN,Saint Helena,Africa,2022,76.7352
SHN,Saint Helena,Africa,2023,76.7869
SLB,Solomon Islands,Oceania,2000,67.1164
SLB,Solomon Islands,Oceania,2001,67.2365
SLB,Solomon Islands,Oceania,2002,67.3501
SLB,Solomon Islands,Oceania,2003,67.4787
SLB,Solomon Islands,Oceania,2004,67.6283
SLB,Solomon Islands,Oceania,2005,67.79
SLB,Solomon Islands,Oceania,2006,67.9676
SLB,Solomon Islands,Oceania,2007,67.8451
SLB,Solomon Islands,Oceania,2008,68.3362
SLB,Solomon Islands,Oceania,2009,68.3971
SLB,Solomon Islands,Oceania,2010,68.6694
SLB,Solomon Islands,Oceania,2011,68.8241
SLB,Solomon Islands,Oceania,2012,68.9606
SLB,Solomon Islands,Oceania,2013,69.0072
SLB,Solomon Islands,Oceania,2014,68.9836
SLB,Solomon Islands,Oceania,2015,69.3234
SLB,Solomon Islands,Oceania,2016,69.5012
SLB,Solomon Islands,Oceania,2017,69.6517
SLB,Solomon Islands,Oceania,2018,69.8061
SLB,Solomon Islands,Oceania,2019,69.9807
SLB,Solomon Islands,Oceania,2020,69.2577
SLB,Solomon Islands,Oceania,2021,68.8904
SLB,Solomon Islands,Oceania,2022,70.4086
SLB,Solomon Islands,Oceania,2023,70.5277
SLE,Sierra Leone,Africa,2000,44.8341
SLE,Sierra Leone,Africa,2001,45.4476
SLE,Sierra Leone,Africa,2002,46.1739
SLE,Sierra Leone,Africa,2003,46.7843
SLE,Sierra Leone,Africa,2004,47.4853
SLE,Sierra Leone,Africa,2005,48.306
SLE,Sierra Leone,Africa,2006,49.5472
SLE,Sierra Leone,Africa,2007,50.0239
SLE,Sierra Leone,Africa,2008,50.6927
SLE,Sierra Leone,Africa,2009,51.3124
SLE,Sierra Leone,Africa,2010,51.9272
SLE,Sierra Leone,Africa,2011,52.5936
SLE,Sierra Leone,Africa,2012,53.159
SLE,Sierra Leone,Africa,2013,54.0515
SLE,Sierra Leone,Africa,2014,54.2809
SLE,Sierra Leone,Africa,2015,55.454
SLE,Sierra Leone,Africa,2016,56.9368
SLE,Sierra Leone,Africa,2017,57.761
SLE,Sierra Leone,Africa,2018,59.0587
SLE,Sierra Leone,Africa,2019,59.5935
SLE,Sierra Leone,Africa,2020,59.6935
SLE,Sierra Leone,Africa,2021,60.2596
SLE,Sierra Leone,Africa,2022,61.2748
SLE,Sierra Leone,Africa,2023,61.7858
SLV,El Salvador,North America,2000,67.7114
SLV,El Salvador,North America,2001,67.9645
SLV,El Salvador,North America,2002,68.5264
SLV,El Salvador,North America,2003,68.7918
SLV,El Salvador,North America,2004,69.2948
SLV,El Salvador,North America,2005,69.3356
SLV,El Salvador,North America,2006,69.6123
SLV,El Salvador,North America,2007,69.8195
SLV,El Salvador,North America,2008,70.1378
SLV,El Salvador,North America,2009,70.3586
SLV,El Salvador,North America,2010,70.9088
SLV,El Salvador,North America,2011,71.1918
SLV,El Salvador,North America,2012,71.4201
SLV,El Salvador,North America,2013,71.2251
SLV,El Salvador,North America,2014,71.1442
SLV,El Salvador,North America,2015,70.9524
SLV,El Salvador,North America,2016,70.9081
SLV,El Salvador,North America,2017,71.0074
SLV,El Salvador,North America,2018,71.3836
SLV,El Salvador,North America,2019,71.7253
SLV,El Salvador,North America,2020,70.2436
SLV,El Salvador,North America,2021,69.9414
SLV,El Salvador,North America,2022,71.9695
SLV,El Salvador,North America,2023,72.0993
SMR,San Marino,Europe,2000,80.5036
SMR,San Marino,Europe,2001,80.8028
SMR,San Marino,Europe,2002,81.0608
SMR,San Marino,Europe,2003,81.3303
SMR,San Marino,Europe,2004,81.5921
SMR,San Marino,Europe,2005,81.9256
SMR,San Marino,Europe,2006,82.2577
SMR,San Marino,Europe,2007,82.6049
SMR,San Marino,Europe,2008,82.8936
SMR,San Marino,Europe,2009,83.2239
SMR,San Marino,Europe,2010,83.4638
SMR,San Marino,Europe,2011,83.7132
SMR,San Marino,Europe,2012,83.9427
SMR,San Marino,Europe,2013,84.1749
SMR,San Marino,Europe,2014,84.3941
SMR,San Marino,Europe,2015,84.5959
SMR,San Marino,Europe,2016,84.7751
SMR,San Marino,Europe,2017,84.9326
SMR,San Marino,Europe,2018,85.0947
SMR,San Marino,Europe,2019,85.2565
SMR,San Marino,Europe,2020,82.6495
SMR,San Marino,Europe,2021,83.5389
SMR,San Marino,Europe,2022,85.7082
SMR,San Marino,Europe,2023,85.7062
SOM,Somalia,Africa,2000,50.7466
SOM,Somalia,Africa,2001,50.8291
SOM,Somalia,Africa,2002,50.8202
SOM,Somalia,Africa,2003,50.7208
SOM,Somalia,Africa,2004,50.6849
SOM,Somalia,Africa,2005,50.8937
SOM,Somalia,Africa,2006,50.9152
SOM,Somalia,Africa,2007,50.8852
SOM,Somalia,Africa,2008,51.4558
SOM,Somalia,Africa,2009,52.101
SOM,Somalia,Africa,2010,48.8996
SOM,Somalia,Africa,2011,32.4525
SOM,Somalia,Africa,2012,49.1384
SOM,Somalia,Africa,2013,54.0163
SOM,Somalia,Africa,2014,54.4421
SOM,Somalia,Africa,2015,55.0555
SOM,Somalia,Africa,2016,55.2828
SOM,Somalia,Africa,2017,52.1901
SOM,Somalia,Africa,2018,54.7673
SOM,Somalia,Africa,2019,57.2494
SOM,Somalia,Africa,2020,57.0948
SOM,Somalia,Africa,2021,55.7027
SOM,Somalia,Africa,2022,53.9315
SOM,Somalia,Africa,2023,58.8158
SPM,Saint Pierre and Miquelon,North America,2000,74.8809
SPM,Saint Pierre and Miquelon,North America,2001,75.1069
SPM,Saint Pierre and Miquelon,North America,2002,75.3259
SPM,Saint Pierre and Miquelon,North America,2003,75.4997
SPM,Saint Pierre and Miquelon,North America,2004,75.6804
SPM,Saint Pierre and Miquelon,North America,2005,75.8029
SPM,Saint Pierre and Miquelon,North America,2006,75.9194
SPM,Saint Pierre and Miquelon,North America,2007,76.0503
SPM,Saint Pierre and Miquelon,North America,2008,76.1767
SPM,Saint Pierre and Miquelon,North America,2009,76.2723
SPM,Saint Pierre and Miquelon,North America,2010,76.3546
SPM,Saint Pierre and Miquelon,North America,2011,76.4099
SPM,Saint Pierre and Miquelon,North America,2012,76.4635
SPM,Saint Pierre and Miquelon,North America,2013,76.481
SPM,Saint Pierre and Miquelon,North America,2014,76.4747
SPM,Saint Pierre and Miquelon,North America,2015,76.4825
SPM,Saint Pierre and Miquelon,North America,2016,76.509
SPM,Saint Pierre and Miquelon,North America,2017,76.5456
SPM,Saint Pierre and Miquelon,North America,2018,76.5851
SPM,Saint Pierre and Miquelon,North America,2019,76.6094
SPM,Saint Pierre and Miquelon,North America,2020,76.6183
SPM,Saint Pierre and Miquelon,North America,2021,76.6661
SPM,Saint Pierre and Miquelon,North America,2022,76.6987
SPM,Saint Pierre and Miquelon,North America,2023,76.7578
SRB,Serbia,Europe,2000,72.3344
SRB,Serbia,Europe,2001,72.2745
SRB,Serbia,Europe,2002,72.5994
SRB,Serbia,Europe,2003,72.7222
SRB,Serbia,Europe,2004,72.8667
SRB,Serbia,Europe,2005,73.1151
SRB,Serbia,Europe,2006,73.3951
SRB,Serbia,Europe,2007,73.724
SRB,Serbia,Europe,2008,73.9041
SRB,Serbia,Europe,2009,74.106
SRB,Serbia,Europe,2010,74.3762
SRB,Serbia,Europe,2011,74.7194
SRB,Serbia,Europe,2012,75.0888
SRB,Serbia,Europe,2013,75.3461
SRB,Serbia,Europe,2014,75.4778
SRB,Serbia,Europe,2015,75.653
SRB,Serbia,Europe,2016,75.7375
SRB,Serbia,Europe,2017,75.7921
SRB,Serbia,Europe,2018,76.0356
SRB,Serbia,Europe,2019,76.0585
SRB,Serbia,Europe,2020,74.5065
SRB,Serbia,Europe,2021,72.853
SRB,Serbia,Europe,2022,75.4778
SRB,Serbia,Europe,2023,76.7693
SSD,South Sudan,Africa,2000,47.5913
SSD,South Sudan,Africa,2001,48.5505
SSD,South Sudan,Africa,2002,49.3942
SSD,South Sudan,Africa,2003,52.3242
SSD,South Sudan,Africa,2004,53.0517
SSD,South Sudan,Africa,2005,53.9646
SSD,South Sudan,Africa,2006,54.6529
SSD,South Sudan,Africa,2007,55.4249
SSD,South Sudan,Africa,2008,56.2803
SSD,South Sudan,Africa,2009,56.8478
SSD,South Sudan,Africa,2010,57.4848
SSD,South Sudan,Africa,2011,57.6738
SSD,South Sudan,Africa,2012,58.2406
SSD,South Sudan,Africa,2013,58.2853
SSD,South Sudan,Africa,2014,45.6247
SSD,South Sudan,Africa,2015,39.7565
SSD,South Sudan,Africa,2016,36.72
SSD,South Sudan,Africa,2017,35.3511
SSD,South Sudan,Africa,2018,51.9049
SSD,South Sudan,Africa,2019,58.1293
SSD,South Sudan,Africa,2020,57.6479
SSD,South Sudan,Africa,2021,57.0474
SSD,South Sudan,Africa,2022,57.2026
SSD,South Sudan,Africa,2023,57.6174
STP,Sao Tome and Principe,Africa,2000,61.2067
STP,Sao Tome and Principe,Africa,2001,61.4996
STP,Sao Tome and Principe,Africa,2002,61.8262
STP,Sao Tome and Principe,Africa,2003,62.1579
STP,Sao Tome and Principe,Africa,2004,62.5601
STP,Sao Tome and Principe,Africa,2005,62.4344
STP,Sao Tome and Principe,Africa,2006,63.0413
STP,Sao Tome and Principe,Africa,2007,63.3356
STP,Sao Tome and Principe,Africa,2008,63.4478
STP,Sao Tome and Principe,Africa,2009,63.6687
STP,Sao Tome and Principe,Africa,2010,63.8667
STP,Sao Tome and Principe,Africa,2011,64.1217
STP,Sao Tome and Principe,Africa,2012,64.5053
STP,Sao Tome and Principe,Africa,2013,64.9301
STP,Sao Tome and Principe,Africa,2014,65.4775
STP,Sao Tome and Principe,Africa,2015,66.0231
STP,Sao Tome and Principe,Africa,2016,66.5632
STP,Sao Tome and Principe,Africa,2017,67.0741
STP,Sao Tome and Principe,Africa,2018,67.6015
STP,Sao Tome and Principe,Africa,2019,68.0435
STP,Sao Tome and Principe,Africa,2020,67.979
STP,Sao Tome and Principe,Africa,2021,68.0262
STP,Sao Tome and Principe,Africa,2022,69.2368
STP,Sao Tome and Principe,Africa,2023,69.7182
SUR,Suriname,South America,2000,64.4089
SUR,Suriname,South America,2001,64.8201
SUR,Suriname,South America,2002,65.2744
SUR,Suriname,South America,2003,65.7785
SUR,Suriname,South America,2004,66.3615
SUR,Suriname,South America,2005,66.9974
SUR,Suriname,South America,2006,67.6431
SUR,Suriname,South America,2007,68.3071
SUR,Suriname,South America,2008,68.8732
SUR,Suriname,South America,2009,69.3231
SUR,Suriname,South America,2010,69.6262
SUR,Suriname,South America,2011,69.8203
SUR,Suriname,South America,2012,69.9568
SUR,Suriname,South America,2013,70.1101
SUR,Suriname,South America,2014,70.33
SUR,Suriname,South America,2015,70.5671
SUR,Suriname,South America,2016,70.9786
SUR,Suriname,South America,2017,71.2474
SUR,Suriname,South America,2018,71.4679
SUR,Suriname,South America,2019,71.7734
SUR,Suriname,South America,2020,72.3208
SUR,Suriname,South America,2021,68.9427
SUR,Suriname,South America,2022,73.2538
SUR,Suriname,South America,2023,73.631
SVK,Slovakia,Europe,2000,73.1393
SVK,Slovakia,Europe,2001,73.5706
SVK,Slovakia,Europe,2002,73.765
SVK,Slovakia,Europe,2003,73.8185
SVK,Slovakia,Europe,2004,74.2172
SVK,Slovakia,Europe,2005,74.1562
SVK,Slovakia,Europe,2006,74.4161
SVK,Slovakia,Europe,2007,74.4947
SVK,Slovakia,Europe,2008,74.8643
SVK,Slovakia,Europe,2009,75.2175
SVK,Slovakia,Europe,2010,75.4963
SVK,Slovakia,Europe,2011,76.0181
SVK,Slovakia,Europe,2012,76.1764
SVK,Slovakia,Europe,2013,76.5139
SVK,Slovakia,Europe,2014,76.8484
SVK,Slovakia,Europe,2015,76.6505
SVK,Slovakia,Europe,2016,77.2156
SVK,Slovakia,Europe,2017,77.22
SVK,Slovakia,Europe,2018,77.265
SVK,Slovakia,Europe,2019,77.6863
SVK,Slovakia,Europe,2020,76.8643
SVK,Slovakia,Europe,2021,74.5901
SVK,Slovakia,Europe,2022,77.0356
SVK,Slovakia,Europe,2023,78.3414
SVN,Slovenia,Europe,2000,75.8302
SVN,Slovenia,Europe,2001,76.1809
SVN,Slovenia,Europe,2002,76.3155
SVN,Slovenia,Europe,2003,76.3172
SVN,Slovenia,Europe,2004,76.9319
SVN,Slovenia,Europe,2005,77.5029
SVN,Slovenia,Europe,2006,77.8204
SVN,Slovenia,Europe,2007,78.2855
SVN,Slovenia,Europe,2008,78.595
SVN,Slovenia,Europe,2009,79.027
SVN,Slovenia,Europe,2010,79.3008
SVN,Slovenia,Europe,2011,79.5884
SVN,Slovenia,Europe,2012,79.7652
SVN,Slovenia,Europe,2013,80.0884
SVN,Slovenia,Europe,2014,80.2517
SVN,Slovenia,Europe,2015,80.4994
SVN,Slovenia,Europe,2016,80.512
SVN,Slovenia,Europe,2017,80.6163
SVN,Slovenia,Europe,2018,80.861
SVN,Slovenia,Europe,2019,81.007
SVN,Slovenia,Europe,2020,80.3641
SVN,Slovenia,Europe,2021,80.434
SVN,Slovenia,Europe,2022,80.7933
SVN,Slovenia,Europe,2023,81.6034
SWE,Sweden,Europe,2000,79.7387
SWE,Sweden,Europe,2001,79.8363
SWE,Sweden,Europe,2002,79.9349
SWE,Sweden,Europe,2003,80.1951
SWE,Sweden,Europe,2004,80.5465
SWE,Sweden,Europe,2005,80.6213
SWE,Sweden,Europe,2006,80.8318
SWE,Sweden,Europe,2007,80.97
SWE,Sweden,Europe,2008,81.1373
SWE,Sweden,Europe,2009,81.3633
SWE,Sweden,Europe,2010,81.519
SWE,Sweden,Europe,2011,81.7584
SWE,Sweden,Europe,2012,81.7299
SWE,Sweden,Europe,2013,81.9354
SWE,Sweden,Europe,2014,82.2241
SWE,Sweden,Europe,2015,82.1844
SWE,Sweden,Europe,2016,82.3391
SWE,Sweden,Europe,2017,82.4377
SWE,Sweden,Europe,2018,82.5321
SWE,Sweden,Europe,2019,83.0518
SWE,Sweden,Europe,2020,82.4271
SWE,Sweden,Europe,2021,83.0196
SWE,Sweden,Europe,2022,83.046
SWE,Sweden,Europe,2023,83.2624
SWZ,Eswatini,Africa,2000,47.6273
SWZ,Eswatini,Africa,2001,46.3442
SWZ,Eswatini,Africa,2002,45.3799
SWZ,Eswatini,Africa,2003,44.6321
SWZ,Eswatini,Africa,2004,43.9064
SWZ,Eswatini,Africa,2005,43.9581
SWZ,Eswatini,Africa,2006,44.5628
SWZ,Eswatini,Africa,2007,45.1604
SWZ,Eswatini,Africa,2008,45.8527
SWZ,Eswatini,Africa,2009,46.9126
SWZ,Eswatini,Africa,2010,48.331
SWZ,Eswatini,Africa,2011,49.0568
SWZ,Eswatini,Africa,2012,50.7143
SWZ,Eswatini,Africa,2013,52.1102
SWZ,Eswatini,Africa,2014,53.4913
SWZ,Eswatini,Africa,2015,54.9407
SWZ,Eswatini,Africa,2016,56.2284
SWZ,Eswatini,Africa,2017,57.5742
SWZ,Eswatini,Africa,2018,58.7072
SWZ,Eswatini,Africa,2019,59.8496
SWZ,Eswatini,Africa,2020,59.8618
SWZ,Eswatini,Africa,2021,58.2284
SWZ,Eswatini,Africa,2022,63.0283
SWZ,Eswatini,Africa,2023,64.1227
SXM,Sint Maarten,North America,2000,74.4091
SXM,Sint Maarten,North America,2001,74.5246
SXM,Sint Maarten,North America,2002,74.5847
SXM,Sint Maarten,North America,2003,74.5879
SXM,Sint Maarten,North America,2004,74.6175
SXM,Sint Maarten,North America,2005,74.6812
SXM,Sint Maarten,North America,2006,74.7786
SXM,Sint Maarten,North America,2007,74.8123
SXM,Sint Maarten,North America,2008,74.8522
SXM,Sint Maarten,North America,2009,74.7963
SXM,Sint Maarten,North America,2010,74.8212
SXM,Sint Maarten,North America,2011,74.8684
SXM,Sint Maarten,North America,2012,75.1253
SXM,Sint Maarten,North America,2013,75.3913
SXM,Sint Maarten,North America,2014,75.7346
SXM,Sint Maarten,North America,2015,75.8992
SXM,Sint Maarten,North America,2016,75.9518
SXM,Sint Maarten,North America,2017,75.4551
SXM,Sint Maarten,North America,2018,75.6932
SXM,Sint Maarten,North America,2019,75.6796
SXM,Sint Maarten,North America,2020,75.0023
SXM,Sint Maarten,North America,2021,74.5049
SXM,Sint Maarten,North America,2022,76.1804
SXM,Sint Maarten,North America,2023,76.371
SYC,Seychelles,Africa,2000,71.3127
SYC,Seychelles,Africa,2001,71.4292
SYC,Seychelles,Africa,2002,71.5458
SYC,Seychelles,Africa,2003,71.684
SYC,Seychelles,Africa,2004,71.7069
SYC,Seychelles,Africa,2005,71.9209
SYC,Seychelles,Africa,2006,72.0474
SYC,Seychelles,Africa,2007,72.1617
SYC,Seychelles,Africa,2008,72.3233
SYC,Seychelles,Africa,2009,72.4139
SYC,Seychelles,Africa,2010,72.4771
SYC,Seychelles,Africa,2011,72.5062
SYC,Seychelles,Africa,2012,72.4907
SYC,Seychelles,Africa,2013,72.4279
SYC,Seychelles,Africa,2014,72.3545
SYC,Seychelles,Africa,2015,72.2854
SYC,Seychelles,Africa,2016,72.2456
SYC,Seychelles,Africa,2017,72.2319
SYC,Seychelles,Africa,2018,72.1756
SYC,Seychelles,Africa,2019,72.1226
SYC,Seychelles,Africa,2020,74.0912
SYC,Seychelles,Africa,2021,71.2198
SYC,Seychelles,Africa,2022,71.2481
SYC,Seychelles,Africa,2023,72.862
SYR,Syria,Asia,2000,70.8563
SYR,Syria,Asia,2001,71.2958
SYR,Syria,Asia,2002,71.7424
SYR,Syria,Asia,2003,72.1875
SYR,Syria,Asia,2004,72.4938
SYR,Syria,Asia,2005,72.7966
SYR,Syria,Asia,2006,73.0396
SYR,Syria,Asia,2007,73.2563
SYR,Syria,Asia,2008,73.3681
SYR,Syria,Asia,2009,73.4959
SYR,Syria,Asia,2010,73.5417
SYR,Syria,Asia,2011,72.2593
SYR,Syria,Asia,2012,66.2064
SYR,Syria,Asia,2013,65.1457
SYR,Syria,Asia,2014,65.4916
SYR,Syria,Asia,2015,63.2651
SYR,Syria,Asia,2016,65.1896
SYR,Syria,Asia,2017,65.6508
SYR,Syria,Asia,2018,67.3711
SYR,Syria,Asia,2019,70.9701
SYR,Syria,Asia,2020,71.944
SYR,Syria,Asia,2021,72.4175
SYR,Syria,Asia,2022,72.7898
SYR,Syria,Asia,2023,72.1201
TCA,Turks and Caicos Islands,North America,2000,73.9715
TCA,Turks and Caicos Islands,North America,2001,74.4085
TCA,Turks and Caicos Islands,North America,2002,74.8434
TCA,Turks and Caicos Islands,North America,2003,75.2624
TCA,Turks and Caicos Islands,North America,2004,75.6305
TCA,Turks and Caicos Islands,North America,2005,75.9539
TCA,Turks and Caicos Islands,North America,2006,76.1965
TCA,Turks and Caicos Islands,North America,2007,76.4267
TCA,Turks and Caicos Islands,North America,2008,76.0839
TCA,Turks and Caicos Islands,North America,2009,76.672
TCA,Turks and Caicos Islands,North America,2010,76.784
TCA,Turks and Caicos Islands,North America,2011,76.8697
TCA,Turks and Caicos Islands,North America,2012,76.9694
TCA,Turks and Caicos Islands,North America,2013,77.0998
TCA,Turks and Caicos Islands,North America,2014,77.2116
TCA,Turks and Caicos Islands,North America,2015,77.3211
TCA,Turks and Caicos Islands,North America,2016,77.4372
TCA,Turks and Caicos Islands,North America,2017,77.5051
TCA,Turks and Caicos Islands,North America,2018,77.5957
TCA,Turks and Caicos Islands,North America,2019,77.691
TCA,Turks and Caicos Islands,North America,2020,77.4989
TCA,Turks and Caicos Islands,North America,2021,77.2342
TCA,Turks and Caicos Islands,North America,2022,77.9176
TCA,Turks and Caicos Islands,North America,2023,78.0077
TCD,Chad,Africa,2000,47.937
TCD,Chad,Africa,2001,48.3056
TCD,Chad,Africa,2002,48.3596
TCD,Chad,Africa,2003,48.6095
TCD,Chad,Africa,2004,48.6865
TCD,Chad,Africa,2005,48.86
TCD,Chad,Africa,2006,48.7467
TCD,Chad,Africa,2007,49.2102
TCD,Chad,Africa,2008,49.5034
TCD,Chad,Africa,2009,49.8275
TCD,Chad,Africa,2010,50.1067
TCD,Chad,Africa,2011,50.4258
TCD,Chad,Africa,2012,50.7651
TCD,Chad,Africa,2013,51.0508
TCD,Chad,Africa,2014,51.1411
TCD,Chad,Africa,2015,51.3196
TCD,Chad,Africa,2016,51.6027
TCD,Chad,Africa,2017,51.8747
TCD,Chad,Africa,2018,52.4467
TCD,Chad,Africa,2019,52.9927
TCD,Chad,Africa,2020,53.0818
TCD,Chad,Africa,2021,53.1362
TCD,Chad,Africa,2022,54.5275
TCD,Chad,Africa,2023,55.0692
TGO,Togo,Africa,2000,54.577
TGO,Togo,Africa,2001,54.7456
TGO,Togo,Africa,2002,55.0319
TGO,Togo,Africa,2003,55.2994
TGO,Togo,Africa,2004,55.5941
TGO,Togo,Africa,2005,55.9159
TGO,Togo,Africa,2006,56.1416
TGO,Togo,Africa,2007,56.3821
TGO,Togo,Africa,2008,56.6511
TGO,Togo,Africa,2009,56.9267
TGO,Togo,Africa,2010,57.2266
TGO,Togo,Africa,2011,57.6118
TGO,Togo,Africa,2012,57.9396
TGO,Togo,Africa,2013,58.3447
TGO,Togo,Africa,2014,58.7663
TGO,Togo,Africa,2015,59.2201
TGO,Togo,Africa,2016,59.6686
TGO,Togo,Africa,2017,60.1351
TGO,Togo,Africa,2018,60.6006
TGO,Togo,Africa,2019,61.0554
TGO,Togo,Africa,2020,61.1225
TGO,Togo,Africa,2021,61.3285
TGO,Togo,Africa,2022,62.2898
TGO,Togo,Africa,2023,62.7387
THA,Thailand,Asia,2000,71.2053
THA,Thailand,Asia,2001,71.5198
THA,Thailand,Asia,2002,71.7747
THA,Thailand,Asia,2003,72.1012
THA,Thailand,Asia,2004,72.1
THA,Thailand,Asia,2005,72.8938
THA,Thailand,Asia,2006,73.3413
THA,Thailand,Asia,2007,73.7795
THA,Thailand,Asia,2008,74.2205
THA,Thailand,Asia,2009,74.6691
THA,Thailand,Asia,2010,75.0117
THA,Thailand,Asia,2011,75.3015
THA,Thailand,Asia,2012,75.5899
THA,Thailand,Asia,2013,75.9601
THA,Thailand,Asia,2014,76.2792
THA,Thailand,Asia,2015,76.5631
THA,Thailand,Asia,2016,76.7693
THA,Thailand,Asia,2017,76.9888
THA,Thailand,Asia,2018,77.1903
THA,Thailand,Asia,2019,77.1967
THA,Thailand,Asia,2020,77.3314
THA,Thailand,Asia,2021,77.6065
THA,Thailand,Asia,2022,75.2913
THA,Thailand,Asia,2023,76.4115
TJK,Tajikistan,Asia,2000,63.542
TJK,Tajikistan,Asia,2001,64.197
TJK,Tajikistan,Asia,2002,64.8983
TJK,Tajikistan,Asia,2003,65.8742
TJK,Tajikistan,Asia,2004,66.6042
TJK,Tajikistan,Asia,2005,66.5313
TJK,Tajikistan,Asia,2006,66.9968
TJK,Tajikistan,Asia,2007,67.4046
TJK,Tajikistan,Asia,2008,67.9243
TJK,Tajikistan,Asia,2009,68.2475
TJK,Tajikistan,Asia,2010,68.3698
TJK,Tajikistan,Asia,2011,68.6983
TJK,Tajikistan,Asia,2012,69.1296
TJK,Tajikistan,Asia,2013,69.579
TJK,Tajikistan,Asia,2014,69.697
TJK,Tajikistan,Asia,2015,69.6647
TJK,Tajikistan,Asia,2016,69.9819
TJK,Tajikistan,Asia,2017,70.5241
TJK,Tajikistan,Asia,2018,70.7366
TJK,Tajikistan,Asia,2019,70.962
TJK,Tajikistan,Asia,2020,68.6054
TJK,Tajikistan,Asia,2021,69.5935
TJK,Tajikistan,Asia,2022,71.5624
TJK,Tajikistan,Asia,2023,71.7901
TKL,Tokelau,Oceania,2000,72.1967
TKL,Tokelau,Oceania,2001,72.4259
TKL,Tokelau,Oceania,2002,72.6536
TKL,Tokelau,Oceania,2003,72.8907
TKL,Tokelau,Oceania,2004,73.1245
TKL,Tokelau,Oceania,2005,73.342
TKL,Tokelau,Oceania,2006,73.555
TKL,Tokelau,Oceania,2007,73.7796
TKL,Tokelau,Oceania,2008,74.0213
TKL,Tokelau,Oceania,2009,74.2712
TKL,Tokelau,Oceania,2010,74.5103
TKL,Tokelau,Oceania,2011,74.7605
TKL,Tokelau,Oceania,2012,75.0127
TKL,Tokelau,Oceania,2013,75.2692
TKL,Tokelau,Oceania,2014,75.4738
TKL,Tokelau,Oceania,2015,75.7071
TKL,Tokelau,Oceania,2016,75.9262
TKL,Tokelau,Oceania,2017,76.0554
TKL,Tokelau,Oceania,2018,76.2435
TKL,Tokelau,Oceania,2019,76.4524
TKL,Tokelau,Oceania,2020,76.6217
TKL,Tokelau,Oceania,2021,76.7183
TKL,Tokelau,Oceania,2022,76.887
TKL,Tokelau,Oceania,2023,77.0512
TKM,Turkmenistan,Asia,2000,64.9315
TKM,Turkmenistan,Asia,2001,65.3246
TKM,Turkmenistan,Asia,2002,65.5934
TKM,Turkmenistan,Asia,2003,65.8538
TKM,Turkmenistan,Asia,2004,66.0548
TKM,Turkmenistan,Asia,2005,66.2747
TKM,Turkmenistan,Asia,2006,66.5744
TKM,Turkmenistan,Asia,2007,67.0198
TKM,Turkmenistan,Asia,2008,67.5836
TKM,Turkmenistan,Asia,2009,68.1552
TKM,Turkmenistan,Asia,2010,68.6078
TKM,Turkmenistan,Asia,2011,68.8696
TKM,Turkmenistan,Asia,2012,68.9607
TKM,Turkmenistan,Asia,2013,68.968
TKM,Turkmenistan,Asia,2014,69.0014
TKM,Turkmenistan,Asia,2015,69.0608
TKM,Turkmenistan,Asia,2016,69.1421
TKM,Turkmenistan,Asia,2017,69.19
TKM,Turkmenistan,Asia,2018,69.2718
TKM,Turkmenistan,Asia,2019,69.4046
TKM,Turkmenistan,Asia,2020,68.8457
TKM,Turkmenistan,Asia,2021,69.3525
TKM,Turkmenistan,Asia,2022,69.9133
TKM,Turkmenistan,Asia,2023,70.0727
TLS,Timor-Leste,Asia,2000,58.0969
TLS,Timor-Leste,Asia,2001,58.7722
TLS,Timor-Leste,Asia,2002,59.4766
TLS,Timor-Leste,Asia,2003,60.1304
TLS,Timor-Leste,Asia,2004,60.7428
TLS,Timor-Leste,Asia,2005,61.2717
TLS,Timor-Leste,Asia,2006,61.8807
TLS,Timor-Leste,Asia,2007,62.3957
TLS,Timor-Leste,Asia,2008,62.8575
TLS,Timor-Leste,Asia,2009,63.2652
TLS,Timor-Leste,Asia,2010,63.6599
TLS,Timor-Leste,Asia,2011,64.0223
TLS,Timor-Leste,Asia,2012,64.3844
TLS,Timor-Leste,Asia,2013,64.7189
TLS,Timor-Leste,Asia,2014,65.0268
TLS,Timor-Leste,Asia,2015,65.3262
TLS,Timor-Leste,Asia,2016,65.6099
TLS,Timor-Leste,Asia,2017,65.8982
TLS,Timor-Leste,Asia,2018,66.2039
TLS,Timor-Leste,Asia,2019,66.4964
TLS,Timor-Leste,Asia,2020,66.9191
TLS,Timor-Leste,Asia,2021,66.1993
TLS,Timor-Leste,Asia,2022,67.3684
TLS,Timor-Leste,Asia,2023,67.6894
TON,Tonga,Oceania,2000,69.6349
TON,Tonga,Oceania,2001,69.7998
TON,Tonga,Oceania,2002,70.0301
TON,Tonga,Oceania,2003,70.2275
TON,Tonga,Oceania,2004,70.433
TON,Tonga,Oceania,2005,70.56
TON,Tonga,Oceania,2006,70.7098
TON,Tonga,Oceania,2007,70.8868
TON,Tonga,Oceania,2008,71.0412
TON,Tonga,Oceania,2009,70.9489
TON,Tonga,Oceania,2010,71.3185
TON,Tonga,Oceania,2011,71.4372
TON,Tonga,Oceania,2012,71.5461
TON,Tonga,Oceania,2013,71.6499
TON,Tonga,Oceania,2014,71.7212
TON,Tonga,Oceania,2015,71.851
TON,Tonga,Oceania,2016,71.9505
TON,Tonga,Oceania,2017,72.0657
TON,Tonga,Oceania,2018,72.1691
TON,Tonga,Oceania,2019,72.292
TON,Tonga,Oceania,2020,72.3787
TON,Tonga,Oceania,2021,72.1296
TON,Tonga,Oceania,2022,72.6353
TON,Tonga,Oceania,2023,72.8947
TTO,Trinidad and Tobago,North America,2000,68.6288
TTO,Trinidad and Tobago,North America,2001,68.8744
TTO,Trinidad and Tobago,North America,2002,69.2322
TTO,Trinidad and Tobago,North America,2003,69.4536
TTO,Trinidad and Tobago,North America,2004,69.8791
TTO,Trinidad and Tobago,North America,2005,70.1847
TTO,Trinidad and Tobago,North America,2006,70.4367
TTO,Trinidad and Tobago,North America,2007,70.7973
TTO,Trinidad and Tobago,North America,2008,71.1171
TTO,Trinidad and Tobago,North America,2009,71.4042
TTO,Trinidad and Tobago,North America,2010,71.809
TTO,Trinidad and Tobago,North America,2011,72.2323
TTO,Trinidad and Tobago,North America,2012,72.513
TTO,Trinidad and Tobago,North America,2013,72.7855
TTO,Trinidad and Tobago,North America,2014,72.8984
TTO,Trinidad and Tobago,North America,2015,72.8817
TTO,Trinidad and Tobago,North America,2016,72.9348
TTO,Trinidad and Tobago,North America,2017,72.9844
TTO,Trinidad and Tobago,North America,2018,72.6582
TTO,Trinidad and Tobago,North America,2019,72.8357
TTO,Trinidad and Tobago,North America,2020,72.645
TTO,Trinidad and Tobago,North America,2021,71.1114
TTO,Trinidad and Tobago,North America,2022,73.3308
TTO,Trinidad and Tobago,North America,2023,73.4896
TUN,Tunisia,Africa,2000,72.6043
TUN,Tunisia,Africa,2001,72.8219
TUN,Tunisia,Africa,2002,73.0695
TUN,Tunisia,Africa,2003,73.3036
TUN,Tunisia,Africa,2004,73.5195
TUN,Tunisia,Africa,2005,73.7117
TUN,Tunisia,Africa,2006,73.8884
TUN,Tunisia,Africa,2007,74.0391
TUN,Tunisia,Africa,2008,74.1923
TUN,Tunisia,Africa,2009,74.3199
TUN,Tunisia,Africa,2010,74.4376
TUN,Tunisia,Africa,2011,74.4714
TUN,Tunisia,Africa,2012,74.5985
TUN,Tunisia,Africa,2013,74.6736
TUN,Tunisia,Africa,2014,74.7838
TUN,Tunisia,Africa,2015,74.8748
TUN,Tunisia,Africa,2016,75.0074
TUN,Tunisia,Africa,2017,75.1768
TUN,Tunisia,Africa,2018,75.37
TUN,Tunisia,Africa,2019,75.5992
TUN,Tunisia,Africa,2020,75.0035
TUN,Tunisia,Africa,2021,72.8928
TUN,Tunisia,Africa,2022,76.0505
TUN,Tunisia,Africa,2023,76.5077
TUR,Turkey,Asia,2000,71.9312
TUR,Turkey,Asia,2001,72.2711
TUR,Turkey,Asia,2002,72.6047
TUR,Turkey,Asia,2003,72.9061
TUR,Turkey,Asia,2004,73.2232
TUR,Turkey,Asia,2005,73.5098
TUR,Turkey,Asia,2006,73.8038
TUR,Turkey,Asia,2007,74.1291
TUR,Turkey,Asia,2008,74.3802
TUR,Turkey,Asia,2009,74.679
TUR,Turkey,Asia,2010,74.9642
TUR,Turkey,Asia,2011,74.8234
TUR,Turkey,Asia,2012,75.5519
TUR,Turkey,Asia,2013,76.1705
TUR,Turkey,Asia,2014,76.4519
TUR,Turkey,Asia,2015,76.5389
TUR,Turkey,Asia,2016,76.5948
TUR,Turkey,Asia,2017,77.0372
TUR,Turkey,Asia,2018,77.4535
TUR,Turkey,Asia,2019,77.737
TUR,Turkey,Asia,2020,76.5255
TUR,Turkey,Asia,2021,75.7222
TUR,Turkey,Asia,2022,77.5913
TUR,Turkey,Asia,2023,77.1557
TUV,Tuvalu,Oceania,2000,63.5356
TUV,Tuvalu,Oceania,2001,63.709
TUV,Tuvalu,Oceania,2002,63.8246
TUV,Tuvalu,Oceania,2003,63.8974
TUV,Tuvalu,Oceania,2004,63.9885
TUV,Tuvalu,Oceania,2005,64.0962
TUV,Tuvalu,Oceania,2006,64.2467
TUV,Tuvalu,Oceania,2007,64.4017
TUV,Tuvalu,Oceania,2008,64.5162
TUV,Tuvalu,Oceania,2009,64.693
TUV,Tuvalu,Oceania,2010,64.834
TUV,Tuvalu,Oceania,2011,64.9598
TUV,Tuvalu,Oceania,2012,65.0792
TUV,Tuvalu,Oceania,2013,65.1713
TUV,Tuvalu,Oceania,2014,65.2778
TUV,Tuvalu,Oceania,2015,65.3652
TUV,Tuvalu,Oceania,2016,65.51
TUV,Tuvalu,Oceania,2017,65.6826
TUV,Tuvalu,Oceania,2018,65.871
TUV,Tuvalu,Oceania,2019,66.1085
TUV,Tuvalu,Oceania,2020,66.3567
TUV,Tuvalu,Oceania,2021,65.8236
TUV,Tuvalu,Oceania,2022,66.8516
TUV,Tuvalu,Oceania,2023,67.1049
TWN,Taiwan,Asia,2000,76.1389
TWN,Taiwan,Asia,2001,76.4775
TWN,Taiwan,Asia,2002,76.8708
TWN,Taiwan,Asia,2003,77.0431
TWN,Taiwan,Asia,2004,77.1732
TWN,Taiwan,Asia,2005,77.133
TWN,Taiwan,Asia,2006,77.8448
TWN,Taiwan,Asia,2007,78.0458
TWN,Taiwan,Asia,2008,78.2979
TWN,Taiwan,Asia,2009,78.7005
TWN,Taiwan,Asia,2010,79.0363
TWN,Taiwan,Asia,2011,78.8804
TWN,Taiwan,Asia,2012,79.1791
TWN,Taiwan,Asia,2013,79.5976
TWN,Taiwan,Asia,2014,79.4726
TWN,Taiwan,Asia,2015,79.8786
TWN,Taiwan,Asia,2016,79.6996
TWN,Taiwan,Asia,2017,80.061
TWN,Taiwan,Asia,2018,80.4312
TWN,Taiwan,Asia,2019,80.5958
TWN,Taiwan,Asia,2020,81.1067
TWN,Taiwan,Asia,2021,80.7847
TWN,Taiwan,Asia,2022,80.1569
TWN,Taiwan,Asia,2023,80.5588
TZA,Tanzania,Africa,2000,53.2439
TZA,Tanzania,Africa,2001,54.1243
TZA,Tanzania,Africa,2002,54.9396
TZA,Tanzania,Africa,2003,55.9292
TZA,Tanzania,Africa,2004,56.8355
TZA,Tanzania,Africa,2005,57.675
TZA,Tanzania,Africa,2006,58.5123
TZA,Tanzania,Africa,2007,59.2602
TZA,Tanzania,Africa,2008,59.8961
TZA,Tanzania,Africa,2009,60.494
TZA,Tanzania,Africa,2010,61.1266
TZA,Tanzania,Africa,2011,61.6176
TZA,Tanzania,Africa,2012,62.2862
TZA,Tanzania,Africa,2013,62.788
TZA,Tanzania,Africa,2014,63.3638
TZA,Tanzania,Africa,2015,63.9284
TZA,Tanzania,Africa,2016,64.4037
TZA,Tanzania,Africa,2017,64.9631
TZA,Tanzania,Africa,2018,65.488
TZA,Tanzania,Africa,2019,66.0068
TZA,Tanzania,Africa,2020,66.7712
TZA,Tanzania,Africa,2021,66.1306
TZA,Tanzania,Africa,2022,66.8786
TZA,Tanzania,Africa,2023,66.9953
UGA,Uganda,Africa,2000,49.6397
UGA,Uganda,Africa,2001,50.5761
UGA,Uganda,Africa,2002,51.4432
UGA,Uganda,Africa,2003,52.4136
UGA,Uganda,Africa,2004,53.6988
UGA,Uganda,Africa,2005,54.9264
UGA,Uganda,Africa,2006,56.1184
UGA,Uganda,Africa,2007,57.2479
UGA,Uganda,Africa,2008,58.253
UGA,Uganda,Africa,2009,59.1574
UGA,Uganda,Africa,2010,59.9593
UGA,Uganda,Africa,2011,60.7914
UGA,Uganda,Africa,2012,61.5786
UGA,Uganda,Africa,2013,62.3531
UGA,Uganda,Africa,2014,63.0575
UGA,Uganda,Africa,2015,63.8315
UGA,Uganda,Africa,2016,64.4944
UGA,Uganda,Africa,2017,65.1738
UGA,Uganda,Africa,2018,65.7751
UGA,Uganda,Africa,2019,66.3537
UGA,Uganda,Africa,2020,66.4098
UGA,Uganda,Africa,2021,66.4497
UGA,Uganda,Africa,2022,67.6747
UGA,Uganda,Africa,2023,68.2523
UKR,Ukraine,Europe,2000,67.7862
UKR,Ukraine,Europe,2001,67.6754
UKR,Ukraine,Europe,2002,67.6986
UKR,Ukraine,Europe,2003,67.6383
UKR,Ukraine,Europe,2004,67.4724
UKR,Ukraine,Europe,2005,67.5168
UKR,Ukraine,Europe,2006,67.4901
UKR,Ukraine,Europe,2007,67.7147
UKR,Ukraine,Europe,2008,68.2618
UKR,Ukraine,Europe,2009,69.1595
UKR,Ukraine,Europe,2010,70.1883
UKR,Ukraine,Europe,2011,70.7106
UKR,Ukraine,Europe,2012,71.0896
UKR,Ukraine,Europe,2013,71.4744
UKR,Ukraine,Europe,2014,71.8034
UKR,Ukraine,Europe,2015,72.6862
UKR,Ukraine,Europe,2016,73.3894
UKR,Ukraine,Europe,2017,73.9935
UKR,Ukraine,Europe,2018,73.5691
UKR,Ukraine,Europe,2019,73.9199
UKR,Ukraine,Europe,2020,73.2833
UKR,Ukraine,Europe,2021,71.6308
UKR,Ukraine,Europe,2022,72.6582
UKR,Ukraine,Europe,2023,73.4225
URY,Uruguay,South America,2000,74.6929
URY,Uruguay,South America,2001,74.9865
URY,Uruguay,South America,2002,74.9788
URY,Uruguay,South America,2003,75.0858
URY,Uruguay,South America,2004,75.3194
URY,Uruguay,South America,2005,75.8286
URY,Uruguay,South America,2006,75.8884
URY,Uruguay,South America,2007,76.1502
URY,Uruguay,South America,2008,76.2746
URY,Uruguay,South America,2009,76.67
URY,Uruguay,South America,2010,76.6911
URY,Uruguay,South America,2011,76.6141
URY,Uruguay,South America,2012,76.6914
URY,Uruguay,South America,2013,76.9531
URY,Uruguay,South America,2014,77.1941
URY,Uruguay,South America,2015,77.2847
URY,Uruguay,South America,2016,77.3511
URY,Uruguay,South America,2017,77.618
URY,Uruguay,South America,2018,77.5273
URY,Uruguay,South America,2019,77.5028
URY,Uruguay,South America,2020,78.3811
URY,Uruguay,South America,2021,75.4345
URY,Uruguay,South America,2022,76.4682
URY,Uruguay,South America,2023,78.1385
USA,United States,North America,2000,76.8058
USA,United States,North America,2001,76.9194
USA,United States,North America,2002,76.9883
USA,United States,North America,2003,77.1369
USA,United States,North America,2004,77.535
USA,United States,North America,2005,77.5264
USA,United States,North America,2006,77.7976
USA,United States,North America,2007,78.0471
USA,United States,North America,2008,78.1273
USA,United States,North America,2009,78.4758
USA,United States,North America,2010,78.6681
USA,United States,North America,2011,78.7023
USA,United States,North America,2012,78.8169
USA,United States,North America,2013,78.8175
USA,United States,North America,2014,78.8785
USA,United States,North America,2015,78.7219
USA,United States,North America,2016,78.686
USA,United States,North America,2017,78.6483
USA,United States,North America,2018,78.7997
USA,United States,North America,2019,78.916
USA,United States,North America,2020,77.0115
USA,United States,North America,2021,76.3836
USA,United States,North America,2022,77.9789
USA,United States,North America,2023,79.3043
UZB,Uzbekistan,Asia,2000,65.456
UZB,Uzbekistan,Asia,2001,65.8532
UZB,Uzbekistan,Asia,2002,66.3763
UZB,Uzbekistan,Asia,2003,66.8523
UZB,Uzbekistan,Asia,2004,67.2031
UZB,Uzbekistan,Asia,2005,67.481
UZB,Uzbekistan,Asia,2006,67.9053
UZB,Uzbekistan,Asia,2007,68.4833
UZB,Uzbekistan,Asia,2008,69.0347
UZB,Uzbekistan,Asia,2009,69.517
UZB,Uzbekistan,Asia,2010,69.8364
UZB,Uzbekistan,Asia,2011,70.1429
UZB,Uzbekistan,Asia,2012,70.4108
UZB,Uzbekistan,Asia,2013,70.6925
UZB,Uzbekistan,Asia,2014,70.9732
UZB,Uzbekistan,Asia,2015,71.3298
UZB,Uzbekistan,Asia,2016,71.5798
UZB,Uzbekistan,Asia,2017,71.7372
UZB,Uzbekistan,Asia,2018,71.9988
UZB,Uzbekistan,Asia,2019,72.0934
UZB,Uzbekistan,Asia,2020,71.4613
UZB,Uzbekistan,Asia,2021,71.6808
UZB,Uzbekistan,Asia,2022,72.1465
UZB,Uzbekistan,Asia,2023,72.3884
VAT,Holy See,Europe,2000,79.3373
VAT,Holy See,Europe,2001,79.8502
VAT,Holy See,Europe,2002,79.9531
VAT,Holy See,Europe,2003,79.8455
VAT,Holy See,Europe,2004,80.1907
VAT,Holy See,Europe,2005,80.6475
VAT,Holy See,Europe,2006,81.2237
VAT,Holy See,Europe,2007,81.2977
VAT,Holy See,Europe,2008,81.3727
VAT,Holy See,Europe,2009,81.3006
VAT,Holy See,Europe,2010,81.5413
VAT,Holy See,Europe,2011,81.7071
VAT,Holy See,Europe,2012,81.9805
VAT,Holy See,Europe,2013,82.4736
VAT,Holy See,Europe,2014,82.6278
VAT,Holy See,Europe,2015,82.4639
VAT,Holy See,Europe,2016,82.8758
VAT,Holy See,Europe,2017,82.7189
VAT,Holy See,Europe,2018,83.3126
VAT,Holy See,Europe,2019,83.6243
VAT,Holy See,Europe,2020,82.986
VAT,Holy See,Europe,2021,82.946
VAT,Holy See,Europe,2022,83.3354
VAT,Holy See,Europe,2023,82.9848
VCT,Saint Vincent and the Grenadines,North America,2000,70.3498
VCT,Saint Vincent and the Grenadines,North America,2001,70.3817
VCT,Saint Vincent and the Grenadines,North America,2002,70.6579
VCT,Saint Vincent and the Grenadines,North America,2003,70.4302
VCT,Saint Vincent and the Grenadines,North America,2004,70.4452
VCT,Saint Vincent and the Grenadines,North America,2005,70.4538
VCT,Saint Vincent and the Grenadines,North America,2006,70.4342
VCT,Saint Vincent and the Grenadines,North America,2007,70.446
VCT,Saint Vincent and the Grenadines,North America,2008,70.6113
VCT,Saint Vincent and the Grenadines,North America,2009,70.7119
VCT,Saint Vincent and the Grenadines,North America,2010,70.66
VCT,Saint Vincent and the Grenadines,North America,2011,70.6094
VCT,Saint Vincent and the Grenadines,North America,2012,70.5386
VCT,Saint Vincent and the Grenadines,North America,2013,70.0912
VCT,Saint Vincent and the Grenadines,North America,2014,70.3548
VCT,Saint Vincent and the Grenadines,North America,2015,70.4626
VCT,Saint Vincent and the Grenadines,North America,2016,70.6997
VCT,Saint Vincent and the Grenadines,North America,2017,71.0126
VCT,Saint Vincent and the Grenadines,North America,2018,71.0174
VCT,Saint Vincent and the Grenadines,North America,2019,70.9944
VCT,Saint Vincent and the Grenadines,North America,2020,69.6051
VCT,Saint Vincent and the Grenadines,North America,2021,69.132
VCT,Saint Vincent and the Grenadines,North America,2022,71.1906
VCT,Saint Vincent and the Grenadines,North America,2023,71.2301
VEN,Venezuela,South America,2000,72.3876
VEN,Venezuela,South America,2001,71.0189
VEN,Venezuela,South America,2002,72.8225
VEN,Venezuela,South America,2003,72.0556
VEN,Venezuela,South America,2004,72.7523
VEN,Venezuela,South America,2005,73.0752
VEN,Venezuela,South America,2006,72.9724
VEN,Venezuela,South America,2007,73.3478
VEN,Venezuela,South America,2008,72.5776
VEN,Venezuela,South America,2009,72.7852
VEN,Venezuela,South America,2010,73.0922
VEN,Venezuela,South America,2011,73.0895
VEN,Venezuela,South America,2012,73.0858
VEN,Venezuela,South America,2013,73.0765
VEN,Venezuela,South America,2014,72.8371
VEN,Venezuela,South America,2015,73.0044
VEN,Venezuela,South America,2016,72.0019
VEN,Venezuela,South America,2017,71.9026
VEN,Venezuela,South America,2018,72.6415
VEN,Venezuela,South America,2019,72.7664
VEN,Venezuela,South America,2020,72.3693
VEN,Venezuela,South America,2021,71.5364
VEN,Venezuela,South America,2022,72.5656
VEN,Venezuela,South America,2023,72.5142
VGB,British Virgin Islands,North America,2000,74.753
VGB,British Virgin Islands,North America,2001,74.8308
VGB,British Virgin Islands,North America,2002,74.9708
VGB,British Virgin Islands,North America,2003,75.1831
VGB,British Virgin Islands,North America,2004,75.4043
VGB,British Virgin Islands,North America,2005,75.5694
VGB,British Virgin Islands,North America,2006,75.7453
VGB,British Virgin Islands,North America,2007,75.8932
VGB,British Virgin Islands,North America,2008,76.0696
VGB,British Virgin Islands,North America,2009,76.205
VGB,British Virgin Islands,North America,2010,76.2892
VGB,British Virgin Islands,North America,2011,76.363
VGB,British Virgin Islands,North America,2012,76.4335
VGB,British Virgin Islands,North America,2013,76.4721
VGB,British Virgin Islands,North America,2014,76.5271
VGB,British Virgin Islands,North America,2015,76.5582
VGB,British Virgin Islands,North America,2016,76.6242
VGB,British Virgin Islands,North America,2017,75.6699
VGB,British Virgin Islands,North America,2018,76.7281
VGB,British Virgin Islands,North America,2019,76.8452
VGB,British Virgin Islands,North America,2020,76.8941
VGB,British Virgin Islands,North America,2021,75.297
VGB,British Virgin Islands,North America,2022,77.177
VGB,British Virgin Islands,North America,2023,77.2758
VIR,United States Virgin Islands,North America,2000,71.8046
VIR,United States Virgin Islands,North America,2001,72.2175
VIR,United States Virgin Islands,North America,2002,72.0544
VIR,United States Virgin Islands,North America,2003,72.0065
VIR,United States Virgin Islands,North America,2004,71.8287
VIR,United States Virgin Islands,North America,2005,72.2349
VIR,United States Virgin Islands,North America,2006,72.4788
VIR,United States Virgin Islands,North America,2007,72.5874
VIR,United States Virgin Islands,North America,2008,72.6575
VIR,United States Virgin Islands,North America,2009,72.9192
VIR,United States Virgin Islands,North America,2010,73.235
VIR,United States Virgin Islands,North America,2011,73.4027
VIR,United States Virgin Islands,North America,2012,73.6956
VIR,United States Virgin Islands,North America,2013,73.9471
VIR,United States Virgin Islands,North America,2014,74.1975
VIR,United States Virgin Islands,North America,2015,74.3104
VIR,United States Virgin Islands,North America,2016,74.4236
VIR,United States Virgin Islands,North America,2017,74.3721
VIR,United States Virgin Islands,North America,2018,74.6823
VIR,United States Virgin Islands,North America,2019,74.8761
VIR,United States Virgin Islands,North America,2020,74.7137
VIR,United States Virgin Islands,North America,2021,74.6132
VIR,United States Virgin Islands,North America,2022,75.0449
VIR,United States Virgin Islands,North America,2023,75.4724
VNM,Vietnam,Asia,2000,72.7455
VNM,Vietnam,Asia,2001,72.9842
VNM,Vietnam,Asia,2002,73.1384
VNM,Vietnam,Asia,2003,73.2356
VNM,Vietnam,Asia,2004,73.0623
VNM,Vietnam,Asia,2005,73.1983
VNM,Vietnam,Asia,2006,73.2925
VNM,Vietnam,Asia,2007,73.385
VNM,Vietnam,Asia,2008,73.455
VNM,Vietnam,Asia,2009,73.5253
VNM,Vietnam,Asia,2010,73.6107
VNM,Vietnam,Asia,2011,73.7126
VNM,Vietnam,Asia,2012,73.7619
VNM,Vietnam,Asia,2013,73.8207
VNM,Vietnam,Asia,2014,73.8859
VNM,Vietnam,Asia,2015,73.9554
VNM,Vietnam,Asia,2016,73.9837
VNM,Vietnam,Asia,2017,74.0265
VNM,Vietnam,Asia,2018,74.1004
VNM,Vietnam,Asia,2019,74.2113
VNM,Vietnam,Asia,2020,75.3832
VNM,Vietnam,Asia,2021,74.1448
VNM,Vietnam,Asia,2022,74.5025
VNM,Vietnam,Asia,2023,74.5883
VUT,Vanuatu,Oceania,2000,68.586
VUT,Vanuatu,Oceania,2001,68.722
VUT,Vanuatu,Oceania,2002,68.8358
VUT,Vanuatu,Oceania,2003,68.9331
VUT,Vanuatu,Oceania,2004,68.9847
VUT,Vanuatu,Oceania,2005,69.1656
VUT,Vanuatu,Oceania,2006,69.1264
VUT,Vanuatu,Oceania,2007,69.1439
VUT,Vanuatu,Oceania,2008,69.3017
VUT,Vanuatu,Oceania,2009,69.422
VUT,Vanuatu,Oceania,2010,69.5703
VUT,Vanuatu,Oceania,2011,69.7287
VUT,Vanuatu,Oceania,2012,69.8983
VUT,Vanuatu,Oceania,2013,69.9861
VUT,Vanuatu,Oceania,2014,70.0433
VUT,Vanuatu,Oceania,2015,70.1632
VUT,Vanuatu,Oceania,2016,70.3975
VUT,Vanuatu,Oceania,2017,70.4996
VUT,Vanuatu,Oceania,2018,70.6259
VUT,Vanuatu,Oceania,2019,70.7834
VUT,Vanuatu,Oceania,2020,70.3845
VUT,Vanuatu,Oceania,2021,69.9518
VUT,Vanuatu,Oceania,2022,71.3016
VUT,Vanuatu,Oceania,2023,71.4769
WLF,Wallis and Futuna,Oceania,2000,75.3901
WLF,Wallis and Futuna,Oceania,2001,75.6448
WLF,Wallis and Futuna,Oceania,2002,75.7205
WLF,Wallis and Futuna,Oceania,2003,75.7606
WLF,Wallis and Futuna,Oceania,2004,75.9345
WLF,Wallis and Futuna,Oceania,2005,76.1412
WLF,Wallis and Futuna,Oceania,2006,76.3171
WLF,Wallis and Futuna,Oceania,2007,76.542
WLF,Wallis and Futuna,Oceania,2008,76.7181
WLF,Wallis and Futuna,Oceania,2009,76.7891
WLF,Wallis and Futuna,Oceania,2010,76.8087
WLF,Wallis and Futuna,Oceania,2011,76.9293
WLF,Wallis and Futuna,Oceania,2012,77.0467
WLF,Wallis and Futuna,Oceania,2013,77.1567
WLF,Wallis and Futuna,Oceania,2014,77.2859
WLF,Wallis and Futuna,Oceania,2015,77.4504
WLF,Wallis and Futuna,Oceania,2016,77.5447
WLF,Wallis and Futuna,Oceania,2017,77.6279
WLF,Wallis and Futuna,Oceania,2018,77.7633
WLF,Wallis and Futuna,Oceania,2019,77.9936
WLF,Wallis and Futuna,Oceania,2020,78.1637
WLF,Wallis and Futuna,Oceania,2021,77.4609
WLF,Wallis and Futuna,Oceania,2022,78.5005
WLF,Wallis and Futuna,Oceania,2023,78.6286
WSM,Samoa,Oceania,2000,70.7906
WSM,Samoa,Oceania,2001,71.0284
WSM,Samoa,Oceania,2002,71.2333
WSM,Samoa,Oceania,2003,71.4406
WSM,Samoa,Oceania,2004,71.5077
WSM,Samoa,Oceania,2005,71.4868
WSM,Samoa,Oceania,2006,71.6199
WSM,Samoa,Oceania,2007,71.6045
WSM,Samoa,Oceania,2008,71.5312
WSM,Samoa,Oceania,2009,69.4858
WSM,Samoa,Oceania,2010,71.4512
WSM,Samoa,Oceania,2011,71.393
WSM,Samoa,Oceania,2012,71.1593
WSM,Samoa,Oceania,2013,71.2291
WSM,Samoa,Oceania,2014,71.1416
WSM,Samoa,Oceania,2015,71.0599
WSM,Samoa,Oceania,2016,71.0027
WSM,Samoa,Oceania,2017,70.991
WSM,Samoa,Oceania,2018,71.0516
WSM,Samoa,Oceania,2019,70.2695
WSM,Samoa,Oceania,2020,70.7265
WSM,Samoa,Oceania,2021,71.0958
WSM,Samoa,Oceania,2022,71.5503
WSM,Samoa,Oceania,2023,71.6982
YEM,Yemen,Asia,2000,62.761
YEM,Yemen,Asia,2001,63.2864
YEM,Yemen,Asia,2002,63.8066
YEM,Yemen,Asia,2003,64.4075
YEM,Yemen,Asia,2004,64.881
YEM,Yemen,Asia,2005,65.3561
YEM,Yemen,Asia,2006,65.7997
YEM,Yemen,Asia,2007,66.2304
YEM,Yemen,Asia,2008,66.6091
YEM,Yemen,Asia,2009,66.9053
YEM,Yemen,Asia,2010,67.223
YEM,Yemen,Asia,2011,67.4124
YEM,Yemen,Asia,2012,67.569
YEM,Yemen,Asia,2013,67.961
YEM,Yemen,Asia,2014,68.0027
YEM,Yemen,Asia,2015,66.7613
YEM,Yemen,Asia,2016,67.1054
YEM,Yemen,Asia,2017,67.1198
YEM,Yemen,Asia,2018,65.9154
YEM,Yemen,Asia,2019,66.5673
YEM,Yemen,Asia,2020,66.4354
YEM,Yemen,Asia,2021,66.0191
YEM,Yemen,Asia,2022,67.9517
YEM,Yemen,Asia,2023,69.2952
ZAF,South Africa,Africa,2000,58.3678
ZAF,South Africa,Africa,2001,57.1607
ZAF,South Africa,Africa,2002,55.5795
ZAF,South Africa,Africa,2003,54.2451
ZAF,South Africa,Africa,2004,53.963
ZAF,South Africa,Africa,2005,53.9142
ZAF,South Africa,Africa,2006,54.2204
ZAF,South Africa,Africa,2007,54.9477
ZAF,South Africa,Africa,2008,55.9817
ZAF,South Africa,Africa,2009,57.413
ZAF,South Africa,Africa,2010,58.8863
ZAF,South Africa,Africa,2011,60.6024
ZAF,South Africa,Africa,2012,61.7366
ZAF,South Africa,Africa,2013,62.3883
ZAF,South Africa,Africa,2014,63.1845
ZAF,South Africa,Africa,2015,64.0532
ZAF,South Africa,Africa,2016,64.7495
ZAF,South Africa,Africa,2017,65.4222
ZAF,South Africa,Africa,2018,65.726
ZAF,South Africa,Africa,2019,66.0711
ZAF,South Africa,Africa,2020,65.1502
ZAF,South Africa,Africa,2021,62.0099
ZAF,South Africa,Africa,2022,65.4536
ZAF,South Africa,Africa,2023,66.1387
ZMB,Zambia,Africa,2000,46.5771
ZMB,Zambia,Africa,2001,47.4077
ZMB,Zambia,Africa,2002,48.4614
ZMB,Zambia,Africa,2003,49.6158
ZMB,Zambia,Africa,2004,50.5398
ZMB,Zambia,Africa,2005,51.6147
ZMB,Zambia,Africa,2006,52.6928
ZMB,Zambia,Africa,2007,53.73
ZMB,Zambia,Africa,2008,54.835
ZMB,Zambia,Africa,2009,55.8862
ZMB,Zambia,Africa,2010,56.896
ZMB,Zambia,Africa,2011,57.8431
ZMB,Zambia,Africa,2012,58.704
ZMB,Zambia,Africa,2013,59.4452
ZMB,Zambia,Africa,2014,60.1091
ZMB,Zambia,Africa,2015,60.7284
ZMB,Zambia,Africa,2016,61.1285
ZMB,Zambia,Africa,2017,61.5644
ZMB,Zambia,Africa,2018,62.1381
ZMB,Zambia,Africa,2019,62.9145
ZMB,Zambia,Africa,2020,63.3607
ZMB,Zambia,Africa,2021,62.3631
ZMB,Zambia,Africa,2022,65.2791
ZMB,Zambia,Africa,2023,66.3487
ZWE,Zimbabwe,Africa,2000,46.0339
ZWE,Zimbabwe,Africa,2001,44.5249
ZWE,Zimbabwe,Africa,2002,45.9381
ZWE,Zimbabwe,Africa,2003,45.373
ZWE,Zimbabwe,Africa,2004,46.0426
ZWE,Zimbabwe,Africa,2005,46.5701
ZWE,Zimbabwe,Africa,2006,47.0559
ZWE,Zimbabwe,Africa,2007,47.5756
ZWE,Zimbabwe,Africa,2008,48.4559
ZWE,Zimbabwe,Africa,2009,49.7496
ZWE,Zimbabwe,Africa,2010,51.9252
ZWE,Zimbabwe,Africa,2011,53.9112
ZWE,Zimbabwe,Africa,2012,55.3855
ZWE,Zimbabwe,Africa,2013,56.8422
ZWE,Zimbabwe,Africa,2014,58.106
ZWE,Zimbabwe,Africa,2015,58.9895
ZWE,Zimbabwe,Africa,2016,59.7601
ZWE,Zimbabwe,Africa,2017,60.2626
ZWE,Zimbabwe,Africa,2018,60.9055
ZWE,Zimbabwe,Africa,2019,61.0603
ZWE,Zimbabwe,Africa,2020,61.53
ZWE,Zimbabwe,Africa,2021,60.1347
ZWE,Zimbabwe,Africa,2022,62.3601
ZWE,Zimbabwe,Africa,2023,62.7748
