code,country,continent,year,sex,age_group,marital_status,value
DZA,Algeria,Africa,2013,Men,[15-19],Divorced,0.0
DZA,Algeria,Africa,1977,Men,[15-19],Divorced or Separated,0.0
DZA,Algeria,Africa,2013,Men,[15-19],Married,0.44
DZA,Algeria,Africa,2013,Men,[15-19],Separated,0.01
DZA,Algeria,Africa,2013,Men,[20-24],Divorced,0.01
DZA,Algeria,Africa,1977,Men,[20-24],Divorced or Separated,0.5
DZA,Algeria,Africa,2013,Men,[20-24],Married,2.59
DZA,Algeria,Africa,2013,Men,[20-24],Separated,0.03
DZA,Algeria,Africa,2013,Men,[25-29],Divorced,0.11
DZA,Algeria,Africa,1977,Men,[25-29],Divorced or Separated,1.3
DZA,Algeria,Africa,2013,Men,[25-29],Married,20.83
DZA,Algeria,Africa,2013,Men,[25-29],Separated,0.07
DZA,Algeria,Africa,2013,Men,[30-34],Divorced,0.51
DZA,Algeria,Africa,1977,Men,[30-34],Divorced or Separated,1.2
DZA,Algeria,Africa,2013,Men,[30-34],Married,52.66
DZA,Algeria,Africa,2013,Men,[30-34],Separated,0.14
DZA,Algeria,Africa,2013,Men,[35-39],Divorced,0.77
DZA,Algeria,Africa,1977,Men,[35-39],Divorced or Separated,1.0
DZA,Algeria,Africa,2013,Men,[35-39],Married,74.32
DZA,Algeria,Africa,2013,Men,[35-39],Separated,0.15
DZA,Algeria,Africa,2013,Men,[40-44],Divorced,0.95
DZA,Algeria,Africa,1977,Men,[40-44],Divorced or Separated,0.8
DZA,Algeria,Africa,2013,Men,[40-44],Married,87.78
DZA,Algeria,Africa,2013,Men,[40-44],Separated,0.19
DZA,Algeria,Africa,2013,Men,[45-49],Divorced,0.82
DZA,Algeria,Africa,1977,Men,[45-49],Divorced or Separated,0.8
DZA,Algeria,Africa,2013,Men,[45-49],Married,94.03
DZA,Algeria,Africa,2013,Men,[45-49],Separated,0.1
DZA,Algeria,Africa,2013,Men,[50-54],Divorced,0.88
DZA,Algeria,Africa,1977,Men,[50-54],Divorced or Separated,0.8
DZA,Algeria,Africa,2013,Men,[50-54],Married,94.75
DZA,Algeria,Africa,2013,Men,[50-54],Separated,0.19
DZA,Algeria,Africa,2013,Men,[55-59],Divorced,0.51
DZA,Algeria,Africa,1977,Men,[55-59],Divorced or Separated,0.9
DZA,Algeria,Africa,2013,Men,[55-59],Married,96.71
DZA,Algeria,Africa,2013,Men,[55-59],Separated,0.02
DZA,Algeria,Africa,2013,Men,[60-64],Divorced,0.23
DZA,Algeria,Africa,1977,Men,[60-64],Divorced or Separated,1.0
DZA,Algeria,Africa,2013,Men,[60-64],Married,96.08
DZA,Algeria,Africa,2013,Men,[60-64],Separated,0.02
DZA,Algeria,Africa,1987,Men,[65+],Divorced,0.68
DZA,Algeria,Africa,1977,Men,[65+],Divorced or Separated,1.1
DZA,Algeria,Africa,1987,Men,[65+],Married,86.77
DZA,Algeria,Africa,1987,Men,[65+],Separated,0.35
DZA,Algeria,Africa,2013,Women,[15-19],Divorced,0.08
DZA,Algeria,Africa,1992,Women,[15-19],Divorced or Separated,0.0
DZA,Algeria,Africa,2013,Women,[15-19],Married,3.39
DZA,Algeria,Africa,2013,Women,[15-19],Separated,0.08
DZA,Algeria,Africa,2013,Women,[20-24],Divorced,0.55
DZA,Algeria,Africa,1992,Women,[20-24],Divorced or Separated,0.2
DZA,Algeria,Africa,2013,Women,[20-24],Married,27.0
DZA,Algeria,Africa,2013,Women,[20-24],Separated,0.1
DZA,Algeria,Africa,2013,Women,[25-29],Divorced,1.44
DZA,Algeria,Africa,1992,Women,[25-29],Divorced or Separated,0.5
DZA,Algeria,Africa,2013,Women,[25-29],Married,53.97
DZA,Algeria,Africa,2013,Women,[25-29],Separated,0.23
DZA,Algeria,Africa,2013,Women,[30-34],Divorced,2.84
DZA,Algeria,Africa,1992,Women,[30-34],Divorced or Separated,1.3
DZA,Algeria,Africa,2013,Women,[30-34],Married,65.17
DZA,Algeria,Africa,2013,Women,[30-34],Separated,0.26
DZA,Algeria,Africa,2013,Women,[35-39],Divorced,4.34
DZA,Algeria,Africa,1992,Women,[35-39],Divorced or Separated,1.5
DZA,Algeria,Africa,2013,Women,[35-39],Married,69.41
DZA,Algeria,Africa,2013,Women,[35-39],Separated,0.42
DZA,Algeria,Africa,2013,Women,[40-44],Divorced,4.59
DZA,Algeria,Africa,1992,Women,[40-44],Divorced or Separated,4.4
DZA,Algeria,Africa,2013,Women,[40-44],Married,75.48
DZA,Algeria,Africa,2013,Women,[40-44],Separated,0.34
DZA,Algeria,Africa,2013,Women,[45-49],Divorced,4.57
DZA,Algeria,Africa,1992,Women,[45-49],Divorced or Separated,8.09
DZA,Algeria,Africa,2013,Women,[45-49],Married,80.08
DZA,Algeria,Africa,2013,Women,[45-49],Separated,0.7
DZA,Algeria,Africa,2013,Women,[50-54],Divorced,3.89
DZA,Algeria,Africa,1977,Women,[50-54],Divorced or Separated,2.5
DZA,Algeria,Africa,2013,Women,[50-54],Married,80.44
DZA,Algeria,Africa,2013,Women,[50-54],Separated,0.64
DZA,Algeria,Africa,2013,Women,[55-59],Divorced,4.46
DZA,Algeria,Africa,1977,Women,[55-59],Divorced or Separated,2.6
DZA,Algeria,Africa,2013,Women,[55-59],Married,77.97
DZA,Algeria,Africa,2013,Women,[55-59],Separated,0.67
DZA,Algeria,Africa,2013,Women,[60-64],Divorced,2.92
DZA,Algeria,Africa,1977,Women,[60-64],Divorced or Separated,2.7
DZA,Algeria,Africa,2013,Women,[60-64],Married,67.73
DZA,Algeria,Africa,2013,Women,[60-64],Separated,0.93
DZA,Algeria,Africa,1987,Women,[65+],Divorced,1.68
DZA,Algeria,Africa,1977,Women,[65+],Divorced or Separated,2.3
DZA,Algeria,Africa,1987,Women,[65+],Married,32.25
DZA,Algeria,Africa,1987,Women,[65+],Separated,0.74
AGO,Angola,Africa,2016,Men,[15-19],Divorced,0.01
AGO,Angola,Africa,1970,Men,[15-19],Divorced or Separated,0.04
AGO,Angola,Africa,2016,Men,[15-19],Living together,1.7
AGO,Angola,Africa,2016,Men,[15-19],Married,3.18
AGO,Angola,Africa,2001,Men,[15-19],Married or Living together,5.55
AGO,Angola,Africa,2016,Men,[15-19],Separated,0.71
AGO,Angola,Africa,2016,Men,[20-24],Divorced,0.12
AGO,Angola,Africa,1970,Men,[20-24],Divorced or Separated,0.22
AGO,Angola,Africa,2016,Men,[20-24],Living together,21.1
AGO,Angola,Africa,2016,Men,[20-24],Married,31.18
AGO,Angola,Africa,2001,Men,[20-24],Married or Living together,37.53
AGO,Angola,Africa,2016,Men,[20-24],Separated,2.67
AGO,Angola,Africa,2016,Men,[25-29],Divorced,0.12
AGO,Angola,Africa,1970,Men,[25-29],Divorced or Separated,0.31
AGO,Angola,Africa,2016,Men,[25-29],Living together,41.4
AGO,Angola,Africa,2016,Men,[25-29],Married,63.29
AGO,Angola,Africa,2001,Men,[25-29],Married or Living together,75.2
AGO,Angola,Africa,2016,Men,[25-29],Separated,3.97
AGO,Angola,Africa,2016,Men,[30-34],Divorced,0.36
AGO,Angola,Africa,1970,Men,[30-34],Divorced or Separated,0.38
AGO,Angola,Africa,2016,Men,[30-34],Living together,54.7
AGO,Angola,Africa,2016,Men,[30-34],Married,77.86
AGO,Angola,Africa,2001,Men,[30-34],Married or Living together,86.37
AGO,Angola,Africa,2016,Men,[30-34],Separated,5.87
AGO,Angola,Africa,2016,Men,[35-39],Divorced,0.09
AGO,Angola,Africa,1970,Men,[35-39],Divorced or Separated,0.4
AGO,Angola,Africa,2016,Men,[35-39],Living together,56.3
AGO,Angola,Africa,2016,Men,[35-39],Married,85.5
AGO,Angola,Africa,2001,Men,[35-39],Married or Living together,90.06
AGO,Angola,Africa,2016,Men,[35-39],Separated,4.47
AGO,Angola,Africa,2016,Men,[40-44],Divorced,0.28
AGO,Angola,Africa,1970,Men,[40-44],Divorced or Separated,0.37
AGO,Angola,Africa,2016,Men,[40-44],Living together,59.4
AGO,Angola,Africa,2016,Men,[40-44],Married,88.56
AGO,Angola,Africa,2001,Men,[40-44],Married or Living together,90.96
AGO,Angola,Africa,2016,Men,[40-44],Separated,3.44
AGO,Angola,Africa,2016,Men,[45-49],Divorced,0.3
AGO,Angola,Africa,1970,Men,[45-49],Divorced or Separated,0.56
AGO,Angola,Africa,2016,Men,[45-49],Living together,61.2
AGO,Angola,Africa,2016,Men,[45-49],Married,89.96
AGO,Angola,Africa,2001,Men,[45-49],Married or Living together,89.12
AGO,Angola,Africa,2016,Men,[45-49],Separated,4.81
AGO,Angola,Africa,2016,Men,[50-54],Divorced,0.47
AGO,Angola,Africa,1970,Men,[50-54],Divorced or Separated,0.41
AGO,Angola,Africa,2016,Men,[50-54],Married,87.95
AGO,Angola,Africa,2001,Men,[50-54],Married or Living together,90.37
AGO,Angola,Africa,2016,Men,[50-54],Separated,4.7
AGO,Angola,Africa,2016,Men,[55-59],Divorced,1.26
AGO,Angola,Africa,1970,Men,[55-59],Divorced or Separated,0.58
AGO,Angola,Africa,2016,Men,[55-59],Married,83.05
AGO,Angola,Africa,2001,Men,[55-59],Married or Living together,86.62
AGO,Angola,Africa,2016,Men,[55-59],Separated,4.87
AGO,Angola,Africa,2016,Men,[60-64],Divorced,0.33
AGO,Angola,Africa,2016,Men,[60-64],Married,85.11
AGO,Angola,Africa,2001,Men,[60-64],Married or Living together,82.96
AGO,Angola,Africa,2016,Men,[60-64],Separated,3.24
AGO,Angola,Africa,2016,Women,[15-19],Divorced,0.12
AGO,Angola,Africa,1970,Women,[15-19],Divorced or Separated,0.28
AGO,Angola,Africa,2016,Women,[15-19],Living together,15.8
AGO,Angola,Africa,2016,Women,[15-19],Married,19.58
AGO,Angola,Africa,2001,Women,[15-19],Married or Living together,22.43
AGO,Angola,Africa,2016,Women,[15-19],Separated,4.59
AGO,Angola,Africa,2016,Women,[20-24],Divorced,0.48
AGO,Angola,Africa,1970,Women,[20-24],Divorced or Separated,1.02
AGO,Angola,Africa,2016,Women,[20-24],Living together,44.6
AGO,Angola,Africa,2016,Women,[20-24],Married,50.86
AGO,Angola,Africa,2001,Women,[20-24],Married or Living together,55.84
AGO,Angola,Africa,2016,Women,[20-24],Separated,9.85
AGO,Angola,Africa,2016,Women,[25-29],Divorced,0.28
AGO,Angola,Africa,1970,Women,[25-29],Divorced or Separated,0.98
AGO,Angola,Africa,2016,Women,[25-29],Living together,55.5
AGO,Angola,Africa,2016,Women,[25-29],Married,66.88
AGO,Angola,Africa,2001,Women,[25-29],Married or Living together,72.63
AGO,Angola,Africa,2016,Women,[25-29],Separated,12.72
AGO,Angola,Africa,2016,Women,[30-34],Divorced,0.41
AGO,Angola,Africa,1970,Women,[30-34],Divorced or Separated,1.1
AGO,Angola,Africa,2016,Women,[30-34],Living together,60.2
AGO,Angola,Africa,2016,Women,[30-34],Married,71.82
AGO,Angola,Africa,2001,Women,[30-34],Married or Living together,76.17
AGO,Angola,Africa,2016,Women,[30-34],Separated,12.65
AGO,Angola,Africa,2016,Women,[35-39],Divorced,0.48
AGO,Angola,Africa,1970,Women,[35-39],Divorced or Separated,1.12
AGO,Angola,Africa,2016,Women,[35-39],Living together,61.2
AGO,Angola,Africa,2016,Women,[35-39],Married,75.34
AGO,Angola,Africa,2001,Women,[35-39],Married or Living together,74.04
AGO,Angola,Africa,2016,Women,[35-39],Separated,12.35
AGO,Angola,Africa,2016,Women,[40-44],Divorced,0.75
AGO,Angola,Africa,1970,Women,[40-44],Divorced or Separated,1.07
AGO,Angola,Africa,2016,Women,[40-44],Living together,58.1
AGO,Angola,Africa,2016,Women,[40-44],Married,73.05
AGO,Angola,Africa,2001,Women,[40-44],Married or Living together,70.35
AGO,Angola,Africa,2016,Women,[40-44],Separated,12.26
AGO,Angola,Africa,2016,Women,[45-49],Divorced,1.57
AGO,Angola,Africa,1970,Women,[45-49],Divorced or Separated,1.25
AGO,Angola,Africa,2016,Women,[45-49],Living together,46.9
AGO,Angola,Africa,2016,Women,[45-49],Married,63.91
AGO,Angola,Africa,2001,Women,[45-49],Married or Living together,61.25
AGO,Angola,Africa,2016,Women,[45-49],Separated,13.99
AGO,Angola,Africa,2016,Women,[50-54],Divorced,1.28
AGO,Angola,Africa,1970,Women,[50-54],Divorced or Separated,1.19
AGO,Angola,Africa,2016,Women,[50-54],Married,59.31
AGO,Angola,Africa,2001,Women,[50-54],Married or Living together,55.43
AGO,Angola,Africa,2016,Women,[50-54],Separated,13.5
AGO,Angola,Africa,2016,Women,[55-59],Divorced,1.66
AGO,Angola,Africa,1970,Women,[55-59],Divorced or Separated,1.05
AGO,Angola,Africa,2016,Women,[55-59],Married,51.33
AGO,Angola,Africa,2001,Women,[55-59],Married or Living together,47.03
AGO,Angola,Africa,2016,Women,[55-59],Separated,11.27
AGO,Angola,Africa,2016,Women,[60-64],Divorced,1.43
AGO,Angola,Africa,2016,Women,[60-64],Married,41.97
AGO,Angola,Africa,2001,Women,[60-64],Married or Living together,37.57
AGO,Angola,Africa,2016,Women,[60-64],Separated,9.89
BEN,Benin,Africa,2018,Men,[15-19],Divorced,0.1
BEN,Benin,Africa,2018,Men,[15-19],Living together,0.1
BEN,Benin,Africa,2018,Men,[15-19],Married,0.5
BEN,Benin,Africa,2014,Men,[15-19],Separated,0.13
BEN,Benin,Africa,2018,Men,[20-24],Divorced,0.6
BEN,Benin,Africa,2018,Men,[20-24],Living together,5.2
BEN,Benin,Africa,2018,Men,[20-24],Married,20.2
BEN,Benin,Africa,2014,Men,[20-24],Separated,1.0
BEN,Benin,Africa,2018,Men,[25-29],Divorced,1.0
BEN,Benin,Africa,2018,Men,[25-29],Living together,12.7
BEN,Benin,Africa,2018,Men,[25-29],Married,50.8
BEN,Benin,Africa,2014,Men,[25-29],Separated,1.52
BEN,Benin,Africa,2018,Men,[30-34],Divorced,0.6
BEN,Benin,Africa,2018,Men,[30-34],Living together,18.1
BEN,Benin,Africa,2018,Men,[30-34],Married,70.2
BEN,Benin,Africa,2014,Men,[30-34],Separated,1.17
BEN,Benin,Africa,2018,Men,[35-39],Divorced,1.0
BEN,Benin,Africa,2018,Men,[35-39],Living together,17.1
BEN,Benin,Africa,2018,Men,[35-39],Married,75.8
BEN,Benin,Africa,2014,Men,[35-39],Separated,3.18
BEN,Benin,Africa,2018,Men,[40-44],Divorced,1.1
BEN,Benin,Africa,2018,Men,[40-44],Living together,16.0
BEN,Benin,Africa,2018,Men,[40-44],Married,76.6
BEN,Benin,Africa,2014,Men,[40-44],Separated,1.22
BEN,Benin,Africa,2018,Men,[45-49],Divorced,1.5
BEN,Benin,Africa,2018,Men,[45-49],Living together,13.7
BEN,Benin,Africa,2018,Men,[45-49],Married,78.0
BEN,Benin,Africa,2014,Men,[45-49],Separated,2.26
BEN,Benin,Africa,2018,Men,[50-54],Divorced,4.97
BEN,Benin,Africa,2012,Men,[50-54],Living together,23.0
BEN,Benin,Africa,2018,Men,[50-54],Married,91.69
BEN,Benin,Africa,2002,Men,[50-54],Separated,1.03
BEN,Benin,Africa,2018,Men,[55-59],Divorced,5.38
BEN,Benin,Africa,2012,Men,[55-59],Living together,19.1
BEN,Benin,Africa,2018,Men,[55-59],Married,91.63
BEN,Benin,Africa,2002,Men,[55-59],Separated,1.17
BEN,Benin,Africa,2018,Men,[60-64],Divorced,6.4
BEN,Benin,Africa,2012,Men,[60-64],Living together,23.6
BEN,Benin,Africa,2018,Men,[60-64],Married,88.03
BEN,Benin,Africa,2002,Men,[60-64],Separated,1.17
BEN,Benin,Africa,2018,Women,[15-19],Divorced,0.1
BEN,Benin,Africa,2018,Women,[15-19],Living together,3.9
BEN,Benin,Africa,2018,Women,[15-19],Married,14.5
BEN,Benin,Africa,2014,Women,[15-19],Separated,0.88
BEN,Benin,Africa,2018,Women,[20-24],Divorced,0.3
BEN,Benin,Africa,2018,Women,[20-24],Living together,14.3
BEN,Benin,Africa,2018,Women,[20-24],Married,52.9
BEN,Benin,Africa,2014,Women,[20-24],Separated,1.83
BEN,Benin,Africa,2018,Women,[25-29],Divorced,1.1
BEN,Benin,Africa,2018,Women,[25-29],Living together,20.2
BEN,Benin,Africa,2018,Women,[25-29],Married,68.8
BEN,Benin,Africa,2014,Women,[25-29],Separated,2.49
BEN,Benin,Africa,2018,Women,[30-34],Divorced,1.3
BEN,Benin,Africa,2018,Women,[30-34],Living together,19.6
BEN,Benin,Africa,2018,Women,[30-34],Married,72.9
BEN,Benin,Africa,2014,Women,[30-34],Separated,3.56
BEN,Benin,Africa,2018,Women,[35-39],Divorced,2.0
BEN,Benin,Africa,2018,Women,[35-39],Living together,19.2
BEN,Benin,Africa,2018,Women,[35-39],Married,71.4
BEN,Benin,Africa,2014,Women,[35-39],Separated,3.5
BEN,Benin,Africa,2018,Women,[40-44],Divorced,1.7
BEN,Benin,Africa,2018,Women,[40-44],Living together,17.7
BEN,Benin,Africa,2018,Women,[40-44],Married,70.6
BEN,Benin,Africa,2014,Women,[40-44],Separated,5.28
BEN,Benin,Africa,2018,Women,[45-49],Divorced,1.8
BEN,Benin,Africa,2018,Women,[45-49],Living together,17.2
BEN,Benin,Africa,2018,Women,[45-49],Married,63.4
BEN,Benin,Africa,2014,Women,[45-49],Separated,5.78
BEN,Benin,Africa,2018,Women,[50-54],Divorced,5.69
BEN,Benin,Africa,2006,Women,[50-54],Living together,0.4
BEN,Benin,Africa,2018,Women,[50-54],Married,75.77
BEN,Benin,Africa,2002,Women,[50-54],Separated,2.33
BEN,Benin,Africa,2018,Women,[55-59],Divorced,5.22
BEN,Benin,Africa,2006,Women,[55-59],Living together,0.5
BEN,Benin,Africa,2018,Women,[55-59],Married,63.82
BEN,Benin,Africa,2002,Women,[55-59],Separated,2.38
BEN,Benin,Africa,2018,Women,[60-64],Divorced,4.54
BEN,Benin,Africa,2006,Women,[60-64],Living together,1.3
BEN,Benin,Africa,2018,Women,[60-64],Married,51.3
BEN,Benin,Africa,2002,Women,[60-64],Separated,2.07
BWA,Botswana,Africa,2011,Men,[15-19],Divorced,0.0
BWA,Botswana,Africa,1981,Men,[15-19],Divorced or Separated,0.03
BWA,Botswana,Africa,2011,Men,[15-19],Married,0.84
BWA,Botswana,Africa,2011,Men,[15-19],Separated,0.0
BWA,Botswana,Africa,2011,Men,[20-24],Divorced,0.07
BWA,Botswana,Africa,1981,Men,[20-24],Divorced or Separated,0.14
BWA,Botswana,Africa,2011,Men,[20-24],Married,1.77
BWA,Botswana,Africa,2011,Men,[20-24],Separated,0.1
BWA,Botswana,Africa,2011,Men,[25-29],Divorced,0.12
BWA,Botswana,Africa,1981,Men,[25-29],Divorced or Separated,0.61
BWA,Botswana,Africa,2011,Men,[25-29],Married,5.86
BWA,Botswana,Africa,2011,Men,[25-29],Separated,0.2
BWA,Botswana,Africa,2011,Men,[30-34],Divorced,0.29
BWA,Botswana,Africa,1981,Men,[30-34],Divorced or Separated,1.92
BWA,Botswana,Africa,2011,Men,[30-34],Married,15.02
BWA,Botswana,Africa,2011,Men,[30-34],Separated,0.35
BWA,Botswana,Africa,2011,Men,[35-39],Divorced,0.69
BWA,Botswana,Africa,1981,Men,[35-39],Divorced or Separated,3.17
BWA,Botswana,Africa,2011,Men,[35-39],Married,26.5
BWA,Botswana,Africa,2011,Men,[35-39],Separated,0.41
BWA,Botswana,Africa,2011,Men,[40-44],Divorced,1.3
BWA,Botswana,Africa,1981,Men,[40-44],Divorced or Separated,3.62
BWA,Botswana,Africa,2011,Men,[40-44],Married,36.96
BWA,Botswana,Africa,2011,Men,[40-44],Separated,0.55
BWA,Botswana,Africa,2011,Men,[45-49],Divorced,1.84
BWA,Botswana,Africa,1981,Men,[45-49],Divorced or Separated,4.07
BWA,Botswana,Africa,2011,Men,[45-49],Married,42.88
BWA,Botswana,Africa,2011,Men,[45-49],Separated,0.81
BWA,Botswana,Africa,2011,Men,[50-54],Divorced,2.53
BWA,Botswana,Africa,1981,Men,[50-54],Divorced or Separated,4.53
BWA,Botswana,Africa,2011,Men,[50-54],Married,49.29
BWA,Botswana,Africa,2011,Men,[50-54],Separated,0.98
BWA,Botswana,Africa,2011,Men,[55-59],Divorced,3.09
BWA,Botswana,Africa,1981,Men,[55-59],Divorced or Separated,4.27
BWA,Botswana,Africa,2011,Men,[55-59],Married,54.24
BWA,Botswana,Africa,2011,Men,[55-59],Separated,1.18
BWA,Botswana,Africa,2011,Men,[60-64],Divorced,2.81
BWA,Botswana,Africa,1981,Men,[60-64],Divorced or Separated,4.77
BWA,Botswana,Africa,2011,Men,[60-64],Married,56.27
BWA,Botswana,Africa,2011,Men,[60-64],Separated,1.29
BWA,Botswana,Africa,1991,Men,[65+],Divorced,2.89
BWA,Botswana,Africa,1981,Men,[65+],Divorced or Separated,4.54
BWA,Botswana,Africa,1991,Men,[65+],Married,64.89
BWA,Botswana,Africa,1991,Men,[65+],Separated,1.42
BWA,Botswana,Africa,2011,Women,[15-19],Divorced,0.0
BWA,Botswana,Africa,1981,Women,[15-19],Divorced or Separated,0.16
BWA,Botswana,Africa,1988,Women,[15-19],Living together,2.8
BWA,Botswana,Africa,2011,Women,[15-19],Married,0.95
BWA,Botswana,Africa,2011,Women,[15-19],Separated,0.0
BWA,Botswana,Africa,2011,Women,[20-24],Divorced,0.12
BWA,Botswana,Africa,1981,Women,[20-24],Divorced or Separated,1.04
BWA,Botswana,Africa,1988,Women,[20-24],Living together,11.4
BWA,Botswana,Africa,2017,Women,[20-24],Married,1.41
BWA,Botswana,Africa,2011,Women,[20-24],Separated,0.26
BWA,Botswana,Africa,2017,Women,[25-29],Divorced,0.09
BWA,Botswana,Africa,1981,Women,[25-29],Divorced or Separated,2.45
BWA,Botswana,Africa,1988,Women,[25-29],Living together,16.1
BWA,Botswana,Africa,2017,Women,[25-29],Married,6.9
BWA,Botswana,Africa,2011,Women,[25-29],Separated,0.3
BWA,Botswana,Africa,2017,Women,[30-34],Divorced,0.78
BWA,Botswana,Africa,1981,Women,[30-34],Divorced or Separated,3.93
BWA,Botswana,Africa,1988,Women,[30-34],Living together,14.7
BWA,Botswana,Africa,2017,Women,[30-34],Married,19.12
BWA,Botswana,Africa,2017,Women,[30-34],Separated,0.11
BWA,Botswana,Africa,2017,Women,[35-39],Divorced,0.98
BWA,Botswana,Africa,1981,Women,[35-39],Divorced or Separated,4.98
BWA,Botswana,Africa,1988,Women,[35-39],Living together,13.3
BWA,Botswana,Africa,2017,Women,[35-39],Married,26.33
BWA,Botswana,Africa,2017,Women,[35-39],Separated,0.18
BWA,Botswana,Africa,2017,Women,[40-44],Divorced,1.79
BWA,Botswana,Africa,1981,Women,[40-44],Divorced or Separated,5.83
BWA,Botswana,Africa,1988,Women,[40-44],Living together,8.5
BWA,Botswana,Africa,2017,Women,[40-44],Married,34.06
BWA,Botswana,Africa,2017,Women,[40-44],Separated,0.71
BWA,Botswana,Africa,2017,Women,[45-49],Divorced,2.34
BWA,Botswana,Africa,1981,Women,[45-49],Divorced or Separated,6.39
BWA,Botswana,Africa,1988,Women,[45-49],Living together,8.7
BWA,Botswana,Africa,2017,Women,[45-49],Married,35.26
BWA,Botswana,Africa,2017,Women,[45-49],Separated,0.38
BWA,Botswana,Africa,2011,Women,[50-54],Divorced,3.75
BWA,Botswana,Africa,1981,Women,[50-54],Divorced or Separated,7.16
BWA,Botswana,Africa,2011,Women,[50-54],Married,37.44
BWA,Botswana,Africa,2011,Women,[50-54],Separated,1.32
BWA,Botswana,Africa,2011,Women,[55-59],Divorced,3.9
BWA,Botswana,Africa,1981,Women,[55-59],Divorced or Separated,6.69
BWA,Botswana,Africa,2011,Women,[55-59],Married,37.54
BWA,Botswana,Africa,2011,Women,[55-59],Separated,1.27
BWA,Botswana,Africa,2011,Women,[60-64],Divorced,3.43
BWA,Botswana,Africa,1981,Women,[60-64],Divorced or Separated,6.91
BWA,Botswana,Africa,2011,Women,[60-64],Married,36.42
BWA,Botswana,Africa,2011,Women,[60-64],Separated,1.33
BWA,Botswana,Africa,1991,Women,[65+],Divorced,2.99
BWA,Botswana,Africa,1981,Women,[65+],Divorced or Separated,4.73
BWA,Botswana,Africa,1991,Women,[65+],Married,28.25
BWA,Botswana,Africa,1991,Women,[65+],Separated,1.34
BFA,Burkina Faso,Africa,2011,Men,[15-19],Divorced,0.0
BFA,Burkina Faso,Africa,2006,Men,[15-19],Divorced or Separated,0.08
BFA,Burkina Faso,Africa,2011,Men,[15-19],Living together,0.5
BFA,Burkina Faso,Africa,2018,Men,[15-19],Married,1.03
BFA,Burkina Faso,Africa,2018,Men,[20-24],Divorced,0.14
BFA,Burkina Faso,Africa,2006,Men,[20-24],Divorced or Separated,0.21
BFA,Burkina Faso,Africa,2011,Men,[20-24],Living together,4.5
BFA,Burkina Faso,Africa,2018,Men,[20-24],Married,19.29
BFA,Burkina Faso,Africa,2018,Men,[25-29],Divorced,1.09
BFA,Burkina Faso,Africa,2006,Men,[25-29],Divorced or Separated,0.49
BFA,Burkina Faso,Africa,2011,Men,[25-29],Living together,9.4
BFA,Burkina Faso,Africa,2018,Men,[25-29],Married,63.79
BFA,Burkina Faso,Africa,2018,Men,[30-34],Divorced,1.44
BFA,Burkina Faso,Africa,2006,Men,[30-34],Divorced or Separated,0.78
BFA,Burkina Faso,Africa,2011,Men,[30-34],Living together,9.4
BFA,Burkina Faso,Africa,2018,Men,[30-34],Married,86.67
BFA,Burkina Faso,Africa,2018,Men,[35-39],Divorced,1.93
BFA,Burkina Faso,Africa,2006,Men,[35-39],Divorced or Separated,0.94
BFA,Burkina Faso,Africa,2011,Men,[35-39],Living together,7.0
BFA,Burkina Faso,Africa,2018,Men,[35-39],Married,92.53
BFA,Burkina Faso,Africa,2018,Men,[40-44],Divorced,0.81
BFA,Burkina Faso,Africa,2006,Men,[40-44],Divorced or Separated,1.09
BFA,Burkina Faso,Africa,2011,Men,[40-44],Living together,6.4
BFA,Burkina Faso,Africa,2018,Men,[40-44],Married,97.16
BFA,Burkina Faso,Africa,2018,Men,[45-49],Divorced,0.45
BFA,Burkina Faso,Africa,2006,Men,[45-49],Divorced or Separated,1.15
BFA,Burkina Faso,Africa,2011,Men,[45-49],Living together,5.5
BFA,Burkina Faso,Africa,2018,Men,[45-49],Married,97.1
BFA,Burkina Faso,Africa,2018,Men,[50-54],Divorced,1.45
BFA,Burkina Faso,Africa,2006,Men,[50-54],Divorced or Separated,1.14
BFA,Burkina Faso,Africa,2011,Men,[50-54],Living together,3.9
BFA,Burkina Faso,Africa,2018,Men,[50-54],Married,94.53
BFA,Burkina Faso,Africa,2018,Men,[55-59],Divorced,0.55
BFA,Burkina Faso,Africa,2006,Men,[55-59],Divorced or Separated,1.03
BFA,Burkina Faso,Africa,2011,Men,[55-59],Living together,3.5
BFA,Burkina Faso,Africa,2018,Men,[55-59],Married,97.61
BFA,Burkina Faso,Africa,2018,Men,[60-64],Divorced,0.96
BFA,Burkina Faso,Africa,2006,Men,[60-64],Divorced or Separated,1.12
BFA,Burkina Faso,Africa,2018,Men,[60-64],Married,97.36
BFA,Burkina Faso,Africa,1991,Men,[65+],Divorced or Separated,2.52
BFA,Burkina Faso,Africa,1991,Men,[65+],Married,79.07
BFA,Burkina Faso,Africa,2018,Women,[15-19],Divorced,0.12
BFA,Burkina Faso,Africa,2006,Women,[15-19],Divorced or Separated,0.34
BFA,Burkina Faso,Africa,2011,Women,[15-19],Living together,3.0
BFA,Burkina Faso,Africa,2018,Women,[15-19],Married,30.56
BFA,Burkina Faso,Africa,2006,Women,[15-19],Separated,0.64
BFA,Burkina Faso,Africa,2018,Women,[20-24],Divorced,0.83
BFA,Burkina Faso,Africa,2006,Women,[20-24],Divorced or Separated,0.97
BFA,Burkina Faso,Africa,2011,Women,[20-24],Living together,6.3
BFA,Burkina Faso,Africa,2018,Women,[20-24],Married,76.74
BFA,Burkina Faso,Africa,2006,Women,[20-24],Separated,2.46
BFA,Burkina Faso,Africa,2018,Women,[25-29],Divorced,0.86
BFA,Burkina Faso,Africa,2006,Women,[25-29],Divorced or Separated,1.19
BFA,Burkina Faso,Africa,2011,Women,[25-29],Living together,6.0
BFA,Burkina Faso,Africa,2018,Women,[25-29],Married,93.88
BFA,Burkina Faso,Africa,2006,Women,[25-29],Separated,1.74
BFA,Burkina Faso,Africa,2018,Women,[30-34],Divorced,0.81
BFA,Burkina Faso,Africa,2006,Women,[30-34],Divorced or Separated,1.48
BFA,Burkina Faso,Africa,2011,Women,[30-34],Living together,2.6
BFA,Burkina Faso,Africa,2018,Women,[30-34],Married,96.04
BFA,Burkina Faso,Africa,2006,Women,[30-34],Separated,1.93
BFA,Burkina Faso,Africa,2018,Women,[35-39],Divorced,1.18
BFA,Burkina Faso,Africa,2006,Women,[35-39],Divorced or Separated,1.55
BFA,Burkina Faso,Africa,2011,Women,[35-39],Living together,2.8
BFA,Burkina Faso,Africa,2018,Women,[35-39],Married,96.15
BFA,Burkina Faso,Africa,2006,Women,[35-39],Separated,1.61
BFA,Burkina Faso,Africa,2018,Women,[40-44],Divorced,2.25
BFA,Burkina Faso,Africa,2006,Women,[40-44],Divorced or Separated,1.79
BFA,Burkina Faso,Africa,2011,Women,[40-44],Living together,1.7
BFA,Burkina Faso,Africa,2018,Women,[40-44],Married,94.53
BFA,Burkina Faso,Africa,2006,Women,[40-44],Separated,1.25
BFA,Burkina Faso,Africa,2018,Women,[45-49],Divorced,1.24
BFA,Burkina Faso,Africa,2006,Women,[45-49],Divorced or Separated,1.69
BFA,Burkina Faso,Africa,2011,Women,[45-49],Living together,1.2
BFA,Burkina Faso,Africa,2018,Women,[45-49],Married,92.28
BFA,Burkina Faso,Africa,2006,Women,[45-49],Separated,0.21
BFA,Burkina Faso,Africa,2018,Women,[50-54],Divorced,0.49
BFA,Burkina Faso,Africa,2006,Women,[50-54],Divorced or Separated,1.77
BFA,Burkina Faso,Africa,2018,Women,[50-54],Married,87.33
BFA,Burkina Faso,Africa,2018,Women,[55-59],Divorced,0.87
BFA,Burkina Faso,Africa,2006,Women,[55-59],Divorced or Separated,1.51
BFA,Burkina Faso,Africa,2018,Women,[55-59],Married,74.05
BFA,Burkina Faso,Africa,2018,Women,[60-64],Divorced,0.52
BFA,Burkina Faso,Africa,2006,Women,[60-64],Divorced or Separated,1.49
BFA,Burkina Faso,Africa,2018,Women,[60-64],Married,59.76
BFA,Burkina Faso,Africa,1991,Women,[65+],Divorced or Separated,2.02
BFA,Burkina Faso,Africa,1991,Women,[65+],Married,70.44
BDI,Burundi,Africa,2017,Men,[15-19],Divorced,0.05
BDI,Burundi,Africa,1971,Men,[15-19],Divorced or Separated,0.0
BDI,Burundi,Africa,2017,Men,[15-19],Living together,0.2
BDI,Burundi,Africa,2017,Men,[15-19],Married,0.1
BDI,Burundi,Africa,2000,Men,[15-19],Married or Living together,0.33
BDI,Burundi,Africa,2008,Men,[15-19],Separated,0.13
BDI,Burundi,Africa,2017,Men,[20-24],Divorced,0.6
BDI,Burundi,Africa,1971,Men,[20-24],Divorced or Separated,1.07
BDI,Burundi,Africa,2017,Men,[20-24],Living together,8.9
BDI,Burundi,Africa,2017,Men,[20-24],Married,11.1
BDI,Burundi,Africa,2000,Men,[20-24],Married or Living together,16.67
BDI,Burundi,Africa,2008,Men,[20-24],Separated,0.41
BDI,Burundi,Africa,2017,Men,[25-29],Divorced,1.09
BDI,Burundi,Africa,1971,Men,[25-29],Divorced or Separated,2.54
BDI,Burundi,Africa,2017,Men,[25-29],Living together,21.6
BDI,Burundi,Africa,2017,Men,[25-29],Married,45.0
BDI,Burundi,Africa,2000,Men,[25-29],Married or Living together,61.99
BDI,Burundi,Africa,2008,Men,[25-29],Separated,0.68
BDI,Burundi,Africa,2017,Men,[30-34],Divorced,2.12
BDI,Burundi,Africa,1971,Men,[30-34],Divorced or Separated,3.3
BDI,Burundi,Africa,2017,Men,[30-34],Living together,18.0
BDI,Burundi,Africa,2017,Men,[30-34],Married,85.24
BDI,Burundi,Africa,2000,Men,[30-34],Married or Living together,86.28
BDI,Burundi,Africa,2008,Men,[30-34],Separated,0.96
BDI,Burundi,Africa,2017,Men,[35-39],Divorced,1.8
BDI,Burundi,Africa,1971,Men,[35-39],Divorced or Separated,1.29
BDI,Burundi,Africa,2017,Men,[35-39],Living together,17.8
BDI,Burundi,Africa,2017,Men,[35-39],Married,94.76
BDI,Burundi,Africa,2000,Men,[35-39],Married or Living together,91.32
BDI,Burundi,Africa,2008,Men,[35-39],Separated,1.18
BDI,Burundi,Africa,2017,Men,[40-44],Divorced,2.68
BDI,Burundi,Africa,1971,Men,[40-44],Divorced or Separated,2.43
BDI,Burundi,Africa,2017,Men,[40-44],Living together,14.8
BDI,Burundi,Africa,2017,Men,[40-44],Married,94.34
BDI,Burundi,Africa,2000,Men,[40-44],Married or Living together,92.79
BDI,Burundi,Africa,2008,Men,[40-44],Separated,1.36
BDI,Burundi,Africa,2017,Men,[45-49],Divorced,2.41
BDI,Burundi,Africa,1971,Men,[45-49],Divorced or Separated,1.49
BDI,Burundi,Africa,2017,Men,[45-49],Living together,10.2
BDI,Burundi,Africa,2017,Men,[45-49],Married,94.86
BDI,Burundi,Africa,2000,Men,[45-49],Married or Living together,94.32
BDI,Burundi,Africa,2008,Men,[45-49],Separated,1.42
BDI,Burundi,Africa,2017,Men,[50-54],Divorced,2.0
BDI,Burundi,Africa,1971,Men,[50-54],Divorced or Separated,1.44
BDI,Burundi,Africa,2011,Men,[50-54],Living together,12.8
BDI,Burundi,Africa,2017,Men,[50-54],Married,93.71
BDI,Burundi,Africa,2000,Men,[50-54],Married or Living together,88.35
BDI,Burundi,Africa,2008,Men,[50-54],Separated,1.48
BDI,Burundi,Africa,2017,Men,[55-59],Divorced,1.84
BDI,Burundi,Africa,1971,Men,[55-59],Divorced or Separated,1.18
BDI,Burundi,Africa,2011,Men,[55-59],Living together,20.3
BDI,Burundi,Africa,2017,Men,[55-59],Married,93.39
BDI,Burundi,Africa,2000,Men,[55-59],Married or Living together,85.09
BDI,Burundi,Africa,2008,Men,[55-59],Separated,1.53
BDI,Burundi,Africa,2017,Men,[60-64],Divorced,2.39
BDI,Burundi,Africa,1971,Men,[60-64],Divorced or Separated,1.6
BDI,Burundi,Africa,2017,Men,[60-64],Married,91.92
BDI,Burundi,Africa,2000,Men,[60-64],Married or Living together,84.88
BDI,Burundi,Africa,2008,Men,[60-64],Separated,1.45
BDI,Burundi,Africa,2002,Men,[65+],Divorced,0.54
BDI,Burundi,Africa,1971,Men,[65+],Divorced or Separated,2.13
BDI,Burundi,Africa,2002,Men,[65+],Married,82.68
BDI,Burundi,Africa,1990,Men,[65+],Separated,0.91
BDI,Burundi,Africa,2017,Women,[15-19],Divorced,0.83
BDI,Burundi,Africa,1971,Women,[15-19],Divorced or Separated,0.58
BDI,Burundi,Africa,2017,Women,[15-19],Living together,3.4
BDI,Burundi,Africa,2017,Women,[15-19],Married,5.74
BDI,Burundi,Africa,2000,Women,[15-19],Married or Living together,2.81
BDI,Burundi,Africa,2008,Women,[15-19],Separated,0.45
BDI,Burundi,Africa,2017,Women,[20-24],Divorced,5.39
BDI,Burundi,Africa,1971,Women,[20-24],Divorced or Separated,2.81
BDI,Burundi,Africa,2017,Women,[20-24],Living together,20.2
BDI,Burundi,Africa,2017,Women,[20-24],Married,46.14
BDI,Burundi,Africa,2000,Women,[20-24],Married or Living together,40.75
BDI,Burundi,Africa,2008,Women,[20-24],Separated,1.67
BDI,Burundi,Africa,2017,Women,[25-29],Divorced,5.62
BDI,Burundi,Africa,1971,Women,[25-29],Divorced or Separated,4.58
BDI,Burundi,Africa,2017,Women,[25-29],Living together,21.8
BDI,Burundi,Africa,2017,Women,[25-29],Married,75.1
BDI,Burundi,Africa,2000,Women,[25-29],Married or Living together,74.56
BDI,Burundi,Africa,2008,Women,[25-29],Separated,2.25
BDI,Burundi,Africa,2017,Women,[30-34],Divorced,6.89
BDI,Burundi,Africa,1971,Women,[30-34],Divorced or Separated,3.3
BDI,Burundi,Africa,2017,Women,[30-34],Living together,17.8
BDI,Burundi,Africa,2017,Women,[30-34],Married,84.16
BDI,Burundi,Africa,2000,Women,[30-34],Married or Living together,78.27
BDI,Burundi,Africa,2008,Women,[30-34],Separated,2.88
BDI,Burundi,Africa,2017,Women,[35-39],Divorced,6.29
BDI,Burundi,Africa,1971,Women,[35-39],Divorced or Separated,4.1
BDI,Burundi,Africa,2017,Women,[35-39],Living together,16.1
BDI,Burundi,Africa,2017,Women,[35-39],Married,82.88
BDI,Burundi,Africa,2000,Women,[35-39],Married or Living together,76.06
BDI,Burundi,Africa,2008,Women,[35-39],Separated,2.96
BDI,Burundi,Africa,2017,Women,[40-44],Divorced,8.23
BDI,Burundi,Africa,1971,Women,[40-44],Divorced or Separated,4.02
BDI,Burundi,Africa,2017,Women,[40-44],Living together,15.8
BDI,Burundi,Africa,2017,Women,[40-44],Married,77.25
BDI,Burundi,Africa,2000,Women,[40-44],Married or Living together,69.55
BDI,Burundi,Africa,2008,Women,[40-44],Separated,3.09
BDI,Burundi,Africa,2017,Women,[45-49],Divorced,7.98
BDI,Burundi,Africa,1971,Women,[45-49],Divorced or Separated,6.59
BDI,Burundi,Africa,2017,Women,[45-49],Living together,9.8
BDI,Burundi,Africa,2017,Women,[45-49],Married,71.69
BDI,Burundi,Africa,2000,Women,[45-49],Married or Living together,66.24
BDI,Burundi,Africa,2008,Women,[45-49],Separated,3.01
BDI,Burundi,Africa,2017,Women,[50-54],Divorced,6.73
BDI,Burundi,Africa,1971,Women,[50-54],Divorced or Separated,6.88
BDI,Burundi,Africa,2017,Women,[50-54],Married,61.99
BDI,Burundi,Africa,2000,Women,[50-54],Married or Living together,58.17
BDI,Burundi,Africa,2008,Women,[50-54],Separated,3.06
BDI,Burundi,Africa,2017,Women,[55-59],Divorced,6.46
BDI,Burundi,Africa,1971,Women,[55-59],Divorced or Separated,5.55
BDI,Burundi,Africa,2017,Women,[55-59],Married,56.33
BDI,Burundi,Africa,2000,Women,[55-59],Married or Living together,53.79
BDI,Burundi,Africa,2008,Women,[55-59],Separated,2.71
BDI,Burundi,Africa,2017,Women,[60-64],Divorced,4.41
BDI,Burundi,Africa,1971,Women,[60-64],Divorced or Separated,6.95
BDI,Burundi,Africa,2017,Women,[60-64],Married,46.19
BDI,Burundi,Africa,2000,Women,[60-64],Married or Living together,42.86
BDI,Burundi,Africa,2008,Women,[60-64],Separated,2.79
BDI,Burundi,Africa,2002,Women,[65+],Divorced,3.63
BDI,Burundi,Africa,1971,Women,[65+],Divorced or Separated,6.81
BDI,Burundi,Africa,2002,Women,[65+],Married,33.07
BDI,Burundi,Africa,1990,Women,[65+],Separated,2.1
CPV,Cabo Verde,Africa,2005,Men,[15-19],Divorced,0.0
CPV,Cabo Verde,Africa,1998,Men,[15-19],Divorced or Separated,0.3
CPV,Cabo Verde,Africa,2005,Men,[15-19],Married,0.0
CPV,Cabo Verde,Africa,2005,Men,[15-19],Separated,0.3
CPV,Cabo Verde,Africa,2005,Men,[20-24],Divorced,0.0
CPV,Cabo Verde,Africa,1998,Men,[20-24],Divorced or Separated,3.4
CPV,Cabo Verde,Africa,2005,Men,[20-24],Married,1.0
CPV,Cabo Verde,Africa,2005,Men,[20-24],Separated,5.3
CPV,Cabo Verde,Africa,2005,Men,[25-29],Divorced,0.0
CPV,Cabo Verde,Africa,1998,Men,[25-29],Divorced or Separated,6.7
CPV,Cabo Verde,Africa,2005,Men,[25-29],Married,4.43
CPV,Cabo Verde,Africa,2005,Men,[25-29],Separated,14.59
CPV,Cabo Verde,Africa,2005,Men,[30-34],Divorced,0.0
CPV,Cabo Verde,Africa,1998,Men,[30-34],Divorced or Separated,12.7
CPV,Cabo Verde,Africa,2005,Men,[30-34],Married,10.61
CPV,Cabo Verde,Africa,2005,Men,[30-34],Separated,12.41
CPV,Cabo Verde,Africa,2005,Men,[35-39],Divorced,0.1
CPV,Cabo Verde,Africa,1998,Men,[35-39],Divorced or Separated,7.1
CPV,Cabo Verde,Africa,2005,Men,[35-39],Married,14.27
CPV,Cabo Verde,Africa,2005,Men,[35-39],Separated,12.16
CPV,Cabo Verde,Africa,2005,Men,[40-44],Divorced,0.7
CPV,Cabo Verde,Africa,1998,Men,[40-44],Divorced or Separated,7.1
CPV,Cabo Verde,Africa,2005,Men,[40-44],Married,27.5
CPV,Cabo Verde,Africa,2005,Men,[40-44],Separated,9.6
CPV,Cabo Verde,Africa,2005,Men,[45-49],Divorced,0.8
CPV,Cabo Verde,Africa,1998,Men,[45-49],Divorced or Separated,5.3
CPV,Cabo Verde,Africa,2005,Men,[45-49],Married,36.5
CPV,Cabo Verde,Africa,2005,Men,[45-49],Separated,8.2
CPV,Cabo Verde,Africa,2000,Men,[50-54],Divorced,2.0
CPV,Cabo Verde,Africa,1998,Men,[50-54],Divorced or Separated,0.0
CPV,Cabo Verde,Africa,2000,Men,[50-54],Married,47.95
CPV,Cabo Verde,Africa,2000,Men,[50-54],Separated,3.4
CPV,Cabo Verde,Africa,2000,Men,[55-59],Divorced,1.9
CPV,Cabo Verde,Africa,1980,Men,[55-59],Divorced or Separated,2.19
CPV,Cabo Verde,Africa,2000,Men,[55-59],Married,53.3
CPV,Cabo Verde,Africa,2000,Men,[55-59],Separated,3.1
CPV,Cabo Verde,Africa,2000,Men,[60-64],Divorced,1.2
CPV,Cabo Verde,Africa,1980,Men,[60-64],Divorced or Separated,1.47
CPV,Cabo Verde,Africa,2000,Men,[60-64],Married,59.54
CPV,Cabo Verde,Africa,2000,Men,[60-64],Separated,2.4
CPV,Cabo Verde,Africa,2000,Men,[65+],Divorced,0.7
CPV,Cabo Verde,Africa,2000,Men,[65+],Married,59.96
CPV,Cabo Verde,Africa,2000,Men,[65+],Separated,2.8
CPV,Cabo Verde,Africa,2005,Women,[15-19],Divorced,0.0
CPV,Cabo Verde,Africa,1998,Women,[15-19],Divorced or Separated,2.3
CPV,Cabo Verde,Africa,2005,Women,[15-19],Married,0.1
CPV,Cabo Verde,Africa,2005,Women,[15-19],Separated,2.5
CPV,Cabo Verde,Africa,2005,Women,[20-24],Divorced,0.0
CPV,Cabo Verde,Africa,1998,Women,[20-24],Divorced or Separated,11.1
CPV,Cabo Verde,Africa,2005,Women,[20-24],Married,3.32
CPV,Cabo Verde,Africa,2005,Women,[20-24],Separated,10.75
CPV,Cabo Verde,Africa,2005,Women,[25-29],Divorced,0.2
CPV,Cabo Verde,Africa,1998,Women,[25-29],Divorced or Separated,13.0
CPV,Cabo Verde,Africa,2005,Women,[25-29],Married,10.23
CPV,Cabo Verde,Africa,2005,Women,[25-29],Separated,14.44
CPV,Cabo Verde,Africa,2005,Women,[30-34],Divorced,0.4
CPV,Cabo Verde,Africa,1998,Women,[30-34],Divorced or Separated,12.6
CPV,Cabo Verde,Africa,2005,Women,[30-34],Married,15.43
CPV,Cabo Verde,Africa,2005,Women,[30-34],Separated,14.63
CPV,Cabo Verde,Africa,2005,Women,[35-39],Divorced,0.2
CPV,Cabo Verde,Africa,1998,Women,[35-39],Divorced or Separated,12.7
CPV,Cabo Verde,Africa,2005,Women,[35-39],Married,18.29
CPV,Cabo Verde,Africa,2005,Women,[35-39],Separated,18.89
CPV,Cabo Verde,Africa,2005,Women,[40-44],Divorced,0.8
CPV,Cabo Verde,Africa,1998,Women,[40-44],Divorced or Separated,13.8
CPV,Cabo Verde,Africa,2005,Women,[40-44],Married,28.51
CPV,Cabo Verde,Africa,2005,Women,[40-44],Separated,15.16
CPV,Cabo Verde,Africa,2005,Women,[45-49],Divorced,4.31
CPV,Cabo Verde,Africa,1998,Women,[45-49],Divorced or Separated,14.2
CPV,Cabo Verde,Africa,2005,Women,[45-49],Married,33.87
CPV,Cabo Verde,Africa,2005,Women,[45-49],Separated,16.53
CPV,Cabo Verde,Africa,2000,Women,[50-54],Divorced,2.1
CPV,Cabo Verde,Africa,1980,Women,[50-54],Divorced or Separated,4.26
CPV,Cabo Verde,Africa,2000,Women,[50-54],Married,43.46
CPV,Cabo Verde,Africa,2000,Women,[50-54],Separated,5.99
CPV,Cabo Verde,Africa,2000,Women,[55-59],Divorced,1.5
CPV,Cabo Verde,Africa,1980,Women,[55-59],Divorced or Separated,3.51
CPV,Cabo Verde,Africa,2000,Women,[55-59],Married,45.5
CPV,Cabo Verde,Africa,2000,Women,[55-59],Separated,5.6
CPV,Cabo Verde,Africa,2000,Women,[60-64],Divorced,1.0
CPV,Cabo Verde,Africa,1980,Women,[60-64],Divorced or Separated,4.56
CPV,Cabo Verde,Africa,2000,Women,[60-64],Married,43.2
CPV,Cabo Verde,Africa,2000,Women,[60-64],Separated,5.7
CPV,Cabo Verde,Africa,2000,Women,[65+],Divorced,0.5
CPV,Cabo Verde,Africa,2000,Women,[65+],Married,28.13
CPV,Cabo Verde,Africa,2000,Women,[65+],Separated,5.21
CMR,Cameroon,Africa,2014,Men,[15-19],Divorced,0.0
CMR,Cameroon,Africa,1987,Men,[15-19],Divorced or Separated,0.18
CMR,Cameroon,Africa,2014,Men,[15-19],Living together,0.88
CMR,Cameroon,Africa,2014,Men,[15-19],Married,0.0
CMR,Cameroon,Africa,2014,Men,[15-19],Separated,0.31
CMR,Cameroon,Africa,2014,Men,[20-24],Divorced,0.17
CMR,Cameroon,Africa,1987,Men,[20-24],Divorced or Separated,0.81
CMR,Cameroon,Africa,2014,Men,[20-24],Living together,5.97
CMR,Cameroon,Africa,2014,Men,[20-24],Married,6.89
CMR,Cameroon,Africa,2014,Men,[20-24],Separated,1.64
CMR,Cameroon,Africa,2014,Men,[25-29],Divorced,0.41
CMR,Cameroon,Africa,1987,Men,[25-29],Divorced or Separated,1.7
CMR,Cameroon,Africa,2014,Men,[25-29],Living together,16.54
CMR,Cameroon,Africa,2014,Men,[25-29],Married,24.01
CMR,Cameroon,Africa,2014,Men,[25-29],Separated,6.17
CMR,Cameroon,Africa,2014,Men,[30-34],Divorced,0.53
CMR,Cameroon,Africa,1987,Men,[30-34],Divorced or Separated,2.71
CMR,Cameroon,Africa,2014,Men,[30-34],Living together,26.77
CMR,Cameroon,Africa,2014,Men,[30-34],Married,43.12
CMR,Cameroon,Africa,2014,Men,[30-34],Separated,7.25
CMR,Cameroon,Africa,2014,Men,[35-39],Divorced,0.7
CMR,Cameroon,Africa,1987,Men,[35-39],Divorced or Separated,3.14
CMR,Cameroon,Africa,2014,Men,[35-39],Living together,25.09
CMR,Cameroon,Africa,2014,Men,[35-39],Married,56.41
CMR,Cameroon,Africa,2014,Men,[35-39],Separated,7.92
CMR,Cameroon,Africa,2014,Men,[40-44],Divorced,2.02
CMR,Cameroon,Africa,1987,Men,[40-44],Divorced or Separated,4.02
CMR,Cameroon,Africa,2014,Men,[40-44],Living together,21.52
CMR,Cameroon,Africa,2014,Men,[40-44],Married,60.35
CMR,Cameroon,Africa,2014,Men,[40-44],Separated,8.04
CMR,Cameroon,Africa,2014,Men,[45-49],Divorced,0.48
CMR,Cameroon,Africa,1987,Men,[45-49],Divorced or Separated,3.97
CMR,Cameroon,Africa,2014,Men,[45-49],Living together,17.04
CMR,Cameroon,Africa,2014,Men,[45-49],Married,69.75
CMR,Cameroon,Africa,2014,Men,[45-49],Separated,7.31
CMR,Cameroon,Africa,2014,Men,[50-54],Divorced,2.99
CMR,Cameroon,Africa,1987,Men,[50-54],Divorced or Separated,4.76
CMR,Cameroon,Africa,2014,Men,[50-54],Living together,13.69
CMR,Cameroon,Africa,2014,Men,[50-54],Married,73.42
CMR,Cameroon,Africa,2014,Men,[50-54],Separated,7.41
CMR,Cameroon,Africa,2014,Men,[55-59],Divorced,0.94
CMR,Cameroon,Africa,1987,Men,[55-59],Divorced or Separated,4.42
CMR,Cameroon,Africa,2014,Men,[55-59],Living together,10.18
CMR,Cameroon,Africa,2014,Men,[55-59],Married,77.82
CMR,Cameroon,Africa,2014,Men,[55-59],Separated,5.03
CMR,Cameroon,Africa,2011,Men,[60-64],Divorced,5.7
CMR,Cameroon,Africa,1987,Men,[60-64],Divorced or Separated,5.22
CMR,Cameroon,Africa,2011,Men,[60-64],Married,85.8
CMR,Cameroon,Africa,2005,Men,[60-64],Separated,1.73
CMR,Cameroon,Africa,1987,Men,[65+],Divorced or Separated,4.88
CMR,Cameroon,Africa,1987,Men,[65+],Married,76.76
CMR,Cameroon,Africa,2014,Women,[15-19],Divorced,0.38
CMR,Cameroon,Africa,1987,Women,[15-19],Divorced or Separated,0.99
CMR,Cameroon,Africa,2014,Women,[15-19],Living together,6.17
CMR,Cameroon,Africa,2014,Women,[15-19],Married,13.97
CMR,Cameroon,Africa,2014,Women,[15-19],Separated,1.52
CMR,Cameroon,Africa,2014,Women,[20-24],Divorced,1.18
CMR,Cameroon,Africa,1987,Women,[20-24],Divorced or Separated,2.12
CMR,Cameroon,Africa,2014,Women,[20-24],Living together,17.0
CMR,Cameroon,Africa,2014,Women,[20-24],Married,34.36
CMR,Cameroon,Africa,2014,Women,[20-24],Separated,5.82
CMR,Cameroon,Africa,2014,Women,[25-29],Divorced,1.39
CMR,Cameroon,Africa,1987,Women,[25-29],Divorced or Separated,3.08
CMR,Cameroon,Africa,2014,Women,[25-29],Living together,24.98
CMR,Cameroon,Africa,2014,Women,[25-29],Married,44.26
CMR,Cameroon,Africa,2014,Women,[25-29],Separated,8.11
CMR,Cameroon,Africa,2014,Women,[30-34],Divorced,0.9
CMR,Cameroon,Africa,1987,Women,[30-34],Divorced or Separated,3.84
CMR,Cameroon,Africa,2014,Women,[30-34],Living together,18.75
CMR,Cameroon,Africa,2014,Women,[30-34],Married,58.09
CMR,Cameroon,Africa,2014,Women,[30-34],Separated,9.11
CMR,Cameroon,Africa,2014,Women,[35-39],Divorced,0.77
CMR,Cameroon,Africa,1987,Women,[35-39],Divorced or Separated,4.61
CMR,Cameroon,Africa,2014,Women,[35-39],Living together,18.11
CMR,Cameroon,Africa,2014,Women,[35-39],Married,61.11
CMR,Cameroon,Africa,2014,Women,[35-39],Separated,9.22
CMR,Cameroon,Africa,2014,Women,[40-44],Divorced,1.74
CMR,Cameroon,Africa,1987,Women,[40-44],Divorced or Separated,5.37
CMR,Cameroon,Africa,2014,Women,[40-44],Living together,14.5
CMR,Cameroon,Africa,2014,Women,[40-44],Married,60.75
CMR,Cameroon,Africa,2014,Women,[40-44],Separated,7.56
CMR,Cameroon,Africa,2014,Women,[45-49],Divorced,3.02
CMR,Cameroon,Africa,1987,Women,[45-49],Divorced or Separated,5.28
CMR,Cameroon,Africa,2014,Women,[45-49],Living together,11.38
CMR,Cameroon,Africa,2014,Women,[45-49],Married,58.3
CMR,Cameroon,Africa,2014,Women,[45-49],Separated,8.46
CMR,Cameroon,Africa,2011,Women,[50-54],Divorced,8.3
CMR,Cameroon,Africa,1987,Women,[50-54],Divorced or Separated,5.9
CMR,Cameroon,Africa,2011,Women,[50-54],Married,63.0
CMR,Cameroon,Africa,2005,Women,[50-54],Separated,2.42
CMR,Cameroon,Africa,2011,Women,[55-59],Divorced,6.0
CMR,Cameroon,Africa,1987,Women,[55-59],Divorced or Separated,4.61
CMR,Cameroon,Africa,2011,Women,[55-59],Married,53.1
CMR,Cameroon,Africa,2005,Women,[55-59],Separated,2.29
CMR,Cameroon,Africa,2011,Women,[60-64],Divorced,5.0
CMR,Cameroon,Africa,1987,Women,[60-64],Divorced or Separated,5.79
CMR,Cameroon,Africa,2011,Women,[60-64],Married,42.4
CMR,Cameroon,Africa,2005,Women,[60-64],Separated,2.12
CMR,Cameroon,Africa,1987,Women,[65+],Divorced or Separated,4.54
CMR,Cameroon,Africa,1987,Women,[65+],Married,22.05
CAF,Central African Republic,Africa,2010,Men,[15-19],Divorced,0.37
CAF,Central African Republic,Africa,2010,Men,[15-19],Living together,7.65
CAF,Central African Republic,Africa,2010,Men,[15-19],Married,3.4
CAF,Central African Republic,Africa,2010,Men,[15-19],Separated,1.31
CAF,Central African Republic,Africa,2010,Men,[20-24],Divorced,0.95
CAF,Central African Republic,Africa,2010,Men,[20-24],Living together,36.41
CAF,Central African Republic,Africa,2010,Men,[20-24],Married,20.8
CAF,Central African Republic,Africa,2010,Men,[20-24],Separated,7.65
CAF,Central African Republic,Africa,2010,Men,[25-29],Divorced,1.14
CAF,Central African Republic,Africa,2010,Men,[25-29],Living together,44.56
CAF,Central African Republic,Africa,2010,Men,[25-29],Married,36.1
CAF,Central African Republic,Africa,2010,Men,[25-29],Separated,5.48
CAF,Central African Republic,Africa,2010,Men,[30-34],Divorced,1.56
CAF,Central African Republic,Africa,2010,Men,[30-34],Living together,39.84
CAF,Central African Republic,Africa,2010,Men,[30-34],Married,46.44
CAF,Central African Republic,Africa,2010,Men,[30-34],Separated,7.34
CAF,Central African Republic,Africa,2010,Men,[35-39],Divorced,1.75
CAF,Central African Republic,Africa,2010,Men,[35-39],Living together,40.14
CAF,Central African Republic,Africa,2010,Men,[35-39],Married,50.23
CAF,Central African Republic,Africa,2010,Men,[35-39],Separated,4.65
CAF,Central African Republic,Africa,2010,Men,[40-44],Divorced,1.13
CAF,Central African Republic,Africa,2010,Men,[40-44],Living together,36.29
CAF,Central African Republic,Africa,2010,Men,[40-44],Married,52.6
CAF,Central African Republic,Africa,2010,Men,[40-44],Separated,4.19
CAF,Central African Republic,Africa,2010,Men,[45-49],Divorced,1.01
CAF,Central African Republic,Africa,2010,Men,[45-49],Living together,40.09
CAF,Central African Republic,Africa,2010,Men,[45-49],Married,50.3
CAF,Central African Republic,Africa,2010,Men,[45-49],Separated,4.84
CAF,Central African Republic,Africa,2010,Men,[50-54],Divorced,3.02
CAF,Central African Republic,Africa,2010,Men,[50-54],Living together,33.8
CAF,Central African Republic,Africa,2010,Men,[50-54],Married,54.77
CAF,Central African Republic,Africa,2010,Men,[50-54],Separated,3.71
CAF,Central African Republic,Africa,2010,Men,[55-59],Divorced,1.6
CAF,Central African Republic,Africa,2010,Men,[55-59],Living together,34.01
CAF,Central African Republic,Africa,2010,Men,[55-59],Married,54.02
CAF,Central African Republic,Africa,2010,Men,[55-59],Separated,4.87
CAF,Central African Republic,Africa,2000,Men,[60-64],Divorced,2.95
CAF,Central African Republic,Africa,2000,Men,[60-64],Married,88.41
CAF,Central African Republic,Africa,2000,Men,[60-64],Separated,1.51
CAF,Central African Republic,Africa,2010,Women,[15-19],Divorced,0.57
CAF,Central African Republic,Africa,2010,Women,[15-19],Living together,30.97
CAF,Central African Republic,Africa,2010,Women,[15-19],Married,23.86
CAF,Central African Republic,Africa,2010,Women,[15-19],Separated,4.8
CAF,Central African Republic,Africa,2010,Women,[20-24],Divorced,1.04
CAF,Central African Republic,Africa,2010,Women,[20-24],Living together,45.88
CAF,Central African Republic,Africa,2010,Women,[20-24],Married,35.67
CAF,Central African Republic,Africa,2010,Women,[20-24],Separated,8.41
CAF,Central African Republic,Africa,2010,Women,[25-29],Divorced,1.01
CAF,Central African Republic,Africa,2010,Women,[25-29],Living together,43.17
CAF,Central African Republic,Africa,2010,Women,[25-29],Married,42.28
CAF,Central African Republic,Africa,2010,Women,[25-29],Separated,8.32
CAF,Central African Republic,Africa,2010,Women,[30-34],Divorced,1.32
CAF,Central African Republic,Africa,2010,Women,[30-34],Living together,41.28
CAF,Central African Republic,Africa,2010,Women,[30-34],Married,43.48
CAF,Central African Republic,Africa,2010,Women,[30-34],Separated,8.77
CAF,Central African Republic,Africa,2010,Women,[35-39],Divorced,1.87
CAF,Central African Republic,Africa,2010,Women,[35-39],Living together,35.96
CAF,Central African Republic,Africa,2010,Women,[35-39],Married,45.86
CAF,Central African Republic,Africa,2010,Women,[35-39],Separated,7.82
CAF,Central African Republic,Africa,2010,Women,[40-44],Divorced,2.74
CAF,Central African Republic,Africa,2010,Women,[40-44],Living together,32.51
CAF,Central African Republic,Africa,2010,Women,[40-44],Married,46.98
CAF,Central African Republic,Africa,2010,Women,[40-44],Separated,6.01
CAF,Central African Republic,Africa,2010,Women,[45-49],Divorced,3.91
CAF,Central African Republic,Africa,2010,Women,[45-49],Living together,26.9
CAF,Central African Republic,Africa,2010,Women,[45-49],Married,43.45
CAF,Central African Republic,Africa,2010,Women,[45-49],Separated,7.3
CAF,Central African Republic,Africa,2000,Women,[50-54],Divorced,6.36
CAF,Central African Republic,Africa,2000,Women,[50-54],Married,65.49
CAF,Central African Republic,Africa,2000,Women,[50-54],Separated,4.07
CAF,Central African Republic,Africa,2000,Women,[55-59],Divorced,6.64
CAF,Central African Republic,Africa,2000,Women,[55-59],Married,53.98
CAF,Central African Republic,Africa,2000,Women,[55-59],Separated,4.81
CAF,Central African Republic,Africa,2000,Women,[60-64],Divorced,7.26
CAF,Central African Republic,Africa,2000,Women,[60-64],Married,37.65
CAF,Central African Republic,Africa,2000,Women,[60-64],Separated,3.65
TCD,Chad,Africa,2015,Men,[15-19],Divorced,0.0
TCD,Chad,Africa,2015,Men,[15-19],Living together,0.9
TCD,Chad,Africa,2015,Men,[15-19],Married,2.3
TCD,Chad,Africa,2009,Men,[15-19],Separated,0.11
TCD,Chad,Africa,2015,Men,[20-24],Divorced,1.1
TCD,Chad,Africa,2015,Men,[20-24],Living together,5.3
TCD,Chad,Africa,2015,Men,[20-24],Married,23.6
TCD,Chad,Africa,2009,Men,[20-24],Separated,0.34
TCD,Chad,Africa,2015,Men,[25-29],Divorced,0.3
TCD,Chad,Africa,2015,Men,[25-29],Living together,6.0
TCD,Chad,Africa,2015,Men,[25-29],Married,67.2
TCD,Chad,Africa,2009,Men,[25-29],Separated,0.49
TCD,Chad,Africa,2015,Men,[30-34],Divorced,1.9
TCD,Chad,Africa,2015,Men,[30-34],Living together,5.6
TCD,Chad,Africa,2015,Men,[30-34],Married,84.3
TCD,Chad,Africa,2009,Men,[30-34],Separated,0.58
TCD,Chad,Africa,2015,Men,[35-39],Divorced,0.8
TCD,Chad,Africa,2015,Men,[35-39],Living together,4.0
TCD,Chad,Africa,2015,Men,[35-39],Married,90.9
TCD,Chad,Africa,2009,Men,[35-39],Separated,0.53
TCD,Chad,Africa,2015,Men,[40-44],Divorced,1.1
TCD,Chad,Africa,2015,Men,[40-44],Living together,4.0
TCD,Chad,Africa,2015,Men,[40-44],Married,90.8
TCD,Chad,Africa,2009,Men,[40-44],Separated,0.56
TCD,Chad,Africa,2015,Men,[45-49],Divorced,1.9
TCD,Chad,Africa,2015,Men,[45-49],Living together,2.6
TCD,Chad,Africa,2015,Men,[45-49],Married,91.9
TCD,Chad,Africa,2009,Men,[45-49],Separated,0.57
TCD,Chad,Africa,2014,Men,[50-54],Divorced,2.5
TCD,Chad,Africa,2014,Men,[50-54],Living together,0.13
TCD,Chad,Africa,2014,Men,[50-54],Married,94.79
TCD,Chad,Africa,2009,Men,[50-54],Separated,0.55
TCD,Chad,Africa,2014,Men,[55-59],Divorced,3.31
TCD,Chad,Africa,2014,Men,[55-59],Living together,0.2
TCD,Chad,Africa,2014,Men,[55-59],Married,92.9
TCD,Chad,Africa,2009,Men,[55-59],Separated,0.65
TCD,Chad,Africa,2014,Men,[60-64],Divorced,1.25
TCD,Chad,Africa,2014,Men,[60-64],Living together,0.14
TCD,Chad,Africa,2014,Men,[60-64],Married,95.55
TCD,Chad,Africa,2009,Men,[60-64],Separated,0.64
TCD,Chad,Africa,2015,Women,[15-19],Divorced,0.7
TCD,Chad,Africa,2015,Women,[15-19],Living together,4.8
TCD,Chad,Africa,2015,Women,[15-19],Married,33.5
TCD,Chad,Africa,2010,Women,[15-19],Separated,1.91
TCD,Chad,Africa,2015,Women,[20-24],Divorced,3.1
TCD,Chad,Africa,2015,Women,[20-24],Living together,8.6
TCD,Chad,Africa,2015,Women,[20-24],Married,69.5
TCD,Chad,Africa,2010,Women,[20-24],Separated,3.4
TCD,Chad,Africa,2015,Women,[25-29],Divorced,1.9
TCD,Chad,Africa,2015,Women,[25-29],Living together,7.7
TCD,Chad,Africa,2015,Women,[25-29],Married,83.1
TCD,Chad,Africa,2010,Women,[25-29],Separated,2.78
TCD,Chad,Africa,2015,Women,[30-34],Divorced,3.1
TCD,Chad,Africa,2015,Women,[30-34],Living together,7.5
TCD,Chad,Africa,2015,Women,[30-34],Married,81.6
TCD,Chad,Africa,2010,Women,[30-34],Separated,3.06
TCD,Chad,Africa,2015,Women,[35-39],Divorced,3.2
TCD,Chad,Africa,2015,Women,[35-39],Living together,6.5
TCD,Chad,Africa,2015,Women,[35-39],Married,81.9
TCD,Chad,Africa,2010,Women,[35-39],Separated,3.58
TCD,Chad,Africa,2015,Women,[40-44],Divorced,3.3
TCD,Chad,Africa,2015,Women,[40-44],Living together,7.4
TCD,Chad,Africa,2015,Women,[40-44],Married,77.6
TCD,Chad,Africa,2010,Women,[40-44],Separated,2.49
TCD,Chad,Africa,2015,Women,[45-49],Divorced,4.3
TCD,Chad,Africa,2015,Women,[45-49],Living together,4.6
TCD,Chad,Africa,2015,Women,[45-49],Married,72.1
TCD,Chad,Africa,2010,Women,[45-49],Separated,3.9
TCD,Chad,Africa,2014,Women,[50-54],Divorced,7.51
TCD,Chad,Africa,2014,Women,[50-54],Living together,0.18
TCD,Chad,Africa,2014,Women,[50-54],Married,64.78
TCD,Chad,Africa,2009,Women,[50-54],Separated,2.27
TCD,Chad,Africa,2014,Women,[55-59],Divorced,6.52
TCD,Chad,Africa,2014,Women,[55-59],Living together,0.0
TCD,Chad,Africa,2014,Women,[55-59],Married,53.37
TCD,Chad,Africa,2009,Women,[55-59],Separated,2.42
TCD,Chad,Africa,2014,Women,[60-64],Divorced,4.2
TCD,Chad,Africa,2014,Women,[60-64],Living together,0.0
TCD,Chad,Africa,2014,Women,[60-64],Married,41.12
TCD,Chad,Africa,2009,Women,[60-64],Separated,2.31
COM,Comoros,Africa,2012,Men,[15-19],Divorced,0.3
COM,Comoros,Africa,1966,Men,[15-19],Divorced or Separated,0.31
COM,Comoros,Africa,2012,Men,[15-19],Living together,7.1
COM,Comoros,Africa,2012,Men,[15-19],Married,1.6
COM,Comoros,Africa,2000,Men,[15-19],Separated,0.37
COM,Comoros,Africa,2012,Men,[20-24],Divorced,0.5
COM,Comoros,Africa,1966,Men,[20-24],Divorced or Separated,1.1
COM,Comoros,Africa,2012,Men,[20-24],Living together,11.2
COM,Comoros,Africa,2012,Men,[20-24],Married,15.7
COM,Comoros,Africa,2000,Men,[20-24],Separated,0.92
COM,Comoros,Africa,2012,Men,[25-29],Divorced,1.3
COM,Comoros,Africa,1966,Men,[25-29],Divorced or Separated,3.09
COM,Comoros,Africa,2012,Men,[25-29],Living together,14.3
COM,Comoros,Africa,2012,Men,[25-29],Married,44.4
COM,Comoros,Africa,2000,Men,[25-29],Separated,1.58
COM,Comoros,Africa,2012,Men,[30-34],Divorced,3.2
COM,Comoros,Africa,1966,Men,[30-34],Divorced or Separated,2.37
COM,Comoros,Africa,2012,Men,[30-34],Living together,4.5
COM,Comoros,Africa,2012,Men,[30-34],Married,72.3
COM,Comoros,Africa,2000,Men,[30-34],Separated,2.13
COM,Comoros,Africa,2012,Men,[35-39],Divorced,3.3
COM,Comoros,Africa,1966,Men,[35-39],Divorced or Separated,1.78
COM,Comoros,Africa,2012,Men,[35-39],Living together,3.8
COM,Comoros,Africa,2012,Men,[35-39],Married,85.1
COM,Comoros,Africa,2000,Men,[35-39],Separated,1.41
COM,Comoros,Africa,2012,Men,[40-44],Divorced,5.2
COM,Comoros,Africa,1966,Men,[40-44],Divorced or Separated,3.11
COM,Comoros,Africa,2012,Men,[40-44],Living together,0.9
COM,Comoros,Africa,2012,Men,[40-44],Married,90.0
COM,Comoros,Africa,2000,Men,[40-44],Separated,1.5
COM,Comoros,Africa,2012,Men,[45-49],Divorced,2.4
COM,Comoros,Africa,1966,Men,[45-49],Divorced or Separated,3.16
COM,Comoros,Africa,2012,Men,[45-49],Living together,1.5
COM,Comoros,Africa,2012,Men,[45-49],Married,92.7
COM,Comoros,Africa,2000,Men,[45-49],Separated,1.21
COM,Comoros,Africa,2012,Men,[50-54],Divorced,4.0
COM,Comoros,Africa,1966,Men,[50-54],Divorced or Separated,2.01
COM,Comoros,Africa,2012,Men,[50-54],Living together,0.6
COM,Comoros,Africa,2012,Men,[50-54],Married,91.8
COM,Comoros,Africa,2000,Men,[50-54],Separated,1.12
COM,Comoros,Africa,2012,Men,[55-59],Divorced,3.8
COM,Comoros,Africa,1966,Men,[55-59],Divorced or Separated,2.1
COM,Comoros,Africa,2012,Men,[55-59],Living together,0.0
COM,Comoros,Africa,2012,Men,[55-59],Married,92.6
COM,Comoros,Africa,2000,Men,[55-59],Separated,3.68
COM,Comoros,Africa,2012,Men,[60-64],Divorced,7.9
COM,Comoros,Africa,1966,Men,[60-64],Divorced or Separated,4.01
COM,Comoros,Africa,1996,Men,[60-64],Living together,0.0
COM,Comoros,Africa,2012,Men,[60-64],Married,88.8
COM,Comoros,Africa,2000,Men,[60-64],Separated,0.8
COM,Comoros,Africa,1966,Men,[65+],Divorced or Separated,4.97
COM,Comoros,Africa,1966,Men,[65+],Married,89.17
COM,Comoros,Africa,2012,Women,[15-19],Divorced,1.4
COM,Comoros,Africa,1966,Women,[15-19],Divorced or Separated,1.7
COM,Comoros,Africa,2012,Women,[15-19],Living together,5.0
COM,Comoros,Africa,2012,Women,[15-19],Married,13.1
COM,Comoros,Africa,2000,Women,[15-19],Married or Living together,2.33
COM,Comoros,Africa,2000,Women,[15-19],Separated,1.46
COM,Comoros,Africa,2012,Women,[20-24],Divorced,3.3
COM,Comoros,Africa,1966,Women,[20-24],Divorced or Separated,4.98
COM,Comoros,Africa,2012,Women,[20-24],Living together,9.7
COM,Comoros,Africa,2012,Women,[20-24],Married,43.2
COM,Comoros,Africa,2000,Women,[20-24],Married or Living together,4.72
COM,Comoros,Africa,2000,Women,[20-24],Separated,3.3
COM,Comoros,Africa,2012,Women,[25-29],Divorced,6.4
COM,Comoros,Africa,1966,Women,[25-29],Divorced or Separated,6.64
COM,Comoros,Africa,2012,Women,[25-29],Living together,8.8
COM,Comoros,Africa,2012,Women,[25-29],Married,65.0
COM,Comoros,Africa,2000,Women,[25-29],Married or Living together,4.95
COM,Comoros,Africa,2000,Women,[25-29],Separated,4.26
COM,Comoros,Africa,2012,Women,[30-34],Divorced,6.2
COM,Comoros,Africa,1966,Women,[30-34],Divorced or Separated,7.42
COM,Comoros,Africa,2012,Women,[30-34],Living together,4.3
COM,Comoros,Africa,2012,Women,[30-34],Married,81.2
COM,Comoros,Africa,2000,Women,[30-34],Married or Living together,4.64
COM,Comoros,Africa,2000,Women,[30-34],Separated,3.82
COM,Comoros,Africa,2012,Women,[35-39],Divorced,6.3
COM,Comoros,Africa,1966,Women,[35-39],Divorced or Separated,8.57
COM,Comoros,Africa,2012,Women,[35-39],Living together,2.7
COM,Comoros,Africa,2012,Women,[35-39],Married,87.2
COM,Comoros,Africa,2000,Women,[35-39],Married or Living together,4.99
COM,Comoros,Africa,2000,Women,[35-39],Separated,2.43
COM,Comoros,Africa,2012,Women,[40-44],Divorced,7.1
COM,Comoros,Africa,1966,Women,[40-44],Divorced or Separated,11.42
COM,Comoros,Africa,2012,Women,[40-44],Living together,1.0
COM,Comoros,Africa,2012,Women,[40-44],Married,88.6
COM,Comoros,Africa,2000,Women,[40-44],Married or Living together,5.37
COM,Comoros,Africa,2000,Women,[40-44],Separated,2.75
COM,Comoros,Africa,2012,Women,[45-49],Divorced,15.2
COM,Comoros,Africa,1966,Women,[45-49],Divorced or Separated,17.39
COM,Comoros,Africa,2012,Women,[45-49],Living together,0.9
COM,Comoros,Africa,2012,Women,[45-49],Married,82.6
COM,Comoros,Africa,2000,Women,[45-49],Married or Living together,4.0
COM,Comoros,Africa,2000,Women,[45-49],Separated,4.01
COM,Comoros,Africa,2012,Women,[50-54],Divorced,12.2
COM,Comoros,Africa,1966,Women,[50-54],Divorced or Separated,19.36
COM,Comoros,Africa,2012,Women,[50-54],Married,73.9
COM,Comoros,Africa,2000,Women,[50-54],Separated,8.2
COM,Comoros,Africa,2012,Women,[55-59],Divorced,11.2
COM,Comoros,Africa,1966,Women,[55-59],Divorced or Separated,19.33
COM,Comoros,Africa,2012,Women,[55-59],Married,71.9
COM,Comoros,Africa,2000,Women,[55-59],Separated,6.33
COM,Comoros,Africa,2012,Women,[60-64],Divorced,11.6
COM,Comoros,Africa,1966,Women,[60-64],Divorced or Separated,20.74
COM,Comoros,Africa,2012,Women,[60-64],Married,54.8
COM,Comoros,Africa,2000,Women,[60-64],Separated,11.07
COM,Comoros,Africa,1966,Women,[65+],Divorced or Separated,22.17
COM,Comoros,Africa,1966,Women,[65+],Married,17.95
COG,Congo,Africa,2015,Men,[15-19],Divorced,0.0
COG,Congo,Africa,2015,Men,[15-19],Living together,1.16
COG,Congo,Africa,2015,Men,[15-19],Married,0.31
COG,Congo,Africa,2015,Men,[15-19],Separated,0.17
COG,Congo,Africa,2015,Men,[20-24],Divorced,0.0
COG,Congo,Africa,2015,Men,[20-24],Living together,11.85
COG,Congo,Africa,2015,Men,[20-24],Married,3.7
COG,Congo,Africa,2015,Men,[20-24],Separated,2.56
COG,Congo,Africa,2015,Men,[25-29],Divorced,0.57
COG,Congo,Africa,2015,Men,[25-29],Living together,30.17
COG,Congo,Africa,2015,Men,[25-29],Married,15.8
COG,Congo,Africa,2015,Men,[25-29],Separated,8.77
COG,Congo,Africa,2015,Men,[30-34],Divorced,0.54
COG,Congo,Africa,2015,Men,[30-34],Living together,37.93
COG,Congo,Africa,2015,Men,[30-34],Married,28.68
COG,Congo,Africa,2015,Men,[30-34],Separated,7.64
COG,Congo,Africa,2015,Men,[35-39],Divorced,1.1
COG,Congo,Africa,2015,Men,[35-39],Living together,39.92
COG,Congo,Africa,2015,Men,[35-39],Married,37.38
COG,Congo,Africa,2015,Men,[35-39],Separated,7.97
COG,Congo,Africa,2015,Men,[40-44],Divorced,3.23
COG,Congo,Africa,2015,Men,[40-44],Living together,37.54
COG,Congo,Africa,2015,Men,[40-44],Married,42.85
COG,Congo,Africa,2015,Men,[40-44],Separated,8.15
COG,Congo,Africa,2015,Men,[45-49],Divorced,2.1
COG,Congo,Africa,2015,Men,[45-49],Living together,38.29
COG,Congo,Africa,2015,Men,[45-49],Married,47.3
COG,Congo,Africa,2015,Men,[45-49],Separated,7.41
COG,Congo,Africa,2012,Men,[50-54],Divorced,9.7
COG,Congo,Africa,2012,Men,[50-54],Living together,48.5
COG,Congo,Africa,2012,Men,[50-54],Married,37.1
COG,Congo,Africa,2012,Men,[55-59],Divorced,9.0
COG,Congo,Africa,2012,Men,[55-59],Living together,37.4
COG,Congo,Africa,2012,Men,[55-59],Married,47.7
COG,Congo,Africa,2012,Men,[60-64],Divorced,7.7
COG,Congo,Africa,2012,Men,[60-64],Living together,24.6
COG,Congo,Africa,2012,Men,[60-64],Married,60.3
COG,Congo,Africa,2015,Women,[15-19],Divorced,0.11
COG,Congo,Africa,2012,Women,[15-19],Living together,17.5
COG,Congo,Africa,2012,Women,[15-19],Married,0.8
COG,Congo,Africa,2015,Women,[15-19],Married or Living together,16.11
COG,Congo,Africa,2015,Women,[15-19],Separated,2.29
COG,Congo,Africa,2015,Women,[20-24],Divorced,0.49
COG,Congo,Africa,2012,Women,[20-24],Living together,49.0
COG,Congo,Africa,2012,Women,[20-24],Married,4.1
COG,Congo,Africa,2015,Women,[20-24],Married or Living together,46.54
COG,Congo,Africa,2015,Women,[20-24],Separated,10.64
COG,Congo,Africa,2015,Women,[25-29],Divorced,0.65
COG,Congo,Africa,2012,Women,[25-29],Living together,59.1
COG,Congo,Africa,2012,Women,[25-29],Married,10.3
COG,Congo,Africa,2015,Women,[25-29],Married or Living together,65.3
COG,Congo,Africa,2015,Women,[25-29],Separated,13.75
COG,Congo,Africa,2015,Women,[30-34],Divorced,2.25
COG,Congo,Africa,2012,Women,[30-34],Living together,60.2
COG,Congo,Africa,2012,Women,[30-34],Married,13.7
COG,Congo,Africa,2015,Women,[30-34],Married or Living together,73.82
COG,Congo,Africa,2015,Women,[30-34],Separated,13.79
COG,Congo,Africa,2015,Women,[35-39],Divorced,2.46
COG,Congo,Africa,2012,Women,[35-39],Living together,58.3
COG,Congo,Africa,2012,Women,[35-39],Married,18.6
COG,Congo,Africa,2015,Women,[35-39],Married or Living together,76.07
COG,Congo,Africa,2015,Women,[35-39],Separated,13.79
COG,Congo,Africa,2015,Women,[40-44],Divorced,4.01
COG,Congo,Africa,2012,Women,[40-44],Living together,41.8
COG,Congo,Africa,2012,Women,[40-44],Married,26.6
COG,Congo,Africa,2015,Women,[40-44],Married or Living together,69.79
COG,Congo,Africa,2015,Women,[40-44],Separated,12.82
COG,Congo,Africa,2015,Women,[45-49],Divorced,7.6
COG,Congo,Africa,2012,Women,[45-49],Living together,38.1
COG,Congo,Africa,2012,Women,[45-49],Married,29.7
COG,Congo,Africa,2015,Women,[45-49],Married or Living together,63.29
COG,Congo,Africa,2015,Women,[45-49],Separated,12.68
COG,Congo,Africa,2012,Women,[50-54],Divorced,23.4
COG,Congo,Africa,2012,Women,[50-54],Living together,21.8
COG,Congo,Africa,2012,Women,[50-54],Married,31.9
COG,Congo,Africa,2012,Women,[55-59],Divorced,17.5
COG,Congo,Africa,2012,Women,[55-59],Living together,13.8
COG,Congo,Africa,2012,Women,[55-59],Married,35.1
COG,Congo,Africa,2012,Women,[60-64],Divorced,12.2
COG,Congo,Africa,2012,Women,[60-64],Living together,7.1
COG,Congo,Africa,2012,Women,[60-64],Married,35.5
CIV,Côte d'Ivoire,Africa,2016,Men,[15-19],Divorced,0.0
CIV,Côte d'Ivoire,Africa,1988,Men,[15-19],Divorced or Separated,0.06
CIV,Côte d'Ivoire,Africa,2016,Men,[15-19],Living together,0.34
CIV,Côte d'Ivoire,Africa,2016,Men,[15-19],Married,0.75
CIV,Côte d'Ivoire,Africa,2000,Men,[15-19],Married or Living together,2.23
CIV,Côte d'Ivoire,Africa,2016,Men,[15-19],Separated,0.26
CIV,Côte d'Ivoire,Africa,2016,Men,[20-24],Divorced,0.09
CIV,Côte d'Ivoire,Africa,1988,Men,[20-24],Divorced or Separated,0.28
CIV,Côte d'Ivoire,Africa,2016,Men,[20-24],Living together,5.92
CIV,Côte d'Ivoire,Africa,2016,Men,[20-24],Married,6.81
CIV,Côte d'Ivoire,Africa,2000,Men,[20-24],Married or Living together,12.66
CIV,Côte d'Ivoire,Africa,2016,Men,[20-24],Separated,2.59
CIV,Côte d'Ivoire,Africa,2016,Men,[25-29],Divorced,0.47
CIV,Côte d'Ivoire,Africa,1988,Men,[25-29],Divorced or Separated,0.74
CIV,Côte d'Ivoire,Africa,2016,Men,[25-29],Living together,20.66
CIV,Côte d'Ivoire,Africa,2016,Men,[25-29],Married,18.14
CIV,Côte d'Ivoire,Africa,2000,Men,[25-29],Married or Living together,35.4
CIV,Côte d'Ivoire,Africa,2016,Men,[25-29],Separated,4.22
CIV,Côte d'Ivoire,Africa,2016,Men,[30-34],Divorced,0.36
CIV,Côte d'Ivoire,Africa,1988,Men,[30-34],Divorced or Separated,1.45
CIV,Côte d'Ivoire,Africa,2016,Men,[30-34],Living together,30.62
CIV,Côte d'Ivoire,Africa,2016,Men,[30-34],Married,35.5
CIV,Côte d'Ivoire,Africa,2000,Men,[30-34],Married or Living together,69.05
CIV,Côte d'Ivoire,Africa,2016,Men,[30-34],Separated,6.43
CIV,Côte d'Ivoire,Africa,2016,Men,[35-39],Divorced,0.74
CIV,Côte d'Ivoire,Africa,1988,Men,[35-39],Divorced or Separated,1.98
CIV,Côte d'Ivoire,Africa,2016,Men,[35-39],Living together,37.23
CIV,Côte d'Ivoire,Africa,2016,Men,[35-39],Married,40.05
CIV,Côte d'Ivoire,Africa,2000,Men,[35-39],Married or Living together,83.67
CIV,Côte d'Ivoire,Africa,2016,Men,[35-39],Separated,6.47
CIV,Côte d'Ivoire,Africa,2016,Men,[40-44],Divorced,1.4
CIV,Côte d'Ivoire,Africa,1988,Men,[40-44],Divorced or Separated,2.6
CIV,Côte d'Ivoire,Africa,2016,Men,[40-44],Living together,28.95
CIV,Côte d'Ivoire,Africa,2016,Men,[40-44],Married,53.01
CIV,Côte d'Ivoire,Africa,2000,Men,[40-44],Married or Living together,89.9
CIV,Côte d'Ivoire,Africa,2016,Men,[40-44],Separated,6.07
CIV,Côte d'Ivoire,Africa,2016,Men,[45-49],Divorced,0.39
CIV,Côte d'Ivoire,Africa,1988,Men,[45-49],Divorced or Separated,3.02
CIV,Côte d'Ivoire,Africa,2016,Men,[45-49],Living together,29.02
CIV,Côte d'Ivoire,Africa,2016,Men,[45-49],Married,62.72
CIV,Côte d'Ivoire,Africa,2000,Men,[45-49],Married or Living together,91.76
CIV,Côte d'Ivoire,Africa,2016,Men,[45-49],Separated,3.79
CIV,Côte d'Ivoire,Africa,2014,Men,[50-54],Divorced,1.07
CIV,Côte d'Ivoire,Africa,1988,Men,[50-54],Divorced or Separated,3.51
CIV,Côte d'Ivoire,Africa,2012,Men,[50-54],Living together,30.9
CIV,Côte d'Ivoire,Africa,2014,Men,[50-54],Married,75.49
CIV,Côte d'Ivoire,Africa,2000,Men,[50-54],Married or Living together,92.61
CIV,Côte d'Ivoire,Africa,2000,Men,[50-54],Separated,1.29
CIV,Côte d'Ivoire,Africa,2014,Men,[55-59],Divorced,1.2
CIV,Côte d'Ivoire,Africa,1988,Men,[55-59],Divorced or Separated,3.89
CIV,Côte d'Ivoire,Africa,2012,Men,[55-59],Living together,24.4
CIV,Côte d'Ivoire,Africa,2014,Men,[55-59],Married,77.9
CIV,Côte d'Ivoire,Africa,2000,Men,[55-59],Married or Living together,93.33
CIV,Côte d'Ivoire,Africa,2000,Men,[55-59],Separated,0.54
CIV,Côte d'Ivoire,Africa,2014,Men,[60-64],Divorced,1.41
CIV,Côte d'Ivoire,Africa,1988,Men,[60-64],Divorced or Separated,4.3
CIV,Côte d'Ivoire,Africa,2014,Men,[60-64],Married,78.44
CIV,Côte d'Ivoire,Africa,2000,Men,[60-64],Married or Living together,90.4
CIV,Côte d'Ivoire,Africa,2000,Men,[60-64],Separated,0.24
CIV,Côte d'Ivoire,Africa,2016,Women,[15-19],Divorced,0.03
CIV,Côte d'Ivoire,Africa,1988,Women,[15-19],Divorced or Separated,0.47
CIV,Côte d'Ivoire,Africa,2016,Women,[15-19],Living together,8.29
CIV,Côte d'Ivoire,Africa,2016,Women,[15-19],Married,9.35
CIV,Côte d'Ivoire,Africa,2000,Women,[15-19],Married or Living together,20.05
CIV,Côte d'Ivoire,Africa,2016,Women,[15-19],Separated,0.69
CIV,Côte d'Ivoire,Africa,2016,Women,[20-24],Divorced,0.08
CIV,Côte d'Ivoire,Africa,1988,Women,[20-24],Divorced or Separated,1.29
CIV,Côte d'Ivoire,Africa,2016,Women,[20-24],Living together,25.45
CIV,Côte d'Ivoire,Africa,2016,Women,[20-24],Married,24.42
CIV,Côte d'Ivoire,Africa,2000,Women,[20-24],Married or Living together,51.8
CIV,Côte d'Ivoire,Africa,2016,Women,[20-24],Separated,3.56
CIV,Côte d'Ivoire,Africa,2016,Women,[25-29],Divorced,0.16
CIV,Côte d'Ivoire,Africa,1988,Women,[25-29],Divorced or Separated,2.13
CIV,Côte d'Ivoire,Africa,2016,Women,[25-29],Living together,37.1
CIV,Côte d'Ivoire,Africa,2016,Women,[25-29],Married,34.81
CIV,Côte d'Ivoire,Africa,2000,Women,[25-29],Married or Living together,68.74
CIV,Côte d'Ivoire,Africa,2016,Women,[25-29],Separated,4.95
CIV,Côte d'Ivoire,Africa,2016,Women,[30-34],Divorced,0.37
CIV,Côte d'Ivoire,Africa,1988,Women,[30-34],Divorced or Separated,3.32
CIV,Côte d'Ivoire,Africa,2016,Women,[30-34],Living together,39.56
CIV,Côte d'Ivoire,Africa,2016,Women,[30-34],Married,39.44
CIV,Côte d'Ivoire,Africa,2000,Women,[30-34],Married or Living together,81.36
CIV,Côte d'Ivoire,Africa,2016,Women,[30-34],Separated,6.24
CIV,Côte d'Ivoire,Africa,2016,Women,[35-39],Divorced,0.61
CIV,Côte d'Ivoire,Africa,1988,Women,[35-39],Divorced or Separated,4.17
CIV,Côte d'Ivoire,Africa,2016,Women,[35-39],Living together,35.49
CIV,Côte d'Ivoire,Africa,2016,Women,[35-39],Married,45.2
CIV,Côte d'Ivoire,Africa,2000,Women,[35-39],Married or Living together,83.38
CIV,Côte d'Ivoire,Africa,2016,Women,[35-39],Separated,7.09
CIV,Côte d'Ivoire,Africa,2016,Women,[40-44],Divorced,0.75
CIV,Côte d'Ivoire,Africa,1988,Women,[40-44],Divorced or Separated,5.33
CIV,Côte d'Ivoire,Africa,2016,Women,[40-44],Living together,29.6
CIV,Côte d'Ivoire,Africa,2016,Women,[40-44],Married,51.39
CIV,Côte d'Ivoire,Africa,2000,Women,[40-44],Married or Living together,82.47
CIV,Côte d'Ivoire,Africa,2016,Women,[40-44],Separated,6.56
CIV,Côte d'Ivoire,Africa,2016,Women,[45-49],Divorced,2.53
CIV,Côte d'Ivoire,Africa,1988,Women,[45-49],Divorced or Separated,6.22
CIV,Côte d'Ivoire,Africa,2016,Women,[45-49],Living together,27.7
CIV,Côte d'Ivoire,Africa,2016,Women,[45-49],Married,48.64
CIV,Côte d'Ivoire,Africa,2000,Women,[45-49],Married or Living together,78.26
CIV,Côte d'Ivoire,Africa,2016,Women,[45-49],Separated,8.24
CIV,Côte d'Ivoire,Africa,2014,Women,[50-54],Divorced,2.87
CIV,Côte d'Ivoire,Africa,1988,Women,[50-54],Divorced or Separated,7.02
CIV,Côte d'Ivoire,Africa,2014,Women,[50-54],Married,57.72
CIV,Côte d'Ivoire,Africa,2000,Women,[50-54],Married or Living together,65.99
CIV,Côte d'Ivoire,Africa,2000,Women,[50-54],Separated,1.13
CIV,Côte d'Ivoire,Africa,2014,Women,[55-59],Divorced,3.17
CIV,Côte d'Ivoire,Africa,1988,Women,[55-59],Divorced or Separated,7.08
CIV,Côte d'Ivoire,Africa,2014,Women,[55-59],Married,50.9
CIV,Côte d'Ivoire,Africa,2000,Women,[55-59],Married or Living together,60.4
CIV,Côte d'Ivoire,Africa,2000,Women,[55-59],Separated,1.65
CIV,Côte d'Ivoire,Africa,2014,Women,[60-64],Divorced,3.19
CIV,Côte d'Ivoire,Africa,1988,Women,[60-64],Divorced or Separated,6.76
CIV,Côte d'Ivoire,Africa,2014,Women,[60-64],Married,43.56
CIV,Côte d'Ivoire,Africa,2000,Women,[60-64],Married or Living together,48.37
CIV,Côte d'Ivoire,Africa,2000,Women,[60-64],Separated,1.14
COD,Democratic Republic of the Congo,Africa,2014,Men,[15-19],Divorced,0.0
COD,Democratic Republic of the Congo,Africa,2014,Men,[15-19],Living together,0.7
COD,Democratic Republic of the Congo,Africa,2014,Men,[15-19],Married,0.6
COD,Democratic Republic of the Congo,Africa,2001,Men,[15-19],Separated,0.14
COD,Democratic Republic of the Congo,Africa,2014,Men,[20-24],Divorced,0.7
COD,Democratic Republic of the Congo,Africa,2014,Men,[20-24],Living together,9.8
COD,Democratic Republic of the Congo,Africa,2014,Men,[20-24],Married,15.1
COD,Democratic Republic of the Congo,Africa,2001,Men,[20-24],Separated,1.28
COD,Democratic Republic of the Congo,Africa,2014,Men,[25-29],Divorced,3.3
COD,Democratic Republic of the Congo,Africa,2014,Men,[25-29],Living together,16.7
COD,Democratic Republic of the Congo,Africa,2014,Men,[25-29],Married,51.2
COD,Democratic Republic of the Congo,Africa,2001,Men,[25-29],Separated,2.8
COD,Democratic Republic of the Congo,Africa,2014,Men,[30-34],Divorced,1.6
COD,Democratic Republic of the Congo,Africa,2014,Men,[30-34],Living together,16.1
COD,Democratic Republic of the Congo,Africa,2014,Men,[30-34],Married,66.5
COD,Democratic Republic of the Congo,Africa,2001,Men,[30-34],Separated,1.74
COD,Democratic Republic of the Congo,Africa,2014,Men,[35-39],Divorced,0.6
COD,Democratic Republic of the Congo,Africa,2014,Men,[35-39],Living together,19.3
COD,Democratic Republic of the Congo,Africa,2014,Men,[35-39],Married,72.7
COD,Democratic Republic of the Congo,Africa,2001,Men,[35-39],Separated,1.26
COD,Democratic Republic of the Congo,Africa,2014,Men,[40-44],Divorced,1.5
COD,Democratic Republic of the Congo,Africa,2014,Men,[40-44],Living together,16.0
COD,Democratic Republic of the Congo,Africa,2014,Men,[40-44],Married,76.5
COD,Democratic Republic of the Congo,Africa,2001,Men,[40-44],Separated,2.29
COD,Democratic Republic of the Congo,Africa,2014,Men,[45-49],Divorced,1.2
COD,Democratic Republic of the Congo,Africa,2014,Men,[45-49],Living together,13.2
COD,Democratic Republic of the Congo,Africa,2014,Men,[45-49],Married,79.8
COD,Democratic Republic of the Congo,Africa,2001,Men,[45-49],Separated,1.82
COD,Democratic Republic of the Congo,Africa,2014,Men,[50-54],Divorced,3.5
COD,Democratic Republic of the Congo,Africa,2014,Men,[50-54],Living together,10.7
COD,Democratic Republic of the Congo,Africa,2014,Men,[50-54],Married,80.0
COD,Democratic Republic of the Congo,Africa,2001,Men,[50-54],Separated,2.32
COD,Democratic Republic of the Congo,Africa,2014,Men,[55-59],Divorced,2.4
COD,Democratic Republic of the Congo,Africa,2014,Men,[55-59],Living together,9.8
COD,Democratic Republic of the Congo,Africa,2014,Men,[55-59],Married,79.5
COD,Democratic Republic of the Congo,Africa,2001,Men,[55-59],Separated,2.6
COD,Democratic Republic of the Congo,Africa,2014,Men,[60-64],Divorced,3.9
COD,Democratic Republic of the Congo,Africa,2014,Men,[60-64],Married,84.2
COD,Democratic Republic of the Congo,Africa,2001,Men,[60-64],Separated,0.9
COD,Democratic Republic of the Congo,Africa,2014,Women,[15-19],Divorced,0.1
COD,Democratic Republic of the Congo,Africa,2014,Women,[15-19],Living together,8.2
COD,Democratic Republic of the Congo,Africa,2014,Women,[15-19],Married,13.1
COD,Democratic Republic of the Congo,Africa,2010,Women,[15-19],Separated,2.67
COD,Democratic Republic of the Congo,Africa,2014,Women,[20-24],Divorced,1.3
COD,Democratic Republic of the Congo,Africa,2014,Women,[20-24],Living together,20.5
COD,Democratic Republic of the Congo,Africa,2014,Women,[20-24],Married,39.8
COD,Democratic Republic of the Congo,Africa,2010,Women,[20-24],Separated,5.69
COD,Democratic Republic of the Congo,Africa,2014,Women,[25-29],Divorced,1.9
COD,Democratic Republic of the Congo,Africa,2014,Women,[25-29],Living together,22.2
COD,Democratic Republic of the Congo,Africa,2014,Women,[25-29],Married,57.5
COD,Democratic Republic of the Congo,Africa,2010,Women,[25-29],Separated,7.4
COD,Democratic Republic of the Congo,Africa,2014,Women,[30-34],Divorced,2.8
COD,Democratic Republic of the Congo,Africa,2014,Women,[30-34],Living together,21.9
COD,Democratic Republic of the Congo,Africa,2014,Women,[30-34],Married,62.3
COD,Democratic Republic of the Congo,Africa,2010,Women,[30-34],Separated,6.1
COD,Democratic Republic of the Congo,Africa,2014,Women,[35-39],Divorced,4.6
COD,Democratic Republic of the Congo,Africa,2014,Women,[35-39],Living together,20.1
COD,Democratic Republic of the Congo,Africa,2014,Women,[35-39],Married,63.2
COD,Democratic Republic of the Congo,Africa,2010,Women,[35-39],Separated,6.59
COD,Democratic Republic of the Congo,Africa,2014,Women,[40-44],Divorced,2.1
COD,Democratic Republic of the Congo,Africa,2014,Women,[40-44],Living together,19.3
COD,Democratic Republic of the Congo,Africa,2014,Women,[40-44],Married,62.5
COD,Democratic Republic of the Congo,Africa,2010,Women,[40-44],Separated,6.53
COD,Democratic Republic of the Congo,Africa,2014,Women,[45-49],Divorced,4.1
COD,Democratic Republic of the Congo,Africa,2014,Women,[45-49],Living together,13.0
COD,Democratic Republic of the Congo,Africa,2014,Women,[45-49],Married,62.3
COD,Democratic Republic of the Congo,Africa,2010,Women,[45-49],Separated,4.98
COD,Democratic Republic of the Congo,Africa,2014,Women,[50-54],Divorced,11.6
COD,Democratic Republic of the Congo,Africa,2014,Women,[50-54],Married,64.9
COD,Democratic Republic of the Congo,Africa,2001,Women,[50-54],Separated,2.71
COD,Democratic Republic of the Congo,Africa,2014,Women,[55-59],Divorced,12.4
COD,Democratic Republic of the Congo,Africa,2014,Women,[55-59],Married,54.0
COD,Democratic Republic of the Congo,Africa,2001,Women,[55-59],Separated,2.7
COD,Democratic Republic of the Congo,Africa,2014,Women,[60-64],Divorced,7.9
COD,Democratic Republic of the Congo,Africa,2014,Women,[60-64],Married,44.9
COD,Democratic Republic of the Congo,Africa,2001,Women,[60-64],Separated,3.32
DJI,Djibouti,Africa,2002,Men,[15-19],Divorced,0.0
DJI,Djibouti,Africa,2012,Men,[15-19],Married,0.8
DJI,Djibouti,Africa,2012,Men,[20-24],Divorced,0.1
DJI,Djibouti,Africa,2012,Men,[20-24],Married,3.5
DJI,Djibouti,Africa,2012,Men,[25-29],Divorced,0.4
DJI,Djibouti,Africa,2012,Men,[25-29],Married,16.6
DJI,Djibouti,Africa,2012,Men,[30-34],Divorced,1.6
DJI,Djibouti,Africa,2012,Men,[30-34],Married,44.0
DJI,Djibouti,Africa,2012,Men,[35-39],Divorced,2.8
DJI,Djibouti,Africa,2012,Men,[35-39],Married,67.7
DJI,Djibouti,Africa,2012,Men,[40-44],Divorced,3.2
DJI,Djibouti,Africa,2012,Men,[40-44],Married,84.8
DJI,Djibouti,Africa,2012,Men,[45-49],Divorced,2.0
DJI,Djibouti,Africa,2012,Men,[45-49],Married,89.5
DJI,Djibouti,Africa,2012,Men,[50-54],Divorced,0.4
DJI,Djibouti,Africa,2012,Men,[50-54],Married,88.7
DJI,Djibouti,Africa,2012,Men,[55-59],Divorced,1.7
DJI,Djibouti,Africa,2012,Men,[55-59],Married,88.3
DJI,Djibouti,Africa,2012,Men,[60-64],Divorced,0.6
DJI,Djibouti,Africa,2012,Men,[60-64],Married,87.9
DJI,Djibouti,Africa,2006,Women,[15-19],Divorced,0.03
DJI,Djibouti,Africa,2012,Women,[15-19],Married,2.6
DJI,Djibouti,Africa,2006,Women,[15-19],Separated,0.06
DJI,Djibouti,Africa,2012,Women,[20-24],Divorced,0.7
DJI,Djibouti,Africa,2012,Women,[20-24],Married,13.5
DJI,Djibouti,Africa,2006,Women,[20-24],Separated,0.2
DJI,Djibouti,Africa,2012,Women,[25-29],Divorced,1.1
DJI,Djibouti,Africa,2012,Women,[25-29],Married,33.1
DJI,Djibouti,Africa,2006,Women,[25-29],Separated,0.86
DJI,Djibouti,Africa,2012,Women,[30-34],Divorced,2.3
DJI,Djibouti,Africa,2012,Women,[30-34],Married,56.9
DJI,Djibouti,Africa,2006,Women,[30-34],Separated,1.18
DJI,Djibouti,Africa,2012,Women,[35-39],Divorced,3.4
DJI,Djibouti,Africa,2012,Women,[35-39],Married,74.8
DJI,Djibouti,Africa,2006,Women,[35-39],Separated,1.01
DJI,Djibouti,Africa,2012,Women,[40-44],Divorced,3.6
DJI,Djibouti,Africa,2012,Women,[40-44],Married,77.9
DJI,Djibouti,Africa,2006,Women,[40-44],Separated,0.31
DJI,Djibouti,Africa,2012,Women,[45-49],Divorced,2.8
DJI,Djibouti,Africa,2012,Women,[45-49],Married,75.7
DJI,Djibouti,Africa,2006,Women,[45-49],Separated,0.82
DJI,Djibouti,Africa,2012,Women,[50-54],Divorced,3.3
DJI,Djibouti,Africa,2012,Women,[50-54],Married,65.5
DJI,Djibouti,Africa,2012,Women,[55-59],Divorced,2.8
DJI,Djibouti,Africa,2012,Women,[55-59],Married,65.7
DJI,Djibouti,Africa,2012,Women,[60-64],Divorced,3.0
DJI,Djibouti,Africa,2012,Women,[60-64],Married,50.2
EGY,Egypt,Africa,2017,Men,[15-19],Divorced,0.1
EGY,Egypt,Africa,2017,Men,[15-19],Married,1.06
EGY,Egypt,Africa,2017,Men,[20-24],Divorced,0.49
EGY,Egypt,Africa,1996,Men,[20-24],Divorced or Separated,0.09
EGY,Egypt,Africa,2017,Men,[20-24],Married,10.19
EGY,Egypt,Africa,2017,Men,[25-29],Divorced,0.89
EGY,Egypt,Africa,1996,Men,[25-29],Divorced or Separated,0.29
EGY,Egypt,Africa,2017,Men,[25-29],Married,48.88
EGY,Egypt,Africa,2017,Men,[30-34],Divorced,1.01
EGY,Egypt,Africa,1996,Men,[30-34],Divorced or Separated,0.48
EGY,Egypt,Africa,2017,Men,[30-34],Married,78.05
EGY,Egypt,Africa,2017,Men,[35-39],Divorced,0.99
EGY,Egypt,Africa,1996,Men,[35-39],Divorced or Separated,0.53
EGY,Egypt,Africa,2017,Men,[35-39],Married,90.33
EGY,Egypt,Africa,2017,Men,[40-44],Divorced,1.2
EGY,Egypt,Africa,1996,Men,[40-44],Divorced or Separated,0.54
EGY,Egypt,Africa,2017,Men,[40-44],Married,92.67
EGY,Egypt,Africa,2017,Men,[45-49],Divorced,1.15
EGY,Egypt,Africa,1996,Men,[45-49],Divorced or Separated,0.49
EGY,Egypt,Africa,2017,Men,[45-49],Married,94.07
EGY,Egypt,Africa,2017,Men,[50-54],Divorced,1.01
EGY,Egypt,Africa,1996,Men,[50-54],Divorced or Separated,0.43
EGY,Egypt,Africa,2017,Men,[50-54],Married,92.98
EGY,Egypt,Africa,2017,Men,[55-59],Divorced,1.04
EGY,Egypt,Africa,1996,Men,[55-59],Divorced or Separated,0.39
EGY,Egypt,Africa,2017,Men,[55-59],Married,91.37
EGY,Egypt,Africa,2017,Men,[60-64],Divorced,0.76
EGY,Egypt,Africa,1996,Men,[60-64],Divorced or Separated,0.39
EGY,Egypt,Africa,2017,Men,[60-64],Married,88.57
EGY,Egypt,Africa,1986,Men,[65+],Divorced,0.5
EGY,Egypt,Africa,1996,Men,[65+],Divorced or Separated,0.39
EGY,Egypt,Africa,1996,Men,[65+],Married,83.67
EGY,Egypt,Africa,2017,Women,[15-19],Divorced,0.27
EGY,Egypt,Africa,1996,Women,[15-19],Divorced or Separated,0.19
EGY,Egypt,Africa,2017,Women,[15-19],Married,25.37
EGY,Egypt,Africa,2017,Women,[20-24],Divorced,0.7
EGY,Egypt,Africa,1996,Women,[20-24],Divorced or Separated,0.77
EGY,Egypt,Africa,2017,Women,[20-24],Married,49.74
EGY,Egypt,Africa,2017,Women,[25-29],Divorced,1.38
EGY,Egypt,Africa,1996,Women,[25-29],Divorced or Separated,1.24
EGY,Egypt,Africa,2017,Women,[25-29],Married,80.74
EGY,Egypt,Africa,2017,Women,[30-34],Divorced,2.1
EGY,Egypt,Africa,1996,Women,[30-34],Divorced or Separated,1.59
EGY,Egypt,Africa,2017,Women,[30-34],Married,88.15
EGY,Egypt,Africa,2017,Women,[35-39],Divorced,2.39
EGY,Egypt,Africa,1996,Women,[35-39],Divorced or Separated,1.68
EGY,Egypt,Africa,2017,Women,[35-39],Married,90.25
EGY,Egypt,Africa,2017,Women,[40-44],Divorced,2.56
EGY,Egypt,Africa,1996,Women,[40-44],Divorced or Separated,1.84
EGY,Egypt,Africa,2017,Women,[40-44],Married,87.64
EGY,Egypt,Africa,2017,Women,[45-49],Divorced,2.59
EGY,Egypt,Africa,1996,Women,[45-49],Divorced or Separated,1.74
EGY,Egypt,Africa,2017,Women,[45-49],Married,83.82
EGY,Egypt,Africa,2017,Women,[50-54],Divorced,2.06
EGY,Egypt,Africa,1996,Women,[50-54],Divorced or Separated,1.49
EGY,Egypt,Africa,2017,Women,[50-54],Married,75.71
EGY,Egypt,Africa,2017,Women,[55-59],Divorced,1.87
EGY,Egypt,Africa,1996,Women,[55-59],Divorced or Separated,1.29
EGY,Egypt,Africa,2017,Women,[55-59],Married,67.55
EGY,Egypt,Africa,2017,Women,[60-64],Divorced,1.38
EGY,Egypt,Africa,1996,Women,[60-64],Divorced or Separated,1.1
EGY,Egypt,Africa,2017,Women,[60-64],Married,54.94
EGY,Egypt,Africa,1986,Women,[65+],Divorced,0.94
EGY,Egypt,Africa,1996,Women,[65+],Divorced or Separated,0.79
EGY,Egypt,Africa,1996,Women,[65+],Married,23.04
GNQ,Equatorial Guinea,Africa,2000,Men,[15-19],Divorced,0.0
GNQ,Equatorial Guinea,Africa,2011,Men,[15-19],Married,0.3
GNQ,Equatorial Guinea,Africa,2000,Men,[15-19],Married or Living together,1.77
GNQ,Equatorial Guinea,Africa,2011,Men,[15-19],Separated,0.7
GNQ,Equatorial Guinea,Africa,2011,Men,[20-24],Divorced,0.4
GNQ,Equatorial Guinea,Africa,2011,Men,[20-24],Married,6.3
GNQ,Equatorial Guinea,Africa,2000,Men,[20-24],Married or Living together,14.96
GNQ,Equatorial Guinea,Africa,2011,Men,[20-24],Separated,2.7
GNQ,Equatorial Guinea,Africa,2011,Men,[25-29],Divorced,0.9
GNQ,Equatorial Guinea,Africa,2011,Men,[25-29],Married,31.5
GNQ,Equatorial Guinea,Africa,2000,Men,[25-29],Married or Living together,40.59
GNQ,Equatorial Guinea,Africa,2011,Men,[25-29],Separated,5.8
GNQ,Equatorial Guinea,Africa,2011,Men,[30-34],Divorced,3.9
GNQ,Equatorial Guinea,Africa,2011,Men,[30-34],Married,46.8
GNQ,Equatorial Guinea,Africa,2000,Men,[30-34],Married or Living together,62.45
GNQ,Equatorial Guinea,Africa,2011,Men,[30-34],Separated,11.5
GNQ,Equatorial Guinea,Africa,2011,Men,[35-39],Divorced,4.2
GNQ,Equatorial Guinea,Africa,2011,Men,[35-39],Married,70.2
GNQ,Equatorial Guinea,Africa,2000,Men,[35-39],Married or Living together,71.92
GNQ,Equatorial Guinea,Africa,2011,Men,[35-39],Separated,5.0
GNQ,Equatorial Guinea,Africa,2011,Men,[40-44],Divorced,2.9
GNQ,Equatorial Guinea,Africa,2011,Men,[40-44],Married,77.7
GNQ,Equatorial Guinea,Africa,2000,Men,[40-44],Married or Living together,77.42
GNQ,Equatorial Guinea,Africa,2011,Men,[40-44],Separated,3.1
GNQ,Equatorial Guinea,Africa,2011,Men,[45-49],Divorced,9.0
GNQ,Equatorial Guinea,Africa,2011,Men,[45-49],Married,66.6
GNQ,Equatorial Guinea,Africa,2000,Men,[45-49],Married or Living together,78.3
GNQ,Equatorial Guinea,Africa,2011,Men,[45-49],Separated,7.3
GNQ,Equatorial Guinea,Africa,2000,Men,[50-54],Divorced,4.4
GNQ,Equatorial Guinea,Africa,1983,Men,[50-54],Married,80.62
GNQ,Equatorial Guinea,Africa,2000,Men,[50-54],Married or Living together,78.66
GNQ,Equatorial Guinea,Africa,2000,Men,[50-54],Separated,2.3
GNQ,Equatorial Guinea,Africa,2000,Men,[55-59],Divorced,2.37
GNQ,Equatorial Guinea,Africa,1983,Men,[55-59],Married,80.81
GNQ,Equatorial Guinea,Africa,2000,Men,[55-59],Married or Living together,82.41
GNQ,Equatorial Guinea,Africa,2000,Men,[55-59],Separated,2.24
GNQ,Equatorial Guinea,Africa,2000,Men,[60-64],Divorced,5.06
GNQ,Equatorial Guinea,Africa,1983,Men,[60-64],Married,79.24
GNQ,Equatorial Guinea,Africa,2000,Men,[60-64],Married or Living together,75.34
GNQ,Equatorial Guinea,Africa,2000,Men,[60-64],Separated,2.03
GNQ,Equatorial Guinea,Africa,2000,Women,[15-19],Divorced,0.17
GNQ,Equatorial Guinea,Africa,2011,Women,[15-19],Married,6.8
GNQ,Equatorial Guinea,Africa,2000,Women,[15-19],Married or Living together,16.73
GNQ,Equatorial Guinea,Africa,2011,Women,[15-19],Separated,1.8
GNQ,Equatorial Guinea,Africa,2011,Women,[20-24],Divorced,0.9
GNQ,Equatorial Guinea,Africa,2011,Women,[20-24],Married,27.7
GNQ,Equatorial Guinea,Africa,2000,Women,[20-24],Married or Living together,45.86
GNQ,Equatorial Guinea,Africa,2011,Women,[20-24],Separated,4.4
GNQ,Equatorial Guinea,Africa,2011,Women,[25-29],Divorced,1.7
GNQ,Equatorial Guinea,Africa,2011,Women,[25-29],Married,49.9
GNQ,Equatorial Guinea,Africa,2000,Women,[25-29],Married or Living together,62.27
GNQ,Equatorial Guinea,Africa,2011,Women,[25-29],Separated,7.2
GNQ,Equatorial Guinea,Africa,2011,Women,[30-34],Divorced,5.7
GNQ,Equatorial Guinea,Africa,2011,Women,[30-34],Married,64.1
GNQ,Equatorial Guinea,Africa,2000,Women,[30-34],Married or Living together,71.46
GNQ,Equatorial Guinea,Africa,2011,Women,[30-34],Separated,4.2
GNQ,Equatorial Guinea,Africa,2011,Women,[35-39],Divorced,5.8
GNQ,Equatorial Guinea,Africa,2011,Women,[35-39],Married,62.8
GNQ,Equatorial Guinea,Africa,2000,Women,[35-39],Married or Living together,72.93
GNQ,Equatorial Guinea,Africa,2011,Women,[35-39],Separated,5.8
GNQ,Equatorial Guinea,Africa,2011,Women,[40-44],Divorced,4.9
GNQ,Equatorial Guinea,Africa,2011,Women,[40-44],Married,61.8
GNQ,Equatorial Guinea,Africa,2000,Women,[40-44],Married or Living together,73.04
GNQ,Equatorial Guinea,Africa,2011,Women,[40-44],Separated,6.7
GNQ,Equatorial Guinea,Africa,2011,Women,[45-49],Divorced,4.8
GNQ,Equatorial Guinea,Africa,2011,Women,[45-49],Married,60.0
GNQ,Equatorial Guinea,Africa,2000,Women,[45-49],Married or Living together,68.92
GNQ,Equatorial Guinea,Africa,2011,Women,[45-49],Separated,3.6
GNQ,Equatorial Guinea,Africa,2000,Women,[50-54],Divorced,5.08
GNQ,Equatorial Guinea,Africa,1983,Women,[50-54],Married,61.42
GNQ,Equatorial Guinea,Africa,2000,Women,[50-54],Married or Living together,64.69
GNQ,Equatorial Guinea,Africa,2000,Women,[50-54],Separated,2.1
GNQ,Equatorial Guinea,Africa,2000,Women,[55-59],Divorced,3.5
GNQ,Equatorial Guinea,Africa,1983,Women,[55-59],Married,53.26
GNQ,Equatorial Guinea,Africa,2000,Women,[55-59],Married or Living together,55.36
GNQ,Equatorial Guinea,Africa,2000,Women,[55-59],Separated,5.04
GNQ,Equatorial Guinea,Africa,2000,Women,[60-64],Divorced,5.14
GNQ,Equatorial Guinea,Africa,1983,Women,[60-64],Married,39.92
GNQ,Equatorial Guinea,Africa,2000,Women,[60-64],Married or Living together,41.9
GNQ,Equatorial Guinea,Africa,2000,Women,[60-64],Separated,0.92
ERI,Eritrea,Africa,2002,Men,[15-19],Divorced,0.18
ERI,Eritrea,Africa,2002,Men,[15-19],Living together,0.06
ERI,Eritrea,Africa,2002,Men,[15-19],Married,1.87
ERI,Eritrea,Africa,2002,Men,[15-19],Separated,0.0
ERI,Eritrea,Africa,2002,Men,[20-24],Divorced,0.88
ERI,Eritrea,Africa,2002,Men,[20-24],Living together,0.3
ERI,Eritrea,Africa,2002,Men,[20-24],Married,14.6
ERI,Eritrea,Africa,2002,Men,[20-24],Separated,0.0
ERI,Eritrea,Africa,2002,Men,[25-29],Divorced,1.77
ERI,Eritrea,Africa,2002,Men,[25-29],Living together,2.03
ERI,Eritrea,Africa,2002,Men,[25-29],Married,34.52
ERI,Eritrea,Africa,2002,Men,[25-29],Separated,0.23
ERI,Eritrea,Africa,2002,Men,[30-34],Divorced,2.56
ERI,Eritrea,Africa,2002,Men,[30-34],Living together,1.71
ERI,Eritrea,Africa,2002,Men,[30-34],Married,67.83
ERI,Eritrea,Africa,2002,Men,[30-34],Separated,0.07
ERI,Eritrea,Africa,2002,Men,[35-39],Divorced,2.12
ERI,Eritrea,Africa,2002,Men,[35-39],Living together,2.7
ERI,Eritrea,Africa,2002,Men,[35-39],Married,81.74
ERI,Eritrea,Africa,2002,Men,[35-39],Separated,0.35
ERI,Eritrea,Africa,2002,Men,[40-44],Divorced,1.43
ERI,Eritrea,Africa,2002,Men,[40-44],Living together,1.5
ERI,Eritrea,Africa,2002,Men,[40-44],Married,90.87
ERI,Eritrea,Africa,2002,Men,[40-44],Separated,0.03
ERI,Eritrea,Africa,2002,Men,[45-49],Divorced,1.25
ERI,Eritrea,Africa,2002,Men,[45-49],Living together,1.61
ERI,Eritrea,Africa,2002,Men,[45-49],Married,91.79
ERI,Eritrea,Africa,2002,Men,[45-49],Separated,0.0
ERI,Eritrea,Africa,2002,Men,[50-54],Divorced,1.67
ERI,Eritrea,Africa,2002,Men,[50-54],Living together,1.13
ERI,Eritrea,Africa,2002,Men,[50-54],Married,94.02
ERI,Eritrea,Africa,2002,Men,[50-54],Separated,0.04
ERI,Eritrea,Africa,2002,Men,[55-59],Divorced,1.68
ERI,Eritrea,Africa,2002,Men,[55-59],Living together,0.98
ERI,Eritrea,Africa,2002,Men,[55-59],Married,93.07
ERI,Eritrea,Africa,2002,Men,[55-59],Separated,0.53
ERI,Eritrea,Africa,2002,Men,[60-64],Divorced,1.26
ERI,Eritrea,Africa,2002,Men,[60-64],Living together,0.82
ERI,Eritrea,Africa,2002,Men,[60-64],Married,92.31
ERI,Eritrea,Africa,2002,Men,[60-64],Separated,0.34
ERI,Eritrea,Africa,2002,Women,[15-19],Divorced,1.5
ERI,Eritrea,Africa,2002,Women,[15-19],Living together,0.5
ERI,Eritrea,Africa,2002,Women,[15-19],Married,28.2
ERI,Eritrea,Africa,2002,Women,[15-19],Separated,0.26
ERI,Eritrea,Africa,2002,Women,[20-24],Divorced,4.7
ERI,Eritrea,Africa,2002,Women,[20-24],Living together,1.8
ERI,Eritrea,Africa,2002,Women,[20-24],Married,62.0
ERI,Eritrea,Africa,2002,Women,[20-24],Separated,1.51
ERI,Eritrea,Africa,2002,Women,[25-29],Divorced,6.0
ERI,Eritrea,Africa,2002,Women,[25-29],Living together,3.18
ERI,Eritrea,Africa,2002,Women,[25-29],Married,73.5
ERI,Eritrea,Africa,2002,Women,[25-29],Separated,1.52
ERI,Eritrea,Africa,2002,Women,[30-34],Divorced,6.9
ERI,Eritrea,Africa,2002,Women,[30-34],Living together,2.7
ERI,Eritrea,Africa,2002,Women,[30-34],Married,76.3
ERI,Eritrea,Africa,2002,Women,[30-34],Separated,2.15
ERI,Eritrea,Africa,2002,Women,[35-39],Divorced,6.8
ERI,Eritrea,Africa,2002,Women,[35-39],Living together,3.16
ERI,Eritrea,Africa,2002,Women,[35-39],Married,76.9
ERI,Eritrea,Africa,2002,Women,[35-39],Separated,1.83
ERI,Eritrea,Africa,2002,Women,[40-44],Divorced,5.7
ERI,Eritrea,Africa,2002,Women,[40-44],Living together,1.45
ERI,Eritrea,Africa,2002,Women,[40-44],Married,76.3
ERI,Eritrea,Africa,2002,Women,[40-44],Separated,2.39
ERI,Eritrea,Africa,2002,Women,[45-49],Divorced,9.7
ERI,Eritrea,Africa,2002,Women,[45-49],Living together,2.65
ERI,Eritrea,Africa,2002,Women,[45-49],Married,67.8
ERI,Eritrea,Africa,2002,Women,[45-49],Separated,1.71
ERI,Eritrea,Africa,2002,Women,[50-54],Divorced,9.83
ERI,Eritrea,Africa,2002,Women,[50-54],Living together,0.64
ERI,Eritrea,Africa,2002,Women,[50-54],Married,64.08
ERI,Eritrea,Africa,2002,Women,[50-54],Separated,0.98
ERI,Eritrea,Africa,2002,Women,[55-59],Divorced,8.03
ERI,Eritrea,Africa,2002,Women,[55-59],Living together,0.56
ERI,Eritrea,Africa,2002,Women,[55-59],Married,62.16
ERI,Eritrea,Africa,2002,Women,[55-59],Separated,1.6
ERI,Eritrea,Africa,2002,Women,[60-64],Divorced,6.1
ERI,Eritrea,Africa,2002,Women,[60-64],Living together,0.33
ERI,Eritrea,Africa,2002,Women,[60-64],Married,53.77
ERI,Eritrea,Africa,2002,Women,[60-64],Separated,0.65
SWZ,Eswatini,Africa,2007,Men,[15-19],Divorced,0.0
SWZ,Eswatini,Africa,2007,Men,[15-19],Living together,0.1
SWZ,Eswatini,Africa,2007,Men,[15-19],Married,0.0
SWZ,Eswatini,Africa,2000,Men,[15-19],Married or Living together,2.87
SWZ,Eswatini,Africa,2000,Men,[15-19],Separated,0.08
SWZ,Eswatini,Africa,2010,Men,[20-24],Divorced,1.2
SWZ,Eswatini,Africa,2007,Men,[20-24],Living together,3.4
SWZ,Eswatini,Africa,2010,Men,[20-24],Married,2.9
SWZ,Eswatini,Africa,2000,Men,[20-24],Married or Living together,8.31
SWZ,Eswatini,Africa,2000,Men,[20-24],Separated,0.12
SWZ,Eswatini,Africa,2010,Men,[25-29],Divorced,4.6
SWZ,Eswatini,Africa,2007,Men,[25-29],Living together,13.2
SWZ,Eswatini,Africa,2010,Men,[25-29],Married,18.7
SWZ,Eswatini,Africa,2000,Men,[25-29],Married or Living together,35.02
SWZ,Eswatini,Africa,2010,Men,[25-29],Separated,0.4
SWZ,Eswatini,Africa,2010,Men,[30-34],Divorced,7.8
SWZ,Eswatini,Africa,2007,Men,[30-34],Living together,11.5
SWZ,Eswatini,Africa,2010,Men,[30-34],Married,42.6
SWZ,Eswatini,Africa,2000,Men,[30-34],Married or Living together,60.75
SWZ,Eswatini,Africa,2010,Men,[30-34],Separated,1.8
SWZ,Eswatini,Africa,2010,Men,[35-39],Divorced,4.1
SWZ,Eswatini,Africa,2007,Men,[35-39],Living together,10.1
SWZ,Eswatini,Africa,2010,Men,[35-39],Married,60.2
SWZ,Eswatini,Africa,2000,Men,[35-39],Married or Living together,72.3
SWZ,Eswatini,Africa,2010,Men,[35-39],Separated,3.4
SWZ,Eswatini,Africa,2010,Men,[40-44],Divorced,7.0
SWZ,Eswatini,Africa,2007,Men,[40-44],Living together,9.6
SWZ,Eswatini,Africa,2010,Men,[40-44],Married,67.6
SWZ,Eswatini,Africa,2000,Men,[40-44],Married or Living together,83.61
SWZ,Eswatini,Africa,2010,Men,[40-44],Separated,2.0
SWZ,Eswatini,Africa,2010,Men,[45-49],Divorced,4.7
SWZ,Eswatini,Africa,2007,Men,[45-49],Living together,8.9
SWZ,Eswatini,Africa,2010,Men,[45-49],Married,72.9
SWZ,Eswatini,Africa,2000,Men,[45-49],Married or Living together,84.32
SWZ,Eswatini,Africa,2010,Men,[45-49],Separated,2.3
SWZ,Eswatini,Africa,2010,Men,[50-54],Divorced,3.8
SWZ,Eswatini,Africa,2010,Men,[50-54],Married,74.5
SWZ,Eswatini,Africa,2000,Men,[50-54],Married or Living together,88.87
SWZ,Eswatini,Africa,2010,Men,[50-54],Separated,1.9
SWZ,Eswatini,Africa,2010,Men,[55-59],Divorced,5.8
SWZ,Eswatini,Africa,2010,Men,[55-59],Married,73.2
SWZ,Eswatini,Africa,2000,Men,[55-59],Married or Living together,84.02
SWZ,Eswatini,Africa,2010,Men,[55-59],Separated,3.3
SWZ,Eswatini,Africa,2007,Men,[60-64],Divorced,3.2
SWZ,Eswatini,Africa,2007,Men,[60-64],Married,82.6
SWZ,Eswatini,Africa,2000,Men,[60-64],Married or Living together,83.89
SWZ,Eswatini,Africa,2000,Men,[60-64],Separated,2.45
SWZ,Eswatini,Africa,2014,Women,[15-19],Divorced,0.0
SWZ,Eswatini,Africa,2014,Women,[15-19],Living together,2.16
SWZ,Eswatini,Africa,2014,Women,[15-19],Married,1.53
SWZ,Eswatini,Africa,2000,Women,[15-19],Married or Living together,8.87
SWZ,Eswatini,Africa,2014,Women,[15-19],Separated,0.29
SWZ,Eswatini,Africa,2014,Women,[20-24],Divorced,0.0
SWZ,Eswatini,Africa,2014,Women,[20-24],Living together,9.58
SWZ,Eswatini,Africa,2014,Women,[20-24],Married,14.27
SWZ,Eswatini,Africa,2000,Women,[20-24],Married or Living together,32.66
SWZ,Eswatini,Africa,2014,Women,[20-24],Separated,5.14
SWZ,Eswatini,Africa,2014,Women,[25-29],Divorced,0.29
SWZ,Eswatini,Africa,2014,Women,[25-29],Living together,13.7
SWZ,Eswatini,Africa,2014,Women,[25-29],Married,36.93
SWZ,Eswatini,Africa,2000,Women,[25-29],Married or Living together,55.71
SWZ,Eswatini,Africa,2014,Women,[25-29],Separated,3.22
SWZ,Eswatini,Africa,2014,Women,[30-34],Divorced,0.54
SWZ,Eswatini,Africa,2014,Women,[30-34],Living together,7.54
SWZ,Eswatini,Africa,2014,Women,[30-34],Married,51.91
SWZ,Eswatini,Africa,2000,Women,[30-34],Married or Living together,65.62
SWZ,Eswatini,Africa,2014,Women,[30-34],Separated,7.1
SWZ,Eswatini,Africa,2014,Women,[35-39],Divorced,1.55
SWZ,Eswatini,Africa,2014,Women,[35-39],Living together,7.06
SWZ,Eswatini,Africa,2014,Women,[35-39],Married,56.95
SWZ,Eswatini,Africa,2000,Women,[35-39],Married or Living together,73.19
SWZ,Eswatini,Africa,2014,Women,[35-39],Separated,8.32
SWZ,Eswatini,Africa,2014,Women,[40-44],Divorced,2.22
SWZ,Eswatini,Africa,2014,Women,[40-44],Living together,6.68
SWZ,Eswatini,Africa,2014,Women,[40-44],Married,57.58
SWZ,Eswatini,Africa,2000,Women,[40-44],Married or Living together,72.23
SWZ,Eswatini,Africa,2014,Women,[40-44],Separated,6.14
SWZ,Eswatini,Africa,2014,Women,[45-49],Divorced,1.81
SWZ,Eswatini,Africa,2014,Women,[45-49],Living together,6.36
SWZ,Eswatini,Africa,2014,Women,[45-49],Married,52.38
SWZ,Eswatini,Africa,2000,Women,[45-49],Married or Living together,66.82
SWZ,Eswatini,Africa,2014,Women,[45-49],Separated,8.13
SWZ,Eswatini,Africa,2007,Women,[50-54],Divorced,5.4
SWZ,Eswatini,Africa,2007,Women,[50-54],Married,62.7
SWZ,Eswatini,Africa,2000,Women,[50-54],Married or Living together,63.16
SWZ,Eswatini,Africa,2000,Women,[50-54],Separated,2.37
SWZ,Eswatini,Africa,2007,Women,[55-59],Divorced,2.2
SWZ,Eswatini,Africa,2007,Women,[55-59],Married,59.7
SWZ,Eswatini,Africa,2000,Women,[55-59],Married or Living together,58.17
SWZ,Eswatini,Africa,2000,Women,[55-59],Separated,3.73
SWZ,Eswatini,Africa,2007,Women,[60-64],Divorced,4.4
SWZ,Eswatini,Africa,2007,Women,[60-64],Married,49.7
SWZ,Eswatini,Africa,2000,Women,[60-64],Married or Living together,51.3
SWZ,Eswatini,Africa,2000,Women,[60-64],Separated,1.0
ETH,Ethiopia,Africa,2016,Men,[15-19],Divorced,0.4
ETH,Ethiopia,Africa,2016,Men,[15-19],Living together,0.0
ETH,Ethiopia,Africa,2016,Men,[15-19],Married,1.0
ETH,Ethiopia,Africa,2007,Men,[15-19],Separated,0.22
ETH,Ethiopia,Africa,2016,Men,[20-24],Divorced,2.3
ETH,Ethiopia,Africa,2016,Men,[20-24],Living together,2.1
ETH,Ethiopia,Africa,2016,Men,[20-24],Married,23.0
ETH,Ethiopia,Africa,2007,Men,[20-24],Separated,0.61
ETH,Ethiopia,Africa,2016,Men,[25-29],Divorced,2.8
ETH,Ethiopia,Africa,2016,Men,[25-29],Living together,4.0
ETH,Ethiopia,Africa,2016,Men,[25-29],Married,58.1
ETH,Ethiopia,Africa,2007,Men,[25-29],Separated,0.72
ETH,Ethiopia,Africa,2016,Men,[30-34],Divorced,2.5
ETH,Ethiopia,Africa,2016,Men,[30-34],Living together,6.1
ETH,Ethiopia,Africa,2016,Men,[30-34],Married,78.9
ETH,Ethiopia,Africa,2007,Men,[30-34],Separated,0.73
ETH,Ethiopia,Africa,2016,Men,[35-39],Divorced,1.7
ETH,Ethiopia,Africa,2016,Men,[35-39],Living together,6.5
ETH,Ethiopia,Africa,2016,Men,[35-39],Married,86.3
ETH,Ethiopia,Africa,2007,Men,[35-39],Separated,0.69
ETH,Ethiopia,Africa,2016,Men,[40-44],Divorced,1.6
ETH,Ethiopia,Africa,2016,Men,[40-44],Living together,4.7
ETH,Ethiopia,Africa,2016,Men,[40-44],Married,89.5
ETH,Ethiopia,Africa,2007,Men,[40-44],Separated,0.71
ETH,Ethiopia,Africa,2016,Men,[45-49],Divorced,2.1
ETH,Ethiopia,Africa,2016,Men,[45-49],Living together,3.2
ETH,Ethiopia,Africa,2016,Men,[45-49],Married,92.1
ETH,Ethiopia,Africa,2007,Men,[45-49],Separated,0.68
ETH,Ethiopia,Africa,2016,Men,[50-54],Divorced,3.11
ETH,Ethiopia,Africa,2011,Men,[50-54],Living together,3.7
ETH,Ethiopia,Africa,2016,Men,[50-54],Married,94.38
ETH,Ethiopia,Africa,2007,Men,[50-54],Separated,0.76
ETH,Ethiopia,Africa,2016,Men,[55-59],Divorced,1.61
ETH,Ethiopia,Africa,2011,Men,[55-59],Living together,1.9
ETH,Ethiopia,Africa,2016,Men,[55-59],Married,95.8
ETH,Ethiopia,Africa,2007,Men,[55-59],Separated,0.77
ETH,Ethiopia,Africa,2016,Men,[60-64],Divorced,2.97
ETH,Ethiopia,Africa,2011,Men,[60-64],Living together,3.1
ETH,Ethiopia,Africa,2016,Men,[60-64],Married,91.65
ETH,Ethiopia,Africa,2007,Men,[60-64],Separated,0.86
ETH,Ethiopia,Africa,1994,Men,[65+],Divorced,4.55
ETH,Ethiopia,Africa,1994,Men,[65+],Married,85.61
ETH,Ethiopia,Africa,2016,Women,[15-19],Divorced,2.9
ETH,Ethiopia,Africa,2016,Women,[15-19],Living together,0.6
ETH,Ethiopia,Africa,2016,Women,[15-19],Married,16.8
ETH,Ethiopia,Africa,2007,Women,[15-19],Separated,0.58
ETH,Ethiopia,Africa,2016,Women,[20-24],Divorced,4.7
ETH,Ethiopia,Africa,2016,Women,[20-24],Living together,2.0
ETH,Ethiopia,Africa,2016,Women,[20-24],Married,59.9
ETH,Ethiopia,Africa,2007,Women,[20-24],Separated,1.08
ETH,Ethiopia,Africa,2016,Women,[25-29],Divorced,4.7
ETH,Ethiopia,Africa,2016,Women,[25-29],Living together,1.6
ETH,Ethiopia,Africa,2016,Women,[25-29],Married,79.7
ETH,Ethiopia,Africa,2007,Women,[25-29],Separated,1.26
ETH,Ethiopia,Africa,2016,Women,[30-34],Divorced,5.3
ETH,Ethiopia,Africa,2016,Women,[30-34],Living together,1.4
ETH,Ethiopia,Africa,2016,Women,[30-34],Married,86.0
ETH,Ethiopia,Africa,2007,Women,[30-34],Separated,1.49
ETH,Ethiopia,Africa,2016,Women,[35-39],Divorced,6.4
ETH,Ethiopia,Africa,2016,Women,[35-39],Living together,1.4
ETH,Ethiopia,Africa,2016,Women,[35-39],Married,82.1
ETH,Ethiopia,Africa,2007,Women,[35-39],Separated,1.61
ETH,Ethiopia,Africa,2016,Women,[40-44],Divorced,5.3
ETH,Ethiopia,Africa,2016,Women,[40-44],Living together,1.1
ETH,Ethiopia,Africa,2016,Women,[40-44],Married,81.3
ETH,Ethiopia,Africa,2007,Women,[40-44],Separated,1.93
ETH,Ethiopia,Africa,2016,Women,[45-49],Divorced,7.9
ETH,Ethiopia,Africa,2016,Women,[45-49],Living together,1.5
ETH,Ethiopia,Africa,2016,Women,[45-49],Married,77.1
ETH,Ethiopia,Africa,2007,Women,[45-49],Separated,2.0
ETH,Ethiopia,Africa,2016,Women,[50-54],Divorced,8.43
ETH,Ethiopia,Africa,2011,Women,[50-54],Living together,3.2
ETH,Ethiopia,Africa,2016,Women,[50-54],Married,69.68
ETH,Ethiopia,Africa,2007,Women,[50-54],Separated,2.3
ETH,Ethiopia,Africa,2016,Women,[55-59],Divorced,9.79
ETH,Ethiopia,Africa,2011,Women,[55-59],Living together,1.6
ETH,Ethiopia,Africa,2016,Women,[55-59],Married,62.37
ETH,Ethiopia,Africa,2007,Women,[55-59],Separated,2.58
ETH,Ethiopia,Africa,2016,Women,[60-64],Divorced,10.12
ETH,Ethiopia,Africa,2011,Women,[60-64],Living together,1.6
ETH,Ethiopia,Africa,2016,Women,[60-64],Married,47.44
ETH,Ethiopia,Africa,2007,Women,[60-64],Separated,2.86
ETH,Ethiopia,Africa,1994,Women,[65+],Divorced,12.9
ETH,Ethiopia,Africa,1994,Women,[65+],Married,25.79
GAB,Gabon,Africa,2012,Men,[15-19],Divorced,0.0
GAB,Gabon,Africa,2012,Men,[15-19],Living together,1.4
GAB,Gabon,Africa,2012,Men,[15-19],Married,0.0
GAB,Gabon,Africa,1993,Men,[15-19],Separated,0.09
GAB,Gabon,Africa,2012,Men,[20-24],Divorced,0.0
GAB,Gabon,Africa,2012,Men,[20-24],Living together,16.0
GAB,Gabon,Africa,2012,Men,[20-24],Married,0.7
GAB,Gabon,Africa,1993,Men,[20-24],Separated,0.17
GAB,Gabon,Africa,2012,Men,[25-29],Divorced,0.2
GAB,Gabon,Africa,2012,Men,[25-29],Living together,31.8
GAB,Gabon,Africa,2012,Men,[25-29],Married,12.3
GAB,Gabon,Africa,1993,Men,[25-29],Separated,0.31
GAB,Gabon,Africa,2012,Men,[30-34],Divorced,0.0
GAB,Gabon,Africa,2012,Men,[30-34],Living together,38.7
GAB,Gabon,Africa,2012,Men,[30-34],Married,27.5
GAB,Gabon,Africa,1993,Men,[30-34],Separated,0.69
GAB,Gabon,Africa,2012,Men,[35-39],Divorced,0.1
GAB,Gabon,Africa,2012,Men,[35-39],Living together,43.0
GAB,Gabon,Africa,2012,Men,[35-39],Married,35.0
GAB,Gabon,Africa,1993,Men,[35-39],Separated,1.01
GAB,Gabon,Africa,2012,Men,[40-44],Divorced,2.3
GAB,Gabon,Africa,2012,Men,[40-44],Living together,37.0
GAB,Gabon,Africa,2012,Men,[40-44],Married,47.4
GAB,Gabon,Africa,1993,Men,[40-44],Separated,1.09
GAB,Gabon,Africa,2012,Men,[45-49],Divorced,0.6
GAB,Gabon,Africa,2012,Men,[45-49],Living together,33.4
GAB,Gabon,Africa,2012,Men,[45-49],Married,53.9
GAB,Gabon,Africa,1993,Men,[45-49],Separated,1.43
GAB,Gabon,Africa,2012,Men,[50-54],Divorced,0.9
GAB,Gabon,Africa,2012,Men,[50-54],Living together,20.4
GAB,Gabon,Africa,2012,Men,[50-54],Married,63.1
GAB,Gabon,Africa,1993,Men,[50-54],Separated,1.72
GAB,Gabon,Africa,2012,Men,[55-59],Divorced,0.7
GAB,Gabon,Africa,2012,Men,[55-59],Living together,20.3
GAB,Gabon,Africa,2012,Men,[55-59],Married,68.3
GAB,Gabon,Africa,1993,Men,[55-59],Separated,1.97
GAB,Gabon,Africa,2012,Men,[60-64],Divorced,7.9
GAB,Gabon,Africa,2012,Men,[60-64],Married,81.4
GAB,Gabon,Africa,1993,Men,[60-64],Separated,1.81
GAB,Gabon,Africa,1993,Men,[65+],Divorced,3.06
GAB,Gabon,Africa,1993,Men,[65+],Married,73.86
GAB,Gabon,Africa,1993,Men,[65+],Separated,1.93
GAB,Gabon,Africa,2012,Women,[15-19],Divorced,0.0
GAB,Gabon,Africa,2012,Women,[15-19],Living together,11.4
GAB,Gabon,Africa,2012,Women,[15-19],Married,2.1
GAB,Gabon,Africa,1993,Women,[15-19],Separated,0.17
GAB,Gabon,Africa,2012,Women,[20-24],Divorced,0.0
GAB,Gabon,Africa,2012,Women,[20-24],Living together,36.0
GAB,Gabon,Africa,2012,Women,[20-24],Married,7.4
GAB,Gabon,Africa,1993,Women,[20-24],Separated,0.38
GAB,Gabon,Africa,2012,Women,[25-29],Divorced,0.1
GAB,Gabon,Africa,2012,Women,[25-29],Living together,48.1
GAB,Gabon,Africa,2012,Women,[25-29],Married,17.6
GAB,Gabon,Africa,1993,Women,[25-29],Separated,0.82
GAB,Gabon,Africa,2012,Women,[30-34],Divorced,0.0
GAB,Gabon,Africa,2012,Women,[30-34],Living together,46.4
GAB,Gabon,Africa,2012,Women,[30-34],Married,24.2
GAB,Gabon,Africa,1993,Women,[30-34],Separated,1.68
GAB,Gabon,Africa,2012,Women,[35-39],Divorced,0.4
GAB,Gabon,Africa,2012,Women,[35-39],Living together,42.3
GAB,Gabon,Africa,2012,Women,[35-39],Married,36.0
GAB,Gabon,Africa,1993,Women,[35-39],Separated,2.49
GAB,Gabon,Africa,2012,Women,[40-44],Divorced,0.7
GAB,Gabon,Africa,2012,Women,[40-44],Living together,33.4
GAB,Gabon,Africa,2012,Women,[40-44],Married,40.1
GAB,Gabon,Africa,1993,Women,[40-44],Separated,3.06
GAB,Gabon,Africa,2012,Women,[45-49],Divorced,3.1
GAB,Gabon,Africa,2012,Women,[45-49],Living together,25.0
GAB,Gabon,Africa,2012,Women,[45-49],Married,40.1
GAB,Gabon,Africa,1993,Women,[45-49],Separated,3.23
GAB,Gabon,Africa,2012,Women,[50-54],Divorced,17.3
GAB,Gabon,Africa,2012,Women,[50-54],Married,57.2
GAB,Gabon,Africa,1993,Women,[50-54],Separated,3.01
GAB,Gabon,Africa,2012,Women,[55-59],Divorced,15.9
GAB,Gabon,Africa,2012,Women,[55-59],Married,46.5
GAB,Gabon,Africa,1993,Women,[55-59],Separated,2.69
GAB,Gabon,Africa,2012,Women,[60-64],Divorced,9.3
GAB,Gabon,Africa,2012,Women,[60-64],Married,44.4
GAB,Gabon,Africa,1993,Women,[60-64],Separated,2.05
GAB,Gabon,Africa,1993,Women,[65+],Divorced,2.53
GAB,Gabon,Africa,1993,Women,[65+],Married,34.8
GAB,Gabon,Africa,1993,Women,[65+],Separated,1.63
GMB,Gambia,Africa,2013,Men,[15-19],Divorced,0.0
GMB,Gambia,Africa,2013,Men,[15-19],Living together,0.0
GMB,Gambia,Africa,2013,Men,[15-19],Married,0.3
GMB,Gambia,Africa,2000,Men,[15-19],Married or Living together,4.24
GMB,Gambia,Africa,2003,Men,[15-19],Separated,0.02
GMB,Gambia,Africa,2013,Men,[20-24],Divorced,0.2
GMB,Gambia,Africa,2013,Men,[20-24],Living together,0.0
GMB,Gambia,Africa,2013,Men,[20-24],Married,6.8
GMB,Gambia,Africa,2000,Men,[20-24],Married or Living together,10.42
GMB,Gambia,Africa,2003,Men,[20-24],Separated,0.03
GMB,Gambia,Africa,2013,Men,[25-29],Divorced,0.5
GMB,Gambia,Africa,2013,Men,[25-29],Living together,0.4
GMB,Gambia,Africa,2013,Men,[25-29],Married,33.2
GMB,Gambia,Africa,2000,Men,[25-29],Married or Living together,36.21
GMB,Gambia,Africa,2003,Men,[25-29],Separated,0.1
GMB,Gambia,Africa,2013,Men,[30-34],Divorced,1.2
GMB,Gambia,Africa,2013,Men,[30-34],Living together,0.0
GMB,Gambia,Africa,2013,Men,[30-34],Married,72.3
GMB,Gambia,Africa,2000,Men,[30-34],Married or Living together,66.99
GMB,Gambia,Africa,2003,Men,[30-34],Separated,0.29
GMB,Gambia,Africa,2013,Men,[35-39],Divorced,1.3
GMB,Gambia,Africa,2013,Men,[35-39],Living together,0.0
GMB,Gambia,Africa,2013,Men,[35-39],Married,88.0
GMB,Gambia,Africa,2000,Men,[35-39],Married or Living together,85.41
GMB,Gambia,Africa,2003,Men,[35-39],Separated,0.39
GMB,Gambia,Africa,2013,Men,[40-44],Divorced,1.9
GMB,Gambia,Africa,2013,Men,[40-44],Living together,0.0
GMB,Gambia,Africa,2013,Men,[40-44],Married,90.6
GMB,Gambia,Africa,2000,Men,[40-44],Married or Living together,91.35
GMB,Gambia,Africa,2003,Men,[40-44],Separated,0.53
GMB,Gambia,Africa,2013,Men,[45-49],Divorced,2.1
GMB,Gambia,Africa,2013,Men,[45-49],Living together,0.0
GMB,Gambia,Africa,2013,Men,[45-49],Married,94.3
GMB,Gambia,Africa,2000,Men,[45-49],Married or Living together,93.57
GMB,Gambia,Africa,2003,Men,[45-49],Separated,0.54
GMB,Gambia,Africa,2013,Men,[50-54],Divorced,0.8
GMB,Gambia,Africa,2013,Men,[50-54],Living together,0.2
GMB,Gambia,Africa,2013,Men,[50-54],Married,96.2
GMB,Gambia,Africa,2000,Men,[50-54],Married or Living together,93.01
GMB,Gambia,Africa,2003,Men,[50-54],Separated,0.46
GMB,Gambia,Africa,2013,Men,[55-59],Divorced,2.3
GMB,Gambia,Africa,2013,Men,[55-59],Living together,0.0
GMB,Gambia,Africa,2013,Men,[55-59],Married,94.5
GMB,Gambia,Africa,2000,Men,[55-59],Married or Living together,92.17
GMB,Gambia,Africa,2003,Men,[55-59],Separated,0.41
GMB,Gambia,Africa,2013,Men,[60-64],Divorced,2.0
GMB,Gambia,Africa,2013,Men,[60-64],Married,94.3
GMB,Gambia,Africa,2000,Men,[60-64],Married or Living together,94.93
GMB,Gambia,Africa,2003,Men,[60-64],Separated,0.61
GMB,Gambia,Africa,1993,Men,[65+],Divorced,2.35
GMB,Gambia,Africa,1993,Men,[65+],Married,89.58
GMB,Gambia,Africa,1993,Men,[65+],Separated,0.71
GMB,Gambia,Africa,2013,Women,[15-19],Divorced,0.5
GMB,Gambia,Africa,2013,Women,[15-19],Living together,0.0
GMB,Gambia,Africa,2013,Women,[15-19],Married,23.8
GMB,Gambia,Africa,2000,Women,[15-19],Married or Living together,31.85
GMB,Gambia,Africa,2013,Women,[15-19],Separated,0.1
GMB,Gambia,Africa,2013,Women,[20-24],Divorced,2.0
GMB,Gambia,Africa,2013,Women,[20-24],Living together,0.1
GMB,Gambia,Africa,2013,Women,[20-24],Married,58.1
GMB,Gambia,Africa,2000,Women,[20-24],Married or Living together,68.59
GMB,Gambia,Africa,2013,Women,[20-24],Separated,0.3
GMB,Gambia,Africa,2013,Women,[25-29],Divorced,2.8
GMB,Gambia,Africa,2013,Women,[25-29],Living together,0.5
GMB,Gambia,Africa,2013,Women,[25-29],Married,83.3
GMB,Gambia,Africa,2000,Women,[25-29],Married or Living together,88.24
GMB,Gambia,Africa,2013,Women,[25-29],Separated,0.4
GMB,Gambia,Africa,2013,Women,[30-34],Divorced,4.5
GMB,Gambia,Africa,2013,Women,[30-34],Living together,0.1
GMB,Gambia,Africa,2013,Women,[30-34],Married,87.6
GMB,Gambia,Africa,2000,Women,[30-34],Married or Living together,88.81
GMB,Gambia,Africa,2013,Women,[30-34],Separated,0.6
GMB,Gambia,Africa,2013,Women,[35-39],Divorced,4.4
GMB,Gambia,Africa,2013,Women,[35-39],Living together,0.8
GMB,Gambia,Africa,2013,Women,[35-39],Married,90.7
GMB,Gambia,Africa,2000,Women,[35-39],Married or Living together,89.61
GMB,Gambia,Africa,2013,Women,[35-39],Separated,0.7
GMB,Gambia,Africa,2013,Women,[40-44],Divorced,4.4
GMB,Gambia,Africa,2013,Women,[40-44],Living together,0.3
GMB,Gambia,Africa,2013,Women,[40-44],Married,88.0
GMB,Gambia,Africa,2000,Women,[40-44],Married or Living together,92.95
GMB,Gambia,Africa,2013,Women,[40-44],Separated,0.8
GMB,Gambia,Africa,2013,Women,[45-49],Divorced,3.5
GMB,Gambia,Africa,2013,Women,[45-49],Living together,0.3
GMB,Gambia,Africa,2013,Women,[45-49],Married,88.4
GMB,Gambia,Africa,2000,Women,[45-49],Married or Living together,93.87
GMB,Gambia,Africa,2013,Women,[45-49],Separated,1.0
GMB,Gambia,Africa,2013,Women,[50-54],Divorced,3.0
GMB,Gambia,Africa,2013,Women,[50-54],Married,81.3
GMB,Gambia,Africa,2000,Women,[50-54],Married or Living together,81.21
GMB,Gambia,Africa,2003,Women,[50-54],Separated,1.01
GMB,Gambia,Africa,2013,Women,[55-59],Divorced,3.8
GMB,Gambia,Africa,2013,Women,[55-59],Married,71.6
GMB,Gambia,Africa,2000,Women,[55-59],Married or Living together,70.18
GMB,Gambia,Africa,2003,Women,[55-59],Separated,1.17
GMB,Gambia,Africa,2013,Women,[60-64],Divorced,2.2
GMB,Gambia,Africa,2013,Women,[60-64],Married,61.5
GMB,Gambia,Africa,2000,Women,[60-64],Married or Living together,56.18
GMB,Gambia,Africa,2003,Women,[60-64],Separated,1.22
GMB,Gambia,Africa,1983,Women,[65+],Divorced,3.5
GMB,Gambia,Africa,1983,Women,[65+],Married,54.76
GMB,Gambia,Africa,1983,Women,[65+],Separated,4.79
GHA,Ghana,Africa,2014,Men,[15-19],Divorced,0.2
GHA,Ghana,Africa,2014,Men,[15-19],Living together,0.4
GHA,Ghana,Africa,2014,Men,[15-19],Married,1.2
GHA,Ghana,Africa,2011,Men,[15-19],Separated,0.04
GHA,Ghana,Africa,2014,Men,[20-24],Divorced,0.4
GHA,Ghana,Africa,2014,Men,[20-24],Living together,5.8
GHA,Ghana,Africa,2014,Men,[20-24],Married,11.9
GHA,Ghana,Africa,2011,Men,[20-24],Separated,0.93
GHA,Ghana,Africa,2014,Men,[25-29],Divorced,2.2
GHA,Ghana,Africa,2014,Men,[25-29],Living together,15.8
GHA,Ghana,Africa,2014,Men,[25-29],Married,39.6
GHA,Ghana,Africa,2011,Men,[25-29],Separated,0.83
GHA,Ghana,Africa,2014,Men,[30-34],Divorced,3.1
GHA,Ghana,Africa,2014,Men,[30-34],Living together,20.5
GHA,Ghana,Africa,2014,Men,[30-34],Married,73.6
GHA,Ghana,Africa,2011,Men,[30-34],Separated,4.74
GHA,Ghana,Africa,2014,Men,[35-39],Divorced,6.0
GHA,Ghana,Africa,2014,Men,[35-39],Living together,12.8
GHA,Ghana,Africa,2014,Men,[35-39],Married,83.2
GHA,Ghana,Africa,2011,Men,[35-39],Separated,1.86
GHA,Ghana,Africa,2014,Men,[40-44],Divorced,6.7
GHA,Ghana,Africa,2014,Men,[40-44],Living together,8.7
GHA,Ghana,Africa,2014,Men,[40-44],Married,88.2
GHA,Ghana,Africa,2011,Men,[40-44],Separated,2.15
GHA,Ghana,Africa,2014,Men,[45-49],Divorced,8.6
GHA,Ghana,Africa,2014,Men,[45-49],Living together,6.3
GHA,Ghana,Africa,2014,Men,[45-49],Married,86.9
GHA,Ghana,Africa,2011,Men,[45-49],Separated,3.14
GHA,Ghana,Africa,2014,Men,[50-54],Divorced,8.7
GHA,Ghana,Africa,2011,Men,[50-54],Living together,10.68
GHA,Ghana,Africa,2014,Men,[50-54],Married,86.4
GHA,Ghana,Africa,2011,Men,[50-54],Separated,5.11
GHA,Ghana,Africa,2014,Men,[55-59],Divorced,8.7
GHA,Ghana,Africa,2011,Men,[55-59],Living together,9.93
GHA,Ghana,Africa,2014,Men,[55-59],Married,86.4
GHA,Ghana,Africa,2011,Men,[55-59],Separated,4.39
GHA,Ghana,Africa,2014,Men,[60-64],Divorced,8.2
GHA,Ghana,Africa,1999,Men,[60-64],Living together,1.2
GHA,Ghana,Africa,2014,Men,[60-64],Married,84.5
GHA,Ghana,Africa,2010,Men,[60-64],Separated,3.13
GHA,Ghana,Africa,1960,Men,[65+],Divorced,10.9
GHA,Ghana,Africa,1960,Men,[65+],Married,75.52
GHA,Ghana,Africa,2017,Women,[15-19],Divorced,0.1
GHA,Ghana,Africa,1969,Women,[15-19],Divorced or Separated,3.8
GHA,Ghana,Africa,2014,Women,[15-19],Living together,4.1
GHA,Ghana,Africa,2017,Women,[15-19],Married,1.8
GHA,Ghana,Africa,2017,Women,[15-19],Separated,0.6
GHA,Ghana,Africa,2017,Women,[20-24],Divorced,0.4
GHA,Ghana,Africa,2014,Women,[20-24],Living together,18.2
GHA,Ghana,Africa,2017,Women,[20-24],Married,16.6
GHA,Ghana,Africa,2017,Women,[20-24],Separated,3.5
GHA,Ghana,Africa,2017,Women,[25-29],Divorced,1.1
GHA,Ghana,Africa,2014,Women,[25-29],Living together,20.3
GHA,Ghana,Africa,2017,Women,[25-29],Married,36.9
GHA,Ghana,Africa,2017,Women,[25-29],Separated,5.1
GHA,Ghana,Africa,2017,Women,[30-34],Divorced,2.7
GHA,Ghana,Africa,2014,Women,[30-34],Living together,17.3
GHA,Ghana,Africa,2017,Women,[30-34],Married,54.0
GHA,Ghana,Africa,2017,Women,[30-34],Separated,5.7
GHA,Ghana,Africa,2017,Women,[35-39],Divorced,4.1
GHA,Ghana,Africa,2014,Women,[35-39],Living together,15.4
GHA,Ghana,Africa,2017,Women,[35-39],Married,57.4
GHA,Ghana,Africa,2017,Women,[35-39],Separated,6.4
GHA,Ghana,Africa,2017,Women,[40-44],Divorced,5.4
GHA,Ghana,Africa,2014,Women,[40-44],Living together,14.6
GHA,Ghana,Africa,2017,Women,[40-44],Married,60.8
GHA,Ghana,Africa,2017,Women,[40-44],Separated,6.2
GHA,Ghana,Africa,2017,Women,[45-49],Divorced,7.7
GHA,Ghana,Africa,2014,Women,[45-49],Living together,9.6
GHA,Ghana,Africa,2017,Women,[45-49],Married,57.4
GHA,Ghana,Africa,2017,Women,[45-49],Separated,6.6
GHA,Ghana,Africa,2014,Women,[50-54],Divorced,15.4
GHA,Ghana,Africa,1999,Women,[50-54],Living together,2.7
GHA,Ghana,Africa,2014,Women,[50-54],Married,68.7
GHA,Ghana,Africa,2010,Women,[50-54],Separated,4.8
GHA,Ghana,Africa,2014,Women,[55-59],Divorced,16.7
GHA,Ghana,Africa,1999,Women,[55-59],Living together,2.3
GHA,Ghana,Africa,2014,Women,[55-59],Married,56.7
GHA,Ghana,Africa,2010,Women,[55-59],Separated,5.0
GHA,Ghana,Africa,2014,Women,[60-64],Divorced,17.9
GHA,Ghana,Africa,1999,Women,[60-64],Living together,0.3
GHA,Ghana,Africa,2014,Women,[60-64],Married,42.0
GHA,Ghana,Africa,2010,Women,[60-64],Separated,4.21
GHA,Ghana,Africa,1960,Women,[65+],Divorced,14.4
GHA,Ghana,Africa,1960,Women,[65+],Married,20.82
GIN,Guinea,Africa,2014,Men,[15-19],Divorced,0.05
GIN,Guinea,Africa,2012,Men,[15-19],Living together,0.2
GIN,Guinea,Africa,2014,Men,[15-19],Married,4.86
GIN,Guinea,Africa,1996,Men,[15-19],Separated,0.04
GIN,Guinea,Africa,2014,Men,[20-24],Divorced,0.13
GIN,Guinea,Africa,1992,Men,[20-24],Divorced or Separated,2.6
GIN,Guinea,Africa,2012,Men,[20-24],Living together,1.7
GIN,Guinea,Africa,2014,Men,[20-24],Married,18.36
GIN,Guinea,Africa,1996,Men,[20-24],Separated,0.2
GIN,Guinea,Africa,2014,Men,[25-29],Divorced,0.32
GIN,Guinea,Africa,1992,Men,[25-29],Divorced or Separated,2.6
GIN,Guinea,Africa,2012,Men,[25-29],Living together,3.1
GIN,Guinea,Africa,2014,Men,[25-29],Married,46.96
GIN,Guinea,Africa,1996,Men,[25-29],Separated,0.39
GIN,Guinea,Africa,2014,Men,[30-34],Divorced,0.55
GIN,Guinea,Africa,1992,Men,[30-34],Divorced or Separated,1.9
GIN,Guinea,Africa,2012,Men,[30-34],Living together,1.9
GIN,Guinea,Africa,2014,Men,[30-34],Married,73.15
GIN,Guinea,Africa,1996,Men,[30-34],Separated,0.62
GIN,Guinea,Africa,2014,Men,[35-39],Divorced,0.75
GIN,Guinea,Africa,1992,Men,[35-39],Divorced or Separated,0.8
GIN,Guinea,Africa,2012,Men,[35-39],Living together,0.4
GIN,Guinea,Africa,2014,Men,[35-39],Married,86.58
GIN,Guinea,Africa,1996,Men,[35-39],Separated,0.68
GIN,Guinea,Africa,2014,Men,[40-44],Divorced,0.84
GIN,Guinea,Africa,1992,Men,[40-44],Divorced or Separated,1.5
GIN,Guinea,Africa,2012,Men,[40-44],Living together,0.4
GIN,Guinea,Africa,2014,Men,[40-44],Married,91.72
GIN,Guinea,Africa,1996,Men,[40-44],Separated,0.69
GIN,Guinea,Africa,2014,Men,[45-49],Divorced,0.85
GIN,Guinea,Africa,1992,Men,[45-49],Divorced or Separated,0.4
GIN,Guinea,Africa,2012,Men,[45-49],Living together,0.0
GIN,Guinea,Africa,2014,Men,[45-49],Married,94.0
GIN,Guinea,Africa,1996,Men,[45-49],Separated,0.71
GIN,Guinea,Africa,2014,Men,[50-54],Divorced,0.84
GIN,Guinea,Africa,2012,Men,[50-54],Living together,0.9
GIN,Guinea,Africa,2014,Men,[50-54],Married,94.66
GIN,Guinea,Africa,1996,Men,[50-54],Separated,0.6
GIN,Guinea,Africa,2014,Men,[55-59],Divorced,0.72
GIN,Guinea,Africa,2012,Men,[55-59],Living together,0.0
GIN,Guinea,Africa,2014,Men,[55-59],Married,95.45
GIN,Guinea,Africa,1996,Men,[55-59],Separated,0.59
GIN,Guinea,Africa,2014,Men,[60-64],Divorced,0.61
GIN,Guinea,Africa,2014,Men,[60-64],Married,95.36
GIN,Guinea,Africa,1996,Men,[60-64],Separated,0.57
GIN,Guinea,Africa,2014,Women,[15-19],Divorced,0.4
GIN,Guinea,Africa,1992,Women,[15-19],Divorced or Separated,0.5
GIN,Guinea,Africa,2012,Women,[15-19],Living together,1.6
GIN,Guinea,Africa,2014,Women,[15-19],Married,43.76
GIN,Guinea,Africa,1996,Women,[15-19],Separated,0.8
GIN,Guinea,Africa,2014,Women,[20-24],Divorced,0.89
GIN,Guinea,Africa,1992,Women,[20-24],Divorced or Separated,1.1
GIN,Guinea,Africa,2012,Women,[20-24],Living together,1.4
GIN,Guinea,Africa,2014,Women,[20-24],Married,69.35
GIN,Guinea,Africa,1996,Women,[20-24],Separated,1.41
GIN,Guinea,Africa,2014,Women,[25-29],Divorced,1.17
GIN,Guinea,Africa,1992,Women,[25-29],Divorced or Separated,0.9
GIN,Guinea,Africa,2012,Women,[25-29],Living together,0.8
GIN,Guinea,Africa,2014,Women,[25-29],Married,84.0
GIN,Guinea,Africa,1996,Women,[25-29],Separated,1.47
GIN,Guinea,Africa,2014,Women,[30-34],Divorced,1.36
GIN,Guinea,Africa,1992,Women,[30-34],Divorced or Separated,1.4
GIN,Guinea,Africa,2012,Women,[30-34],Living together,0.5
GIN,Guinea,Africa,2014,Women,[30-34],Married,90.0
GIN,Guinea,Africa,1996,Women,[30-34],Separated,1.56
GIN,Guinea,Africa,2014,Women,[35-39],Divorced,1.45
GIN,Guinea,Africa,1992,Women,[35-39],Divorced or Separated,1.5
GIN,Guinea,Africa,2012,Women,[35-39],Living together,1.2
GIN,Guinea,Africa,2014,Women,[35-39],Married,92.23
GIN,Guinea,Africa,1996,Women,[35-39],Separated,1.62
GIN,Guinea,Africa,2014,Women,[40-44],Divorced,1.38
GIN,Guinea,Africa,1992,Women,[40-44],Divorced or Separated,0.8
GIN,Guinea,Africa,2012,Women,[40-44],Living together,0.9
GIN,Guinea,Africa,2014,Women,[40-44],Married,91.33
GIN,Guinea,Africa,1996,Women,[40-44],Separated,1.47
GIN,Guinea,Africa,2014,Women,[45-49],Divorced,1.38
GIN,Guinea,Africa,1992,Women,[45-49],Divorced or Separated,0.4
GIN,Guinea,Africa,2012,Women,[45-49],Living together,0.3
GIN,Guinea,Africa,2014,Women,[45-49],Married,88.94
GIN,Guinea,Africa,1996,Women,[45-49],Separated,1.54
GIN,Guinea,Africa,2014,Women,[50-54],Divorced,1.26
GIN,Guinea,Africa,2014,Women,[50-54],Married,85.14
GIN,Guinea,Africa,1996,Women,[50-54],Separated,1.22
GIN,Guinea,Africa,2014,Women,[55-59],Divorced,1.24
GIN,Guinea,Africa,2014,Women,[55-59],Married,79.8
GIN,Guinea,Africa,1996,Women,[55-59],Separated,1.23
GIN,Guinea,Africa,2014,Women,[60-64],Divorced,1.01
GIN,Guinea,Africa,2014,Women,[60-64],Married,73.89
GIN,Guinea,Africa,1996,Women,[60-64],Separated,1.07
GNB,Guinea-Bissau,Africa,2014,Men,[15-19],Divorced,0.0
GNB,Guinea-Bissau,Africa,1991,Men,[15-19],Divorced or Separated,0.03
GNB,Guinea-Bissau,Africa,2014,Men,[15-19],Living together,0.05
GNB,Guinea-Bissau,Africa,2014,Men,[15-19],Married,0.29
GNB,Guinea-Bissau,Africa,2014,Men,[15-19],Separated,0.0
GNB,Guinea-Bissau,Africa,2014,Men,[20-24],Divorced,0.0
GNB,Guinea-Bissau,Africa,1991,Men,[20-24],Divorced or Separated,0.21
GNB,Guinea-Bissau,Africa,2014,Men,[20-24],Living together,1.07
GNB,Guinea-Bissau,Africa,2014,Men,[20-24],Married,7.23
GNB,Guinea-Bissau,Africa,2014,Men,[20-24],Separated,0.82
GNB,Guinea-Bissau,Africa,2014,Men,[25-29],Divorced,0.0
GNB,Guinea-Bissau,Africa,1991,Men,[25-29],Divorced or Separated,0.54
GNB,Guinea-Bissau,Africa,2014,Men,[25-29],Living together,4.94
GNB,Guinea-Bissau,Africa,2014,Men,[25-29],Married,23.44
GNB,Guinea-Bissau,Africa,2014,Men,[25-29],Separated,3.69
GNB,Guinea-Bissau,Africa,2014,Men,[30-34],Divorced,0.0
GNB,Guinea-Bissau,Africa,1991,Men,[30-34],Divorced or Separated,1.19
GNB,Guinea-Bissau,Africa,2014,Men,[30-34],Living together,6.44
GNB,Guinea-Bissau,Africa,2014,Men,[30-34],Married,53.29
GNB,Guinea-Bissau,Africa,2014,Men,[30-34],Separated,5.03
GNB,Guinea-Bissau,Africa,2014,Men,[35-39],Divorced,0.32
GNB,Guinea-Bissau,Africa,1991,Men,[35-39],Divorced or Separated,1.63
GNB,Guinea-Bissau,Africa,2014,Men,[35-39],Living together,2.86
GNB,Guinea-Bissau,Africa,2014,Men,[35-39],Married,69.97
GNB,Guinea-Bissau,Africa,2014,Men,[35-39],Separated,9.59
GNB,Guinea-Bissau,Africa,2014,Men,[40-44],Divorced,0.54
GNB,Guinea-Bissau,Africa,1991,Men,[40-44],Divorced or Separated,1.87
GNB,Guinea-Bissau,Africa,2014,Men,[40-44],Living together,4.81
GNB,Guinea-Bissau,Africa,2014,Men,[40-44],Married,73.6
GNB,Guinea-Bissau,Africa,2014,Men,[40-44],Separated,10.7
GNB,Guinea-Bissau,Africa,2014,Men,[45-49],Divorced,0.97
GNB,Guinea-Bissau,Africa,1991,Men,[45-49],Divorced or Separated,2.19
GNB,Guinea-Bissau,Africa,2014,Men,[45-49],Living together,4.26
GNB,Guinea-Bissau,Africa,2014,Men,[45-49],Married,84.75
GNB,Guinea-Bissau,Africa,2014,Men,[45-49],Separated,4.88
GNB,Guinea-Bissau,Africa,2000,Men,[50-54],Divorced,0.62
GNB,Guinea-Bissau,Africa,1991,Men,[50-54],Divorced or Separated,2.04
GNB,Guinea-Bissau,Africa,2000,Men,[50-54],Married,93.27
GNB,Guinea-Bissau,Africa,2000,Men,[50-54],Separated,1.4
GNB,Guinea-Bissau,Africa,2000,Men,[55-59],Divorced,1.25
GNB,Guinea-Bissau,Africa,1991,Men,[55-59],Divorced or Separated,2.07
GNB,Guinea-Bissau,Africa,2000,Men,[55-59],Married,93.02
GNB,Guinea-Bissau,Africa,2000,Men,[55-59],Separated,1.93
GNB,Guinea-Bissau,Africa,2000,Men,[60-64],Divorced,0.46
GNB,Guinea-Bissau,Africa,1991,Men,[60-64],Divorced or Separated,2.15
GNB,Guinea-Bissau,Africa,2000,Men,[60-64],Married,94.51
GNB,Guinea-Bissau,Africa,2000,Men,[60-64],Separated,1.11
GNB,Guinea-Bissau,Africa,2014,Women,[15-19],Divorced,0.06
GNB,Guinea-Bissau,Africa,1991,Women,[15-19],Divorced or Separated,0.5
GNB,Guinea-Bissau,Africa,2014,Women,[15-19],Living together,2.89
GNB,Guinea-Bissau,Africa,2014,Women,[15-19],Married,8.53
GNB,Guinea-Bissau,Africa,2014,Women,[15-19],Separated,0.22
GNB,Guinea-Bissau,Africa,2014,Women,[20-24],Divorced,0.16
GNB,Guinea-Bissau,Africa,1991,Women,[20-24],Divorced or Separated,1.29
GNB,Guinea-Bissau,Africa,2014,Women,[20-24],Living together,12.15
GNB,Guinea-Bissau,Africa,2014,Women,[20-24],Married,29.97
GNB,Guinea-Bissau,Africa,2014,Women,[20-24],Separated,1.08
GNB,Guinea-Bissau,Africa,2014,Women,[25-29],Divorced,0.7
GNB,Guinea-Bissau,Africa,1991,Women,[25-29],Divorced or Separated,1.55
GNB,Guinea-Bissau,Africa,2014,Women,[25-29],Living together,16.53
GNB,Guinea-Bissau,Africa,2014,Women,[25-29],Married,48.88
GNB,Guinea-Bissau,Africa,2014,Women,[25-29],Separated,5.0
GNB,Guinea-Bissau,Africa,2014,Women,[30-34],Divorced,0.7
GNB,Guinea-Bissau,Africa,1991,Women,[30-34],Divorced or Separated,1.66
GNB,Guinea-Bissau,Africa,2014,Women,[30-34],Living together,18.03
GNB,Guinea-Bissau,Africa,2014,Women,[30-34],Married,59.62
GNB,Guinea-Bissau,Africa,2014,Women,[30-34],Separated,6.42
GNB,Guinea-Bissau,Africa,2014,Women,[35-39],Divorced,0.79
GNB,Guinea-Bissau,Africa,1991,Women,[35-39],Divorced or Separated,2.02
GNB,Guinea-Bissau,Africa,2014,Women,[35-39],Living together,22.81
GNB,Guinea-Bissau,Africa,2014,Women,[35-39],Married,62.14
GNB,Guinea-Bissau,Africa,2014,Women,[35-39],Separated,6.45
GNB,Guinea-Bissau,Africa,2014,Women,[40-44],Divorced,1.49
GNB,Guinea-Bissau,Africa,1991,Women,[40-44],Divorced or Separated,2.15
GNB,Guinea-Bissau,Africa,2014,Women,[40-44],Living together,23.66
GNB,Guinea-Bissau,Africa,2014,Women,[40-44],Married,59.43
GNB,Guinea-Bissau,Africa,2014,Women,[40-44],Separated,4.78
GNB,Guinea-Bissau,Africa,2014,Women,[45-49],Divorced,0.78
GNB,Guinea-Bissau,Africa,1991,Women,[45-49],Divorced or Separated,2.49
GNB,Guinea-Bissau,Africa,2014,Women,[45-49],Living together,22.6
GNB,Guinea-Bissau,Africa,2014,Women,[45-49],Married,56.2
GNB,Guinea-Bissau,Africa,2014,Women,[45-49],Separated,5.61
GNB,Guinea-Bissau,Africa,2000,Women,[50-54],Divorced,0.65
GNB,Guinea-Bissau,Africa,1991,Women,[50-54],Divorced or Separated,2.27
GNB,Guinea-Bissau,Africa,2000,Women,[50-54],Married,75.86
GNB,Guinea-Bissau,Africa,2000,Women,[50-54],Separated,2.16
GNB,Guinea-Bissau,Africa,2000,Women,[55-59],Divorced,0.69
GNB,Guinea-Bissau,Africa,1991,Women,[55-59],Divorced or Separated,2.8
GNB,Guinea-Bissau,Africa,2000,Women,[55-59],Married,67.94
GNB,Guinea-Bissau,Africa,2000,Women,[55-59],Separated,1.88
GNB,Guinea-Bissau,Africa,2000,Women,[60-64],Divorced,1.22
GNB,Guinea-Bissau,Africa,1991,Women,[60-64],Divorced or Separated,2.72
GNB,Guinea-Bissau,Africa,2000,Women,[60-64],Married,55.63
GNB,Guinea-Bissau,Africa,2000,Women,[60-64],Separated,1.17
KEN,Kenya,Africa,2014,Men,[15-19],Divorced,0.0
KEN,Kenya,Africa,1999,Men,[15-19],Divorced or Separated,0.1
KEN,Kenya,Africa,2014,Men,[15-19],Living together,0.1
KEN,Kenya,Africa,2014,Men,[15-19],Married,0.5
KEN,Kenya,Africa,2000,Men,[15-19],Married or Living together,2.33
KEN,Kenya,Africa,2009,Men,[15-19],Separated,0.06
KEN,Kenya,Africa,2014,Men,[20-24],Divorced,0.6
KEN,Kenya,Africa,1999,Men,[20-24],Divorced or Separated,0.6
KEN,Kenya,Africa,2014,Men,[20-24],Living together,2.7
KEN,Kenya,Africa,2014,Men,[20-24],Married,15.1
KEN,Kenya,Africa,2000,Men,[20-24],Married or Living together,23.97
KEN,Kenya,Africa,2009,Men,[20-24],Separated,0.4
KEN,Kenya,Africa,2014,Men,[25-29],Divorced,1.5
KEN,Kenya,Africa,1999,Men,[25-29],Divorced or Separated,1.5
KEN,Kenya,Africa,2014,Men,[25-29],Living together,3.3
KEN,Kenya,Africa,2014,Men,[25-29],Married,53.8
KEN,Kenya,Africa,2000,Men,[25-29],Married or Living together,70.87
KEN,Kenya,Africa,2009,Men,[25-29],Separated,1.13
KEN,Kenya,Africa,2014,Men,[30-34],Divorced,2.0
KEN,Kenya,Africa,1999,Men,[30-34],Divorced or Separated,2.4
KEN,Kenya,Africa,2014,Men,[30-34],Living together,3.0
KEN,Kenya,Africa,2014,Men,[30-34],Married,75.4
KEN,Kenya,Africa,2000,Men,[30-34],Married or Living together,88.58
KEN,Kenya,Africa,2009,Men,[30-34],Separated,1.83
KEN,Kenya,Africa,2014,Men,[35-39],Divorced,3.1
KEN,Kenya,Africa,1999,Men,[35-39],Divorced or Separated,2.8
KEN,Kenya,Africa,2014,Men,[35-39],Living together,2.2
KEN,Kenya,Africa,2014,Men,[35-39],Married,83.9
KEN,Kenya,Africa,2000,Men,[35-39],Married or Living together,96.51
KEN,Kenya,Africa,2009,Men,[35-39],Separated,2.08
KEN,Kenya,Africa,2014,Men,[40-44],Divorced,1.6
KEN,Kenya,Africa,1999,Men,[40-44],Divorced or Separated,3.0
KEN,Kenya,Africa,2014,Men,[40-44],Living together,1.3
KEN,Kenya,Africa,2014,Men,[40-44],Married,88.6
KEN,Kenya,Africa,2000,Men,[40-44],Married or Living together,96.28
KEN,Kenya,Africa,2009,Men,[40-44],Separated,2.15
KEN,Kenya,Africa,2014,Men,[45-49],Divorced,1.9
KEN,Kenya,Africa,1999,Men,[45-49],Divorced or Separated,3.1
KEN,Kenya,Africa,2014,Men,[45-49],Living together,3.3
KEN,Kenya,Africa,2014,Men,[45-49],Married,87.5
KEN,Kenya,Africa,2000,Men,[45-49],Married or Living together,95.68
KEN,Kenya,Africa,2009,Men,[45-49],Separated,2.06
KEN,Kenya,Africa,2009,Men,[50-54],Divorced,4.3
KEN,Kenya,Africa,2009,Men,[50-54],Living together,7.2
KEN,Kenya,Africa,2009,Men,[50-54],Married,91.6
KEN,Kenya,Africa,2000,Men,[50-54],Married or Living together,94.05
KEN,Kenya,Africa,2009,Men,[50-54],Separated,1.91
KEN,Kenya,Africa,2009,Men,[55-59],Divorced,3.3
KEN,Kenya,Africa,2009,Men,[55-59],Married,89.5
KEN,Kenya,Africa,2000,Men,[55-59],Married or Living together,93.59
KEN,Kenya,Africa,2009,Men,[55-59],Separated,1.71
KEN,Kenya,Africa,2009,Men,[60-64],Divorced,4.0
KEN,Kenya,Africa,2009,Men,[60-64],Married,89.7
KEN,Kenya,Africa,2000,Men,[60-64],Married or Living together,94.06
KEN,Kenya,Africa,2009,Men,[60-64],Separated,1.61
KEN,Kenya,Africa,1989,Men,[65+],Divorced,2.23
KEN,Kenya,Africa,1989,Men,[65+],Married,86.87
KEN,Kenya,Africa,1989,Men,[65+],Separated,0.16
KEN,Kenya,Africa,2014,Women,[15-19],Divorced,0.3
KEN,Kenya,Africa,1999,Women,[15-19],Divorced or Separated,0.6
KEN,Kenya,Africa,2014,Women,[15-19],Living together,1.5
KEN,Kenya,Africa,2014,Women,[15-19],Married,10.5
KEN,Kenya,Africa,2000,Women,[15-19],Married or Living together,14.25
KEN,Kenya,Africa,2009,Women,[15-19],Separated,0.38
KEN,Kenya,Africa,2014,Women,[20-24],Divorced,1.0
KEN,Kenya,Africa,1999,Women,[20-24],Divorced or Separated,2.41
KEN,Kenya,Africa,2014,Women,[20-24],Living together,7.0
KEN,Kenya,Africa,2014,Women,[20-24],Married,47.6
KEN,Kenya,Africa,2000,Women,[20-24],Married or Living together,58.61
KEN,Kenya,Africa,2009,Women,[20-24],Separated,1.59
KEN,Kenya,Africa,2014,Women,[25-29],Divorced,2.0
KEN,Kenya,Africa,1999,Women,[25-29],Divorced or Separated,3.83
KEN,Kenya,Africa,2014,Women,[25-29],Living together,5.5
KEN,Kenya,Africa,2014,Women,[25-29],Married,69.2
KEN,Kenya,Africa,2000,Women,[25-29],Married or Living together,78.31
KEN,Kenya,Africa,2009,Women,[25-29],Separated,2.62
KEN,Kenya,Africa,2014,Women,[30-34],Divorced,2.5
KEN,Kenya,Africa,1999,Women,[30-34],Divorced or Separated,4.89
KEN,Kenya,Africa,2014,Women,[30-34],Living together,5.7
KEN,Kenya,Africa,2014,Women,[30-34],Married,73.4
KEN,Kenya,Africa,2000,Women,[30-34],Married or Living together,82.74
KEN,Kenya,Africa,2009,Women,[30-34],Separated,3.16
KEN,Kenya,Africa,2014,Women,[35-39],Divorced,3.5
KEN,Kenya,Africa,1999,Women,[35-39],Divorced or Separated,4.98
KEN,Kenya,Africa,2014,Women,[35-39],Living together,6.4
KEN,Kenya,Africa,2014,Women,[35-39],Married,70.3
KEN,Kenya,Africa,2000,Women,[35-39],Married or Living together,82.64
KEN,Kenya,Africa,2009,Women,[35-39],Separated,3.36
KEN,Kenya,Africa,2014,Women,[40-44],Divorced,3.7
KEN,Kenya,Africa,1999,Women,[40-44],Divorced or Separated,4.63
KEN,Kenya,Africa,2014,Women,[40-44],Living together,5.5
KEN,Kenya,Africa,2014,Women,[40-44],Married,67.0
KEN,Kenya,Africa,2000,Women,[40-44],Married or Living together,78.44
KEN,Kenya,Africa,2009,Women,[40-44],Separated,3.21
KEN,Kenya,Africa,2014,Women,[45-49],Divorced,4.2
KEN,Kenya,Africa,1999,Women,[45-49],Divorced or Separated,4.4
KEN,Kenya,Africa,2014,Women,[45-49],Living together,4.8
KEN,Kenya,Africa,2014,Women,[45-49],Married,66.8
KEN,Kenya,Africa,2000,Women,[45-49],Married or Living together,77.54
KEN,Kenya,Africa,2009,Women,[45-49],Separated,2.92
KEN,Kenya,Africa,2009,Women,[50-54],Divorced,6.2
KEN,Kenya,Africa,2009,Women,[50-54],Married,64.3
KEN,Kenya,Africa,2000,Women,[50-54],Married or Living together,67.29
KEN,Kenya,Africa,2009,Women,[50-54],Separated,2.25
KEN,Kenya,Africa,2009,Women,[55-59],Divorced,3.5
KEN,Kenya,Africa,2009,Women,[55-59],Married,66.7
KEN,Kenya,Africa,2000,Women,[55-59],Married or Living together,70.74
KEN,Kenya,Africa,2009,Women,[55-59],Separated,2.04
KEN,Kenya,Africa,2009,Women,[60-64],Divorced,4.5
KEN,Kenya,Africa,2009,Women,[60-64],Married,55.8
KEN,Kenya,Africa,2000,Women,[60-64],Married or Living together,62.89
KEN,Kenya,Africa,2009,Women,[60-64],Separated,1.47
KEN,Kenya,Africa,1989,Women,[65+],Divorced,2.36
KEN,Kenya,Africa,1989,Women,[65+],Married,55.47
KEN,Kenya,Africa,1989,Women,[65+],Separated,0.35
LSO,Lesotho,Africa,2014,Men,[15-19],Divorced,0.03
LSO,Lesotho,Africa,1986,Men,[15-19],Divorced or Separated,0.06
LSO,Lesotho,Africa,2014,Men,[15-19],Living together,0.0
LSO,Lesotho,Africa,2014,Men,[15-19],Married,1.45
LSO,Lesotho,Africa,2000,Men,[15-19],Married or Living together,3.64
LSO,Lesotho,Africa,2011,Men,[15-19],Separated,0.1
LSO,Lesotho,Africa,2014,Men,[20-24],Divorced,1.13
LSO,Lesotho,Africa,1986,Men,[20-24],Divorced or Separated,0.87
LSO,Lesotho,Africa,2014,Men,[20-24],Living together,0.1
LSO,Lesotho,Africa,2014,Men,[20-24],Married,17.37
LSO,Lesotho,Africa,2000,Men,[20-24],Married or Living together,20.41
LSO,Lesotho,Africa,2011,Men,[20-24],Separated,0.8
LSO,Lesotho,Africa,2014,Men,[25-29],Divorced,3.41
LSO,Lesotho,Africa,1986,Men,[25-29],Divorced or Separated,3.11
LSO,Lesotho,Africa,2014,Men,[25-29],Living together,1.3
LSO,Lesotho,Africa,2014,Men,[25-29],Married,45.97
LSO,Lesotho,Africa,2000,Men,[25-29],Married or Living together,53.97
LSO,Lesotho,Africa,2011,Men,[25-29],Separated,2.2
LSO,Lesotho,Africa,2014,Men,[30-34],Divorced,7.4
LSO,Lesotho,Africa,1986,Men,[30-34],Divorced or Separated,4.46
LSO,Lesotho,Africa,2014,Men,[30-34],Living together,1.8
LSO,Lesotho,Africa,2014,Men,[30-34],Married,64.96
LSO,Lesotho,Africa,2000,Men,[30-34],Married or Living together,72.8
LSO,Lesotho,Africa,2011,Men,[30-34],Separated,3.4
LSO,Lesotho,Africa,2014,Men,[35-39],Divorced,8.56
LSO,Lesotho,Africa,1986,Men,[35-39],Divorced or Separated,4.96
LSO,Lesotho,Africa,2014,Men,[35-39],Living together,2.0
LSO,Lesotho,Africa,2014,Men,[35-39],Married,70.89
LSO,Lesotho,Africa,2000,Men,[35-39],Married or Living together,76.68
LSO,Lesotho,Africa,2011,Men,[35-39],Separated,3.8
LSO,Lesotho,Africa,2014,Men,[40-44],Divorced,7.69
LSO,Lesotho,Africa,1986,Men,[40-44],Divorced or Separated,4.96
LSO,Lesotho,Africa,2014,Men,[40-44],Living together,2.4
LSO,Lesotho,Africa,2014,Men,[40-44],Married,75.96
LSO,Lesotho,Africa,2000,Men,[40-44],Married or Living together,84.3
LSO,Lesotho,Africa,2011,Men,[40-44],Separated,5.6
LSO,Lesotho,Africa,2014,Men,[45-49],Divorced,7.73
LSO,Lesotho,Africa,1986,Men,[45-49],Divorced or Separated,5.02
LSO,Lesotho,Africa,2014,Men,[45-49],Living together,1.0
LSO,Lesotho,Africa,2014,Men,[45-49],Married,75.65
LSO,Lesotho,Africa,2000,Men,[45-49],Married or Living together,80.65
LSO,Lesotho,Africa,2011,Men,[45-49],Separated,4.1
LSO,Lesotho,Africa,2014,Men,[50-54],Divorced,8.81
LSO,Lesotho,Africa,1986,Men,[50-54],Divorced or Separated,4.77
LSO,Lesotho,Africa,2010,Men,[50-54],Living together,0.0
LSO,Lesotho,Africa,2014,Men,[50-54],Married,77.63
LSO,Lesotho,Africa,2000,Men,[50-54],Married or Living together,82.42
LSO,Lesotho,Africa,2011,Men,[50-54],Separated,4.9
LSO,Lesotho,Africa,2014,Men,[55-59],Divorced,5.81
LSO,Lesotho,Africa,1986,Men,[55-59],Divorced or Separated,4.8
LSO,Lesotho,Africa,2010,Men,[55-59],Living together,3.1
LSO,Lesotho,Africa,2014,Men,[55-59],Married,76.58
LSO,Lesotho,Africa,2000,Men,[55-59],Married or Living together,85.78
LSO,Lesotho,Africa,2011,Men,[55-59],Separated,4.8
LSO,Lesotho,Africa,2014,Men,[60-64],Divorced,6.31
LSO,Lesotho,Africa,1986,Men,[60-64],Divorced or Separated,4.79
LSO,Lesotho,Africa,2014,Men,[60-64],Married,73.45
LSO,Lesotho,Africa,2000,Men,[60-64],Married or Living together,84.23
LSO,Lesotho,Africa,2011,Men,[60-64],Separated,3.9
LSO,Lesotho,Africa,1986,Men,[65+],Divorced or Separated,3.75
LSO,Lesotho,Africa,1986,Men,[65+],Married,79.32
LSO,Lesotho,Africa,2014,Women,[15-19],Divorced,0.75
LSO,Lesotho,Africa,1986,Women,[15-19],Divorced or Separated,0.57
LSO,Lesotho,Africa,2014,Women,[15-19],Living together,0.0
LSO,Lesotho,Africa,2014,Women,[15-19],Married,14.68
LSO,Lesotho,Africa,2000,Women,[15-19],Married or Living together,17.55
LSO,Lesotho,Africa,2011,Women,[15-19],Separated,0.5
LSO,Lesotho,Africa,2014,Women,[20-24],Divorced,4.62
LSO,Lesotho,Africa,1986,Women,[20-24],Divorced or Separated,3.9
LSO,Lesotho,Africa,2014,Women,[20-24],Living together,1.1
LSO,Lesotho,Africa,2014,Women,[20-24],Married,47.6
LSO,Lesotho,Africa,2000,Women,[20-24],Married or Living together,52.6
LSO,Lesotho,Africa,2011,Women,[20-24],Separated,2.4
LSO,Lesotho,Africa,2014,Women,[25-29],Divorced,9.03
LSO,Lesotho,Africa,1986,Women,[25-29],Divorced or Separated,6.89
LSO,Lesotho,Africa,2014,Women,[25-29],Living together,0.9
LSO,Lesotho,Africa,2014,Women,[25-29],Married,62.03
LSO,Lesotho,Africa,2000,Women,[25-29],Married or Living together,0.88
LSO,Lesotho,Africa,2011,Women,[25-29],Separated,4.0
LSO,Lesotho,Africa,2014,Women,[30-34],Divorced,8.92
LSO,Lesotho,Africa,1986,Women,[30-34],Divorced or Separated,7.9
LSO,Lesotho,Africa,2014,Women,[30-34],Living together,2.5
LSO,Lesotho,Africa,2014,Women,[30-34],Married,65.62
LSO,Lesotho,Africa,2000,Women,[30-34],Married or Living together,74.76
LSO,Lesotho,Africa,2011,Women,[30-34],Separated,5.6
LSO,Lesotho,Africa,2014,Women,[35-39],Divorced,7.8
LSO,Lesotho,Africa,1986,Women,[35-39],Divorced or Separated,7.3
LSO,Lesotho,Africa,2014,Women,[35-39],Living together,0.9
LSO,Lesotho,Africa,2014,Women,[35-39],Married,67.85
LSO,Lesotho,Africa,2000,Women,[35-39],Married or Living together,75.44
LSO,Lesotho,Africa,2011,Women,[35-39],Separated,4.8
LSO,Lesotho,Africa,2014,Women,[40-44],Divorced,7.8
LSO,Lesotho,Africa,1986,Women,[40-44],Divorced or Separated,6.87
LSO,Lesotho,Africa,2014,Women,[40-44],Living together,0.7
LSO,Lesotho,Africa,2014,Women,[40-44],Married,58.83
LSO,Lesotho,Africa,2000,Women,[40-44],Married or Living together,0.43
LSO,Lesotho,Africa,2011,Women,[40-44],Separated,4.0
LSO,Lesotho,Africa,2014,Women,[45-49],Divorced,7.57
LSO,Lesotho,Africa,1986,Women,[45-49],Divorced or Separated,6.31
LSO,Lesotho,Africa,2014,Women,[45-49],Living together,1.0
LSO,Lesotho,Africa,2014,Women,[45-49],Married,60.85
LSO,Lesotho,Africa,2000,Women,[45-49],Married or Living together,0.54
LSO,Lesotho,Africa,2011,Women,[45-49],Separated,3.0
LSO,Lesotho,Africa,2014,Women,[50-54],Divorced,8.0
LSO,Lesotho,Africa,1986,Women,[50-54],Divorced or Separated,5.39
LSO,Lesotho,Africa,2014,Women,[50-54],Married,48.2
LSO,Lesotho,Africa,2000,Women,[50-54],Married or Living together,61.98
LSO,Lesotho,Africa,2011,Women,[50-54],Separated,3.6
LSO,Lesotho,Africa,2014,Women,[55-59],Divorced,7.22
LSO,Lesotho,Africa,1986,Women,[55-59],Divorced or Separated,4.84
LSO,Lesotho,Africa,2014,Women,[55-59],Married,45.18
LSO,Lesotho,Africa,2000,Women,[55-59],Married or Living together,52.47
LSO,Lesotho,Africa,2011,Women,[55-59],Separated,2.6
LSO,Lesotho,Africa,2014,Women,[60-64],Divorced,3.96
LSO,Lesotho,Africa,1986,Women,[60-64],Divorced or Separated,4.01
LSO,Lesotho,Africa,2014,Women,[60-64],Married,39.3
LSO,Lesotho,Africa,2000,Women,[60-64],Married or Living together,47.01
LSO,Lesotho,Africa,2011,Women,[60-64],Separated,2.4
LSO,Lesotho,Africa,1986,Women,[65+],Divorced or Separated,2.41
LSO,Lesotho,Africa,1986,Women,[65+],Married,37.87
LBR,Liberia,Africa,2013,Men,[15-19],Divorced,0.0
LBR,Liberia,Africa,1984,Men,[15-19],Divorced or Separated,0.22
LBR,Liberia,Africa,2013,Men,[15-19],Living together,1.2
LBR,Liberia,Africa,2013,Men,[15-19],Married,0.3
LBR,Liberia,Africa,2008,Men,[15-19],Separated,0.29
LBR,Liberia,Africa,2013,Men,[20-24],Divorced,0.5
LBR,Liberia,Africa,1984,Men,[20-24],Divorced or Separated,1.32
LBR,Liberia,Africa,2013,Men,[20-24],Living together,15.1
LBR,Liberia,Africa,2013,Men,[20-24],Married,6.7
LBR,Liberia,Africa,2008,Men,[20-24],Separated,3.73
LBR,Liberia,Africa,2013,Men,[25-29],Divorced,0.6
LBR,Liberia,Africa,1984,Men,[25-29],Divorced or Separated,3.15
LBR,Liberia,Africa,2013,Men,[25-29],Living together,41.5
LBR,Liberia,Africa,2013,Men,[25-29],Married,23.0
LBR,Liberia,Africa,2008,Men,[25-29],Separated,1.37
LBR,Liberia,Africa,2013,Men,[30-34],Divorced,0.7
LBR,Liberia,Africa,1984,Men,[30-34],Divorced or Separated,5.0
LBR,Liberia,Africa,2013,Men,[30-34],Living together,42.6
LBR,Liberia,Africa,2013,Men,[30-34],Married,39.9
LBR,Liberia,Africa,2008,Men,[30-34],Separated,1.95
LBR,Liberia,Africa,2013,Men,[35-39],Divorced,2.4
LBR,Liberia,Africa,1984,Men,[35-39],Divorced or Separated,5.56
LBR,Liberia,Africa,2013,Men,[35-39],Living together,31.3
LBR,Liberia,Africa,2013,Men,[35-39],Married,58.3
LBR,Liberia,Africa,2008,Men,[35-39],Separated,1.95
LBR,Liberia,Africa,2013,Men,[40-44],Divorced,2.3
LBR,Liberia,Africa,1984,Men,[40-44],Divorced or Separated,6.65
LBR,Liberia,Africa,2013,Men,[40-44],Living together,24.9
LBR,Liberia,Africa,2013,Men,[40-44],Married,62.6
LBR,Liberia,Africa,2008,Men,[40-44],Separated,2.35
LBR,Liberia,Africa,2013,Men,[45-49],Divorced,3.7
LBR,Liberia,Africa,1984,Men,[45-49],Divorced or Separated,6.64
LBR,Liberia,Africa,2013,Men,[45-49],Living together,19.7
LBR,Liberia,Africa,2013,Men,[45-49],Married,71.1
LBR,Liberia,Africa,2008,Men,[45-49],Separated,2.86
LBR,Liberia,Africa,2013,Men,[50-54],Divorced,6.9
LBR,Liberia,Africa,1984,Men,[50-54],Divorced or Separated,7.54
LBR,Liberia,Africa,2013,Men,[50-54],Married,88.3
LBR,Liberia,Africa,2008,Men,[50-54],Separated,2.69
LBR,Liberia,Africa,2013,Men,[55-59],Divorced,7.1
LBR,Liberia,Africa,1984,Men,[55-59],Divorced or Separated,7.47
LBR,Liberia,Africa,2013,Men,[55-59],Married,89.1
LBR,Liberia,Africa,2008,Men,[55-59],Separated,3.0
LBR,Liberia,Africa,2013,Men,[60-64],Divorced,6.2
LBR,Liberia,Africa,1984,Men,[60-64],Divorced or Separated,8.23
LBR,Liberia,Africa,2013,Men,[60-64],Married,84.8
LBR,Liberia,Africa,2008,Men,[60-64],Separated,3.54
LBR,Liberia,Africa,1971,Men,[65+],Divorced,7.87
LBR,Liberia,Africa,1971,Men,[65+],Divorced or Separated,7.87
LBR,Liberia,Africa,1971,Men,[65+],Married,74.47
LBR,Liberia,Africa,2013,Women,[15-19],Divorced,0.0
LBR,Liberia,Africa,1984,Women,[15-19],Divorced or Separated,1.2
LBR,Liberia,Africa,2013,Women,[15-19],Living together,10.9
LBR,Liberia,Africa,2013,Women,[15-19],Married,3.4
LBR,Liberia,Africa,2008,Women,[15-19],Separated,0.47
LBR,Liberia,Africa,2013,Women,[20-24],Divorced,0.5
LBR,Liberia,Africa,1984,Women,[20-24],Divorced or Separated,3.13
LBR,Liberia,Africa,2013,Women,[20-24],Living together,38.9
LBR,Liberia,Africa,2013,Women,[20-24],Married,13.5
LBR,Liberia,Africa,2008,Women,[20-24],Separated,1.25
LBR,Liberia,Africa,2013,Women,[25-29],Divorced,0.4
LBR,Liberia,Africa,1984,Women,[25-29],Divorced or Separated,3.9
LBR,Liberia,Africa,2013,Women,[25-29],Living together,44.2
LBR,Liberia,Africa,2013,Women,[25-29],Married,28.4
LBR,Liberia,Africa,2008,Women,[25-29],Separated,1.78
LBR,Liberia,Africa,2013,Women,[30-34],Divorced,1.3
LBR,Liberia,Africa,1984,Women,[30-34],Divorced or Separated,4.92
LBR,Liberia,Africa,2013,Women,[30-34],Living together,41.9
LBR,Liberia,Africa,2013,Women,[30-34],Married,37.9
LBR,Liberia,Africa,2008,Women,[30-34],Separated,2.52
LBR,Liberia,Africa,2013,Women,[35-39],Divorced,2.6
LBR,Liberia,Africa,1984,Women,[35-39],Divorced or Separated,5.42
LBR,Liberia,Africa,2013,Women,[35-39],Living together,34.9
LBR,Liberia,Africa,2013,Women,[35-39],Married,43.5
LBR,Liberia,Africa,2008,Women,[35-39],Separated,2.7
LBR,Liberia,Africa,2013,Women,[40-44],Divorced,4.8
LBR,Liberia,Africa,1984,Women,[40-44],Divorced or Separated,6.69
LBR,Liberia,Africa,2013,Women,[40-44],Living together,24.7
LBR,Liberia,Africa,2013,Women,[40-44],Married,51.5
LBR,Liberia,Africa,2008,Women,[40-44],Separated,3.27
LBR,Liberia,Africa,2013,Women,[45-49],Divorced,2.2
LBR,Liberia,Africa,1984,Women,[45-49],Divorced or Separated,7.36
LBR,Liberia,Africa,2013,Women,[45-49],Living together,16.0
LBR,Liberia,Africa,2013,Women,[45-49],Married,61.9
LBR,Liberia,Africa,2008,Women,[45-49],Separated,3.46
LBR,Liberia,Africa,2013,Women,[50-54],Divorced,10.6
LBR,Liberia,Africa,1984,Women,[50-54],Divorced or Separated,7.79
LBR,Liberia,Africa,2013,Women,[50-54],Married,69.4
LBR,Liberia,Africa,2008,Women,[50-54],Separated,3.72
LBR,Liberia,Africa,2013,Women,[55-59],Divorced,9.0
LBR,Liberia,Africa,1984,Women,[55-59],Divorced or Separated,8.52
LBR,Liberia,Africa,2013,Women,[55-59],Married,59.3
LBR,Liberia,Africa,2008,Women,[55-59],Separated,3.7
LBR,Liberia,Africa,2013,Women,[60-64],Divorced,10.2
LBR,Liberia,Africa,1984,Women,[60-64],Divorced or Separated,9.2
LBR,Liberia,Africa,2013,Women,[60-64],Married,42.9
LBR,Liberia,Africa,2008,Women,[60-64],Separated,3.51
LBR,Liberia,Africa,1971,Women,[65+],Divorced,9.67
LBR,Liberia,Africa,1971,Women,[65+],Divorced or Separated,9.67
LBR,Liberia,Africa,1971,Women,[65+],Married,26.24
LBY,Libya,Africa,1995,Men,[15-19],Divorced,0.0
LBY,Libya,Africa,1995,Men,[15-19],Married,0.1
LBY,Libya,Africa,1995,Men,[20-24],Divorced,0.1
LBY,Libya,Africa,1995,Men,[20-24],Married,1.2
LBY,Libya,Africa,1995,Men,[25-29],Divorced,0.3
LBY,Libya,Africa,1995,Men,[25-29],Married,13.07
LBY,Libya,Africa,1995,Men,[30-34],Divorced,1.2
LBY,Libya,Africa,1995,Men,[30-34],Married,56.7
LBY,Libya,Africa,1995,Men,[35-39],Divorced,1.1
LBY,Libya,Africa,1995,Men,[35-39],Married,87.7
LBY,Libya,Africa,1995,Men,[40-44],Divorced,0.4
LBY,Libya,Africa,1995,Men,[40-44],Married,96.0
LBY,Libya,Africa,1995,Men,[45-49],Divorced,1.2
LBY,Libya,Africa,1995,Men,[45-49],Married,97.3
LBY,Libya,Africa,1995,Men,[50-54],Divorced,0.3
LBY,Libya,Africa,1995,Men,[50-54],Married,99.1
LBY,Libya,Africa,1995,Men,[55-59],Divorced,0.7
LBY,Libya,Africa,1995,Men,[55-59],Married,97.7
LBY,Libya,Africa,1995,Men,[60-64],Divorced,0.8
LBY,Libya,Africa,1995,Men,[60-64],Married,96.8
LBY,Libya,Africa,1995,Women,[15-19],Divorced,0.0
LBY,Libya,Africa,1995,Women,[15-19],Married,0.9
LBY,Libya,Africa,1995,Women,[20-24],Divorced,0.2
LBY,Libya,Africa,1995,Women,[20-24],Married,11.99
LBY,Libya,Africa,1995,Women,[25-29],Divorced,1.4
LBY,Libya,Africa,1995,Women,[25-29],Married,39.6
LBY,Libya,Africa,1995,Women,[30-34],Divorced,3.6
LBY,Libya,Africa,1995,Women,[30-34],Married,67.63
LBY,Libya,Africa,1995,Women,[35-39],Divorced,3.2
LBY,Libya,Africa,1995,Women,[35-39],Married,83.6
LBY,Libya,Africa,1995,Women,[40-44],Divorced,3.0
LBY,Libya,Africa,1995,Women,[40-44],Married,87.4
LBY,Libya,Africa,1995,Women,[45-49],Divorced,2.1
LBY,Libya,Africa,1995,Women,[45-49],Married,87.6
LBY,Libya,Africa,1995,Women,[50-54],Divorced,1.3
LBY,Libya,Africa,1995,Women,[50-54],Married,84.38
LBY,Libya,Africa,1995,Women,[55-59],Divorced,3.4
LBY,Libya,Africa,1995,Women,[55-59],Married,74.3
LBY,Libya,Africa,1995,Women,[60-64],Divorced,5.9
LBY,Libya,Africa,1995,Women,[60-64],Married,60.6
MDG,Madagascar,Africa,2009,Men,[15-19],Divorced,0.8
MDG,Madagascar,Africa,2009,Men,[15-19],Living together,6.8
MDG,Madagascar,Africa,2009,Men,[15-19],Married,6.3
MDG,Madagascar,Africa,2000,Men,[15-19],Separated,0.21
MDG,Madagascar,Africa,2009,Men,[20-24],Divorced,3.1
MDG,Madagascar,Africa,2009,Men,[20-24],Living together,16.4
MDG,Madagascar,Africa,2009,Men,[20-24],Married,41.7
MDG,Madagascar,Africa,2000,Men,[20-24],Separated,0.27
MDG,Madagascar,Africa,2009,Men,[25-29],Divorced,5.1
MDG,Madagascar,Africa,2009,Men,[25-29],Living together,15.1
MDG,Madagascar,Africa,2009,Men,[25-29],Married,72.0
MDG,Madagascar,Africa,2000,Men,[25-29],Separated,0.51
MDG,Madagascar,Africa,2009,Men,[30-34],Divorced,4.6
MDG,Madagascar,Africa,2009,Men,[30-34],Living together,8.9
MDG,Madagascar,Africa,2009,Men,[30-34],Married,86.0
MDG,Madagascar,Africa,2000,Men,[30-34],Separated,0.11
MDG,Madagascar,Africa,2009,Men,[35-39],Divorced,4.8
MDG,Madagascar,Africa,2009,Men,[35-39],Living together,9.8
MDG,Madagascar,Africa,2009,Men,[35-39],Married,89.6
MDG,Madagascar,Africa,2000,Men,[35-39],Separated,0.37
MDG,Madagascar,Africa,2009,Men,[40-44],Divorced,5.5
MDG,Madagascar,Africa,2009,Men,[40-44],Living together,5.6
MDG,Madagascar,Africa,2009,Men,[40-44],Married,90.5
MDG,Madagascar,Africa,2000,Men,[40-44],Separated,0.14
MDG,Madagascar,Africa,2009,Men,[45-49],Divorced,4.5
MDG,Madagascar,Africa,2009,Men,[45-49],Living together,8.1
MDG,Madagascar,Africa,2009,Men,[45-49],Married,91.0
MDG,Madagascar,Africa,2000,Men,[45-49],Separated,0.78
MDG,Madagascar,Africa,2009,Men,[50-54],Divorced,5.2
MDG,Madagascar,Africa,2009,Men,[50-54],Living together,5.9
MDG,Madagascar,Africa,2009,Men,[50-54],Married,88.8
MDG,Madagascar,Africa,2000,Men,[50-54],Separated,0.0
MDG,Madagascar,Africa,2009,Men,[55-59],Divorced,5.6
MDG,Madagascar,Africa,2009,Men,[55-59],Living together,7.6
MDG,Madagascar,Africa,2009,Men,[55-59],Married,89.1
MDG,Madagascar,Africa,2000,Men,[55-59],Separated,0.0
MDG,Madagascar,Africa,2009,Men,[60-64],Divorced,6.1
MDG,Madagascar,Africa,2009,Men,[60-64],Married,83.0
MDG,Madagascar,Africa,2000,Men,[60-64],Separated,0.18
MDG,Madagascar,Africa,1966,Men,[65+],Divorced,5.0
MDG,Madagascar,Africa,1966,Men,[65+],Married,80.0
MDG,Madagascar,Africa,2009,Women,[15-19],Divorced,4.1
MDG,Madagascar,Africa,2009,Women,[15-19],Living together,11.0
MDG,Madagascar,Africa,2009,Women,[15-19],Married,22.7
MDG,Madagascar,Africa,2000,Women,[15-19],Separated,2.74
MDG,Madagascar,Africa,2009,Women,[20-24],Divorced,10.1
MDG,Madagascar,Africa,2009,Women,[20-24],Living together,14.1
MDG,Madagascar,Africa,2009,Women,[20-24],Married,58.9
MDG,Madagascar,Africa,2000,Women,[20-24],Separated,3.16
MDG,Madagascar,Africa,2009,Women,[25-29],Divorced,10.5
MDG,Madagascar,Africa,2009,Women,[25-29],Living together,8.4
MDG,Madagascar,Africa,2009,Women,[25-29],Married,74.5
MDG,Madagascar,Africa,2000,Women,[25-29],Separated,2.35
MDG,Madagascar,Africa,2009,Women,[30-34],Divorced,12.2
MDG,Madagascar,Africa,2009,Women,[30-34],Living together,7.3
MDG,Madagascar,Africa,2009,Women,[30-34],Married,81.0
MDG,Madagascar,Africa,2000,Women,[30-34],Separated,1.21
MDG,Madagascar,Africa,2009,Women,[35-39],Divorced,12.6
MDG,Madagascar,Africa,2009,Women,[35-39],Living together,5.2
MDG,Madagascar,Africa,2009,Women,[35-39],Married,77.5
MDG,Madagascar,Africa,2000,Women,[35-39],Separated,1.3
MDG,Madagascar,Africa,2009,Women,[40-44],Divorced,2.8
MDG,Madagascar,Africa,2009,Women,[40-44],Living together,6.3
MDG,Madagascar,Africa,2009,Women,[40-44],Married,73.5
MDG,Madagascar,Africa,2000,Women,[40-44],Separated,1.12
MDG,Madagascar,Africa,2009,Women,[45-49],Divorced,2.6
MDG,Madagascar,Africa,2009,Women,[45-49],Living together,4.2
MDG,Madagascar,Africa,2009,Women,[45-49],Married,72.0
MDG,Madagascar,Africa,2000,Women,[45-49],Separated,0.84
MDG,Madagascar,Africa,2009,Women,[50-54],Divorced,16.0
MDG,Madagascar,Africa,2009,Women,[50-54],Married,65.6
MDG,Madagascar,Africa,2000,Women,[50-54],Separated,0.63
MDG,Madagascar,Africa,2009,Women,[55-59],Divorced,17.0
MDG,Madagascar,Africa,2009,Women,[55-59],Married,54.8
MDG,Madagascar,Africa,2000,Women,[55-59],Separated,1.0
MDG,Madagascar,Africa,2009,Women,[60-64],Divorced,15.6
MDG,Madagascar,Africa,2009,Women,[60-64],Married,47.2
MDG,Madagascar,Africa,2000,Women,[60-64],Separated,1.38
MDG,Madagascar,Africa,1966,Women,[65+],Divorced,18.0
MDG,Madagascar,Africa,1966,Women,[65+],Married,21.0
MWI,Malawi,Africa,2016,Men,[15-19],Divorced,0.36
MWI,Malawi,Africa,2018,Men,[15-19],Divorced or Separated,0.16
MWI,Malawi,Africa,2016,Men,[15-19],Living together,0.3
MWI,Malawi,Africa,2018,Men,[15-19],Married,3.24
MWI,Malawi,Africa,2014,Men,[15-19],Separated,0.34
MWI,Malawi,Africa,2016,Men,[20-24],Divorced,2.09
MWI,Malawi,Africa,2018,Men,[20-24],Divorced or Separated,1.42
MWI,Malawi,Africa,2016,Men,[20-24],Living together,3.2
MWI,Malawi,Africa,2018,Men,[20-24],Married,38.96
MWI,Malawi,Africa,2014,Men,[20-24],Separated,1.39
MWI,Malawi,Africa,2016,Men,[25-29],Divorced,3.44
MWI,Malawi,Africa,2018,Men,[25-29],Divorced or Separated,2.7
MWI,Malawi,Africa,2016,Men,[25-29],Living together,6.7
MWI,Malawi,Africa,2018,Men,[25-29],Married,72.85
MWI,Malawi,Africa,2014,Men,[25-29],Separated,3.66
MWI,Malawi,Africa,2016,Men,[30-34],Divorced,4.3
MWI,Malawi,Africa,2018,Men,[30-34],Divorced or Separated,3.39
MWI,Malawi,Africa,2016,Men,[30-34],Living together,6.5
MWI,Malawi,Africa,2018,Men,[30-34],Married,86.63
MWI,Malawi,Africa,2014,Men,[30-34],Separated,3.17
MWI,Malawi,Africa,2016,Men,[35-39],Divorced,5.15
MWI,Malawi,Africa,2018,Men,[35-39],Divorced or Separated,3.61
MWI,Malawi,Africa,2016,Men,[35-39],Living together,6.2
MWI,Malawi,Africa,2018,Men,[35-39],Married,90.6
MWI,Malawi,Africa,2014,Men,[35-39],Separated,1.81
MWI,Malawi,Africa,2016,Men,[40-44],Divorced,3.61
MWI,Malawi,Africa,2018,Men,[40-44],Divorced or Separated,3.75
MWI,Malawi,Africa,2016,Men,[40-44],Living together,4.4
MWI,Malawi,Africa,2018,Men,[40-44],Married,92.18
MWI,Malawi,Africa,2014,Men,[40-44],Separated,1.35
MWI,Malawi,Africa,2016,Men,[45-49],Divorced,4.51
MWI,Malawi,Africa,2018,Men,[45-49],Divorced or Separated,3.65
MWI,Malawi,Africa,2016,Men,[45-49],Living together,6.1
MWI,Malawi,Africa,2018,Men,[45-49],Married,92.73
MWI,Malawi,Africa,2014,Men,[45-49],Separated,1.53
MWI,Malawi,Africa,2016,Men,[50-54],Divorced,5.26
MWI,Malawi,Africa,2018,Men,[50-54],Divorced or Separated,3.74
MWI,Malawi,Africa,2010,Men,[50-54],Living together,9.7
MWI,Malawi,Africa,2018,Men,[50-54],Married,92.58
MWI,Malawi,Africa,2016,Men,[55-59],Divorced,4.08
MWI,Malawi,Africa,2018,Men,[55-59],Divorced or Separated,3.71
MWI,Malawi,Africa,2018,Men,[55-59],Married,92.21
MWI,Malawi,Africa,2016,Men,[60-64],Divorced,5.23
MWI,Malawi,Africa,2018,Men,[60-64],Divorced or Separated,4.04
MWI,Malawi,Africa,2018,Men,[60-64],Married,91.21
MWI,Malawi,Africa,2018,Men,[65+],Divorced or Separated,5.06
MWI,Malawi,Africa,2018,Men,[65+],Married,84.85
MWI,Malawi,Africa,2016,Women,[15-19],Divorced,3.38
MWI,Malawi,Africa,2018,Women,[15-19],Divorced or Separated,2.49
MWI,Malawi,Africa,2016,Women,[15-19],Living together,2.0
MWI,Malawi,Africa,2018,Women,[15-19],Married,23.36
MWI,Malawi,Africa,2014,Women,[15-19],Separated,2.1
MWI,Malawi,Africa,2016,Women,[20-24],Divorced,9.74
MWI,Malawi,Africa,2018,Women,[20-24],Divorced or Separated,8.01
MWI,Malawi,Africa,2016,Women,[20-24],Living together,5.7
MWI,Malawi,Africa,2018,Women,[20-24],Married,67.5
MWI,Malawi,Africa,2014,Women,[20-24],Separated,4.61
MWI,Malawi,Africa,2016,Women,[25-29],Divorced,12.29
MWI,Malawi,Africa,2018,Women,[25-29],Divorced or Separated,10.65
MWI,Malawi,Africa,2016,Women,[25-29],Living together,4.5
MWI,Malawi,Africa,2018,Women,[25-29],Married,79.48
MWI,Malawi,Africa,2014,Women,[25-29],Separated,4.99
MWI,Malawi,Africa,2016,Women,[30-34],Divorced,14.27
MWI,Malawi,Africa,2018,Women,[30-34],Divorced or Separated,12.32
MWI,Malawi,Africa,2016,Women,[30-34],Living together,4.7
MWI,Malawi,Africa,2018,Women,[30-34],Married,81.95
MWI,Malawi,Africa,2014,Women,[30-34],Separated,5.01
MWI,Malawi,Africa,2016,Women,[35-39],Divorced,14.75
MWI,Malawi,Africa,2018,Women,[35-39],Divorced or Separated,13.39
MWI,Malawi,Africa,2016,Women,[35-39],Living together,4.0
MWI,Malawi,Africa,2018,Women,[35-39],Married,80.33
MWI,Malawi,Africa,2014,Women,[35-39],Separated,4.45
MWI,Malawi,Africa,2016,Women,[40-44],Divorced,13.63
MWI,Malawi,Africa,2018,Women,[40-44],Divorced or Separated,13.36
MWI,Malawi,Africa,2016,Women,[40-44],Living together,3.2
MWI,Malawi,Africa,2018,Women,[40-44],Married,77.67
MWI,Malawi,Africa,2014,Women,[40-44],Separated,4.42
MWI,Malawi,Africa,2016,Women,[45-49],Divorced,14.75
MWI,Malawi,Africa,2018,Women,[45-49],Divorced or Separated,12.65
MWI,Malawi,Africa,2016,Women,[45-49],Living together,3.4
MWI,Malawi,Africa,2018,Women,[45-49],Married,74.97
MWI,Malawi,Africa,2014,Women,[45-49],Separated,4.12
MWI,Malawi,Africa,2016,Women,[50-54],Divorced,14.19
MWI,Malawi,Africa,2018,Women,[50-54],Divorced or Separated,12.7
MWI,Malawi,Africa,2018,Women,[50-54],Married,68.52
MWI,Malawi,Africa,2016,Women,[55-59],Divorced,13.48
MWI,Malawi,Africa,2018,Women,[55-59],Divorced or Separated,12.76
MWI,Malawi,Africa,2018,Women,[55-59],Married,63.14
MWI,Malawi,Africa,2016,Women,[60-64],Divorced,13.77
MWI,Malawi,Africa,2018,Women,[60-64],Divorced or Separated,12.41
MWI,Malawi,Africa,2018,Women,[60-64],Married,55.91
MWI,Malawi,Africa,2018,Women,[65+],Divorced or Separated,11.29
MWI,Malawi,Africa,2018,Women,[65+],Married,37.27
MLI,Mali,Africa,2018,Men,[15-19],Divorced,0.25
MLI,Mali,Africa,2009,Men,[15-19],Divorced or Separated,0.13
MLI,Mali,Africa,2013,Men,[15-19],Living together,1.8
MLI,Mali,Africa,2018,Men,[15-19],Married,3.4
MLI,Mali,Africa,2015,Men,[15-19],Married or Living together,0.9
MLI,Mali,Africa,2018,Men,[15-19],Separated,0.2
MLI,Mali,Africa,2018,Men,[20-24],Divorced,0.54
MLI,Mali,Africa,2009,Men,[20-24],Divorced or Separated,0.2
MLI,Mali,Africa,2013,Men,[20-24],Living together,2.8
MLI,Mali,Africa,2018,Men,[20-24],Married,20.68
MLI,Mali,Africa,2015,Men,[20-24],Married or Living together,15.67
MLI,Mali,Africa,2018,Men,[20-24],Separated,0.2
MLI,Mali,Africa,2018,Men,[25-29],Divorced,1.25
MLI,Mali,Africa,2009,Men,[25-29],Divorced or Separated,0.34
MLI,Mali,Africa,2013,Men,[25-29],Living together,3.9
MLI,Mali,Africa,2018,Men,[25-29],Married,62.55
MLI,Mali,Africa,2015,Men,[25-29],Married or Living together,47.83
MLI,Mali,Africa,2018,Men,[25-29],Separated,0.3
MLI,Mali,Africa,2018,Men,[30-34],Divorced,1.51
MLI,Mali,Africa,2009,Men,[30-34],Divorced or Separated,0.46
MLI,Mali,Africa,2013,Men,[30-34],Living together,0.6
MLI,Mali,Africa,2018,Men,[30-34],Married,87.57
MLI,Mali,Africa,2015,Men,[30-34],Married or Living together,74.96
MLI,Mali,Africa,2018,Men,[30-34],Separated,0.2
MLI,Mali,Africa,2018,Men,[35-39],Divorced,1.2
MLI,Mali,Africa,2009,Men,[35-39],Divorced or Separated,0.56
MLI,Mali,Africa,2013,Men,[35-39],Living together,0.7
MLI,Mali,Africa,2018,Men,[35-39],Married,95.58
MLI,Mali,Africa,2015,Men,[35-39],Married or Living together,84.3
MLI,Mali,Africa,2018,Men,[35-39],Separated,0.3
MLI,Mali,Africa,2018,Men,[40-44],Divorced,0.81
MLI,Mali,Africa,2009,Men,[40-44],Divorced or Separated,0.59
MLI,Mali,Africa,2013,Men,[40-44],Living together,0.5
MLI,Mali,Africa,2018,Men,[40-44],Married,97.12
MLI,Mali,Africa,2015,Men,[40-44],Married or Living together,87.14
MLI,Mali,Africa,2015,Men,[40-44],Separated,1.22
MLI,Mali,Africa,2018,Men,[45-49],Divorced,1.0
MLI,Mali,Africa,2009,Men,[45-49],Divorced or Separated,0.67
MLI,Mali,Africa,2013,Men,[45-49],Living together,1.4
MLI,Mali,Africa,2018,Men,[45-49],Married,97.0
MLI,Mali,Africa,2015,Men,[45-49],Married or Living together,87.06
MLI,Mali,Africa,2015,Men,[45-49],Separated,1.91
MLI,Mali,Africa,2018,Men,[50-54],Divorced,0.45
MLI,Mali,Africa,2009,Men,[50-54],Divorced or Separated,0.64
MLI,Mali,Africa,2013,Men,[50-54],Living together,0.6
MLI,Mali,Africa,2018,Men,[50-54],Married,97.25
MLI,Mali,Africa,2018,Men,[55-59],Divorced,1.69
MLI,Mali,Africa,2009,Men,[55-59],Divorced or Separated,0.58
MLI,Mali,Africa,2013,Men,[55-59],Living together,1.4
MLI,Mali,Africa,2018,Men,[55-59],Married,96.89
MLI,Mali,Africa,2018,Men,[60-64],Divorced,0.85
MLI,Mali,Africa,2009,Men,[60-64],Divorced or Separated,0.59
MLI,Mali,Africa,2018,Men,[60-64],Married,96.72
MLI,Mali,Africa,2018,Women,[15-19],Divorced,0.65
MLI,Mali,Africa,2009,Women,[15-19],Divorced or Separated,0.31
MLI,Mali,Africa,2015,Women,[15-19],Living together,2.73
MLI,Mali,Africa,2018,Women,[15-19],Married,41.57
MLI,Mali,Africa,2018,Women,[15-19],Separated,0.6
MLI,Mali,Africa,2018,Women,[20-24],Divorced,1.19
MLI,Mali,Africa,2009,Women,[20-24],Divorced or Separated,0.64
MLI,Mali,Africa,2015,Women,[20-24],Living together,4.75
MLI,Mali,Africa,2018,Women,[20-24],Married,80.92
MLI,Mali,Africa,2018,Women,[20-24],Separated,1.0
MLI,Mali,Africa,2018,Women,[25-29],Divorced,0.91
MLI,Mali,Africa,2009,Women,[25-29],Divorced or Separated,0.83
MLI,Mali,Africa,2015,Women,[25-29],Living together,4.09
MLI,Mali,Africa,2018,Women,[25-29],Married,93.18
MLI,Mali,Africa,2018,Women,[25-29],Separated,0.4
MLI,Mali,Africa,2018,Women,[30-34],Divorced,1.38
MLI,Mali,Africa,2009,Women,[30-34],Divorced or Separated,1.05
MLI,Mali,Africa,2015,Women,[30-34],Living together,2.66
MLI,Mali,Africa,2018,Women,[30-34],Married,94.72
MLI,Mali,Africa,2018,Women,[30-34],Separated,0.4
MLI,Mali,Africa,2018,Women,[35-39],Divorced,3.1
MLI,Mali,Africa,2009,Women,[35-39],Divorced or Separated,1.21
MLI,Mali,Africa,2015,Women,[35-39],Living together,3.19
MLI,Mali,Africa,2018,Women,[35-39],Married,93.42
MLI,Mali,Africa,2018,Women,[35-39],Separated,0.4
MLI,Mali,Africa,2018,Women,[40-44],Divorced,1.62
MLI,Mali,Africa,2009,Women,[40-44],Divorced or Separated,1.39
MLI,Mali,Africa,2015,Women,[40-44],Living together,1.93
MLI,Mali,Africa,2018,Women,[40-44],Married,92.9
MLI,Mali,Africa,2018,Women,[40-44],Separated,0.1
MLI,Mali,Africa,2018,Women,[45-49],Divorced,2.55
MLI,Mali,Africa,2009,Women,[45-49],Divorced or Separated,1.45
MLI,Mali,Africa,2015,Women,[45-49],Living together,2.71
MLI,Mali,Africa,2018,Women,[45-49],Married,91.63
MLI,Mali,Africa,2018,Women,[45-49],Separated,0.6
MLI,Mali,Africa,2018,Women,[50-54],Divorced,1.89
MLI,Mali,Africa,2009,Women,[50-54],Divorced or Separated,1.42
MLI,Mali,Africa,2018,Women,[50-54],Married,81.88
MLI,Mali,Africa,2018,Women,[55-59],Divorced,1.4
MLI,Mali,Africa,2009,Women,[55-59],Divorced or Separated,1.35
MLI,Mali,Africa,2018,Women,[55-59],Married,77.11
MLI,Mali,Africa,2018,Women,[60-64],Divorced,1.07
MLI,Mali,Africa,2009,Women,[60-64],Divorced or Separated,1.35
MLI,Mali,Africa,2018,Women,[60-64],Married,65.98
MRT,Mauritania,Africa,2015,Men,[15-19],Divorced,0.0
MRT,Mauritania,Africa,1988,Men,[15-19],Divorced or Separated,0.33
MRT,Mauritania,Africa,2011,Men,[15-19],Married,0.57
MRT,Mauritania,Africa,2015,Men,[15-19],Married or Living together,0.76
MRT,Mauritania,Africa,2015,Men,[20-24],Divorced,0.8
MRT,Mauritania,Africa,1988,Men,[20-24],Divorced or Separated,1.11
MRT,Mauritania,Africa,2011,Men,[20-24],Married,9.13
MRT,Mauritania,Africa,2015,Men,[20-24],Married or Living together,11.14
MRT,Mauritania,Africa,2015,Men,[25-29],Divorced,2.01
MRT,Mauritania,Africa,1988,Men,[25-29],Divorced or Separated,3.07
MRT,Mauritania,Africa,2011,Men,[25-29],Married,37.9
MRT,Mauritania,Africa,2015,Men,[25-29],Married or Living together,31.93
MRT,Mauritania,Africa,2015,Men,[30-34],Divorced,2.85
MRT,Mauritania,Africa,1988,Men,[30-34],Divorced or Separated,4.19
MRT,Mauritania,Africa,2011,Men,[30-34],Married,66.65
MRT,Mauritania,Africa,2015,Men,[30-34],Married or Living together,66.21
MRT,Mauritania,Africa,2015,Men,[35-39],Divorced,2.32
MRT,Mauritania,Africa,1988,Men,[35-39],Divorced or Separated,3.78
MRT,Mauritania,Africa,2011,Men,[35-39],Married,86.19
MRT,Mauritania,Africa,2015,Men,[35-39],Married or Living together,82.95
MRT,Mauritania,Africa,2015,Men,[40-44],Divorced,3.15
MRT,Mauritania,Africa,1988,Men,[40-44],Divorced or Separated,3.49
MRT,Mauritania,Africa,2011,Men,[40-44],Married,91.09
MRT,Mauritania,Africa,2015,Men,[40-44],Married or Living together,90.01
MRT,Mauritania,Africa,2015,Men,[45-49],Divorced,1.81
MRT,Mauritania,Africa,1988,Men,[45-49],Divorced or Separated,3.3
MRT,Mauritania,Africa,2011,Men,[45-49],Married,93.63
MRT,Mauritania,Africa,2015,Men,[45-49],Married or Living together,91.46
MRT,Mauritania,Africa,2011,Men,[50-54],Divorced,2.12
MRT,Mauritania,Africa,1988,Men,[50-54],Divorced or Separated,3.36
MRT,Mauritania,Africa,2011,Men,[50-54],Married,94.47
MRT,Mauritania,Africa,2011,Men,[55-59],Divorced,2.41
MRT,Mauritania,Africa,1988,Men,[55-59],Divorced or Separated,3.44
MRT,Mauritania,Africa,2011,Men,[55-59],Married,95.32
MRT,Mauritania,Africa,2011,Men,[60-64],Divorced,1.9
MRT,Mauritania,Africa,1988,Men,[60-64],Divorced or Separated,3.76
MRT,Mauritania,Africa,2011,Men,[60-64],Married,94.38
MRT,Mauritania,Africa,1977,Men,[65+],Divorced,4.25
MRT,Mauritania,Africa,1988,Men,[65+],Divorced or Separated,5.1
MRT,Mauritania,Africa,1988,Men,[65+],Married,85.64
MRT,Mauritania,Africa,2015,Women,[15-19],Divorced,4.37
MRT,Mauritania,Africa,1988,Women,[15-19],Divorced or Separated,3.59
MRT,Mauritania,Africa,2015,Women,[15-19],Married,23.42
MRT,Mauritania,Africa,2015,Women,[20-24],Divorced,12.21
MRT,Mauritania,Africa,1988,Women,[20-24],Divorced or Separated,9.18
MRT,Mauritania,Africa,2015,Women,[20-24],Married,51.85
MRT,Mauritania,Africa,2015,Women,[25-29],Divorced,13.17
MRT,Mauritania,Africa,1988,Women,[25-29],Divorced or Separated,12.34
MRT,Mauritania,Africa,2015,Women,[25-29],Married,69.98
MRT,Mauritania,Africa,2015,Women,[30-34],Divorced,13.28
MRT,Mauritania,Africa,1988,Women,[30-34],Divorced or Separated,13.66
MRT,Mauritania,Africa,2015,Women,[30-34],Married,77.27
MRT,Mauritania,Africa,2015,Women,[35-39],Divorced,13.37
MRT,Mauritania,Africa,1988,Women,[35-39],Divorced or Separated,13.83
MRT,Mauritania,Africa,2015,Women,[35-39],Married,80.65
MRT,Mauritania,Africa,2015,Women,[40-44],Divorced,18.46
MRT,Mauritania,Africa,1988,Women,[40-44],Divorced or Separated,15.75
MRT,Mauritania,Africa,2015,Women,[40-44],Married,76.34
MRT,Mauritania,Africa,2015,Women,[45-49],Divorced,20.48
MRT,Mauritania,Africa,1988,Women,[45-49],Divorced or Separated,17.32
MRT,Mauritania,Africa,2015,Women,[45-49],Married,74.9
MRT,Mauritania,Africa,2011,Women,[50-54],Divorced,14.03
MRT,Mauritania,Africa,1988,Women,[50-54],Divorced or Separated,19.95
MRT,Mauritania,Africa,2011,Women,[50-54],Married,67.19
MRT,Mauritania,Africa,2011,Women,[55-59],Divorced,17.39
MRT,Mauritania,Africa,1988,Women,[55-59],Divorced or Separated,19.89
MRT,Mauritania,Africa,2011,Women,[55-59],Married,52.3
MRT,Mauritania,Africa,2011,Women,[60-64],Divorced,13.52
MRT,Mauritania,Africa,1988,Women,[60-64],Divorced or Separated,20.86
MRT,Mauritania,Africa,2011,Women,[60-64],Married,49.15
MRT,Mauritania,Africa,1977,Women,[65+],Divorced,18.48
MRT,Mauritania,Africa,1988,Women,[65+],Divorced or Separated,19.83
MRT,Mauritania,Africa,1988,Women,[65+],Married,20.83
MUS,Mauritius,Africa,2011,Men,[15-19],Divorced,0.0
MUS,Mauritius,Africa,2011,Men,[15-19],Married,0.42
MUS,Mauritius,Africa,2011,Men,[15-19],Separated,0.03
MUS,Mauritius,Africa,2011,Men,[20-24],Divorced,0.06
MUS,Mauritius,Africa,2011,Men,[20-24],Married,7.64
MUS,Mauritius,Africa,2011,Men,[20-24],Separated,0.51
MUS,Mauritius,Africa,2011,Men,[25-29],Divorced,0.44
MUS,Mauritius,Africa,2011,Men,[25-29],Married,32.89
MUS,Mauritius,Africa,2011,Men,[25-29],Separated,1.84
MUS,Mauritius,Africa,2011,Men,[30-34],Divorced,1.22
MUS,Mauritius,Africa,2011,Men,[30-34],Married,60.28
MUS,Mauritius,Africa,2011,Men,[30-34],Separated,2.77
MUS,Mauritius,Africa,2011,Men,[35-39],Divorced,1.94
MUS,Mauritius,Africa,2011,Men,[35-39],Married,72.32
MUS,Mauritius,Africa,2011,Men,[35-39],Separated,3.48
MUS,Mauritius,Africa,2011,Men,[40-44],Divorced,2.42
MUS,Mauritius,Africa,2011,Men,[40-44],Married,77.67
MUS,Mauritius,Africa,2011,Men,[40-44],Separated,3.71
MUS,Mauritius,Africa,2011,Men,[45-49],Divorced,2.56
MUS,Mauritius,Africa,2011,Men,[45-49],Married,80.75
MUS,Mauritius,Africa,2011,Men,[45-49],Separated,3.17
MUS,Mauritius,Africa,2011,Men,[50-54],Divorced,2.17
MUS,Mauritius,Africa,2011,Men,[50-54],Married,83.38
MUS,Mauritius,Africa,2011,Men,[50-54],Separated,3.03
MUS,Mauritius,Africa,2011,Men,[55-59],Divorced,1.99
MUS,Mauritius,Africa,2011,Men,[55-59],Married,85.83
MUS,Mauritius,Africa,2011,Men,[55-59],Separated,2.27
MUS,Mauritius,Africa,2011,Men,[60-64],Divorced,1.66
MUS,Mauritius,Africa,2011,Men,[60-64],Married,85.87
MUS,Mauritius,Africa,2011,Men,[60-64],Separated,2.01
MUS,Mauritius,Africa,2011,Women,[15-19],Divorced,0.02
MUS,Mauritius,Africa,2011,Women,[15-19],Married,4.16
MUS,Mauritius,Africa,2011,Women,[15-19],Separated,0.28
MUS,Mauritius,Africa,2011,Women,[20-24],Divorced,0.33
MUS,Mauritius,Africa,2011,Women,[20-24],Married,29.69
MUS,Mauritius,Africa,2011,Women,[20-24],Separated,1.87
MUS,Mauritius,Africa,2011,Women,[25-29],Divorced,1.19
MUS,Mauritius,Africa,2011,Women,[25-29],Married,61.62
MUS,Mauritius,Africa,2011,Women,[25-29],Separated,3.28
MUS,Mauritius,Africa,2011,Women,[30-34],Divorced,2.02
MUS,Mauritius,Africa,2011,Women,[30-34],Married,77.65
MUS,Mauritius,Africa,2011,Women,[30-34],Separated,3.77
MUS,Mauritius,Africa,2011,Women,[35-39],Divorced,2.34
MUS,Mauritius,Africa,2011,Women,[35-39],Married,81.21
MUS,Mauritius,Africa,2011,Women,[35-39],Separated,3.98
MUS,Mauritius,Africa,2011,Women,[40-44],Divorced,2.83
MUS,Mauritius,Africa,2011,Women,[40-44],Married,80.02
MUS,Mauritius,Africa,2011,Women,[40-44],Separated,3.87
MUS,Mauritius,Africa,2011,Women,[45-49],Divorced,2.82
MUS,Mauritius,Africa,2011,Women,[45-49],Married,76.41
MUS,Mauritius,Africa,2011,Women,[45-49],Separated,4.13
MUS,Mauritius,Africa,2011,Women,[50-54],Divorced,2.57
MUS,Mauritius,Africa,2011,Women,[50-54],Married,70.8
MUS,Mauritius,Africa,2011,Women,[50-54],Separated,3.98
MUS,Mauritius,Africa,2011,Women,[55-59],Divorced,2.28
MUS,Mauritius,Africa,2011,Women,[55-59],Married,61.82
MUS,Mauritius,Africa,2011,Women,[55-59],Separated,4.04
MUS,Mauritius,Africa,2011,Women,[60-64],Divorced,1.84
MUS,Mauritius,Africa,2011,Women,[60-64],Married,50.62
MUS,Mauritius,Africa,2011,Women,[60-64],Separated,3.41
MYT,Mayotte,Africa,2012,Men,[15-19],Divorced,0.03
MYT,Mayotte,Africa,2012,Men,[15-19],Married,0.65
MYT,Mayotte,Africa,2002,Men,[15-19],Separated,0.04
MYT,Mayotte,Africa,2012,Men,[20-24],Divorced,0.09
MYT,Mayotte,Africa,2012,Men,[20-24],Married,12.03
MYT,Mayotte,Africa,2002,Men,[20-24],Separated,0.37
MYT,Mayotte,Africa,2012,Men,[25-29],Divorced,0.26
MYT,Mayotte,Africa,2012,Men,[25-29],Married,32.0
MYT,Mayotte,Africa,2002,Men,[25-29],Separated,0.62
MYT,Mayotte,Africa,2012,Men,[30-34],Divorced,0.44
MYT,Mayotte,Africa,2012,Men,[30-34],Married,46.64
MYT,Mayotte,Africa,2002,Men,[30-34],Separated,0.96
MYT,Mayotte,Africa,2012,Men,[35-39],Divorced,0.68
MYT,Mayotte,Africa,2012,Men,[35-39],Married,57.63
MYT,Mayotte,Africa,2002,Men,[35-39],Separated,1.63
MYT,Mayotte,Africa,2012,Men,[40-44],Divorced,1.06
MYT,Mayotte,Africa,2012,Men,[40-44],Married,62.73
MYT,Mayotte,Africa,2002,Men,[40-44],Separated,1.4
MYT,Mayotte,Africa,2012,Men,[45-49],Divorced,1.85
MYT,Mayotte,Africa,2012,Men,[45-49],Married,65.62
MYT,Mayotte,Africa,2002,Men,[45-49],Separated,1.09
MYT,Mayotte,Africa,2012,Men,[50-54],Divorced,1.95
MYT,Mayotte,Africa,2012,Men,[50-54],Married,70.03
MYT,Mayotte,Africa,2002,Men,[50-54],Separated,2.16
MYT,Mayotte,Africa,2012,Men,[55-59],Divorced,3.32
MYT,Mayotte,Africa,2012,Men,[55-59],Married,71.39
MYT,Mayotte,Africa,2002,Men,[55-59],Separated,1.29
MYT,Mayotte,Africa,2012,Men,[60-64],Divorced,3.42
MYT,Mayotte,Africa,2012,Men,[60-64],Married,71.11
MYT,Mayotte,Africa,2002,Men,[60-64],Separated,1.96
MYT,Mayotte,Africa,2012,Women,[15-19],Divorced,0.05
MYT,Mayotte,Africa,2012,Women,[15-19],Married,3.27
MYT,Mayotte,Africa,2002,Women,[15-19],Separated,0.75
MYT,Mayotte,Africa,2012,Women,[20-24],Divorced,0.39
MYT,Mayotte,Africa,2012,Women,[20-24],Married,26.81
MYT,Mayotte,Africa,2002,Women,[20-24],Separated,2.0
MYT,Mayotte,Africa,2012,Women,[25-29],Divorced,0.91
MYT,Mayotte,Africa,2012,Women,[25-29],Married,41.15
MYT,Mayotte,Africa,2002,Women,[25-29],Separated,3.11
MYT,Mayotte,Africa,2012,Women,[30-34],Divorced,1.4
MYT,Mayotte,Africa,2012,Women,[30-34],Married,49.68
MYT,Mayotte,Africa,2002,Women,[30-34],Separated,2.91
MYT,Mayotte,Africa,2012,Women,[35-39],Divorced,2.17
MYT,Mayotte,Africa,2012,Women,[35-39],Married,53.95
MYT,Mayotte,Africa,2002,Women,[35-39],Separated,3.72
MYT,Mayotte,Africa,2012,Women,[40-44],Divorced,3.02
MYT,Mayotte,Africa,2012,Women,[40-44],Married,56.68
MYT,Mayotte,Africa,2002,Women,[40-44],Separated,4.28
MYT,Mayotte,Africa,2012,Women,[45-49],Divorced,4.41
MYT,Mayotte,Africa,2012,Women,[45-49],Married,56.4
MYT,Mayotte,Africa,2002,Women,[45-49],Separated,4.8
MYT,Mayotte,Africa,2012,Women,[50-54],Divorced,5.51
MYT,Mayotte,Africa,2012,Women,[50-54],Married,56.11
MYT,Mayotte,Africa,2002,Women,[50-54],Separated,5.81
MYT,Mayotte,Africa,2012,Women,[55-59],Divorced,6.96
MYT,Mayotte,Africa,2012,Women,[55-59],Married,51.13
MYT,Mayotte,Africa,2002,Women,[55-59],Separated,5.45
MYT,Mayotte,Africa,2012,Women,[60-64],Divorced,7.98
MYT,Mayotte,Africa,2012,Women,[60-64],Married,43.48
MYT,Mayotte,Africa,2002,Women,[60-64],Separated,7.09
MAR,Morocco,Africa,2018,Men,[15-19],Divorced,0.1
MAR,Morocco,Africa,2018,Men,[15-19],Married,0.4
MAR,Morocco,Africa,2018,Men,[20-24],Divorced,0.1
MAR,Morocco,Africa,2018,Men,[20-24],Married,5.5
MAR,Morocco,Africa,2018,Men,[20-24],Separated,0.1
MAR,Morocco,Africa,2018,Men,[25-29],Divorced,0.8
MAR,Morocco,Africa,2018,Men,[25-29],Married,26.9
MAR,Morocco,Africa,2018,Men,[25-29],Separated,0.3
MAR,Morocco,Africa,2018,Men,[30-34],Divorced,1.2
MAR,Morocco,Africa,2018,Men,[30-34],Married,56.14
MAR,Morocco,Africa,2018,Men,[30-34],Separated,0.7
MAR,Morocco,Africa,2018,Men,[35-39],Divorced,1.8
MAR,Morocco,Africa,2018,Men,[35-39],Married,76.32
MAR,Morocco,Africa,2018,Men,[35-39],Separated,0.5
MAR,Morocco,Africa,2018,Men,[40-44],Divorced,1.5
MAR,Morocco,Africa,2018,Men,[40-44],Married,83.42
MAR,Morocco,Africa,2018,Men,[40-44],Separated,0.4
MAR,Morocco,Africa,2018,Men,[45-49],Divorced,1.2
MAR,Morocco,Africa,2018,Men,[45-49],Married,90.5
MAR,Morocco,Africa,2018,Men,[45-49],Separated,0.4
MAR,Morocco,Africa,2018,Men,[50-54],Divorced,2.0
MAR,Morocco,Africa,2018,Men,[50-54],Married,91.8
MAR,Morocco,Africa,2018,Men,[50-54],Separated,0.4
MAR,Morocco,Africa,2018,Men,[55-59],Divorced,1.3
MAR,Morocco,Africa,2018,Men,[55-59],Married,93.49
MAR,Morocco,Africa,2018,Men,[55-59],Separated,0.4
MAR,Morocco,Africa,2018,Men,[60-64],Divorced,1.4
MAR,Morocco,Africa,2018,Men,[60-64],Married,94.51
MAR,Morocco,Africa,2018,Men,[60-64],Separated,0.6
MAR,Morocco,Africa,2018,Women,[15-19],Divorced,0.3
MAR,Morocco,Africa,2018,Women,[15-19],Married,8.8
MAR,Morocco,Africa,2011,Women,[15-19],Separated,0.1
MAR,Morocco,Africa,2018,Women,[20-24],Divorced,1.6
MAR,Morocco,Africa,2018,Women,[20-24],Married,40.9
MAR,Morocco,Africa,2018,Women,[20-24],Separated,0.5
MAR,Morocco,Africa,2018,Women,[25-29],Divorced,3.7
MAR,Morocco,Africa,2018,Women,[25-29],Married,65.17
MAR,Morocco,Africa,2018,Women,[25-29],Separated,0.2
MAR,Morocco,Africa,2018,Women,[30-34],Divorced,4.0
MAR,Morocco,Africa,2018,Women,[30-34],Married,72.3
MAR,Morocco,Africa,2018,Women,[30-34],Separated,0.5
MAR,Morocco,Africa,2018,Women,[35-39],Divorced,3.4
MAR,Morocco,Africa,2018,Women,[35-39],Married,76.22
MAR,Morocco,Africa,2018,Women,[35-39],Separated,0.9
MAR,Morocco,Africa,2018,Women,[40-44],Divorced,3.7
MAR,Morocco,Africa,2018,Women,[40-44],Married,78.58
MAR,Morocco,Africa,2018,Women,[40-44],Separated,0.6
MAR,Morocco,Africa,2018,Women,[45-49],Divorced,4.9
MAR,Morocco,Africa,2018,Women,[45-49],Married,74.93
MAR,Morocco,Africa,2018,Women,[45-49],Separated,0.8
MAR,Morocco,Africa,2018,Women,[50-54],Divorced,5.4
MAR,Morocco,Africa,2018,Women,[50-54],Married,76.8
MAR,Morocco,Africa,2018,Women,[50-54],Separated,0.8
MAR,Morocco,Africa,2018,Women,[55-59],Divorced,4.7
MAR,Morocco,Africa,2018,Women,[55-59],Married,69.93
MAR,Morocco,Africa,2018,Women,[55-59],Separated,0.9
MAR,Morocco,Africa,2018,Women,[60-64],Divorced,5.4
MAR,Morocco,Africa,2018,Women,[60-64],Married,58.7
MAR,Morocco,Africa,2018,Women,[60-64],Separated,1.5
MOZ,Mozambique,Africa,2015,Men,[15-19],Divorced,0.4
MOZ,Mozambique,Africa,2017,Men,[15-19],Divorced or Separated,0.37
MOZ,Mozambique,Africa,2015,Men,[15-19],Living together,5.5
MOZ,Mozambique,Africa,2017,Men,[15-19],Married,1.59
MOZ,Mozambique,Africa,1960,Men,[15-19],Separated,0.0
MOZ,Mozambique,Africa,2015,Men,[20-24],Divorced,0.5
MOZ,Mozambique,Africa,2017,Men,[20-24],Divorced or Separated,1.19
MOZ,Mozambique,Africa,2015,Men,[20-24],Living together,28.0
MOZ,Mozambique,Africa,2017,Men,[20-24],Married,9.21
MOZ,Mozambique,Africa,1960,Men,[20-24],Separated,0.0
MOZ,Mozambique,Africa,2015,Men,[25-29],Divorced,1.9
MOZ,Mozambique,Africa,2017,Men,[25-29],Divorced or Separated,1.63
MOZ,Mozambique,Africa,2015,Men,[25-29],Living together,41.6
MOZ,Mozambique,Africa,2017,Men,[25-29],Married,14.46
MOZ,Mozambique,Africa,1960,Men,[25-29],Separated,0.01
MOZ,Mozambique,Africa,2015,Men,[30-34],Divorced,1.5
MOZ,Mozambique,Africa,2017,Men,[30-34],Divorced or Separated,1.96
MOZ,Mozambique,Africa,2015,Men,[30-34],Living together,45.0
MOZ,Mozambique,Africa,2017,Men,[30-34],Married,18.0
MOZ,Mozambique,Africa,1960,Men,[30-34],Separated,0.02
MOZ,Mozambique,Africa,2015,Men,[35-39],Divorced,1.5
MOZ,Mozambique,Africa,2017,Men,[35-39],Divorced or Separated,2.06
MOZ,Mozambique,Africa,2015,Men,[35-39],Living together,43.4
MOZ,Mozambique,Africa,2017,Men,[35-39],Married,21.32
MOZ,Mozambique,Africa,1960,Men,[35-39],Separated,0.02
MOZ,Mozambique,Africa,2015,Men,[40-44],Divorced,3.2
MOZ,Mozambique,Africa,2017,Men,[40-44],Divorced or Separated,2.1
MOZ,Mozambique,Africa,2015,Men,[40-44],Living together,39.8
MOZ,Mozambique,Africa,2017,Men,[40-44],Married,24.85
MOZ,Mozambique,Africa,1960,Men,[40-44],Separated,0.01
MOZ,Mozambique,Africa,2015,Men,[45-49],Divorced,1.0
MOZ,Mozambique,Africa,2017,Men,[45-49],Divorced or Separated,2.06
MOZ,Mozambique,Africa,2015,Men,[45-49],Living together,44.6
MOZ,Mozambique,Africa,2017,Men,[45-49],Married,27.35
MOZ,Mozambique,Africa,1960,Men,[45-49],Separated,0.01
MOZ,Mozambique,Africa,2015,Men,[50-54],Divorced,5.52
MOZ,Mozambique,Africa,2017,Men,[50-54],Divorced or Separated,2.35
MOZ,Mozambique,Africa,2011,Men,[50-54],Living together,26.5
MOZ,Mozambique,Africa,2017,Men,[50-54],Married,29.02
MOZ,Mozambique,Africa,1960,Men,[50-54],Separated,0.01
MOZ,Mozambique,Africa,2015,Men,[55-59],Divorced,6.36
MOZ,Mozambique,Africa,2017,Men,[55-59],Divorced or Separated,2.53
MOZ,Mozambique,Africa,2011,Men,[55-59],Living together,21.1
MOZ,Mozambique,Africa,2017,Men,[55-59],Married,29.86
MOZ,Mozambique,Africa,1960,Men,[55-59],Separated,0.01
MOZ,Mozambique,Africa,2015,Men,[60-64],Divorced,7.81
MOZ,Mozambique,Africa,2017,Men,[60-64],Divorced or Separated,2.6
MOZ,Mozambique,Africa,2011,Men,[60-64],Living together,24.2
MOZ,Mozambique,Africa,2017,Men,[60-64],Married,31.01
MOZ,Mozambique,Africa,1960,Men,[60-64],Separated,0.01
MOZ,Mozambique,Africa,1970,Men,[65+],Divorced or Separated,3.02
MOZ,Mozambique,Africa,1970,Men,[65+],Married,79.35
MOZ,Mozambique,Africa,2015,Women,[15-19],Divorced,1.3
MOZ,Mozambique,Africa,2017,Women,[15-19],Divorced or Separated,2.06
MOZ,Mozambique,Africa,2015,Women,[15-19],Living together,18.7
MOZ,Mozambique,Africa,2017,Women,[15-19],Married,6.77
MOZ,Mozambique,Africa,2008,Women,[15-19],Separated,4.58
MOZ,Mozambique,Africa,2015,Women,[20-24],Divorced,4.1
MOZ,Mozambique,Africa,2017,Women,[20-24],Divorced or Separated,4.63
MOZ,Mozambique,Africa,2015,Women,[20-24],Living together,29.7
MOZ,Mozambique,Africa,2017,Women,[20-24],Married,13.35
MOZ,Mozambique,Africa,2008,Women,[20-24],Separated,11.16
MOZ,Mozambique,Africa,2015,Women,[25-29],Divorced,5.5
MOZ,Mozambique,Africa,2017,Women,[25-29],Divorced or Separated,5.25
MOZ,Mozambique,Africa,2015,Women,[25-29],Living together,34.0
MOZ,Mozambique,Africa,2017,Women,[25-29],Married,16.2
MOZ,Mozambique,Africa,2008,Women,[25-29],Separated,11.42
MOZ,Mozambique,Africa,2015,Women,[30-34],Divorced,5.3
MOZ,Mozambique,Africa,2017,Women,[30-34],Divorced or Separated,6.04
MOZ,Mozambique,Africa,2015,Women,[30-34],Living together,35.6
MOZ,Mozambique,Africa,2017,Women,[30-34],Married,18.32
MOZ,Mozambique,Africa,2008,Women,[30-34],Separated,11.05
MOZ,Mozambique,Africa,2015,Women,[35-39],Divorced,7.9
MOZ,Mozambique,Africa,2017,Women,[35-39],Divorced or Separated,6.35
MOZ,Mozambique,Africa,2015,Women,[35-39],Living together,33.2
MOZ,Mozambique,Africa,2017,Women,[35-39],Married,20.6
MOZ,Mozambique,Africa,2008,Women,[35-39],Separated,11.33
MOZ,Mozambique,Africa,2015,Women,[40-44],Divorced,5.5
MOZ,Mozambique,Africa,2017,Women,[40-44],Divorced or Separated,7.03
MOZ,Mozambique,Africa,2015,Women,[40-44],Living together,31.7
MOZ,Mozambique,Africa,2017,Women,[40-44],Married,21.56
MOZ,Mozambique,Africa,2008,Women,[40-44],Separated,11.45
MOZ,Mozambique,Africa,2015,Women,[45-49],Divorced,4.7
MOZ,Mozambique,Africa,2017,Women,[45-49],Divorced or Separated,7.39
MOZ,Mozambique,Africa,2015,Women,[45-49],Living together,26.4
MOZ,Mozambique,Africa,2017,Women,[45-49],Married,22.19
MOZ,Mozambique,Africa,2008,Women,[45-49],Separated,12.84
MOZ,Mozambique,Africa,2015,Women,[50-54],Divorced,15.79
MOZ,Mozambique,Africa,2017,Women,[50-54],Divorced or Separated,8.07
MOZ,Mozambique,Africa,2009,Women,[50-54],Living together,43.6
MOZ,Mozambique,Africa,2017,Women,[50-54],Married,20.19
MOZ,Mozambique,Africa,1960,Women,[50-54],Separated,0.02
MOZ,Mozambique,Africa,2015,Women,[55-59],Divorced,17.63
MOZ,Mozambique,Africa,2017,Women,[55-59],Divorced or Separated,8.18
MOZ,Mozambique,Africa,2009,Women,[55-59],Living together,38.9
MOZ,Mozambique,Africa,2017,Women,[55-59],Married,19.35
MOZ,Mozambique,Africa,1960,Women,[55-59],Separated,0.01
MOZ,Mozambique,Africa,2015,Women,[60-64],Divorced,10.3
MOZ,Mozambique,Africa,2017,Women,[60-64],Divorced or Separated,8.27
MOZ,Mozambique,Africa,2009,Women,[60-64],Living together,28.8
MOZ,Mozambique,Africa,2017,Women,[60-64],Married,16.63
MOZ,Mozambique,Africa,1960,Women,[60-64],Separated,0.01
MOZ,Mozambique,Africa,1970,Women,[65+],Divorced or Separated,4.79
MOZ,Mozambique,Africa,1970,Women,[65+],Married,22.27
NAM,Namibia,Africa,2013,Men,[15-19],Divorced,0.0
NAM,Namibia,Africa,2001,Men,[15-19],Divorced or Separated,0.03
NAM,Namibia,Africa,2013,Men,[15-19],Living together,0.7
NAM,Namibia,Africa,2013,Men,[15-19],Married,0.8
NAM,Namibia,Africa,2011,Men,[15-19],Separated,0.14
NAM,Namibia,Africa,2016,Men,[20-24],Divorced,0.03
NAM,Namibia,Africa,2001,Men,[20-24],Divorced or Separated,0.18
NAM,Namibia,Africa,2013,Men,[20-24],Living together,8.2
NAM,Namibia,Africa,2016,Men,[20-24],Married,1.42
NAM,Namibia,Africa,2016,Men,[20-24],Separated,0.03
NAM,Namibia,Africa,2016,Men,[25-29],Divorced,0.09
NAM,Namibia,Africa,2001,Men,[25-29],Divorced or Separated,0.58
NAM,Namibia,Africa,2013,Men,[25-29],Living together,16.9
NAM,Namibia,Africa,2016,Men,[25-29],Married,5.29
NAM,Namibia,Africa,2016,Men,[25-29],Separated,0.09
NAM,Namibia,Africa,2016,Men,[30-34],Divorced,0.45
NAM,Namibia,Africa,2001,Men,[30-34],Divorced or Separated,1.23
NAM,Namibia,Africa,2013,Men,[30-34],Living together,25.6
NAM,Namibia,Africa,2016,Men,[30-34],Married,16.79
NAM,Namibia,Africa,2016,Men,[30-34],Separated,0.36
NAM,Namibia,Africa,2016,Men,[35-39],Divorced,0.4
NAM,Namibia,Africa,2001,Men,[35-39],Divorced or Separated,1.88
NAM,Namibia,Africa,2013,Men,[35-39],Living together,24.0
NAM,Namibia,Africa,2016,Men,[35-39],Married,26.8
NAM,Namibia,Africa,2016,Men,[35-39],Separated,0.5
NAM,Namibia,Africa,2016,Men,[40-44],Divorced,1.18
NAM,Namibia,Africa,2001,Men,[40-44],Divorced or Separated,2.78
NAM,Namibia,Africa,2013,Men,[40-44],Living together,18.4
NAM,Namibia,Africa,2016,Men,[40-44],Married,41.41
NAM,Namibia,Africa,2016,Men,[40-44],Separated,0.43
NAM,Namibia,Africa,2016,Men,[45-49],Divorced,1.5
NAM,Namibia,Africa,2001,Men,[45-49],Divorced or Separated,3.26
NAM,Namibia,Africa,2013,Men,[45-49],Living together,19.8
NAM,Namibia,Africa,2016,Men,[45-49],Married,51.86
NAM,Namibia,Africa,2016,Men,[45-49],Separated,0.3
NAM,Namibia,Africa,2016,Men,[50-54],Divorced,2.17
NAM,Namibia,Africa,2001,Men,[50-54],Divorced or Separated,3.78
NAM,Namibia,Africa,2013,Men,[50-54],Living together,14.2
NAM,Namibia,Africa,2016,Men,[50-54],Married,59.73
NAM,Namibia,Africa,2016,Men,[50-54],Separated,0.46
NAM,Namibia,Africa,2016,Men,[55-59],Divorced,2.88
NAM,Namibia,Africa,2001,Men,[55-59],Divorced or Separated,4.31
NAM,Namibia,Africa,2013,Men,[55-59],Living together,20.0
NAM,Namibia,Africa,2016,Men,[55-59],Married,61.75
NAM,Namibia,Africa,2016,Men,[55-59],Separated,0.96
NAM,Namibia,Africa,2016,Men,[60-64],Divorced,2.91
NAM,Namibia,Africa,2001,Men,[60-64],Divorced or Separated,4.47
NAM,Namibia,Africa,2013,Men,[60-64],Living together,18.0
NAM,Namibia,Africa,2016,Men,[60-64],Married,67.52
NAM,Namibia,Africa,2016,Men,[60-64],Separated,1.96
NAM,Namibia,Africa,1991,Men,[65+],Divorced,3.94
NAM,Namibia,Africa,1991,Men,[65+],Married,59.4
NAM,Namibia,Africa,1991,Men,[65+],Separated,2.39
NAM,Namibia,Africa,2013,Women,[15-19],Divorced,0.0
NAM,Namibia,Africa,2001,Women,[15-19],Divorced or Separated,0.34
NAM,Namibia,Africa,2013,Women,[15-19],Living together,4.8
NAM,Namibia,Africa,2016,Women,[15-19],Married,1.01
NAM,Namibia,Africa,2016,Women,[15-19],Separated,0.03
NAM,Namibia,Africa,2016,Women,[20-24],Divorced,0.1
NAM,Namibia,Africa,2001,Women,[20-24],Divorced or Separated,1.21
NAM,Namibia,Africa,2013,Women,[20-24],Living together,14.6
NAM,Namibia,Africa,2016,Women,[20-24],Married,3.72
NAM,Namibia,Africa,2016,Women,[20-24],Separated,0.19
NAM,Namibia,Africa,2016,Women,[25-29],Divorced,0.36
NAM,Namibia,Africa,2001,Women,[25-29],Divorced or Separated,2.0
NAM,Namibia,Africa,2013,Women,[25-29],Living together,23.7
NAM,Namibia,Africa,2016,Women,[25-29],Married,12.93
NAM,Namibia,Africa,2016,Women,[25-29],Separated,0.5
NAM,Namibia,Africa,2016,Women,[30-34],Divorced,0.83
NAM,Namibia,Africa,2001,Women,[30-34],Divorced or Separated,3.01
NAM,Namibia,Africa,2013,Women,[30-34],Living together,23.3
NAM,Namibia,Africa,2016,Women,[30-34],Married,24.32
NAM,Namibia,Africa,2016,Women,[30-34],Separated,0.48
NAM,Namibia,Africa,2016,Women,[35-39],Divorced,1.56
NAM,Namibia,Africa,2001,Women,[35-39],Divorced or Separated,4.54
NAM,Namibia,Africa,2013,Women,[35-39],Living together,21.3
NAM,Namibia,Africa,2016,Women,[35-39],Married,32.82
NAM,Namibia,Africa,2016,Women,[35-39],Separated,1.4
NAM,Namibia,Africa,2016,Women,[40-44],Divorced,1.06
NAM,Namibia,Africa,2001,Women,[40-44],Divorced or Separated,6.4
NAM,Namibia,Africa,2013,Women,[40-44],Living together,16.2
NAM,Namibia,Africa,2016,Women,[40-44],Married,41.45
NAM,Namibia,Africa,2016,Women,[40-44],Separated,1.87
NAM,Namibia,Africa,2016,Women,[45-49],Divorced,2.48
NAM,Namibia,Africa,2001,Women,[45-49],Divorced or Separated,7.27
NAM,Namibia,Africa,2013,Women,[45-49],Living together,13.1
NAM,Namibia,Africa,2016,Women,[45-49],Married,41.18
NAM,Namibia,Africa,2016,Women,[45-49],Separated,2.28
NAM,Namibia,Africa,2016,Women,[50-54],Divorced,3.96
NAM,Namibia,Africa,2001,Women,[50-54],Divorced or Separated,8.23
NAM,Namibia,Africa,2016,Women,[50-54],Married,45.77
NAM,Namibia,Africa,2016,Women,[50-54],Separated,0.62
NAM,Namibia,Africa,2016,Women,[55-59],Divorced,4.66
NAM,Namibia,Africa,2001,Women,[55-59],Divorced or Separated,8.91
NAM,Namibia,Africa,2016,Women,[55-59],Married,42.31
NAM,Namibia,Africa,2016,Women,[55-59],Separated,2.03
NAM,Namibia,Africa,2016,Women,[60-64],Divorced,4.15
NAM,Namibia,Africa,2001,Women,[60-64],Divorced or Separated,9.06
NAM,Namibia,Africa,2016,Women,[60-64],Married,44.69
NAM,Namibia,Africa,2016,Women,[60-64],Separated,2.32
NAM,Namibia,Africa,1991,Women,[65+],Divorced,6.22
NAM,Namibia,Africa,1991,Women,[65+],Married,25.67
NAM,Namibia,Africa,1991,Women,[65+],Separated,4.09
NER,Niger,Africa,2012,Men,[15-19],Divorced,0.0
NER,Niger,Africa,2015,Men,[15-19],Divorced or Separated,0.3
NER,Niger,Africa,2012,Men,[15-19],Living together,0.0
NER,Niger,Africa,2015,Men,[15-19],Married,7.3
NER,Niger,Africa,2000,Men,[15-19],Separated,0.0
NER,Niger,Africa,2012,Men,[20-24],Divorced,0.9
NER,Niger,Africa,2015,Men,[20-24],Divorced or Separated,1.2
NER,Niger,Africa,2012,Men,[20-24],Living together,0.4
NER,Niger,Africa,2015,Men,[20-24],Married,40.3
NER,Niger,Africa,2000,Men,[20-24],Separated,0.0
NER,Niger,Africa,2012,Men,[25-29],Divorced,0.9
NER,Niger,Africa,2015,Men,[25-29],Divorced or Separated,1.2
NER,Niger,Africa,2012,Men,[25-29],Living together,0.4
NER,Niger,Africa,2015,Men,[25-29],Married,75.7
NER,Niger,Africa,2000,Men,[25-29],Separated,0.0
NER,Niger,Africa,2012,Men,[30-34],Divorced,0.9
NER,Niger,Africa,2015,Men,[30-34],Divorced or Separated,1.2
NER,Niger,Africa,2012,Men,[30-34],Living together,0.6
NER,Niger,Africa,2015,Men,[30-34],Married,89.5
NER,Niger,Africa,2000,Men,[30-34],Separated,0.15
NER,Niger,Africa,2012,Men,[35-39],Divorced,2.1
NER,Niger,Africa,2015,Men,[35-39],Divorced or Separated,0.7
NER,Niger,Africa,2012,Men,[35-39],Living together,0.2
NER,Niger,Africa,2015,Men,[35-39],Married,95.7
NER,Niger,Africa,2000,Men,[35-39],Separated,0.2
NER,Niger,Africa,2012,Men,[40-44],Divorced,2.5
NER,Niger,Africa,2015,Men,[40-44],Divorced or Separated,0.7
NER,Niger,Africa,2012,Men,[40-44],Living together,0.2
NER,Niger,Africa,2015,Men,[40-44],Married,96.2
NER,Niger,Africa,2000,Men,[40-44],Separated,0.32
NER,Niger,Africa,2012,Men,[45-49],Divorced,1.4
NER,Niger,Africa,2015,Men,[45-49],Divorced or Separated,0.5
NER,Niger,Africa,2012,Men,[45-49],Living together,0.0
NER,Niger,Africa,2015,Men,[45-49],Married,97.1
NER,Niger,Africa,2000,Men,[45-49],Separated,0.08
NER,Niger,Africa,2012,Men,[50-54],Divorced,0.4
NER,Niger,Africa,2012,Men,[50-54],Living together,0.0
NER,Niger,Africa,2012,Men,[50-54],Married,99.0
NER,Niger,Africa,2000,Men,[50-54],Separated,0.0
NER,Niger,Africa,2012,Men,[55-59],Divorced,1.4
NER,Niger,Africa,2012,Men,[55-59],Living together,0.4
NER,Niger,Africa,2012,Men,[55-59],Married,98.1
NER,Niger,Africa,2000,Men,[55-59],Separated,1.0
NER,Niger,Africa,2012,Men,[60-64],Divorced,0.7
NER,Niger,Africa,2012,Men,[60-64],Married,96.8
NER,Niger,Africa,2000,Men,[60-64],Separated,0.0
NER,Niger,Africa,1988,Men,[65+],Divorced,2.93
NER,Niger,Africa,1988,Men,[65+],Married,90.46
NER,Niger,Africa,2012,Women,[15-19],Divorced,1.8
NER,Niger,Africa,2015,Women,[15-19],Divorced or Separated,1.8
NER,Niger,Africa,2012,Women,[15-19],Living together,0.1
NER,Niger,Africa,2015,Women,[15-19],Married,63.7
NER,Niger,Africa,2000,Women,[15-19],Married or Living together,1.32
NER,Niger,Africa,2000,Women,[15-19],Separated,0.96
NER,Niger,Africa,2012,Women,[20-24],Divorced,2.3
NER,Niger,Africa,2015,Women,[20-24],Divorced or Separated,2.0
NER,Niger,Africa,2012,Women,[20-24],Living together,0.3
NER,Niger,Africa,2015,Women,[20-24],Married,87.3
NER,Niger,Africa,2000,Women,[20-24],Married or Living together,0.72
NER,Niger,Africa,2000,Women,[20-24],Separated,0.96
NER,Niger,Africa,2012,Women,[25-29],Divorced,2.5
NER,Niger,Africa,2015,Women,[25-29],Divorced or Separated,2.0
NER,Niger,Africa,2012,Women,[25-29],Living together,0.1
NER,Niger,Africa,2015,Women,[25-29],Married,93.5
NER,Niger,Africa,2000,Women,[25-29],Married or Living together,1.09
NER,Niger,Africa,2000,Women,[25-29],Separated,0.91
NER,Niger,Africa,2012,Women,[30-34],Divorced,2.2
NER,Niger,Africa,2015,Women,[30-34],Divorced or Separated,2.7
NER,Niger,Africa,2012,Women,[30-34],Living together,0.1
NER,Niger,Africa,2015,Women,[30-34],Married,93.0
NER,Niger,Africa,2000,Women,[30-34],Married or Living together,0.85
NER,Niger,Africa,2000,Women,[30-34],Separated,0.43
NER,Niger,Africa,2012,Women,[35-39],Divorced,1.6
NER,Niger,Africa,2015,Women,[35-39],Divorced or Separated,2.0
NER,Niger,Africa,2012,Women,[35-39],Living together,0.5
NER,Niger,Africa,2015,Women,[35-39],Married,93.1
NER,Niger,Africa,2000,Women,[35-39],Married or Living together,0.52
NER,Niger,Africa,2000,Women,[35-39],Separated,0.68
NER,Niger,Africa,2012,Women,[40-44],Divorced,3.7
NER,Niger,Africa,2015,Women,[40-44],Divorced or Separated,3.2
NER,Niger,Africa,2012,Women,[40-44],Living together,0.0
NER,Niger,Africa,2015,Women,[40-44],Married,90.7
NER,Niger,Africa,2000,Women,[40-44],Married or Living together,1.0
NER,Niger,Africa,2000,Women,[40-44],Separated,0.3
NER,Niger,Africa,2012,Women,[45-49],Divorced,3.0
NER,Niger,Africa,2015,Women,[45-49],Divorced or Separated,1.6
NER,Niger,Africa,2012,Women,[45-49],Living together,0.0
NER,Niger,Africa,2015,Women,[45-49],Married,87.0
NER,Niger,Africa,2000,Women,[45-49],Married or Living together,0.67
NER,Niger,Africa,2000,Women,[45-49],Separated,0.6
NER,Niger,Africa,2012,Women,[50-54],Divorced,2.3
NER,Niger,Africa,2012,Women,[50-54],Living together,0.1
NER,Niger,Africa,2012,Women,[50-54],Married,83.2
NER,Niger,Africa,2000,Women,[50-54],Separated,0.87
NER,Niger,Africa,2012,Women,[55-59],Divorced,3.1
NER,Niger,Africa,2012,Women,[55-59],Living together,0.0
NER,Niger,Africa,2012,Women,[55-59],Married,76.5
NER,Niger,Africa,2000,Women,[55-59],Separated,1.54
NER,Niger,Africa,2012,Women,[60-64],Divorced,1.6
NER,Niger,Africa,2012,Women,[60-64],Living together,0.0
NER,Niger,Africa,2012,Women,[60-64],Married,65.1
NER,Niger,Africa,2000,Women,[60-64],Separated,0.28
NER,Niger,Africa,1988,Women,[65+],Divorced,9.09
NER,Niger,Africa,1988,Women,[65+],Married,17.49
NGA,Nigeria,Africa,2013,Men,[15-19],Divorced,0.2
NGA,Nigeria,Africa,2013,Men,[15-19],Living together,0.0
NGA,Nigeria,Africa,2013,Men,[15-19],Married,2.0
NGA,Nigeria,Africa,2006,Men,[15-19],Separated,0.43
NGA,Nigeria,Africa,2013,Men,[20-24],Divorced,0.7
NGA,Nigeria,Africa,2013,Men,[20-24],Living together,0.5
NGA,Nigeria,Africa,2013,Men,[20-24],Married,15.1
NGA,Nigeria,Africa,2006,Men,[20-24],Separated,0.56
NGA,Nigeria,Africa,2013,Men,[25-29],Divorced,1.5
NGA,Nigeria,Africa,2013,Men,[25-29],Living together,1.2
NGA,Nigeria,Africa,2013,Men,[25-29],Married,44.7
NGA,Nigeria,Africa,2006,Men,[25-29],Separated,0.78
NGA,Nigeria,Africa,2013,Men,[30-34],Divorced,1.3
NGA,Nigeria,Africa,2013,Men,[30-34],Living together,1.9
NGA,Nigeria,Africa,2013,Men,[30-34],Married,72.4
NGA,Nigeria,Africa,2006,Men,[30-34],Separated,0.99
NGA,Nigeria,Africa,2013,Men,[35-39],Divorced,1.2
NGA,Nigeria,Africa,2013,Men,[35-39],Living together,1.8
NGA,Nigeria,Africa,2013,Men,[35-39],Married,88.8
NGA,Nigeria,Africa,2006,Men,[35-39],Separated,0.92
NGA,Nigeria,Africa,2013,Men,[40-44],Divorced,1.4
NGA,Nigeria,Africa,2013,Men,[40-44],Living together,2.3
NGA,Nigeria,Africa,2013,Men,[40-44],Married,94.8
NGA,Nigeria,Africa,2006,Men,[40-44],Separated,0.89
NGA,Nigeria,Africa,2013,Men,[45-49],Divorced,1.6
NGA,Nigeria,Africa,2013,Men,[45-49],Living together,1.7
NGA,Nigeria,Africa,2013,Men,[45-49],Married,96.0
NGA,Nigeria,Africa,2006,Men,[45-49],Separated,0.83
NGA,Nigeria,Africa,2013,Men,[50-54],Divorced,2.3
NGA,Nigeria,Africa,2008,Men,[50-54],Living together,3.5
NGA,Nigeria,Africa,2013,Men,[50-54],Married,95.0
NGA,Nigeria,Africa,2006,Men,[50-54],Separated,0.83
NGA,Nigeria,Africa,2013,Men,[55-59],Divorced,2.6
NGA,Nigeria,Africa,2008,Men,[55-59],Living together,2.7
NGA,Nigeria,Africa,2013,Men,[55-59],Married,94.4
NGA,Nigeria,Africa,2006,Men,[55-59],Separated,0.88
NGA,Nigeria,Africa,2013,Men,[60-64],Divorced,1.3
NGA,Nigeria,Africa,2013,Men,[60-64],Married,94.8
NGA,Nigeria,Africa,2006,Men,[60-64],Separated,0.9
NGA,Nigeria,Africa,2013,Women,[15-19],Divorced,0.7
NGA,Nigeria,Africa,2013,Women,[15-19],Living together,0.6
NGA,Nigeria,Africa,2013,Women,[15-19],Married,29.6
NGA,Nigeria,Africa,2011,Women,[15-19],Separated,0.61
NGA,Nigeria,Africa,2013,Women,[20-24],Divorced,1.4
NGA,Nigeria,Africa,2013,Women,[20-24],Living together,3.3
NGA,Nigeria,Africa,2013,Women,[20-24],Married,64.4
NGA,Nigeria,Africa,2011,Women,[20-24],Separated,1.56
NGA,Nigeria,Africa,2013,Women,[25-29],Divorced,1.6
NGA,Nigeria,Africa,2013,Women,[25-29],Living together,3.0
NGA,Nigeria,Africa,2013,Women,[25-29],Married,83.2
NGA,Nigeria,Africa,2011,Women,[25-29],Separated,1.47
NGA,Nigeria,Africa,2013,Women,[30-34],Divorced,2.3
NGA,Nigeria,Africa,2013,Women,[30-34],Living together,2.5
NGA,Nigeria,Africa,2013,Women,[30-34],Married,88.7
NGA,Nigeria,Africa,2011,Women,[30-34],Separated,1.66
NGA,Nigeria,Africa,2013,Women,[35-39],Divorced,2.5
NGA,Nigeria,Africa,2013,Women,[35-39],Living together,1.7
NGA,Nigeria,Africa,2013,Women,[35-39],Married,91.3
NGA,Nigeria,Africa,2011,Women,[35-39],Separated,2.02
NGA,Nigeria,Africa,2013,Women,[40-44],Divorced,2.3
NGA,Nigeria,Africa,2013,Women,[40-44],Living together,1.3
NGA,Nigeria,Africa,2013,Women,[40-44],Married,89.0
NGA,Nigeria,Africa,2011,Women,[40-44],Separated,1.93
NGA,Nigeria,Africa,2013,Women,[45-49],Divorced,2.8
NGA,Nigeria,Africa,2013,Women,[45-49],Living together,1.0
NGA,Nigeria,Africa,2013,Women,[45-49],Married,85.8
NGA,Nigeria,Africa,2011,Women,[45-49],Separated,2.37
NGA,Nigeria,Africa,2013,Women,[50-54],Divorced,3.2
NGA,Nigeria,Africa,2013,Women,[50-54],Married,79.1
NGA,Nigeria,Africa,2006,Women,[50-54],Separated,2.02
NGA,Nigeria,Africa,2013,Women,[55-59],Divorced,2.7
NGA,Nigeria,Africa,2013,Women,[55-59],Married,72.4
NGA,Nigeria,Africa,2006,Women,[55-59],Separated,2.0
NGA,Nigeria,Africa,2013,Women,[60-64],Divorced,3.8
NGA,Nigeria,Africa,2013,Women,[60-64],Married,56.4
NGA,Nigeria,Africa,2006,Women,[60-64],Separated,2.33
RWA,Rwanda,Africa,2015,Men,[15-19],Divorced,0.0
RWA,Rwanda,Africa,2002,Men,[15-19],Divorced or Separated,0.0
RWA,Rwanda,Africa,2015,Men,[15-19],Living together,0.2
RWA,Rwanda,Africa,2015,Men,[15-19],Married,0.0
RWA,Rwanda,Africa,2015,Men,[15-19],Separated,0.04
RWA,Rwanda,Africa,2015,Men,[20-24],Divorced,0.1
RWA,Rwanda,Africa,2002,Men,[20-24],Divorced or Separated,0.2
RWA,Rwanda,Africa,2015,Men,[20-24],Living together,12.9
RWA,Rwanda,Africa,2015,Men,[20-24],Married,4.1
RWA,Rwanda,Africa,2015,Men,[20-24],Separated,0.39
RWA,Rwanda,Africa,2015,Men,[25-29],Divorced,1.0
RWA,Rwanda,Africa,2002,Men,[25-29],Divorced or Separated,0.5
RWA,Rwanda,Africa,2015,Men,[25-29],Living together,29.7
RWA,Rwanda,Africa,2015,Men,[25-29],Married,26.3
RWA,Rwanda,Africa,2015,Men,[25-29],Separated,0.52
RWA,Rwanda,Africa,2015,Men,[30-34],Divorced,1.1
RWA,Rwanda,Africa,2002,Men,[30-34],Divorced or Separated,0.9
RWA,Rwanda,Africa,2015,Men,[30-34],Living together,28.3
RWA,Rwanda,Africa,2015,Men,[30-34],Married,55.0
RWA,Rwanda,Africa,2015,Men,[30-34],Separated,1.09
RWA,Rwanda,Africa,2015,Men,[35-39],Divorced,0.4
RWA,Rwanda,Africa,2002,Men,[35-39],Divorced or Separated,1.2
RWA,Rwanda,Africa,2015,Men,[35-39],Living together,21.7
RWA,Rwanda,Africa,2015,Men,[35-39],Married,68.5
RWA,Rwanda,Africa,2015,Men,[35-39],Separated,0.93
RWA,Rwanda,Africa,2015,Men,[40-44],Divorced,0.7
RWA,Rwanda,Africa,2002,Men,[40-44],Divorced or Separated,1.4
RWA,Rwanda,Africa,2015,Men,[40-44],Living together,19.6
RWA,Rwanda,Africa,2015,Men,[40-44],Married,74.4
RWA,Rwanda,Africa,2015,Men,[40-44],Separated,1.02
RWA,Rwanda,Africa,2015,Men,[45-49],Divorced,0.9
RWA,Rwanda,Africa,2002,Men,[45-49],Divorced or Separated,1.4
RWA,Rwanda,Africa,2015,Men,[45-49],Living together,17.7
RWA,Rwanda,Africa,2015,Men,[45-49],Married,75.5
RWA,Rwanda,Africa,2015,Men,[45-49],Separated,1.3
RWA,Rwanda,Africa,2015,Men,[50-54],Divorced,2.05
RWA,Rwanda,Africa,2002,Men,[50-54],Divorced or Separated,1.6
RWA,Rwanda,Africa,2015,Men,[50-54],Living together,18.55
RWA,Rwanda,Africa,2015,Men,[50-54],Married,73.18
RWA,Rwanda,Africa,2015,Men,[50-54],Separated,2.08
RWA,Rwanda,Africa,2015,Men,[55-59],Divorced,1.16
RWA,Rwanda,Africa,2002,Men,[55-59],Divorced or Separated,1.7
RWA,Rwanda,Africa,2015,Men,[55-59],Living together,14.79
RWA,Rwanda,Africa,2015,Men,[55-59],Married,75.54
RWA,Rwanda,Africa,2015,Men,[55-59],Separated,1.71
RWA,Rwanda,Africa,2015,Men,[60-64],Divorced,1.14
RWA,Rwanda,Africa,2002,Men,[60-64],Divorced or Separated,1.7
RWA,Rwanda,Africa,2015,Men,[60-64],Living together,16.34
RWA,Rwanda,Africa,2015,Men,[60-64],Married,73.08
RWA,Rwanda,Africa,2015,Men,[60-64],Separated,1.09
RWA,Rwanda,Africa,2015,Women,[15-19],Divorced,0.2
RWA,Rwanda,Africa,2002,Women,[15-19],Divorced or Separated,0.3
RWA,Rwanda,Africa,2015,Women,[15-19],Living together,3.09
RWA,Rwanda,Africa,2015,Women,[15-19],Married,0.1
RWA,Rwanda,Africa,2015,Women,[15-19],Separated,0.56
RWA,Rwanda,Africa,2015,Women,[20-24],Divorced,1.3
RWA,Rwanda,Africa,2002,Women,[20-24],Divorced or Separated,1.6
RWA,Rwanda,Africa,2015,Women,[20-24],Living together,24.79
RWA,Rwanda,Africa,2015,Women,[20-24],Married,11.3
RWA,Rwanda,Africa,2015,Women,[20-24],Separated,3.68
RWA,Rwanda,Africa,2015,Women,[25-29],Divorced,2.5
RWA,Rwanda,Africa,2002,Women,[25-29],Divorced or Separated,3.1
RWA,Rwanda,Africa,2015,Women,[25-29],Living together,28.9
RWA,Rwanda,Africa,2015,Women,[25-29],Married,39.7
RWA,Rwanda,Africa,2015,Women,[25-29],Separated,3.79
RWA,Rwanda,Africa,2015,Women,[30-34],Divorced,3.6
RWA,Rwanda,Africa,2002,Women,[30-34],Divorced or Separated,3.6
RWA,Rwanda,Africa,2015,Women,[30-34],Living together,20.0
RWA,Rwanda,Africa,2015,Women,[30-34],Married,58.7
RWA,Rwanda,Africa,2015,Women,[30-34],Separated,3.71
RWA,Rwanda,Africa,2015,Women,[35-39],Divorced,4.6
RWA,Rwanda,Africa,2002,Women,[35-39],Divorced or Separated,3.6
RWA,Rwanda,Africa,2015,Women,[35-39],Living together,16.3
RWA,Rwanda,Africa,2015,Women,[35-39],Married,62.5
RWA,Rwanda,Africa,2015,Women,[35-39],Separated,4.31
RWA,Rwanda,Africa,2015,Women,[40-44],Divorced,5.3
RWA,Rwanda,Africa,2002,Women,[40-44],Divorced or Separated,3.4
RWA,Rwanda,Africa,2015,Women,[40-44],Living together,15.0
RWA,Rwanda,Africa,2015,Women,[40-44],Married,55.7
RWA,Rwanda,Africa,2015,Women,[40-44],Separated,5.92
RWA,Rwanda,Africa,2015,Women,[45-49],Divorced,6.7
RWA,Rwanda,Africa,2002,Women,[45-49],Divorced or Separated,3.3
RWA,Rwanda,Africa,2015,Women,[45-49],Living together,10.0
RWA,Rwanda,Africa,2015,Women,[45-49],Married,52.1
RWA,Rwanda,Africa,2015,Women,[45-49],Separated,3.49
RWA,Rwanda,Africa,2015,Women,[50-54],Divorced,3.59
RWA,Rwanda,Africa,2002,Women,[50-54],Divorced or Separated,2.9
RWA,Rwanda,Africa,2015,Women,[50-54],Living together,8.67
RWA,Rwanda,Africa,2015,Women,[50-54],Married,51.31
RWA,Rwanda,Africa,2015,Women,[50-54],Separated,2.87
RWA,Rwanda,Africa,2015,Women,[55-59],Divorced,3.32
RWA,Rwanda,Africa,2002,Women,[55-59],Divorced or Separated,2.6
RWA,Rwanda,Africa,2015,Women,[55-59],Living together,6.98
RWA,Rwanda,Africa,2015,Women,[55-59],Married,44.48
RWA,Rwanda,Africa,2015,Women,[55-59],Separated,3.06
RWA,Rwanda,Africa,2015,Women,[60-64],Divorced,3.36
RWA,Rwanda,Africa,2002,Women,[60-64],Divorced or Separated,2.3
RWA,Rwanda,Africa,2015,Women,[60-64],Living together,3.44
RWA,Rwanda,Africa,2015,Women,[60-64],Married,40.08
RWA,Rwanda,Africa,2015,Women,[60-64],Separated,1.73
REU,Réunion,Africa,2011,Men,[15-19],Divorced,0.01
REU,Réunion,Africa,2011,Men,[15-19],Married,0.15
REU,Réunion,Africa,2011,Men,[20-24],Divorced,0.08
REU,Réunion,Africa,2011,Men,[20-24],Married,3.35
REU,Réunion,Africa,2011,Men,[25-29],Divorced,0.31
REU,Réunion,Africa,2011,Men,[25-29],Married,17.98
REU,Réunion,Africa,2011,Men,[30-34],Divorced,1.09
REU,Réunion,Africa,2011,Men,[30-34],Married,37.5
REU,Réunion,Africa,2011,Men,[35-39],Divorced,2.34
REU,Réunion,Africa,2011,Men,[35-39],Married,49.62
REU,Réunion,Africa,2011,Men,[40-44],Divorced,4.41
REU,Réunion,Africa,2011,Men,[40-44],Married,57.65
REU,Réunion,Africa,2011,Men,[45-49],Divorced,6.43
REU,Réunion,Africa,2011,Men,[45-49],Married,62.64
REU,Réunion,Africa,2011,Men,[50-54],Divorced,7.84
REU,Réunion,Africa,2011,Men,[50-54],Married,66.61
REU,Réunion,Africa,2011,Men,[55-59],Divorced,8.02
REU,Réunion,Africa,2011,Men,[55-59],Married,71.72
REU,Réunion,Africa,2011,Men,[60-64],Divorced,7.42
REU,Réunion,Africa,2011,Men,[60-64],Married,72.31
REU,Réunion,Africa,2011,Women,[15-19],Divorced,0.01
REU,Réunion,Africa,2011,Women,[15-19],Married,0.88
REU,Réunion,Africa,2011,Women,[20-24],Divorced,0.14
REU,Réunion,Africa,2011,Women,[20-24],Married,10.25
REU,Réunion,Africa,2011,Women,[25-29],Divorced,1.25
REU,Réunion,Africa,2011,Women,[25-29],Married,28.84
REU,Réunion,Africa,2011,Women,[30-34],Divorced,2.94
REU,Réunion,Africa,2011,Women,[30-34],Married,43.59
REU,Réunion,Africa,2011,Women,[35-39],Divorced,4.85
REU,Réunion,Africa,2011,Women,[35-39],Married,51.6
REU,Réunion,Africa,2011,Women,[40-44],Divorced,7.11
REU,Réunion,Africa,2011,Women,[40-44],Married,55.0
REU,Réunion,Africa,2011,Women,[45-49],Divorced,8.63
REU,Réunion,Africa,2011,Women,[45-49],Married,58.67
REU,Réunion,Africa,2011,Women,[50-54],Divorced,10.02
REU,Réunion,Africa,2011,Women,[50-54],Married,59.66
REU,Réunion,Africa,2011,Women,[55-59],Divorced,10.31
REU,Réunion,Africa,2011,Women,[55-59],Married,58.92
REU,Réunion,Africa,2011,Women,[60-64],Divorced,8.75
REU,Réunion,Africa,2011,Women,[60-64],Married,55.48
SHN,Saint Helena,Africa,1987,Men,[30-34],Divorced,1.86
SHN,Saint Helena,Africa,1987,Men,[30-34],Married,54.28
SHN,Saint Helena,Africa,1987,Men,[35-39],Divorced,2.04
SHN,Saint Helena,Africa,1987,Men,[35-39],Married,71.43
SHN,Saint Helena,Africa,1987,Men,[35-39],Separated,0.82
SHN,Saint Helena,Africa,1987,Men,[40-44],Divorced,3.61
SHN,Saint Helena,Africa,1987,Men,[40-44],Married,73.09
SHN,Saint Helena,Africa,1987,Men,[40-44],Separated,3.21
SHN,Saint Helena,Africa,1987,Men,[45-49],Divorced,3.9
SHN,Saint Helena,Africa,1987,Men,[45-49],Married,73.38
SHN,Saint Helena,Africa,1987,Men,[45-49],Separated,1.3
SHN,Saint Helena,Africa,1987,Men,[50-54],Divorced,2.14
SHN,Saint Helena,Africa,1987,Men,[50-54],Married,75.71
SHN,Saint Helena,Africa,1987,Men,[50-54],Separated,1.43
SHN,Saint Helena,Africa,1987,Men,[55-59],Divorced,4.82
SHN,Saint Helena,Africa,1987,Men,[55-59],Married,75.9
SHN,Saint Helena,Africa,1987,Men,[55-59],Separated,2.41
SHN,Saint Helena,Africa,1987,Men,[60-64],Divorced,6.67
SHN,Saint Helena,Africa,1987,Men,[60-64],Married,69.33
SHN,Saint Helena,Africa,1987,Men,[60-64],Separated,0.0
SHN,Saint Helena,Africa,1987,Women,[15-19],Married,1.66
SHN,Saint Helena,Africa,1987,Women,[30-34],Divorced,2.68
SHN,Saint Helena,Africa,1987,Women,[30-34],Married,77.68
SHN,Saint Helena,Africa,1987,Women,[30-34],Separated,1.79
SHN,Saint Helena,Africa,1987,Women,[35-39],Divorced,3.55
SHN,Saint Helena,Africa,1987,Women,[35-39],Married,83.76
SHN,Saint Helena,Africa,1987,Women,[35-39],Separated,1.02
SHN,Saint Helena,Africa,1987,Women,[40-44],Divorced,3.25
SHN,Saint Helena,Africa,1987,Women,[40-44],Married,77.92
SHN,Saint Helena,Africa,1987,Women,[40-44],Separated,1.3
SHN,Saint Helena,Africa,1987,Women,[45-49],Divorced,2.52
SHN,Saint Helena,Africa,1987,Women,[45-49],Married,80.67
SHN,Saint Helena,Africa,1987,Women,[45-49],Separated,0.84
SHN,Saint Helena,Africa,1987,Women,[50-54],Divorced,2.83
SHN,Saint Helena,Africa,1987,Women,[50-54],Married,70.75
SHN,Saint Helena,Africa,1987,Women,[50-54],Separated,2.83
SHN,Saint Helena,Africa,1987,Women,[55-59],Divorced,1.74
SHN,Saint Helena,Africa,1987,Women,[55-59],Married,66.09
SHN,Saint Helena,Africa,1987,Women,[60-64],Divorced,3.54
SHN,Saint Helena,Africa,1987,Women,[60-64],Married,46.9
SHN,Saint Helena,Africa,1987,Women,[60-64],Separated,3.54
STP,Sao Tome and Principe,Africa,2009,Men,[15-19],Divorced,0.0
STP,Sao Tome and Principe,Africa,2009,Men,[15-19],Living together,0.7
STP,Sao Tome and Principe,Africa,2009,Men,[15-19],Married,0.0
STP,Sao Tome and Principe,Africa,2000,Men,[15-19],Married or Living together,5.38
STP,Sao Tome and Principe,Africa,2000,Men,[15-19],Separated,3.05
STP,Sao Tome and Principe,Africa,2012,Men,[20-24],Divorced,0.0
STP,Sao Tome and Principe,Africa,2009,Men,[20-24],Living together,23.3
STP,Sao Tome and Principe,Africa,2012,Men,[20-24],Married,1.92
STP,Sao Tome and Principe,Africa,2000,Men,[20-24],Married or Living together,39.77
STP,Sao Tome and Principe,Africa,2012,Men,[20-24],Separated,0.0
STP,Sao Tome and Principe,Africa,2012,Men,[25-29],Divorced,0.03
STP,Sao Tome and Principe,Africa,2009,Men,[25-29],Living together,61.9
STP,Sao Tome and Principe,Africa,2012,Men,[25-29],Married,5.29
STP,Sao Tome and Principe,Africa,2000,Men,[25-29],Married or Living together,77.9
STP,Sao Tome and Principe,Africa,2012,Men,[25-29],Separated,0.04
STP,Sao Tome and Principe,Africa,2012,Men,[30-34],Divorced,0.15
STP,Sao Tome and Principe,Africa,2009,Men,[30-34],Living together,73.6
STP,Sao Tome and Principe,Africa,2012,Men,[30-34],Married,8.85
STP,Sao Tome and Principe,Africa,2000,Men,[30-34],Married or Living together,87.03
STP,Sao Tome and Principe,Africa,2012,Men,[30-34],Separated,0.06
STP,Sao Tome and Principe,Africa,2012,Men,[35-39],Divorced,0.49
STP,Sao Tome and Principe,Africa,2009,Men,[35-39],Living together,72.6
STP,Sao Tome and Principe,Africa,2012,Men,[35-39],Married,10.81
STP,Sao Tome and Principe,Africa,2000,Men,[35-39],Married or Living together,87.0
STP,Sao Tome and Principe,Africa,2012,Men,[35-39],Separated,0.06
STP,Sao Tome and Principe,Africa,2012,Men,[40-44],Divorced,0.5
STP,Sao Tome and Principe,Africa,2009,Men,[40-44],Living together,70.2
STP,Sao Tome and Principe,Africa,2012,Men,[40-44],Married,10.7
STP,Sao Tome and Principe,Africa,2000,Men,[40-44],Married or Living together,89.26
STP,Sao Tome and Principe,Africa,2012,Men,[40-44],Separated,0.08
STP,Sao Tome and Principe,Africa,2012,Men,[45-49],Divorced,0.52
STP,Sao Tome and Principe,Africa,2009,Men,[45-49],Living together,70.7
STP,Sao Tome and Principe,Africa,2012,Men,[45-49],Married,12.1
STP,Sao Tome and Principe,Africa,2000,Men,[45-49],Married or Living together,82.88
STP,Sao Tome and Principe,Africa,2012,Men,[45-49],Separated,0.16
STP,Sao Tome and Principe,Africa,2012,Men,[50-54],Divorced,0.73
STP,Sao Tome and Principe,Africa,2009,Men,[50-54],Living together,76.2
STP,Sao Tome and Principe,Africa,2012,Men,[50-54],Married,13.7
STP,Sao Tome and Principe,Africa,2000,Men,[50-54],Married or Living together,85.5
STP,Sao Tome and Principe,Africa,2012,Men,[50-54],Separated,0.08
STP,Sao Tome and Principe,Africa,2012,Men,[55-59],Divorced,1.49
STP,Sao Tome and Principe,Africa,2009,Men,[55-59],Living together,69.9
STP,Sao Tome and Principe,Africa,2012,Men,[55-59],Married,14.67
STP,Sao Tome and Principe,Africa,2000,Men,[55-59],Married or Living together,79.82
STP,Sao Tome and Principe,Africa,2012,Men,[55-59],Separated,0.06
STP,Sao Tome and Principe,Africa,2012,Men,[60-64],Divorced,2.02
STP,Sao Tome and Principe,Africa,2012,Men,[60-64],Married,15.92
STP,Sao Tome and Principe,Africa,2000,Men,[60-64],Married or Living together,72.85
STP,Sao Tome and Principe,Africa,2012,Men,[60-64],Separated,0.15
STP,Sao Tome and Principe,Africa,2014,Women,[15-19],Divorced,0.0
STP,Sao Tome and Principe,Africa,2014,Women,[15-19],Living together,15.06
STP,Sao Tome and Principe,Africa,2014,Women,[15-19],Married,0.24
STP,Sao Tome and Principe,Africa,2000,Women,[15-19],Married or Living together,22.87
STP,Sao Tome and Principe,Africa,2014,Women,[15-19],Separated,2.91
STP,Sao Tome and Principe,Africa,2014,Women,[20-24],Divorced,0.0
STP,Sao Tome and Principe,Africa,2014,Women,[20-24],Living together,54.16
STP,Sao Tome and Principe,Africa,2014,Women,[20-24],Married,2.92
STP,Sao Tome and Principe,Africa,2000,Women,[20-24],Married or Living together,59.84
STP,Sao Tome and Principe,Africa,2014,Women,[20-24],Separated,14.95
STP,Sao Tome and Principe,Africa,2014,Women,[25-29],Divorced,0.37
STP,Sao Tome and Principe,Africa,2014,Women,[25-29],Living together,64.18
STP,Sao Tome and Principe,Africa,2014,Women,[25-29],Married,5.47
STP,Sao Tome and Principe,Africa,2000,Women,[25-29],Married or Living together,75.18
STP,Sao Tome and Principe,Africa,2014,Women,[25-29],Separated,23.43
STP,Sao Tome and Principe,Africa,2014,Women,[30-34],Divorced,0.09
STP,Sao Tome and Principe,Africa,2014,Women,[30-34],Living together,68.51
STP,Sao Tome and Principe,Africa,2014,Women,[30-34],Married,5.76
STP,Sao Tome and Principe,Africa,2000,Women,[30-34],Married or Living together,78.55
STP,Sao Tome and Principe,Africa,2014,Women,[30-34],Separated,19.71
STP,Sao Tome and Principe,Africa,2014,Women,[35-39],Divorced,0.09
STP,Sao Tome and Principe,Africa,2014,Women,[35-39],Living together,66.54
STP,Sao Tome and Principe,Africa,2014,Women,[35-39],Married,7.71
STP,Sao Tome and Principe,Africa,2000,Women,[35-39],Married or Living together,75.0
STP,Sao Tome and Principe,Africa,2014,Women,[35-39],Separated,23.37
STP,Sao Tome and Principe,Africa,2014,Women,[40-44],Divorced,0.0
STP,Sao Tome and Principe,Africa,2014,Women,[40-44],Living together,62.53
STP,Sao Tome and Principe,Africa,2014,Women,[40-44],Married,8.72
STP,Sao Tome and Principe,Africa,2000,Women,[40-44],Married or Living together,66.33
STP,Sao Tome and Principe,Africa,2014,Women,[40-44],Separated,25.5
STP,Sao Tome and Principe,Africa,2014,Women,[45-49],Divorced,0.36
STP,Sao Tome and Principe,Africa,2014,Women,[45-49],Living together,54.5
STP,Sao Tome and Principe,Africa,2014,Women,[45-49],Married,6.86
STP,Sao Tome and Principe,Africa,2000,Women,[45-49],Married or Living together,64.99
STP,Sao Tome and Principe,Africa,2014,Women,[45-49],Separated,36.12
STP,Sao Tome and Principe,Africa,2012,Women,[50-54],Divorced,0.73
STP,Sao Tome and Principe,Africa,2012,Women,[50-54],Married,10.22
STP,Sao Tome and Principe,Africa,2000,Women,[50-54],Married or Living together,56.36
STP,Sao Tome and Principe,Africa,2012,Women,[50-54],Separated,0.29
STP,Sao Tome and Principe,Africa,2012,Women,[55-59],Divorced,0.65
STP,Sao Tome and Principe,Africa,2012,Women,[55-59],Married,11.45
STP,Sao Tome and Principe,Africa,2000,Women,[55-59],Married or Living together,48.42
STP,Sao Tome and Principe,Africa,2012,Women,[55-59],Separated,0.5
STP,Sao Tome and Principe,Africa,2012,Women,[60-64],Divorced,0.83
STP,Sao Tome and Principe,Africa,2012,Women,[60-64],Married,9.45
STP,Sao Tome and Principe,Africa,2000,Women,[60-64],Married or Living together,41.48
STP,Sao Tome and Principe,Africa,2012,Women,[60-64],Separated,0.6
STP,Sao Tome and Principe,Africa,2001,Women,[65+],Divorced,0.44
STP,Sao Tome and Principe,Africa,2001,Women,[65+],Married,6.2
STP,Sao Tome and Principe,Africa,2001,Women,[65+],Separated,6.93
SEN,Senegal,Africa,2017,Men,[15-19],Divorced,0.0
SEN,Senegal,Africa,1993,Men,[15-19],Divorced or Separated,0.04
SEN,Senegal,Africa,2017,Men,[15-19],Living together,0.0
SEN,Senegal,Africa,2017,Men,[15-19],Married,0.6
SEN,Senegal,Africa,2013,Men,[15-19],Separated,0.17
SEN,Senegal,Africa,2017,Men,[20-24],Divorced,0.1
SEN,Senegal,Africa,1993,Men,[20-24],Divorced or Separated,0.22
SEN,Senegal,Africa,2017,Men,[20-24],Living together,0.1
SEN,Senegal,Africa,2017,Men,[20-24],Married,7.3
SEN,Senegal,Africa,2013,Men,[20-24],Separated,0.26
SEN,Senegal,Africa,2017,Men,[25-29],Divorced,0.7
SEN,Senegal,Africa,1993,Men,[25-29],Divorced or Separated,1.06
SEN,Senegal,Africa,2017,Men,[25-29],Living together,0.4
SEN,Senegal,Africa,2017,Men,[25-29],Married,27.4
SEN,Senegal,Africa,2013,Men,[25-29],Separated,0.57
SEN,Senegal,Africa,2017,Men,[30-34],Divorced,1.2
SEN,Senegal,Africa,1993,Men,[30-34],Divorced or Separated,1.78
SEN,Senegal,Africa,2017,Men,[30-34],Living together,0.0
SEN,Senegal,Africa,2017,Men,[30-34],Married,62.7
SEN,Senegal,Africa,2013,Men,[30-34],Separated,1.13
SEN,Senegal,Africa,2017,Men,[35-39],Divorced,2.5
SEN,Senegal,Africa,1993,Men,[35-39],Divorced or Separated,2.93
SEN,Senegal,Africa,2017,Men,[35-39],Living together,0.6
SEN,Senegal,Africa,2017,Men,[35-39],Married,79.9
SEN,Senegal,Africa,2013,Men,[35-39],Separated,1.61
SEN,Senegal,Africa,2017,Men,[40-44],Divorced,3.8
SEN,Senegal,Africa,1993,Men,[40-44],Divorced or Separated,3.7
SEN,Senegal,Africa,2017,Men,[40-44],Living together,0.0
SEN,Senegal,Africa,2017,Men,[40-44],Married,86.7
SEN,Senegal,Africa,2013,Men,[40-44],Separated,2.0
SEN,Senegal,Africa,2017,Men,[45-49],Divorced,1.1
SEN,Senegal,Africa,1993,Men,[45-49],Divorced or Separated,2.17
SEN,Senegal,Africa,2017,Men,[45-49],Living together,0.0
SEN,Senegal,Africa,2017,Men,[45-49],Married,93.4
SEN,Senegal,Africa,2013,Men,[45-49],Separated,2.38
SEN,Senegal,Africa,2017,Men,[50-54],Divorced,2.73
SEN,Senegal,Africa,1993,Men,[50-54],Divorced or Separated,3.1
SEN,Senegal,Africa,2011,Men,[50-54],Living together,0.0
SEN,Senegal,Africa,2017,Men,[50-54],Married,90.11
SEN,Senegal,Africa,2013,Men,[50-54],Separated,2.59
SEN,Senegal,Africa,2017,Men,[55-59],Divorced,3.01
SEN,Senegal,Africa,1993,Men,[55-59],Divorced or Separated,1.99
SEN,Senegal,Africa,2011,Men,[55-59],Living together,0.0
SEN,Senegal,Africa,2017,Men,[55-59],Married,93.86
SEN,Senegal,Africa,2013,Men,[55-59],Separated,2.82
SEN,Senegal,Africa,2017,Men,[60-64],Divorced,4.27
SEN,Senegal,Africa,1993,Men,[60-64],Divorced or Separated,1.81
SEN,Senegal,Africa,1997,Men,[60-64],Living together,0.0
SEN,Senegal,Africa,2017,Men,[60-64],Married,92.47
SEN,Senegal,Africa,2013,Men,[60-64],Separated,3.22
SEN,Senegal,Africa,1997,Men,[65+],Divorced,1.2
SEN,Senegal,Africa,1997,Men,[65+],Living together,0.0
SEN,Senegal,Africa,1997,Men,[65+],Married,94.6
SEN,Senegal,Africa,2017,Women,[15-19],Divorced,0.6
SEN,Senegal,Africa,1999,Women,[15-19],Divorced or Separated,0.7
SEN,Senegal,Africa,2017,Women,[15-19],Living together,0.1
SEN,Senegal,Africa,2017,Women,[15-19],Married,23.2
SEN,Senegal,Africa,2013,Women,[15-19],Separated,0.88
SEN,Senegal,Africa,2017,Women,[20-24],Divorced,2.6
SEN,Senegal,Africa,1999,Women,[20-24],Divorced or Separated,2.3
SEN,Senegal,Africa,2017,Women,[20-24],Living together,0.3
SEN,Senegal,Africa,2017,Women,[20-24],Married,55.0
SEN,Senegal,Africa,2013,Women,[20-24],Separated,1.39
SEN,Senegal,Africa,2017,Women,[25-29],Divorced,4.2
SEN,Senegal,Africa,1999,Women,[25-29],Divorced or Separated,4.7
SEN,Senegal,Africa,2017,Women,[25-29],Living together,0.0
SEN,Senegal,Africa,2017,Women,[25-29],Married,75.7
SEN,Senegal,Africa,2013,Women,[25-29],Separated,3.02
SEN,Senegal,Africa,2017,Women,[30-34],Divorced,5.0
SEN,Senegal,Africa,1999,Women,[30-34],Divorced or Separated,4.7
SEN,Senegal,Africa,2017,Women,[30-34],Living together,0.1
SEN,Senegal,Africa,2017,Women,[30-34],Married,83.7
SEN,Senegal,Africa,2013,Women,[30-34],Separated,6.24
SEN,Senegal,Africa,2017,Women,[35-39],Divorced,6.0
SEN,Senegal,Africa,1999,Women,[35-39],Divorced or Separated,5.6
SEN,Senegal,Africa,2017,Women,[35-39],Living together,0.0
SEN,Senegal,Africa,2017,Women,[35-39],Married,88.3
SEN,Senegal,Africa,2013,Women,[35-39],Separated,8.74
SEN,Senegal,Africa,2017,Women,[40-44],Divorced,5.4
SEN,Senegal,Africa,1999,Women,[40-44],Divorced or Separated,5.7
SEN,Senegal,Africa,2017,Women,[40-44],Living together,0.1
SEN,Senegal,Africa,2017,Women,[40-44],Married,88.4
SEN,Senegal,Africa,2013,Women,[40-44],Separated,10.32
SEN,Senegal,Africa,2017,Women,[45-49],Divorced,6.9
SEN,Senegal,Africa,1999,Women,[45-49],Divorced or Separated,4.4
SEN,Senegal,Africa,2017,Women,[45-49],Living together,0.1
SEN,Senegal,Africa,2017,Women,[45-49],Married,86.5
SEN,Senegal,Africa,2013,Women,[45-49],Separated,12.16
SEN,Senegal,Africa,2017,Women,[50-54],Divorced,5.73
SEN,Senegal,Africa,1993,Women,[50-54],Divorced or Separated,3.64
SEN,Senegal,Africa,2017,Women,[50-54],Married,80.09
SEN,Senegal,Africa,2013,Women,[50-54],Separated,13.31
SEN,Senegal,Africa,2017,Women,[55-59],Divorced,5.25
SEN,Senegal,Africa,1993,Women,[55-59],Divorced or Separated,2.56
SEN,Senegal,Africa,2017,Women,[55-59],Married,73.26
SEN,Senegal,Africa,2013,Women,[55-59],Separated,15.83
SEN,Senegal,Africa,2017,Women,[60-64],Divorced,4.67
SEN,Senegal,Africa,1993,Women,[60-64],Divorced or Separated,2.18
SEN,Senegal,Africa,2017,Women,[60-64],Married,63.98
SEN,Senegal,Africa,2013,Women,[60-64],Separated,17.15
SYC,Seychelles,Africa,2002,Men,[15-19],Divorced,0.14
SYC,Seychelles,Africa,2002,Men,[15-19],Married,0.2
SYC,Seychelles,Africa,2002,Men,[15-19],Separated,0.06
SYC,Seychelles,Africa,2002,Men,[20-24],Divorced,0.29
SYC,Seychelles,Africa,1982,Men,[20-24],Divorced or Separated,0.26
SYC,Seychelles,Africa,2002,Men,[20-24],Married,5.13
SYC,Seychelles,Africa,2002,Men,[20-24],Separated,0.23
SYC,Seychelles,Africa,2002,Men,[25-29],Divorced,0.67
SYC,Seychelles,Africa,1982,Men,[25-29],Divorced or Separated,1.2
SYC,Seychelles,Africa,2002,Men,[25-29],Married,16.27
SYC,Seychelles,Africa,2002,Men,[25-29],Separated,0.32
SYC,Seychelles,Africa,2002,Men,[30-34],Divorced,0.72
SYC,Seychelles,Africa,1982,Men,[30-34],Divorced or Separated,2.18
SYC,Seychelles,Africa,2002,Men,[30-34],Married,25.53
SYC,Seychelles,Africa,2002,Men,[30-34],Separated,0.53
SYC,Seychelles,Africa,2002,Men,[35-39],Divorced,1.07
SYC,Seychelles,Africa,1982,Men,[35-39],Divorced or Separated,1.81
SYC,Seychelles,Africa,2002,Men,[35-39],Married,33.36
SYC,Seychelles,Africa,2002,Men,[35-39],Separated,1.01
SYC,Seychelles,Africa,2002,Men,[40-44],Divorced,1.63
SYC,Seychelles,Africa,1982,Men,[40-44],Divorced or Separated,3.48
SYC,Seychelles,Africa,2002,Men,[40-44],Married,38.5
SYC,Seychelles,Africa,2002,Men,[40-44],Separated,1.47
SYC,Seychelles,Africa,2002,Men,[45-49],Divorced,1.86
SYC,Seychelles,Africa,1982,Men,[45-49],Divorced or Separated,3.47
SYC,Seychelles,Africa,2002,Men,[45-49],Married,43.77
SYC,Seychelles,Africa,2002,Men,[45-49],Separated,2.03
SYC,Seychelles,Africa,2002,Men,[50-54],Divorced,3.64
SYC,Seychelles,Africa,1982,Men,[50-54],Divorced or Separated,5.31
SYC,Seychelles,Africa,2002,Men,[50-54],Married,46.14
SYC,Seychelles,Africa,2002,Men,[50-54],Separated,2.53
SYC,Seychelles,Africa,2002,Men,[55-59],Divorced,2.62
SYC,Seychelles,Africa,1982,Men,[55-59],Divorced or Separated,6.21
SYC,Seychelles,Africa,2002,Men,[55-59],Married,52.32
SYC,Seychelles,Africa,2002,Men,[55-59],Separated,2.79
SYC,Seychelles,Africa,2002,Men,[60-64],Divorced,3.15
SYC,Seychelles,Africa,1982,Men,[60-64],Divorced or Separated,7.51
SYC,Seychelles,Africa,2002,Men,[60-64],Married,47.79
SYC,Seychelles,Africa,2002,Men,[60-64],Separated,3.99
SYC,Seychelles,Africa,1994,Men,[65+],Divorced,4.09
SYC,Seychelles,Africa,1994,Men,[65+],Married,56.76
SYC,Seychelles,Africa,1994,Men,[65+],Separated,1.47
SYC,Seychelles,Africa,2002,Women,[15-19],Divorced,0.21
SYC,Seychelles,Africa,2002,Women,[15-19],Married,0.8
SYC,Seychelles,Africa,2002,Women,[15-19],Separated,0.12
SYC,Seychelles,Africa,2002,Women,[20-24],Divorced,0.26
SYC,Seychelles,Africa,2002,Women,[20-24],Married,9.9
SYC,Seychelles,Africa,2002,Women,[20-24],Separated,0.41
SYC,Seychelles,Africa,2002,Women,[25-29],Divorced,0.52
SYC,Seychelles,Africa,2002,Women,[25-29],Married,20.8
SYC,Seychelles,Africa,2002,Women,[25-29],Separated,0.8
SYC,Seychelles,Africa,2002,Women,[30-34],Divorced,1.38
SYC,Seychelles,Africa,2002,Women,[30-34],Married,27.75
SYC,Seychelles,Africa,2002,Women,[30-34],Separated,1.07
SYC,Seychelles,Africa,2002,Women,[35-39],Divorced,2.68
SYC,Seychelles,Africa,2002,Women,[35-39],Married,34.67
SYC,Seychelles,Africa,2002,Women,[35-39],Separated,2.01
SYC,Seychelles,Africa,2002,Women,[40-44],Divorced,3.44
SYC,Seychelles,Africa,2002,Women,[40-44],Married,39.31
SYC,Seychelles,Africa,2002,Women,[40-44],Separated,2.65
SYC,Seychelles,Africa,2002,Women,[45-49],Divorced,4.21
SYC,Seychelles,Africa,2002,Women,[45-49],Married,42.87
SYC,Seychelles,Africa,2002,Women,[45-49],Separated,3.77
SYC,Seychelles,Africa,2002,Women,[50-54],Divorced,4.35
SYC,Seychelles,Africa,2002,Women,[50-54],Married,44.21
SYC,Seychelles,Africa,2002,Women,[50-54],Separated,3.93
SYC,Seychelles,Africa,2002,Women,[55-59],Divorced,3.89
SYC,Seychelles,Africa,2002,Women,[55-59],Married,47.06
SYC,Seychelles,Africa,2002,Women,[55-59],Separated,3.2
SYC,Seychelles,Africa,2002,Women,[60-64],Divorced,3.55
SYC,Seychelles,Africa,2002,Women,[60-64],Married,40.86
SYC,Seychelles,Africa,2002,Women,[60-64],Separated,4.15
SYC,Seychelles,Africa,1994,Women,[65+],Divorced,2.97
SYC,Seychelles,Africa,1994,Women,[65+],Married,38.68
SYC,Seychelles,Africa,1994,Women,[65+],Separated,1.22
SLE,Sierra Leone,Africa,2017,Men,[15-19],Divorced,0.0
SLE,Sierra Leone,Africa,2013,Men,[15-19],Living together,0.2
SLE,Sierra Leone,Africa,2017,Men,[15-19],Married,0.57
SLE,Sierra Leone,Africa,2017,Men,[15-19],Married or Living together,1.0
SLE,Sierra Leone,Africa,2017,Men,[15-19],Separated,0.07
SLE,Sierra Leone,Africa,2017,Men,[20-24],Divorced,0.18
SLE,Sierra Leone,Africa,2013,Men,[20-24],Living together,3.0
SLE,Sierra Leone,Africa,2017,Men,[20-24],Married,5.1
SLE,Sierra Leone,Africa,2017,Men,[20-24],Married or Living together,13.22
SLE,Sierra Leone,Africa,2017,Men,[20-24],Separated,0.51
SLE,Sierra Leone,Africa,2017,Men,[25-29],Divorced,0.11
SLE,Sierra Leone,Africa,2013,Men,[25-29],Living together,6.8
SLE,Sierra Leone,Africa,2017,Men,[25-29],Married,11.58
SLE,Sierra Leone,Africa,2017,Men,[25-29],Married or Living together,35.76
SLE,Sierra Leone,Africa,2017,Men,[25-29],Separated,1.9
SLE,Sierra Leone,Africa,2017,Men,[30-34],Divorced,0.85
SLE,Sierra Leone,Africa,2013,Men,[30-34],Living together,5.4
SLE,Sierra Leone,Africa,2017,Men,[30-34],Married,10.22
SLE,Sierra Leone,Africa,2017,Men,[30-34],Married or Living together,59.43
SLE,Sierra Leone,Africa,2017,Men,[30-34],Separated,3.85
SLE,Sierra Leone,Africa,2017,Men,[35-39],Divorced,0.25
SLE,Sierra Leone,Africa,2013,Men,[35-39],Living together,4.8
SLE,Sierra Leone,Africa,2017,Men,[35-39],Married,8.43
SLE,Sierra Leone,Africa,2017,Men,[35-39],Married or Living together,77.46
SLE,Sierra Leone,Africa,2017,Men,[35-39],Separated,3.9
SLE,Sierra Leone,Africa,2017,Men,[40-44],Divorced,0.3
SLE,Sierra Leone,Africa,2013,Men,[40-44],Living together,4.9
SLE,Sierra Leone,Africa,2017,Men,[40-44],Married,6.97
SLE,Sierra Leone,Africa,2017,Men,[40-44],Married or Living together,80.58
SLE,Sierra Leone,Africa,2017,Men,[40-44],Separated,4.78
SLE,Sierra Leone,Africa,2017,Men,[45-49],Divorced,0.45
SLE,Sierra Leone,Africa,2013,Men,[45-49],Living together,3.9
SLE,Sierra Leone,Africa,2017,Men,[45-49],Married,5.44
SLE,Sierra Leone,Africa,2017,Men,[45-49],Married or Living together,86.19
SLE,Sierra Leone,Africa,2017,Men,[45-49],Separated,3.25
SLE,Sierra Leone,Africa,2015,Men,[50-54],Divorced,1.63
SLE,Sierra Leone,Africa,2013,Men,[50-54],Living together,4.6
SLE,Sierra Leone,Africa,2015,Men,[50-54],Married,86.14
SLE,Sierra Leone,Africa,2000,Men,[50-54],Married or Living together,91.01
SLE,Sierra Leone,Africa,2015,Men,[50-54],Separated,2.66
SLE,Sierra Leone,Africa,2015,Men,[55-59],Divorced,1.61
SLE,Sierra Leone,Africa,2013,Men,[55-59],Living together,3.6
SLE,Sierra Leone,Africa,2015,Men,[55-59],Married,87.3
SLE,Sierra Leone,Africa,2000,Men,[55-59],Married or Living together,92.56
SLE,Sierra Leone,Africa,2015,Men,[55-59],Separated,2.58
SLE,Sierra Leone,Africa,2015,Men,[60-64],Divorced,1.84
SLE,Sierra Leone,Africa,2015,Men,[60-64],Married,86.24
SLE,Sierra Leone,Africa,2000,Men,[60-64],Married or Living together,90.09
SLE,Sierra Leone,Africa,2015,Men,[60-64],Separated,2.65
SLE,Sierra Leone,Africa,2015,Women,[15-19],Divorced,0.11
SLE,Sierra Leone,Africa,2013,Women,[15-19],Living together,2.1
SLE,Sierra Leone,Africa,2017,Women,[15-19],Married,10.44
SLE,Sierra Leone,Africa,2000,Women,[15-19],Married or Living together,43.77
SLE,Sierra Leone,Africa,2015,Women,[15-19],Separated,0.32
SLE,Sierra Leone,Africa,2015,Women,[20-24],Divorced,0.37
SLE,Sierra Leone,Africa,2013,Women,[20-24],Living together,4.4
SLE,Sierra Leone,Africa,2017,Women,[20-24],Married,44.07
SLE,Sierra Leone,Africa,2000,Women,[20-24],Married or Living together,74.69
SLE,Sierra Leone,Africa,2015,Women,[20-24],Separated,0.94
SLE,Sierra Leone,Africa,2015,Women,[25-29],Divorced,0.68
SLE,Sierra Leone,Africa,2013,Women,[25-29],Living together,4.0
SLE,Sierra Leone,Africa,2017,Women,[25-29],Married,68.28
SLE,Sierra Leone,Africa,2000,Women,[25-29],Married or Living together,85.94
SLE,Sierra Leone,Africa,2015,Women,[25-29],Separated,1.52
SLE,Sierra Leone,Africa,2015,Women,[30-34],Divorced,1.14
SLE,Sierra Leone,Africa,2013,Women,[30-34],Living together,3.0
SLE,Sierra Leone,Africa,2017,Women,[30-34],Married,78.84
SLE,Sierra Leone,Africa,2000,Women,[30-34],Married or Living together,88.93
SLE,Sierra Leone,Africa,2015,Women,[30-34],Separated,2.31
SLE,Sierra Leone,Africa,2015,Women,[35-39],Divorced,1.47
SLE,Sierra Leone,Africa,2013,Women,[35-39],Living together,2.0
SLE,Sierra Leone,Africa,2017,Women,[35-39],Married,81.31
SLE,Sierra Leone,Africa,2000,Women,[35-39],Married or Living together,89.55
SLE,Sierra Leone,Africa,2015,Women,[35-39],Separated,2.66
SLE,Sierra Leone,Africa,2015,Women,[40-44],Divorced,1.95
SLE,Sierra Leone,Africa,2013,Women,[40-44],Living together,2.1
SLE,Sierra Leone,Africa,2017,Women,[40-44],Married,78.38
SLE,Sierra Leone,Africa,2000,Women,[40-44],Married or Living together,88.54
SLE,Sierra Leone,Africa,2015,Women,[40-44],Separated,3.22
SLE,Sierra Leone,Africa,2015,Women,[45-49],Divorced,2.24
SLE,Sierra Leone,Africa,2013,Women,[45-49],Living together,1.2
SLE,Sierra Leone,Africa,2017,Women,[45-49],Married,76.68
SLE,Sierra Leone,Africa,2000,Women,[45-49],Married or Living together,85.23
SLE,Sierra Leone,Africa,2015,Women,[45-49],Separated,3.27
SLE,Sierra Leone,Africa,2015,Women,[50-54],Divorced,2.47
SLE,Sierra Leone,Africa,2015,Women,[50-54],Married,66.3
SLE,Sierra Leone,Africa,2000,Women,[50-54],Married or Living together,73.81
SLE,Sierra Leone,Africa,2015,Women,[50-54],Separated,3.27
SLE,Sierra Leone,Africa,2015,Women,[55-59],Divorced,2.73
SLE,Sierra Leone,Africa,2015,Women,[55-59],Married,58.94
SLE,Sierra Leone,Africa,2000,Women,[55-59],Married or Living together,65.56
SLE,Sierra Leone,Africa,2015,Women,[55-59],Separated,3.5
SLE,Sierra Leone,Africa,2015,Women,[60-64],Divorced,2.38
SLE,Sierra Leone,Africa,2015,Women,[60-64],Married,50.65
SLE,Sierra Leone,Africa,2000,Women,[60-64],Married or Living together,48.33
SLE,Sierra Leone,Africa,2015,Women,[60-64],Separated,2.93
SLE,Sierra Leone,Africa,1985,Women,[65+],Divorced,1.35
SLE,Sierra Leone,Africa,1985,Women,[65+],Married,40.81
SLE,Sierra Leone,Africa,1985,Women,[65+],Separated,2.43
SOM,Somalia,Africa,1982,Men,[15-19],Divorced,0.35
SOM,Somalia,Africa,1982,Men,[15-19],Married,1.97
SOM,Somalia,Africa,1982,Men,[20-24],Divorced,1.59
SOM,Somalia,Africa,1981,Men,[20-24],Divorced or Separated,1.0
SOM,Somalia,Africa,1982,Men,[20-24],Married,21.22
SOM,Somalia,Africa,1982,Men,[25-29],Divorced,3.15
SOM,Somalia,Africa,1981,Men,[25-29],Divorced or Separated,2.0
SOM,Somalia,Africa,1982,Men,[25-29],Married,56.04
SOM,Somalia,Africa,1982,Men,[30-34],Divorced,4.88
SOM,Somalia,Africa,1981,Men,[30-34],Divorced or Separated,3.0
SOM,Somalia,Africa,1982,Men,[30-34],Married,82.32
SOM,Somalia,Africa,1982,Men,[35-39],Divorced,1.89
SOM,Somalia,Africa,1981,Men,[35-39],Divorced or Separated,3.0
SOM,Somalia,Africa,1982,Men,[35-39],Married,92.96
SOM,Somalia,Africa,1982,Men,[40-44],Divorced,1.63
SOM,Somalia,Africa,1981,Men,[40-44],Divorced or Separated,2.0
SOM,Somalia,Africa,1982,Men,[40-44],Married,95.11
SOM,Somalia,Africa,1982,Men,[45-49],Divorced,1.53
SOM,Somalia,Africa,1981,Men,[45-49],Divorced or Separated,2.0
SOM,Somalia,Africa,1982,Men,[45-49],Married,96.72
SOM,Somalia,Africa,1982,Men,[50-54],Divorced,2.73
SOM,Somalia,Africa,1981,Men,[50-54],Divorced or Separated,3.0
SOM,Somalia,Africa,1982,Men,[50-54],Married,94.69
SOM,Somalia,Africa,1982,Men,[55-59],Divorced,2.13
SOM,Somalia,Africa,1981,Men,[55-59],Divorced or Separated,3.0
SOM,Somalia,Africa,1982,Men,[55-59],Married,93.09
SOM,Somalia,Africa,2006,Women,[15-19],Divorced,3.16
SOM,Somalia,Africa,2006,Women,[15-19],Married,24.57
SOM,Somalia,Africa,2006,Women,[20-24],Divorced,7.78
SOM,Somalia,Africa,2006,Women,[20-24],Married,64.9
SOM,Somalia,Africa,2006,Women,[25-29],Divorced,7.26
SOM,Somalia,Africa,2006,Women,[25-29],Married,82.78
SOM,Somalia,Africa,2006,Women,[30-34],Divorced,8.08
SOM,Somalia,Africa,2006,Women,[30-34],Married,87.29
SOM,Somalia,Africa,2006,Women,[35-39],Divorced,8.07
SOM,Somalia,Africa,2006,Women,[35-39],Married,85.91
SOM,Somalia,Africa,2006,Women,[40-44],Divorced,6.94
SOM,Somalia,Africa,2006,Women,[40-44],Married,84.92
SOM,Somalia,Africa,2006,Women,[45-49],Divorced,6.29
SOM,Somalia,Africa,2006,Women,[45-49],Married,76.15
SOM,Somalia,Africa,1982,Women,[50-54],Divorced,12.42
SOM,Somalia,Africa,1982,Women,[50-54],Married,67.54
SOM,Somalia,Africa,1982,Women,[55-59],Divorced,16.0
SOM,Somalia,Africa,1982,Women,[55-59],Married,64.8
ZAF,South Africa,Africa,2016,Men,[15-19],Divorced,0.14
ZAF,South Africa,Africa,1996,Men,[15-19],Divorced or Separated,0.02
ZAF,South Africa,Africa,2016,Men,[15-19],Living together,0.1
ZAF,South Africa,Africa,2016,Men,[15-19],Married,0.2
ZAF,South Africa,Africa,2011,Men,[15-19],Separated,0.0
ZAF,South Africa,Africa,2016,Men,[20-24],Divorced,0.26
ZAF,South Africa,Africa,1996,Men,[20-24],Divorced or Separated,0.18
ZAF,South Africa,Africa,2016,Men,[20-24],Living together,5.7
ZAF,South Africa,Africa,2016,Men,[20-24],Married,4.37
ZAF,South Africa,Africa,2011,Men,[20-24],Separated,0.05
ZAF,South Africa,Africa,2016,Men,[25-29],Divorced,0.74
ZAF,South Africa,Africa,1996,Men,[25-29],Divorced or Separated,0.9
ZAF,South Africa,Africa,2016,Men,[25-29],Living together,14.7
ZAF,South Africa,Africa,2016,Men,[25-29],Married,18.41
ZAF,South Africa,Africa,2011,Men,[25-29],Separated,0.07
ZAF,South Africa,Africa,2016,Men,[30-34],Divorced,0.78
ZAF,South Africa,Africa,1996,Men,[30-34],Divorced or Separated,2.14
ZAF,South Africa,Africa,2016,Men,[30-34],Living together,19.8
ZAF,South Africa,Africa,2016,Men,[30-34],Married,40.73
ZAF,South Africa,Africa,2011,Men,[30-34],Separated,0.2
ZAF,South Africa,Africa,2016,Men,[35-39],Divorced,2.56
ZAF,South Africa,Africa,1996,Men,[35-39],Divorced or Separated,3.36
ZAF,South Africa,Africa,2016,Men,[35-39],Living together,18.1
ZAF,South Africa,Africa,2016,Men,[35-39],Married,51.74
ZAF,South Africa,Africa,2011,Men,[35-39],Separated,0.5
ZAF,South Africa,Africa,2016,Men,[40-44],Divorced,5.26
ZAF,South Africa,Africa,1996,Men,[40-44],Divorced or Separated,4.21
ZAF,South Africa,Africa,2016,Men,[40-44],Living together,17.0
ZAF,South Africa,Africa,2016,Men,[40-44],Married,56.94
ZAF,South Africa,Africa,2011,Men,[40-44],Separated,0.77
ZAF,South Africa,Africa,2016,Men,[45-49],Divorced,0.9
ZAF,South Africa,Africa,1996,Men,[45-49],Divorced or Separated,4.58
ZAF,South Africa,Africa,2016,Men,[45-49],Living together,13.5
ZAF,South Africa,Africa,2016,Men,[45-49],Married,64.18
ZAF,South Africa,Africa,2011,Men,[45-49],Separated,1.49
ZAF,South Africa,Africa,2016,Men,[50-54],Divorced,9.02
ZAF,South Africa,Africa,1996,Men,[50-54],Divorced or Separated,4.56
ZAF,South Africa,Africa,2016,Men,[50-54],Married,66.69
ZAF,South Africa,Africa,2011,Men,[50-54],Separated,1.2
ZAF,South Africa,Africa,2016,Men,[55-59],Divorced,8.8
ZAF,South Africa,Africa,1996,Men,[55-59],Divorced or Separated,4.06
ZAF,South Africa,Africa,2016,Men,[55-59],Married,71.44
ZAF,South Africa,Africa,2011,Men,[55-59],Separated,1.45
ZAF,South Africa,Africa,2016,Men,[60-64],Divorced,8.83
ZAF,South Africa,Africa,1996,Men,[60-64],Divorced or Separated,3.67
ZAF,South Africa,Africa,2016,Men,[60-64],Married,73.12
ZAF,South Africa,Africa,2011,Men,[60-64],Separated,1.32
ZAF,South Africa,Africa,2016,Women,[15-19],Divorced,0.0
ZAF,South Africa,Africa,1996,Women,[15-19],Divorced or Separated,0.08
ZAF,South Africa,Africa,2016,Women,[15-19],Living together,1.8
ZAF,South Africa,Africa,2016,Women,[15-19],Married,2.2
ZAF,South Africa,Africa,2011,Women,[15-19],Separated,0.03
ZAF,South Africa,Africa,2016,Women,[20-24],Divorced,0.78
ZAF,South Africa,Africa,1996,Women,[20-24],Divorced or Separated,0.6
ZAF,South Africa,Africa,2016,Women,[20-24],Living together,12.1
ZAF,South Africa,Africa,2016,Women,[20-24],Married,15.61
ZAF,South Africa,Africa,2011,Women,[20-24],Separated,0.12
ZAF,South Africa,Africa,2016,Women,[25-29],Divorced,0.52
ZAF,South Africa,Africa,1996,Women,[25-29],Divorced or Separated,1.96
ZAF,South Africa,Africa,2016,Women,[25-29],Living together,17.8
ZAF,South Africa,Africa,2016,Women,[25-29],Married,29.62
ZAF,South Africa,Africa,2011,Women,[25-29],Separated,0.35
ZAF,South Africa,Africa,2016,Women,[30-34],Divorced,1.5
ZAF,South Africa,Africa,1996,Women,[30-34],Divorced or Separated,3.97
ZAF,South Africa,Africa,2016,Women,[30-34],Living together,18.0
ZAF,South Africa,Africa,2016,Women,[30-34],Married,47.93
ZAF,South Africa,Africa,2011,Women,[30-34],Separated,0.65
ZAF,South Africa,Africa,2016,Women,[35-39],Divorced,1.1
ZAF,South Africa,Africa,1996,Women,[35-39],Divorced or Separated,5.93
ZAF,South Africa,Africa,2016,Women,[35-39],Living together,15.2
ZAF,South Africa,Africa,2016,Women,[35-39],Married,52.83
ZAF,South Africa,Africa,2011,Women,[35-39],Separated,1.3
ZAF,South Africa,Africa,2016,Women,[40-44],Divorced,2.4
ZAF,South Africa,Africa,1996,Women,[40-44],Divorced or Separated,7.4
ZAF,South Africa,Africa,2016,Women,[40-44],Living together,11.9
ZAF,South Africa,Africa,2016,Women,[40-44],Married,51.17
ZAF,South Africa,Africa,2011,Women,[40-44],Separated,1.78
ZAF,South Africa,Africa,2016,Women,[45-49],Divorced,3.9
ZAF,South Africa,Africa,1996,Women,[45-49],Divorced or Separated,7.8
ZAF,South Africa,Africa,2016,Women,[45-49],Living together,11.1
ZAF,South Africa,Africa,2016,Women,[45-49],Married,50.58
ZAF,South Africa,Africa,2011,Women,[45-49],Separated,2.31
ZAF,South Africa,Africa,2016,Women,[50-54],Divorced,9.6
ZAF,South Africa,Africa,1996,Women,[50-54],Divorced or Separated,7.34
ZAF,South Africa,Africa,2016,Women,[50-54],Married,50.41
ZAF,South Africa,Africa,2011,Women,[50-54],Separated,1.8
ZAF,South Africa,Africa,2016,Women,[55-59],Divorced,9.45
ZAF,South Africa,Africa,1996,Women,[55-59],Divorced or Separated,6.1
ZAF,South Africa,Africa,2016,Women,[55-59],Married,44.19
ZAF,South Africa,Africa,2011,Women,[55-59],Separated,1.94
ZAF,South Africa,Africa,2016,Women,[60-64],Divorced,8.18
ZAF,South Africa,Africa,1996,Women,[60-64],Divorced or Separated,4.58
ZAF,South Africa,Africa,2016,Women,[60-64],Married,46.9
ZAF,South Africa,Africa,2011,Women,[60-64],Separated,1.12
SSD,South Sudan,Africa,2010,Men,[15-19],Divorced,0.09
SSD,South Sudan,Africa,2010,Men,[15-19],Married,6.0
SSD,South Sudan,Africa,2010,Men,[15-19],Married or Living together,0.1
SSD,South Sudan,Africa,2010,Men,[15-19],Separated,0.42
SSD,South Sudan,Africa,2010,Men,[20-24],Divorced,0.7
SSD,South Sudan,Africa,2010,Men,[20-24],Married,24.55
SSD,South Sudan,Africa,2010,Men,[20-24],Married or Living together,0.93
SSD,South Sudan,Africa,2010,Men,[20-24],Separated,1.16
SSD,South Sudan,Africa,2010,Men,[25-29],Divorced,0.62
SSD,South Sudan,Africa,2010,Men,[25-29],Married,58.16
SSD,South Sudan,Africa,2010,Men,[25-29],Married or Living together,1.02
SSD,South Sudan,Africa,2010,Men,[25-29],Separated,1.61
SSD,South Sudan,Africa,2010,Men,[30-34],Divorced,0.41
SSD,South Sudan,Africa,2010,Men,[30-34],Married,81.96
SSD,South Sudan,Africa,2010,Men,[30-34],Married or Living together,0.5
SSD,South Sudan,Africa,2010,Men,[30-34],Separated,1.32
SSD,South Sudan,Africa,2010,Men,[35-39],Divorced,0.66
SSD,South Sudan,Africa,2010,Men,[35-39],Married,90.74
SSD,South Sudan,Africa,2010,Men,[35-39],Married or Living together,0.56
SSD,South Sudan,Africa,2010,Men,[35-39],Separated,0.87
SSD,South Sudan,Africa,2010,Men,[40-44],Divorced,0.5
SSD,South Sudan,Africa,2010,Men,[40-44],Married,94.07
SSD,South Sudan,Africa,2010,Men,[40-44],Married or Living together,0.47
SSD,South Sudan,Africa,2010,Men,[40-44],Separated,1.27
SSD,South Sudan,Africa,2010,Men,[45-49],Divorced,1.1
SSD,South Sudan,Africa,2010,Men,[45-49],Married,91.81
SSD,South Sudan,Africa,2010,Men,[45-49],Married or Living together,0.36
SSD,South Sudan,Africa,2010,Men,[45-49],Separated,1.24
SSD,South Sudan,Africa,2010,Men,[50-54],Divorced,1.5
SSD,South Sudan,Africa,2010,Men,[50-54],Married,89.38
SSD,South Sudan,Africa,2010,Men,[50-54],Married or Living together,0.77
SSD,South Sudan,Africa,2010,Men,[50-54],Separated,1.78
SSD,South Sudan,Africa,2010,Men,[55-59],Divorced,0.93
SSD,South Sudan,Africa,2010,Men,[55-59],Married,90.65
SSD,South Sudan,Africa,2010,Men,[55-59],Married or Living together,0.26
SSD,South Sudan,Africa,2010,Men,[55-59],Separated,0.87
SSD,South Sudan,Africa,2010,Men,[60-64],Divorced,0.33
SSD,South Sudan,Africa,2010,Men,[60-64],Married,89.62
SSD,South Sudan,Africa,2010,Men,[60-64],Married or Living together,0.39
SSD,South Sudan,Africa,2010,Men,[60-64],Separated,1.05
SSD,South Sudan,Africa,1983,Men,[65+],Divorced,3.52
SSD,South Sudan,Africa,1983,Men,[65+],Married,86.48
SSD,South Sudan,Africa,2010,Women,[15-19],Divorced,0.76
SSD,South Sudan,Africa,2010,Women,[15-19],Living together,5.59
SSD,South Sudan,Africa,2010,Women,[15-19],Married,34.55
SSD,South Sudan,Africa,2010,Women,[15-19],Married or Living together,0.6
SSD,South Sudan,Africa,2010,Women,[15-19],Separated,1.6
SSD,South Sudan,Africa,2010,Women,[20-24],Divorced,1.56
SSD,South Sudan,Africa,2010,Women,[20-24],Living together,14.36
SSD,South Sudan,Africa,2010,Women,[20-24],Married,71.27
SSD,South Sudan,Africa,2010,Women,[20-24],Married or Living together,0.9
SSD,South Sudan,Africa,2010,Women,[20-24],Separated,2.86
SSD,South Sudan,Africa,2010,Women,[25-29],Divorced,1.07
SSD,South Sudan,Africa,2010,Women,[25-29],Living together,15.19
SSD,South Sudan,Africa,2010,Women,[25-29],Married,77.04
SSD,South Sudan,Africa,2010,Women,[25-29],Married or Living together,0.51
SSD,South Sudan,Africa,2010,Women,[25-29],Separated,2.58
SSD,South Sudan,Africa,2010,Women,[30-34],Divorced,1.36
SSD,South Sudan,Africa,2010,Women,[30-34],Living together,18.33
SSD,South Sudan,Africa,2010,Women,[30-34],Married,73.16
SSD,South Sudan,Africa,2010,Women,[30-34],Married or Living together,0.52
SSD,South Sudan,Africa,2010,Women,[30-34],Separated,2.44
SSD,South Sudan,Africa,2010,Women,[35-39],Divorced,1.35
SSD,South Sudan,Africa,2010,Women,[35-39],Living together,18.93
SSD,South Sudan,Africa,2010,Women,[35-39],Married,68.07
SSD,South Sudan,Africa,2010,Women,[35-39],Married or Living together,0.94
SSD,South Sudan,Africa,2010,Women,[35-39],Separated,3.18
SSD,South Sudan,Africa,2010,Women,[40-44],Divorced,1.87
SSD,South Sudan,Africa,2010,Women,[40-44],Living together,16.44
SSD,South Sudan,Africa,2010,Women,[40-44],Married,67.62
SSD,South Sudan,Africa,2010,Women,[40-44],Married or Living together,0.4
SSD,South Sudan,Africa,2010,Women,[40-44],Separated,2.01
SSD,South Sudan,Africa,2010,Women,[45-49],Divorced,2.31
SSD,South Sudan,Africa,2010,Women,[45-49],Living together,17.31
SSD,South Sudan,Africa,2010,Women,[45-49],Married,61.68
SSD,South Sudan,Africa,2010,Women,[45-49],Married or Living together,0.61
SSD,South Sudan,Africa,2010,Women,[45-49],Separated,2.8
SSD,South Sudan,Africa,2010,Women,[50-54],Divorced,1.28
SSD,South Sudan,Africa,2010,Women,[50-54],Married,75.68
SSD,South Sudan,Africa,2010,Women,[50-54],Married or Living together,0.33
SSD,South Sudan,Africa,2010,Women,[50-54],Separated,2.61
SSD,South Sudan,Africa,2010,Women,[55-59],Divorced,1.4
SSD,South Sudan,Africa,2010,Women,[55-59],Married,66.43
SSD,South Sudan,Africa,2010,Women,[55-59],Married or Living together,0.0
SSD,South Sudan,Africa,2010,Women,[55-59],Separated,2.58
SSD,South Sudan,Africa,2010,Women,[60-64],Divorced,1.87
SSD,South Sudan,Africa,2010,Women,[60-64],Married,62.67
SSD,South Sudan,Africa,2010,Women,[60-64],Married or Living together,0.0
SSD,South Sudan,Africa,2010,Women,[60-64],Separated,1.56
SSD,South Sudan,Africa,1983,Women,[65+],Divorced,6.1
SSD,South Sudan,Africa,1983,Women,[65+],Married,27.81
TGO,Togo,Africa,2014,Men,[15-19],Divorced,0.0
TGO,Togo,Africa,2017,Men,[15-19],Divorced or Separated,0.37
TGO,Togo,Africa,2014,Men,[15-19],Living together,0.4
TGO,Togo,Africa,2017,Men,[15-19],Married,2.13
TGO,Togo,Africa,2010,Men,[15-19],Separated,0.04
TGO,Togo,Africa,2014,Men,[20-24],Divorced,0.5
TGO,Togo,Africa,2017,Men,[20-24],Divorced or Separated,1.09
TGO,Togo,Africa,2014,Men,[20-24],Living together,5.8
TGO,Togo,Africa,2017,Men,[20-24],Married,16.87
TGO,Togo,Africa,2010,Men,[20-24],Separated,0.24
TGO,Togo,Africa,2014,Men,[25-29],Divorced,0.6
TGO,Togo,Africa,2017,Men,[25-29],Divorced or Separated,1.31
TGO,Togo,Africa,2014,Men,[25-29],Living together,11.2
TGO,Togo,Africa,2017,Men,[25-29],Married,49.59
TGO,Togo,Africa,2010,Men,[25-29],Separated,0.74
TGO,Togo,Africa,2014,Men,[30-34],Divorced,3.2
TGO,Togo,Africa,2017,Men,[30-34],Divorced or Separated,2.67
TGO,Togo,Africa,2014,Men,[30-34],Living together,13.6
TGO,Togo,Africa,2017,Men,[30-34],Married,78.28
TGO,Togo,Africa,2010,Men,[30-34],Separated,1.17
TGO,Togo,Africa,2014,Men,[35-39],Divorced,5.1
TGO,Togo,Africa,2017,Men,[35-39],Divorced or Separated,4.7
TGO,Togo,Africa,2014,Men,[35-39],Living together,16.2
TGO,Togo,Africa,2017,Men,[35-39],Married,87.5
TGO,Togo,Africa,2010,Men,[35-39],Separated,1.42
TGO,Togo,Africa,2014,Men,[40-44],Divorced,4.7
TGO,Togo,Africa,2017,Men,[40-44],Divorced or Separated,3.15
TGO,Togo,Africa,2014,Men,[40-44],Living together,10.6
TGO,Togo,Africa,2017,Men,[40-44],Married,90.24
TGO,Togo,Africa,2010,Men,[40-44],Separated,1.75
TGO,Togo,Africa,2014,Men,[45-49],Divorced,4.7
TGO,Togo,Africa,2017,Men,[45-49],Divorced or Separated,4.6
TGO,Togo,Africa,2014,Men,[45-49],Living together,11.8
TGO,Togo,Africa,2017,Men,[45-49],Married,92.96
TGO,Togo,Africa,2010,Men,[45-49],Separated,2.01
TGO,Togo,Africa,2014,Men,[50-54],Divorced,6.5
TGO,Togo,Africa,2017,Men,[50-54],Divorced or Separated,4.85
TGO,Togo,Africa,2014,Men,[50-54],Living together,11.7
TGO,Togo,Africa,2017,Men,[50-54],Married,89.61
TGO,Togo,Africa,2010,Men,[50-54],Separated,2.15
TGO,Togo,Africa,2014,Men,[55-59],Divorced,6.5
TGO,Togo,Africa,2017,Men,[55-59],Divorced or Separated,3.37
TGO,Togo,Africa,2014,Men,[55-59],Living together,9.6
TGO,Togo,Africa,2017,Men,[55-59],Married,89.82
TGO,Togo,Africa,2010,Men,[55-59],Separated,2.2
TGO,Togo,Africa,2014,Men,[60-64],Divorced,7.3
TGO,Togo,Africa,2017,Men,[60-64],Divorced or Separated,3.48
TGO,Togo,Africa,2017,Men,[60-64],Married,85.98
TGO,Togo,Africa,2010,Men,[60-64],Separated,2.07
TGO,Togo,Africa,2014,Women,[15-19],Divorced,0.5
TGO,Togo,Africa,2017,Women,[15-19],Divorced or Separated,0.94
TGO,Togo,Africa,2014,Women,[15-19],Living together,4.6
TGO,Togo,Africa,2017,Women,[15-19],Married,17.93
TGO,Togo,Africa,2000,Women,[15-19],Married or Living together,1.28
TGO,Togo,Africa,2010,Women,[15-19],Separated,0.42
TGO,Togo,Africa,2014,Women,[20-24],Divorced,2.2
TGO,Togo,Africa,2017,Women,[20-24],Divorced or Separated,1.72
TGO,Togo,Africa,2014,Women,[20-24],Living together,15.7
TGO,Togo,Africa,2017,Women,[20-24],Married,65.08
TGO,Togo,Africa,2000,Women,[20-24],Married or Living together,1.5
TGO,Togo,Africa,2010,Women,[20-24],Separated,1.26
TGO,Togo,Africa,2014,Women,[25-29],Divorced,3.8
TGO,Togo,Africa,2017,Women,[25-29],Divorced or Separated,2.93
TGO,Togo,Africa,2014,Women,[25-29],Living together,20.9
TGO,Togo,Africa,2017,Women,[25-29],Married,86.19
TGO,Togo,Africa,2000,Women,[25-29],Married or Living together,0.86
TGO,Togo,Africa,2010,Women,[25-29],Separated,1.68
TGO,Togo,Africa,2014,Women,[30-34],Divorced,6.1
TGO,Togo,Africa,2017,Women,[30-34],Divorced or Separated,4.07
TGO,Togo,Africa,2014,Women,[30-34],Living together,18.4
TGO,Togo,Africa,2017,Women,[30-34],Married,91.18
TGO,Togo,Africa,2000,Women,[30-34],Married or Living together,0.19
TGO,Togo,Africa,2010,Women,[30-34],Separated,2.11
TGO,Togo,Africa,2014,Women,[35-39],Divorced,6.3
TGO,Togo,Africa,2017,Women,[35-39],Divorced or Separated,4.09
TGO,Togo,Africa,2014,Women,[35-39],Living together,18.1
TGO,Togo,Africa,2017,Women,[35-39],Married,90.5
TGO,Togo,Africa,2000,Women,[35-39],Married or Living together,0.95
TGO,Togo,Africa,2010,Women,[35-39],Separated,2.44
TGO,Togo,Africa,2014,Women,[40-44],Divorced,7.1
TGO,Togo,Africa,2017,Women,[40-44],Divorced or Separated,4.02
TGO,Togo,Africa,2014,Women,[40-44],Living together,15.7
TGO,Togo,Africa,2017,Women,[40-44],Married,89.57
TGO,Togo,Africa,2000,Women,[40-44],Married or Living together,0.27
TGO,Togo,Africa,2010,Women,[40-44],Separated,2.89
TGO,Togo,Africa,2014,Women,[45-49],Divorced,6.0
TGO,Togo,Africa,2017,Women,[45-49],Divorced or Separated,7.25
TGO,Togo,Africa,2014,Women,[45-49],Living together,9.9
TGO,Togo,Africa,2017,Women,[45-49],Married,79.58
TGO,Togo,Africa,2000,Women,[45-49],Married or Living together,0.0
TGO,Togo,Africa,2010,Women,[45-49],Separated,3.35
TGO,Togo,Africa,2014,Women,[50-54],Divorced,9.1
TGO,Togo,Africa,2017,Women,[50-54],Divorced or Separated,6.33
TGO,Togo,Africa,2017,Women,[50-54],Married,67.1
TGO,Togo,Africa,2010,Women,[50-54],Separated,3.29
TGO,Togo,Africa,2014,Women,[55-59],Divorced,7.7
TGO,Togo,Africa,2017,Women,[55-59],Divorced or Separated,7.92
TGO,Togo,Africa,2017,Women,[55-59],Married,63.7
TGO,Togo,Africa,2010,Women,[55-59],Separated,3.01
TGO,Togo,Africa,2014,Women,[60-64],Divorced,5.7
TGO,Togo,Africa,2017,Women,[60-64],Divorced or Separated,5.39
TGO,Togo,Africa,2017,Women,[60-64],Married,43.95
TGO,Togo,Africa,2010,Women,[60-64],Separated,2.52
TUN,Tunisia,Africa,1994,Men,[15-19],Divorced,0.0
TUN,Tunisia,Africa,1994,Men,[15-19],Married,0.0
TUN,Tunisia,Africa,1995,Men,[20-24],Divorced,0.12
TUN,Tunisia,Africa,1995,Men,[20-24],Married,4.76
TUN,Tunisia,Africa,1995,Men,[25-29],Divorced,0.37
TUN,Tunisia,Africa,1995,Men,[25-29],Married,28.11
TUN,Tunisia,Africa,1995,Men,[30-34],Divorced,0.7
TUN,Tunisia,Africa,1995,Men,[30-34],Married,72.95
TUN,Tunisia,Africa,1995,Men,[35-39],Divorced,0.65
TUN,Tunisia,Africa,1995,Men,[35-39],Married,90.32
TUN,Tunisia,Africa,1995,Men,[40-44],Divorced,0.71
TUN,Tunisia,Africa,1995,Men,[40-44],Married,95.37
TUN,Tunisia,Africa,1995,Men,[45-49],Divorced,0.25
TUN,Tunisia,Africa,1995,Men,[45-49],Married,98.9
TUN,Tunisia,Africa,1995,Men,[50-54],Divorced,0.28
TUN,Tunisia,Africa,1995,Men,[50-54],Married,97.6
TUN,Tunisia,Africa,1995,Men,[55-59],Divorced,0.32
TUN,Tunisia,Africa,1995,Men,[55-59],Married,98.13
TUN,Tunisia,Africa,1995,Men,[60-64],Divorced,0.32
TUN,Tunisia,Africa,1995,Men,[60-64],Married,96.95
TUN,Tunisia,Africa,2012,Women,[15-19],Divorced,0.11
TUN,Tunisia,Africa,2012,Women,[15-19],Married,1.19
TUN,Tunisia,Africa,2012,Women,[15-19],Separated,0.0
TUN,Tunisia,Africa,2012,Women,[20-24],Divorced,0.16
TUN,Tunisia,Africa,2012,Women,[20-24],Married,14.22
TUN,Tunisia,Africa,2012,Women,[20-24],Separated,0.02
TUN,Tunisia,Africa,2012,Women,[25-29],Divorced,0.51
TUN,Tunisia,Africa,2012,Women,[25-29],Married,43.56
TUN,Tunisia,Africa,2012,Women,[25-29],Separated,0.18
TUN,Tunisia,Africa,2012,Women,[30-34],Divorced,1.64
TUN,Tunisia,Africa,2012,Women,[30-34],Married,64.04
TUN,Tunisia,Africa,2012,Women,[30-34],Separated,0.0
TUN,Tunisia,Africa,2012,Women,[35-39],Divorced,3.05
TUN,Tunisia,Africa,2012,Women,[35-39],Married,78.51
TUN,Tunisia,Africa,2012,Women,[35-39],Separated,0.06
TUN,Tunisia,Africa,2012,Women,[40-44],Divorced,2.95
TUN,Tunisia,Africa,2012,Women,[40-44],Married,80.93
TUN,Tunisia,Africa,2012,Women,[40-44],Separated,0.5
TUN,Tunisia,Africa,2012,Women,[45-49],Divorced,2.07
TUN,Tunisia,Africa,2012,Women,[45-49],Married,83.71
TUN,Tunisia,Africa,2012,Women,[45-49],Separated,0.18
TUN,Tunisia,Africa,1995,Women,[50-54],Divorced,2.22
TUN,Tunisia,Africa,1995,Women,[50-54],Married,85.86
TUN,Tunisia,Africa,1995,Women,[55-59],Divorced,1.78
TUN,Tunisia,Africa,1995,Women,[55-59],Married,80.4
TUN,Tunisia,Africa,1995,Women,[60-64],Divorced,1.53
TUN,Tunisia,Africa,1995,Women,[60-64],Married,65.52
UGA,Uganda,Africa,2016,Men,[15-19],Divorced,0.1
UGA,Uganda,Africa,2005,Men,[15-19],Divorced or Separated,1.0
UGA,Uganda,Africa,2016,Men,[15-19],Living together,1.1
UGA,Uganda,Africa,2016,Men,[15-19],Married,0.7
UGA,Uganda,Africa,2016,Men,[20-24],Divorced,0.3
UGA,Uganda,Africa,2005,Men,[20-24],Divorced or Separated,6.7
UGA,Uganda,Africa,2016,Men,[20-24],Living together,16.3
UGA,Uganda,Africa,2016,Men,[20-24],Married,17.5
UGA,Uganda,Africa,2016,Men,[25-29],Divorced,0.3
UGA,Uganda,Africa,2005,Men,[25-29],Divorced or Separated,9.8
UGA,Uganda,Africa,2016,Men,[25-29],Living together,33.7
UGA,Uganda,Africa,2016,Men,[25-29],Married,38.3
UGA,Uganda,Africa,2016,Men,[30-34],Divorced,7.19
UGA,Uganda,Africa,2005,Men,[30-34],Divorced or Separated,8.3
UGA,Uganda,Africa,2016,Men,[30-34],Living together,27.6
UGA,Uganda,Africa,2016,Men,[30-34],Married,58.5
UGA,Uganda,Africa,2016,Men,[35-39],Divorced,8.75
UGA,Uganda,Africa,2005,Men,[35-39],Divorced or Separated,9.8
UGA,Uganda,Africa,2016,Men,[35-39],Living together,31.4
UGA,Uganda,Africa,2016,Men,[35-39],Married,57.4
UGA,Uganda,Africa,2016,Men,[40-44],Divorced,9.04
UGA,Uganda,Africa,2005,Men,[40-44],Divorced or Separated,8.3
UGA,Uganda,Africa,2016,Men,[40-44],Living together,26.5
UGA,Uganda,Africa,2016,Men,[40-44],Married,63.6
UGA,Uganda,Africa,2016,Men,[45-49],Divorced,7.12
UGA,Uganda,Africa,2005,Men,[45-49],Divorced or Separated,9.3
UGA,Uganda,Africa,2016,Men,[45-49],Living together,20.9
UGA,Uganda,Africa,2016,Men,[45-49],Married,68.3
UGA,Uganda,Africa,2016,Men,[50-54],Divorced,9.26
UGA,Uganda,Africa,2005,Men,[50-54],Divorced or Separated,8.2
UGA,Uganda,Africa,2011,Men,[50-54],Living together,14.4
UGA,Uganda,Africa,2016,Men,[50-54],Married,86.61
UGA,Uganda,Africa,2016,Men,[55-59],Divorced,10.24
UGA,Uganda,Africa,2005,Men,[55-59],Divorced or Separated,7.5
UGA,Uganda,Africa,2016,Men,[55-59],Married,84.19
UGA,Uganda,Africa,2016,Men,[60-64],Divorced,7.6
UGA,Uganda,Africa,1991,Men,[60-64],Divorced or Separated,12.21
UGA,Uganda,Africa,2016,Men,[60-64],Married,85.63
UGA,Uganda,Africa,2016,Women,[15-19],Divorced,2.97
UGA,Uganda,Africa,2005,Women,[15-19],Divorced or Separated,3.6
UGA,Uganda,Africa,2016,Women,[15-19],Living together,14.3
UGA,Uganda,Africa,2016,Women,[15-19],Married,5.6
UGA,Uganda,Africa,2016,Women,[20-24],Divorced,8.29
UGA,Uganda,Africa,2005,Women,[20-24],Divorced or Separated,8.7
UGA,Uganda,Africa,2016,Women,[20-24],Living together,38.7
UGA,Uganda,Africa,2016,Women,[20-24],Married,25.2
UGA,Uganda,Africa,2016,Women,[25-29],Divorced,0.5
UGA,Uganda,Africa,2005,Women,[25-29],Divorced or Separated,8.4
UGA,Uganda,Africa,2016,Women,[25-29],Living together,41.9
UGA,Uganda,Africa,2016,Women,[25-29],Married,35.4
UGA,Uganda,Africa,2016,Women,[30-34],Divorced,1.0
UGA,Uganda,Africa,2005,Women,[30-34],Divorced or Separated,11.2
UGA,Uganda,Africa,2016,Women,[30-34],Living together,35.3
UGA,Uganda,Africa,2016,Women,[30-34],Married,43.1
UGA,Uganda,Africa,2016,Women,[35-39],Divorced,1.7
UGA,Uganda,Africa,2005,Women,[35-39],Divorced or Separated,8.6
UGA,Uganda,Africa,2016,Women,[35-39],Living together,32.3
UGA,Uganda,Africa,2016,Women,[35-39],Married,44.8
UGA,Uganda,Africa,2016,Women,[40-44],Divorced,1.3
UGA,Uganda,Africa,2005,Women,[40-44],Divorced or Separated,8.4
UGA,Uganda,Africa,2016,Women,[40-44],Living together,26.4
UGA,Uganda,Africa,2016,Women,[40-44],Married,47.2
UGA,Uganda,Africa,2016,Women,[45-49],Divorced,2.1
UGA,Uganda,Africa,2005,Women,[45-49],Divorced or Separated,8.9
UGA,Uganda,Africa,2016,Women,[45-49],Living together,22.3
UGA,Uganda,Africa,2016,Women,[45-49],Married,47.3
UGA,Uganda,Africa,2016,Women,[50-54],Divorced,15.57
UGA,Uganda,Africa,2005,Women,[50-54],Divorced or Separated,12.3
UGA,Uganda,Africa,2016,Women,[50-54],Married,60.34
UGA,Uganda,Africa,2016,Women,[55-59],Divorced,16.16
UGA,Uganda,Africa,2005,Women,[55-59],Divorced or Separated,14.7
UGA,Uganda,Africa,2016,Women,[55-59],Married,53.41
UGA,Uganda,Africa,2016,Women,[60-64],Divorced,18.94
UGA,Uganda,Africa,1991,Women,[60-64],Divorced or Separated,13.22
UGA,Uganda,Africa,2016,Women,[60-64],Married,39.55
TZA,United Republic of Tanzania,Africa,2016,Men,[15-19],Divorced,0.3
TZA,United Republic of Tanzania,Africa,1988,Men,[15-19],Divorced or Separated,0.11
TZA,United Republic of Tanzania,Africa,2016,Men,[15-19],Living together,0.6
TZA,United Republic of Tanzania,Africa,2016,Men,[15-19],Married,0.9
TZA,United Republic of Tanzania,Africa,2012,Men,[15-19],Separated,0.01
TZA,United Republic of Tanzania,Africa,2016,Men,[20-24],Divorced,1.3
TZA,United Republic of Tanzania,Africa,1988,Men,[20-24],Divorced or Separated,0.79
TZA,United Republic of Tanzania,Africa,2016,Men,[20-24],Living together,12.5
TZA,United Republic of Tanzania,Africa,2016,Men,[20-24],Married,16.2
TZA,United Republic of Tanzania,Africa,2012,Men,[20-24],Separated,0.1
TZA,United Republic of Tanzania,Africa,2016,Men,[25-29],Divorced,3.0
TZA,United Republic of Tanzania,Africa,1988,Men,[25-29],Divorced or Separated,1.89
TZA,United Republic of Tanzania,Africa,2016,Men,[25-29],Living together,27.6
TZA,United Republic of Tanzania,Africa,2016,Men,[25-29],Married,39.4
TZA,United Republic of Tanzania,Africa,2012,Men,[25-29],Separated,0.34
TZA,United Republic of Tanzania,Africa,2016,Men,[30-34],Divorced,3.8
TZA,United Republic of Tanzania,Africa,1988,Men,[30-34],Divorced or Separated,3.14
TZA,United Republic of Tanzania,Africa,2016,Men,[30-34],Living together,25.2
TZA,United Republic of Tanzania,Africa,2016,Men,[30-34],Married,57.5
TZA,United Republic of Tanzania,Africa,2012,Men,[30-34],Separated,0.65
TZA,United Republic of Tanzania,Africa,2016,Men,[35-39],Divorced,5.8
TZA,United Republic of Tanzania,Africa,1988,Men,[35-39],Divorced or Separated,4.14
TZA,United Republic of Tanzania,Africa,2016,Men,[35-39],Living together,25.5
TZA,United Republic of Tanzania,Africa,2016,Men,[35-39],Married,59.9
TZA,United Republic of Tanzania,Africa,2012,Men,[35-39],Separated,0.89
TZA,United Republic of Tanzania,Africa,2016,Men,[40-44],Divorced,1.7
TZA,United Republic of Tanzania,Africa,1988,Men,[40-44],Divorced or Separated,5.06
TZA,United Republic of Tanzania,Africa,2016,Men,[40-44],Living together,20.5
TZA,United Republic of Tanzania,Africa,2016,Men,[40-44],Married,70.0
TZA,United Republic of Tanzania,Africa,2012,Men,[40-44],Separated,1.08
TZA,United Republic of Tanzania,Africa,2016,Men,[45-49],Divorced,5.6
TZA,United Republic of Tanzania,Africa,1988,Men,[45-49],Divorced or Separated,5.73
TZA,United Republic of Tanzania,Africa,2016,Men,[45-49],Living together,17.6
TZA,United Republic of Tanzania,Africa,2016,Men,[45-49],Married,72.5
TZA,United Republic of Tanzania,Africa,2012,Men,[45-49],Separated,1.26
TZA,United Republic of Tanzania,Africa,2015,Men,[50-54],Divorced,5.8
TZA,United Republic of Tanzania,Africa,1988,Men,[50-54],Divorced or Separated,6.05
TZA,United Republic of Tanzania,Africa,1999,Men,[50-54],Living together,2.8
TZA,United Republic of Tanzania,Africa,2012,Men,[50-54],Married,77.55
TZA,United Republic of Tanzania,Africa,2012,Men,[50-54],Separated,1.39
TZA,United Republic of Tanzania,Africa,2015,Men,[55-59],Divorced,6.85
TZA,United Republic of Tanzania,Africa,1988,Men,[55-59],Divorced or Separated,6.22
TZA,United Republic of Tanzania,Africa,1999,Men,[55-59],Living together,3.4
TZA,United Republic of Tanzania,Africa,2012,Men,[55-59],Married,74.49
TZA,United Republic of Tanzania,Africa,2012,Men,[55-59],Separated,1.48
TZA,United Republic of Tanzania,Africa,2015,Men,[60-64],Divorced,6.07
TZA,United Republic of Tanzania,Africa,1988,Men,[60-64],Divorced or Separated,6.92
TZA,United Republic of Tanzania,Africa,1992,Men,[60-64],Living together,23.4
TZA,United Republic of Tanzania,Africa,2012,Men,[60-64],Married,75.34
TZA,United Republic of Tanzania,Africa,2012,Men,[60-64],Separated,1.53
TZA,United Republic of Tanzania,Africa,2016,Women,[15-19],Divorced,1.2
TZA,United Republic of Tanzania,Africa,1988,Women,[15-19],Divorced or Separated,0.97
TZA,United Republic of Tanzania,Africa,2016,Women,[15-19],Living together,8.7
TZA,United Republic of Tanzania,Africa,2016,Women,[15-19],Married,14.3
TZA,United Republic of Tanzania,Africa,2012,Women,[15-19],Separated,0.03
TZA,United Republic of Tanzania,Africa,2016,Women,[20-24],Divorced,4.0
TZA,United Republic of Tanzania,Africa,1988,Women,[20-24],Divorced or Separated,3.64
TZA,United Republic of Tanzania,Africa,2016,Women,[20-24],Living together,19.3
TZA,United Republic of Tanzania,Africa,2016,Women,[20-24],Married,40.3
TZA,United Republic of Tanzania,Africa,2012,Women,[20-24],Separated,0.26
TZA,United Republic of Tanzania,Africa,2016,Women,[25-29],Divorced,5.3
TZA,United Republic of Tanzania,Africa,1988,Women,[25-29],Divorced or Separated,5.57
TZA,United Republic of Tanzania,Africa,2016,Women,[25-29],Living together,23.2
TZA,United Republic of Tanzania,Africa,2016,Women,[25-29],Married,52.9
TZA,United Republic of Tanzania,Africa,2012,Women,[25-29],Separated,0.71
TZA,United Republic of Tanzania,Africa,2016,Women,[30-34],Divorced,6.6
TZA,United Republic of Tanzania,Africa,1988,Women,[30-34],Divorced or Separated,7.28
TZA,United Republic of Tanzania,Africa,2016,Women,[30-34],Living together,19.9
TZA,United Republic of Tanzania,Africa,2016,Women,[30-34],Married,58.8
TZA,United Republic of Tanzania,Africa,2012,Women,[30-34],Separated,1.28
TZA,United Republic of Tanzania,Africa,2016,Women,[35-39],Divorced,5.6
TZA,United Republic of Tanzania,Africa,1988,Women,[35-39],Divorced or Separated,7.61
TZA,United Republic of Tanzania,Africa,2016,Women,[35-39],Living together,20.5
TZA,United Republic of Tanzania,Africa,2016,Women,[35-39],Married,59.1
TZA,United Republic of Tanzania,Africa,2012,Women,[35-39],Separated,1.74
TZA,United Republic of Tanzania,Africa,2016,Women,[40-44],Divorced,7.1
TZA,United Republic of Tanzania,Africa,1988,Women,[40-44],Divorced or Separated,8.7
TZA,United Republic of Tanzania,Africa,2016,Women,[40-44],Living together,15.3
TZA,United Republic of Tanzania,Africa,2016,Women,[40-44],Married,60.4
TZA,United Republic of Tanzania,Africa,2012,Women,[40-44],Separated,2.26
TZA,United Republic of Tanzania,Africa,2016,Women,[45-49],Divorced,7.1
TZA,United Republic of Tanzania,Africa,1988,Women,[45-49],Divorced or Separated,9.9
TZA,United Republic of Tanzania,Africa,2016,Women,[45-49],Living together,14.1
TZA,United Republic of Tanzania,Africa,2016,Women,[45-49],Married,59.0
TZA,United Republic of Tanzania,Africa,2012,Women,[45-49],Separated,2.5
TZA,United Republic of Tanzania,Africa,2015,Women,[50-54],Divorced,13.41
TZA,United Republic of Tanzania,Africa,1988,Women,[50-54],Divorced or Separated,10.84
TZA,United Republic of Tanzania,Africa,2012,Women,[50-54],Married,67.18
TZA,United Republic of Tanzania,Africa,2012,Women,[50-54],Separated,2.75
TZA,United Republic of Tanzania,Africa,2015,Women,[55-59],Divorced,12.89
TZA,United Republic of Tanzania,Africa,1988,Women,[55-59],Divorced or Separated,11.78
TZA,United Republic of Tanzania,Africa,2012,Women,[55-59],Married,57.09
TZA,United Republic of Tanzania,Africa,2012,Women,[55-59],Separated,2.86
TZA,United Republic of Tanzania,Africa,2015,Women,[60-64],Divorced,13.41
TZA,United Republic of Tanzania,Africa,1988,Women,[60-64],Divorced or Separated,11.94
TZA,United Republic of Tanzania,Africa,2012,Women,[60-64],Married,55.24
TZA,United Republic of Tanzania,Africa,2012,Women,[60-64],Separated,2.75
ESH,Western Sahara,Africa,1970,Men,[15-19],Divorced,0.0
ESH,Western Sahara,Africa,1970,Men,[15-19],Separated,0.0
ESH,Western Sahara,Africa,1970,Men,[20-24],Divorced,0.0
ESH,Western Sahara,Africa,1970,Men,[20-24],Separated,0.08
ESH,Western Sahara,Africa,1970,Men,[25-29],Divorced,0.13
ESH,Western Sahara,Africa,1970,Men,[25-29],Separated,0.0
ESH,Western Sahara,Africa,1970,Men,[30-34],Divorced,0.1
ESH,Western Sahara,Africa,1970,Men,[30-34],Separated,0.03
ESH,Western Sahara,Africa,1970,Men,[35-39],Divorced,0.22
ESH,Western Sahara,Africa,1970,Men,[35-39],Separated,0.04
ESH,Western Sahara,Africa,1970,Men,[40-44],Divorced,0.13
ESH,Western Sahara,Africa,1970,Men,[40-44],Separated,0.0
ESH,Western Sahara,Africa,1970,Men,[45-49],Divorced,0.12
ESH,Western Sahara,Africa,1970,Men,[45-49],Separated,0.0
ESH,Western Sahara,Africa,1970,Men,[50-54],Divorced,0.0
ESH,Western Sahara,Africa,1970,Men,[50-54],Separated,0.0
ESH,Western Sahara,Africa,1970,Men,[55-59],Divorced,0.0
ESH,Western Sahara,Africa,1970,Men,[55-59],Separated,0.0
ESH,Western Sahara,Africa,1970,Men,[60-64],Divorced,0.24
ESH,Western Sahara,Africa,1970,Men,[60-64],Separated,0.0
ESH,Western Sahara,Africa,1970,Women,[15-19],Divorced,0.0
ESH,Western Sahara,Africa,1970,Women,[15-19],Separated,0.0
ESH,Western Sahara,Africa,1970,Women,[20-24],Divorced,0.27
ESH,Western Sahara,Africa,1970,Women,[20-24],Separated,0.03
ESH,Western Sahara,Africa,1970,Women,[25-29],Divorced,0.44
ESH,Western Sahara,Africa,1970,Women,[25-29],Separated,0.0
ESH,Western Sahara,Africa,1970,Women,[30-34],Divorced,0.34
ESH,Western Sahara,Africa,1970,Women,[30-34],Separated,0.0
ESH,Western Sahara,Africa,1970,Women,[35-39],Divorced,0.86
ESH,Western Sahara,Africa,1970,Women,[35-39],Separated,0.0
ESH,Western Sahara,Africa,1970,Women,[40-44],Divorced,0.64
ESH,Western Sahara,Africa,1970,Women,[40-44],Separated,0.0
ESH,Western Sahara,Africa,1970,Women,[45-49],Divorced,0.83
ESH,Western Sahara,Africa,1970,Women,[45-49],Separated,0.0
ESH,Western Sahara,Africa,1970,Women,[50-54],Divorced,1.03
ESH,Western Sahara,Africa,1970,Women,[50-54],Separated,0.0
ESH,Western Sahara,Africa,1970,Women,[55-59],Divorced,0.51
ESH,Western Sahara,Africa,1970,Women,[55-59],Separated,0.0
ESH,Western Sahara,Africa,1970,Women,[60-64],Divorced,0.89
ESH,Western Sahara,Africa,1970,Women,[60-64],Separated,0.0
ZMB,Zambia,Africa,2014,Men,[15-19],Divorced,0.2
ZMB,Zambia,Africa,1980,Men,[15-19],Divorced or Separated,0.09
ZMB,Zambia,Africa,2014,Men,[15-19],Living together,0.1
ZMB,Zambia,Africa,2014,Men,[15-19],Married,1.0
ZMB,Zambia,Africa,2010,Men,[15-19],Separated,0.09
ZMB,Zambia,Africa,2014,Men,[20-24],Divorced,0.7
ZMB,Zambia,Africa,1980,Men,[20-24],Divorced or Separated,0.94
ZMB,Zambia,Africa,2014,Men,[20-24],Living together,0.6
ZMB,Zambia,Africa,2014,Men,[20-24],Married,21.9
ZMB,Zambia,Africa,2010,Men,[20-24],Separated,0.62
ZMB,Zambia,Africa,2014,Men,[25-29],Divorced,2.8
ZMB,Zambia,Africa,1980,Men,[25-29],Divorced or Separated,2.51
ZMB,Zambia,Africa,2014,Men,[25-29],Living together,0.5
ZMB,Zambia,Africa,2014,Men,[25-29],Married,63.0
ZMB,Zambia,Africa,2010,Men,[25-29],Separated,1.41
ZMB,Zambia,Africa,2014,Men,[30-34],Divorced,3.8
ZMB,Zambia,Africa,1980,Men,[30-34],Divorced or Separated,3.24
ZMB,Zambia,Africa,2014,Men,[30-34],Living together,0.7
ZMB,Zambia,Africa,2014,Men,[30-34],Married,83.0
ZMB,Zambia,Africa,2010,Men,[30-34],Separated,1.91
ZMB,Zambia,Africa,2014,Men,[35-39],Divorced,3.2
ZMB,Zambia,Africa,1980,Men,[35-39],Divorced or Separated,3.44
ZMB,Zambia,Africa,2014,Men,[35-39],Living together,0.8
ZMB,Zambia,Africa,2014,Men,[35-39],Married,89.1
ZMB,Zambia,Africa,2010,Men,[35-39],Separated,1.89
ZMB,Zambia,Africa,2014,Men,[40-44],Divorced,4.5
ZMB,Zambia,Africa,1980,Men,[40-44],Divorced or Separated,3.52
ZMB,Zambia,Africa,2014,Men,[40-44],Living together,0.8
ZMB,Zambia,Africa,2014,Men,[40-44],Married,89.4
ZMB,Zambia,Africa,2010,Men,[40-44],Separated,1.88
ZMB,Zambia,Africa,2014,Men,[45-49],Divorced,3.8
ZMB,Zambia,Africa,1980,Men,[45-49],Divorced or Separated,3.57
ZMB,Zambia,Africa,2014,Men,[45-49],Living together,0.7
ZMB,Zambia,Africa,2014,Men,[45-49],Married,90.5
ZMB,Zambia,Africa,2010,Men,[45-49],Separated,1.77
ZMB,Zambia,Africa,2014,Men,[50-54],Divorced,4.2
ZMB,Zambia,Africa,1980,Men,[50-54],Divorced or Separated,3.8
ZMB,Zambia,Africa,2014,Men,[50-54],Living together,1.4
ZMB,Zambia,Africa,2014,Men,[50-54],Married,88.8
ZMB,Zambia,Africa,2010,Men,[50-54],Separated,1.71
ZMB,Zambia,Africa,2014,Men,[55-59],Divorced,2.7
ZMB,Zambia,Africa,2014,Men,[55-59],Living together,1.3
ZMB,Zambia,Africa,2014,Men,[55-59],Married,90.8
ZMB,Zambia,Africa,2010,Men,[55-59],Separated,1.71
ZMB,Zambia,Africa,2014,Men,[60-64],Divorced,3.4
ZMB,Zambia,Africa,2007,Men,[60-64],Living together,0.0
ZMB,Zambia,Africa,2014,Men,[60-64],Married,88.3
ZMB,Zambia,Africa,2010,Men,[60-64],Separated,1.8
ZMB,Zambia,Africa,2014,Women,[15-19],Divorced,0.9
ZMB,Zambia,Africa,1980,Women,[15-19],Divorced or Separated,1.97
ZMB,Zambia,Africa,2014,Women,[15-19],Living together,0.4
ZMB,Zambia,Africa,2014,Women,[15-19],Married,16.5
ZMB,Zambia,Africa,2010,Women,[15-19],Separated,0.71
ZMB,Zambia,Africa,2014,Women,[20-24],Divorced,4.4
ZMB,Zambia,Africa,1980,Women,[20-24],Divorced or Separated,6.46
ZMB,Zambia,Africa,2014,Women,[20-24],Living together,0.7
ZMB,Zambia,Africa,2014,Women,[20-24],Married,55.4
ZMB,Zambia,Africa,2010,Women,[20-24],Separated,2.58
ZMB,Zambia,Africa,2014,Women,[25-29],Divorced,7.4
ZMB,Zambia,Africa,1980,Women,[25-29],Divorced or Separated,8.41
ZMB,Zambia,Africa,2014,Women,[25-29],Living together,0.9
ZMB,Zambia,Africa,2014,Women,[25-29],Married,76.6
ZMB,Zambia,Africa,2010,Women,[25-29],Separated,3.72
ZMB,Zambia,Africa,2014,Women,[30-34],Divorced,9.0
ZMB,Zambia,Africa,1980,Women,[30-34],Divorced or Separated,8.53
ZMB,Zambia,Africa,2014,Women,[30-34],Living together,0.8
ZMB,Zambia,Africa,2014,Women,[30-34],Married,79.0
ZMB,Zambia,Africa,2010,Women,[30-34],Separated,4.27
ZMB,Zambia,Africa,2014,Women,[35-39],Divorced,9.7
ZMB,Zambia,Africa,1980,Women,[35-39],Divorced or Separated,8.7
ZMB,Zambia,Africa,2014,Women,[35-39],Living together,0.7
ZMB,Zambia,Africa,2014,Women,[35-39],Married,77.6
ZMB,Zambia,Africa,2010,Women,[35-39],Separated,4.19
ZMB,Zambia,Africa,2014,Women,[40-44],Divorced,9.5
ZMB,Zambia,Africa,1980,Women,[40-44],Divorced or Separated,9.4
ZMB,Zambia,Africa,2014,Women,[40-44],Living together,0.3
ZMB,Zambia,Africa,2014,Women,[40-44],Married,75.0
ZMB,Zambia,Africa,2010,Women,[40-44],Separated,4.0
ZMB,Zambia,Africa,2014,Women,[45-49],Divorced,12.4
ZMB,Zambia,Africa,1980,Women,[45-49],Divorced or Separated,10.58
ZMB,Zambia,Africa,2014,Women,[45-49],Living together,0.3
ZMB,Zambia,Africa,2014,Women,[45-49],Married,71.5
ZMB,Zambia,Africa,2010,Women,[45-49],Separated,3.72
ZMB,Zambia,Africa,2014,Women,[50-54],Divorced,11.4
ZMB,Zambia,Africa,1980,Women,[50-54],Divorced or Separated,12.04
ZMB,Zambia,Africa,2007,Women,[50-54],Living together,0.2
ZMB,Zambia,Africa,2014,Women,[50-54],Married,59.8
ZMB,Zambia,Africa,2010,Women,[50-54],Separated,3.31
ZMB,Zambia,Africa,2014,Women,[55-59],Divorced,10.3
ZMB,Zambia,Africa,2007,Women,[55-59],Living together,0.0
ZMB,Zambia,Africa,2014,Women,[55-59],Married,56.9
ZMB,Zambia,Africa,2010,Women,[55-59],Separated,3.2
ZMB,Zambia,Africa,2014,Women,[60-64],Divorced,10.7
ZMB,Zambia,Africa,2007,Women,[60-64],Living together,0.2
ZMB,Zambia,Africa,2014,Women,[60-64],Married,49.1
ZMB,Zambia,Africa,2010,Women,[60-64],Separated,3.05
ZWE,Zimbabwe,Africa,2015,Men,[15-19],Divorced,0.0
ZWE,Zimbabwe,Africa,2017,Men,[15-19],Divorced or Separated,0.1
ZWE,Zimbabwe,Africa,2015,Men,[15-19],Living together,0.0
ZWE,Zimbabwe,Africa,2017,Men,[15-19],Married,2.0
ZWE,Zimbabwe,Africa,2009,Men,[15-19],Separated,0.04
ZWE,Zimbabwe,Africa,2015,Men,[20-24],Divorced,1.0
ZWE,Zimbabwe,Africa,2017,Men,[20-24],Divorced or Separated,2.1
ZWE,Zimbabwe,Africa,2015,Men,[20-24],Living together,1.0
ZWE,Zimbabwe,Africa,2017,Men,[20-24],Married,24.2
ZWE,Zimbabwe,Africa,2009,Men,[20-24],Separated,0.41
ZWE,Zimbabwe,Africa,2015,Men,[25-29],Divorced,4.74
ZWE,Zimbabwe,Africa,2017,Men,[25-29],Divorced or Separated,4.6
ZWE,Zimbabwe,Africa,2015,Men,[25-29],Living together,1.8
ZWE,Zimbabwe,Africa,2017,Men,[25-29],Married,62.8
ZWE,Zimbabwe,Africa,2009,Men,[25-29],Separated,1.17
ZWE,Zimbabwe,Africa,2015,Men,[30-34],Divorced,5.99
ZWE,Zimbabwe,Africa,2017,Men,[30-34],Divorced or Separated,6.3
ZWE,Zimbabwe,Africa,2015,Men,[30-34],Living together,1.3
ZWE,Zimbabwe,Africa,2017,Men,[30-34],Married,79.9
ZWE,Zimbabwe,Africa,2009,Men,[30-34],Separated,1.47
ZWE,Zimbabwe,Africa,2015,Men,[35-39],Divorced,5.39
ZWE,Zimbabwe,Africa,2017,Men,[35-39],Divorced or Separated,5.9
ZWE,Zimbabwe,Africa,2015,Men,[35-39],Living together,0.7
ZWE,Zimbabwe,Africa,2017,Men,[35-39],Married,86.7
ZWE,Zimbabwe,Africa,2009,Men,[35-39],Separated,1.49
ZWE,Zimbabwe,Africa,2015,Men,[40-44],Divorced,4.66
ZWE,Zimbabwe,Africa,2017,Men,[40-44],Divorced or Separated,4.2
ZWE,Zimbabwe,Africa,2015,Men,[40-44],Living together,0.7
ZWE,Zimbabwe,Africa,2017,Men,[40-44],Married,87.1
ZWE,Zimbabwe,Africa,2009,Men,[40-44],Separated,1.71
ZWE,Zimbabwe,Africa,2015,Men,[45-49],Divorced,5.79
ZWE,Zimbabwe,Africa,2017,Men,[45-49],Divorced or Separated,5.2
ZWE,Zimbabwe,Africa,2015,Men,[45-49],Living together,0.3
ZWE,Zimbabwe,Africa,2017,Men,[45-49],Married,89.1
ZWE,Zimbabwe,Africa,2009,Men,[45-49],Separated,1.46
ZWE,Zimbabwe,Africa,2015,Men,[50-54],Divorced,5.77
ZWE,Zimbabwe,Africa,2017,Men,[50-54],Divorced or Separated,4.5
ZWE,Zimbabwe,Africa,2011,Men,[50-54],Living together,0.7
ZWE,Zimbabwe,Africa,2017,Men,[50-54],Married,88.0
ZWE,Zimbabwe,Africa,2009,Men,[50-54],Separated,1.21
ZWE,Zimbabwe,Africa,2015,Men,[55-59],Divorced,3.54
ZWE,Zimbabwe,Africa,2017,Men,[55-59],Divorced or Separated,4.5
ZWE,Zimbabwe,Africa,2006,Men,[55-59],Living together,0.5
ZWE,Zimbabwe,Africa,2017,Men,[55-59],Married,87.9
ZWE,Zimbabwe,Africa,2009,Men,[55-59],Separated,1.04
ZWE,Zimbabwe,Africa,2015,Men,[60-64],Divorced,2.45
ZWE,Zimbabwe,Africa,2017,Men,[60-64],Divorced or Separated,5.2
ZWE,Zimbabwe,Africa,2006,Men,[60-64],Living together,0.2
ZWE,Zimbabwe,Africa,2017,Men,[60-64],Married,86.8
ZWE,Zimbabwe,Africa,2009,Men,[60-64],Separated,1.85
ZWE,Zimbabwe,Africa,2015,Women,[15-19],Divorced,1.2
ZWE,Zimbabwe,Africa,2017,Women,[15-19],Divorced or Separated,2.3
ZWE,Zimbabwe,Africa,2015,Women,[15-19],Living together,2.6
ZWE,Zimbabwe,Africa,2017,Women,[15-19],Married,17.6
ZWE,Zimbabwe,Africa,2014,Women,[15-19],Separated,1.26
ZWE,Zimbabwe,Africa,2015,Women,[20-24],Divorced,8.73
ZWE,Zimbabwe,Africa,2017,Women,[20-24],Divorced or Separated,8.2
ZWE,Zimbabwe,Africa,2015,Women,[20-24],Living together,4.2
ZWE,Zimbabwe,Africa,2017,Women,[20-24],Married,59.5
ZWE,Zimbabwe,Africa,2014,Women,[20-24],Separated,4.39
ZWE,Zimbabwe,Africa,2015,Women,[25-29],Divorced,10.93
ZWE,Zimbabwe,Africa,2017,Women,[25-29],Divorced or Separated,10.7
ZWE,Zimbabwe,Africa,2015,Women,[25-29],Living together,3.3
ZWE,Zimbabwe,Africa,2017,Women,[25-29],Married,77.0
ZWE,Zimbabwe,Africa,2014,Women,[25-29],Separated,4.89
ZWE,Zimbabwe,Africa,2015,Women,[30-34],Divorced,10.03
ZWE,Zimbabwe,Africa,2017,Women,[30-34],Divorced or Separated,12.1
ZWE,Zimbabwe,Africa,2015,Women,[30-34],Living together,3.5
ZWE,Zimbabwe,Africa,2017,Women,[30-34],Married,79.6
ZWE,Zimbabwe,Africa,2014,Women,[30-34],Separated,3.94
ZWE,Zimbabwe,Africa,2015,Women,[35-39],Divorced,10.34
ZWE,Zimbabwe,Africa,2017,Women,[35-39],Divorced or Separated,11.8
ZWE,Zimbabwe,Africa,2015,Women,[35-39],Living together,2.8
ZWE,Zimbabwe,Africa,2017,Women,[35-39],Married,76.9
ZWE,Zimbabwe,Africa,2014,Women,[35-39],Separated,3.26
ZWE,Zimbabwe,Africa,2015,Women,[40-44],Divorced,8.0
ZWE,Zimbabwe,Africa,2017,Women,[40-44],Divorced or Separated,11.9
ZWE,Zimbabwe,Africa,2015,Women,[40-44],Living together,2.2
ZWE,Zimbabwe,Africa,2017,Women,[40-44],Married,72.3
ZWE,Zimbabwe,Africa,2014,Women,[40-44],Separated,4.03
ZWE,Zimbabwe,Africa,2015,Women,[45-49],Divorced,6.2
ZWE,Zimbabwe,Africa,2017,Women,[45-49],Divorced or Separated,11.1
ZWE,Zimbabwe,Africa,2015,Women,[45-49],Living together,2.4
ZWE,Zimbabwe,Africa,2017,Women,[45-49],Married,66.8
ZWE,Zimbabwe,Africa,2014,Women,[45-49],Separated,3.16
ZWE,Zimbabwe,Africa,2015,Women,[50-54],Divorced,8.98
ZWE,Zimbabwe,Africa,2017,Women,[50-54],Divorced or Separated,8.7
ZWE,Zimbabwe,Africa,2006,Women,[50-54],Living together,0.5
ZWE,Zimbabwe,Africa,2017,Women,[50-54],Married,59.9
ZWE,Zimbabwe,Africa,2009,Women,[50-54],Separated,1.49
ZWE,Zimbabwe,Africa,2015,Women,[55-59],Divorced,7.05
ZWE,Zimbabwe,Africa,2017,Women,[55-59],Divorced or Separated,11.8
ZWE,Zimbabwe,Africa,2006,Women,[55-59],Living together,0.5
ZWE,Zimbabwe,Africa,2017,Women,[55-59],Married,54.4
ZWE,Zimbabwe,Africa,2009,Women,[55-59],Separated,2.06
ZWE,Zimbabwe,Africa,2015,Women,[60-64],Divorced,8.21
ZWE,Zimbabwe,Africa,2017,Women,[60-64],Divorced or Separated,7.6
ZWE,Zimbabwe,Africa,2006,Women,[60-64],Living together,0.4
ZWE,Zimbabwe,Africa,2017,Women,[60-64],Married,49.8
ZWE,Zimbabwe,Africa,2009,Women,[60-64],Separated,1.34
ALB,Albania,Europe,2018,Men,[15-19],Divorced,0.27
ALB,Albania,Europe,1989,Men,[15-19],Divorced or Separated,0.01
ALB,Albania,Europe,2018,Men,[15-19],Living together,0.0
ALB,Albania,Europe,2018,Men,[15-19],Married,1.24
ALB,Albania,Europe,2000,Men,[15-19],Married or Living together,1.24
ALB,Albania,Europe,2011,Men,[15-19],Separated,0.02
ALB,Albania,Europe,2018,Men,[20-24],Divorced,2.06
ALB,Albania,Europe,1989,Men,[20-24],Divorced or Separated,0.09
ALB,Albania,Europe,2018,Men,[20-24],Living together,1.8
ALB,Albania,Europe,2018,Men,[20-24],Married,5.95
ALB,Albania,Europe,2000,Men,[20-24],Married or Living together,8.19
ALB,Albania,Europe,2011,Men,[20-24],Separated,0.09
ALB,Albania,Europe,2018,Men,[25-29],Divorced,3.13
ALB,Albania,Europe,1989,Men,[25-29],Divorced or Separated,0.43
ALB,Albania,Europe,2018,Men,[25-29],Living together,5.3
ALB,Albania,Europe,2018,Men,[25-29],Married,25.29
ALB,Albania,Europe,2000,Men,[25-29],Married or Living together,42.81
ALB,Albania,Europe,2011,Men,[25-29],Separated,0.33
ALB,Albania,Europe,2018,Men,[30-34],Divorced,2.68
ALB,Albania,Europe,1989,Men,[30-34],Divorced or Separated,0.62
ALB,Albania,Europe,2018,Men,[30-34],Living together,2.6
ALB,Albania,Europe,2018,Men,[30-34],Married,58.35
ALB,Albania,Europe,2000,Men,[30-34],Married or Living together,81.35
ALB,Albania,Europe,2011,Men,[30-34],Separated,0.77
ALB,Albania,Europe,2018,Men,[35-39],Divorced,1.05
ALB,Albania,Europe,1989,Men,[35-39],Divorced or Separated,0.61
ALB,Albania,Europe,2018,Men,[35-39],Living together,1.3
ALB,Albania,Europe,2018,Men,[35-39],Married,78.88
ALB,Albania,Europe,2000,Men,[35-39],Married or Living together,92.64
ALB,Albania,Europe,2011,Men,[35-39],Separated,1.06
ALB,Albania,Europe,2018,Men,[40-44],Divorced,1.36
ALB,Albania,Europe,1989,Men,[40-44],Divorced or Separated,0.68
ALB,Albania,Europe,2018,Men,[40-44],Living together,1.1
ALB,Albania,Europe,2018,Men,[40-44],Married,88.5
ALB,Albania,Europe,2000,Men,[40-44],Married or Living together,96.49
ALB,Albania,Europe,2011,Men,[40-44],Separated,1.1
ALB,Albania,Europe,2018,Men,[45-49],Divorced,1.2
ALB,Albania,Europe,1989,Men,[45-49],Divorced or Separated,0.7
ALB,Albania,Europe,2018,Men,[45-49],Living together,1.5
ALB,Albania,Europe,2018,Men,[45-49],Married,92.96
ALB,Albania,Europe,2000,Men,[45-49],Married or Living together,97.66
ALB,Albania,Europe,2011,Men,[45-49],Separated,1.06
ALB,Albania,Europe,2018,Men,[50-54],Divorced,1.13
ALB,Albania,Europe,1989,Men,[50-54],Divorced or Separated,0.77
ALB,Albania,Europe,2009,Men,[50-54],Living together,0.0
ALB,Albania,Europe,2018,Men,[50-54],Married,95.0
ALB,Albania,Europe,2000,Men,[50-54],Married or Living together,97.63
ALB,Albania,Europe,2011,Men,[50-54],Separated,1.03
ALB,Albania,Europe,2018,Men,[55-59],Divorced,1.32
ALB,Albania,Europe,1989,Men,[55-59],Divorced or Separated,0.66
ALB,Albania,Europe,2009,Men,[55-59],Living together,0.0
ALB,Albania,Europe,2018,Men,[55-59],Married,95.13
ALB,Albania,Europe,2000,Men,[55-59],Married or Living together,95.78
ALB,Albania,Europe,2011,Men,[55-59],Separated,0.9
ALB,Albania,Europe,2018,Men,[60-64],Divorced,0.89
ALB,Albania,Europe,1989,Men,[60-64],Divorced or Separated,0.8
ALB,Albania,Europe,2009,Men,[60-64],Living together,0.0
ALB,Albania,Europe,2018,Men,[60-64],Married,93.33
ALB,Albania,Europe,2000,Men,[60-64],Married or Living together,93.75
ALB,Albania,Europe,2011,Men,[60-64],Separated,0.77
ALB,Albania,Europe,1989,Men,[65+],Divorced or Separated,0.58
ALB,Albania,Europe,1989,Men,[65+],Married,84.43
ALB,Albania,Europe,2018,Women,[15-19],Divorced,1.28
ALB,Albania,Europe,1989,Women,[15-19],Divorced or Separated,0.1
ALB,Albania,Europe,2018,Women,[15-19],Living together,1.9
ALB,Albania,Europe,2018,Women,[15-19],Married,5.61
ALB,Albania,Europe,2000,Women,[15-19],Married or Living together,6.5
ALB,Albania,Europe,2011,Women,[15-19],Separated,0.08
ALB,Albania,Europe,2018,Women,[20-24],Divorced,4.68
ALB,Albania,Europe,1989,Women,[20-24],Divorced or Separated,0.57
ALB,Albania,Europe,2018,Women,[20-24],Living together,6.4
ALB,Albania,Europe,2018,Women,[20-24],Married,32.18
ALB,Albania,Europe,2000,Women,[20-24],Married or Living together,39.17
ALB,Albania,Europe,2011,Women,[20-24],Separated,0.58
ALB,Albania,Europe,2018,Women,[25-29],Divorced,1.8
ALB,Albania,Europe,1989,Women,[25-29],Divorced or Separated,1.11
ALB,Albania,Europe,2018,Women,[25-29],Living together,3.5
ALB,Albania,Europe,2018,Women,[25-29],Married,64.91
ALB,Albania,Europe,2000,Women,[25-29],Married or Living together,74.45
ALB,Albania,Europe,2011,Women,[25-29],Separated,1.39
ALB,Albania,Europe,2018,Women,[30-34],Divorced,2.75
ALB,Albania,Europe,1989,Women,[30-34],Divorced or Separated,1.68
ALB,Albania,Europe,2018,Women,[30-34],Living together,3.1
ALB,Albania,Europe,2018,Women,[30-34],Married,79.29
ALB,Albania,Europe,2000,Women,[30-34],Married or Living together,88.04
ALB,Albania,Europe,2011,Women,[30-34],Separated,1.86
ALB,Albania,Europe,2018,Women,[35-39],Divorced,0.67
ALB,Albania,Europe,1989,Women,[35-39],Divorced or Separated,1.92
ALB,Albania,Europe,2018,Women,[35-39],Living together,1.0
ALB,Albania,Europe,2018,Women,[35-39],Married,88.0
ALB,Albania,Europe,2000,Women,[35-39],Married or Living together,94.19
ALB,Albania,Europe,2011,Women,[35-39],Separated,2.13
ALB,Albania,Europe,2018,Women,[40-44],Divorced,0.97
ALB,Albania,Europe,1989,Women,[40-44],Divorced or Separated,1.72
ALB,Albania,Europe,2018,Women,[40-44],Living together,1.3
ALB,Albania,Europe,2018,Women,[40-44],Married,89.5
ALB,Albania,Europe,2000,Women,[40-44],Married or Living together,92.36
ALB,Albania,Europe,2011,Women,[40-44],Separated,1.88
ALB,Albania,Europe,2018,Women,[45-49],Divorced,0.52
ALB,Albania,Europe,1989,Women,[45-49],Divorced or Separated,1.44
ALB,Albania,Europe,2018,Women,[45-49],Living together,0.7
ALB,Albania,Europe,2018,Women,[45-49],Married,90.77
ALB,Albania,Europe,2000,Women,[45-49],Married or Living together,91.62
ALB,Albania,Europe,2011,Women,[45-49],Separated,1.69
ALB,Albania,Europe,2018,Women,[50-54],Divorced,0.89
ALB,Albania,Europe,1989,Women,[50-54],Divorced or Separated,1.56
ALB,Albania,Europe,2009,Women,[50-54],Living together,0.0
ALB,Albania,Europe,2018,Women,[50-54],Married,91.13
ALB,Albania,Europe,2000,Women,[50-54],Married or Living together,90.19
ALB,Albania,Europe,2011,Women,[50-54],Separated,1.48
ALB,Albania,Europe,2018,Women,[55-59],Divorced,0.5
ALB,Albania,Europe,1989,Women,[55-59],Divorced or Separated,1.4
ALB,Albania,Europe,2009,Women,[55-59],Living together,0.2
ALB,Albania,Europe,2018,Women,[55-59],Married,85.42
ALB,Albania,Europe,2000,Women,[55-59],Married or Living together,87.35
ALB,Albania,Europe,2011,Women,[55-59],Separated,1.48
ALB,Albania,Europe,2018,Women,[60-64],Divorced,0.49
ALB,Albania,Europe,1989,Women,[60-64],Divorced or Separated,1.13
ALB,Albania,Europe,2009,Women,[60-64],Living together,0.0
ALB,Albania,Europe,2018,Women,[60-64],Married,80.66
ALB,Albania,Europe,2000,Women,[60-64],Married or Living together,76.17
ALB,Albania,Europe,2011,Women,[60-64],Separated,1.08
ALB,Albania,Europe,1989,Women,[65+],Divorced or Separated,0.64
ALB,Albania,Europe,1989,Women,[65+],Married,42.09
ARM,Armenia,Europe,2017,Men,[15-19],Divorced,0.0
ARM,Armenia,Europe,2016,Men,[15-19],Living together,0.0
ARM,Armenia,Europe,2017,Men,[15-19],Married,0.5
ARM,Armenia,Europe,2017,Men,[15-19],Separated,0.0
ARM,Armenia,Europe,2017,Men,[20-24],Divorced,0.1
ARM,Armenia,Europe,1979,Men,[20-24],Divorced or Separated,0.3
ARM,Armenia,Europe,2016,Men,[20-24],Living together,2.6
ARM,Armenia,Europe,2017,Men,[20-24],Married,10.1
ARM,Armenia,Europe,2017,Men,[20-24],Separated,0.1
ARM,Armenia,Europe,2017,Men,[25-29],Divorced,0.2
ARM,Armenia,Europe,1979,Men,[25-29],Divorced or Separated,0.9
ARM,Armenia,Europe,2016,Men,[25-29],Living together,4.3
ARM,Armenia,Europe,2017,Men,[25-29],Married,42.6
ARM,Armenia,Europe,2017,Men,[25-29],Separated,0.3
ARM,Armenia,Europe,2017,Men,[30-34],Divorced,0.6
ARM,Armenia,Europe,1979,Men,[30-34],Divorced or Separated,1.5
ARM,Armenia,Europe,2016,Men,[30-34],Living together,8.1
ARM,Armenia,Europe,2017,Men,[30-34],Married,67.8
ARM,Armenia,Europe,2017,Men,[30-34],Separated,0.6
ARM,Armenia,Europe,2017,Men,[35-39],Divorced,1.1
ARM,Armenia,Europe,1979,Men,[35-39],Divorced or Separated,1.5
ARM,Armenia,Europe,2016,Men,[35-39],Living together,8.0
ARM,Armenia,Europe,2017,Men,[35-39],Married,77.1
ARM,Armenia,Europe,2017,Men,[35-39],Separated,0.8
ARM,Armenia,Europe,2017,Men,[40-44],Divorced,1.3
ARM,Armenia,Europe,1979,Men,[40-44],Divorced or Separated,1.5
ARM,Armenia,Europe,2016,Men,[40-44],Living together,7.1
ARM,Armenia,Europe,2017,Men,[40-44],Married,83.7
ARM,Armenia,Europe,2017,Men,[40-44],Separated,1.0
ARM,Armenia,Europe,2017,Men,[45-49],Divorced,1.4
ARM,Armenia,Europe,1979,Men,[45-49],Divorced or Separated,1.3
ARM,Armenia,Europe,2016,Men,[45-49],Living together,7.3
ARM,Armenia,Europe,2017,Men,[45-49],Married,88.6
ARM,Armenia,Europe,2017,Men,[45-49],Separated,0.8
ARM,Armenia,Europe,2017,Men,[50-54],Divorced,1.2
ARM,Armenia,Europe,1979,Men,[50-54],Divorced or Separated,1.2
ARM,Armenia,Europe,2000,Men,[50-54],Living together,0.8
ARM,Armenia,Europe,2017,Men,[50-54],Married,91.0
ARM,Armenia,Europe,2017,Men,[50-54],Separated,0.7
ARM,Armenia,Europe,2017,Men,[55-59],Divorced,1.1
ARM,Armenia,Europe,1979,Men,[55-59],Divorced or Separated,1.2
ARM,Armenia,Europe,2017,Men,[55-59],Married,91.3
ARM,Armenia,Europe,2017,Men,[55-59],Separated,0.6
ARM,Armenia,Europe,2016,Men,[60-64],Divorced,1.73
ARM,Armenia,Europe,1979,Men,[60-64],Divorced or Separated,1.0
ARM,Armenia,Europe,2016,Men,[60-64],Married,91.4
ARM,Armenia,Europe,2011,Men,[65+],Divorced,1.04
ARM,Armenia,Europe,2011,Men,[65+],Married,71.98
ARM,Armenia,Europe,2017,Women,[15-19],Divorced,0.1
ARM,Armenia,Europe,2016,Women,[15-19],Living together,0.0
ARM,Armenia,Europe,2017,Women,[15-19],Married,3.8
ARM,Armenia,Europe,2017,Women,[15-19],Separated,0.1
ARM,Armenia,Europe,2017,Women,[20-24],Divorced,0.4
ARM,Armenia,Europe,1979,Women,[20-24],Divorced or Separated,1.61
ARM,Armenia,Europe,2016,Women,[20-24],Living together,0.1
ARM,Armenia,Europe,2017,Women,[20-24],Married,32.5
ARM,Armenia,Europe,2017,Women,[20-24],Separated,0.7
ARM,Armenia,Europe,2017,Women,[25-29],Divorced,1.3
ARM,Armenia,Europe,1979,Women,[25-29],Divorced or Separated,3.61
ARM,Armenia,Europe,2016,Women,[25-29],Living together,0.2
ARM,Armenia,Europe,2017,Women,[25-29],Married,59.5
ARM,Armenia,Europe,2017,Women,[25-29],Separated,1.5
ARM,Armenia,Europe,2017,Women,[30-34],Divorced,2.5
ARM,Armenia,Europe,1979,Women,[30-34],Divorced or Separated,5.11
ARM,Armenia,Europe,2016,Women,[30-34],Living together,0.5
ARM,Armenia,Europe,2017,Women,[30-34],Married,69.0
ARM,Armenia,Europe,2017,Women,[30-34],Separated,2.3
ARM,Armenia,Europe,2017,Women,[35-39],Divorced,3.8
ARM,Armenia,Europe,1979,Women,[35-39],Divorced or Separated,5.61
ARM,Armenia,Europe,2016,Women,[35-39],Living together,0.4
ARM,Armenia,Europe,2017,Women,[35-39],Married,74.7
ARM,Armenia,Europe,2017,Women,[35-39],Separated,2.7
ARM,Armenia,Europe,2017,Women,[40-44],Divorced,4.2
ARM,Armenia,Europe,1979,Women,[40-44],Divorced or Separated,5.61
ARM,Armenia,Europe,2016,Women,[40-44],Living together,0.4
ARM,Armenia,Europe,2017,Women,[40-44],Married,77.3
ARM,Armenia,Europe,2017,Women,[40-44],Separated,2.3
ARM,Armenia,Europe,2017,Women,[45-49],Divorced,4.0
ARM,Armenia,Europe,1979,Women,[45-49],Divorced or Separated,5.11
ARM,Armenia,Europe,2016,Women,[45-49],Living together,1.5
ARM,Armenia,Europe,2017,Women,[45-49],Married,77.3
ARM,Armenia,Europe,2017,Women,[45-49],Separated,2.1
ARM,Armenia,Europe,2017,Women,[50-54],Divorced,3.7
ARM,Armenia,Europe,1979,Women,[50-54],Divorced or Separated,4.9
ARM,Armenia,Europe,2017,Women,[50-54],Married,73.7
ARM,Armenia,Europe,2017,Women,[50-54],Separated,2.0
ARM,Armenia,Europe,2017,Women,[55-59],Divorced,3.4
ARM,Armenia,Europe,1979,Women,[55-59],Divorced or Separated,4.1
ARM,Armenia,Europe,2017,Women,[55-59],Married,67.2
ARM,Armenia,Europe,2017,Women,[55-59],Separated,1.7
ARM,Armenia,Europe,2016,Women,[60-64],Divorced,4.06
ARM,Armenia,Europe,1979,Women,[60-64],Divorced or Separated,2.4
ARM,Armenia,Europe,2016,Women,[60-64],Married,59.5
ARM,Armenia,Europe,2011,Women,[65+],Divorced,1.77
ARM,Armenia,Europe,2011,Women,[65+],Married,31.74
AUT,Austria,Europe,2011,Men,[15-19],Divorced,0.04
AUT,Austria,Europe,2011,Men,[15-19],Married,0.35
AUT,Austria,Europe,2001,Men,[15-19],Separated,0.1
AUT,Austria,Europe,2013,Men,[20-24],Divorced,0.0
AUT,Austria,Europe,2013,Men,[20-24],Married,1.29
AUT,Austria,Europe,2001,Men,[20-24],Separated,1.1
AUT,Austria,Europe,2013,Men,[25-29],Divorced,0.5
AUT,Austria,Europe,2013,Men,[25-29],Married,14.21
AUT,Austria,Europe,2001,Men,[25-29],Separated,2.8
AUT,Austria,Europe,2013,Men,[30-34],Divorced,1.59
AUT,Austria,Europe,2013,Men,[30-34],Married,34.08
AUT,Austria,Europe,2001,Men,[30-34],Separated,4.09
AUT,Austria,Europe,2013,Men,[35-39],Divorced,1.48
AUT,Austria,Europe,2013,Men,[35-39],Married,58.7
AUT,Austria,Europe,2001,Men,[35-39],Separated,4.72
AUT,Austria,Europe,2013,Men,[40-44],Divorced,3.03
AUT,Austria,Europe,2013,Men,[40-44],Married,57.37
AUT,Austria,Europe,2001,Men,[40-44],Separated,5.27
AUT,Austria,Europe,2013,Men,[45-49],Divorced,4.9
AUT,Austria,Europe,2013,Men,[45-49],Married,68.27
AUT,Austria,Europe,2001,Men,[45-49],Separated,6.2
AUT,Austria,Europe,2011,Men,[50-54],Divorced,11.34
AUT,Austria,Europe,2011,Men,[50-54],Married,67.96
AUT,Austria,Europe,2001,Men,[50-54],Separated,6.28
AUT,Austria,Europe,2011,Men,[55-59],Divorced,10.92
AUT,Austria,Europe,2011,Men,[55-59],Married,72.73
AUT,Austria,Europe,2001,Men,[55-59],Separated,6.04
AUT,Austria,Europe,2011,Men,[60-64],Divorced,9.8
AUT,Austria,Europe,2011,Men,[60-64],Married,75.83
AUT,Austria,Europe,2001,Men,[60-64],Separated,4.86
AUT,Austria,Europe,2011,Women,[15-19],Divorced,0.05
AUT,Austria,Europe,2011,Women,[15-19],Married,0.9
AUT,Austria,Europe,2001,Women,[15-19],Separated,0.27
AUT,Austria,Europe,2013,Women,[20-24],Divorced,0.0
AUT,Austria,Europe,2013,Women,[20-24],Married,11.48
AUT,Austria,Europe,2001,Women,[20-24],Separated,1.6
AUT,Austria,Europe,2013,Women,[25-29],Divorced,0.0
AUT,Austria,Europe,2013,Women,[25-29],Married,23.9
AUT,Austria,Europe,2001,Women,[25-29],Separated,3.06
AUT,Austria,Europe,2013,Women,[30-34],Divorced,0.57
AUT,Austria,Europe,2013,Women,[30-34],Married,46.97
AUT,Austria,Europe,2001,Women,[30-34],Separated,3.75
AUT,Austria,Europe,2013,Women,[35-39],Divorced,3.01
AUT,Austria,Europe,2013,Women,[35-39],Married,59.93
AUT,Austria,Europe,2001,Women,[35-39],Separated,3.87
AUT,Austria,Europe,2013,Women,[40-44],Divorced,4.17
AUT,Austria,Europe,2013,Women,[40-44],Married,64.57
AUT,Austria,Europe,2001,Women,[40-44],Separated,4.17
AUT,Austria,Europe,2013,Women,[45-49],Divorced,7.7
AUT,Austria,Europe,2013,Women,[45-49],Married,65.59
AUT,Austria,Europe,2001,Women,[45-49],Separated,4.59
AUT,Austria,Europe,2011,Women,[50-54],Divorced,14.1
AUT,Austria,Europe,2011,Women,[50-54],Married,66.73
AUT,Austria,Europe,2001,Women,[50-54],Separated,4.72
AUT,Austria,Europe,2011,Women,[55-59],Divorced,13.54
AUT,Austria,Europe,2011,Women,[55-59],Married,67.46
AUT,Austria,Europe,2001,Women,[55-59],Separated,4.75
AUT,Austria,Europe,2011,Women,[60-64],Divorced,12.39
AUT,Austria,Europe,2011,Women,[60-64],Married,65.35
AUT,Austria,Europe,2001,Women,[60-64],Separated,3.77
AZE,Azerbaijan,Europe,2018,Men,[15-19],Divorced,0.0
AZE,Azerbaijan,Europe,1989,Men,[15-19],Divorced or Separated,0.02
AZE,Azerbaijan,Europe,2006,Men,[15-19],Living together,0.0
AZE,Azerbaijan,Europe,2018,Men,[15-19],Married,0.29
AZE,Azerbaijan,Europe,2000,Men,[15-19],Married or Living together,1.67
AZE,Azerbaijan,Europe,2000,Men,[15-19],Separated,0.0
AZE,Azerbaijan,Europe,2018,Men,[20-24],Divorced,0.11
AZE,Azerbaijan,Europe,1999,Men,[20-24],Divorced or Separated,0.15
AZE,Azerbaijan,Europe,2006,Men,[20-24],Living together,1.1
AZE,Azerbaijan,Europe,2018,Men,[20-24],Married,15.94
AZE,Azerbaijan,Europe,2000,Men,[20-24],Married or Living together,13.87
AZE,Azerbaijan,Europe,2000,Men,[20-24],Separated,0.0
AZE,Azerbaijan,Europe,2018,Men,[25-29],Divorced,0.81
AZE,Azerbaijan,Europe,1999,Men,[25-29],Divorced or Separated,0.55
AZE,Azerbaijan,Europe,2006,Men,[25-29],Living together,1.0
AZE,Azerbaijan,Europe,2018,Men,[25-29],Married,52.48
AZE,Azerbaijan,Europe,2000,Men,[25-29],Married or Living together,53.79
AZE,Azerbaijan,Europe,2000,Men,[25-29],Separated,0.22
AZE,Azerbaijan,Europe,2018,Men,[30-34],Divorced,1.33
AZE,Azerbaijan,Europe,1999,Men,[30-34],Divorced or Separated,0.9
AZE,Azerbaijan,Europe,2006,Men,[30-34],Living together,1.0
AZE,Azerbaijan,Europe,2018,Men,[30-34],Married,76.54
AZE,Azerbaijan,Europe,2000,Men,[30-34],Married or Living together,83.24
AZE,Azerbaijan,Europe,2000,Men,[30-34],Separated,0.99
AZE,Azerbaijan,Europe,2018,Men,[35-39],Divorced,1.67
AZE,Azerbaijan,Europe,1999,Men,[35-39],Divorced or Separated,1.04
AZE,Azerbaijan,Europe,2006,Men,[35-39],Living together,0.2
AZE,Azerbaijan,Europe,2018,Men,[35-39],Married,86.31
AZE,Azerbaijan,Europe,2000,Men,[35-39],Married or Living together,93.5
AZE,Azerbaijan,Europe,2000,Men,[35-39],Separated,0.72
AZE,Azerbaijan,Europe,2018,Men,[40-44],Divorced,1.69
AZE,Azerbaijan,Europe,1999,Men,[40-44],Divorced or Separated,1.14
AZE,Azerbaijan,Europe,2006,Men,[40-44],Living together,0.7
AZE,Azerbaijan,Europe,2018,Men,[40-44],Married,92.3
AZE,Azerbaijan,Europe,2000,Men,[40-44],Married or Living together,96.82
AZE,Azerbaijan,Europe,2000,Men,[40-44],Separated,0.79
AZE,Azerbaijan,Europe,2018,Men,[45-49],Divorced,1.39
AZE,Azerbaijan,Europe,1999,Men,[45-49],Divorced or Separated,1.25
AZE,Azerbaijan,Europe,2006,Men,[45-49],Living together,0.1
AZE,Azerbaijan,Europe,2018,Men,[45-49],Married,94.67
AZE,Azerbaijan,Europe,2000,Men,[45-49],Married or Living together,96.73
AZE,Azerbaijan,Europe,2000,Men,[45-49],Separated,0.49
AZE,Azerbaijan,Europe,2018,Men,[50-54],Divorced,1.17
AZE,Azerbaijan,Europe,1999,Men,[50-54],Divorced or Separated,1.31
AZE,Azerbaijan,Europe,2006,Men,[50-54],Living together,0.7
AZE,Azerbaijan,Europe,2018,Men,[50-54],Married,95.22
AZE,Azerbaijan,Europe,2000,Men,[50-54],Married or Living together,95.79
AZE,Azerbaijan,Europe,2000,Men,[50-54],Separated,0.89
AZE,Azerbaijan,Europe,2018,Men,[55-59],Divorced,1.15
AZE,Azerbaijan,Europe,1999,Men,[55-59],Divorced or Separated,1.01
AZE,Azerbaijan,Europe,2006,Men,[55-59],Living together,1.7
AZE,Azerbaijan,Europe,2018,Men,[55-59],Married,94.23
AZE,Azerbaijan,Europe,2000,Men,[55-59],Married or Living together,95.44
AZE,Azerbaijan,Europe,2000,Men,[55-59],Separated,0.0
AZE,Azerbaijan,Europe,2018,Men,[60-64],Divorced,0.95
AZE,Azerbaijan,Europe,1999,Men,[60-64],Divorced or Separated,0.71
AZE,Azerbaijan,Europe,2018,Men,[60-64],Married,91.75
AZE,Azerbaijan,Europe,2000,Men,[60-64],Married or Living together,92.16
AZE,Azerbaijan,Europe,2000,Men,[60-64],Separated,0.41
AZE,Azerbaijan,Europe,2018,Women,[15-19],Divorced,0.1
AZE,Azerbaijan,Europe,1989,Women,[15-19],Divorced or Separated,0.08
AZE,Azerbaijan,Europe,2006,Women,[15-19],Living together,0.0
AZE,Azerbaijan,Europe,2018,Women,[15-19],Married,8.68
AZE,Azerbaijan,Europe,2000,Women,[15-19],Married or Living together,10.18
AZE,Azerbaijan,Europe,2000,Women,[15-19],Separated,0.23
AZE,Azerbaijan,Europe,2018,Women,[20-24],Divorced,1.17
AZE,Azerbaijan,Europe,1999,Women,[20-24],Divorced or Separated,1.08
AZE,Azerbaijan,Europe,2006,Women,[20-24],Living together,0.1
AZE,Azerbaijan,Europe,2018,Women,[20-24],Married,46.02
AZE,Azerbaijan,Europe,2000,Women,[20-24],Married or Living together,44.68
AZE,Azerbaijan,Europe,2000,Women,[20-24],Separated,1.0
AZE,Azerbaijan,Europe,2018,Women,[25-29],Divorced,2.88
AZE,Azerbaijan,Europe,1999,Women,[25-29],Divorced or Separated,2.29
AZE,Azerbaijan,Europe,2006,Women,[25-29],Living together,0.3
AZE,Azerbaijan,Europe,2018,Women,[25-29],Married,68.31
AZE,Azerbaijan,Europe,2000,Women,[25-29],Married or Living together,68.3
AZE,Azerbaijan,Europe,2000,Women,[25-29],Separated,1.72
AZE,Azerbaijan,Europe,2018,Women,[30-34],Divorced,4.34
AZE,Azerbaijan,Europe,1999,Women,[30-34],Divorced or Separated,2.89
AZE,Azerbaijan,Europe,2006,Women,[30-34],Living together,0.4
AZE,Azerbaijan,Europe,2018,Women,[30-34],Married,76.79
AZE,Azerbaijan,Europe,2000,Women,[30-34],Married or Living together,78.87
AZE,Azerbaijan,Europe,2000,Women,[30-34],Separated,1.39
AZE,Azerbaijan,Europe,2018,Women,[35-39],Divorced,4.75
AZE,Azerbaijan,Europe,1999,Women,[35-39],Divorced or Separated,3.24
AZE,Azerbaijan,Europe,2006,Women,[35-39],Living together,0.3
AZE,Azerbaijan,Europe,2018,Women,[35-39],Married,80.17
AZE,Azerbaijan,Europe,2000,Women,[35-39],Married or Living together,82.08
AZE,Azerbaijan,Europe,2000,Women,[35-39],Separated,1.78
AZE,Azerbaijan,Europe,2018,Women,[40-44],Divorced,4.29
AZE,Azerbaijan,Europe,1999,Women,[40-44],Divorced or Separated,3.56
AZE,Azerbaijan,Europe,2006,Women,[40-44],Living together,0.2
AZE,Azerbaijan,Europe,2018,Women,[40-44],Married,81.34
AZE,Azerbaijan,Europe,2000,Women,[40-44],Married or Living together,81.59
AZE,Azerbaijan,Europe,2000,Women,[40-44],Separated,1.26
AZE,Azerbaijan,Europe,2018,Women,[45-49],Divorced,3.9
AZE,Azerbaijan,Europe,1999,Women,[45-49],Divorced or Separated,3.69
AZE,Azerbaijan,Europe,2006,Women,[45-49],Living together,0.1
AZE,Azerbaijan,Europe,2018,Women,[45-49],Married,80.47
AZE,Azerbaijan,Europe,2000,Women,[45-49],Married or Living together,78.67
AZE,Azerbaijan,Europe,2000,Women,[45-49],Separated,1.62
AZE,Azerbaijan,Europe,2018,Women,[50-54],Divorced,3.44
AZE,Azerbaijan,Europe,1999,Women,[50-54],Divorced or Separated,3.43
AZE,Azerbaijan,Europe,2018,Women,[50-54],Married,76.28
AZE,Azerbaijan,Europe,2000,Women,[50-54],Married or Living together,73.13
AZE,Azerbaijan,Europe,2000,Women,[50-54],Separated,2.43
AZE,Azerbaijan,Europe,2018,Women,[55-59],Divorced,3.01
AZE,Azerbaijan,Europe,1999,Women,[55-59],Divorced or Separated,2.61
AZE,Azerbaijan,Europe,2018,Women,[55-59],Married,68.32
AZE,Azerbaijan,Europe,2000,Women,[55-59],Married or Living together,67.29
AZE,Azerbaijan,Europe,2000,Women,[55-59],Separated,0.31
AZE,Azerbaijan,Europe,2018,Women,[60-64],Divorced,2.14
AZE,Azerbaijan,Europe,1999,Women,[60-64],Divorced or Separated,1.77
AZE,Azerbaijan,Europe,2018,Women,[60-64],Married,58.83
AZE,Azerbaijan,Europe,2000,Women,[60-64],Married or Living together,59.66
AZE,Azerbaijan,Europe,2000,Women,[60-64],Separated,0.68
BLR,Belarus,Europe,2012,Men,[15-19],Divorced,0.0
BLR,Belarus,Europe,1979,Men,[15-19],Divorced or Separated,0.0
BLR,Belarus,Europe,2012,Men,[15-19],Living together,0.63
BLR,Belarus,Europe,2012,Men,[15-19],Married,0.7
BLR,Belarus,Europe,2012,Men,[15-19],Separated,0.0
BLR,Belarus,Europe,2012,Men,[20-24],Divorced,0.0
BLR,Belarus,Europe,1979,Men,[20-24],Divorced or Separated,0.7
BLR,Belarus,Europe,2012,Men,[20-24],Living together,9.79
BLR,Belarus,Europe,2012,Men,[20-24],Married,26.09
BLR,Belarus,Europe,2012,Men,[20-24],Separated,0.4
BLR,Belarus,Europe,2012,Men,[25-29],Divorced,3.64
BLR,Belarus,Europe,1979,Men,[25-29],Divorced or Separated,2.7
BLR,Belarus,Europe,2012,Men,[25-29],Living together,8.0
BLR,Belarus,Europe,2012,Men,[25-29],Married,57.98
BLR,Belarus,Europe,2012,Men,[25-29],Separated,1.4
BLR,Belarus,Europe,2012,Men,[30-34],Divorced,5.08
BLR,Belarus,Europe,1979,Men,[30-34],Divorced or Separated,3.9
BLR,Belarus,Europe,2012,Men,[30-34],Living together,8.95
BLR,Belarus,Europe,2012,Men,[30-34],Married,72.78
BLR,Belarus,Europe,2012,Men,[30-34],Separated,3.11
BLR,Belarus,Europe,2012,Men,[35-39],Divorced,11.41
BLR,Belarus,Europe,1979,Men,[35-39],Divorced or Separated,4.3
BLR,Belarus,Europe,2012,Men,[35-39],Living together,7.63
BLR,Belarus,Europe,2012,Men,[35-39],Married,72.77
BLR,Belarus,Europe,2012,Men,[35-39],Separated,0.54
BLR,Belarus,Europe,2012,Men,[40-44],Divorced,10.86
BLR,Belarus,Europe,1979,Men,[40-44],Divorced or Separated,3.8
BLR,Belarus,Europe,2012,Men,[40-44],Living together,10.9
BLR,Belarus,Europe,2012,Men,[40-44],Married,69.01
BLR,Belarus,Europe,2012,Men,[40-44],Separated,1.79
BLR,Belarus,Europe,2012,Men,[45-49],Divorced,12.4
BLR,Belarus,Europe,1979,Men,[45-49],Divorced or Separated,2.8
BLR,Belarus,Europe,2012,Men,[45-49],Living together,5.23
BLR,Belarus,Europe,2012,Men,[45-49],Married,72.68
BLR,Belarus,Europe,2012,Men,[45-49],Separated,3.07
BLR,Belarus,Europe,2012,Men,[50-54],Divorced,10.39
BLR,Belarus,Europe,1979,Men,[50-54],Divorced or Separated,2.2
BLR,Belarus,Europe,2012,Men,[50-54],Living together,4.6
BLR,Belarus,Europe,2012,Men,[50-54],Married,78.52
BLR,Belarus,Europe,2012,Men,[50-54],Separated,1.53
BLR,Belarus,Europe,2012,Men,[55-59],Divorced,7.84
BLR,Belarus,Europe,1979,Men,[55-59],Divorced or Separated,1.7
BLR,Belarus,Europe,2012,Men,[55-59],Living together,4.33
BLR,Belarus,Europe,2012,Men,[55-59],Married,77.97
BLR,Belarus,Europe,2012,Men,[55-59],Separated,1.0
BLR,Belarus,Europe,2009,Men,[60-64],Divorced,7.39
BLR,Belarus,Europe,1979,Men,[60-64],Divorced or Separated,1.5
BLR,Belarus,Europe,2009,Men,[60-64],Married,77.42
BLR,Belarus,Europe,2009,Men,[60-64],Separated,0.69
BLR,Belarus,Europe,1979,Men,[65+],Divorced or Separated,1.1
BLR,Belarus,Europe,1979,Men,[65+],Married,91.4
BLR,Belarus,Europe,2012,Women,[15-19],Divorced,0.21
BLR,Belarus,Europe,1979,Women,[15-19],Divorced or Separated,0.18
BLR,Belarus,Europe,2012,Women,[15-19],Living together,4.27
BLR,Belarus,Europe,2012,Women,[15-19],Married,3.15
BLR,Belarus,Europe,2012,Women,[15-19],Separated,0.35
BLR,Belarus,Europe,2012,Women,[20-24],Divorced,1.28
BLR,Belarus,Europe,1979,Women,[20-24],Divorced or Separated,2.4
BLR,Belarus,Europe,2012,Women,[20-24],Living together,9.36
BLR,Belarus,Europe,2012,Women,[20-24],Married,45.97
BLR,Belarus,Europe,2012,Women,[20-24],Separated,1.01
BLR,Belarus,Europe,2012,Women,[25-29],Divorced,5.38
BLR,Belarus,Europe,1979,Women,[25-29],Divorced or Separated,5.6
BLR,Belarus,Europe,2012,Women,[25-29],Living together,8.73
BLR,Belarus,Europe,2012,Women,[25-29],Married,69.34
BLR,Belarus,Europe,2012,Women,[25-29],Separated,3.17
BLR,Belarus,Europe,2012,Women,[30-34],Divorced,8.12
BLR,Belarus,Europe,1979,Women,[30-34],Divorced or Separated,7.5
BLR,Belarus,Europe,2012,Women,[30-34],Living together,5.69
BLR,Belarus,Europe,2012,Women,[30-34],Married,75.58
BLR,Belarus,Europe,2012,Women,[30-34],Separated,2.49
BLR,Belarus,Europe,2012,Women,[35-39],Divorced,10.44
BLR,Belarus,Europe,1979,Women,[35-39],Divorced or Separated,8.5
BLR,Belarus,Europe,2012,Women,[35-39],Living together,7.23
BLR,Belarus,Europe,2012,Women,[35-39],Married,72.31
BLR,Belarus,Europe,2012,Women,[35-39],Separated,1.04
BLR,Belarus,Europe,2012,Women,[40-44],Divorced,12.22
BLR,Belarus,Europe,1979,Women,[40-44],Divorced or Separated,8.2
BLR,Belarus,Europe,2012,Women,[40-44],Living together,6.9
BLR,Belarus,Europe,2012,Women,[40-44],Married,70.81
BLR,Belarus,Europe,2012,Women,[40-44],Separated,1.66
BLR,Belarus,Europe,2012,Women,[45-49],Divorced,14.18
BLR,Belarus,Europe,1979,Women,[45-49],Divorced or Separated,7.4
BLR,Belarus,Europe,2012,Women,[45-49],Living together,7.68
BLR,Belarus,Europe,2012,Women,[45-49],Married,67.38
BLR,Belarus,Europe,2012,Women,[45-49],Separated,1.67
BLR,Belarus,Europe,2009,Women,[50-54],Divorced,15.42
BLR,Belarus,Europe,1979,Women,[50-54],Divorced or Separated,7.5
BLR,Belarus,Europe,2009,Women,[50-54],Married,63.27
BLR,Belarus,Europe,2009,Women,[50-54],Separated,0.76
BLR,Belarus,Europe,2009,Women,[55-59],Divorced,14.19
BLR,Belarus,Europe,1979,Women,[55-59],Divorced or Separated,6.2
BLR,Belarus,Europe,2009,Women,[55-59],Married,58.1
BLR,Belarus,Europe,2009,Women,[55-59],Separated,0.71
BLR,Belarus,Europe,2009,Women,[60-64],Divorced,11.67
BLR,Belarus,Europe,1979,Women,[60-64],Divorced or Separated,3.9
BLR,Belarus,Europe,2009,Women,[60-64],Married,51.34
BLR,Belarus,Europe,2009,Women,[60-64],Separated,0.6
BLR,Belarus,Europe,1979,Women,[65+],Divorced or Separated,2.5
BLR,Belarus,Europe,1979,Women,[65+],Married,36.3
BEL,Belgium,Europe,2011,Men,[15-19],Divorced,0.0
BEL,Belgium,Europe,2011,Men,[15-19],Married,0.04
BEL,Belgium,Europe,2011,Men,[20-24],Divorced,0.17
BEL,Belgium,Europe,2011,Men,[20-24],Married,2.94
BEL,Belgium,Europe,2011,Men,[25-29],Divorced,1.34
BEL,Belgium,Europe,2011,Men,[25-29],Married,18.94
BEL,Belgium,Europe,2011,Men,[30-34],Divorced,3.34
BEL,Belgium,Europe,2011,Men,[30-34],Married,38.11
BEL,Belgium,Europe,2011,Men,[35-39],Divorced,5.78
BEL,Belgium,Europe,2011,Men,[35-39],Married,49.9
BEL,Belgium,Europe,2011,Men,[40-44],Divorced,8.97
BEL,Belgium,Europe,2011,Men,[40-44],Married,57.5
BEL,Belgium,Europe,2011,Men,[45-49],Divorced,11.61
BEL,Belgium,Europe,2011,Men,[45-49],Married,62.2
BEL,Belgium,Europe,2011,Men,[50-54],Divorced,13.17
BEL,Belgium,Europe,2011,Men,[50-54],Married,66.1
BEL,Belgium,Europe,2011,Men,[55-59],Divorced,12.92
BEL,Belgium,Europe,2011,Men,[55-59],Married,70.31
BEL,Belgium,Europe,2011,Men,[60-64],Divorced,11.16
BEL,Belgium,Europe,2011,Men,[60-64],Married,74.06
BEL,Belgium,Europe,2011,Women,[15-19],Divorced,0.01
BEL,Belgium,Europe,2011,Women,[15-19],Married,0.51
BEL,Belgium,Europe,2011,Women,[20-24],Divorced,0.51
BEL,Belgium,Europe,2011,Women,[20-24],Married,9.53
BEL,Belgium,Europe,2011,Women,[25-29],Divorced,2.34
BEL,Belgium,Europe,2011,Women,[25-29],Married,31.19
BEL,Belgium,Europe,2011,Women,[30-34],Divorced,4.86
BEL,Belgium,Europe,2011,Women,[30-34],Married,47.54
BEL,Belgium,Europe,2011,Women,[35-39],Divorced,8.43
BEL,Belgium,Europe,2011,Women,[35-39],Married,56.35
BEL,Belgium,Europe,2011,Women,[40-44],Divorced,12.65
BEL,Belgium,Europe,2011,Women,[40-44],Married,61.25
BEL,Belgium,Europe,2011,Women,[45-49],Divorced,15.27
BEL,Belgium,Europe,2011,Women,[45-49],Married,64.2
BEL,Belgium,Europe,2011,Women,[50-54],Divorced,16.02
BEL,Belgium,Europe,2011,Women,[50-54],Married,65.92
BEL,Belgium,Europe,2011,Women,[55-59],Divorced,15.31
BEL,Belgium,Europe,2011,Women,[55-59],Married,67.34
BEL,Belgium,Europe,2011,Women,[60-64],Divorced,13.43
BEL,Belgium,Europe,2011,Women,[60-64],Married,67.51
BIH,Bosnia and Herzegovina,Europe,2012,Men,[15-19],Divorced,0.0
BIH,Bosnia and Herzegovina,Europe,2012,Men,[15-19],Living together,0.0
BIH,Bosnia and Herzegovina,Europe,2012,Men,[15-19],Married,0.0
BIH,Bosnia and Herzegovina,Europe,2000,Men,[15-19],Married or Living together,0.71
BIH,Bosnia and Herzegovina,Europe,2012,Men,[15-19],Separated,0.0
BIH,Bosnia and Herzegovina,Europe,2012,Men,[20-24],Divorced,0.31
BIH,Bosnia and Herzegovina,Europe,2012,Men,[20-24],Living together,0.4
BIH,Bosnia and Herzegovina,Europe,2012,Men,[20-24],Married,5.42
BIH,Bosnia and Herzegovina,Europe,2000,Men,[20-24],Married or Living together,15.08
BIH,Bosnia and Herzegovina,Europe,2012,Men,[20-24],Separated,0.0
BIH,Bosnia and Herzegovina,Europe,2012,Men,[25-29],Divorced,1.39
BIH,Bosnia and Herzegovina,Europe,2012,Men,[25-29],Living together,0.31
BIH,Bosnia and Herzegovina,Europe,2012,Men,[25-29],Married,35.38
BIH,Bosnia and Herzegovina,Europe,2000,Men,[25-29],Married or Living together,53.32
BIH,Bosnia and Herzegovina,Europe,2012,Men,[25-29],Separated,0.53
BIH,Bosnia and Herzegovina,Europe,2012,Men,[30-34],Divorced,2.72
BIH,Bosnia and Herzegovina,Europe,2012,Men,[30-34],Living together,1.12
BIH,Bosnia and Herzegovina,Europe,2012,Men,[30-34],Married,68.57
BIH,Bosnia and Herzegovina,Europe,2000,Men,[30-34],Married or Living together,74.82
BIH,Bosnia and Herzegovina,Europe,2012,Men,[30-34],Separated,1.02
BIH,Bosnia and Herzegovina,Europe,2012,Men,[35-39],Divorced,1.95
BIH,Bosnia and Herzegovina,Europe,2012,Men,[35-39],Living together,1.11
BIH,Bosnia and Herzegovina,Europe,2012,Men,[35-39],Married,80.5
BIH,Bosnia and Herzegovina,Europe,2000,Men,[35-39],Married or Living together,85.58
BIH,Bosnia and Herzegovina,Europe,2012,Men,[35-39],Separated,1.93
BIH,Bosnia and Herzegovina,Europe,2012,Men,[40-44],Divorced,1.45
BIH,Bosnia and Herzegovina,Europe,2012,Men,[40-44],Living together,1.26
BIH,Bosnia and Herzegovina,Europe,2012,Men,[40-44],Married,87.96
BIH,Bosnia and Herzegovina,Europe,2000,Men,[40-44],Married or Living together,90.25
BIH,Bosnia and Herzegovina,Europe,2012,Men,[40-44],Separated,0.43
BIH,Bosnia and Herzegovina,Europe,2012,Men,[45-49],Divorced,1.93
BIH,Bosnia and Herzegovina,Europe,2012,Men,[45-49],Living together,0.74
BIH,Bosnia and Herzegovina,Europe,2012,Men,[45-49],Married,91.24
BIH,Bosnia and Herzegovina,Europe,2000,Men,[45-49],Married or Living together,92.33
BIH,Bosnia and Herzegovina,Europe,2012,Men,[45-49],Separated,0.29
BIH,Bosnia and Herzegovina,Europe,2000,Men,[50-54],Divorced,1.52
BIH,Bosnia and Herzegovina,Europe,2000,Men,[50-54],Married or Living together,92.51
BIH,Bosnia and Herzegovina,Europe,2000,Men,[50-54],Separated,0.4
BIH,Bosnia and Herzegovina,Europe,2000,Men,[55-59],Divorced,0.87
BIH,Bosnia and Herzegovina,Europe,2000,Men,[55-59],Married or Living together,91.73
BIH,Bosnia and Herzegovina,Europe,2000,Men,[55-59],Separated,0.0
BIH,Bosnia and Herzegovina,Europe,2000,Men,[60-64],Divorced,0.76
BIH,Bosnia and Herzegovina,Europe,2000,Men,[60-64],Married or Living together,90.2
BIH,Bosnia and Herzegovina,Europe,2000,Men,[60-64],Separated,0.33
BIH,Bosnia and Herzegovina,Europe,2012,Women,[15-19],Divorced,0.0
BIH,Bosnia and Herzegovina,Europe,2012,Women,[15-19],Living together,0.15
BIH,Bosnia and Herzegovina,Europe,2012,Women,[15-19],Married,0.48
BIH,Bosnia and Herzegovina,Europe,2000,Women,[15-19],Married or Living together,6.0
BIH,Bosnia and Herzegovina,Europe,2012,Women,[15-19],Separated,0.04
BIH,Bosnia and Herzegovina,Europe,2012,Women,[20-24],Divorced,1.53
BIH,Bosnia and Herzegovina,Europe,2012,Women,[20-24],Living together,0.69
BIH,Bosnia and Herzegovina,Europe,2012,Women,[20-24],Married,21.41
BIH,Bosnia and Herzegovina,Europe,2000,Women,[20-24],Married or Living together,44.74
BIH,Bosnia and Herzegovina,Europe,2012,Women,[20-24],Separated,0.73
BIH,Bosnia and Herzegovina,Europe,2012,Women,[25-29],Divorced,2.94
BIH,Bosnia and Herzegovina,Europe,2012,Women,[25-29],Living together,1.17
BIH,Bosnia and Herzegovina,Europe,2012,Women,[25-29],Married,60.68
BIH,Bosnia and Herzegovina,Europe,2000,Women,[25-29],Married or Living together,73.55
BIH,Bosnia and Herzegovina,Europe,2012,Women,[25-29],Separated,1.09
BIH,Bosnia and Herzegovina,Europe,2012,Women,[30-34],Divorced,3.05
BIH,Bosnia and Herzegovina,Europe,2012,Women,[30-34],Living together,1.04
BIH,Bosnia and Herzegovina,Europe,2012,Women,[30-34],Married,84.26
BIH,Bosnia and Herzegovina,Europe,2000,Women,[30-34],Married or Living together,82.53
BIH,Bosnia and Herzegovina,Europe,2012,Women,[30-34],Separated,2.24
BIH,Bosnia and Herzegovina,Europe,2012,Women,[35-39],Divorced,2.51
BIH,Bosnia and Herzegovina,Europe,2012,Women,[35-39],Living together,1.06
BIH,Bosnia and Herzegovina,Europe,2012,Women,[35-39],Married,88.72
BIH,Bosnia and Herzegovina,Europe,2000,Women,[35-39],Married or Living together,83.5
BIH,Bosnia and Herzegovina,Europe,2012,Women,[35-39],Separated,1.12
BIH,Bosnia and Herzegovina,Europe,2012,Women,[40-44],Divorced,3.58
BIH,Bosnia and Herzegovina,Europe,2012,Women,[40-44],Living together,0.23
BIH,Bosnia and Herzegovina,Europe,2012,Women,[40-44],Married,88.63
BIH,Bosnia and Herzegovina,Europe,2000,Women,[40-44],Married or Living together,84.7
BIH,Bosnia and Herzegovina,Europe,2012,Women,[40-44],Separated,0.53
BIH,Bosnia and Herzegovina,Europe,2012,Women,[45-49],Divorced,2.44
BIH,Bosnia and Herzegovina,Europe,2012,Women,[45-49],Living together,1.53
BIH,Bosnia and Herzegovina,Europe,2012,Women,[45-49],Married,84.59
BIH,Bosnia and Herzegovina,Europe,2000,Women,[45-49],Married or Living together,79.96
BIH,Bosnia and Herzegovina,Europe,2012,Women,[45-49],Separated,1.23
BIH,Bosnia and Herzegovina,Europe,2000,Women,[50-54],Divorced,3.58
BIH,Bosnia and Herzegovina,Europe,2000,Women,[50-54],Married or Living together,78.04
BIH,Bosnia and Herzegovina,Europe,2000,Women,[50-54],Separated,0.5
BIH,Bosnia and Herzegovina,Europe,2000,Women,[55-59],Divorced,3.13
BIH,Bosnia and Herzegovina,Europe,2000,Women,[55-59],Married or Living together,70.68
BIH,Bosnia and Herzegovina,Europe,2000,Women,[55-59],Separated,0.23
BIH,Bosnia and Herzegovina,Europe,2000,Women,[60-64],Divorced,3.25
BIH,Bosnia and Herzegovina,Europe,2000,Women,[60-64],Married or Living together,67.81
BIH,Bosnia and Herzegovina,Europe,2000,Women,[60-64],Separated,0.27
BGR,Bulgaria,Europe,2018,Men,[15-19],Divorced,0.0
BGR,Bulgaria,Europe,2018,Men,[15-19],Married,0.19
BGR,Bulgaria,Europe,2011,Men,[15-19],Separated,0.04
BGR,Bulgaria,Europe,2018,Men,[20-24],Divorced,0.09
BGR,Bulgaria,Europe,2018,Men,[20-24],Married,3.76
BGR,Bulgaria,Europe,2011,Men,[20-24],Separated,0.09
BGR,Bulgaria,Europe,2018,Men,[25-29],Divorced,0.57
BGR,Bulgaria,Europe,2018,Men,[25-29],Married,13.84
BGR,Bulgaria,Europe,2011,Men,[25-29],Separated,0.15
BGR,Bulgaria,Europe,2018,Men,[30-34],Divorced,2.15
BGR,Bulgaria,Europe,2018,Men,[30-34],Married,27.47
BGR,Bulgaria,Europe,2011,Men,[30-34],Separated,0.25
BGR,Bulgaria,Europe,2018,Men,[35-39],Divorced,4.91
BGR,Bulgaria,Europe,2018,Men,[35-39],Married,38.64
BGR,Bulgaria,Europe,2011,Men,[35-39],Separated,0.36
BGR,Bulgaria,Europe,2018,Men,[40-44],Divorced,8.73
BGR,Bulgaria,Europe,2018,Men,[40-44],Married,48.31
BGR,Bulgaria,Europe,2011,Men,[40-44],Separated,0.53
BGR,Bulgaria,Europe,2018,Men,[45-49],Divorced,12.51
BGR,Bulgaria,Europe,2018,Men,[45-49],Married,57.86
BGR,Bulgaria,Europe,2011,Men,[45-49],Separated,0.71
BGR,Bulgaria,Europe,2018,Men,[50-54],Divorced,14.2
BGR,Bulgaria,Europe,2018,Men,[50-54],Married,66.84
BGR,Bulgaria,Europe,2011,Men,[50-54],Separated,0.8
BGR,Bulgaria,Europe,2018,Men,[55-59],Divorced,13.33
BGR,Bulgaria,Europe,2018,Men,[55-59],Married,71.54
BGR,Bulgaria,Europe,2011,Men,[55-59],Separated,0.83
BGR,Bulgaria,Europe,2018,Men,[60-64],Divorced,11.89
BGR,Bulgaria,Europe,2018,Men,[60-64],Married,74.49
BGR,Bulgaria,Europe,2011,Men,[60-64],Separated,0.75
BGR,Bulgaria,Europe,1992,Men,[65+],Divorced,1.41
BGR,Bulgaria,Europe,1992,Men,[65+],Married,74.93
BGR,Bulgaria,Europe,2018,Women,[15-19],Divorced,0.02
BGR,Bulgaria,Europe,2018,Women,[15-19],Married,1.8
BGR,Bulgaria,Europe,2011,Women,[15-19],Separated,0.06
BGR,Bulgaria,Europe,2018,Women,[20-24],Divorced,0.4
BGR,Bulgaria,Europe,2018,Women,[20-24],Married,11.26
BGR,Bulgaria,Europe,2011,Women,[20-24],Separated,0.14
BGR,Bulgaria,Europe,2018,Women,[25-29],Divorced,1.76
BGR,Bulgaria,Europe,2018,Women,[25-29],Married,26.66
BGR,Bulgaria,Europe,2011,Women,[25-29],Separated,0.26
BGR,Bulgaria,Europe,2018,Women,[30-34],Divorced,4.71
BGR,Bulgaria,Europe,2018,Women,[30-34],Married,41.04
BGR,Bulgaria,Europe,2011,Women,[30-34],Separated,0.33
BGR,Bulgaria,Europe,2018,Women,[35-39],Divorced,8.44
BGR,Bulgaria,Europe,2018,Women,[35-39],Married,50.77
BGR,Bulgaria,Europe,2011,Women,[35-39],Separated,0.45
BGR,Bulgaria,Europe,2018,Women,[40-44],Divorced,12.7
BGR,Bulgaria,Europe,2018,Women,[40-44],Married,58.07
BGR,Bulgaria,Europe,2011,Women,[40-44],Separated,0.59
BGR,Bulgaria,Europe,2018,Women,[45-49],Divorced,15.4
BGR,Bulgaria,Europe,2018,Women,[45-49],Married,65.68
BGR,Bulgaria,Europe,2011,Women,[45-49],Separated,0.65
BGR,Bulgaria,Europe,2018,Women,[50-54],Divorced,14.75
BGR,Bulgaria,Europe,2018,Women,[50-54],Married,69.27
BGR,Bulgaria,Europe,2011,Women,[50-54],Separated,0.57
BGR,Bulgaria,Europe,2018,Women,[55-59],Divorced,13.45
BGR,Bulgaria,Europe,2018,Women,[55-59],Married,68.51
BGR,Bulgaria,Europe,2011,Women,[55-59],Separated,0.48
BGR,Bulgaria,Europe,2018,Women,[60-64],Divorced,12.2
BGR,Bulgaria,Europe,2018,Women,[60-64],Married,64.44
BGR,Bulgaria,Europe,2011,Women,[60-64],Separated,0.35
BGR,Bulgaria,Europe,1992,Women,[65+],Divorced,2.05
BGR,Bulgaria,Europe,1992,Women,[65+],Married,43.21
HRV,Croatia,Europe,2011,Men,[15-19],Divorced,0.01
HRV,Croatia,Europe,2011,Men,[15-19],Married,0.23
HRV,Croatia,Europe,2011,Men,[20-24],Divorced,0.13
HRV,Croatia,Europe,2011,Men,[20-24],Married,5.09
HRV,Croatia,Europe,2011,Men,[25-29],Divorced,0.82
HRV,Croatia,Europe,2011,Men,[25-29],Married,26.17
HRV,Croatia,Europe,2011,Men,[30-34],Divorced,2.02
HRV,Croatia,Europe,2011,Men,[30-34],Married,52.03
HRV,Croatia,Europe,2011,Men,[35-39],Divorced,3.47
HRV,Croatia,Europe,2011,Men,[35-39],Married,66.02
HRV,Croatia,Europe,2011,Men,[40-44],Divorced,4.49
HRV,Croatia,Europe,2011,Men,[40-44],Married,71.29
HRV,Croatia,Europe,2011,Men,[45-49],Divorced,5.24
HRV,Croatia,Europe,2011,Men,[45-49],Married,73.91
HRV,Croatia,Europe,2011,Men,[50-54],Divorced,5.7
HRV,Croatia,Europe,2011,Men,[50-54],Married,76.34
HRV,Croatia,Europe,2011,Men,[55-59],Divorced,5.72
HRV,Croatia,Europe,2011,Men,[55-59],Married,78.56
HRV,Croatia,Europe,2011,Men,[60-64],Divorced,5.43
HRV,Croatia,Europe,2011,Men,[60-64],Married,80.67
HRV,Croatia,Europe,2011,Women,[15-19],Divorced,0.02
HRV,Croatia,Europe,2011,Women,[15-19],Married,1.28
HRV,Croatia,Europe,2011,Women,[20-24],Divorced,0.48
HRV,Croatia,Europe,2011,Women,[20-24],Married,15.91
HRV,Croatia,Europe,2011,Women,[25-29],Divorced,1.71
HRV,Croatia,Europe,2011,Women,[25-29],Married,45.81
HRV,Croatia,Europe,2011,Women,[30-34],Divorced,3.49
HRV,Croatia,Europe,2011,Women,[30-34],Married,67.39
HRV,Croatia,Europe,2011,Women,[35-39],Divorced,5.17
HRV,Croatia,Europe,2011,Women,[35-39],Married,75.13
HRV,Croatia,Europe,2011,Women,[40-44],Divorced,6.39
HRV,Croatia,Europe,2011,Women,[40-44],Married,77.34
HRV,Croatia,Europe,2011,Women,[45-49],Divorced,7.26
HRV,Croatia,Europe,2011,Women,[45-49],Married,77.29
HRV,Croatia,Europe,2011,Women,[50-54],Divorced,7.68
HRV,Croatia,Europe,2011,Women,[50-54],Married,75.18
HRV,Croatia,Europe,2011,Women,[55-59],Divorced,7.56
HRV,Croatia,Europe,2011,Women,[55-59],Married,70.68
HRV,Croatia,Europe,2011,Women,[60-64],Divorced,6.65
HRV,Croatia,Europe,2011,Women,[60-64],Married,64.28
CYP,Cyprus,Europe,2011,Men,[15-19],Divorced,0.07
CYP,Cyprus,Europe,1976,Men,[15-19],Divorced or Separated,0.0
CYP,Cyprus,Europe,2011,Men,[15-19],Married,0.56
CYP,Cyprus,Europe,1992,Men,[15-19],Separated,0.0
CYP,Cyprus,Europe,2011,Men,[20-24],Divorced,0.19
CYP,Cyprus,Europe,1976,Men,[20-24],Divorced or Separated,0.07
CYP,Cyprus,Europe,2011,Men,[20-24],Married,5.17
CYP,Cyprus,Europe,1992,Men,[20-24],Separated,0.13
CYP,Cyprus,Europe,2011,Men,[25-29],Divorced,0.75
CYP,Cyprus,Europe,1976,Men,[25-29],Divorced or Separated,0.27
CYP,Cyprus,Europe,2011,Men,[25-29],Married,27.94
CYP,Cyprus,Europe,1992,Men,[25-29],Separated,0.45
CYP,Cyprus,Europe,2011,Men,[30-34],Divorced,2.28
CYP,Cyprus,Europe,1976,Men,[30-34],Divorced or Separated,0.41
CYP,Cyprus,Europe,2011,Men,[30-34],Married,59.17
CYP,Cyprus,Europe,1992,Men,[30-34],Separated,0.54
CYP,Cyprus,Europe,2011,Men,[35-39],Divorced,4.21
CYP,Cyprus,Europe,1976,Men,[35-39],Divorced or Separated,0.46
CYP,Cyprus,Europe,2011,Men,[35-39],Married,73.87
CYP,Cyprus,Europe,1992,Men,[35-39],Separated,0.55
CYP,Cyprus,Europe,2011,Men,[40-44],Divorced,5.5
CYP,Cyprus,Europe,1976,Men,[40-44],Divorced or Separated,0.5
CYP,Cyprus,Europe,2011,Men,[40-44],Married,79.52
CYP,Cyprus,Europe,1992,Men,[40-44],Separated,0.5
CYP,Cyprus,Europe,2011,Men,[45-49],Divorced,5.11
CYP,Cyprus,Europe,1976,Men,[45-49],Divorced or Separated,0.51
CYP,Cyprus,Europe,2011,Men,[45-49],Married,84.5
CYP,Cyprus,Europe,1992,Men,[45-49],Separated,0.52
CYP,Cyprus,Europe,2011,Men,[50-54],Divorced,4.79
CYP,Cyprus,Europe,1976,Men,[50-54],Divorced or Separated,0.76
CYP,Cyprus,Europe,2011,Men,[50-54],Married,87.43
CYP,Cyprus,Europe,1992,Men,[50-54],Separated,0.44
CYP,Cyprus,Europe,2011,Men,[55-59],Divorced,3.99
CYP,Cyprus,Europe,1976,Men,[55-59],Divorced or Separated,0.72
CYP,Cyprus,Europe,2011,Men,[55-59],Married,89.7
CYP,Cyprus,Europe,1992,Men,[55-59],Separated,0.4
CYP,Cyprus,Europe,2011,Men,[60-64],Divorced,3.04
CYP,Cyprus,Europe,1976,Men,[60-64],Divorced or Separated,0.88
CYP,Cyprus,Europe,2011,Men,[60-64],Married,90.68
CYP,Cyprus,Europe,1992,Men,[60-64],Separated,0.34
CYP,Cyprus,Europe,2011,Women,[15-19],Divorced,0.15
CYP,Cyprus,Europe,1976,Women,[15-19],Divorced or Separated,0.02
CYP,Cyprus,Europe,2011,Women,[15-19],Married,1.46
CYP,Cyprus,Europe,1992,Women,[15-19],Separated,0.08
CYP,Cyprus,Europe,2011,Women,[20-24],Divorced,0.66
CYP,Cyprus,Europe,1976,Women,[20-24],Divorced or Separated,0.29
CYP,Cyprus,Europe,2011,Women,[20-24],Married,14.16
CYP,Cyprus,Europe,1992,Women,[20-24],Separated,0.49
CYP,Cyprus,Europe,2011,Women,[25-29],Divorced,2.32
CYP,Cyprus,Europe,1976,Women,[25-29],Divorced or Separated,0.79
CYP,Cyprus,Europe,2011,Women,[25-29],Married,46.61
CYP,Cyprus,Europe,1992,Women,[25-29],Separated,0.71
CYP,Cyprus,Europe,2011,Women,[30-34],Divorced,5.33
CYP,Cyprus,Europe,1976,Women,[30-34],Divorced or Separated,1.34
CYP,Cyprus,Europe,2011,Women,[30-34],Married,69.7
CYP,Cyprus,Europe,1992,Women,[30-34],Separated,1.01
CYP,Cyprus,Europe,2011,Women,[35-39],Divorced,8.1
CYP,Cyprus,Europe,1976,Women,[35-39],Divorced or Separated,1.71
CYP,Cyprus,Europe,2011,Women,[35-39],Married,76.39
CYP,Cyprus,Europe,1992,Women,[35-39],Separated,1.04
CYP,Cyprus,Europe,2011,Women,[40-44],Divorced,9.91
CYP,Cyprus,Europe,1976,Women,[40-44],Divorced or Separated,1.95
CYP,Cyprus,Europe,2011,Women,[40-44],Married,77.51
CYP,Cyprus,Europe,1992,Women,[40-44],Separated,0.97
CYP,Cyprus,Europe,2011,Women,[45-49],Divorced,9.45
CYP,Cyprus,Europe,1976,Women,[45-49],Divorced or Separated,2.18
CYP,Cyprus,Europe,2011,Women,[45-49],Married,80.24
CYP,Cyprus,Europe,1992,Women,[45-49],Separated,1.12
CYP,Cyprus,Europe,2011,Women,[50-54],Divorced,9.51
CYP,Cyprus,Europe,1976,Women,[50-54],Divorced or Separated,2.33
CYP,Cyprus,Europe,2011,Women,[50-54],Married,79.64
CYP,Cyprus,Europe,1992,Women,[50-54],Separated,0.85
CYP,Cyprus,Europe,2011,Women,[55-59],Divorced,7.7
CYP,Cyprus,Europe,1976,Women,[55-59],Divorced or Separated,2.21
CYP,Cyprus,Europe,2011,Women,[55-59],Married,79.99
CYP,Cyprus,Europe,1992,Women,[55-59],Separated,0.91
CYP,Cyprus,Europe,2011,Women,[60-64],Divorced,6.02
CYP,Cyprus,Europe,1976,Women,[60-64],Divorced or Separated,1.95
CYP,Cyprus,Europe,2011,Women,[60-64],Married,77.87
CYP,Cyprus,Europe,1992,Women,[60-64],Separated,0.83
CZE,Czechia,Europe,2018,Men,[15-19],Divorced,0.0
CZE,Czechia,Europe,2018,Men,[15-19],Married,0.02
CZE,Czechia,Europe,2018,Men,[20-24],Divorced,0.11
CZE,Czechia,Europe,2018,Men,[20-24],Married,1.99
CZE,Czechia,Europe,2018,Men,[25-29],Divorced,0.81
CZE,Czechia,Europe,2018,Men,[25-29],Married,12.62
CZE,Czechia,Europe,2018,Men,[30-34],Divorced,3.25
CZE,Czechia,Europe,2018,Men,[30-34],Married,30.9
CZE,Czechia,Europe,2018,Men,[35-39],Divorced,8.11
CZE,Czechia,Europe,2018,Men,[35-39],Married,45.81
CZE,Czechia,Europe,2018,Men,[40-44],Divorced,15.33
CZE,Czechia,Europe,2018,Men,[40-44],Married,54.36
CZE,Czechia,Europe,2018,Men,[45-49],Divorced,22.48
CZE,Czechia,Europe,2018,Men,[45-49],Married,57.86
CZE,Czechia,Europe,2018,Men,[50-54],Divorced,25.05
CZE,Czechia,Europe,2018,Men,[50-54],Married,60.52
CZE,Czechia,Europe,2018,Men,[55-59],Divorced,23.14
CZE,Czechia,Europe,2018,Men,[55-59],Married,64.42
CZE,Czechia,Europe,2018,Men,[60-64],Divorced,19.78
CZE,Czechia,Europe,2018,Men,[60-64],Married,68.87
CZE,Czechia,Europe,1980,Men,[65+],Divorced,3.42
CZE,Czechia,Europe,1980,Men,[65+],Married,73.25
CZE,Czechia,Europe,2018,Women,[15-19],Divorced,0.0
CZE,Czechia,Europe,2018,Women,[15-19],Married,0.15
CZE,Czechia,Europe,2018,Women,[20-24],Divorced,0.27
CZE,Czechia,Europe,2018,Women,[20-24],Married,5.5
CZE,Czechia,Europe,2018,Women,[25-29],Divorced,1.88
CZE,Czechia,Europe,2018,Women,[25-29],Married,23.81
CZE,Czechia,Europe,2018,Women,[30-34],Divorced,6.07
CZE,Czechia,Europe,2018,Women,[30-34],Married,44.83
CZE,Czechia,Europe,2018,Women,[35-39],Divorced,12.31
CZE,Czechia,Europe,2018,Women,[35-39],Married,55.92
CZE,Czechia,Europe,2018,Women,[40-44],Divorced,20.71
CZE,Czechia,Europe,2018,Women,[40-44],Married,59.92
CZE,Czechia,Europe,2018,Women,[45-49],Divorced,27.79
CZE,Czechia,Europe,2018,Women,[45-49],Married,60.31
CZE,Czechia,Europe,2018,Women,[50-54],Divorced,28.33
CZE,Czechia,Europe,2018,Women,[50-54],Married,61.53
CZE,Czechia,Europe,2018,Women,[55-59],Divorced,24.61
CZE,Czechia,Europe,2018,Women,[55-59],Married,63.35
CZE,Czechia,Europe,2018,Women,[60-64],Divorced,20.87
CZE,Czechia,Europe,2018,Women,[60-64],Married,62.5
CZE,Czechia,Europe,1980,Women,[65+],Divorced,4.04
CZE,Czechia,Europe,1980,Women,[65+],Married,30.81
DNK,Denmark,Europe,2018,Men,[15-19],Divorced,0.0
DNK,Denmark,Europe,2018,Men,[15-19],Married,0.02
DNK,Denmark,Europe,1974,Men,[15-19],Separated,0.0
DNK,Denmark,Europe,2018,Men,[20-24],Divorced,0.07
DNK,Denmark,Europe,2018,Men,[20-24],Married,1.28
DNK,Denmark,Europe,1974,Men,[20-24],Separated,0.18
DNK,Denmark,Europe,2018,Men,[25-29],Divorced,0.76
DNK,Denmark,Europe,2018,Men,[25-29],Married,11.35
DNK,Denmark,Europe,1974,Men,[25-29],Separated,0.72
DNK,Denmark,Europe,2018,Men,[30-34],Divorced,3.04
DNK,Denmark,Europe,2018,Men,[30-34],Married,32.98
DNK,Denmark,Europe,1974,Men,[30-34],Separated,0.93
DNK,Denmark,Europe,2018,Men,[35-39],Divorced,7.03
DNK,Denmark,Europe,2018,Men,[35-39],Married,48.23
DNK,Denmark,Europe,1974,Men,[35-39],Separated,0.95
DNK,Denmark,Europe,2018,Men,[40-44],Divorced,12.01
DNK,Denmark,Europe,2018,Men,[40-44],Married,54.47
DNK,Denmark,Europe,1974,Men,[40-44],Separated,0.98
DNK,Denmark,Europe,2018,Men,[45-49],Divorced,15.99
DNK,Denmark,Europe,2018,Men,[45-49],Married,56.48
DNK,Denmark,Europe,1974,Men,[45-49],Separated,0.96
DNK,Denmark,Europe,2018,Men,[50-54],Divorced,18.09
DNK,Denmark,Europe,2018,Men,[50-54],Married,57.58
DNK,Denmark,Europe,1974,Men,[50-54],Separated,0.85
DNK,Denmark,Europe,2018,Men,[55-59],Divorced,17.8
DNK,Denmark,Europe,2018,Men,[55-59],Married,60.42
DNK,Denmark,Europe,1974,Men,[55-59],Separated,0.91
DNK,Denmark,Europe,2018,Men,[60-64],Divorced,15.74
DNK,Denmark,Europe,2018,Men,[60-64],Married,64.9
DNK,Denmark,Europe,1974,Men,[60-64],Separated,0.82
DNK,Denmark,Europe,2018,Women,[15-19],Divorced,0.0
DNK,Denmark,Europe,2018,Women,[15-19],Married,0.09
DNK,Denmark,Europe,1974,Women,[15-19],Separated,0.01
DNK,Denmark,Europe,2018,Women,[20-24],Divorced,0.24
DNK,Denmark,Europe,2018,Women,[20-24],Married,3.49
DNK,Denmark,Europe,1974,Women,[20-24],Separated,0.47
DNK,Denmark,Europe,2018,Women,[25-29],Divorced,1.65
DNK,Denmark,Europe,2018,Women,[25-29],Married,19.48
DNK,Denmark,Europe,1974,Women,[25-29],Separated,1.0
DNK,Denmark,Europe,2018,Women,[30-34],Divorced,5.31
DNK,Denmark,Europe,2018,Women,[30-34],Married,42.67
DNK,Denmark,Europe,1974,Women,[30-34],Separated,1.09
DNK,Denmark,Europe,2018,Women,[35-39],Divorced,10.82
DNK,Denmark,Europe,2018,Women,[35-39],Married,54.75
DNK,Denmark,Europe,1974,Women,[35-39],Separated,1.05
DNK,Denmark,Europe,2018,Women,[40-44],Divorced,16.15
DNK,Denmark,Europe,2018,Women,[40-44],Married,58.29
DNK,Denmark,Europe,1974,Women,[40-44],Separated,1.0
DNK,Denmark,Europe,2018,Women,[45-49],Divorced,20.09
DNK,Denmark,Europe,2018,Women,[45-49],Married,58.43
DNK,Denmark,Europe,1974,Women,[45-49],Separated,0.94
DNK,Denmark,Europe,2018,Women,[50-54],Divorced,21.41
DNK,Denmark,Europe,2018,Women,[50-54],Married,58.97
DNK,Denmark,Europe,1974,Women,[50-54],Separated,0.93
DNK,Denmark,Europe,2018,Women,[55-59],Divorced,19.9
DNK,Denmark,Europe,2018,Women,[55-59],Married,61.22
DNK,Denmark,Europe,1974,Women,[55-59],Separated,0.9
DNK,Denmark,Europe,2018,Women,[60-64],Divorced,18.52
DNK,Denmark,Europe,2018,Women,[60-64],Married,62.86
DNK,Denmark,Europe,1974,Women,[60-64],Separated,0.77
EST,Estonia,Europe,2018,Men,[15-19],Divorced,0.0
EST,Estonia,Europe,2018,Men,[15-19],Married,0.05
EST,Estonia,Europe,2012,Men,[15-19],Separated,0.09
EST,Estonia,Europe,2018,Men,[20-24],Divorced,0.24
EST,Estonia,Europe,1989,Men,[20-24],Divorced or Separated,1.18
EST,Estonia,Europe,2018,Men,[20-24],Married,2.77
EST,Estonia,Europe,2012,Men,[20-24],Separated,0.64
EST,Estonia,Europe,2018,Men,[25-29],Divorced,1.8
EST,Estonia,Europe,1989,Men,[25-29],Divorced or Separated,4.12
EST,Estonia,Europe,2018,Men,[25-29],Married,13.76
EST,Estonia,Europe,2012,Men,[25-29],Separated,2.12
EST,Estonia,Europe,2018,Men,[30-34],Divorced,4.97
EST,Estonia,Europe,1989,Men,[30-34],Divorced or Separated,7.68
EST,Estonia,Europe,2018,Men,[30-34],Married,28.69
EST,Estonia,Europe,2012,Men,[30-34],Separated,2.86
EST,Estonia,Europe,2018,Men,[35-39],Divorced,9.56
EST,Estonia,Europe,1989,Men,[35-39],Divorced or Separated,9.87
EST,Estonia,Europe,2018,Men,[35-39],Married,37.94
EST,Estonia,Europe,2012,Men,[35-39],Separated,3.23
EST,Estonia,Europe,2018,Men,[40-44],Divorced,13.89
EST,Estonia,Europe,1989,Men,[40-44],Divorced or Separated,11.19
EST,Estonia,Europe,2018,Men,[40-44],Married,43.38
EST,Estonia,Europe,2012,Men,[40-44],Separated,3.82
EST,Estonia,Europe,2018,Men,[45-49],Divorced,24.92
EST,Estonia,Europe,1989,Men,[45-49],Divorced or Separated,11.68
EST,Estonia,Europe,2018,Men,[45-49],Married,58.67
EST,Estonia,Europe,2012,Men,[45-49],Separated,5.12
EST,Estonia,Europe,2018,Men,[50-54],Divorced,29.25
EST,Estonia,Europe,1989,Men,[50-54],Divorced or Separated,11.18
EST,Estonia,Europe,2018,Men,[50-54],Married,61.42
EST,Estonia,Europe,2012,Men,[50-54],Separated,6.42
EST,Estonia,Europe,2018,Men,[55-59],Divorced,27.9
EST,Estonia,Europe,1989,Men,[55-59],Divorced or Separated,9.04
EST,Estonia,Europe,2018,Men,[55-59],Married,64.3
EST,Estonia,Europe,2012,Men,[55-59],Separated,6.57
EST,Estonia,Europe,2018,Men,[60-64],Divorced,25.17
EST,Estonia,Europe,1989,Men,[60-64],Divorced or Separated,7.45
EST,Estonia,Europe,2018,Men,[60-64],Married,67.07
EST,Estonia,Europe,2012,Men,[60-64],Separated,6.56
EST,Estonia,Europe,1989,Men,[65+],Divorced or Separated,4.44
EST,Estonia,Europe,1989,Men,[65+],Married,73.03
EST,Estonia,Europe,2018,Women,[15-19],Divorced,0.0
EST,Estonia,Europe,2018,Women,[15-19],Married,0.3
EST,Estonia,Europe,2012,Women,[15-19],Separated,0.22
EST,Estonia,Europe,2018,Women,[20-24],Divorced,0.83
EST,Estonia,Europe,1989,Women,[20-24],Divorced or Separated,3.11
EST,Estonia,Europe,2018,Women,[20-24],Married,7.53
EST,Estonia,Europe,2012,Women,[20-24],Separated,1.67
EST,Estonia,Europe,2018,Women,[25-29],Divorced,3.66
EST,Estonia,Europe,1989,Women,[25-29],Divorced or Separated,7.52
EST,Estonia,Europe,2018,Women,[25-29],Married,23.73
EST,Estonia,Europe,2012,Women,[25-29],Separated,3.48
EST,Estonia,Europe,2018,Women,[30-34],Divorced,7.72
EST,Estonia,Europe,1989,Women,[30-34],Divorced or Separated,11.03
EST,Estonia,Europe,2018,Women,[30-34],Married,37.69
EST,Estonia,Europe,2012,Women,[30-34],Separated,3.86
EST,Estonia,Europe,2018,Women,[35-39],Divorced,11.73
EST,Estonia,Europe,1989,Women,[35-39],Divorced or Separated,14.03
EST,Estonia,Europe,2018,Women,[35-39],Married,43.55
EST,Estonia,Europe,2012,Women,[35-39],Separated,4.27
EST,Estonia,Europe,2018,Women,[40-44],Divorced,17.11
EST,Estonia,Europe,1989,Women,[40-44],Divorced or Separated,15.77
EST,Estonia,Europe,2018,Women,[40-44],Married,46.06
EST,Estonia,Europe,2012,Women,[40-44],Separated,5.0
EST,Estonia,Europe,2018,Women,[45-49],Divorced,27.46
EST,Estonia,Europe,1989,Women,[45-49],Divorced or Separated,16.51
EST,Estonia,Europe,2018,Women,[45-49],Married,53.47
EST,Estonia,Europe,2012,Women,[45-49],Separated,6.08
EST,Estonia,Europe,2018,Women,[50-54],Divorced,31.24
EST,Estonia,Europe,1989,Women,[50-54],Divorced or Separated,15.72
EST,Estonia,Europe,2018,Women,[50-54],Married,54.37
EST,Estonia,Europe,2012,Women,[50-54],Separated,6.39
EST,Estonia,Europe,2018,Women,[55-59],Divorced,30.82
EST,Estonia,Europe,1989,Women,[55-59],Divorced or Separated,13.57
EST,Estonia,Europe,2018,Women,[55-59],Married,53.96
EST,Estonia,Europe,2012,Women,[55-59],Separated,6.0
EST,Estonia,Europe,2018,Women,[60-64],Divorced,29.34
EST,Estonia,Europe,1989,Women,[60-64],Divorced or Separated,11.29
EST,Estonia,Europe,2018,Women,[60-64],Married,52.28
EST,Estonia,Europe,2012,Women,[60-64],Separated,5.28
EST,Estonia,Europe,1989,Women,[65+],Divorced or Separated,5.58
EST,Estonia,Europe,1989,Women,[65+],Married,24.31
FRO,Faeroe Islands,Europe,2018,Men,[15-19],Divorced,0.0
FRO,Faeroe Islands,Europe,2018,Men,[15-19],Married,0.0
FRO,Faeroe Islands,Europe,2018,Men,[15-19],Separated,0.0
FRO,Faeroe Islands,Europe,2018,Men,[20-24],Divorced,0.06
FRO,Faeroe Islands,Europe,2018,Men,[20-24],Married,1.79
FRO,Faeroe Islands,Europe,2018,Men,[20-24],Separated,0.12
FRO,Faeroe Islands,Europe,2018,Men,[25-29],Divorced,0.25
FRO,Faeroe Islands,Europe,2018,Men,[25-29],Married,12.9
FRO,Faeroe Islands,Europe,2018,Men,[25-29],Separated,0.12
FRO,Faeroe Islands,Europe,2018,Men,[30-34],Divorced,1.09
FRO,Faeroe Islands,Europe,2018,Men,[30-34],Married,28.82
FRO,Faeroe Islands,Europe,2018,Men,[30-34],Separated,0.45
FRO,Faeroe Islands,Europe,2018,Men,[35-39],Divorced,2.75
FRO,Faeroe Islands,Europe,2018,Men,[35-39],Married,45.3
FRO,Faeroe Islands,Europe,2018,Men,[35-39],Separated,0.83
FRO,Faeroe Islands,Europe,2018,Men,[40-44],Divorced,5.63
FRO,Faeroe Islands,Europe,2018,Men,[40-44],Married,54.11
FRO,Faeroe Islands,Europe,2018,Men,[40-44],Separated,0.7
FRO,Faeroe Islands,Europe,2018,Men,[45-49],Divorced,8.4
FRO,Faeroe Islands,Europe,2018,Men,[45-49],Married,59.87
FRO,Faeroe Islands,Europe,2018,Men,[45-49],Separated,1.0
FRO,Faeroe Islands,Europe,2018,Men,[50-54],Divorced,8.5
FRO,Faeroe Islands,Europe,2018,Men,[50-54],Married,62.24
FRO,Faeroe Islands,Europe,2018,Men,[50-54],Separated,0.81
FRO,Faeroe Islands,Europe,2018,Men,[55-59],Divorced,7.56
FRO,Faeroe Islands,Europe,2018,Men,[55-59],Married,64.86
FRO,Faeroe Islands,Europe,2018,Men,[55-59],Separated,0.74
FRO,Faeroe Islands,Europe,2018,Men,[60-64],Divorced,9.74
FRO,Faeroe Islands,Europe,2018,Men,[60-64],Married,69.14
FRO,Faeroe Islands,Europe,2018,Men,[60-64],Separated,1.99
FRO,Faeroe Islands,Europe,2018,Women,[15-19],Divorced,0.0
FRO,Faeroe Islands,Europe,2018,Women,[15-19],Married,0.23
FRO,Faeroe Islands,Europe,2018,Women,[15-19],Separated,0.0
FRO,Faeroe Islands,Europe,2018,Women,[20-24],Divorced,0.07
FRO,Faeroe Islands,Europe,2018,Women,[20-24],Married,6.48
FRO,Faeroe Islands,Europe,2018,Women,[20-24],Separated,0.15
FRO,Faeroe Islands,Europe,2018,Women,[25-29],Divorced,1.12
FRO,Faeroe Islands,Europe,2018,Women,[25-29],Married,25.93
FRO,Faeroe Islands,Europe,2018,Women,[25-29],Separated,0.67
FRO,Faeroe Islands,Europe,2018,Women,[30-34],Divorced,2.75
FRO,Faeroe Islands,Europe,2018,Women,[30-34],Married,46.33
FRO,Faeroe Islands,Europe,2018,Women,[30-34],Separated,0.67
FRO,Faeroe Islands,Europe,2018,Women,[35-39],Divorced,5.48
FRO,Faeroe Islands,Europe,2018,Women,[35-39],Married,57.56
FRO,Faeroe Islands,Europe,2018,Women,[35-39],Separated,1.3
FRO,Faeroe Islands,Europe,2018,Women,[40-44],Divorced,8.68
FRO,Faeroe Islands,Europe,2018,Women,[40-44],Married,63.32
FRO,Faeroe Islands,Europe,2018,Women,[40-44],Separated,0.88
FRO,Faeroe Islands,Europe,2018,Women,[45-49],Divorced,9.51
FRO,Faeroe Islands,Europe,2018,Women,[45-49],Married,65.7
FRO,Faeroe Islands,Europe,2018,Women,[45-49],Separated,0.71
FRO,Faeroe Islands,Europe,2018,Women,[50-54],Divorced,8.95
FRO,Faeroe Islands,Europe,2018,Women,[50-54],Married,69.28
FRO,Faeroe Islands,Europe,2018,Women,[50-54],Separated,0.98
FRO,Faeroe Islands,Europe,2018,Women,[55-59],Divorced,10.36
FRO,Faeroe Islands,Europe,2018,Women,[55-59],Married,70.97
FRO,Faeroe Islands,Europe,2018,Women,[55-59],Separated,0.96
FRO,Faeroe Islands,Europe,2018,Women,[60-64],Divorced,9.28
FRO,Faeroe Islands,Europe,2018,Women,[60-64],Married,70.68
FRO,Faeroe Islands,Europe,2018,Women,[60-64],Separated,1.63
FIN,Finland,Europe,2018,Men,[15-19],Divorced,0.0
FIN,Finland,Europe,2018,Men,[15-19],Married,0.07
FIN,Finland,Europe,1975,Men,[15-19],Separated,0.0
FIN,Finland,Europe,2018,Men,[20-24],Divorced,0.17
FIN,Finland,Europe,2018,Men,[20-24],Married,2.81
FIN,Finland,Europe,1975,Men,[20-24],Separated,0.25
FIN,Finland,Europe,2018,Men,[25-29],Divorced,1.6
FIN,Finland,Europe,2018,Men,[25-29],Married,13.95
FIN,Finland,Europe,1975,Men,[25-29],Separated,0.87
FIN,Finland,Europe,2018,Men,[30-34],Divorced,4.92
FIN,Finland,Europe,2018,Men,[30-34],Married,32.77
FIN,Finland,Europe,1975,Men,[30-34],Separated,1.08
FIN,Finland,Europe,2018,Men,[35-39],Divorced,8.34
FIN,Finland,Europe,2018,Men,[35-39],Married,46.03
FIN,Finland,Europe,1975,Men,[35-39],Separated,1.08
FIN,Finland,Europe,2018,Men,[40-44],Divorced,11.77
FIN,Finland,Europe,2018,Men,[40-44],Married,52.4
FIN,Finland,Europe,1975,Men,[40-44],Separated,0.89
FIN,Finland,Europe,2018,Men,[45-49],Divorced,14.77
FIN,Finland,Europe,2018,Men,[45-49],Married,53.27
FIN,Finland,Europe,1975,Men,[45-49],Separated,0.76
FIN,Finland,Europe,2018,Men,[50-54],Divorced,17.02
FIN,Finland,Europe,2018,Men,[50-54],Married,54.37
FIN,Finland,Europe,1975,Men,[50-54],Separated,0.64
FIN,Finland,Europe,2018,Men,[55-59],Divorced,18.99
FIN,Finland,Europe,2018,Men,[55-59],Married,55.39
FIN,Finland,Europe,1975,Men,[55-59],Separated,0.5
FIN,Finland,Europe,2018,Men,[60-64],Divorced,19.45
FIN,Finland,Europe,2018,Men,[60-64],Married,58.67
FIN,Finland,Europe,1975,Men,[60-64],Separated,0.36
FIN,Finland,Europe,1990,Men,[65+],Divorced,5.09
FIN,Finland,Europe,1990,Men,[65+],Married,70.67
FIN,Finland,Europe,2018,Women,[15-19],Divorced,0.0
FIN,Finland,Europe,2018,Women,[15-19],Married,0.3
FIN,Finland,Europe,1975,Women,[15-19],Separated,0.03
FIN,Finland,Europe,2018,Women,[20-24],Divorced,0.42
FIN,Finland,Europe,2018,Women,[20-24],Married,5.8
FIN,Finland,Europe,1975,Women,[20-24],Separated,0.57
FIN,Finland,Europe,2018,Women,[25-29],Divorced,2.71
FIN,Finland,Europe,2018,Women,[25-29],Married,22.78
FIN,Finland,Europe,1975,Women,[25-29],Separated,1.05
FIN,Finland,Europe,2018,Women,[30-34],Divorced,6.73
FIN,Finland,Europe,2018,Women,[30-34],Married,43.44
FIN,Finland,Europe,1975,Women,[30-34],Separated,1.1
FIN,Finland,Europe,2018,Women,[35-39],Divorced,10.81
FIN,Finland,Europe,2018,Women,[35-39],Married,53.97
FIN,Finland,Europe,1975,Women,[35-39],Separated,1.02
FIN,Finland,Europe,2018,Women,[40-44],Divorced,14.73
FIN,Finland,Europe,2018,Women,[40-44],Married,57.21
FIN,Finland,Europe,1975,Women,[40-44],Separated,0.83
FIN,Finland,Europe,2018,Women,[45-49],Divorced,18.24
FIN,Finland,Europe,2018,Women,[45-49],Married,55.72
FIN,Finland,Europe,1975,Women,[45-49],Separated,0.66
FIN,Finland,Europe,2018,Women,[50-54],Divorced,20.6
FIN,Finland,Europe,2018,Women,[50-54],Married,55.67
FIN,Finland,Europe,1975,Women,[50-54],Separated,0.51
FIN,Finland,Europe,2018,Women,[55-59],Divorced,22.79
FIN,Finland,Europe,2018,Women,[55-59],Married,55.47
FIN,Finland,Europe,1975,Women,[55-59],Separated,0.35
FIN,Finland,Europe,2018,Women,[60-64],Divorced,22.67
FIN,Finland,Europe,2018,Women,[60-64],Married,56.41
FIN,Finland,Europe,1975,Women,[60-64],Separated,0.22
FIN,Finland,Europe,1990,Women,[65+],Divorced,6.66
FIN,Finland,Europe,1990,Women,[65+],Married,30.87
FRA,France,Europe,2013,Men,[15-19],Divorced,0.01
FRA,France,Europe,2013,Men,[15-19],Married,0.04
FRA,France,Europe,2013,Men,[20-24],Divorced,0.17
FRA,France,Europe,1994,Men,[20-24],Living together,15.93
FRA,France,Europe,2013,Men,[20-24],Married,2.03
FRA,France,Europe,2013,Men,[25-29],Divorced,0.74
FRA,France,Europe,1994,Men,[25-29],Living together,25.23
FRA,France,Europe,2013,Men,[25-29],Married,14.13
FRA,France,Europe,2013,Men,[30-34],Divorced,2.54
FRA,France,Europe,1994,Men,[30-34],Living together,17.56
FRA,France,Europe,2013,Men,[30-34],Married,33.82
FRA,France,Europe,2013,Men,[35-39],Divorced,5.15
FRA,France,Europe,1994,Men,[35-39],Living together,11.76
FRA,France,Europe,2013,Men,[35-39],Married,47.14
FRA,France,Europe,2013,Men,[40-44],Divorced,8.32
FRA,France,Europe,1994,Men,[40-44],Living together,7.86
FRA,France,Europe,2013,Men,[40-44],Married,53.58
FRA,France,Europe,2013,Men,[45-49],Divorced,11.07
FRA,France,Europe,1994,Men,[45-49],Living together,5.67
FRA,France,Europe,2013,Men,[45-49],Married,57.81
FRA,France,Europe,2013,Men,[50-54],Divorced,13.15
FRA,France,Europe,2013,Men,[50-54],Married,62.18
FRA,France,Europe,2013,Men,[55-59],Divorced,13.7
FRA,France,Europe,2013,Men,[55-59],Married,67.5
FRA,France,Europe,2013,Men,[60-64],Divorced,12.69
FRA,France,Europe,2013,Men,[60-64],Married,72.54
FRA,France,Europe,2013,Women,[15-19],Divorced,0.02
FRA,France,Europe,2013,Women,[15-19],Married,0.19
FRA,France,Europe,2013,Women,[20-24],Divorced,0.27
FRA,France,Europe,1994,Women,[20-24],Living together,24.78
FRA,France,Europe,2013,Women,[20-24],Married,5.58
FRA,France,Europe,2013,Women,[25-29],Divorced,1.53
FRA,France,Europe,1994,Women,[25-29],Living together,22.8
FRA,France,Europe,2013,Women,[25-29],Married,23.59
FRA,France,Europe,2013,Women,[30-34],Divorced,4.12
FRA,France,Europe,1994,Women,[30-34],Living together,14.24
FRA,France,Europe,2013,Women,[30-34],Married,42.19
FRA,France,Europe,2013,Women,[35-39],Divorced,7.46
FRA,France,Europe,1994,Women,[35-39],Living together,8.78
FRA,France,Europe,2013,Women,[35-39],Married,51.76
FRA,France,Europe,2013,Women,[40-44],Divorced,11.25
FRA,France,Europe,1994,Women,[40-44],Living together,6.67
FRA,France,Europe,2013,Women,[40-44],Married,55.76
FRA,France,Europe,2013,Women,[45-49],Divorced,14.56
FRA,France,Europe,1994,Women,[45-49],Living together,4.87
FRA,France,Europe,2013,Women,[45-49],Married,58.27
FRA,France,Europe,2013,Women,[50-54],Divorced,16.58
FRA,France,Europe,2013,Women,[50-54],Married,61.14
FRA,France,Europe,2013,Women,[55-59],Divorced,16.9
FRA,France,Europe,2013,Women,[55-59],Married,63.47
FRA,France,Europe,2013,Women,[60-64],Divorced,15.99
FRA,France,Europe,2013,Women,[60-64],Married,63.74
FRA,France,Europe,2010,Women,[65+],Married,40.32
GEO,Georgia,Europe,2014,Men,[15-19],Divorced,0.09
GEO,Georgia,Europe,1989,Men,[15-19],Divorced or Separated,0.05
GEO,Georgia,Europe,2014,Men,[15-19],Married,3.21
GEO,Georgia,Europe,2014,Men,[20-24],Divorced,0.65
GEO,Georgia,Europe,1989,Men,[20-24],Divorced or Separated,0.48
GEO,Georgia,Europe,2014,Men,[20-24],Married,24.57
GEO,Georgia,Europe,2014,Men,[25-29],Divorced,1.81
GEO,Georgia,Europe,1989,Men,[25-29],Divorced or Separated,1.3
GEO,Georgia,Europe,2014,Men,[25-29],Married,53.63
GEO,Georgia,Europe,2014,Men,[30-34],Divorced,2.67
GEO,Georgia,Europe,1989,Men,[30-34],Divorced or Separated,1.98
GEO,Georgia,Europe,2014,Men,[30-34],Married,69.89
GEO,Georgia,Europe,2014,Men,[35-39],Divorced,3.45
GEO,Georgia,Europe,1989,Men,[35-39],Divorced or Separated,2.32
GEO,Georgia,Europe,2014,Men,[35-39],Married,77.21
GEO,Georgia,Europe,2014,Men,[40-44],Divorced,4.0
GEO,Georgia,Europe,1989,Men,[40-44],Divorced or Separated,2.58
GEO,Georgia,Europe,2014,Men,[40-44],Married,81.79
GEO,Georgia,Europe,2014,Men,[45-49],Divorced,3.94
GEO,Georgia,Europe,1989,Men,[45-49],Divorced or Separated,2.43
GEO,Georgia,Europe,2014,Men,[45-49],Married,85.68
GEO,Georgia,Europe,2014,Men,[50-54],Divorced,3.46
GEO,Georgia,Europe,1989,Men,[50-54],Divorced or Separated,2.2
GEO,Georgia,Europe,2014,Men,[50-54],Married,88.49
GEO,Georgia,Europe,2014,Men,[55-59],Divorced,2.75
GEO,Georgia,Europe,1989,Men,[55-59],Divorced or Separated,1.61
GEO,Georgia,Europe,2014,Men,[55-59],Married,90.28
GEO,Georgia,Europe,2014,Men,[60-64],Divorced,2.36
GEO,Georgia,Europe,1989,Men,[60-64],Divorced or Separated,1.41
GEO,Georgia,Europe,2014,Men,[60-64],Married,90.02
GEO,Georgia,Europe,1989,Men,[65+],Divorced or Separated,0.96
GEO,Georgia,Europe,1989,Men,[65+],Married,78.96
GEO,Georgia,Europe,2014,Women,[15-19],Divorced,0.46
GEO,Georgia,Europe,1989,Women,[15-19],Divorced or Separated,0.38
GEO,Georgia,Europe,2005,Women,[15-19],Living together,0.23
GEO,Georgia,Europe,2014,Women,[15-19],Married,13.74
GEO,Georgia,Europe,2005,Women,[15-19],Separated,0.15
GEO,Georgia,Europe,2014,Women,[20-24],Divorced,2.35
GEO,Georgia,Europe,1989,Women,[20-24],Divorced or Separated,2.04
GEO,Georgia,Europe,2005,Women,[20-24],Living together,0.92
GEO,Georgia,Europe,2014,Women,[20-24],Married,48.84
GEO,Georgia,Europe,2005,Women,[20-24],Separated,1.05
GEO,Georgia,Europe,2014,Women,[25-29],Divorced,4.51
GEO,Georgia,Europe,1989,Women,[25-29],Divorced or Separated,3.85
GEO,Georgia,Europe,2005,Women,[25-29],Living together,1.24
GEO,Georgia,Europe,2014,Women,[25-29],Married,72.41
GEO,Georgia,Europe,2005,Women,[25-29],Separated,1.72
GEO,Georgia,Europe,2014,Women,[30-34],Divorced,5.93
GEO,Georgia,Europe,1989,Women,[30-34],Divorced or Separated,5.45
GEO,Georgia,Europe,2005,Women,[30-34],Living together,1.05
GEO,Georgia,Europe,2014,Women,[30-34],Married,79.13
GEO,Georgia,Europe,2005,Women,[30-34],Separated,3.82
GEO,Georgia,Europe,2014,Women,[35-39],Divorced,6.96
GEO,Georgia,Europe,1989,Women,[35-39],Divorced or Separated,6.48
GEO,Georgia,Europe,2005,Women,[35-39],Living together,1.18
GEO,Georgia,Europe,2014,Women,[35-39],Married,80.0
GEO,Georgia,Europe,2005,Women,[35-39],Separated,2.59
GEO,Georgia,Europe,2014,Women,[40-44],Divorced,7.11
GEO,Georgia,Europe,1989,Women,[40-44],Divorced or Separated,6.84
GEO,Georgia,Europe,2005,Women,[40-44],Living together,0.73
GEO,Georgia,Europe,2014,Women,[40-44],Married,78.96
GEO,Georgia,Europe,2005,Women,[40-44],Separated,2.26
GEO,Georgia,Europe,2014,Women,[45-49],Divorced,6.2
GEO,Georgia,Europe,1989,Women,[45-49],Divorced or Separated,6.28
GEO,Georgia,Europe,2005,Women,[45-49],Living together,0.17
GEO,Georgia,Europe,2014,Women,[45-49],Married,77.11
GEO,Georgia,Europe,2005,Women,[45-49],Separated,2.11
GEO,Georgia,Europe,2014,Women,[50-54],Divorced,5.46
GEO,Georgia,Europe,1989,Women,[50-54],Divorced or Separated,5.82
GEO,Georgia,Europe,2014,Women,[50-54],Married,74.26
GEO,Georgia,Europe,2014,Women,[55-59],Divorced,4.92
GEO,Georgia,Europe,1989,Women,[55-59],Divorced or Separated,4.85
GEO,Georgia,Europe,2014,Women,[55-59],Married,68.46
GEO,Georgia,Europe,2014,Women,[60-64],Divorced,4.23
GEO,Georgia,Europe,1989,Women,[60-64],Divorced or Separated,4.19
GEO,Georgia,Europe,2014,Women,[60-64],Married,59.16
GEO,Georgia,Europe,1989,Women,[65+],Divorced or Separated,1.89
GEO,Georgia,Europe,1989,Women,[65+],Married,27.46
DEU,Germany,Europe,2018,Men,[15-19],Divorced,0.0
DEU,Germany,Europe,1987,Men,[15-19],Divorced or Separated,0.05
DEU,Germany,Europe,2018,Men,[15-19],Married,0.03
DEU,Germany,Europe,2018,Men,[20-24],Divorced,0.06
DEU,Germany,Europe,1987,Men,[20-24],Divorced or Separated,0.42
DEU,Germany,Europe,2018,Men,[20-24],Married,1.89
DEU,Germany,Europe,2018,Men,[25-29],Divorced,0.63
DEU,Germany,Europe,1987,Men,[25-29],Divorced or Separated,2.3
DEU,Germany,Europe,2018,Men,[25-29],Married,12.77
DEU,Germany,Europe,2018,Men,[30-34],Divorced,2.36
DEU,Germany,Europe,1987,Men,[30-34],Divorced or Separated,5.0
DEU,Germany,Europe,2018,Men,[30-34],Married,32.43
DEU,Germany,Europe,2018,Men,[35-39],Divorced,5.25
DEU,Germany,Europe,1987,Men,[35-39],Divorced or Separated,6.93
DEU,Germany,Europe,2018,Men,[35-39],Married,48.09
DEU,Germany,Europe,2018,Men,[40-44],Divorced,8.41
DEU,Germany,Europe,1987,Men,[40-44],Divorced or Separated,8.2
DEU,Germany,Europe,2018,Men,[40-44],Married,57.04
DEU,Germany,Europe,2018,Men,[45-49],Divorced,11.6
DEU,Germany,Europe,1987,Men,[45-49],Divorced or Separated,7.34
DEU,Germany,Europe,2018,Men,[45-49],Married,60.35
DEU,Germany,Europe,2018,Men,[50-54],Divorced,14.23
DEU,Germany,Europe,1987,Men,[50-54],Divorced or Separated,6.1
DEU,Germany,Europe,2018,Men,[50-54],Married,63.29
DEU,Germany,Europe,2018,Men,[55-59],Divorced,15.01
DEU,Germany,Europe,1987,Men,[55-59],Divorced or Separated,4.48
DEU,Germany,Europe,2018,Men,[55-59],Married,67.58
DEU,Germany,Europe,2018,Men,[60-64],Divorced,13.37
DEU,Germany,Europe,1987,Men,[60-64],Divorced or Separated,3.52
DEU,Germany,Europe,2018,Men,[60-64],Married,72.73
DEU,Germany,Europe,2018,Women,[15-19],Divorced,0.0
DEU,Germany,Europe,1987,Women,[15-19],Divorced or Separated,0.09
DEU,Germany,Europe,2018,Women,[15-19],Married,0.31
DEU,Germany,Europe,2018,Women,[20-24],Divorced,0.2
DEU,Germany,Europe,1987,Women,[20-24],Divorced or Separated,1.12
DEU,Germany,Europe,2018,Women,[20-24],Married,5.73
DEU,Germany,Europe,2018,Women,[25-29],Divorced,1.46
DEU,Germany,Europe,1987,Women,[25-29],Divorced or Separated,4.12
DEU,Germany,Europe,2018,Women,[25-29],Married,23.91
DEU,Germany,Europe,2018,Women,[30-34],Divorced,4.2
DEU,Germany,Europe,1987,Women,[30-34],Divorced or Separated,7.04
DEU,Germany,Europe,2018,Women,[30-34],Married,46.2
DEU,Germany,Europe,2018,Women,[35-39],Divorced,7.98
DEU,Germany,Europe,1987,Women,[35-39],Divorced or Separated,8.99
DEU,Germany,Europe,2018,Women,[35-39],Married,58.76
DEU,Germany,Europe,2018,Women,[40-44],Divorced,11.85
DEU,Germany,Europe,1987,Women,[40-44],Divorced or Separated,9.62
DEU,Germany,Europe,2018,Women,[40-44],Married,63.78
DEU,Germany,Europe,2018,Women,[45-49],Divorced,15.3
DEU,Germany,Europe,1987,Women,[45-49],Divorced or Separated,8.27
DEU,Germany,Europe,2018,Women,[45-49],Married,64.86
DEU,Germany,Europe,2018,Women,[50-54],Divorced,17.37
DEU,Germany,Europe,1987,Women,[50-54],Divorced or Separated,6.47
DEU,Germany,Europe,2018,Women,[50-54],Married,65.97
DEU,Germany,Europe,2018,Women,[55-59],Divorced,16.66
DEU,Germany,Europe,1987,Women,[55-59],Divorced or Separated,5.26
DEU,Germany,Europe,2018,Women,[55-59],Married,67.77
DEU,Germany,Europe,2018,Women,[60-64],Divorced,14.48
DEU,Germany,Europe,1987,Women,[60-64],Divorced or Separated,5.01
DEU,Germany,Europe,2018,Women,[60-64],Married,68.0
GIB,Gibraltar,Europe,2012,Men,[15-19],Divorced,0.0
GIB,Gibraltar,Europe,2012,Men,[15-19],Married,0.1
GIB,Gibraltar,Europe,2012,Men,[15-19],Separated,0.0
GIB,Gibraltar,Europe,2012,Men,[20-24],Divorced,0.1
GIB,Gibraltar,Europe,2012,Men,[20-24],Married,3.84
GIB,Gibraltar,Europe,2012,Men,[20-24],Separated,0.48
GIB,Gibraltar,Europe,2012,Men,[25-29],Divorced,0.2
GIB,Gibraltar,Europe,2012,Men,[25-29],Married,25.4
GIB,Gibraltar,Europe,2012,Men,[25-29],Separated,0.8
GIB,Gibraltar,Europe,2012,Men,[30-34],Divorced,1.72
GIB,Gibraltar,Europe,2012,Men,[30-34],Married,47.52
GIB,Gibraltar,Europe,2012,Men,[30-34],Separated,2.17
GIB,Gibraltar,Europe,2012,Men,[35-39],Divorced,6.02
GIB,Gibraltar,Europe,2012,Men,[35-39],Married,60.28
GIB,Gibraltar,Europe,2012,Men,[35-39],Separated,3.89
GIB,Gibraltar,Europe,2012,Men,[40-44],Divorced,11.06
GIB,Gibraltar,Europe,2012,Men,[40-44],Married,66.36
GIB,Gibraltar,Europe,2012,Men,[40-44],Separated,4.46
GIB,Gibraltar,Europe,2012,Men,[45-49],Divorced,10.06
GIB,Gibraltar,Europe,2012,Men,[45-49],Married,71.99
GIB,Gibraltar,Europe,2012,Men,[45-49],Separated,6.32
GIB,Gibraltar,Europe,2012,Men,[50-54],Divorced,10.35
GIB,Gibraltar,Europe,2012,Men,[50-54],Married,73.88
GIB,Gibraltar,Europe,2012,Men,[50-54],Separated,3.92
GIB,Gibraltar,Europe,2012,Men,[55-59],Divorced,10.44
GIB,Gibraltar,Europe,2012,Men,[55-59],Married,75.9
GIB,Gibraltar,Europe,2012,Men,[55-59],Separated,3.89
GIB,Gibraltar,Europe,2012,Men,[60-64],Divorced,8.03
GIB,Gibraltar,Europe,2012,Men,[60-64],Married,80.75
GIB,Gibraltar,Europe,2012,Men,[60-64],Separated,2.32
GIB,Gibraltar,Europe,2012,Women,[15-19],Divorced,0.0
GIB,Gibraltar,Europe,2012,Women,[15-19],Married,0.83
GIB,Gibraltar,Europe,2012,Women,[15-19],Separated,0.0
GIB,Gibraltar,Europe,2012,Women,[20-24],Divorced,0.2
GIB,Gibraltar,Europe,2012,Women,[20-24],Married,12.27
GIB,Gibraltar,Europe,2012,Women,[20-24],Separated,0.71
GIB,Gibraltar,Europe,2012,Women,[25-29],Divorced,1.72
GIB,Gibraltar,Europe,2012,Women,[25-29],Married,38.54
GIB,Gibraltar,Europe,2012,Women,[25-29],Separated,1.52
GIB,Gibraltar,Europe,2012,Women,[30-34],Divorced,5.54
GIB,Gibraltar,Europe,2012,Women,[30-34],Married,58.93
GIB,Gibraltar,Europe,2012,Women,[30-34],Separated,4.39
GIB,Gibraltar,Europe,2012,Women,[35-39],Divorced,10.47
GIB,Gibraltar,Europe,2012,Women,[35-39],Married,64.73
GIB,Gibraltar,Europe,2012,Women,[35-39],Separated,5.37
GIB,Gibraltar,Europe,2012,Women,[40-44],Divorced,12.83
GIB,Gibraltar,Europe,2012,Women,[40-44],Married,68.89
GIB,Gibraltar,Europe,2012,Women,[40-44],Separated,4.9
GIB,Gibraltar,Europe,2012,Women,[45-49],Divorced,15.24
GIB,Gibraltar,Europe,2012,Women,[45-49],Married,67.82
GIB,Gibraltar,Europe,2012,Women,[45-49],Separated,5.67
GIB,Gibraltar,Europe,2012,Women,[50-54],Divorced,13.08
GIB,Gibraltar,Europe,2012,Women,[50-54],Married,72.28
GIB,Gibraltar,Europe,2012,Women,[50-54],Separated,4.51
GIB,Gibraltar,Europe,2012,Women,[55-59],Divorced,12.66
GIB,Gibraltar,Europe,2012,Women,[55-59],Married,71.94
GIB,Gibraltar,Europe,2012,Women,[55-59],Separated,4.26
GIB,Gibraltar,Europe,2012,Women,[60-64],Divorced,12.39
GIB,Gibraltar,Europe,2012,Women,[60-64],Married,71.41
GIB,Gibraltar,Europe,2012,Women,[60-64],Separated,2.28
GRC,Greece,Europe,2011,Men,[15-19],Divorced,0.04
GRC,Greece,Europe,2011,Men,[15-19],Married,0.58
GRC,Greece,Europe,2011,Men,[15-19],Separated,0.01
GRC,Greece,Europe,2011,Men,[20-24],Divorced,0.16
GRC,Greece,Europe,2011,Men,[20-24],Married,4.52
GRC,Greece,Europe,2011,Men,[20-24],Separated,0.1
GRC,Greece,Europe,2011,Men,[25-29],Divorced,0.46
GRC,Greece,Europe,2011,Men,[25-29],Married,17.16
GRC,Greece,Europe,2011,Men,[25-29],Separated,0.33
GRC,Greece,Europe,2011,Men,[30-34],Divorced,1.37
GRC,Greece,Europe,2011,Men,[30-34],Married,43.47
GRC,Greece,Europe,2011,Men,[30-34],Separated,0.46
GRC,Greece,Europe,2011,Men,[35-39],Divorced,2.56
GRC,Greece,Europe,2011,Men,[35-39],Married,63.87
GRC,Greece,Europe,2011,Men,[35-39],Separated,0.68
GRC,Greece,Europe,2011,Men,[40-44],Divorced,4.26
GRC,Greece,Europe,2011,Men,[40-44],Married,72.16
GRC,Greece,Europe,2011,Men,[40-44],Separated,1.05
GRC,Greece,Europe,2011,Men,[45-49],Divorced,5.5
GRC,Greece,Europe,2011,Men,[45-49],Married,77.3
GRC,Greece,Europe,2011,Men,[45-49],Separated,1.13
GRC,Greece,Europe,2011,Men,[50-54],Divorced,5.76
GRC,Greece,Europe,2011,Men,[50-54],Married,81.08
GRC,Greece,Europe,2011,Men,[50-54],Separated,1.06
GRC,Greece,Europe,2011,Men,[55-59],Divorced,5.32
GRC,Greece,Europe,2011,Men,[55-59],Married,84.16
GRC,Greece,Europe,2011,Men,[55-59],Separated,0.99
GRC,Greece,Europe,2011,Men,[60-64],Divorced,4.29
GRC,Greece,Europe,2011,Men,[60-64],Married,86.36
GRC,Greece,Europe,2011,Men,[60-64],Separated,0.78
GRC,Greece,Europe,1971,Men,[65+],Divorced,0.74
GRC,Greece,Europe,2011,Women,[15-19],Divorced,0.05
GRC,Greece,Europe,2011,Women,[15-19],Married,1.78
GRC,Greece,Europe,2011,Women,[15-19],Separated,0.02
GRC,Greece,Europe,2011,Women,[20-24],Divorced,0.37
GRC,Greece,Europe,2011,Women,[20-24],Married,13.85
GRC,Greece,Europe,2011,Women,[20-24],Separated,0.16
GRC,Greece,Europe,2011,Women,[25-29],Divorced,1.19
GRC,Greece,Europe,2011,Women,[25-29],Married,36.62
GRC,Greece,Europe,2011,Women,[25-29],Separated,0.59
GRC,Greece,Europe,2011,Women,[30-34],Divorced,2.99
GRC,Greece,Europe,2011,Women,[30-34],Married,62.96
GRC,Greece,Europe,2011,Women,[30-34],Separated,0.91
GRC,Greece,Europe,2011,Women,[35-39],Divorced,5.31
GRC,Greece,Europe,2011,Women,[35-39],Married,75.16
GRC,Greece,Europe,2011,Women,[35-39],Separated,1.31
GRC,Greece,Europe,2011,Women,[40-44],Divorced,7.78
GRC,Greece,Europe,2011,Women,[40-44],Married,77.23
GRC,Greece,Europe,2011,Women,[40-44],Separated,1.64
GRC,Greece,Europe,2011,Women,[45-49],Divorced,8.78
GRC,Greece,Europe,2011,Women,[45-49],Married,77.61
GRC,Greece,Europe,2011,Women,[45-49],Separated,1.73
GRC,Greece,Europe,2011,Women,[50-54],Divorced,8.16
GRC,Greece,Europe,2011,Women,[50-54],Married,77.47
GRC,Greece,Europe,2011,Women,[50-54],Separated,1.55
GRC,Greece,Europe,2011,Women,[55-59],Divorced,7.04
GRC,Greece,Europe,2011,Women,[55-59],Married,75.85
GRC,Greece,Europe,2011,Women,[55-59],Separated,1.34
GRC,Greece,Europe,2011,Women,[60-64],Divorced,5.37
GRC,Greece,Europe,2011,Women,[60-64],Married,71.74
GRC,Greece,Europe,2011,Women,[60-64],Separated,0.89
GRC,Greece,Europe,1971,Women,[65+],Divorced,0.88
HUN,Hungary,Europe,2018,Men,[15-19],Divorced,0.0
HUN,Hungary,Europe,1998,Men,[15-19],Divorced or Separated,0.0
HUN,Hungary,Europe,2018,Men,[15-19],Married,0.14
HUN,Hungary,Europe,2001,Men,[15-19],Separated,0.01
HUN,Hungary,Europe,2018,Men,[20-24],Divorced,0.08
HUN,Hungary,Europe,1998,Men,[20-24],Divorced or Separated,0.49
HUN,Hungary,Europe,2018,Men,[20-24],Married,2.47
HUN,Hungary,Europe,2001,Men,[20-24],Separated,0.35
HUN,Hungary,Europe,2018,Men,[25-29],Divorced,0.59
HUN,Hungary,Europe,1998,Men,[25-29],Divorced or Separated,3.96
HUN,Hungary,Europe,2018,Men,[25-29],Married,11.64
HUN,Hungary,Europe,2001,Men,[25-29],Separated,1.17
HUN,Hungary,Europe,2018,Men,[30-34],Divorced,2.67
HUN,Hungary,Europe,1998,Men,[30-34],Divorced or Separated,8.82
HUN,Hungary,Europe,2018,Men,[30-34],Married,28.99
HUN,Hungary,Europe,2001,Men,[30-34],Separated,1.64
HUN,Hungary,Europe,2018,Men,[35-39],Divorced,6.77
HUN,Hungary,Europe,1998,Men,[35-39],Divorced or Separated,12.36
HUN,Hungary,Europe,2018,Men,[35-39],Married,42.65
HUN,Hungary,Europe,2001,Men,[35-39],Separated,1.74
HUN,Hungary,Europe,2018,Men,[40-44],Divorced,12.51
HUN,Hungary,Europe,1998,Men,[40-44],Divorced or Separated,14.22
HUN,Hungary,Europe,2018,Men,[40-44],Married,50.17
HUN,Hungary,Europe,2001,Men,[40-44],Separated,1.9
HUN,Hungary,Europe,2018,Men,[45-49],Divorced,18.7
HUN,Hungary,Europe,1998,Men,[45-49],Divorced or Separated,14.65
HUN,Hungary,Europe,2018,Men,[45-49],Married,54.31
HUN,Hungary,Europe,2001,Men,[45-49],Separated,2.03
HUN,Hungary,Europe,2018,Men,[50-54],Divorced,21.65
HUN,Hungary,Europe,1998,Men,[50-54],Divorced or Separated,13.39
HUN,Hungary,Europe,2018,Men,[50-54],Married,58.03
HUN,Hungary,Europe,2001,Men,[50-54],Separated,2.05
HUN,Hungary,Europe,2018,Men,[55-59],Divorced,20.95
HUN,Hungary,Europe,1998,Men,[55-59],Divorced or Separated,10.82
HUN,Hungary,Europe,2018,Men,[55-59],Married,61.67
HUN,Hungary,Europe,2001,Men,[55-59],Separated,1.81
HUN,Hungary,Europe,2018,Men,[60-64],Divorced,18.21
HUN,Hungary,Europe,1998,Men,[60-64],Divorced or Separated,7.98
HUN,Hungary,Europe,2018,Men,[60-64],Married,66.23
HUN,Hungary,Europe,2001,Men,[60-64],Separated,1.54
HUN,Hungary,Europe,2018,Women,[15-19],Divorced,0.01
HUN,Hungary,Europe,1998,Women,[15-19],Divorced or Separated,0.03
HUN,Hungary,Europe,2018,Women,[15-19],Married,0.79
HUN,Hungary,Europe,2001,Women,[15-19],Separated,0.06
HUN,Hungary,Europe,2018,Women,[20-24],Divorced,0.28
HUN,Hungary,Europe,1998,Women,[20-24],Divorced or Separated,1.51
HUN,Hungary,Europe,2018,Women,[20-24],Married,5.99
HUN,Hungary,Europe,2001,Women,[20-24],Separated,0.85
HUN,Hungary,Europe,2018,Women,[25-29],Divorced,1.53
HUN,Hungary,Europe,1998,Women,[25-29],Divorced or Separated,6.81
HUN,Hungary,Europe,2018,Women,[25-29],Married,21.93
HUN,Hungary,Europe,2001,Women,[25-29],Separated,1.89
HUN,Hungary,Europe,2018,Women,[30-34],Divorced,5.21
HUN,Hungary,Europe,1998,Women,[30-34],Divorced or Separated,11.86
HUN,Hungary,Europe,2018,Women,[30-34],Married,41.25
HUN,Hungary,Europe,2001,Women,[30-34],Separated,2.17
HUN,Hungary,Europe,2018,Women,[35-39],Divorced,10.96
HUN,Hungary,Europe,1998,Women,[35-39],Divorced or Separated,15.52
HUN,Hungary,Europe,2018,Women,[35-39],Married,50.82
HUN,Hungary,Europe,2001,Women,[35-39],Separated,2.17
HUN,Hungary,Europe,2018,Women,[40-44],Divorced,18.11
HUN,Hungary,Europe,1998,Women,[40-44],Divorced or Separated,17.39
HUN,Hungary,Europe,2018,Women,[40-44],Married,54.16
HUN,Hungary,Europe,2001,Women,[40-44],Separated,2.22
HUN,Hungary,Europe,2018,Women,[45-49],Divorced,24.25
HUN,Hungary,Europe,1998,Women,[45-49],Divorced or Separated,17.09
HUN,Hungary,Europe,2018,Women,[45-49],Married,56.1
HUN,Hungary,Europe,2001,Women,[45-49],Separated,2.21
HUN,Hungary,Europe,2018,Women,[50-54],Divorced,25.6
HUN,Hungary,Europe,1998,Women,[50-54],Divorced or Separated,15.55
HUN,Hungary,Europe,2018,Women,[50-54],Married,57.52
HUN,Hungary,Europe,2001,Women,[50-54],Separated,1.95
HUN,Hungary,Europe,2018,Women,[55-59],Divorced,23.69
HUN,Hungary,Europe,1998,Women,[55-59],Divorced or Separated,12.88
HUN,Hungary,Europe,2018,Women,[55-59],Married,57.01
HUN,Hungary,Europe,2001,Women,[55-59],Separated,1.63
HUN,Hungary,Europe,2018,Women,[60-64],Divorced,21.22
HUN,Hungary,Europe,1998,Women,[60-64],Divorced or Separated,10.65
HUN,Hungary,Europe,2018,Women,[60-64],Married,53.7
HUN,Hungary,Europe,2001,Women,[60-64],Separated,1.2
ISL,Iceland,Europe,2018,Men,[15-19],Divorced,0.0
ISL,Iceland,Europe,2018,Men,[15-19],Married,0.05
ISL,Iceland,Europe,2018,Men,[15-19],Separated,0.0
ISL,Iceland,Europe,2018,Men,[20-24],Divorced,0.05
ISL,Iceland,Europe,2018,Men,[20-24],Married,1.47
ISL,Iceland,Europe,2018,Men,[20-24],Separated,0.04
ISL,Iceland,Europe,2018,Men,[25-29],Divorced,0.72
ISL,Iceland,Europe,2018,Men,[25-29],Married,12.11
ISL,Iceland,Europe,2018,Men,[25-29],Separated,0.3
ISL,Iceland,Europe,2018,Men,[30-34],Divorced,2.92
ISL,Iceland,Europe,2018,Men,[30-34],Married,35.03
ISL,Iceland,Europe,2018,Men,[30-34],Separated,0.67
ISL,Iceland,Europe,2018,Men,[35-39],Divorced,5.78
ISL,Iceland,Europe,2018,Men,[35-39],Married,50.9
ISL,Iceland,Europe,2018,Men,[35-39],Separated,1.3
ISL,Iceland,Europe,2018,Men,[40-44],Divorced,9.28
ISL,Iceland,Europe,2018,Men,[40-44],Married,60.86
ISL,Iceland,Europe,2018,Men,[40-44],Separated,1.9
ISL,Iceland,Europe,2018,Men,[45-49],Divorced,12.02
ISL,Iceland,Europe,2018,Men,[45-49],Married,65.47
ISL,Iceland,Europe,2018,Men,[45-49],Separated,2.16
ISL,Iceland,Europe,2018,Men,[50-54],Divorced,13.18
ISL,Iceland,Europe,2018,Men,[50-54],Married,66.97
ISL,Iceland,Europe,2018,Men,[50-54],Separated,1.65
ISL,Iceland,Europe,2018,Men,[55-59],Divorced,14.59
ISL,Iceland,Europe,2018,Men,[55-59],Married,67.76
ISL,Iceland,Europe,2018,Men,[55-59],Separated,1.56
ISL,Iceland,Europe,2018,Men,[60-64],Divorced,14.11
ISL,Iceland,Europe,2018,Men,[60-64],Married,70.97
ISL,Iceland,Europe,2018,Men,[60-64],Separated,1.33
ISL,Iceland,Europe,2018,Women,[15-19],Divorced,0.02
ISL,Iceland,Europe,2018,Women,[15-19],Married,0.05
ISL,Iceland,Europe,2018,Women,[15-19],Separated,0.01
ISL,Iceland,Europe,2018,Women,[20-24],Divorced,0.24
ISL,Iceland,Europe,2018,Women,[20-24],Married,3.85
ISL,Iceland,Europe,2018,Women,[20-24],Separated,0.07
ISL,Iceland,Europe,2018,Women,[25-29],Divorced,1.45
ISL,Iceland,Europe,2018,Women,[25-29],Married,17.97
ISL,Iceland,Europe,2018,Women,[25-29],Separated,0.37
ISL,Iceland,Europe,2018,Women,[30-34],Divorced,3.86
ISL,Iceland,Europe,2018,Women,[30-34],Married,40.35
ISL,Iceland,Europe,2018,Women,[30-34],Separated,0.95
ISL,Iceland,Europe,2018,Women,[35-39],Divorced,8.0
ISL,Iceland,Europe,2018,Women,[35-39],Married,52.55
ISL,Iceland,Europe,2018,Women,[35-39],Separated,1.66
ISL,Iceland,Europe,2018,Women,[40-44],Divorced,10.91
ISL,Iceland,Europe,2018,Women,[40-44],Married,57.97
ISL,Iceland,Europe,2018,Women,[40-44],Separated,1.85
ISL,Iceland,Europe,2018,Women,[45-49],Divorced,14.03
ISL,Iceland,Europe,2018,Women,[45-49],Married,61.18
ISL,Iceland,Europe,2018,Women,[45-49],Separated,1.94
ISL,Iceland,Europe,2018,Women,[50-54],Divorced,15.67
ISL,Iceland,Europe,2018,Women,[50-54],Married,63.37
ISL,Iceland,Europe,2018,Women,[50-54],Separated,1.6
ISL,Iceland,Europe,2018,Women,[55-59],Divorced,16.55
ISL,Iceland,Europe,2018,Women,[55-59],Married,65.44
ISL,Iceland,Europe,2018,Women,[55-59],Separated,1.61
ISL,Iceland,Europe,2018,Women,[60-64],Divorced,17.51
ISL,Iceland,Europe,2018,Women,[60-64],Married,65.81
ISL,Iceland,Europe,2018,Women,[60-64],Separated,1.33
IRL,Ireland,Europe,2016,Men,[15-19],Divorced,0.0
IRL,Ireland,Europe,2016,Men,[15-19],Divorced or Separated,0.01
IRL,Ireland,Europe,2016,Men,[15-19],Married,0.17
IRL,Ireland,Europe,2016,Men,[15-19],Separated,0.01
IRL,Ireland,Europe,2016,Men,[20-24],Divorced,0.04
IRL,Ireland,Europe,2016,Men,[20-24],Divorced or Separated,0.13
IRL,Ireland,Europe,2016,Men,[20-24],Married,1.75
IRL,Ireland,Europe,2016,Men,[20-24],Separated,0.09
IRL,Ireland,Europe,2016,Men,[25-29],Divorced,0.19
IRL,Ireland,Europe,2016,Men,[25-29],Divorced or Separated,0.53
IRL,Ireland,Europe,2016,Men,[25-29],Married,11.49
IRL,Ireland,Europe,2016,Men,[25-29],Separated,0.33
IRL,Ireland,Europe,2016,Men,[30-34],Divorced,0.77
IRL,Ireland,Europe,2016,Men,[30-34],Divorced or Separated,1.77
IRL,Ireland,Europe,2016,Men,[30-34],Married,36.9
IRL,Ireland,Europe,2016,Men,[30-34],Separated,0.98
IRL,Ireland,Europe,2016,Men,[35-39],Divorced,1.42
IRL,Ireland,Europe,2016,Men,[35-39],Divorced or Separated,3.38
IRL,Ireland,Europe,2016,Men,[35-39],Married,56.54
IRL,Ireland,Europe,2016,Men,[35-39],Separated,1.96
IRL,Ireland,Europe,2016,Men,[40-44],Divorced,2.41
IRL,Ireland,Europe,2016,Men,[40-44],Divorced or Separated,5.66
IRL,Ireland,Europe,2016,Men,[40-44],Married,64.85
IRL,Ireland,Europe,2016,Men,[40-44],Separated,3.23
IRL,Ireland,Europe,2016,Men,[45-49],Divorced,3.7
IRL,Ireland,Europe,2016,Men,[45-49],Divorced or Separated,8.08
IRL,Ireland,Europe,2016,Men,[45-49],Married,67.91
IRL,Ireland,Europe,2016,Men,[45-49],Separated,4.34
IRL,Ireland,Europe,2016,Men,[50-54],Divorced,5.01
IRL,Ireland,Europe,2016,Men,[50-54],Divorced or Separated,10.34
IRL,Ireland,Europe,2016,Men,[50-54],Married,69.05
IRL,Ireland,Europe,2016,Men,[50-54],Separated,5.24
IRL,Ireland,Europe,2016,Men,[55-59],Divorced,5.47
IRL,Ireland,Europe,2016,Men,[55-59],Divorced or Separated,11.35
IRL,Ireland,Europe,2016,Men,[55-59],Married,70.13
IRL,Ireland,Europe,2016,Men,[55-59],Separated,5.79
IRL,Ireland,Europe,2016,Men,[60-64],Divorced,4.89
IRL,Ireland,Europe,2016,Men,[60-64],Divorced or Separated,10.64
IRL,Ireland,Europe,2016,Men,[60-64],Married,70.93
IRL,Ireland,Europe,2016,Men,[60-64],Separated,5.71
IRL,Ireland,Europe,1988,Men,[65+],Divorced or Separated,0.53
IRL,Ireland,Europe,1990,Men,[65+],Married,58.06
IRL,Ireland,Europe,1990,Men,[65+],Separated,0.88
IRL,Ireland,Europe,2016,Women,[15-19],Divorced,0.0
IRL,Ireland,Europe,2016,Women,[15-19],Divorced or Separated,0.01
IRL,Ireland,Europe,2016,Women,[15-19],Married,0.27
IRL,Ireland,Europe,2016,Women,[15-19],Separated,0.01
IRL,Ireland,Europe,2016,Women,[20-24],Divorced,0.05
IRL,Ireland,Europe,2016,Women,[20-24],Divorced or Separated,0.2
IRL,Ireland,Europe,2016,Women,[20-24],Married,3.08
IRL,Ireland,Europe,2016,Women,[20-24],Separated,0.14
IRL,Ireland,Europe,2016,Women,[25-29],Divorced,0.39
IRL,Ireland,Europe,2016,Women,[25-29],Divorced or Separated,1.05
IRL,Ireland,Europe,2016,Women,[25-29],Married,17.46
IRL,Ireland,Europe,2016,Women,[25-29],Separated,0.64
IRL,Ireland,Europe,2016,Women,[30-34],Divorced,1.21
IRL,Ireland,Europe,2016,Women,[30-34],Divorced or Separated,2.99
IRL,Ireland,Europe,2016,Women,[30-34],Married,44.32
IRL,Ireland,Europe,2016,Women,[30-34],Separated,1.78
IRL,Ireland,Europe,2016,Women,[35-39],Divorced,2.18
IRL,Ireland,Europe,2016,Women,[35-39],Divorced or Separated,5.35
IRL,Ireland,Europe,2016,Women,[35-39],Married,59.19
IRL,Ireland,Europe,2016,Women,[35-39],Separated,3.16
IRL,Ireland,Europe,2016,Women,[40-44],Divorced,3.53
IRL,Ireland,Europe,2016,Women,[40-44],Divorced or Separated,8.31
IRL,Ireland,Europe,2016,Women,[40-44],Married,64.39
IRL,Ireland,Europe,2016,Women,[40-44],Separated,4.77
IRL,Ireland,Europe,2016,Women,[45-49],Divorced,5.74
IRL,Ireland,Europe,2016,Women,[45-49],Divorced or Separated,11.92
IRL,Ireland,Europe,2016,Women,[45-49],Married,65.88
IRL,Ireland,Europe,2016,Women,[45-49],Separated,6.17
IRL,Ireland,Europe,2016,Women,[50-54],Divorced,7.24
IRL,Ireland,Europe,2016,Women,[50-54],Divorced or Separated,14.23
IRL,Ireland,Europe,2016,Women,[50-54],Married,66.87
IRL,Ireland,Europe,2016,Women,[50-54],Separated,6.93
IRL,Ireland,Europe,2016,Women,[55-59],Divorced,7.24
IRL,Ireland,Europe,2016,Women,[55-59],Divorced or Separated,14.3
IRL,Ireland,Europe,2016,Women,[55-59],Married,67.49
IRL,Ireland,Europe,2016,Women,[55-59],Separated,7.0
IRL,Ireland,Europe,2016,Women,[60-64],Divorced,5.91
IRL,Ireland,Europe,2016,Women,[60-64],Divorced or Separated,12.28
IRL,Ireland,Europe,2016,Women,[60-64],Married,67.56
IRL,Ireland,Europe,2016,Women,[60-64],Separated,6.29
IRL,Ireland,Europe,1988,Women,[65+],Divorced or Separated,0.59
IRL,Ireland,Europe,1990,Women,[65+],Married,30.63
IRL,Ireland,Europe,1990,Women,[65+],Separated,0.66
IMN,Isle of Man,Europe,2011,Men,[15-19],Divorced,0.04
IMN,Isle of Man,Europe,2011,Men,[15-19],Married,0.3
IMN,Isle of Man,Europe,2011,Men,[15-19],Separated,0.0
IMN,Isle of Man,Europe,2011,Men,[20-24],Divorced,0.12
IMN,Isle of Man,Europe,2011,Men,[20-24],Married,2.13
IMN,Isle of Man,Europe,2011,Men,[20-24],Separated,0.25
IMN,Isle of Man,Europe,2011,Men,[25-29],Divorced,1.62
IMN,Isle of Man,Europe,2011,Men,[25-29],Married,16.56
IMN,Isle of Man,Europe,2011,Men,[25-29],Separated,1.08
IMN,Isle of Man,Europe,2011,Men,[30-34],Divorced,4.0
IMN,Isle of Man,Europe,2011,Men,[30-34],Married,39.99
IMN,Isle of Man,Europe,2011,Men,[30-34],Separated,1.77
IMN,Isle of Man,Europe,2011,Men,[35-39],Divorced,7.23
IMN,Isle of Man,Europe,2011,Men,[35-39],Married,54.54
IMN,Isle of Man,Europe,2011,Men,[35-39],Separated,2.98
IMN,Isle of Man,Europe,2011,Men,[40-44],Divorced,11.19
IMN,Isle of Man,Europe,2011,Men,[40-44],Married,58.02
IMN,Isle of Man,Europe,2011,Men,[40-44],Separated,3.58
IMN,Isle of Man,Europe,2011,Men,[45-49],Divorced,15.6
IMN,Isle of Man,Europe,2011,Men,[45-49],Married,61.72
IMN,Isle of Man,Europe,2011,Men,[45-49],Separated,3.82
IMN,Isle of Man,Europe,2011,Men,[50-54],Divorced,16.71
IMN,Isle of Man,Europe,2011,Men,[50-54],Married,64.37
IMN,Isle of Man,Europe,2011,Men,[50-54],Separated,3.18
IMN,Isle of Man,Europe,2011,Men,[55-59],Divorced,14.59
IMN,Isle of Man,Europe,2011,Men,[55-59],Married,68.53
IMN,Isle of Man,Europe,2011,Men,[55-59],Separated,3.03
IMN,Isle of Man,Europe,2011,Men,[60-64],Divorced,14.66
IMN,Isle of Man,Europe,2011,Men,[60-64],Married,70.61
IMN,Isle of Man,Europe,2011,Men,[60-64],Separated,2.3
IMN,Isle of Man,Europe,2011,Women,[15-19],Divorced,0.0
IMN,Isle of Man,Europe,2011,Women,[15-19],Married,0.6
IMN,Isle of Man,Europe,2011,Women,[15-19],Separated,0.0
IMN,Isle of Man,Europe,2011,Women,[20-24],Divorced,0.09
IMN,Isle of Man,Europe,2011,Women,[20-24],Married,5.53
IMN,Isle of Man,Europe,2011,Women,[20-24],Separated,0.88
IMN,Isle of Man,Europe,2011,Women,[25-29],Divorced,2.78
IMN,Isle of Man,Europe,2011,Women,[25-29],Married,28.92
IMN,Isle of Man,Europe,2011,Women,[25-29],Separated,2.01
IMN,Isle of Man,Europe,2011,Women,[30-34],Divorced,5.81
IMN,Isle of Man,Europe,2011,Women,[30-34],Married,49.8
IMN,Isle of Man,Europe,2011,Women,[30-34],Separated,3.38
IMN,Isle of Man,Europe,2011,Women,[35-39],Divorced,10.41
IMN,Isle of Man,Europe,2011,Women,[35-39],Married,59.12
IMN,Isle of Man,Europe,2011,Women,[35-39],Separated,3.73
IMN,Isle of Man,Europe,2011,Women,[40-44],Divorced,13.98
IMN,Isle of Man,Europe,2011,Women,[40-44],Married,62.76
IMN,Isle of Man,Europe,2011,Women,[40-44],Separated,4.38
IMN,Isle of Man,Europe,2011,Women,[45-49],Divorced,17.36
IMN,Isle of Man,Europe,2011,Women,[45-49],Married,63.62
IMN,Isle of Man,Europe,2011,Women,[45-49],Separated,4.28
IMN,Isle of Man,Europe,2011,Women,[50-54],Divorced,18.24
IMN,Isle of Man,Europe,2011,Women,[50-54],Married,65.57
IMN,Isle of Man,Europe,2011,Women,[50-54],Separated,3.82
IMN,Isle of Man,Europe,2011,Women,[55-59],Divorced,17.85
IMN,Isle of Man,Europe,2011,Women,[55-59],Married,67.12
IMN,Isle of Man,Europe,2011,Women,[55-59],Separated,2.55
IMN,Isle of Man,Europe,2011,Women,[60-64],Divorced,17.34
IMN,Isle of Man,Europe,2011,Women,[60-64],Married,67.07
IMN,Isle of Man,Europe,2011,Women,[60-64],Separated,1.61
ITA,Italy,Europe,2018,Men,[15-19],Divorced,0.01
ITA,Italy,Europe,1991,Men,[15-19],Divorced or Separated,0.04
ITA,Italy,Europe,2018,Men,[15-19],Married,0.02
ITA,Italy,Europe,2001,Men,[15-19],Separated,0.0
ITA,Italy,Europe,2018,Men,[20-24],Divorced,0.03
ITA,Italy,Europe,1991,Men,[20-24],Divorced or Separated,0.09
ITA,Italy,Europe,2018,Men,[20-24],Married,0.9
ITA,Italy,Europe,2001,Men,[20-24],Separated,0.05
ITA,Italy,Europe,2018,Men,[25-29],Divorced,0.1
ITA,Italy,Europe,1991,Men,[25-29],Divorced or Separated,0.62
ITA,Italy,Europe,2018,Men,[25-29],Married,8.58
ITA,Italy,Europe,2001,Men,[25-29],Separated,0.39
ITA,Italy,Europe,2018,Men,[30-34],Divorced,0.45
ITA,Italy,Europe,1991,Men,[30-34],Divorced or Separated,1.87
ITA,Italy,Europe,2018,Men,[30-34],Married,29.38
ITA,Italy,Europe,2001,Men,[30-34],Separated,1.46
ITA,Italy,Europe,2018,Men,[35-39],Divorced,1.29
ITA,Italy,Europe,1991,Men,[35-39],Divorced or Separated,2.99
ITA,Italy,Europe,2018,Men,[35-39],Married,48.54
ITA,Italy,Europe,2001,Men,[35-39],Separated,2.6
ITA,Italy,Europe,2018,Men,[40-44],Divorced,2.6
ITA,Italy,Europe,1991,Men,[40-44],Divorced or Separated,3.32
ITA,Italy,Europe,2018,Men,[40-44],Married,59.42
ITA,Italy,Europe,2001,Men,[40-44],Separated,3.11
ITA,Italy,Europe,2018,Men,[45-49],Divorced,4.15
ITA,Italy,Europe,1991,Men,[45-49],Divorced or Separated,3.12
ITA,Italy,Europe,2018,Men,[45-49],Married,67.55
ITA,Italy,Europe,2001,Men,[45-49],Separated,3.06
ITA,Italy,Europe,2018,Men,[50-54],Divorced,5.41
ITA,Italy,Europe,1991,Men,[50-54],Divorced or Separated,2.57
ITA,Italy,Europe,2018,Men,[50-54],Married,73.91
ITA,Italy,Europe,2001,Men,[50-54],Separated,2.69
ITA,Italy,Europe,2018,Men,[55-59],Divorced,5.65
ITA,Italy,Europe,1991,Men,[55-59],Divorced or Separated,1.96
ITA,Italy,Europe,2018,Men,[55-59],Married,78.66
ITA,Italy,Europe,2001,Men,[55-59],Separated,2.27
ITA,Italy,Europe,2018,Men,[60-64],Divorced,4.93
ITA,Italy,Europe,1991,Men,[60-64],Divorced or Separated,1.53
ITA,Italy,Europe,2018,Men,[60-64],Married,81.92
ITA,Italy,Europe,2001,Men,[60-64],Separated,1.71
ITA,Italy,Europe,1991,Men,[65+],Divorced or Separated,0.91
ITA,Italy,Europe,1991,Men,[65+],Married,76.87
ITA,Italy,Europe,2018,Women,[15-19],Divorced,0.0
ITA,Italy,Europe,1991,Women,[15-19],Divorced or Separated,0.06
ITA,Italy,Europe,2018,Women,[15-19],Married,0.16
ITA,Italy,Europe,2001,Women,[15-19],Separated,0.0
ITA,Italy,Europe,2018,Women,[20-24],Divorced,0.03
ITA,Italy,Europe,1991,Women,[20-24],Divorced or Separated,0.34
ITA,Italy,Europe,2018,Women,[20-24],Married,4.45
ITA,Italy,Europe,2001,Women,[20-24],Separated,0.23
ITA,Italy,Europe,2018,Women,[25-29],Divorced,0.29
ITA,Italy,Europe,1991,Women,[25-29],Divorced or Separated,1.55
ITA,Italy,Europe,2018,Women,[25-29],Married,21.13
ITA,Italy,Europe,2001,Women,[25-29],Separated,1.2
ITA,Italy,Europe,2018,Women,[30-34],Divorced,1.17
ITA,Italy,Europe,1991,Women,[30-34],Divorced or Separated,3.23
ITA,Italy,Europe,2018,Women,[30-34],Married,46.7
ITA,Italy,Europe,2001,Women,[30-34],Separated,2.76
ITA,Italy,Europe,2018,Women,[35-39],Divorced,2.62
ITA,Italy,Europe,1991,Women,[35-39],Divorced or Separated,4.07
ITA,Italy,Europe,2018,Women,[35-39],Married,61.88
ITA,Italy,Europe,2001,Women,[35-39],Separated,3.65
ITA,Italy,Europe,2018,Women,[40-44],Divorced,4.43
ITA,Italy,Europe,1991,Women,[40-44],Divorced or Separated,3.94
ITA,Italy,Europe,2018,Women,[40-44],Married,68.35
ITA,Italy,Europe,2001,Women,[40-44],Separated,3.78
ITA,Italy,Europe,2018,Women,[45-49],Divorced,6.16
ITA,Italy,Europe,1991,Women,[45-49],Divorced or Separated,3.6
ITA,Italy,Europe,2018,Women,[45-49],Married,72.27
ITA,Italy,Europe,2001,Women,[45-49],Separated,3.36
ITA,Italy,Europe,2018,Women,[50-54],Divorced,7.08
ITA,Italy,Europe,1991,Women,[50-54],Divorced or Separated,2.8
ITA,Italy,Europe,2018,Women,[50-54],Married,74.51
ITA,Italy,Europe,2001,Women,[50-54],Separated,2.68
ITA,Italy,Europe,2018,Women,[55-59],Divorced,6.86
ITA,Italy,Europe,1991,Women,[55-59],Divorced or Separated,2.04
ITA,Italy,Europe,2018,Women,[55-59],Married,75.08
ITA,Italy,Europe,2001,Women,[55-59],Separated,2.07
ITA,Italy,Europe,2018,Women,[60-64],Divorced,5.87
ITA,Italy,Europe,1991,Women,[60-64],Divorced or Separated,1.56
ITA,Italy,Europe,2018,Women,[60-64],Married,74.13
ITA,Italy,Europe,2001,Women,[60-64],Separated,1.43
ITA,Italy,Europe,1991,Women,[65+],Divorced or Separated,0.81
ITA,Italy,Europe,1991,Women,[65+],Married,37.34
KAZ,Kazakhstan,Europe,2011,Men,[15-19],Divorced,0.0
KAZ,Kazakhstan,Europe,1979,Men,[15-19],Divorced or Separated,0.04
KAZ,Kazakhstan,Europe,2011,Men,[15-19],Living together,0.0
KAZ,Kazakhstan,Europe,2011,Men,[15-19],Married,0.87
KAZ,Kazakhstan,Europe,2011,Men,[15-19],Separated,0.0
KAZ,Kazakhstan,Europe,2011,Men,[20-24],Divorced,0.65
KAZ,Kazakhstan,Europe,1979,Men,[20-24],Divorced or Separated,1.11
KAZ,Kazakhstan,Europe,2011,Men,[20-24],Living together,1.93
KAZ,Kazakhstan,Europe,2011,Men,[20-24],Married,22.96
KAZ,Kazakhstan,Europe,2011,Men,[20-24],Separated,0.64
KAZ,Kazakhstan,Europe,2011,Men,[25-29],Divorced,1.92
KAZ,Kazakhstan,Europe,1979,Men,[25-29],Divorced or Separated,3.31
KAZ,Kazakhstan,Europe,2011,Men,[25-29],Living together,3.38
KAZ,Kazakhstan,Europe,2011,Men,[25-29],Married,56.17
KAZ,Kazakhstan,Europe,2011,Men,[25-29],Separated,1.55
KAZ,Kazakhstan,Europe,2011,Men,[30-34],Divorced,4.43
KAZ,Kazakhstan,Europe,1979,Men,[30-34],Divorced or Separated,4.4
KAZ,Kazakhstan,Europe,2011,Men,[30-34],Living together,2.75
KAZ,Kazakhstan,Europe,2011,Men,[30-34],Married,78.42
KAZ,Kazakhstan,Europe,2011,Men,[30-34],Separated,1.41
KAZ,Kazakhstan,Europe,2011,Men,[35-39],Divorced,4.46
KAZ,Kazakhstan,Europe,1979,Men,[35-39],Divorced or Separated,4.8
KAZ,Kazakhstan,Europe,2011,Men,[35-39],Living together,3.2
KAZ,Kazakhstan,Europe,2011,Men,[35-39],Married,84.39
KAZ,Kazakhstan,Europe,2011,Men,[35-39],Separated,0.85
KAZ,Kazakhstan,Europe,2011,Men,[40-44],Divorced,5.24
KAZ,Kazakhstan,Europe,1979,Men,[40-44],Divorced or Separated,4.5
KAZ,Kazakhstan,Europe,2011,Men,[40-44],Living together,2.61
KAZ,Kazakhstan,Europe,2011,Men,[40-44],Married,81.67
KAZ,Kazakhstan,Europe,2011,Men,[40-44],Separated,1.75
KAZ,Kazakhstan,Europe,2011,Men,[45-49],Divorced,4.61
KAZ,Kazakhstan,Europe,1979,Men,[45-49],Divorced or Separated,3.9
KAZ,Kazakhstan,Europe,2011,Men,[45-49],Living together,3.73
KAZ,Kazakhstan,Europe,2011,Men,[45-49],Married,86.19
KAZ,Kazakhstan,Europe,2011,Men,[45-49],Separated,1.4
KAZ,Kazakhstan,Europe,2011,Men,[50-54],Divorced,5.99
KAZ,Kazakhstan,Europe,1979,Men,[50-54],Divorced or Separated,3.3
KAZ,Kazakhstan,Europe,2011,Men,[50-54],Living together,2.72
KAZ,Kazakhstan,Europe,2011,Men,[50-54],Married,85.76
KAZ,Kazakhstan,Europe,2011,Men,[50-54],Separated,1.78
KAZ,Kazakhstan,Europe,2011,Men,[55-59],Divorced,6.26
KAZ,Kazakhstan,Europe,1979,Men,[55-59],Divorced or Separated,2.5
KAZ,Kazakhstan,Europe,2011,Men,[55-59],Living together,2.98
KAZ,Kazakhstan,Europe,2011,Men,[55-59],Married,83.61
KAZ,Kazakhstan,Europe,2011,Men,[55-59],Separated,1.57
KAZ,Kazakhstan,Europe,2009,Men,[60-64],Divorced,4.19
KAZ,Kazakhstan,Europe,1979,Men,[60-64],Divorced or Separated,1.8
KAZ,Kazakhstan,Europe,2009,Men,[60-64],Married,83.23
KAZ,Kazakhstan,Europe,1979,Men,[65+],Divorced or Separated,1.4
KAZ,Kazakhstan,Europe,1979,Men,[65+],Married,89.99
KAZ,Kazakhstan,Europe,2015,Women,[15-19],Divorced,0.18
KAZ,Kazakhstan,Europe,1979,Women,[15-19],Divorced or Separated,0.43
KAZ,Kazakhstan,Europe,2015,Women,[15-19],Living together,0.4
KAZ,Kazakhstan,Europe,2015,Women,[15-19],Married,5.58
KAZ,Kazakhstan,Europe,2015,Women,[15-19],Separated,0.33
KAZ,Kazakhstan,Europe,2015,Women,[20-24],Divorced,2.16
KAZ,Kazakhstan,Europe,1979,Women,[20-24],Divorced or Separated,3.82
KAZ,Kazakhstan,Europe,2015,Women,[20-24],Living together,2.54
KAZ,Kazakhstan,Europe,2015,Women,[20-24],Married,52.0
KAZ,Kazakhstan,Europe,2015,Women,[20-24],Separated,1.68
KAZ,Kazakhstan,Europe,2015,Women,[25-29],Divorced,5.97
KAZ,Kazakhstan,Europe,1979,Women,[25-29],Divorced or Separated,6.71
KAZ,Kazakhstan,Europe,2015,Women,[25-29],Living together,2.69
KAZ,Kazakhstan,Europe,2015,Women,[25-29],Married,73.65
KAZ,Kazakhstan,Europe,2015,Women,[25-29],Separated,2.33
KAZ,Kazakhstan,Europe,2015,Women,[30-34],Divorced,8.86
KAZ,Kazakhstan,Europe,1979,Women,[30-34],Divorced or Separated,7.91
KAZ,Kazakhstan,Europe,2015,Women,[30-34],Living together,2.75
KAZ,Kazakhstan,Europe,2015,Women,[30-34],Married,76.63
KAZ,Kazakhstan,Europe,2015,Women,[30-34],Separated,2.37
KAZ,Kazakhstan,Europe,2015,Women,[35-39],Divorced,9.27
KAZ,Kazakhstan,Europe,1979,Women,[35-39],Divorced or Separated,8.51
KAZ,Kazakhstan,Europe,2015,Women,[35-39],Living together,3.59
KAZ,Kazakhstan,Europe,2015,Women,[35-39],Married,74.12
KAZ,Kazakhstan,Europe,2015,Women,[35-39],Separated,3.81
KAZ,Kazakhstan,Europe,2015,Women,[40-44],Divorced,11.38
KAZ,Kazakhstan,Europe,1979,Women,[40-44],Divorced or Separated,8.71
KAZ,Kazakhstan,Europe,2015,Women,[40-44],Living together,3.2
KAZ,Kazakhstan,Europe,2015,Women,[40-44],Married,73.57
KAZ,Kazakhstan,Europe,2015,Women,[40-44],Separated,2.7
KAZ,Kazakhstan,Europe,2015,Women,[45-49],Divorced,12.32
KAZ,Kazakhstan,Europe,1979,Women,[45-49],Divorced or Separated,8.81
KAZ,Kazakhstan,Europe,2015,Women,[45-49],Living together,2.88
KAZ,Kazakhstan,Europe,2015,Women,[45-49],Married,68.41
KAZ,Kazakhstan,Europe,2015,Women,[45-49],Separated,1.7
KAZ,Kazakhstan,Europe,2009,Women,[50-54],Divorced,10.87
KAZ,Kazakhstan,Europe,1979,Women,[50-54],Divorced or Separated,8.61
KAZ,Kazakhstan,Europe,2009,Women,[50-54],Married,67.11
KAZ,Kazakhstan,Europe,2009,Women,[55-59],Divorced,9.5
KAZ,Kazakhstan,Europe,1979,Women,[55-59],Divorced or Separated,6.71
KAZ,Kazakhstan,Europe,2009,Women,[55-59],Married,61.12
KAZ,Kazakhstan,Europe,2009,Women,[60-64],Divorced,7.4
KAZ,Kazakhstan,Europe,1979,Women,[60-64],Divorced or Separated,4.21
KAZ,Kazakhstan,Europe,2009,Women,[60-64],Married,53.55
KAZ,Kazakhstan,Europe,1979,Women,[65+],Divorced or Separated,2.81
KAZ,Kazakhstan,Europe,1979,Women,[65+],Married,33.13
LVA,Latvia,Europe,2018,Men,[15-19],Divorced,0.0
LVA,Latvia,Europe,1989,Men,[15-19],Divorced or Separated,0.04
LVA,Latvia,Europe,2018,Men,[15-19],Married,0.11
LVA,Latvia,Europe,2018,Men,[20-24],Divorced,0.25
LVA,Latvia,Europe,1989,Men,[20-24],Divorced or Separated,1.36
LVA,Latvia,Europe,2018,Men,[20-24],Married,3.88
LVA,Latvia,Europe,2018,Men,[25-29],Divorced,1.66
LVA,Latvia,Europe,1989,Men,[25-29],Divorced or Separated,4.54
LVA,Latvia,Europe,2018,Men,[25-29],Married,20.21
LVA,Latvia,Europe,2018,Men,[30-34],Divorced,5.28
LVA,Latvia,Europe,1989,Men,[30-34],Divorced or Separated,7.53
LVA,Latvia,Europe,2018,Men,[30-34],Married,40.37
LVA,Latvia,Europe,2018,Men,[35-39],Divorced,9.27
LVA,Latvia,Europe,1989,Men,[35-39],Divorced or Separated,10.5
LVA,Latvia,Europe,2018,Men,[35-39],Married,49.94
LVA,Latvia,Europe,2018,Men,[40-44],Divorced,13.12
LVA,Latvia,Europe,1989,Men,[40-44],Divorced or Separated,12.5
LVA,Latvia,Europe,2018,Men,[40-44],Married,52.51
LVA,Latvia,Europe,2018,Men,[45-49],Divorced,19.32
LVA,Latvia,Europe,1989,Men,[45-49],Divorced or Separated,12.89
LVA,Latvia,Europe,2018,Men,[45-49],Married,56.43
LVA,Latvia,Europe,2018,Men,[50-54],Divorced,22.23
LVA,Latvia,Europe,1989,Men,[50-54],Divorced or Separated,12.01
LVA,Latvia,Europe,2018,Men,[50-54],Married,61.58
LVA,Latvia,Europe,2018,Men,[55-59],Divorced,21.5
LVA,Latvia,Europe,1989,Men,[55-59],Divorced or Separated,9.73
LVA,Latvia,Europe,2018,Men,[55-59],Married,65.72
LVA,Latvia,Europe,2018,Men,[60-64],Divorced,19.14
LVA,Latvia,Europe,1989,Men,[60-64],Divorced or Separated,7.56
LVA,Latvia,Europe,2018,Men,[60-64],Married,68.79
LVA,Latvia,Europe,1979,Men,[65+],Divorced,4.7
LVA,Latvia,Europe,1979,Men,[65+],Married,82.7
LVA,Latvia,Europe,2018,Women,[15-19],Divorced,0.01
LVA,Latvia,Europe,1989,Women,[15-19],Divorced or Separated,0.19
LVA,Latvia,Europe,2018,Women,[15-19],Married,0.6
LVA,Latvia,Europe,2018,Women,[20-24],Divorced,0.88
LVA,Latvia,Europe,1989,Women,[20-24],Divorced or Separated,3.26
LVA,Latvia,Europe,2018,Women,[20-24],Married,10.38
LVA,Latvia,Europe,2018,Women,[25-29],Divorced,3.72
LVA,Latvia,Europe,1989,Women,[25-29],Divorced or Separated,7.94
LVA,Latvia,Europe,2018,Women,[25-29],Married,33.53
LVA,Latvia,Europe,2018,Women,[30-34],Divorced,8.43
LVA,Latvia,Europe,1989,Women,[30-34],Divorced or Separated,11.49
LVA,Latvia,Europe,2018,Women,[30-34],Married,50.92
LVA,Latvia,Europe,2018,Women,[35-39],Divorced,12.64
LVA,Latvia,Europe,1989,Women,[35-39],Divorced or Separated,15.29
LVA,Latvia,Europe,2018,Women,[35-39],Married,55.26
LVA,Latvia,Europe,2018,Women,[40-44],Divorced,17.65
LVA,Latvia,Europe,1989,Women,[40-44],Divorced or Separated,17.63
LVA,Latvia,Europe,2018,Women,[40-44],Married,54.53
LVA,Latvia,Europe,2018,Women,[45-49],Divorced,23.92
LVA,Latvia,Europe,1989,Women,[45-49],Divorced or Separated,18.2
LVA,Latvia,Europe,2018,Women,[45-49],Married,54.82
LVA,Latvia,Europe,2018,Women,[50-54],Divorced,25.61
LVA,Latvia,Europe,1989,Women,[50-54],Divorced or Separated,16.76
LVA,Latvia,Europe,2018,Women,[50-54],Married,55.26
LVA,Latvia,Europe,2018,Women,[55-59],Divorced,25.24
LVA,Latvia,Europe,1989,Women,[55-59],Divorced or Separated,14.5
LVA,Latvia,Europe,2018,Women,[55-59],Married,53.55
LVA,Latvia,Europe,2018,Women,[60-64],Divorced,24.8
LVA,Latvia,Europe,1989,Women,[60-64],Divorced or Separated,11.95
LVA,Latvia,Europe,2018,Women,[60-64],Married,49.52
LVA,Latvia,Europe,1979,Women,[65+],Divorced,6.61
LVA,Latvia,Europe,1979,Women,[65+],Married,37.14
LIE,Liechtenstein,Europe,2018,Men,[15-19],Divorced,0.0
LIE,Liechtenstein,Europe,1997,Men,[15-19],Divorced or Separated,0.0
LIE,Liechtenstein,Europe,2018,Men,[15-19],Married,0.0
LIE,Liechtenstein,Europe,2018,Men,[15-19],Separated,0.0
LIE,Liechtenstein,Europe,2018,Men,[20-24],Divorced,0.0
LIE,Liechtenstein,Europe,1997,Men,[20-24],Divorced or Separated,0.09
LIE,Liechtenstein,Europe,2018,Men,[20-24],Married,2.85
LIE,Liechtenstein,Europe,2018,Men,[20-24],Separated,0.0
LIE,Liechtenstein,Europe,2018,Men,[25-29],Divorced,1.11
LIE,Liechtenstein,Europe,1997,Men,[25-29],Divorced or Separated,2.09
LIE,Liechtenstein,Europe,2018,Men,[25-29],Married,17.6
LIE,Liechtenstein,Europe,2018,Men,[25-29],Separated,0.0
LIE,Liechtenstein,Europe,2018,Men,[30-34],Divorced,3.13
LIE,Liechtenstein,Europe,1997,Men,[30-34],Divorced or Separated,4.15
LIE,Liechtenstein,Europe,2018,Men,[30-34],Married,44.73
LIE,Liechtenstein,Europe,2018,Men,[30-34],Separated,0.09
LIE,Liechtenstein,Europe,2018,Men,[35-39],Divorced,4.66
LIE,Liechtenstein,Europe,1997,Men,[35-39],Divorced or Separated,8.36
LIE,Liechtenstein,Europe,2018,Men,[35-39],Married,58.93
LIE,Liechtenstein,Europe,2018,Men,[35-39],Separated,0.08
LIE,Liechtenstein,Europe,2018,Men,[40-44],Divorced,7.62
LIE,Liechtenstein,Europe,1997,Men,[40-44],Divorced or Separated,9.43
LIE,Liechtenstein,Europe,2018,Men,[40-44],Married,67.4
LIE,Liechtenstein,Europe,2018,Men,[40-44],Separated,0.08
LIE,Liechtenstein,Europe,2018,Men,[45-49],Divorced,10.29
LIE,Liechtenstein,Europe,1997,Men,[45-49],Divorced or Separated,10.03
LIE,Liechtenstein,Europe,2018,Men,[45-49],Married,67.01
LIE,Liechtenstein,Europe,2018,Men,[45-49],Separated,0.26
LIE,Liechtenstein,Europe,2018,Men,[50-54],Divorced,15.28
LIE,Liechtenstein,Europe,1997,Men,[50-54],Divorced or Separated,9.7
LIE,Liechtenstein,Europe,2018,Men,[50-54],Married,69.13
LIE,Liechtenstein,Europe,2018,Men,[50-54],Separated,0.32
LIE,Liechtenstein,Europe,2018,Men,[55-59],Divorced,16.28
LIE,Liechtenstein,Europe,1997,Men,[55-59],Divorced or Separated,9.96
LIE,Liechtenstein,Europe,2018,Men,[55-59],Married,70.95
LIE,Liechtenstein,Europe,2018,Men,[55-59],Separated,0.34
LIE,Liechtenstein,Europe,2018,Men,[60-64],Divorced,14.63
LIE,Liechtenstein,Europe,1997,Men,[60-64],Divorced or Separated,6.95
LIE,Liechtenstein,Europe,2018,Men,[60-64],Married,73.48
LIE,Liechtenstein,Europe,2018,Men,[60-64],Separated,0.57
LIE,Liechtenstein,Europe,2018,Women,[15-19],Divorced,0.0
LIE,Liechtenstein,Europe,1997,Women,[15-19],Divorced or Separated,0.0
LIE,Liechtenstein,Europe,2018,Women,[15-19],Married,0.0
LIE,Liechtenstein,Europe,2018,Women,[15-19],Separated,0.0
LIE,Liechtenstein,Europe,2018,Women,[20-24],Divorced,0.36
LIE,Liechtenstein,Europe,1997,Women,[20-24],Divorced or Separated,0.26
LIE,Liechtenstein,Europe,2018,Women,[20-24],Married,7.32
LIE,Liechtenstein,Europe,2018,Women,[20-24],Separated,0.0
LIE,Liechtenstein,Europe,2018,Women,[25-29],Divorced,1.44
LIE,Liechtenstein,Europe,1997,Women,[25-29],Divorced or Separated,3.34
LIE,Liechtenstein,Europe,2018,Women,[25-29],Married,28.97
LIE,Liechtenstein,Europe,2018,Women,[25-29],Separated,0.0
LIE,Liechtenstein,Europe,2018,Women,[30-34],Divorced,4.91
LIE,Liechtenstein,Europe,1997,Women,[30-34],Divorced or Separated,7.25
LIE,Liechtenstein,Europe,2018,Women,[30-34],Married,59.87
LIE,Liechtenstein,Europe,2018,Women,[30-34],Separated,0.0
LIE,Liechtenstein,Europe,2018,Women,[35-39],Divorced,7.67
LIE,Liechtenstein,Europe,1997,Women,[35-39],Divorced or Separated,9.86
LIE,Liechtenstein,Europe,2018,Women,[35-39],Married,65.74
LIE,Liechtenstein,Europe,2018,Women,[35-39],Separated,0.08
LIE,Liechtenstein,Europe,2018,Women,[40-44],Divorced,10.26
LIE,Liechtenstein,Europe,1997,Women,[40-44],Divorced or Separated,11.34
LIE,Liechtenstein,Europe,2018,Women,[40-44],Married,70.94
LIE,Liechtenstein,Europe,2018,Women,[40-44],Separated,0.3
LIE,Liechtenstein,Europe,2018,Women,[45-49],Divorced,14.7
LIE,Liechtenstein,Europe,1997,Women,[45-49],Divorced or Separated,11.5
LIE,Liechtenstein,Europe,2018,Women,[45-49],Married,67.47
LIE,Liechtenstein,Europe,2018,Women,[45-49],Separated,0.19
LIE,Liechtenstein,Europe,2018,Women,[50-54],Divorced,18.56
LIE,Liechtenstein,Europe,1997,Women,[50-54],Divorced or Separated,12.52
LIE,Liechtenstein,Europe,2018,Women,[50-54],Married,66.48
LIE,Liechtenstein,Europe,2018,Women,[50-54],Separated,0.18
LIE,Liechtenstein,Europe,2018,Women,[55-59],Divorced,19.85
LIE,Liechtenstein,Europe,1997,Women,[55-59],Divorced or Separated,9.44
LIE,Liechtenstein,Europe,2018,Women,[55-59],Married,64.01
LIE,Liechtenstein,Europe,2018,Women,[55-59],Separated,0.2
LIE,Liechtenstein,Europe,2018,Women,[60-64],Divorced,16.32
LIE,Liechtenstein,Europe,1997,Women,[60-64],Divorced or Separated,7.4
LIE,Liechtenstein,Europe,2018,Women,[60-64],Married,64.46
LIE,Liechtenstein,Europe,2018,Women,[60-64],Separated,0.48
LTU,Lithuania,Europe,2018,Men,[15-19],Divorced,0.0
LTU,Lithuania,Europe,1989,Men,[15-19],Divorced or Separated,0.04
LTU,Lithuania,Europe,2018,Men,[15-19],Married,0.11
LTU,Lithuania,Europe,2018,Men,[20-24],Divorced,0.18
LTU,Lithuania,Europe,1989,Men,[20-24],Divorced or Separated,0.84
LTU,Lithuania,Europe,2018,Men,[20-24],Married,2.29
LTU,Lithuania,Europe,2018,Men,[25-29],Divorced,0.59
LTU,Lithuania,Europe,1989,Men,[25-29],Divorced or Separated,3.05
LTU,Lithuania,Europe,2018,Men,[25-29],Married,7.79
LTU,Lithuania,Europe,2018,Men,[30-34],Divorced,1.78
LTU,Lithuania,Europe,1989,Men,[30-34],Divorced or Separated,5.23
LTU,Lithuania,Europe,2018,Men,[30-34],Married,24.91
LTU,Lithuania,Europe,2018,Men,[35-39],Divorced,4.89
LTU,Lithuania,Europe,1989,Men,[35-39],Divorced or Separated,7.25
LTU,Lithuania,Europe,2018,Men,[35-39],Married,54.32
LTU,Lithuania,Europe,2018,Men,[40-44],Divorced,9.1
LTU,Lithuania,Europe,1989,Men,[40-44],Divorced or Separated,8.21
LTU,Lithuania,Europe,2018,Men,[40-44],Married,64.03
LTU,Lithuania,Europe,2018,Men,[45-49],Divorced,13.68
LTU,Lithuania,Europe,1989,Men,[45-49],Divorced or Separated,8.07
LTU,Lithuania,Europe,2018,Men,[45-49],Married,68.42
LTU,Lithuania,Europe,2018,Men,[50-54],Divorced,15.23
LTU,Lithuania,Europe,1989,Men,[50-54],Divorced or Separated,6.9
LTU,Lithuania,Europe,2018,Men,[50-54],Married,72.48
LTU,Lithuania,Europe,2018,Men,[55-59],Divorced,14.77
LTU,Lithuania,Europe,1989,Men,[55-59],Divorced or Separated,5.43
LTU,Lithuania,Europe,2018,Men,[55-59],Married,75.53
LTU,Lithuania,Europe,2018,Men,[60-64],Divorced,13.2
LTU,Lithuania,Europe,1989,Men,[60-64],Divorced or Separated,4.26
LTU,Lithuania,Europe,2018,Men,[60-64],Married,77.45
LTU,Lithuania,Europe,2018,Women,[15-19],Divorced,0.04
LTU,Lithuania,Europe,1989,Women,[15-19],Divorced or Separated,0.13
LTU,Lithuania,Europe,2018,Women,[15-19],Married,0.56
LTU,Lithuania,Europe,2018,Women,[20-24],Divorced,0.42
LTU,Lithuania,Europe,1989,Women,[20-24],Divorced or Separated,2.16
LTU,Lithuania,Europe,2018,Women,[20-24],Married,4.64
LTU,Lithuania,Europe,2018,Women,[25-29],Divorced,0.87
LTU,Lithuania,Europe,1989,Women,[25-29],Divorced or Separated,5.46
LTU,Lithuania,Europe,2018,Women,[25-29],Married,12.99
LTU,Lithuania,Europe,2018,Women,[30-34],Divorced,3.23
LTU,Lithuania,Europe,1989,Women,[30-34],Divorced or Separated,8.3
LTU,Lithuania,Europe,2018,Women,[30-34],Married,42.15
LTU,Lithuania,Europe,2018,Women,[35-39],Divorced,8.12
LTU,Lithuania,Europe,1989,Women,[35-39],Divorced or Separated,10.87
LTU,Lithuania,Europe,2018,Women,[35-39],Married,65.75
LTU,Lithuania,Europe,2018,Women,[40-44],Divorced,14.39
LTU,Lithuania,Europe,1989,Women,[40-44],Divorced or Separated,11.98
LTU,Lithuania,Europe,2018,Women,[40-44],Married,67.79
LTU,Lithuania,Europe,2018,Women,[45-49],Divorced,18.94
LTU,Lithuania,Europe,1989,Women,[45-49],Divorced or Separated,11.7
LTU,Lithuania,Europe,2018,Women,[45-49],Married,67.01
LTU,Lithuania,Europe,2018,Women,[50-54],Divorced,20.04
LTU,Lithuania,Europe,1989,Women,[50-54],Divorced or Separated,10.36
LTU,Lithuania,Europe,2018,Women,[50-54],Married,66.43
LTU,Lithuania,Europe,2018,Women,[55-59],Divorced,19.55
LTU,Lithuania,Europe,1989,Women,[55-59],Divorced or Separated,8.1
LTU,Lithuania,Europe,2018,Women,[55-59],Married,64.95
LTU,Lithuania,Europe,2018,Women,[60-64],Divorced,19.23
LTU,Lithuania,Europe,1989,Women,[60-64],Divorced or Separated,6.58
LTU,Lithuania,Europe,2018,Women,[60-64],Married,61.53
LUX,Luxembourg,Europe,2018,Men,[15-19],Divorced,0.0
LUX,Luxembourg,Europe,2018,Men,[15-19],Married,0.07
LUX,Luxembourg,Europe,1987,Men,[15-19],Separated,0.0
LUX,Luxembourg,Europe,2018,Men,[20-24],Divorced,0.05
LUX,Luxembourg,Europe,2018,Men,[20-24],Married,2.06
LUX,Luxembourg,Europe,1987,Men,[20-24],Separated,0.58
LUX,Luxembourg,Europe,2018,Men,[25-29],Divorced,0.41
LUX,Luxembourg,Europe,2018,Men,[25-29],Married,12.52
LUX,Luxembourg,Europe,1987,Men,[25-29],Separated,1.97
LUX,Luxembourg,Europe,2018,Men,[30-34],Divorced,1.91
LUX,Luxembourg,Europe,2018,Men,[30-34],Married,33.39
LUX,Luxembourg,Europe,1987,Men,[30-34],Separated,2.75
LUX,Luxembourg,Europe,2018,Men,[35-39],Divorced,4.61
LUX,Luxembourg,Europe,2018,Men,[35-39],Married,50.87
LUX,Luxembourg,Europe,1987,Men,[35-39],Separated,2.8
LUX,Luxembourg,Europe,2018,Men,[40-44],Divorced,8.46
LUX,Luxembourg,Europe,2018,Men,[40-44],Married,60.92
LUX,Luxembourg,Europe,1987,Men,[40-44],Separated,2.53
LUX,Luxembourg,Europe,2018,Men,[45-49],Divorced,11.82
LUX,Luxembourg,Europe,2018,Men,[45-49],Married,64.8
LUX,Luxembourg,Europe,1987,Men,[45-49],Separated,1.98
LUX,Luxembourg,Europe,2018,Men,[50-54],Divorced,13.79
LUX,Luxembourg,Europe,2018,Men,[50-54],Married,67.61
LUX,Luxembourg,Europe,1987,Men,[50-54],Separated,1.53
LUX,Luxembourg,Europe,2018,Men,[55-59],Divorced,14.43
LUX,Luxembourg,Europe,2018,Men,[55-59],Married,71.06
LUX,Luxembourg,Europe,1987,Men,[55-59],Separated,1.19
LUX,Luxembourg,Europe,2018,Men,[60-64],Divorced,13.59
LUX,Luxembourg,Europe,2018,Men,[60-64],Married,73.62
LUX,Luxembourg,Europe,1987,Men,[60-64],Separated,0.81
LUX,Luxembourg,Europe,1979,Men,[65+],Divorced,0.98
LUX,Luxembourg,Europe,1979,Men,[65+],Married,68.31
LUX,Luxembourg,Europe,1979,Men,[65+],Separated,0.98
LUX,Luxembourg,Europe,2018,Women,[15-19],Divorced,0.0
LUX,Luxembourg,Europe,2018,Women,[15-19],Married,0.39
LUX,Luxembourg,Europe,1987,Women,[15-19],Separated,0.03
LUX,Luxembourg,Europe,2018,Women,[20-24],Divorced,0.17
LUX,Luxembourg,Europe,2018,Women,[20-24],Married,5.3
LUX,Luxembourg,Europe,1987,Women,[20-24],Separated,1.28
LUX,Luxembourg,Europe,2018,Women,[25-29],Divorced,1.0
LUX,Luxembourg,Europe,2018,Women,[25-29],Married,21.56
LUX,Luxembourg,Europe,1987,Women,[25-29],Separated,2.79
LUX,Luxembourg,Europe,2018,Women,[30-34],Divorced,3.35
LUX,Luxembourg,Europe,2018,Women,[30-34],Married,43.64
LUX,Luxembourg,Europe,1987,Women,[30-34],Separated,2.82
LUX,Luxembourg,Europe,2018,Women,[35-39],Divorced,7.19
LUX,Luxembourg,Europe,2018,Women,[35-39],Married,57.81
LUX,Luxembourg,Europe,1987,Women,[35-39],Separated,2.53
LUX,Luxembourg,Europe,2018,Women,[40-44],Divorced,11.51
LUX,Luxembourg,Europe,2018,Women,[40-44],Married,63.91
LUX,Luxembourg,Europe,1987,Women,[40-44],Separated,2.28
LUX,Luxembourg,Europe,2018,Women,[45-49],Divorced,15.52
LUX,Luxembourg,Europe,2018,Women,[45-49],Married,65.49
LUX,Luxembourg,Europe,1987,Women,[45-49],Separated,1.82
LUX,Luxembourg,Europe,2018,Women,[50-54],Divorced,18.14
LUX,Luxembourg,Europe,2018,Women,[50-54],Married,65.77
LUX,Luxembourg,Europe,1987,Women,[50-54],Separated,1.41
LUX,Luxembourg,Europe,2018,Women,[55-59],Divorced,17.5
LUX,Luxembourg,Europe,2018,Women,[55-59],Married,66.74
LUX,Luxembourg,Europe,1987,Women,[55-59],Separated,0.72
LUX,Luxembourg,Europe,2018,Women,[60-64],Divorced,16.15
LUX,Luxembourg,Europe,2018,Women,[60-64],Married,66.28
LUX,Luxembourg,Europe,1987,Women,[60-64],Separated,0.49
LUX,Luxembourg,Europe,1979,Women,[65+],Divorced,1.24
LUX,Luxembourg,Europe,1979,Women,[65+],Married,31.83
LUX,Luxembourg,Europe,1979,Women,[65+],Separated,0.54
MLT,Malta,Europe,2011,Men,[15-19],Divorced,0.0
MLT,Malta,Europe,1985,Men,[15-19],Divorced or Separated,0.0
MLT,Malta,Europe,2011,Men,[15-19],Married,0.01
MLT,Malta,Europe,2011,Men,[15-19],Separated,0.01
MLT,Malta,Europe,2011,Men,[20-24],Divorced,0.0
MLT,Malta,Europe,1985,Men,[20-24],Divorced or Separated,0.14
MLT,Malta,Europe,2011,Men,[20-24],Married,2.29
MLT,Malta,Europe,2011,Men,[20-24],Separated,0.17
MLT,Malta,Europe,2011,Men,[25-29],Divorced,0.03
MLT,Malta,Europe,1985,Men,[25-29],Divorced or Separated,0.45
MLT,Malta,Europe,2011,Men,[25-29],Married,23.04
MLT,Malta,Europe,2011,Men,[25-29],Separated,0.41
MLT,Malta,Europe,2011,Men,[30-34],Divorced,0.1
MLT,Malta,Europe,1985,Men,[30-34],Divorced or Separated,0.77
MLT,Malta,Europe,2011,Men,[30-34],Married,55.63
MLT,Malta,Europe,2011,Men,[30-34],Separated,2.67
MLT,Malta,Europe,2011,Men,[35-39],Divorced,0.28
MLT,Malta,Europe,1985,Men,[35-39],Divorced or Separated,1.04
MLT,Malta,Europe,2011,Men,[35-39],Married,72.42
MLT,Malta,Europe,2011,Men,[35-39],Separated,3.86
MLT,Malta,Europe,2011,Men,[40-44],Divorced,0.3
MLT,Malta,Europe,1985,Men,[40-44],Divorced or Separated,1.46
MLT,Malta,Europe,2011,Men,[40-44],Married,78.9
MLT,Malta,Europe,2011,Men,[40-44],Separated,6.5
MLT,Malta,Europe,2011,Men,[45-49],Divorced,0.53
MLT,Malta,Europe,1985,Men,[45-49],Divorced or Separated,1.79
MLT,Malta,Europe,2011,Men,[45-49],Married,80.62
MLT,Malta,Europe,2011,Men,[45-49],Separated,4.08
MLT,Malta,Europe,2011,Men,[50-54],Divorced,0.54
MLT,Malta,Europe,1985,Men,[50-54],Divorced or Separated,1.81
MLT,Malta,Europe,2011,Men,[50-54],Married,82.8
MLT,Malta,Europe,2011,Men,[50-54],Separated,4.54
MLT,Malta,Europe,2011,Men,[55-59],Divorced,0.56
MLT,Malta,Europe,1985,Men,[55-59],Divorced or Separated,1.53
MLT,Malta,Europe,2011,Men,[55-59],Married,84.48
MLT,Malta,Europe,2011,Men,[55-59],Separated,3.25
MLT,Malta,Europe,2011,Men,[60-64],Divorced,0.78
MLT,Malta,Europe,1985,Men,[60-64],Divorced or Separated,1.39
MLT,Malta,Europe,2011,Men,[60-64],Married,84.92
MLT,Malta,Europe,2011,Men,[60-64],Separated,2.27
MLT,Malta,Europe,2011,Women,[15-19],Divorced,0.0
MLT,Malta,Europe,1985,Women,[15-19],Divorced or Separated,0.04
MLT,Malta,Europe,2011,Women,[15-19],Married,0.21
MLT,Malta,Europe,2011,Women,[15-19],Separated,0.02
MLT,Malta,Europe,2011,Women,[20-24],Divorced,0.01
MLT,Malta,Europe,1985,Women,[20-24],Divorced or Separated,0.43
MLT,Malta,Europe,2011,Women,[20-24],Married,7.29
MLT,Malta,Europe,2011,Women,[20-24],Separated,0.84
MLT,Malta,Europe,2011,Women,[25-29],Divorced,0.08
MLT,Malta,Europe,1985,Women,[25-29],Divorced or Separated,1.04
MLT,Malta,Europe,2011,Women,[25-29],Married,42.14
MLT,Malta,Europe,2011,Women,[25-29],Separated,1.45
MLT,Malta,Europe,2011,Women,[30-34],Divorced,0.16
MLT,Malta,Europe,1985,Women,[30-34],Divorced or Separated,1.55
MLT,Malta,Europe,2011,Women,[30-34],Married,70.48
MLT,Malta,Europe,2011,Women,[30-34],Separated,4.2
MLT,Malta,Europe,2011,Women,[35-39],Divorced,0.37
MLT,Malta,Europe,1985,Women,[35-39],Divorced or Separated,1.6
MLT,Malta,Europe,2011,Women,[35-39],Married,81.87
MLT,Malta,Europe,2011,Women,[35-39],Separated,5.5
MLT,Malta,Europe,2011,Women,[40-44],Divorced,0.65
MLT,Malta,Europe,1985,Women,[40-44],Divorced or Separated,2.04
MLT,Malta,Europe,2011,Women,[40-44],Married,83.95
MLT,Malta,Europe,2011,Women,[40-44],Separated,7.46
MLT,Malta,Europe,2011,Women,[45-49],Divorced,0.61
MLT,Malta,Europe,1985,Women,[45-49],Divorced or Separated,1.84
MLT,Malta,Europe,2011,Women,[45-49],Married,86.48
MLT,Malta,Europe,2011,Women,[45-49],Separated,7.11
MLT,Malta,Europe,2011,Women,[50-54],Divorced,0.73
MLT,Malta,Europe,1985,Women,[50-54],Divorced or Separated,1.8
MLT,Malta,Europe,2011,Women,[50-54],Married,85.71
MLT,Malta,Europe,2011,Women,[50-54],Separated,4.61
MLT,Malta,Europe,2011,Women,[55-59],Divorced,0.76
MLT,Malta,Europe,1985,Women,[55-59],Divorced or Separated,1.66
MLT,Malta,Europe,2011,Women,[55-59],Married,83.06
MLT,Malta,Europe,2011,Women,[55-59],Separated,3.26
MLT,Malta,Europe,2011,Women,[60-64],Divorced,0.69
MLT,Malta,Europe,1985,Women,[60-64],Divorced or Separated,1.32
MLT,Malta,Europe,2011,Women,[60-64],Married,76.45
MLT,Malta,Europe,2011,Women,[60-64],Separated,1.57
MCO,Monaco,Europe,2008,Men,[15-19],Divorced,0.0
MCO,Monaco,Europe,2008,Men,[15-19],Married,0.55
MCO,Monaco,Europe,2008,Men,[20-24],Divorced,0.62
MCO,Monaco,Europe,2008,Men,[20-24],Married,4.04
MCO,Monaco,Europe,2008,Men,[25-29],Divorced,1.27
MCO,Monaco,Europe,2008,Men,[25-29],Married,15.42
MCO,Monaco,Europe,2008,Men,[30-34],Divorced,1.87
MCO,Monaco,Europe,2008,Men,[30-34],Married,37.87
MCO,Monaco,Europe,2008,Men,[35-39],Divorced,6.81
MCO,Monaco,Europe,2008,Men,[35-39],Married,54.05
MCO,Monaco,Europe,2008,Men,[40-44],Divorced,10.8
MCO,Monaco,Europe,2008,Men,[40-44],Married,61.11
MCO,Monaco,Europe,2008,Men,[45-49],Divorced,14.03
MCO,Monaco,Europe,2008,Men,[45-49],Married,66.89
MCO,Monaco,Europe,2008,Men,[50-54],Divorced,15.87
MCO,Monaco,Europe,2008,Men,[50-54],Married,68.26
MCO,Monaco,Europe,2008,Men,[55-59],Divorced,15.46
MCO,Monaco,Europe,2008,Men,[55-59],Married,71.22
MCO,Monaco,Europe,2008,Men,[60-64],Divorced,16.18
MCO,Monaco,Europe,2008,Men,[60-64],Married,73.3
MCO,Monaco,Europe,2008,Women,[15-19],Divorced,0.3
MCO,Monaco,Europe,2008,Women,[15-19],Married,0.45
MCO,Monaco,Europe,2008,Women,[20-24],Divorced,1.0
MCO,Monaco,Europe,2008,Women,[20-24],Married,5.66
MCO,Monaco,Europe,2008,Women,[25-29],Divorced,2.25
MCO,Monaco,Europe,2008,Women,[25-29],Married,27.89
MCO,Monaco,Europe,2008,Women,[30-34],Divorced,5.22
MCO,Monaco,Europe,2008,Women,[30-34],Married,52.61
MCO,Monaco,Europe,2008,Women,[35-39],Divorced,10.37
MCO,Monaco,Europe,2008,Women,[35-39],Married,63.81
MCO,Monaco,Europe,2008,Women,[40-44],Divorced,13.66
MCO,Monaco,Europe,2008,Women,[40-44],Married,63.7
MCO,Monaco,Europe,2008,Women,[45-49],Divorced,17.35
MCO,Monaco,Europe,2008,Women,[45-49],Married,65.29
MCO,Monaco,Europe,2008,Women,[50-54],Divorced,18.26
MCO,Monaco,Europe,2008,Women,[50-54],Married,65.87
MCO,Monaco,Europe,2008,Women,[55-59],Divorced,16.97
MCO,Monaco,Europe,2008,Women,[55-59],Married,67.52
MCO,Monaco,Europe,2008,Women,[60-64],Divorced,15.21
MCO,Monaco,Europe,2008,Women,[60-64],Married,65.5
MNE,Montenegro,Europe,2013,Men,[15-19],Divorced,0.0
MNE,Montenegro,Europe,2013,Men,[15-19],Living together,0.35
MNE,Montenegro,Europe,2013,Men,[15-19],Married,0.0
MNE,Montenegro,Europe,2013,Men,[15-19],Separated,0.0
MNE,Montenegro,Europe,2013,Men,[20-24],Divorced,0.0
MNE,Montenegro,Europe,2013,Men,[20-24],Living together,0.4
MNE,Montenegro,Europe,2013,Men,[20-24],Married,5.1
MNE,Montenegro,Europe,2013,Men,[20-24],Separated,0.0
MNE,Montenegro,Europe,2013,Men,[25-29],Divorced,0.49
MNE,Montenegro,Europe,2013,Men,[25-29],Living together,3.8
MNE,Montenegro,Europe,2013,Men,[25-29],Married,35.2
MNE,Montenegro,Europe,2013,Men,[25-29],Separated,0.0
MNE,Montenegro,Europe,2013,Men,[30-34],Divorced,1.15
MNE,Montenegro,Europe,2013,Men,[30-34],Living together,4.57
MNE,Montenegro,Europe,2013,Men,[30-34],Married,52.58
MNE,Montenegro,Europe,2013,Men,[30-34],Separated,1.05
MNE,Montenegro,Europe,2013,Men,[35-39],Divorced,3.98
MNE,Montenegro,Europe,2013,Men,[35-39],Living together,4.02
MNE,Montenegro,Europe,2013,Men,[35-39],Married,68.89
MNE,Montenegro,Europe,2013,Men,[35-39],Separated,1.06
MNE,Montenegro,Europe,2013,Men,[40-44],Divorced,1.45
MNE,Montenegro,Europe,2013,Men,[40-44],Living together,3.16
MNE,Montenegro,Europe,2013,Men,[40-44],Married,81.3
MNE,Montenegro,Europe,2013,Men,[40-44],Separated,1.05
MNE,Montenegro,Europe,2013,Men,[45-49],Divorced,2.33
MNE,Montenegro,Europe,2013,Men,[45-49],Living together,3.47
MNE,Montenegro,Europe,2013,Men,[45-49],Married,81.52
MNE,Montenegro,Europe,2013,Men,[45-49],Separated,0.51
MNE,Montenegro,Europe,2011,Men,[50-54],Divorced,4.41
MNE,Montenegro,Europe,2011,Men,[50-54],Married,80.28
MNE,Montenegro,Europe,2011,Men,[55-59],Divorced,3.96
MNE,Montenegro,Europe,2011,Men,[55-59],Married,83.03
MNE,Montenegro,Europe,2011,Men,[60-64],Divorced,3.6
MNE,Montenegro,Europe,2011,Men,[60-64],Married,83.62
MNE,Montenegro,Europe,2013,Women,[15-19],Divorced,0.0
MNE,Montenegro,Europe,2013,Women,[15-19],Living together,0.36
MNE,Montenegro,Europe,2013,Women,[15-19],Married,1.73
MNE,Montenegro,Europe,2013,Women,[15-19],Separated,0.35
MNE,Montenegro,Europe,2013,Women,[20-24],Divorced,0.7
MNE,Montenegro,Europe,2013,Women,[20-24],Living together,2.93
MNE,Montenegro,Europe,2013,Women,[20-24],Married,18.25
MNE,Montenegro,Europe,2013,Women,[20-24],Separated,0.73
MNE,Montenegro,Europe,2013,Women,[25-29],Divorced,4.31
MNE,Montenegro,Europe,2013,Women,[25-29],Living together,4.82
MNE,Montenegro,Europe,2013,Women,[25-29],Married,52.42
MNE,Montenegro,Europe,2013,Women,[25-29],Separated,0.32
MNE,Montenegro,Europe,2013,Women,[30-34],Divorced,3.11
MNE,Montenegro,Europe,2013,Women,[30-34],Living together,5.07
MNE,Montenegro,Europe,2013,Women,[30-34],Married,70.8
MNE,Montenegro,Europe,2013,Women,[30-34],Separated,1.44
MNE,Montenegro,Europe,2013,Women,[35-39],Divorced,5.35
MNE,Montenegro,Europe,2013,Women,[35-39],Living together,6.45
MNE,Montenegro,Europe,2013,Women,[35-39],Married,75.25
MNE,Montenegro,Europe,2013,Women,[35-39],Separated,1.43
MNE,Montenegro,Europe,2013,Women,[40-44],Divorced,8.03
MNE,Montenegro,Europe,2013,Women,[40-44],Living together,2.13
MNE,Montenegro,Europe,2013,Women,[40-44],Married,82.18
MNE,Montenegro,Europe,2013,Women,[40-44],Separated,0.54
MNE,Montenegro,Europe,2013,Women,[45-49],Divorced,4.9
MNE,Montenegro,Europe,2013,Women,[45-49],Living together,1.71
MNE,Montenegro,Europe,2013,Women,[45-49],Married,81.08
MNE,Montenegro,Europe,2013,Women,[45-49],Separated,0.38
MNE,Montenegro,Europe,2011,Women,[50-54],Divorced,6.13
MNE,Montenegro,Europe,2011,Women,[50-54],Married,74.05
MNE,Montenegro,Europe,2011,Women,[55-59],Divorced,5.41
MNE,Montenegro,Europe,2011,Women,[55-59],Married,68.9
MNE,Montenegro,Europe,2011,Women,[60-64],Divorced,4.6
MNE,Montenegro,Europe,2011,Women,[60-64],Married,61.28
NLD,Netherlands,Europe,2018,Men,[15-19],Divorced,0.0
NLD,Netherlands,Europe,2018,Men,[15-19],Married,0.01
NLD,Netherlands,Europe,2018,Men,[20-24],Divorced,0.05
NLD,Netherlands,Europe,2018,Men,[20-24],Married,1.31
NLD,Netherlands,Europe,2018,Men,[25-29],Divorced,0.6
NLD,Netherlands,Europe,2018,Men,[25-29],Married,10.54
NLD,Netherlands,Europe,2018,Men,[30-34],Divorced,2.44
NLD,Netherlands,Europe,2018,Men,[30-34],Married,28.1
NLD,Netherlands,Europe,2018,Men,[35-39],Divorced,5.11
NLD,Netherlands,Europe,2018,Men,[35-39],Married,41.19
NLD,Netherlands,Europe,2018,Men,[40-44],Divorced,8.4
NLD,Netherlands,Europe,2018,Men,[40-44],Married,48.87
NLD,Netherlands,Europe,2018,Men,[45-49],Divorced,12.22
NLD,Netherlands,Europe,2018,Men,[45-49],Married,54.38
NLD,Netherlands,Europe,2018,Men,[50-54],Divorced,14.95
NLD,Netherlands,Europe,2018,Men,[50-54],Married,59.64
NLD,Netherlands,Europe,2018,Men,[55-59],Divorced,15.49
NLD,Netherlands,Europe,2018,Men,[55-59],Married,64.11
NLD,Netherlands,Europe,2018,Men,[60-64],Divorced,14.14
NLD,Netherlands,Europe,2018,Men,[60-64],Married,68.96
NLD,Netherlands,Europe,2018,Women,[15-19],Divorced,0.0
NLD,Netherlands,Europe,2018,Women,[15-19],Married,0.12
NLD,Netherlands,Europe,2018,Women,[20-24],Divorced,0.2
NLD,Netherlands,Europe,2018,Women,[20-24],Married,4.18
NLD,Netherlands,Europe,2018,Women,[25-29],Divorced,1.54
NLD,Netherlands,Europe,2018,Women,[25-29],Married,18.91
NLD,Netherlands,Europe,2018,Women,[30-34],Divorced,4.44
NLD,Netherlands,Europe,2018,Women,[30-34],Married,37.64
NLD,Netherlands,Europe,2018,Women,[35-39],Divorced,7.97
NLD,Netherlands,Europe,2018,Women,[35-39],Married,48.5
NLD,Netherlands,Europe,2018,Women,[40-44],Divorced,12.24
NLD,Netherlands,Europe,2018,Women,[40-44],Married,54.07
NLD,Netherlands,Europe,2018,Women,[45-49],Divorced,16.48
NLD,Netherlands,Europe,2018,Women,[45-49],Married,57.52
NLD,Netherlands,Europe,2018,Women,[50-54],Divorced,18.51
NLD,Netherlands,Europe,2018,Women,[50-54],Married,61.24
NLD,Netherlands,Europe,2018,Women,[55-59],Divorced,17.8
NLD,Netherlands,Europe,2018,Women,[55-59],Married,64.29
NLD,Netherlands,Europe,2018,Women,[60-64],Divorced,16.29
NLD,Netherlands,Europe,2018,Women,[60-64],Married,66.34
NOR,Norway,Europe,2018,Men,[15-19],Divorced,0.0
NOR,Norway,Europe,2018,Men,[15-19],Married,0.01
NOR,Norway,Europe,2018,Men,[15-19],Separated,0.0
NOR,Norway,Europe,2018,Men,[20-24],Divorced,0.02
NOR,Norway,Europe,1980,Men,[20-24],Divorced or Separated,0.47
NOR,Norway,Europe,2018,Men,[20-24],Married,1.27
NOR,Norway,Europe,2018,Men,[20-24],Separated,0.04
NOR,Norway,Europe,2018,Men,[25-29],Divorced,0.36
NOR,Norway,Europe,1980,Men,[25-29],Divorced or Separated,2.96
NOR,Norway,Europe,2018,Men,[25-29],Married,10.88
NOR,Norway,Europe,2018,Men,[25-29],Separated,0.4
NOR,Norway,Europe,2018,Men,[30-34],Divorced,1.76
NOR,Norway,Europe,2018,Men,[30-34],Married,30.16
NOR,Norway,Europe,2018,Men,[30-34],Separated,1.04
NOR,Norway,Europe,2018,Men,[35-39],Divorced,4.13
NOR,Norway,Europe,2018,Men,[35-39],Married,43.41
NOR,Norway,Europe,2018,Men,[35-39],Separated,1.6
NOR,Norway,Europe,2018,Men,[40-44],Divorced,7.36
NOR,Norway,Europe,2018,Men,[40-44],Married,50.14
NOR,Norway,Europe,2018,Men,[40-44],Separated,2.23
NOR,Norway,Europe,2018,Men,[45-49],Divorced,11.13
NOR,Norway,Europe,2018,Men,[45-49],Married,52.56
NOR,Norway,Europe,2018,Men,[45-49],Separated,2.6
NOR,Norway,Europe,2018,Men,[50-54],Divorced,14.58
NOR,Norway,Europe,2018,Men,[50-54],Married,54.68
NOR,Norway,Europe,2018,Men,[50-54],Separated,2.6
NOR,Norway,Europe,2018,Men,[55-59],Divorced,16.84
NOR,Norway,Europe,2018,Men,[55-59],Married,58.19
NOR,Norway,Europe,2018,Men,[55-59],Separated,2.33
NOR,Norway,Europe,2018,Men,[60-64],Divorced,17.52
NOR,Norway,Europe,2018,Men,[60-64],Married,63.24
NOR,Norway,Europe,2018,Men,[60-64],Separated,1.88
NOR,Norway,Europe,2018,Women,[15-19],Divorced,0.0
NOR,Norway,Europe,2018,Women,[15-19],Married,0.08
NOR,Norway,Europe,2018,Women,[15-19],Separated,0.0
NOR,Norway,Europe,2018,Women,[20-24],Divorced,0.09
NOR,Norway,Europe,1980,Women,[20-24],Divorced or Separated,1.54
NOR,Norway,Europe,2018,Women,[20-24],Married,3.67
NOR,Norway,Europe,2018,Women,[20-24],Separated,0.15
NOR,Norway,Europe,2018,Women,[25-29],Divorced,1.04
NOR,Norway,Europe,1980,Women,[25-29],Divorced or Separated,4.85
NOR,Norway,Europe,2018,Women,[25-29],Married,19.38
NOR,Norway,Europe,2018,Women,[25-29],Separated,0.8
NOR,Norway,Europe,2018,Women,[30-34],Divorced,3.56
NOR,Norway,Europe,2018,Women,[30-34],Married,40.08
NOR,Norway,Europe,2018,Women,[30-34],Separated,1.72
NOR,Norway,Europe,2018,Women,[35-39],Divorced,7.12
NOR,Norway,Europe,2018,Women,[35-39],Married,49.54
NOR,Norway,Europe,2018,Women,[35-39],Separated,2.4
NOR,Norway,Europe,2018,Women,[40-44],Divorced,11.02
NOR,Norway,Europe,2018,Women,[40-44],Married,52.87
NOR,Norway,Europe,2018,Women,[40-44],Separated,2.84
NOR,Norway,Europe,2018,Women,[45-49],Divorced,15.49
NOR,Norway,Europe,2018,Women,[45-49],Married,53.21
NOR,Norway,Europe,2018,Women,[45-49],Separated,2.83
NOR,Norway,Europe,2018,Women,[50-54],Divorced,19.2
NOR,Norway,Europe,2018,Women,[50-54],Married,54.3
NOR,Norway,Europe,2018,Women,[50-54],Separated,2.51
NOR,Norway,Europe,2018,Women,[55-59],Divorced,21.04
NOR,Norway,Europe,2018,Women,[55-59],Married,57.19
NOR,Norway,Europe,2018,Women,[55-59],Separated,2.02
NOR,Norway,Europe,2018,Women,[60-64],Divorced,21.42
NOR,Norway,Europe,2018,Women,[60-64],Married,60.16
NOR,Norway,Europe,2018,Women,[60-64],Separated,1.45
POL,Poland,Europe,2011,Men,[15-19],Divorced,0.0
POL,Poland,Europe,1988,Men,[15-19],Divorced or Separated,0.0
POL,Poland,Europe,2011,Men,[15-19],Married,0.07
POL,Poland,Europe,2011,Men,[15-19],Separated,0.0
POL,Poland,Europe,2011,Men,[20-24],Divorced,0.0
POL,Poland,Europe,1988,Men,[20-24],Divorced or Separated,0.16
POL,Poland,Europe,2011,Men,[20-24],Married,7.97
POL,Poland,Europe,2011,Men,[20-24],Separated,0.06
POL,Poland,Europe,2011,Men,[25-29],Divorced,0.48
POL,Poland,Europe,1988,Men,[25-29],Divorced or Separated,0.99
POL,Poland,Europe,2011,Men,[25-29],Married,42.17
POL,Poland,Europe,2011,Men,[25-29],Separated,0.25
POL,Poland,Europe,2011,Men,[30-34],Divorced,1.99
POL,Poland,Europe,1988,Men,[30-34],Divorced or Separated,2.2
POL,Poland,Europe,2011,Men,[30-34],Married,64.36
POL,Poland,Europe,2011,Men,[30-34],Separated,0.42
POL,Poland,Europe,2011,Men,[35-39],Divorced,3.77
POL,Poland,Europe,1988,Men,[35-39],Divorced or Separated,3.24
POL,Poland,Europe,2011,Men,[35-39],Married,76.63
POL,Poland,Europe,2011,Men,[35-39],Separated,0.58
POL,Poland,Europe,2011,Men,[40-44],Divorced,4.64
POL,Poland,Europe,1988,Men,[40-44],Divorced or Separated,4.03
POL,Poland,Europe,2011,Men,[40-44],Married,76.89
POL,Poland,Europe,2011,Men,[40-44],Separated,0.7
POL,Poland,Europe,2011,Men,[45-49],Divorced,5.33
POL,Poland,Europe,1988,Men,[45-49],Divorced or Separated,4.07
POL,Poland,Europe,2011,Men,[45-49],Married,72.91
POL,Poland,Europe,2011,Men,[45-49],Separated,0.81
POL,Poland,Europe,2011,Men,[50-54],Divorced,6.12
POL,Poland,Europe,1988,Men,[50-54],Divorced or Separated,3.82
POL,Poland,Europe,2011,Men,[50-54],Married,76.83
POL,Poland,Europe,2011,Men,[50-54],Separated,0.84
POL,Poland,Europe,2011,Men,[55-59],Divorced,5.99
POL,Poland,Europe,1988,Men,[55-59],Divorced or Separated,3.4
POL,Poland,Europe,2011,Men,[55-59],Married,78.91
POL,Poland,Europe,2011,Men,[55-59],Separated,0.82
POL,Poland,Europe,2011,Men,[60-64],Divorced,5.04
POL,Poland,Europe,1988,Men,[60-64],Divorced or Separated,2.78
POL,Poland,Europe,2011,Men,[60-64],Married,81.17
POL,Poland,Europe,2011,Men,[60-64],Separated,0.74
POL,Poland,Europe,2011,Women,[15-19],Divorced,0.01
POL,Poland,Europe,1988,Women,[15-19],Divorced or Separated,0.02
POL,Poland,Europe,2011,Women,[15-19],Married,0.78
POL,Poland,Europe,2011,Women,[15-19],Separated,0.01
POL,Poland,Europe,2011,Women,[20-24],Divorced,0.25
POL,Poland,Europe,1988,Women,[20-24],Divorced or Separated,0.65
POL,Poland,Europe,2011,Women,[20-24],Married,22.38
POL,Poland,Europe,2011,Women,[20-24],Separated,0.17
POL,Poland,Europe,2011,Women,[25-29],Divorced,1.31
POL,Poland,Europe,1988,Women,[25-29],Divorced or Separated,2.21
POL,Poland,Europe,2011,Women,[25-29],Married,57.73
POL,Poland,Europe,2011,Women,[25-29],Separated,0.47
POL,Poland,Europe,2011,Women,[30-34],Divorced,4.02
POL,Poland,Europe,1988,Women,[30-34],Divorced or Separated,3.91
POL,Poland,Europe,2011,Women,[30-34],Married,73.51
POL,Poland,Europe,2011,Women,[30-34],Separated,0.7
POL,Poland,Europe,2011,Women,[35-39],Divorced,7.79
POL,Poland,Europe,1988,Women,[35-39],Divorced or Separated,5.27
POL,Poland,Europe,2011,Women,[35-39],Married,74.91
POL,Poland,Europe,2011,Women,[35-39],Separated,0.88
POL,Poland,Europe,2011,Women,[40-44],Divorced,8.02
POL,Poland,Europe,1988,Women,[40-44],Divorced or Separated,6.06
POL,Poland,Europe,2011,Women,[40-44],Married,72.05
POL,Poland,Europe,2011,Women,[40-44],Separated,0.98
POL,Poland,Europe,2011,Women,[45-49],Divorced,8.57
POL,Poland,Europe,1988,Women,[45-49],Divorced or Separated,5.87
POL,Poland,Europe,2011,Women,[45-49],Married,72.83
POL,Poland,Europe,2011,Women,[45-49],Separated,1.06
POL,Poland,Europe,2011,Women,[50-54],Divorced,8.58
POL,Poland,Europe,1988,Women,[50-54],Divorced or Separated,5.52
POL,Poland,Europe,2011,Women,[50-54],Married,73.89
POL,Poland,Europe,2011,Women,[50-54],Separated,1.1
POL,Poland,Europe,2011,Women,[55-59],Divorced,8.19
POL,Poland,Europe,1988,Women,[55-59],Divorced or Separated,4.7
POL,Poland,Europe,2011,Women,[55-59],Married,69.49
POL,Poland,Europe,2011,Women,[55-59],Separated,0.96
POL,Poland,Europe,2011,Women,[60-64],Divorced,7.09
POL,Poland,Europe,1988,Women,[60-64],Divorced or Separated,3.59
POL,Poland,Europe,2011,Women,[60-64],Married,62.73
POL,Poland,Europe,2011,Women,[60-64],Separated,0.79
PRT,Portugal,Europe,2011,Men,[15-19],Divorced,0.01
PRT,Portugal,Europe,1972,Men,[15-19],Divorced or Separated,0.0
PRT,Portugal,Europe,2011,Men,[15-19],Married,0.19
PRT,Portugal,Europe,2001,Men,[15-19],Separated,0.01
PRT,Portugal,Europe,2011,Men,[20-24],Divorced,0.19
PRT,Portugal,Europe,1972,Men,[20-24],Divorced or Separated,0.07
PRT,Portugal,Europe,2011,Men,[20-24],Married,3.67
PRT,Portugal,Europe,2001,Men,[20-24],Separated,0.19
PRT,Portugal,Europe,2011,Men,[25-29],Divorced,1.29
PRT,Portugal,Europe,1972,Men,[25-29],Divorced or Separated,0.2
PRT,Portugal,Europe,2011,Men,[25-29],Married,20.25
PRT,Portugal,Europe,2001,Men,[25-29],Separated,0.6
PRT,Portugal,Europe,2011,Men,[30-34],Divorced,4.54
PRT,Portugal,Europe,1972,Men,[30-34],Divorced or Separated,0.39
PRT,Portugal,Europe,2011,Men,[30-34],Married,45.71
PRT,Portugal,Europe,2001,Men,[30-34],Separated,0.94
PRT,Portugal,Europe,2011,Men,[35-39],Divorced,7.92
PRT,Portugal,Europe,1972,Men,[35-39],Divorced or Separated,0.4
PRT,Portugal,Europe,2011,Men,[35-39],Married,60.71
PRT,Portugal,Europe,2001,Men,[35-39],Separated,1.02
PRT,Portugal,Europe,2011,Men,[40-44],Divorced,9.75
PRT,Portugal,Europe,1972,Men,[40-44],Divorced or Separated,0.66
PRT,Portugal,Europe,2011,Men,[40-44],Married,68.02
PRT,Portugal,Europe,2001,Men,[40-44],Separated,1.09
PRT,Portugal,Europe,2011,Men,[45-49],Divorced,10.47
PRT,Portugal,Europe,1972,Men,[45-49],Divorced or Separated,0.7
PRT,Portugal,Europe,2011,Men,[45-49],Married,72.47
PRT,Portugal,Europe,2001,Men,[45-49],Separated,1.02
PRT,Portugal,Europe,2011,Men,[50-54],Divorced,10.39
PRT,Portugal,Europe,1972,Men,[50-54],Divorced or Separated,0.7
PRT,Portugal,Europe,2011,Men,[50-54],Married,76.52
PRT,Portugal,Europe,2001,Men,[50-54],Separated,0.94
PRT,Portugal,Europe,2011,Men,[55-59],Divorced,9.27
PRT,Portugal,Europe,1972,Men,[55-59],Divorced or Separated,0.8
PRT,Portugal,Europe,2011,Men,[55-59],Married,80.37
PRT,Portugal,Europe,2001,Men,[55-59],Separated,0.78
PRT,Portugal,Europe,2011,Men,[60-64],Divorced,7.38
PRT,Portugal,Europe,1972,Men,[60-64],Divorced or Separated,0.7
PRT,Portugal,Europe,2011,Men,[60-64],Married,83.66
PRT,Portugal,Europe,2001,Men,[60-64],Separated,0.72
PRT,Portugal,Europe,2011,Women,[15-19],Divorced,0.02
PRT,Portugal,Europe,1972,Women,[15-19],Divorced or Separated,0.0
PRT,Portugal,Europe,2011,Women,[15-19],Married,0.62
PRT,Portugal,Europe,2001,Women,[15-19],Separated,0.04
PRT,Portugal,Europe,2011,Women,[20-24],Divorced,0.54
PRT,Portugal,Europe,1972,Women,[20-24],Divorced or Separated,0.09
PRT,Portugal,Europe,2011,Women,[20-24],Married,8.86
PRT,Portugal,Europe,2001,Women,[20-24],Separated,0.47
PRT,Portugal,Europe,2011,Women,[25-29],Divorced,2.92
PRT,Portugal,Europe,1972,Women,[25-29],Divorced or Separated,0.28
PRT,Portugal,Europe,2011,Women,[25-29],Married,31.67
PRT,Portugal,Europe,2001,Women,[25-29],Separated,1.05
PRT,Portugal,Europe,2011,Women,[30-34],Divorced,7.28
PRT,Portugal,Europe,1972,Women,[30-34],Divorced or Separated,0.49
PRT,Portugal,Europe,2011,Women,[30-34],Married,54.2
PRT,Portugal,Europe,2001,Women,[30-34],Separated,1.43
PRT,Portugal,Europe,2011,Women,[35-39],Divorced,11.1
PRT,Portugal,Europe,1972,Women,[35-39],Divorced or Separated,0.66
PRT,Portugal,Europe,2011,Women,[35-39],Married,64.16
PRT,Portugal,Europe,2001,Women,[35-39],Separated,1.65
PRT,Portugal,Europe,2011,Women,[40-44],Divorced,12.91
PRT,Portugal,Europe,1972,Women,[40-44],Divorced or Separated,1.05
PRT,Portugal,Europe,2011,Women,[40-44],Married,68.63
PRT,Portugal,Europe,2001,Women,[40-44],Separated,1.64
PRT,Portugal,Europe,2011,Women,[45-49],Divorced,13.28
PRT,Portugal,Europe,1972,Women,[45-49],Divorced or Separated,0.95
PRT,Portugal,Europe,2011,Women,[45-49],Married,70.61
PRT,Portugal,Europe,2001,Women,[45-49],Separated,1.51
PRT,Portugal,Europe,2011,Women,[50-54],Divorced,12.64
PRT,Portugal,Europe,1972,Women,[50-54],Divorced or Separated,1.08
PRT,Portugal,Europe,2011,Women,[50-54],Married,71.7
PRT,Portugal,Europe,2001,Women,[50-54],Separated,1.32
PRT,Portugal,Europe,2011,Women,[55-59],Divorced,10.61
PRT,Portugal,Europe,1972,Women,[55-59],Divorced or Separated,1.36
PRT,Portugal,Europe,2011,Women,[55-59],Married,72.17
PRT,Portugal,Europe,2001,Women,[55-59],Separated,1.09
PRT,Portugal,Europe,2011,Women,[60-64],Divorced,8.28
PRT,Portugal,Europe,1972,Women,[60-64],Divorced or Separated,1.29
PRT,Portugal,Europe,2011,Women,[60-64],Married,70.67
PRT,Portugal,Europe,2001,Women,[60-64],Separated,0.94
MDA,Republic of Moldova,Europe,2014,Men,[15-19],Divorced,0.04
MDA,Republic of Moldova,Europe,2012,Men,[15-19],Living together,1.41
MDA,Republic of Moldova,Europe,2014,Men,[15-19],Married,1.31
MDA,Republic of Moldova,Europe,2000,Men,[15-19],Married or Living together,1.11
MDA,Republic of Moldova,Europe,2012,Men,[15-19],Separated,0.0
MDA,Republic of Moldova,Europe,2014,Men,[20-24],Divorced,0.41
MDA,Republic of Moldova,Europe,1979,Men,[20-24],Divorced or Separated,0.8
MDA,Republic of Moldova,Europe,2012,Men,[20-24],Living together,6.42
MDA,Republic of Moldova,Europe,2014,Men,[20-24],Married,13.49
MDA,Republic of Moldova,Europe,2000,Men,[20-24],Married or Living together,27.07
MDA,Republic of Moldova,Europe,2012,Men,[20-24],Separated,2.94
MDA,Republic of Moldova,Europe,2014,Men,[25-29],Divorced,2.0
MDA,Republic of Moldova,Europe,1979,Men,[25-29],Divorced or Separated,2.1
MDA,Republic of Moldova,Europe,2012,Men,[25-29],Living together,10.1
MDA,Republic of Moldova,Europe,2014,Men,[25-29],Married,46.53
MDA,Republic of Moldova,Europe,2000,Men,[25-29],Married or Living together,69.21
MDA,Republic of Moldova,Europe,2012,Men,[25-29],Separated,4.93
MDA,Republic of Moldova,Europe,2014,Men,[30-34],Divorced,4.51
MDA,Republic of Moldova,Europe,1979,Men,[30-34],Divorced or Separated,2.8
MDA,Republic of Moldova,Europe,2012,Men,[30-34],Living together,5.62
MDA,Republic of Moldova,Europe,2014,Men,[30-34],Married,66.28
MDA,Republic of Moldova,Europe,2000,Men,[30-34],Married or Living together,85.33
MDA,Republic of Moldova,Europe,2012,Men,[30-34],Separated,3.47
MDA,Republic of Moldova,Europe,2014,Men,[35-39],Divorced,7.25
MDA,Republic of Moldova,Europe,1979,Men,[35-39],Divorced or Separated,2.8
MDA,Republic of Moldova,Europe,2012,Men,[35-39],Living together,5.76
MDA,Republic of Moldova,Europe,2014,Men,[35-39],Married,72.56
MDA,Republic of Moldova,Europe,2000,Men,[35-39],Married or Living together,90.78
MDA,Republic of Moldova,Europe,2012,Men,[35-39],Separated,3.48
MDA,Republic of Moldova,Europe,2014,Men,[40-44],Divorced,9.49
MDA,Republic of Moldova,Europe,1979,Men,[40-44],Divorced or Separated,2.8
MDA,Republic of Moldova,Europe,2012,Men,[40-44],Living together,7.16
MDA,Republic of Moldova,Europe,2014,Men,[40-44],Married,76.46
MDA,Republic of Moldova,Europe,2000,Men,[40-44],Married or Living together,91.65
MDA,Republic of Moldova,Europe,2012,Men,[40-44],Separated,2.46
MDA,Republic of Moldova,Europe,2014,Men,[45-49],Divorced,10.12
MDA,Republic of Moldova,Europe,1979,Men,[45-49],Divorced or Separated,2.3
MDA,Republic of Moldova,Europe,2012,Men,[45-49],Living together,2.9
MDA,Republic of Moldova,Europe,2014,Men,[45-49],Married,78.98
MDA,Republic of Moldova,Europe,2000,Men,[45-49],Married or Living together,93.45
MDA,Republic of Moldova,Europe,2012,Men,[45-49],Separated,2.12
MDA,Republic of Moldova,Europe,2014,Men,[50-54],Divorced,8.87
MDA,Republic of Moldova,Europe,1979,Men,[50-54],Divorced or Separated,2.1
MDA,Republic of Moldova,Europe,2005,Men,[50-54],Living together,2.5
MDA,Republic of Moldova,Europe,2014,Men,[50-54],Married,81.39
MDA,Republic of Moldova,Europe,2000,Men,[50-54],Married or Living together,91.02
MDA,Republic of Moldova,Europe,2004,Men,[50-54],Separated,1.1
MDA,Republic of Moldova,Europe,2014,Men,[55-59],Divorced,7.37
MDA,Republic of Moldova,Europe,1979,Men,[55-59],Divorced or Separated,1.5
MDA,Republic of Moldova,Europe,2005,Men,[55-59],Living together,4.7
MDA,Republic of Moldova,Europe,2014,Men,[55-59],Married,82.22
MDA,Republic of Moldova,Europe,2000,Men,[55-59],Married or Living together,91.3
MDA,Republic of Moldova,Europe,2004,Men,[55-59],Separated,1.04
MDA,Republic of Moldova,Europe,2014,Men,[60-64],Divorced,5.9
MDA,Republic of Moldova,Europe,1979,Men,[60-64],Divorced or Separated,1.5
MDA,Republic of Moldova,Europe,2014,Men,[60-64],Married,81.22
MDA,Republic of Moldova,Europe,2000,Men,[60-64],Married or Living together,88.37
MDA,Republic of Moldova,Europe,2004,Men,[60-64],Separated,0.8
MDA,Republic of Moldova,Europe,2014,Women,[15-19],Divorced,0.17
MDA,Republic of Moldova,Europe,2012,Women,[15-19],Living together,4.92
MDA,Republic of Moldova,Europe,2014,Women,[15-19],Married,6.87
MDA,Republic of Moldova,Europe,2000,Women,[15-19],Married or Living together,8.9
MDA,Republic of Moldova,Europe,2012,Women,[15-19],Separated,1.45
MDA,Republic of Moldova,Europe,2014,Women,[20-24],Divorced,2.11
MDA,Republic of Moldova,Europe,1979,Women,[20-24],Divorced or Separated,3.31
MDA,Republic of Moldova,Europe,2012,Women,[20-24],Living together,12.8
MDA,Republic of Moldova,Europe,2014,Women,[20-24],Married,35.24
MDA,Republic of Moldova,Europe,2000,Women,[20-24],Married or Living together,52.59
MDA,Republic of Moldova,Europe,2012,Women,[20-24],Separated,3.84
MDA,Republic of Moldova,Europe,2014,Women,[25-29],Divorced,5.4
MDA,Republic of Moldova,Europe,1979,Women,[25-29],Divorced or Separated,5.91
MDA,Republic of Moldova,Europe,2012,Women,[25-29],Living together,8.68
MDA,Republic of Moldova,Europe,2014,Women,[25-29],Married,65.76
MDA,Republic of Moldova,Europe,2000,Women,[25-29],Married or Living together,78.36
MDA,Republic of Moldova,Europe,2012,Women,[25-29],Separated,4.9
MDA,Republic of Moldova,Europe,2014,Women,[30-34],Divorced,8.44
MDA,Republic of Moldova,Europe,1979,Women,[30-34],Divorced or Separated,7.71
MDA,Republic of Moldova,Europe,2012,Women,[30-34],Living together,7.02
MDA,Republic of Moldova,Europe,2014,Women,[30-34],Married,74.48
MDA,Republic of Moldova,Europe,2000,Women,[30-34],Married or Living together,83.31
MDA,Republic of Moldova,Europe,2012,Women,[30-34],Separated,5.57
MDA,Republic of Moldova,Europe,2014,Women,[35-39],Divorced,11.15
MDA,Republic of Moldova,Europe,1979,Women,[35-39],Divorced or Separated,8.61
MDA,Republic of Moldova,Europe,2012,Women,[35-39],Living together,9.72
MDA,Republic of Moldova,Europe,2014,Women,[35-39],Married,75.37
MDA,Republic of Moldova,Europe,2000,Women,[35-39],Married or Living together,83.19
MDA,Republic of Moldova,Europe,2012,Women,[35-39],Separated,3.85
MDA,Republic of Moldova,Europe,2014,Women,[40-44],Divorced,12.58
MDA,Republic of Moldova,Europe,1979,Women,[40-44],Divorced or Separated,8.31
MDA,Republic of Moldova,Europe,2012,Women,[40-44],Living together,7.26
MDA,Republic of Moldova,Europe,2014,Women,[40-44],Married,75.22
MDA,Republic of Moldova,Europe,2000,Women,[40-44],Married or Living together,82.29
MDA,Republic of Moldova,Europe,2012,Women,[40-44],Separated,2.19
MDA,Republic of Moldova,Europe,2014,Women,[45-49],Divorced,11.36
MDA,Republic of Moldova,Europe,1979,Women,[45-49],Divorced or Separated,7.41
MDA,Republic of Moldova,Europe,2012,Women,[45-49],Living together,4.33
MDA,Republic of Moldova,Europe,2014,Women,[45-49],Married,74.93
MDA,Republic of Moldova,Europe,2000,Women,[45-49],Married or Living together,79.25
MDA,Republic of Moldova,Europe,2012,Women,[45-49],Separated,2.53
MDA,Republic of Moldova,Europe,2014,Women,[50-54],Divorced,9.89
MDA,Republic of Moldova,Europe,1979,Women,[50-54],Divorced or Separated,6.91
MDA,Republic of Moldova,Europe,2014,Women,[50-54],Married,72.04
MDA,Republic of Moldova,Europe,2000,Women,[50-54],Married or Living together,74.45
MDA,Republic of Moldova,Europe,2004,Women,[50-54],Separated,1.48
MDA,Republic of Moldova,Europe,2014,Women,[55-59],Divorced,8.7
MDA,Republic of Moldova,Europe,1979,Women,[55-59],Divorced or Separated,5.11
MDA,Republic of Moldova,Europe,2014,Women,[55-59],Married,65.44
MDA,Republic of Moldova,Europe,2000,Women,[55-59],Married or Living together,64.02
MDA,Republic of Moldova,Europe,2004,Women,[55-59],Separated,1.32
MDA,Republic of Moldova,Europe,2014,Women,[60-64],Divorced,6.97
MDA,Republic of Moldova,Europe,1979,Women,[60-64],Divorced or Separated,3.31
MDA,Republic of Moldova,Europe,2014,Women,[60-64],Married,55.91
MDA,Republic of Moldova,Europe,2000,Women,[60-64],Married or Living together,58.6
MDA,Republic of Moldova,Europe,2004,Women,[60-64],Separated,1.03
ROU,Romania,Europe,2011,Men,[15-19],Divorced,0.0
ROU,Romania,Europe,1977,Men,[15-19],Divorced or Separated,0.4
ROU,Romania,Europe,2011,Men,[15-19],Married,0.45
ROU,Romania,Europe,2011,Men,[20-24],Divorced,0.16
ROU,Romania,Europe,1977,Men,[20-24],Divorced or Separated,2.25
ROU,Romania,Europe,2011,Men,[20-24],Married,6.62
ROU,Romania,Europe,2011,Men,[25-29],Divorced,1.17
ROU,Romania,Europe,1977,Men,[25-29],Divorced or Separated,3.28
ROU,Romania,Europe,2011,Men,[25-29],Married,29.45
ROU,Romania,Europe,2011,Men,[30-34],Divorced,3.4
ROU,Romania,Europe,1977,Men,[30-34],Divorced or Separated,3.41
ROU,Romania,Europe,2011,Men,[30-34],Married,54.72
ROU,Romania,Europe,2011,Men,[35-39],Divorced,5.6
ROU,Romania,Europe,1977,Men,[35-39],Divorced or Separated,3.34
ROU,Romania,Europe,2011,Men,[35-39],Married,65.32
ROU,Romania,Europe,2011,Men,[40-44],Divorced,7.5
ROU,Romania,Europe,1977,Men,[40-44],Divorced or Separated,1.88
ROU,Romania,Europe,2011,Men,[40-44],Married,70.19
ROU,Romania,Europe,2011,Men,[45-49],Divorced,8.28
ROU,Romania,Europe,1977,Men,[45-49],Divorced or Separated,1.53
ROU,Romania,Europe,2011,Men,[45-49],Married,72.14
ROU,Romania,Europe,2011,Men,[50-54],Divorced,8.21
ROU,Romania,Europe,1977,Men,[50-54],Divorced or Separated,1.46
ROU,Romania,Europe,2011,Men,[50-54],Married,73.83
ROU,Romania,Europe,2011,Men,[55-59],Divorced,7.0
ROU,Romania,Europe,1977,Men,[55-59],Divorced or Separated,1.37
ROU,Romania,Europe,2011,Men,[55-59],Married,76.67
ROU,Romania,Europe,2011,Men,[60-64],Divorced,5.36
ROU,Romania,Europe,1977,Men,[60-64],Divorced or Separated,1.18
ROU,Romania,Europe,2011,Men,[60-64],Married,79.45
ROU,Romania,Europe,2011,Women,[15-19],Divorced,0.02
ROU,Romania,Europe,1977,Women,[15-19],Divorced or Separated,1.52
ROU,Romania,Europe,2011,Women,[15-19],Married,2.53
ROU,Romania,Europe,2011,Women,[20-24],Divorced,0.9
ROU,Romania,Europe,1977,Women,[20-24],Divorced or Separated,3.94
ROU,Romania,Europe,2011,Women,[20-24],Married,25.43
ROU,Romania,Europe,2011,Women,[25-29],Divorced,3.04
ROU,Romania,Europe,1977,Women,[25-29],Divorced or Separated,4.49
ROU,Romania,Europe,2011,Women,[25-29],Married,51.78
ROU,Romania,Europe,2011,Women,[30-34],Divorced,5.85
ROU,Romania,Europe,1977,Women,[30-34],Divorced or Separated,4.67
ROU,Romania,Europe,2011,Women,[30-34],Married,68.1
ROU,Romania,Europe,2011,Women,[35-39],Divorced,8.12
ROU,Romania,Europe,1977,Women,[35-39],Divorced or Separated,4.75
ROU,Romania,Europe,2011,Women,[35-39],Married,72.74
ROU,Romania,Europe,2011,Women,[40-44],Divorced,10.64
ROU,Romania,Europe,1977,Women,[40-44],Divorced or Separated,3.54
ROU,Romania,Europe,2011,Women,[40-44],Married,73.1
ROU,Romania,Europe,2011,Women,[45-49],Divorced,11.07
ROU,Romania,Europe,1977,Women,[45-49],Divorced or Separated,3.59
ROU,Romania,Europe,2011,Women,[45-49],Married,72.99
ROU,Romania,Europe,2011,Women,[50-54],Divorced,10.92
ROU,Romania,Europe,1977,Women,[50-54],Divorced or Separated,3.54
ROU,Romania,Europe,2011,Women,[50-54],Married,71.1
ROU,Romania,Europe,2011,Women,[55-59],Divorced,9.89
ROU,Romania,Europe,1977,Women,[55-59],Divorced or Separated,3.24
ROU,Romania,Europe,2011,Women,[55-59],Married,67.18
ROU,Romania,Europe,2011,Women,[60-64],Divorced,7.71
ROU,Romania,Europe,1977,Women,[60-64],Divorced or Separated,2.63
ROU,Romania,Europe,2011,Women,[60-64],Married,62.86
RUS,Russian Federation,Europe,2010,Men,[15-19],Divorced,0.04
RUS,Russian Federation,Europe,1989,Men,[15-19],Divorced or Separated,0.05
RUS,Russian Federation,Europe,2010,Men,[15-19],Married,0.77
RUS,Russian Federation,Europe,2010,Men,[15-19],Separated,0.05
RUS,Russian Federation,Europe,2010,Men,[20-24],Divorced,0.78
RUS,Russian Federation,Europe,1989,Men,[20-24],Divorced or Separated,1.47
RUS,Russian Federation,Europe,2010,Men,[20-24],Married,14.41
RUS,Russian Federation,Europe,2010,Men,[20-24],Separated,0.42
RUS,Russian Federation,Europe,2010,Men,[25-29],Divorced,3.88
RUS,Russian Federation,Europe,1989,Men,[25-29],Divorced or Separated,4.46
RUS,Russian Federation,Europe,2010,Men,[25-29],Married,43.73
RUS,Russian Federation,Europe,2010,Men,[25-29],Separated,1.33
RUS,Russian Federation,Europe,2010,Men,[30-34],Divorced,7.41
RUS,Russian Federation,Europe,1989,Men,[30-34],Divorced or Separated,6.95
RUS,Russian Federation,Europe,2010,Men,[30-34],Married,57.61
RUS,Russian Federation,Europe,2010,Men,[30-34],Separated,2.2
RUS,Russian Federation,Europe,2010,Men,[35-39],Divorced,9.5
RUS,Russian Federation,Europe,1989,Men,[35-39],Divorced or Separated,8.57
RUS,Russian Federation,Europe,2010,Men,[35-39],Married,62.67
RUS,Russian Federation,Europe,2010,Men,[35-39],Separated,2.44
RUS,Russian Federation,Europe,2010,Men,[40-44],Divorced,10.5
RUS,Russian Federation,Europe,1989,Men,[40-44],Divorced or Separated,9.72
RUS,Russian Federation,Europe,2010,Men,[40-44],Married,66.52
RUS,Russian Federation,Europe,2010,Men,[40-44],Separated,2.48
RUS,Russian Federation,Europe,2010,Men,[45-49],Divorced,10.08
RUS,Russian Federation,Europe,1989,Men,[45-49],Divorced or Separated,9.76
RUS,Russian Federation,Europe,2010,Men,[45-49],Married,69.8
RUS,Russian Federation,Europe,2010,Men,[45-49],Separated,2.27
RUS,Russian Federation,Europe,2010,Men,[50-54],Divorced,9.0
RUS,Russian Federation,Europe,1989,Men,[50-54],Divorced or Separated,8.35
RUS,Russian Federation,Europe,2010,Men,[50-54],Married,72.81
RUS,Russian Federation,Europe,2010,Men,[50-54],Separated,2.02
RUS,Russian Federation,Europe,2010,Men,[55-59],Divorced,7.9
RUS,Russian Federation,Europe,1989,Men,[55-59],Divorced or Separated,6.01
RUS,Russian Federation,Europe,2010,Men,[55-59],Married,74.98
RUS,Russian Federation,Europe,2010,Men,[55-59],Separated,1.74
RUS,Russian Federation,Europe,2010,Men,[60-64],Divorced,6.29
RUS,Russian Federation,Europe,1989,Men,[60-64],Divorced or Separated,4.24
RUS,Russian Federation,Europe,2010,Men,[60-64],Married,76.42
RUS,Russian Federation,Europe,2010,Men,[60-64],Separated,1.36
RUS,Russian Federation,Europe,2010,Women,[15-19],Divorced,0.14
RUS,Russian Federation,Europe,1989,Women,[15-19],Divorced or Separated,0.31
RUS,Russian Federation,Europe,2010,Women,[15-19],Married,4.01
RUS,Russian Federation,Europe,2010,Women,[15-19],Separated,0.18
RUS,Russian Federation,Europe,2010,Women,[20-24],Divorced,2.36
RUS,Russian Federation,Europe,1989,Women,[20-24],Divorced or Separated,3.81
RUS,Russian Federation,Europe,2010,Women,[20-24],Married,28.94
RUS,Russian Federation,Europe,2010,Women,[20-24],Separated,1.07
RUS,Russian Federation,Europe,2010,Women,[25-29],Divorced,7.01
RUS,Russian Federation,Europe,1989,Women,[25-29],Divorced or Separated,7.16
RUS,Russian Federation,Europe,2010,Women,[25-29],Married,52.75
RUS,Russian Federation,Europe,2010,Women,[25-29],Separated,2.13
RUS,Russian Federation,Europe,2010,Women,[30-34],Divorced,11.16
RUS,Russian Federation,Europe,1989,Women,[30-34],Divorced or Separated,9.37
RUS,Russian Federation,Europe,2010,Women,[30-34],Married,58.63
RUS,Russian Federation,Europe,2010,Women,[30-34],Separated,2.67
RUS,Russian Federation,Europe,2010,Women,[35-39],Divorced,14.57
RUS,Russian Federation,Europe,1989,Women,[35-39],Divorced or Separated,11.64
RUS,Russian Federation,Europe,2010,Women,[35-39],Married,59.55
RUS,Russian Federation,Europe,2010,Women,[35-39],Separated,2.77
RUS,Russian Federation,Europe,2010,Women,[40-44],Divorced,16.15
RUS,Russian Federation,Europe,1989,Women,[40-44],Divorced or Separated,13.78
RUS,Russian Federation,Europe,2010,Women,[40-44],Married,59.98
RUS,Russian Federation,Europe,2010,Women,[40-44],Separated,2.76
RUS,Russian Federation,Europe,2010,Women,[45-49],Divorced,15.85
RUS,Russian Federation,Europe,1989,Women,[45-49],Divorced or Separated,14.16
RUS,Russian Federation,Europe,2010,Women,[45-49],Married,60.72
RUS,Russian Federation,Europe,2010,Women,[45-49],Separated,2.51
RUS,Russian Federation,Europe,2010,Women,[50-54],Divorced,14.87
RUS,Russian Federation,Europe,1989,Women,[50-54],Divorced or Separated,12.92
RUS,Russian Federation,Europe,2010,Women,[50-54],Married,59.21
RUS,Russian Federation,Europe,2010,Women,[50-54],Separated,2.28
RUS,Russian Federation,Europe,2010,Women,[55-59],Divorced,13.87
RUS,Russian Federation,Europe,1989,Women,[55-59],Divorced or Separated,10.51
RUS,Russian Federation,Europe,2010,Women,[55-59],Married,54.61
RUS,Russian Federation,Europe,2010,Women,[55-59],Separated,2.07
RUS,Russian Federation,Europe,2010,Women,[60-64],Divorced,11.95
RUS,Russian Federation,Europe,1989,Women,[60-64],Divorced or Separated,9.03
RUS,Russian Federation,Europe,2010,Women,[60-64],Married,48.26
RUS,Russian Federation,Europe,2010,Women,[60-64],Separated,1.71
SMR,San Marino,Europe,2018,Men,[15-19],Divorced,0.0
SMR,San Marino,Europe,2018,Men,[15-19],Married,0.0
SMR,San Marino,Europe,2018,Men,[20-24],Divorced,0.0
SMR,San Marino,Europe,2018,Men,[20-24],Married,1.24
SMR,San Marino,Europe,2018,Men,[25-29],Divorced,0.13
SMR,San Marino,Europe,2018,Men,[25-29],Married,13.12
SMR,San Marino,Europe,2018,Men,[30-34],Divorced,1.05
SMR,San Marino,Europe,2018,Men,[30-34],Married,40.75
SMR,San Marino,Europe,2018,Men,[35-39],Divorced,2.22
SMR,San Marino,Europe,2018,Men,[35-39],Married,59.81
SMR,San Marino,Europe,2018,Men,[40-44],Divorced,4.79
SMR,San Marino,Europe,2018,Men,[40-44],Married,69.14
SMR,San Marino,Europe,2018,Men,[45-49],Divorced,8.23
SMR,San Marino,Europe,2018,Men,[45-49],Married,75.03
SMR,San Marino,Europe,2018,Men,[50-54],Divorced,9.99
SMR,San Marino,Europe,2018,Men,[50-54],Married,78.17
SMR,San Marino,Europe,2018,Men,[55-59],Divorced,9.28
SMR,San Marino,Europe,2018,Men,[55-59],Married,79.17
SMR,San Marino,Europe,2018,Men,[60-64],Divorced,7.56
SMR,San Marino,Europe,2018,Men,[60-64],Married,83.58
SMR,San Marino,Europe,2018,Women,[15-19],Divorced,0.0
SMR,San Marino,Europe,2018,Women,[15-19],Married,0.12
SMR,San Marino,Europe,2018,Women,[20-24],Divorced,0.0
SMR,San Marino,Europe,2018,Women,[20-24],Married,2.6
SMR,San Marino,Europe,2018,Women,[25-29],Divorced,0.41
SMR,San Marino,Europe,2018,Women,[25-29],Married,26.49
SMR,San Marino,Europe,2018,Women,[30-34],Divorced,1.81
SMR,San Marino,Europe,2018,Women,[30-34],Married,57.74
SMR,San Marino,Europe,2018,Women,[35-39],Divorced,5.1
SMR,San Marino,Europe,2018,Women,[35-39],Married,69.2
SMR,San Marino,Europe,2018,Women,[40-44],Divorced,8.52
SMR,San Marino,Europe,2018,Women,[40-44],Married,74.6
SMR,San Marino,Europe,2018,Women,[45-49],Divorced,10.09
SMR,San Marino,Europe,2018,Women,[45-49],Married,75.75
SMR,San Marino,Europe,2018,Women,[50-54],Divorced,12.87
SMR,San Marino,Europe,2018,Women,[50-54],Married,77.21
SMR,San Marino,Europe,2018,Women,[55-59],Divorced,12.72
SMR,San Marino,Europe,2018,Women,[55-59],Married,75.2
SMR,San Marino,Europe,2018,Women,[60-64],Divorced,8.91
SMR,San Marino,Europe,2018,Women,[60-64],Married,75.97
SRB,Serbia,Europe,2011,Men,[15-19],Divorced,0.01
SRB,Serbia,Europe,2010,Men,[15-19],Living together,0.76
SRB,Serbia,Europe,2011,Men,[15-19],Married,0.27
SRB,Serbia,Europe,2011,Men,[15-19],Separated,0.04
SRB,Serbia,Europe,2011,Men,[20-24],Divorced,0.19
SRB,Serbia,Europe,2010,Men,[20-24],Living together,5.56
SRB,Serbia,Europe,2011,Men,[20-24],Married,4.5
SRB,Serbia,Europe,2011,Men,[20-24],Separated,0.31
SRB,Serbia,Europe,2011,Men,[25-29],Divorced,0.88
SRB,Serbia,Europe,2010,Men,[25-29],Living together,7.13
SRB,Serbia,Europe,2011,Men,[25-29],Married,22.61
SRB,Serbia,Europe,2011,Men,[25-29],Separated,1.06
SRB,Serbia,Europe,2011,Men,[30-34],Divorced,2.35
SRB,Serbia,Europe,2011,Men,[30-34],Married,47.38
SRB,Serbia,Europe,2011,Men,[30-34],Separated,1.82
SRB,Serbia,Europe,2011,Men,[35-39],Divorced,4.12
SRB,Serbia,Europe,2011,Men,[35-39],Married,61.98
SRB,Serbia,Europe,2011,Men,[35-39],Separated,1.91
SRB,Serbia,Europe,2011,Men,[40-44],Divorced,5.59
SRB,Serbia,Europe,2011,Men,[40-44],Married,67.59
SRB,Serbia,Europe,2011,Men,[40-44],Separated,1.97
SRB,Serbia,Europe,2011,Men,[45-49],Divorced,6.65
SRB,Serbia,Europe,2011,Men,[45-49],Married,70.58
SRB,Serbia,Europe,2011,Men,[45-49],Separated,1.97
SRB,Serbia,Europe,2011,Men,[50-54],Divorced,6.65
SRB,Serbia,Europe,2011,Men,[50-54],Married,74.3
SRB,Serbia,Europe,2011,Men,[50-54],Separated,2.12
SRB,Serbia,Europe,2011,Men,[55-59],Divorced,6.04
SRB,Serbia,Europe,2011,Men,[55-59],Married,77.67
SRB,Serbia,Europe,2011,Men,[55-59],Separated,2.11
SRB,Serbia,Europe,2011,Men,[60-64],Divorced,5.06
SRB,Serbia,Europe,2011,Men,[60-64],Married,80.2
SRB,Serbia,Europe,2011,Men,[60-64],Separated,2.06
SRB,Serbia,Europe,2014,Women,[15-19],Divorced,0.0
SRB,Serbia,Europe,2014,Women,[15-19],Living together,0.92
SRB,Serbia,Europe,2014,Women,[15-19],Married,2.22
SRB,Serbia,Europe,2006,Women,[15-19],Married or Living together,5.65
SRB,Serbia,Europe,2014,Women,[15-19],Separated,0.38
SRB,Serbia,Europe,2014,Women,[20-24],Divorced,0.17
SRB,Serbia,Europe,2014,Women,[20-24],Living together,5.14
SRB,Serbia,Europe,2014,Women,[20-24],Married,13.63
SRB,Serbia,Europe,2006,Women,[20-24],Married or Living together,33.64
SRB,Serbia,Europe,2014,Women,[20-24],Separated,0.8
SRB,Serbia,Europe,2014,Women,[25-29],Divorced,1.41
SRB,Serbia,Europe,2014,Women,[25-29],Living together,9.2
SRB,Serbia,Europe,2014,Women,[25-29],Married,47.34
SRB,Serbia,Europe,2006,Women,[25-29],Married or Living together,67.36
SRB,Serbia,Europe,2014,Women,[25-29],Separated,1.47
SRB,Serbia,Europe,2014,Women,[30-34],Divorced,3.43
SRB,Serbia,Europe,2014,Women,[30-34],Living together,7.87
SRB,Serbia,Europe,2014,Women,[30-34],Married,66.63
SRB,Serbia,Europe,2006,Women,[30-34],Married or Living together,87.08
SRB,Serbia,Europe,2014,Women,[30-34],Separated,3.09
SRB,Serbia,Europe,2014,Women,[35-39],Divorced,6.39
SRB,Serbia,Europe,2014,Women,[35-39],Living together,7.68
SRB,Serbia,Europe,2014,Women,[35-39],Married,72.53
SRB,Serbia,Europe,2006,Women,[35-39],Married or Living together,93.7
SRB,Serbia,Europe,2014,Women,[35-39],Separated,2.37
SRB,Serbia,Europe,2014,Women,[40-44],Divorced,7.76
SRB,Serbia,Europe,2014,Women,[40-44],Living together,5.72
SRB,Serbia,Europe,2014,Women,[40-44],Married,76.61
SRB,Serbia,Europe,2006,Women,[40-44],Married or Living together,91.97
SRB,Serbia,Europe,2014,Women,[40-44],Separated,1.98
SRB,Serbia,Europe,2014,Women,[45-49],Divorced,7.9
SRB,Serbia,Europe,2014,Women,[45-49],Living together,5.64
SRB,Serbia,Europe,2014,Women,[45-49],Married,73.31
SRB,Serbia,Europe,2006,Women,[45-49],Married or Living together,95.38
SRB,Serbia,Europe,2014,Women,[45-49],Separated,1.96
SRB,Serbia,Europe,2011,Women,[50-54],Divorced,8.19
SRB,Serbia,Europe,2011,Women,[50-54],Married,72.48
SRB,Serbia,Europe,2011,Women,[50-54],Separated,2.17
SRB,Serbia,Europe,2011,Women,[55-59],Divorced,7.68
SRB,Serbia,Europe,2011,Women,[55-59],Married,68.96
SRB,Serbia,Europe,2011,Women,[55-59],Separated,2.01
SRB,Serbia,Europe,2011,Women,[60-64],Divorced,6.89
SRB,Serbia,Europe,2011,Women,[60-64],Married,62.69
SRB,Serbia,Europe,2011,Women,[60-64],Separated,1.67
SVK,Slovakia,Europe,2018,Men,[15-19],Divorced,0.0
SVK,Slovakia,Europe,2018,Men,[15-19],Married,0.33
SVK,Slovakia,Europe,2018,Men,[20-24],Divorced,0.12
SVK,Slovakia,Europe,2018,Men,[20-24],Married,4.19
SVK,Slovakia,Europe,2018,Men,[25-29],Divorced,0.81
SVK,Slovakia,Europe,2018,Men,[25-29],Married,16.84
SVK,Slovakia,Europe,2018,Men,[30-34],Divorced,3.27
SVK,Slovakia,Europe,2018,Men,[30-34],Married,36.29
SVK,Slovakia,Europe,2018,Men,[35-39],Divorced,8.23
SVK,Slovakia,Europe,2018,Men,[35-39],Married,49.94
SVK,Slovakia,Europe,2018,Men,[40-44],Divorced,14.86
SVK,Slovakia,Europe,2018,Men,[40-44],Married,57.96
SVK,Slovakia,Europe,2018,Men,[45-49],Divorced,19.47
SVK,Slovakia,Europe,2018,Men,[45-49],Married,61.27
SVK,Slovakia,Europe,2018,Men,[50-54],Divorced,19.6
SVK,Slovakia,Europe,2018,Men,[50-54],Married,65.24
SVK,Slovakia,Europe,2018,Men,[55-59],Divorced,17.08
SVK,Slovakia,Europe,2018,Men,[55-59],Married,69.81
SVK,Slovakia,Europe,2018,Men,[60-64],Divorced,14.23
SVK,Slovakia,Europe,2018,Men,[60-64],Married,74.15
SVK,Slovakia,Europe,1980,Men,[65+],Divorced,1.49
SVK,Slovakia,Europe,1980,Men,[65+],Married,74.94
SVK,Slovakia,Europe,2018,Women,[15-19],Divorced,0.01
SVK,Slovakia,Europe,2018,Women,[15-19],Married,1.09
SVK,Slovakia,Europe,2018,Women,[20-24],Divorced,0.33
SVK,Slovakia,Europe,2018,Women,[20-24],Married,9.35
SVK,Slovakia,Europe,2018,Women,[25-29],Divorced,1.8
SVK,Slovakia,Europe,2018,Women,[25-29],Married,30.49
SVK,Slovakia,Europe,2018,Women,[30-34],Divorced,5.46
SVK,Slovakia,Europe,2018,Women,[30-34],Married,50.39
SVK,Slovakia,Europe,2018,Women,[35-39],Divorced,11.25
SVK,Slovakia,Europe,2018,Women,[35-39],Married,59.58
SVK,Slovakia,Europe,2018,Women,[40-44],Divorced,18.2
SVK,Slovakia,Europe,2018,Women,[40-44],Married,62.96
SVK,Slovakia,Europe,2018,Women,[45-49],Divorced,21.59
SVK,Slovakia,Europe,2018,Women,[45-49],Married,64.08
SVK,Slovakia,Europe,2018,Women,[50-54],Divorced,20.53
SVK,Slovakia,Europe,2018,Women,[50-54],Married,65.61
SVK,Slovakia,Europe,2018,Women,[55-59],Divorced,17.86
SVK,Slovakia,Europe,2018,Women,[55-59],Married,65.6
SVK,Slovakia,Europe,2018,Women,[60-64],Divorced,15.42
SVK,Slovakia,Europe,2018,Women,[60-64],Married,62.1
SVK,Slovakia,Europe,1980,Women,[65+],Divorced,1.74
SVK,Slovakia,Europe,1980,Women,[65+],Married,34.35
SVN,Slovenia,Europe,2018,Men,[15-19],Divorced,0.0
SVN,Slovenia,Europe,2018,Men,[15-19],Married,0.04
SVN,Slovenia,Europe,2018,Men,[20-24],Divorced,0.05
SVN,Slovenia,Europe,2018,Men,[20-24],Married,1.68
SVN,Slovenia,Europe,2018,Men,[25-29],Divorced,0.37
SVN,Slovenia,Europe,2018,Men,[25-29],Married,11.25
SVN,Slovenia,Europe,2018,Men,[30-34],Divorced,1.17
SVN,Slovenia,Europe,2018,Men,[30-34],Married,26.11
SVN,Slovenia,Europe,2018,Men,[35-39],Divorced,2.65
SVN,Slovenia,Europe,2018,Men,[35-39],Married,35.92
SVN,Slovenia,Europe,2018,Men,[40-44],Divorced,5.09
SVN,Slovenia,Europe,2018,Men,[40-44],Married,43.59
SVN,Slovenia,Europe,2018,Men,[45-49],Divorced,8.0
SVN,Slovenia,Europe,2018,Men,[45-49],Married,52.04
SVN,Slovenia,Europe,2018,Men,[50-54],Divorced,10.37
SVN,Slovenia,Europe,2018,Men,[50-54],Married,59.38
SVN,Slovenia,Europe,2018,Men,[55-59],Divorced,11.09
SVN,Slovenia,Europe,2018,Men,[55-59],Married,65.49
SVN,Slovenia,Europe,2018,Men,[60-64],Divorced,11.6
SVN,Slovenia,Europe,2018,Men,[60-64],Married,69.63
SVN,Slovenia,Europe,2018,Women,[15-19],Divorced,0.0
SVN,Slovenia,Europe,2018,Women,[15-19],Married,0.18
SVN,Slovenia,Europe,2018,Women,[20-24],Divorced,0.13
SVN,Slovenia,Europe,2018,Women,[20-24],Married,5.15
SVN,Slovenia,Europe,2018,Women,[25-29],Divorced,0.81
SVN,Slovenia,Europe,2018,Women,[25-29],Married,20.75
SVN,Slovenia,Europe,2018,Women,[30-34],Divorced,2.24
SVN,Slovenia,Europe,2018,Women,[30-34],Married,35.43
SVN,Slovenia,Europe,2018,Women,[35-39],Divorced,4.59
SVN,Slovenia,Europe,2018,Women,[35-39],Married,43.02
SVN,Slovenia,Europe,2018,Women,[40-44],Divorced,8.1
SVN,Slovenia,Europe,2018,Women,[40-44],Married,50.78
SVN,Slovenia,Europe,2018,Women,[45-49],Divorced,11.15
SVN,Slovenia,Europe,2018,Women,[45-49],Married,58.85
SVN,Slovenia,Europe,2018,Women,[50-54],Divorced,13.29
SVN,Slovenia,Europe,2018,Women,[50-54],Married,63.58
SVN,Slovenia,Europe,2018,Women,[55-59],Divorced,14.11
SVN,Slovenia,Europe,2018,Women,[55-59],Married,65.85
SVN,Slovenia,Europe,2018,Women,[60-64],Divorced,14.2
SVN,Slovenia,Europe,2018,Women,[60-64],Married,64.09
ESP,Spain,Europe,2011,Men,[15-19],Divorced,0.15
ESP,Spain,Europe,1970,Men,[15-19],Divorced or Separated,0.01
ESP,Spain,Europe,2011,Men,[15-19],Married,1.74
ESP,Spain,Europe,2001,Men,[15-19],Separated,0.02
ESP,Spain,Europe,2011,Men,[20-24],Divorced,0.24
ESP,Spain,Europe,1970,Men,[20-24],Divorced or Separated,0.02
ESP,Spain,Europe,2011,Men,[20-24],Married,3.06
ESP,Spain,Europe,2001,Men,[20-24],Separated,0.11
ESP,Spain,Europe,2011,Men,[25-29],Divorced,0.7
ESP,Spain,Europe,1970,Men,[25-29],Divorced or Separated,0.07
ESP,Spain,Europe,2011,Men,[25-29],Married,13.74
ESP,Spain,Europe,2001,Men,[25-29],Separated,0.78
ESP,Spain,Europe,2011,Men,[30-34],Divorced,1.78
ESP,Spain,Europe,1970,Men,[30-34],Divorced or Separated,0.15
ESP,Spain,Europe,2011,Men,[30-34],Married,38.01
ESP,Spain,Europe,2001,Men,[30-34],Separated,1.81
ESP,Spain,Europe,2011,Men,[35-39],Divorced,3.41
ESP,Spain,Europe,1970,Men,[35-39],Divorced or Separated,0.23
ESP,Spain,Europe,2011,Men,[35-39],Married,56.1
ESP,Spain,Europe,2001,Men,[35-39],Separated,3.02
ESP,Spain,Europe,2011,Men,[40-44],Divorced,5.18
ESP,Spain,Europe,1970,Men,[40-44],Divorced or Separated,0.27
ESP,Spain,Europe,2011,Men,[40-44],Married,64.54
ESP,Spain,Europe,2001,Men,[40-44],Separated,3.47
ESP,Spain,Europe,2011,Men,[45-49],Divorced,6.6
ESP,Spain,Europe,1970,Men,[45-49],Divorced or Separated,0.36
ESP,Spain,Europe,2011,Men,[45-49],Married,69.43
ESP,Spain,Europe,2001,Men,[45-49],Separated,3.53
ESP,Spain,Europe,2011,Men,[50-54],Divorced,6.82
ESP,Spain,Europe,1970,Men,[50-54],Divorced or Separated,0.43
ESP,Spain,Europe,2011,Men,[50-54],Married,74.55
ESP,Spain,Europe,2001,Men,[50-54],Separated,3.14
ESP,Spain,Europe,2011,Men,[55-59],Divorced,6.4
ESP,Spain,Europe,1970,Men,[55-59],Divorced or Separated,0.51
ESP,Spain,Europe,2011,Men,[55-59],Married,77.58
ESP,Spain,Europe,2001,Men,[55-59],Separated,2.5
ESP,Spain,Europe,2011,Men,[60-64],Divorced,5.12
ESP,Spain,Europe,1970,Men,[60-64],Divorced or Separated,0.52
ESP,Spain,Europe,2011,Men,[60-64],Married,80.36
ESP,Spain,Europe,2001,Men,[60-64],Separated,2.01
ESP,Spain,Europe,2011,Women,[15-19],Divorced,0.19
ESP,Spain,Europe,1970,Women,[15-19],Divorced or Separated,0.01
ESP,Spain,Europe,2011,Women,[15-19],Married,2.15
ESP,Spain,Europe,2001,Women,[15-19],Separated,0.07
ESP,Spain,Europe,2011,Women,[20-24],Divorced,0.43
ESP,Spain,Europe,1970,Women,[20-24],Divorced or Separated,0.08
ESP,Spain,Europe,2011,Women,[20-24],Married,7.26
ESP,Spain,Europe,2001,Women,[20-24],Separated,0.4
ESP,Spain,Europe,2011,Women,[25-29],Divorced,1.23
ESP,Spain,Europe,1970,Women,[25-29],Divorced or Separated,0.2
ESP,Spain,Europe,2011,Women,[25-29],Married,25.27
ESP,Spain,Europe,2001,Women,[25-29],Separated,1.64
ESP,Spain,Europe,2011,Women,[30-34],Divorced,2.77
ESP,Spain,Europe,1970,Women,[30-34],Divorced or Separated,0.36
ESP,Spain,Europe,2011,Women,[30-34],Married,50.48
ESP,Spain,Europe,2001,Women,[30-34],Separated,3.28
ESP,Spain,Europe,2011,Women,[35-39],Divorced,4.86
ESP,Spain,Europe,1970,Women,[35-39],Divorced or Separated,0.47
ESP,Spain,Europe,2011,Women,[35-39],Married,63.52
ESP,Spain,Europe,2001,Women,[35-39],Separated,4.26
ESP,Spain,Europe,2011,Women,[40-44],Divorced,7.44
ESP,Spain,Europe,1970,Women,[40-44],Divorced or Separated,0.55
ESP,Spain,Europe,2011,Women,[40-44],Married,68.92
ESP,Spain,Europe,2001,Women,[40-44],Separated,4.67
ESP,Spain,Europe,2011,Women,[45-49],Divorced,8.71
ESP,Spain,Europe,1970,Women,[45-49],Divorced or Separated,0.67
ESP,Spain,Europe,2011,Women,[45-49],Married,71.32
ESP,Spain,Europe,2001,Women,[45-49],Separated,4.48
ESP,Spain,Europe,2011,Women,[50-54],Divorced,9.29
ESP,Spain,Europe,1970,Women,[50-54],Divorced or Separated,0.74
ESP,Spain,Europe,2011,Women,[50-54],Married,72.4
ESP,Spain,Europe,2001,Women,[50-54],Separated,3.57
ESP,Spain,Europe,2011,Women,[55-59],Divorced,8.91
ESP,Spain,Europe,1970,Women,[55-59],Divorced or Separated,0.72
ESP,Spain,Europe,2011,Women,[55-59],Married,72.0
ESP,Spain,Europe,2001,Women,[55-59],Separated,2.72
ESP,Spain,Europe,2011,Women,[60-64],Divorced,6.76
ESP,Spain,Europe,1970,Women,[60-64],Divorced or Separated,0.63
ESP,Spain,Europe,2011,Women,[60-64],Married,71.3
ESP,Spain,Europe,2001,Women,[60-64],Separated,1.99
SWE,Sweden,Europe,2018,Men,[15-19],Divorced,0.0
SWE,Sweden,Europe,2018,Men,[15-19],Married,0.03
SWE,Sweden,Europe,1980,Men,[15-19],Separated,0.01
SWE,Sweden,Europe,2018,Men,[20-24],Divorced,0.11
SWE,Sweden,Europe,2018,Men,[20-24],Married,1.87
SWE,Sweden,Europe,1980,Men,[20-24],Separated,0.31
SWE,Sweden,Europe,2018,Men,[25-29],Divorced,1.06
SWE,Sweden,Europe,2018,Men,[25-29],Married,10.78
SWE,Sweden,Europe,1980,Men,[25-29],Separated,1.02
SWE,Sweden,Europe,2018,Men,[30-34],Divorced,3.45
SWE,Sweden,Europe,2018,Men,[30-34],Married,29.59
SWE,Sweden,Europe,1980,Men,[30-34],Separated,1.49
SWE,Sweden,Europe,2018,Men,[35-39],Divorced,6.34
SWE,Sweden,Europe,2018,Men,[35-39],Married,44.14
SWE,Sweden,Europe,1980,Men,[35-39],Separated,1.68
SWE,Sweden,Europe,2018,Men,[40-44],Divorced,9.24
SWE,Sweden,Europe,2018,Men,[40-44],Married,50.88
SWE,Sweden,Europe,1980,Men,[40-44],Separated,1.69
SWE,Sweden,Europe,2018,Men,[45-49],Divorced,12.53
SWE,Sweden,Europe,2018,Men,[45-49],Married,52.03
SWE,Sweden,Europe,1980,Men,[45-49],Separated,1.59
SWE,Sweden,Europe,2018,Men,[50-54],Divorced,16.03
SWE,Sweden,Europe,2018,Men,[50-54],Married,50.96
SWE,Sweden,Europe,1980,Men,[50-54],Separated,1.44
SWE,Sweden,Europe,2018,Men,[55-59],Divorced,18.49
SWE,Sweden,Europe,2018,Men,[55-59],Married,52.01
SWE,Sweden,Europe,1980,Men,[55-59],Separated,1.34
SWE,Sweden,Europe,2018,Men,[60-64],Divorced,19.0
SWE,Sweden,Europe,2018,Men,[60-64],Married,55.84
SWE,Sweden,Europe,1980,Men,[60-64],Separated,1.25
SWE,Sweden,Europe,2018,Women,[15-19],Divorced,0.0
SWE,Sweden,Europe,2018,Women,[15-19],Married,0.26
SWE,Sweden,Europe,1980,Women,[15-19],Separated,0.09
SWE,Sweden,Europe,2018,Women,[20-24],Divorced,0.41
SWE,Sweden,Europe,2018,Women,[20-24],Married,5.7
SWE,Sweden,Europe,1980,Women,[20-24],Separated,0.78
SWE,Sweden,Europe,2018,Women,[25-29],Divorced,2.35
SWE,Sweden,Europe,2018,Women,[25-29],Married,19.67
SWE,Sweden,Europe,1980,Women,[25-29],Separated,1.53
SWE,Sweden,Europe,2018,Women,[30-34],Divorced,5.85
SWE,Sweden,Europe,2018,Women,[30-34],Married,39.74
SWE,Sweden,Europe,1980,Women,[30-34],Separated,1.77
SWE,Sweden,Europe,2018,Women,[35-39],Divorced,9.4
SWE,Sweden,Europe,2018,Women,[35-39],Married,50.69
SWE,Sweden,Europe,1980,Women,[35-39],Separated,1.78
SWE,Sweden,Europe,2018,Women,[40-44],Divorced,12.87
SWE,Sweden,Europe,2018,Women,[40-44],Married,54.38
SWE,Sweden,Europe,1980,Women,[40-44],Separated,1.64
SWE,Sweden,Europe,2018,Women,[45-49],Divorced,16.94
SWE,Sweden,Europe,2018,Women,[45-49],Married,53.14
SWE,Sweden,Europe,1980,Women,[45-49],Separated,1.42
SWE,Sweden,Europe,2018,Women,[50-54],Divorced,20.45
SWE,Sweden,Europe,2018,Women,[50-54],Married,51.2
SWE,Sweden,Europe,1980,Women,[50-54],Separated,1.37
SWE,Sweden,Europe,2018,Women,[55-59],Divorced,22.35
SWE,Sweden,Europe,2018,Women,[55-59],Married,52.16
SWE,Sweden,Europe,1980,Women,[55-59],Separated,1.28
SWE,Sweden,Europe,2018,Women,[60-64],Divorced,22.02
SWE,Sweden,Europe,2018,Women,[60-64],Married,55.05
SWE,Sweden,Europe,1980,Women,[60-64],Separated,1.11
CHE,Switzerland,Europe,2017,Men,[15-19],Divorced,0.0
CHE,Switzerland,Europe,2017,Men,[15-19],Married,0.02
CHE,Switzerland,Europe,2012,Men,[15-19],Separated,0.0
CHE,Switzerland,Europe,2017,Men,[20-24],Divorced,0.05
CHE,Switzerland,Europe,2017,Men,[20-24],Married,2.55
CHE,Switzerland,Europe,2012,Men,[20-24],Separated,0.06
CHE,Switzerland,Europe,2017,Men,[25-29],Divorced,0.54
CHE,Switzerland,Europe,2017,Men,[25-29],Married,16.23
CHE,Switzerland,Europe,2012,Men,[25-29],Separated,0.48
CHE,Switzerland,Europe,2017,Men,[30-34],Divorced,2.16
CHE,Switzerland,Europe,2017,Men,[30-34],Married,38.72
CHE,Switzerland,Europe,2012,Men,[30-34],Separated,1.14
CHE,Switzerland,Europe,2017,Men,[35-39],Divorced,4.59
CHE,Switzerland,Europe,2017,Men,[35-39],Married,54.6
CHE,Switzerland,Europe,2012,Men,[35-39],Separated,1.89
CHE,Switzerland,Europe,2017,Men,[40-44],Divorced,7.82
CHE,Switzerland,Europe,2017,Men,[40-44],Married,62.34
CHE,Switzerland,Europe,2012,Men,[40-44],Separated,2.64
CHE,Switzerland,Europe,2017,Men,[45-49],Divorced,11.72
CHE,Switzerland,Europe,2017,Men,[45-49],Married,64.05
CHE,Switzerland,Europe,2012,Men,[45-49],Separated,3.2
CHE,Switzerland,Europe,2017,Men,[50-54],Divorced,15.32
CHE,Switzerland,Europe,2017,Men,[50-54],Married,65.37
CHE,Switzerland,Europe,2012,Men,[50-54],Separated,3.24
CHE,Switzerland,Europe,2017,Men,[55-59],Divorced,16.74
CHE,Switzerland,Europe,2017,Men,[55-59],Married,67.87
CHE,Switzerland,Europe,2012,Men,[55-59],Separated,2.89
CHE,Switzerland,Europe,2017,Men,[60-64],Divorced,16.51
CHE,Switzerland,Europe,2017,Men,[60-64],Married,70.32
CHE,Switzerland,Europe,2012,Men,[60-64],Separated,2.26
CHE,Switzerland,Europe,2017,Women,[15-19],Divorced,0.0
CHE,Switzerland,Europe,2017,Women,[15-19],Married,0.27
CHE,Switzerland,Europe,2012,Women,[15-19],Separated,0.0
CHE,Switzerland,Europe,2017,Women,[20-24],Divorced,0.17
CHE,Switzerland,Europe,2017,Women,[20-24],Married,7.69
CHE,Switzerland,Europe,2012,Women,[20-24],Separated,0.21
CHE,Switzerland,Europe,2017,Women,[25-29],Divorced,1.24
CHE,Switzerland,Europe,2017,Women,[25-29],Married,27.22
CHE,Switzerland,Europe,2012,Women,[25-29],Separated,0.88
CHE,Switzerland,Europe,2017,Women,[30-34],Divorced,3.76
CHE,Switzerland,Europe,2017,Women,[30-34],Married,50.33
CHE,Switzerland,Europe,2012,Women,[30-34],Separated,1.6
CHE,Switzerland,Europe,2017,Women,[35-39],Divorced,7.04
CHE,Switzerland,Europe,2017,Women,[35-39],Married,62.49
CHE,Switzerland,Europe,2012,Women,[35-39],Separated,2.35
CHE,Switzerland,Europe,2017,Women,[40-44],Divorced,11.15
CHE,Switzerland,Europe,2017,Women,[40-44],Married,66.28
CHE,Switzerland,Europe,2012,Women,[40-44],Separated,3.0
CHE,Switzerland,Europe,2017,Women,[45-49],Divorced,15.9
CHE,Switzerland,Europe,2017,Women,[45-49],Married,65.04
CHE,Switzerland,Europe,2012,Women,[45-49],Separated,3.31
CHE,Switzerland,Europe,2017,Women,[50-54],Divorced,19.78
CHE,Switzerland,Europe,2017,Women,[50-54],Married,63.3
CHE,Switzerland,Europe,2012,Women,[50-54],Separated,2.97
CHE,Switzerland,Europe,2017,Women,[55-59],Divorced,20.6
CHE,Switzerland,Europe,2017,Women,[55-59],Married,63.32
CHE,Switzerland,Europe,2012,Women,[55-59],Separated,2.39
CHE,Switzerland,Europe,2017,Women,[60-64],Divorced,20.12
CHE,Switzerland,Europe,2017,Women,[60-64],Married,62.35
CHE,Switzerland,Europe,2012,Women,[60-64],Separated,1.72
MKD,TFYR Macedonia,Europe,2011,Women,[15-19],Divorced,0.0
MKD,TFYR Macedonia,Europe,2011,Women,[15-19],Living together,0.47
MKD,TFYR Macedonia,Europe,2011,Women,[15-19],Married,3.83
MKD,TFYR Macedonia,Europe,2011,Women,[15-19],Separated,0.0
MKD,TFYR Macedonia,Europe,2011,Women,[20-24],Divorced,0.14
MKD,TFYR Macedonia,Europe,2011,Women,[20-24],Living together,1.04
MKD,TFYR Macedonia,Europe,2011,Women,[20-24],Married,30.95
MKD,TFYR Macedonia,Europe,2011,Women,[20-24],Separated,0.35
MKD,TFYR Macedonia,Europe,2011,Women,[25-29],Divorced,0.96
MKD,TFYR Macedonia,Europe,2011,Women,[25-29],Living together,1.53
MKD,TFYR Macedonia,Europe,2011,Women,[25-29],Married,63.94
MKD,TFYR Macedonia,Europe,2011,Women,[25-29],Separated,1.12
MKD,TFYR Macedonia,Europe,2011,Women,[30-34],Divorced,2.19
MKD,TFYR Macedonia,Europe,2011,Women,[30-34],Living together,1.33
MKD,TFYR Macedonia,Europe,2011,Women,[30-34],Married,84.16
MKD,TFYR Macedonia,Europe,2011,Women,[30-34],Separated,1.08
MKD,TFYR Macedonia,Europe,2011,Women,[35-39],Divorced,2.59
MKD,TFYR Macedonia,Europe,2011,Women,[35-39],Living together,2.35
MKD,TFYR Macedonia,Europe,2011,Women,[35-39],Married,87.95
MKD,TFYR Macedonia,Europe,2011,Women,[35-39],Separated,0.5
MKD,TFYR Macedonia,Europe,2011,Women,[40-44],Divorced,2.09
MKD,TFYR Macedonia,Europe,2011,Women,[40-44],Living together,0.61
MKD,TFYR Macedonia,Europe,2011,Women,[40-44],Married,91.2
MKD,TFYR Macedonia,Europe,2011,Women,[40-44],Separated,1.33
MKD,TFYR Macedonia,Europe,2011,Women,[45-49],Divorced,1.94
MKD,TFYR Macedonia,Europe,2011,Women,[45-49],Living together,0.66
MKD,TFYR Macedonia,Europe,2011,Women,[45-49],Married,91.71
MKD,TFYR Macedonia,Europe,2011,Women,[45-49],Separated,0.05
MKD,The former Yugoslav Republic of Macedonia,Europe,1994,Men,[15-19],Divorced,0.01
MKD,The former Yugoslav Republic of Macedonia,Europe,1994,Men,[15-19],Married,1.46
MKD,The former Yugoslav Republic of Macedonia,Europe,1994,Men,[20-24],Divorced,0.14
MKD,The former Yugoslav Republic of Macedonia,Europe,1994,Men,[20-24],Married,21.53
MKD,The former Yugoslav Republic of Macedonia,Europe,1994,Men,[25-29],Divorced,0.5
MKD,The former Yugoslav Republic of Macedonia,Europe,1994,Men,[25-29],Married,61.43
MKD,The former Yugoslav Republic of Macedonia,Europe,1994,Men,[30-34],Divorced,0.86
MKD,The former Yugoslav Republic of Macedonia,Europe,1994,Men,[30-34],Married,82.59
MKD,The former Yugoslav Republic of Macedonia,Europe,1994,Men,[35-39],Divorced,1.19
MKD,The former Yugoslav Republic of Macedonia,Europe,1994,Men,[35-39],Married,90.74
MKD,The former Yugoslav Republic of Macedonia,Europe,1994,Men,[40-44],Divorced,1.2
MKD,The former Yugoslav Republic of Macedonia,Europe,1994,Men,[40-44],Married,94.1
MKD,The former Yugoslav Republic of Macedonia,Europe,1994,Men,[45-49],Divorced,1.09
MKD,The former Yugoslav Republic of Macedonia,Europe,1994,Men,[45-49],Married,95.27
MKD,The former Yugoslav Republic of Macedonia,Europe,1994,Men,[50-54],Divorced,0.82
MKD,The former Yugoslav Republic of Macedonia,Europe,1994,Men,[50-54],Married,95.22
MKD,The former Yugoslav Republic of Macedonia,Europe,1994,Men,[55-59],Divorced,0.7
MKD,The former Yugoslav Republic of Macedonia,Europe,1994,Men,[55-59],Married,93.7
MKD,The former Yugoslav Republic of Macedonia,Europe,1994,Men,[60-64],Divorced,0.67
MKD,The former Yugoslav Republic of Macedonia,Europe,1994,Men,[60-64],Married,91.34
MKD,The former Yugoslav Republic of Macedonia,Europe,1994,Women,[50-54],Divorced,2.2
MKD,The former Yugoslav Republic of Macedonia,Europe,1994,Women,[50-54],Married,86.43
MKD,The former Yugoslav Republic of Macedonia,Europe,1994,Women,[55-59],Divorced,2.09
MKD,The former Yugoslav Republic of Macedonia,Europe,1994,Women,[55-59],Married,81.71
MKD,The former Yugoslav Republic of Macedonia,Europe,1994,Women,[60-64],Divorced,1.81
MKD,The former Yugoslav Republic of Macedonia,Europe,1994,Women,[60-64],Married,74.93
TUR,Turkey,Europe,2014,Men,[15-19],Divorced,0.02
TUR,Turkey,Europe,2014,Men,[15-19],Married,0.48
TUR,Turkey,Europe,2014,Men,[15-19],Separated,0.0
TUR,Turkey,Europe,2014,Men,[20-24],Divorced,0.09
TUR,Turkey,Europe,2014,Men,[20-24],Married,9.63
TUR,Turkey,Europe,2014,Men,[20-24],Separated,0.11
TUR,Turkey,Europe,2014,Men,[25-29],Divorced,1.35
TUR,Turkey,Europe,2014,Men,[25-29],Married,50.83
TUR,Turkey,Europe,2014,Men,[25-29],Separated,0.19
TUR,Turkey,Europe,2014,Men,[30-34],Divorced,2.17
TUR,Turkey,Europe,2014,Men,[30-34],Married,79.46
TUR,Turkey,Europe,2014,Men,[30-34],Separated,0.27
TUR,Turkey,Europe,2014,Men,[35-39],Divorced,2.22
TUR,Turkey,Europe,2014,Men,[35-39],Married,89.56
TUR,Turkey,Europe,2014,Men,[35-39],Separated,0.14
TUR,Turkey,Europe,2014,Men,[40-44],Divorced,2.11
TUR,Turkey,Europe,2014,Men,[40-44],Married,93.3
TUR,Turkey,Europe,2014,Men,[40-44],Separated,0.36
TUR,Turkey,Europe,2014,Men,[45-49],Divorced,2.98
TUR,Turkey,Europe,2014,Men,[45-49],Married,93.01
TUR,Turkey,Europe,2014,Men,[45-49],Separated,0.68
TUR,Turkey,Europe,2014,Men,[50-54],Divorced,2.28
TUR,Turkey,Europe,2014,Men,[50-54],Married,94.14
TUR,Turkey,Europe,2014,Men,[50-54],Separated,0.59
TUR,Turkey,Europe,2014,Men,[55-59],Divorced,2.17
TUR,Turkey,Europe,2014,Men,[55-59],Married,94.66
TUR,Turkey,Europe,2014,Men,[55-59],Separated,0.05
TUR,Turkey,Europe,2014,Men,[60-64],Divorced,2.54
TUR,Turkey,Europe,2014,Men,[60-64],Married,93.11
TUR,Turkey,Europe,2014,Men,[60-64],Separated,0.39
TUR,Turkey,Europe,1990,Men,[65+],Divorced,0.89
TUR,Turkey,Europe,1990,Men,[65+],Married,81.28
TUR,Turkey,Europe,2014,Women,[15-19],Divorced,0.15
TUR,Turkey,Europe,2014,Women,[15-19],Married,6.72
TUR,Turkey,Europe,2014,Women,[15-19],Separated,0.0
TUR,Turkey,Europe,2014,Women,[20-24],Divorced,0.8
TUR,Turkey,Europe,2014,Women,[20-24],Married,41.95
TUR,Turkey,Europe,2014,Women,[20-24],Separated,0.22
TUR,Turkey,Europe,2014,Women,[25-29],Divorced,2.3
TUR,Turkey,Europe,2014,Women,[25-29],Married,75.49
TUR,Turkey,Europe,2014,Women,[25-29],Separated,0.61
TUR,Turkey,Europe,2014,Women,[30-34],Divorced,2.3
TUR,Turkey,Europe,2014,Women,[30-34],Married,87.28
TUR,Turkey,Europe,2014,Women,[30-34],Separated,0.77
TUR,Turkey,Europe,2014,Women,[35-39],Divorced,3.98
TUR,Turkey,Europe,2014,Women,[35-39],Married,88.52
TUR,Turkey,Europe,2014,Women,[35-39],Separated,1.39
TUR,Turkey,Europe,2014,Women,[40-44],Divorced,3.83
TUR,Turkey,Europe,2014,Women,[40-44],Married,89.69
TUR,Turkey,Europe,2014,Women,[40-44],Separated,1.33
TUR,Turkey,Europe,2014,Women,[45-49],Divorced,5.03
TUR,Turkey,Europe,2014,Women,[45-49],Married,86.13
TUR,Turkey,Europe,2014,Women,[45-49],Separated,0.5
TUR,Turkey,Europe,2014,Women,[50-54],Divorced,3.31
TUR,Turkey,Europe,2014,Women,[50-54],Married,86.19
TUR,Turkey,Europe,2014,Women,[50-54],Separated,0.78
TUR,Turkey,Europe,2014,Women,[55-59],Divorced,4.74
TUR,Turkey,Europe,2014,Women,[55-59],Married,78.71
TUR,Turkey,Europe,2014,Women,[55-59],Separated,1.18
TUR,Turkey,Europe,2014,Women,[60-64],Divorced,4.43
TUR,Turkey,Europe,2014,Women,[60-64],Married,68.4
TUR,Turkey,Europe,2014,Women,[60-64],Separated,0.48
TUR,Turkey,Europe,1990,Women,[65+],Divorced,1.05
TUR,Turkey,Europe,1990,Women,[65+],Married,42.94
UKR,Ukraine,Europe,2007,Men,[15-19],Divorced,0.0
UKR,Ukraine,Europe,2007,Men,[15-19],Living together,2.3
UKR,Ukraine,Europe,2007,Men,[15-19],Married,0.7
UKR,Ukraine,Europe,2001,Men,[15-19],Separated,0.02
UKR,Ukraine,Europe,2007,Men,[20-24],Divorced,1.0
UKR,Ukraine,Europe,1989,Men,[20-24],Divorced or Separated,1.5
UKR,Ukraine,Europe,2007,Men,[20-24],Living together,7.0
UKR,Ukraine,Europe,2007,Men,[20-24],Married,15.7
UKR,Ukraine,Europe,2001,Men,[20-24],Separated,0.52
UKR,Ukraine,Europe,2007,Men,[25-29],Divorced,4.7
UKR,Ukraine,Europe,1989,Men,[25-29],Divorced or Separated,4.43
UKR,Ukraine,Europe,2007,Men,[25-29],Living together,10.0
UKR,Ukraine,Europe,2007,Men,[25-29],Married,50.3
UKR,Ukraine,Europe,2001,Men,[25-29],Separated,1.5
UKR,Ukraine,Europe,2007,Men,[30-34],Divorced,11.5
UKR,Ukraine,Europe,1989,Men,[30-34],Divorced or Separated,6.35
UKR,Ukraine,Europe,2007,Men,[30-34],Living together,6.2
UKR,Ukraine,Europe,2007,Men,[30-34],Married,62.9
UKR,Ukraine,Europe,2001,Men,[30-34],Separated,1.9
UKR,Ukraine,Europe,2007,Men,[35-39],Divorced,10.4
UKR,Ukraine,Europe,1989,Men,[35-39],Divorced or Separated,7.36
UKR,Ukraine,Europe,2007,Men,[35-39],Living together,6.1
UKR,Ukraine,Europe,2007,Men,[35-39],Married,72.1
UKR,Ukraine,Europe,2001,Men,[35-39],Separated,1.8
UKR,Ukraine,Europe,2007,Men,[40-44],Divorced,12.6
UKR,Ukraine,Europe,1989,Men,[40-44],Divorced or Separated,7.92
UKR,Ukraine,Europe,2007,Men,[40-44],Living together,4.5
UKR,Ukraine,Europe,2007,Men,[40-44],Married,74.8
UKR,Ukraine,Europe,2001,Men,[40-44],Separated,1.73
UKR,Ukraine,Europe,2007,Men,[45-49],Divorced,9.1
UKR,Ukraine,Europe,1989,Men,[45-49],Divorced or Separated,7.6
UKR,Ukraine,Europe,2007,Men,[45-49],Living together,5.2
UKR,Ukraine,Europe,2007,Men,[45-49],Married,76.8
UKR,Ukraine,Europe,2001,Men,[45-49],Separated,1.59
UKR,Ukraine,Europe,2001,Men,[50-54],Divorced,8.34
UKR,Ukraine,Europe,1989,Men,[50-54],Divorced or Separated,6.34
UKR,Ukraine,Europe,2001,Men,[50-54],Married,79.41
UKR,Ukraine,Europe,2001,Men,[50-54],Separated,1.37
UKR,Ukraine,Europe,2001,Men,[55-59],Divorced,6.82
UKR,Ukraine,Europe,1989,Men,[55-59],Divorced or Separated,4.45
UKR,Ukraine,Europe,2001,Men,[55-59],Married,80.07
UKR,Ukraine,Europe,2001,Men,[55-59],Separated,1.13
UKR,Ukraine,Europe,2001,Men,[60-64],Divorced,5.22
UKR,Ukraine,Europe,1989,Men,[60-64],Divorced or Separated,3.37
UKR,Ukraine,Europe,2001,Men,[60-64],Married,79.31
UKR,Ukraine,Europe,2001,Men,[60-64],Separated,0.88
UKR,Ukraine,Europe,2012,Women,[15-19],Divorced,0.27
UKR,Ukraine,Europe,1999,Women,[15-19],Divorced or Separated,0.5
UKR,Ukraine,Europe,2012,Women,[15-19],Living together,2.14
UKR,Ukraine,Europe,2012,Women,[15-19],Married,4.34
UKR,Ukraine,Europe,2012,Women,[15-19],Separated,0.4
UKR,Ukraine,Europe,2012,Women,[20-24],Divorced,1.63
UKR,Ukraine,Europe,1999,Women,[20-24],Divorced or Separated,5.2
UKR,Ukraine,Europe,2012,Women,[20-24],Living together,7.63
UKR,Ukraine,Europe,2012,Women,[20-24],Married,39.72
UKR,Ukraine,Europe,2012,Women,[20-24],Separated,4.38
UKR,Ukraine,Europe,2012,Women,[25-29],Divorced,5.43
UKR,Ukraine,Europe,1999,Women,[25-29],Divorced or Separated,10.4
UKR,Ukraine,Europe,2012,Women,[25-29],Living together,4.43
UKR,Ukraine,Europe,2012,Women,[25-29],Married,65.56
UKR,Ukraine,Europe,2012,Women,[25-29],Separated,4.36
UKR,Ukraine,Europe,2012,Women,[30-34],Divorced,11.77
UKR,Ukraine,Europe,1999,Women,[30-34],Divorced or Separated,10.8
UKR,Ukraine,Europe,2012,Women,[30-34],Living together,4.75
UKR,Ukraine,Europe,2012,Women,[30-34],Married,71.95
UKR,Ukraine,Europe,2012,Women,[30-34],Separated,3.13
UKR,Ukraine,Europe,2012,Women,[35-39],Divorced,13.67
UKR,Ukraine,Europe,1999,Women,[35-39],Divorced or Separated,14.5
UKR,Ukraine,Europe,2012,Women,[35-39],Living together,4.21
UKR,Ukraine,Europe,2012,Women,[35-39],Married,71.83
UKR,Ukraine,Europe,2012,Women,[35-39],Separated,2.22
UKR,Ukraine,Europe,2012,Women,[40-44],Divorced,18.46
UKR,Ukraine,Europe,1999,Women,[40-44],Divorced or Separated,14.7
UKR,Ukraine,Europe,2012,Women,[40-44],Living together,2.73
UKR,Ukraine,Europe,2012,Women,[40-44],Married,67.79
UKR,Ukraine,Europe,2012,Women,[40-44],Separated,3.41
UKR,Ukraine,Europe,2012,Women,[45-49],Divorced,17.35
UKR,Ukraine,Europe,1989,Women,[45-49],Divorced or Separated,12.5
UKR,Ukraine,Europe,2012,Women,[45-49],Living together,2.46
UKR,Ukraine,Europe,2012,Women,[45-49],Married,67.34
UKR,Ukraine,Europe,2012,Women,[45-49],Separated,3.08
UKR,Ukraine,Europe,2001,Women,[50-54],Divorced,13.19
UKR,Ukraine,Europe,1989,Women,[50-54],Divorced or Separated,11.56
UKR,Ukraine,Europe,2001,Women,[50-54],Married,64.52
UKR,Ukraine,Europe,2001,Women,[50-54],Separated,1.61
UKR,Ukraine,Europe,2001,Women,[55-59],Divorced,10.97
UKR,Ukraine,Europe,1989,Women,[55-59],Divorced or Separated,9.33
UKR,Ukraine,Europe,2001,Women,[55-59],Married,58.92
UKR,Ukraine,Europe,2001,Women,[55-59],Separated,1.38
UKR,Ukraine,Europe,2001,Women,[60-64],Divorced,8.84
UKR,Ukraine,Europe,1989,Women,[60-64],Divorced or Separated,8.29
UKR,Ukraine,Europe,2001,Women,[60-64],Married,51.72
UKR,Ukraine,Europe,2001,Women,[60-64],Separated,1.16
GBR,United Kingdom,Europe,2011,Men,[15-19],Divorced,0.05
GBR,United Kingdom,Europe,1971,Men,[15-19],Divorced or Separated,0.0
GBR,United Kingdom,Europe,2011,Men,[15-19],Married,0.25
GBR,United Kingdom,Europe,2011,Men,[20-24],Divorced,0.12
GBR,United Kingdom,Europe,1971,Men,[20-24],Divorced or Separated,0.16
GBR,United Kingdom,Europe,2011,Men,[20-24],Married,2.85
GBR,United Kingdom,Europe,2011,Men,[25-29],Divorced,0.55
GBR,United Kingdom,Europe,1971,Men,[25-29],Divorced or Separated,0.86
GBR,United Kingdom,Europe,2011,Men,[25-29],Married,18.13
GBR,United Kingdom,Europe,2011,Men,[30-34],Divorced,1.68
GBR,United Kingdom,Europe,1971,Men,[30-34],Divorced or Separated,1.65
GBR,United Kingdom,Europe,2011,Men,[30-34],Married,40.89
GBR,United Kingdom,Europe,2011,Men,[35-39],Divorced,3.53
GBR,United Kingdom,Europe,1971,Men,[35-39],Divorced or Separated,1.51
GBR,United Kingdom,Europe,2011,Men,[35-39],Married,54.05
GBR,United Kingdom,Europe,2011,Men,[40-44],Divorced,5.97
GBR,United Kingdom,Europe,1971,Men,[40-44],Divorced or Separated,1.67
GBR,United Kingdom,Europe,2011,Men,[40-44],Married,59.27
GBR,United Kingdom,Europe,2011,Men,[45-49],Divorced,8.36
GBR,United Kingdom,Europe,1971,Men,[45-49],Divorced or Separated,1.53
GBR,United Kingdom,Europe,2011,Men,[45-49],Married,62.72
GBR,United Kingdom,Europe,2011,Men,[50-54],Divorced,10.01
GBR,United Kingdom,Europe,1971,Men,[50-54],Divorced or Separated,1.49
GBR,United Kingdom,Europe,2011,Men,[50-54],Married,66.51
GBR,United Kingdom,Europe,2011,Men,[55-59],Divorced,10.43
GBR,United Kingdom,Europe,1971,Men,[55-59],Divorced or Separated,1.15
GBR,United Kingdom,Europe,2011,Men,[55-59],Married,69.99
GBR,United Kingdom,Europe,2011,Men,[60-64],Divorced,9.78
GBR,United Kingdom,Europe,1971,Men,[60-64],Divorced or Separated,1.17
GBR,United Kingdom,Europe,2011,Men,[60-64],Married,73.2
GBR,United Kingdom,Europe,1971,Men,[65+],Divorced or Separated,0.59
GBR,United Kingdom,Europe,1971,Men,[65+],Married,72.1
GBR,United Kingdom,Europe,2011,Women,[15-19],Divorced,0.05
GBR,United Kingdom,Europe,1971,Women,[15-19],Divorced or Separated,0.01
GBR,United Kingdom,Europe,2011,Women,[15-19],Married,0.39
GBR,United Kingdom,Europe,2011,Women,[20-24],Divorced,0.21
GBR,United Kingdom,Europe,1971,Women,[20-24],Divorced or Separated,0.46
GBR,United Kingdom,Europe,2011,Women,[20-24],Married,6.87
GBR,United Kingdom,Europe,2011,Women,[25-29],Divorced,1.13
GBR,United Kingdom,Europe,1971,Women,[25-29],Divorced or Separated,1.55
GBR,United Kingdom,Europe,2011,Women,[25-29],Married,28.72
GBR,United Kingdom,Europe,2011,Women,[30-34],Divorced,3.06
GBR,United Kingdom,Europe,1971,Women,[30-34],Divorced or Separated,2.21
GBR,United Kingdom,Europe,2011,Women,[30-34],Married,49.45
GBR,United Kingdom,Europe,2011,Women,[35-39],Divorced,6.08
GBR,United Kingdom,Europe,1971,Women,[35-39],Divorced or Separated,2.52
GBR,United Kingdom,Europe,2011,Women,[35-39],Married,58.41
GBR,United Kingdom,Europe,2011,Women,[40-44],Divorced,9.83
GBR,United Kingdom,Europe,1971,Women,[40-44],Divorced or Separated,2.15
GBR,United Kingdom,Europe,2011,Women,[40-44],Married,61.17
GBR,United Kingdom,Europe,2011,Women,[45-49],Divorced,12.56
GBR,United Kingdom,Europe,1971,Women,[45-49],Divorced or Separated,2.19
GBR,United Kingdom,Europe,2011,Women,[45-49],Married,63.29
GBR,United Kingdom,Europe,2011,Women,[50-54],Divorced,13.71
GBR,United Kingdom,Europe,1971,Women,[50-54],Divorced or Separated,2.01
GBR,United Kingdom,Europe,2011,Women,[50-54],Married,66.13
GBR,United Kingdom,Europe,2011,Women,[55-59],Divorced,13.81
GBR,United Kingdom,Europe,1971,Women,[55-59],Divorced or Separated,1.85
GBR,United Kingdom,Europe,2011,Women,[55-59],Married,68.1
GBR,United Kingdom,Europe,2011,Women,[60-64],Divorced,13.04
GBR,United Kingdom,Europe,1971,Women,[60-64],Divorced or Separated,1.55
GBR,United Kingdom,Europe,2011,Women,[60-64],Married,68.62
GBR,United Kingdom,Europe,1971,Women,[65+],Divorced or Separated,0.71
GBR,United Kingdom,Europe,1971,Women,[65+],Married,34.85
