code,country,continent,year,value
ABW,Aruba,North America,2000,3.29140996932983
ABW,Aruba,North America,2001,0.519829988479614
ABW,Aruba,North America,2002,1.94416999816895
ABW,Aruba,North America,2003,2.75967001914978
ABW,Aruba,North America,2004,2.03861999511719
ABW,Aruba,North America,2005,0.536949992179871
ABW,Aruba,North America,2006,1.65373003482819
ABW,Aruba,North America,2007,3.47341990470886
ABW,Aruba,North America,2008,2.63326001167297
ABW,Aruba,North America,2009,0.859709978103638
ABW,Aruba,North America,2014,1.75539994239807
AGO,Angola,Africa,2008,11.1943702697754
AGO,Angola,Africa,2009,12.3820295333862
AGO,Angola,Africa,2010,11.8253032356237
AGO,Angola,Africa,2011,12.3548898696899
ALB,Albania,Europe,2000,3.1405599117279
ALB,Albania,Europe,2001,3.11346006393433
ALB,Albania,Europe,2003,1.33887004852295
ALB,Albania,Europe,2004,3.56275010108948
ALB,Albania,Europe,2008,6.73450994491577
ALB,Albania,Europe,2009,5.63090991973877
ALB,Albania,Europe,2010,6.21745775060864
ALB,Albania,Europe,2011,4.50201361249146
ALB,Albania,Europe,2012,2.83354410369902
ALB,Albania,Europe,2013,3.15806658979827
ALB,Albania,Europe,2014,0.383619986322272
ALB,Albania,Europe,2015,0.17577743160329
ALB,Albania,Europe,2016,0.116127897354125
ALB,Albania,Europe,2017,0.687000421293572
ALB,Albania,Europe,2018,1.36746172318297
ALB,Albania,Europe,2019,2.1948544292611
ALB,Albania,Europe,2020,3.96765995025635
ALB,Albania,Europe,2021,6.66523736600306
ALB,Albania,Europe,2022,8.47796728855099
AND,Andorra,Europe,2014,9.35560035705566
AND,Andorra,Europe,2015,8.70213031768799
AND,Andorra,Europe,2016,6.68666982650757
AND,Andorra,Europe,2017,6.36901998519897
AND,Andorra,Europe,2018,6.01929998397827
AND,Andorra,Europe,2019,7.06861019134521
AND,Andorra,Europe,2020,8.19291973114014
AND,Andorra,Europe,2021,7.16157007217407
AND,Andorra,Europe,2022,6.75347995758057
ARE,United Arab Emirates,Asia,2004,7.49269008636475
ARE,United Arab Emirates,Asia,2005,8.15991973876953
ARE,United Arab Emirates,Asia,2006,7.63355016708374
ARE,United Arab Emirates,Asia,2018,0.91313244200475
ARE,United Arab Emirates,Asia,2019,0.210391466088542
ARE,United Arab Emirates,Asia,2020,0.120099650250343
ARE,United Arab Emirates,Asia,2021,0.295246591684059
ARE,United Arab Emirates,Asia,2022,0.0034098408005504
ARG,Argentina,North America,2000,0.541800022125244
ARG,Argentina,North America,2001,0.586939990520477
ARG,Argentina,North America,2002,0.579219996929169
ARG,Argentina,North America,2003,0.505909979343414
ARG,Argentina,North America,2004,0.124030001461506
ARG,Argentina,North America,2005,0.282070010900497
ARG,Argentina,North America,2006,0.438419997692108
ARG,Argentina,North America,2007,0.555310010910034
ARG,Argentina,North America,2008,0.481610000133514
ARG,Argentina,North America,2009,0.457100003957748
ARG,Argentina,North America,2010,0.17116501610443
ARG,Argentina,North America,2011,0.0094675036029475
ARG,Argentina,North America,2012,0.0208660104068756
ARG,Argentina,North America,2013,0.0693676303766887
ARG,Argentina,North America,2014,0.201323988055031
ARG,Argentina,North America,2015,0.316380499170974
ARG,Argentina,North America,2016,0.514204110325914
ARG,Argentina,North America,2017,0.58172648204325
ARG,Argentina,North America,2018,0.640150279234801
ARG,Argentina,North America,2019,0.619989140117256
ARG,Argentina,North America,2020,0.831545735498041
ARG,Argentina,North America,2021,0.794044917044044
ARG,Argentina,North America,2022,0.747436006133423
ARM,Armenia,Asia,2002,8.39183044433594
ARM,Armenia,Asia,2003,7.308189868927
ARM,Armenia,Asia,2005,6.77396011352539
ARM,Armenia,Asia,2006,4.33794021606445
ARM,Armenia,Asia,2007,1.81366002559662
ARM,Armenia,Asia,2011,4.98233985900879
ARM,Armenia,Asia,2012,5.37150001525879
ARM,Armenia,Asia,2013,5.93837022781372
ARM,Armenia,Asia,2014,8.25212001800537
ARM,Armenia,Asia,2015,7.02592992782593
ARM,Armenia,Asia,2016,7.42097111001022
ARM,Armenia,Asia,2017,7.14211405596931
ARM,Armenia,Asia,2018,7.48834918804651
ARM,Armenia,Asia,2019,8.4054314226094
ARM,Armenia,Asia,2020,8.8741539217861
ARM,Armenia,Asia,2021,7.20160981451873
ARM,Armenia,Asia,2022,5.35996515462635
ATG,Antigua and Barbuda,North America,2007,0.361669987440109
ATG,Antigua and Barbuda,North America,2008,0.250919997692108
ATG,Antigua and Barbuda,North America,2009,1.45594000816345
ATG,Antigua and Barbuda,North America,2010,3.28413009643555
ATG,Antigua and Barbuda,North America,2011,1.34687995910645
ATG,Antigua and Barbuda,North America,2012,0.454120010137558
ATG,Antigua and Barbuda,North America,2013,2.92254694966107
ATG,Antigua and Barbuda,North America,2014,1.16086235489221
ATG,Antigua and Barbuda,North America,2015,0.95145155206453
ATG,Antigua and Barbuda,North America,2016,1.19673419688413
ATG,Antigua and Barbuda,North America,2017,1.36870002746582
ATG,Antigua and Barbuda,North America,2018,0.91236465306969
ATG,Antigua and Barbuda,North America,2019,0.235621611859049
AUS,Australia,Oceania,2000,4.70642995834351
AUS,Australia,Oceania,2001,0.4757199883461
AUS,Australia,Oceania,2002,0.331279993057251
AUS,Australia,Oceania,2003,1.38429999351502
AUS,Australia,Oceania,2004,1.11954998970032
AUS,Australia,Oceania,2005,0.572629988193512
AUS,Australia,Oceania,2006,0.481959998607635
AUS,Australia,Oceania,2007,0.261539995670319
AUS,Australia,Oceania,2008,0.297419995069504
AUS,Australia,Oceania,2009,0.30460000038147
AUS,Australia,Oceania,2010,0.323500007390976
AUS,Australia,Oceania,2011,2.70568990707398
AUS,Australia,Oceania,2012,2.30446004867554
AUS,Australia,Oceania,2013,0.0482699982821941
AUS,Australia,Oceania,2014,0.0719600021839142
AUS,Australia,Oceania,2015,0.0281300004571676
AUS,Australia,Oceania,2016,0.0077800001017749
AUS,Australia,Oceania,2017,0.0577899999916553
AUS,Australia,Oceania,2018,0.191650003194809
AUS,Australia,Oceania,2019,0.214039996266365
AUS,Australia,Oceania,2020,0.580850005149841
AUS,Australia,Oceania,2021,0.367810010910034
AUS,Australia,Oceania,2022,0.296409994363785
AUT,Austria,Europe,2001,1.72769999504089
AUT,Austria,Europe,2002,1.91211998462677
AUT,Austria,Europe,2003,2.00231003761292
AUT,Austria,Europe,2004,1.51944005489349
AUT,Austria,Europe,2005,1.59818994998932
AUT,Austria,Europe,2006,1.95814001560211
AUT,Austria,Europe,2007,1.54342997074127
AUT,Austria,Europe,2008,1.40164005756378
AUT,Austria,Europe,2009,1.41786003112793
AUT,Austria,Europe,2010,1.30095994472504
AUT,Austria,Europe,2011,2.05923008918762
AUT,Austria,Europe,2012,1.92673003673553
AUT,Austria,Europe,2013,1.48000001907349
AUT,Austria,Europe,2014,1.29588997364044
AUT,Austria,Europe,2015,1.34192001819611
AUT,Austria,Europe,2016,1.99799001216888
AUT,Austria,Europe,2017,1.33122003078461
AUT,Austria,Europe,2018,1.25853002071381
AUT,Austria,Europe,2019,1.23357999324799
AUT,Austria,Europe,2020,1.17481005191803
AUT,Austria,Europe,2021,0.947790026664734
AUT,Austria,Europe,2022,1.67592000961304
AZE,Azerbaijan,Asia,2000,8.49330997467041
AZE,Azerbaijan,Asia,2001,11.2771902084351
AZE,Azerbaijan,Asia,2002,11.7476396560669
AZE,Azerbaijan,Asia,2003,13.4315204620361
AZE,Azerbaijan,Asia,2004,12.5180501937866
AZE,Azerbaijan,Asia,2005,13.0197200775147
AZE,Azerbaijan,Asia,2006,12.8424100875854
AZE,Azerbaijan,Asia,2007,13.1863203048706
AZE,Azerbaijan,Asia,2008,13.3261003494263
AZE,Azerbaijan,Asia,2009,11.9742803573608
AZE,Azerbaijan,Asia,2010,12.7540222007177
AZE,Azerbaijan,Asia,2011,10.5536770586698
AZE,Azerbaijan,Asia,2012,7.86047698201053
AZE,Azerbaijan,Asia,2013,1.72342846077506
AZE,Azerbaijan,Asia,2014,0.745260204592587
AZE,Azerbaijan,Asia,2015,1.15666652262265
AZE,Azerbaijan,Asia,2016,0.794810065279541
AZE,Azerbaijan,Asia,2017,2.03496133641486
AZE,Azerbaijan,Asia,2018,3.89434829641888
AZE,Azerbaijan,Asia,2019,8.4502532632876
AZE,Azerbaijan,Asia,2020,8.19320252446633
AZE,Azerbaijan,Asia,2021,8.01099702971196
AZE,Azerbaijan,Asia,2022,4.21760629945864
BDI,Burundi,Africa,2000,57.6782989501953
BDI,Burundi,Africa,2001,48.8359909057617
BDI,Burundi,Africa,2002,48.2017593383789
BDI,Burundi,Africa,2003,44.7832489013672
BDI,Burundi,Africa,2004,43.2330894470215
BDI,Burundi,Africa,2005,39.6177711486816
BDI,Burundi,Africa,2006,22.0833892822266
BDI,Burundi,Africa,2007,14.5802297592163
BDI,Burundi,Africa,2008,6.93048000335693
BDI,Burundi,Africa,2009,9.32454967498779
BDI,Burundi,Africa,2010,5.83619712937235
BDI,Burundi,Africa,2011,5.26817008905179
BDI,Burundi,Africa,2012,6.45815446247371
BDI,Burundi,Africa,2013,11.9428877906623
BDI,Burundi,Africa,2014,8.92743884952403
BDI,Burundi,Africa,2015,11.0972663089659
BDI,Burundi,Africa,2016,12.6695757119224
BDI,Burundi,Africa,2017,16.9222691594483
BDI,Burundi,Africa,2018,19.624214828447
BDI,Burundi,Africa,2019,21.1397608899175
BDI,Burundi,Africa,2020,20.6221497920102
BEL,Belgium,Europe,2001,0.116630002856255
BEL,Belgium,Europe,2002,0.088299997150898
BEL,Belgium,Europe,2003,0.11888000369072
BEL,Belgium,Europe,2004,0.590149998664856
BEL,Belgium,Europe,2005,0.549780011177063
BEL,Belgium,Europe,2006,0.76434999704361
BEL,Belgium,Europe,2007,0.926580011844635
BEL,Belgium,Europe,2008,1.09429001808167
BEL,Belgium,Europe,2009,1.22889995574951
BEL,Belgium,Europe,2010,1.29542005062103
BEL,Belgium,Europe,2011,2.10103988647461
BEL,Belgium,Europe,2012,1.8775600194931
BEL,Belgium,Europe,2013,1.80781996250153
BEL,Belgium,Europe,2014,1.83106994628906
BEL,Belgium,Europe,2015,1.85124003887176
BEL,Belgium,Europe,2016,1.9190399646759
BEL,Belgium,Europe,2017,1.38223004341126
BEL,Belgium,Europe,2018,1.33835995197296
BEL,Belgium,Europe,2019,1.34748995304108
BEL,Belgium,Europe,2020,1.22926998138428
BEL,Belgium,Europe,2021,1.47403001785278
BEL,Belgium,Europe,2022,1.224249958992
BEN,Benin,Africa,2003,20.9946594238281
BEN,Benin,Africa,2004,17.9652690887451
BEN,Benin,Africa,2005,21.7460308074951
BEN,Benin,Africa,2006,19.1513805389404
BEN,Benin,Africa,2008,15.2032098770142
BEN,Benin,Africa,2009,9.47467994689941
BEN,Benin,Africa,2010,7.90986013412476
BEN,Benin,Africa,2011,6.93918991088867
BEN,Benin,Africa,2012,4.1090202331543
BEN,Benin,Africa,2013,3.84315991401672
BEN,Benin,Africa,2014,3.48218011856079
BEN,Benin,Africa,2016,3.03196001052856
BEN,Benin,Africa,2017,7.11569023132324
BEN,Benin,Africa,2018,9.97799968719482
BEN,Benin,Africa,2019,14.4152898788452
BEN,Benin,Africa,2020,14.9921503067017
BEN,Benin,Africa,2021,12.1347198486328
BEN,Benin,Africa,2022,9.61021041870117
BFA,Burkina Faso,Africa,2000,65.0493698120117
BFA,Burkina Faso,Africa,2001,63.9360008239746
BFA,Burkina Faso,Africa,2002,64.7803421020508
BFA,Burkina Faso,Africa,2003,62.3590087890625
BFA,Burkina Faso,Africa,2004,60.145938873291
BFA,Burkina Faso,Africa,2005,55.3110504150391
BFA,Burkina Faso,Africa,2006,51.7279510498047
BFA,Burkina Faso,Africa,2007,46.4918403625488
BFA,Burkina Faso,Africa,2008,40.5445594787598
BFA,Burkina Faso,Africa,2009,37.6110992431641
BFA,Burkina Faso,Africa,2010,41.0314371536782
BFA,Burkina Faso,Africa,2011,36.4810510373382
BFA,Burkina Faso,Africa,2012,35.5844322087457
BFA,Burkina Faso,Africa,2013,34.6926459876261
BFA,Burkina Faso,Africa,2014,33.7585869138285
BFA,Burkina Faso,Africa,2015,32.4978506858145
BFA,Burkina Faso,Africa,2016,27.2310340505434
BFA,Burkina Faso,Africa,2017,26.4000565188786
BFA,Burkina Faso,Africa,2018,24.4469528214246
BFA,Burkina Faso,Africa,2019,25.7999178709986
BFA,Burkina Faso,Africa,2020,28.5216992159643
BFA,Burkina Faso,Africa,2021,29.057991926484
BFA,Burkina Faso,Africa,2022,32.2480013223476
BGD,Bangladesh,Asia,2005,6.82540988922119
BGD,Bangladesh,Asia,2006,7.54250001907349
BGD,Bangladesh,Asia,2008,13.08899974823
BGD,Bangladesh,Asia,2009,12.9277601242065
BGD,Bangladesh,Asia,2010,9.75356960296631
BGD,Bangladesh,Asia,2017,3.27827669628386
BGD,Bangladesh,Asia,2018,3.3579295505516
BGD,Bangladesh,Asia,2022,7.28624245991406
BGR,Bulgaria,Europe,2001,1.56787002086639
BGR,Bulgaria,Europe,2002,0.367559999227524
BGR,Bulgaria,Europe,2003,0.376489996910095
BGR,Bulgaria,Europe,2004,0.399159997701645
BGR,Bulgaria,Europe,2005,0.118249997496605
BGR,Bulgaria,Europe,2006,0.16414999961853
BGR,Bulgaria,Europe,2007,0.0710500031709671
BGR,Bulgaria,Europe,2008,0.0664599984884262
BGR,Bulgaria,Europe,2009,1.04875004291534
BGR,Bulgaria,Europe,2010,0.845589995384216
BGR,Bulgaria,Europe,2011,1.48259997367859
BGR,Bulgaria,Europe,2012,2.50696992874146
BGR,Bulgaria,Europe,2013,3.69968008995056
BGR,Bulgaria,Europe,2014,3.25387001037598
BGR,Bulgaria,Europe,2015,2.9882800579071
BGR,Bulgaria,Europe,2016,3.36121988296509
BGR,Bulgaria,Europe,2017,3.53475999832153
BGR,Bulgaria,Europe,2018,4.03474998474121
BGR,Bulgaria,Europe,2019,4.18113994598389
BGR,Bulgaria,Europe,2020,4.21193981170654
BGR,Bulgaria,Europe,2021,5.04082012176514
BGR,Bulgaria,Europe,2022,5.29597997665405
BHR,Bahrain,Asia,2000,7.0863299369812
BHR,Bahrain,Asia,2001,7.22977018356323
BHR,Bahrain,Asia,2002,8.95053958892822
BHR,Bahrain,Asia,2003,10.7152795791626
BHR,Bahrain,Asia,2004,10.1721000671387
BHR,Bahrain,Asia,2005,9.96265029907227
BHR,Bahrain,Asia,2006,4.41539001464844
BHR,Bahrain,Asia,2011,6.40638882575366
BHR,Bahrain,Asia,2012,0.522209907067951
BHR,Bahrain,Asia,2013,0.419653289956207
BHR,Bahrain,Asia,2014,0.544773047381397
BHR,Bahrain,Asia,2015,1.58912341600881
BHR,Bahrain,Asia,2016,1.68792265332114
BHR,Bahrain,Asia,2017,1.80671642445557
BHR,Bahrain,Asia,2018,2.82811147951097
BHR,Bahrain,Asia,2019,3.01107085515421
BHR,Bahrain,Asia,2022,3.24484274602638
BHS,Bahamas,North America,2004,12.5216598510742
BHS,Bahamas,North America,2005,8.72436046600342
BHS,Bahamas,North America,2006,9.81266975402832
BHS,Bahamas,North America,2007,6.14188003540039
BHS,Bahamas,North America,2008,4.90198993682861
BHS,Bahamas,North America,2009,7.1729998588562
BHS,Bahamas,North America,2010,7.05495566145865
BHS,Bahamas,North America,2011,1.152232410944
BHS,Bahamas,North America,2012,3.21468533583331
BIH,Bosnia and Herzegovina,Europe,2009,13.5393400192261
BIH,Bosnia and Herzegovina,Europe,2010,10.4861698150635
BIH,Bosnia and Herzegovina,Europe,2011,10.3100500106812
BIH,Bosnia and Herzegovina,Europe,2012,11.5513896942139
BIH,Bosnia and Herzegovina,Europe,2013,11.1616401672363
BIH,Bosnia and Herzegovina,Europe,2014,9.87745952606201
BIH,Bosnia and Herzegovina,Europe,2015,7.92539978027344
BIH,Bosnia and Herzegovina,Europe,2016,4.86941003799438
BIH,Bosnia and Herzegovina,Europe,2017,1.96872997283936
BIH,Bosnia and Herzegovina,Europe,2018,0.703859984874725
BIH,Bosnia and Herzegovina,Europe,2020,1.84160995483398
BIH,Bosnia and Herzegovina,Europe,2021,1.55016994476318
BIH,Bosnia and Herzegovina,Europe,2022,1.4964599609375
BLR,Belarus,Europe,2001,0.0
BLR,Belarus,Europe,2002,0.625959992408752
BLR,Belarus,Europe,2003,0.435479998588562
BLR,Belarus,Europe,2004,1.88443005084991
BLR,Belarus,Europe,2005,1.75583004951477
BLR,Belarus,Europe,2006,1.41091001033783
BLR,Belarus,Europe,2007,1.12297999858856
BLR,Belarus,Europe,2008,0.506420016288757
BLR,Belarus,Europe,2009,0.713819980621338
BLR,Belarus,Europe,2010,0.618499994277954
BLR,Belarus,Europe,2011,0.598980009555817
BLR,Belarus,Europe,2012,0.63739001750946
BLR,Belarus,Europe,2013,0.530505461578883
BLR,Belarus,Europe,2014,1.54319002754644
BLR,Belarus,Europe,2015,2.18035643866634
BLR,Belarus,Europe,2016,2.1535689374564
BLR,Belarus,Europe,2017,2.75349159396413
BLR,Belarus,Europe,2018,3.53589282556828
BLR,Belarus,Europe,2019,4.56070969781347
BLR,Belarus,Europe,2020,5.06250961263815
BLR,Belarus,Europe,2021,5.05565105285776
BLR,Belarus,Europe,2022,5.30326525187187
BLZ,Belize,North America,2000,2.46674990653992
BLZ,Belize,North America,2001,2.4143500328064
BLZ,Belize,North America,2003,1.47666001319885
BLZ,Belize,North America,2004,1.44790005683899
BLZ,Belize,North America,2005,0.329270005226135
BLZ,Belize,North America,2006,0.582279980182648
BLZ,Belize,North America,2007,0.828649997711182
BLZ,Belize,North America,2008,0.997940003871918
BLZ,Belize,North America,2009,1.46040999889374
BLZ,Belize,North America,2010,1.52526010940684
BLZ,Belize,North America,2011,1.51814049232353
BLZ,Belize,North America,2012,0.518516704559889
BLZ,Belize,North America,2013,0.0539573032145039
BLZ,Belize,North America,2014,0.498338436658121
BLZ,Belize,North America,2015,0.390109175550429
BLZ,Belize,North America,2016,0.518670482735969
BLZ,Belize,North America,2017,0.25854678010858
BLZ,Belize,North America,2018,0.441112080966086
BLZ,Belize,North America,2019,0.952858294957428
BLZ,Belize,North America,2020,0.576739522689395
BLZ,Belize,North America,2021,4.07249032783547
BLZ,Belize,North America,2022,8.09312885347341
BMU,Bermuda,North America,2005,4.57116985321045
BMU,Bermuda,North America,2011,3.83886003494263
BMU,Bermuda,North America,2012,3.41018009185791
BOL,Bolivia,North America,2000,0.0838799998164177
BOL,Bolivia,North America,2001,0.251419991254807
BOL,Bolivia,North America,2002,0.24685999751091
BOL,Bolivia,North America,2003,0.412429988384247
BOL,Bolivia,North America,2004,0.656499981880188
BOL,Bolivia,North America,2005,0.547129988670349
BOL,Bolivia,North America,2006,0.5244500041008
BOL,Bolivia,North America,2007,0.482520014047623
BOL,Bolivia,North America,2008,0.268099993467331
BOL,Bolivia,North America,2009,1.44128000736237
BOL,Bolivia,North America,2010,4.26254034255191
BOL,Bolivia,North America,2011,6.77400028322132
BOL,Bolivia,North America,2012,9.79274671273579
BOL,Bolivia,North America,2013,10.6139592092445
BOL,Bolivia,North America,2014,11.1278044943419
BOL,Bolivia,North America,2015,11.1102879051895
BOL,Bolivia,North America,2016,10.3521914728104
BOL,Bolivia,North America,2017,8.87407618589682
BOL,Bolivia,North America,2018,7.2001383088624
BOL,Bolivia,North America,2019,5.98522893451079
BOL,Bolivia,North America,2020,5.0455910250841
BOL,Bolivia,North America,2021,4.16318405420753
BOL,Bolivia,North America,2022,3.38125363480333
BRA,Brazil,North America,2012,6.47427988052368
BRA,Brazil,North America,2013,4.52868986129761
BRA,Brazil,North America,2014,4.42409992218018
BRA,Brazil,North America,2015,4.7732400894165
BRA,Brazil,North America,2016,4.40990018844604
BRA,Brazil,North America,2017,4.24059009552002
BRA,Brazil,North America,2018,4.74346017837524
BRA,Brazil,North America,2019,3.94756007194519
BRA,Brazil,North America,2020,4.14600992202759
BRA,Brazil,North America,2021,4.81032991409302
BRA,Brazil,North America,2022,3.34068989753723
BRB,Barbados,North America,2000,0.427060008049011
BRB,Barbados,North America,2001,0.530089974403381
BRB,Barbados,North America,2002,1.02305996417999
BRB,Barbados,North America,2003,0.990580022335052
BRB,Barbados,North America,2004,0.613900005817413
BRB,Barbados,North America,2005,2.64384007453919
BRB,Barbados,North America,2006,1.88023996353149
BRB,Barbados,North America,2007,1.98348999023438
BRB,Barbados,North America,2008,1.93034994602203
BRB,Barbados,North America,2009,3.39891004562378
BRB,Barbados,North America,2010,1.77459939080916
BRB,Barbados,North America,2011,2.02029231663165
BRB,Barbados,North America,2014,5.29744010203152
BRB,Barbados,North America,2015,4.66325971892681
BRB,Barbados,North America,2016,3.94041105338176
BRB,Barbados,North America,2017,6.80986991342993
BRB,Barbados,North America,2018,6.44362412971357
BRB,Barbados,North America,2019,6.34882834825681
BRB,Barbados,North America,2020,7.67228252861142
BRB,Barbados,North America,2021,9.33820950854166
BRB,Barbados,North America,2022,12.0881905727319
BRN,Brunei,Asia,2011,2.98702594901423
BRN,Brunei,Asia,2012,1.5423701844255
BRN,Brunei,Asia,2013,2.13775507957444
BRN,Brunei,Asia,2014,1.21114049649404
BRN,Brunei,Asia,2015,0.761554447001397
BRN,Brunei,Asia,2016,1.63832517733581
BRN,Brunei,Asia,2017,1.5773957106785
BRN,Brunei,Asia,2018,1.62642085453611
BRN,Brunei,Asia,2019,1.50655130224878
BRN,Brunei,Asia,2020,1.09486415206087
BRN,Brunei,Asia,2021,1.79804427168442
BRN,Brunei,Asia,2022,0.942116616954849
BTN,Bhutan,Asia,2000,41.0828704833984
BTN,Bhutan,Asia,2001,38.8311195373535
BTN,Bhutan,Asia,2005,28.7030200958252
BTN,Bhutan,Asia,2006,23.7219905853271
BTN,Bhutan,Asia,2008,16.7646999359131
BTN,Bhutan,Asia,2009,11.7100296020508
BTN,Bhutan,Asia,2010,9.42728042602539
BTN,Bhutan,Asia,2011,8.8895902633667
BTN,Bhutan,Asia,2012,7.61062002182007
BTN,Bhutan,Asia,2013,9.13838958740234
BTN,Bhutan,Asia,2015,10.8466796875
BTN,Bhutan,Asia,2016,11.4570598602295
BTN,Bhutan,Asia,2017,11.7076997756958
BTN,Bhutan,Asia,2018,9.42405986785889
BTN,Bhutan,Asia,2020,5.4622597694397
BTN,Bhutan,Asia,2021,16.1030261464678
BTN,Bhutan,Asia,2022,10.0414276444747
BWA,Botswana,Africa,2000,16.2190494537354
BWA,Botswana,Africa,2001,14.4697198867798
BWA,Botswana,Africa,2002,13.9514999389648
BWA,Botswana,Africa,2003,13.1866998672485
BWA,Botswana,Africa,2004,11.6130304336548
BWA,Botswana,Africa,2005,10.5780096054077
BWA,Botswana,Africa,2006,9.26850032806396
BWA,Botswana,Africa,2007,10.2572898864746
BWA,Botswana,Africa,2008,10.9210395812988
BWA,Botswana,Africa,2009,11.0650501251221
BWA,Botswana,Africa,2012,9.07770840796275
BWA,Botswana,Africa,2013,10.739824280507
BWA,Botswana,Africa,2014,11.9398082011778
BWA,Botswana,Africa,2022,0.535068806191338
CAF,Central African Republic,Africa,2005,57.454418182373
CAF,Central African Republic,Africa,2006,57.2520294189453
CAF,Central African Republic,Africa,2007,50.066478729248
CAF,Central African Republic,Africa,2008,41.808219909668
CAF,Central African Republic,Africa,2009,41.510181427002
CAF,Central African Republic,Africa,2010,38.0749702453613
CAF,Central African Republic,Africa,2011,40.4570083618164
CAF,Central African Republic,Africa,2012,37.8948516845703
CAN,Canada,North America,2000,0.587539970874786
CAN,Canada,North America,2012,0.509159982204437
CAN,Canada,North America,2013,0.613359987735748
CAN,Canada,North America,2014,0.474709987640381
CAN,Canada,North America,2015,0.293339997529984
CAN,Canada,North America,2016,1.44995999336243
CAN,Canada,North America,2017,1.36775994300842
CAN,Canada,North America,2018,1.33824002742767
CAN,Canada,North America,2019,2.81244993209839
CAN,Canada,North America,2020,3.09102988243103
CAN,Canada,North America,2021,4.7703800201416
CAN,Canada,North America,2022,5.26559019088745
CHE,Switzerland,Europe,2000,0.604170024394989
CHE,Switzerland,Europe,2001,0.652800023555756
CHE,Switzerland,Europe,2015,0.0326999984681606
CHE,Switzerland,Europe,2016,0.0869100019335747
CHE,Switzerland,Europe,2017,0.126169994473457
CHE,Switzerland,Europe,2018,0.130789995193481
CHE,Switzerland,Europe,2019,0.105669997632503
CHE,Switzerland,Europe,2020,0.137390002608299
CHE,Switzerland,Europe,2021,0.235210001468658
CHE,Switzerland,Europe,2022,0.263319998979568
CHL,Chile,North America,2007,3.35179996490479
CHL,Chile,North America,2008,3.23663997650146
CHL,Chile,North America,2009,4.81406021118164
CHL,Chile,North America,2010,3.32802009582519
CHL,Chile,North America,2011,3.58455991744995
CHL,Chile,North America,2012,3.39424991607666
CHL,Chile,North America,2013,3.35414004325867
CHL,Chile,North America,2014,2.95795011520386
CHL,Chile,North America,2015,2.72321009635925
CHL,Chile,North America,2016,2.48050999641419
CHL,Chile,North America,2017,2.30256009101868
CHL,Chile,North America,2018,1.90333998203278
CHL,Chile,North America,2019,1.60679996013641
CHL,Chile,North America,2020,2.27495002746582
CHL,Chile,North America,2021,2.16669988632202
CHL,Chile,North America,2022,1.29288005828857
CIV,Côte d'Ivoire,Africa,2000,50.6646385192871
CIV,Côte d'Ivoire,Africa,2001,47.1865310668945
CIV,Côte d'Ivoire,Africa,2002,46.953929901123
CIV,Côte d'Ivoire,Africa,2003,50.8157005310059
CIV,Côte d'Ivoire,Africa,2009,50.9214706420898
CIV,Côte d'Ivoire,Africa,2013,34.2464387845097
CIV,Côte d'Ivoire,Africa,2014,29.5599662881331
CIV,Côte d'Ivoire,Africa,2015,27.2279251430508
CIV,Côte d'Ivoire,Africa,2016,20.1686513051337
CIV,Côte d'Ivoire,Africa,2017,20.4103732311075
CIV,Côte d'Ivoire,Africa,2018,17.0757385775597
CIV,Côte d'Ivoire,Africa,2019,16.2086093922531
CIV,Côte d'Ivoire,Africa,2020,14.9827962161399
CIV,Côte d'Ivoire,Africa,2021,17.0939491495179
CIV,Côte d'Ivoire,Africa,2022,17.5821561930816
CMR,Cameroon,Africa,2008,12.6500797271728
CMR,Cameroon,Africa,2009,9.9284200668335
CMR,Cameroon,Africa,2011,8.54382038116455
CMR,Cameroon,Africa,2012,5.80923986434937
CMR,Cameroon,Africa,2014,5.16913698875997
CMR,Cameroon,Africa,2015,4.77418107009732
CMR,Cameroon,Africa,2016,4.33245409481167
CMR,Cameroon,Africa,2017,5.76880979537964
CMR,Cameroon,Africa,2019,7.45523023605347
CMR,Cameroon,Africa,2021,4.41607154486929
CMR,Cameroon,Africa,2022,3.9333122149023
COG,Congo,Africa,2005,49.7398414611816
COG,Congo,Africa,2006,45.9260482788086
COG,Congo,Africa,2010,13.8628902435303
COG,Congo,Africa,2012,11.6484804153442
COG,Congo,Africa,2018,21.2425899505615
COL,Colombia,North America,2000,0.0
COL,Colombia,North America,2001,0.0
COL,Colombia,North America,2002,0.0
COL,Colombia,North America,2004,0.415069997310638
COL,Colombia,North America,2005,0.326380014419556
COL,Colombia,North America,2006,0.172969996929169
COL,Colombia,North America,2007,0.0850500017404556
COL,Colombia,North America,2008,0.200949996709824
COL,Colombia,North America,2009,0.228180006146431
COL,Colombia,North America,2010,0.269800007343292
COL,Colombia,North America,2011,0.107179999351502
COL,Colombia,North America,2012,1.70736002922058
COL,Colombia,North America,2015,3.39695000648498
COL,Colombia,North America,2016,5.22432994842529
COL,Colombia,North America,2017,4.07456016540527
COL,Colombia,North America,2018,4.69546985626221
COL,Colombia,North America,2019,5.02229022979736
COL,Colombia,North America,2020,6.11108016967773
COL,Colombia,North America,2021,6.98671007156372
COL,Colombia,North America,2022,7.32453012466431
COM,Comoros,Africa,2000,39.1638984680176
COM,Comoros,Africa,2007,26.2812309265137
COM,Comoros,Africa,2013,5.05375930449501
COM,Comoros,Africa,2014,6.28089972449711
COM,Comoros,Africa,2017,8.86785196063006
COM,Comoros,Africa,2018,11.9401956137705
COM,Comoros,Africa,2021,25.5434153759691
COM,Comoros,Africa,2022,19.4387607574463
CPV,Cabo Verde,Africa,2000,3.45282006263733
CPV,Cabo Verde,Africa,2001,4.53566980361938
CPV,Cabo Verde,Africa,2002,4.10925006866455
CPV,Cabo Verde,Africa,2003,3.9976499080658
CPV,Cabo Verde,Africa,2004,5.50094985961914
CPV,Cabo Verde,Africa,2005,5.15364980697632
CPV,Cabo Verde,Africa,2006,5.23484992980957
CPV,Cabo Verde,Africa,2007,6.88785982131958
CPV,Cabo Verde,Africa,2008,7.7829999923706
CPV,Cabo Verde,Africa,2009,8.27340030670166
CPV,Cabo Verde,Africa,2010,8.27373482317009
CPV,Cabo Verde,Africa,2011,7.84996734363823
CPV,Cabo Verde,Africa,2012,5.77352828502107
CPV,Cabo Verde,Africa,2013,5.42655756299117
CPV,Cabo Verde,Africa,2014,5.11967651470684
CPV,Cabo Verde,Africa,2015,4.86389931335114
CPV,Cabo Verde,Africa,2016,5.21048032054347
CPV,Cabo Verde,Africa,2017,5.05447490174618
CPV,Cabo Verde,Africa,2018,3.6877442629522
CPV,Cabo Verde,Africa,2019,3.77161873707918
CPV,Cabo Verde,Africa,2020,5.32445643013652
CPV,Cabo Verde,Africa,2021,4.76350669447622
CPV,Cabo Verde,Africa,2022,41.8359960270029
CRI,Costa Rica,North America,2011,3.03267002105713
CRI,Costa Rica,North America,2012,4.69504976272583
CRI,Costa Rica,North America,2013,6.59241008758545
CRI,Costa Rica,North America,2014,9.12769985198975
CRI,Costa Rica,North America,2015,8.53184032440186
CRI,Costa Rica,North America,2016,7.76833009719849
CRI,Costa Rica,North America,2017,9.89873027801514
CRI,Costa Rica,North America,2018,6.54640007019043
CRI,Costa Rica,North America,2019,4.71710014343262
CRI,Costa Rica,North America,2020,5.30139017105103
CRI,Costa Rica,North America,2021,6.1168098449707
CRI,Costa Rica,North America,2022,5.98677015304565
CUB,Cuba,North America,2000,0.22095000743866
CUB,Cuba,North America,2001,0.0699800029397011
CUB,Cuba,North America,2002,0.181590005755424
CUB,Cuba,North America,2003,0.423949986696243
CUB,Cuba,North America,2004,0.656899988651276
CUB,Cuba,North America,2005,0.792159974575043
CUB,Cuba,North America,2006,1.23802995681763
CUB,Cuba,North America,2007,0.597850024700165
CUB,Cuba,North America,2008,1.56273996829987
CUB,Cuba,North America,2009,1.17026996612549
CUB,Cuba,North America,2010,1.56056413218201
CUB,Cuba,North America,2011,2.36241256433945
CUB,Cuba,North America,2012,2.00190562032461
CUB,Cuba,North America,2013,0.708523511317772
CUB,Cuba,North America,2014,2.06338384690675
CUB,Cuba,North America,2015,2.4115174972359
CUB,Cuba,North America,2016,2.26921230494474
CUB,Cuba,North America,2017,2.43080471195271
CUB,Cuba,North America,2018,2.20112563963043
CUB,Cuba,North America,2019,1.87495679588819
CUB,Cuba,North America,2020,1.31837175454247
CUB,Cuba,North America,2021,1.27271849451752
CUB,Cuba,North America,2022,3.38216573379943
CUW,Curaçao,North America,2020,0.414937914994194
CYM,Cayman Islands,North America,2000,1.42926001548767
CYM,Cayman Islands,North America,2001,1.93438005447388
CYM,Cayman Islands,North America,2002,1.16800999641419
CYM,Cayman Islands,North America,2004,3.79147005081177
CYM,Cayman Islands,North America,2005,9.83170986175537
CYM,Cayman Islands,North America,2006,5.32220983505249
CYM,Cayman Islands,North America,2007,0.724979996681213
CYM,Cayman Islands,North America,2008,4.47187995910645
CYM,Cayman Islands,North America,2011,1.82529335071708
CYM,Cayman Islands,North America,2012,1.49244027518857
CYM,Cayman Islands,North America,2013,2.19835123657257
CYM,Cayman Islands,North America,2018,5.86849432426644
CYM,Cayman Islands,North America,2019,5.87105038428693
CYM,Cayman Islands,North America,2020,3.85526599181564
CYM,Cayman Islands,North America,2021,5.48726953467954
CYM,Cayman Islands,North America,2022,2.65369305616984
CYP,Cyprus,Asia,2001,2.04577994346619
CYP,Cyprus,Asia,2002,1.11097002029419
CYP,Cyprus,Asia,2003,1.02859997749329
CYP,Cyprus,Asia,2004,1.31789994239807
CYP,Cyprus,Asia,2005,0.986530005931854
CYP,Cyprus,Asia,2006,0.319339990615845
CYP,Cyprus,Asia,2007,0.480919986963272
CYP,Cyprus,Asia,2008,0.0305899996310472
CYP,Cyprus,Asia,2009,0.123709999024868
CYP,Cyprus,Asia,2010,0.0345499999821186
CYP,Cyprus,Asia,2011,0.153239995241165
CYP,Cyprus,Asia,2012,1.31052005290985
CYP,Cyprus,Asia,2013,1.63010001182556
CYP,Cyprus,Asia,2014,2.55131006240845
CYP,Cyprus,Asia,2015,1.67755997180939
CYP,Cyprus,Asia,2016,1.37102997303009
CYP,Cyprus,Asia,2017,1.24734997749329
CYP,Cyprus,Asia,2018,0.296350002288818
CYP,Cyprus,Asia,2019,0.200819998979569
CYP,Cyprus,Asia,2020,0.144240006804466
CYP,Cyprus,Asia,2021,0.0223699994385242
CYP,Cyprus,Asia,2022,0.405939996242523
CZE,Czechia,Europe,2007,0.0308100003749132
CZE,Czechia,Europe,2008,0.581330001354218
CZE,Czechia,Europe,2009,0.55799001455307
CZE,Czechia,Europe,2010,1.02986001968384
CZE,Czechia,Europe,2011,1.36269998550415
CZE,Czechia,Europe,2012,0.441210001707077
CZE,Czechia,Europe,2013,0.974690020084381
CZE,Czechia,Europe,2014,1.67104005813599
CZE,Czechia,Europe,2015,2.11766004562378
CZE,Czechia,Europe,2016,2.50768995285034
CZE,Czechia,Europe,2017,2.90678000450134
CZE,Czechia,Europe,2018,2.07468008995056
CZE,Czechia,Europe,2019,1.86357998847961
CZE,Czechia,Europe,2020,1.52471005916596
CZE,Czechia,Europe,2021,0.0971300005912781
CZE,Czechia,Europe,2022,0.0856899991631508
DEU,Germany,Europe,2001,0.490530014038086
DEU,Germany,Europe,2002,2.27610993385315
DEU,Germany,Europe,2003,2.12884998321533
DEU,Germany,Europe,2004,1.98300004005432
DEU,Germany,Europe,2005,1.72378003597259
DEU,Germany,Europe,2006,1.92294001579285
DEU,Germany,Europe,2007,1.61772000789642
DEU,Germany,Europe,2008,1.51818001270294
DEU,Germany,Europe,2009,1.59789001941681
DEU,Germany,Europe,2010,1.08098995685577
DEU,Germany,Europe,2011,0.595790028572083
DEU,Germany,Europe,2012,0.890890002250671
DEU,Germany,Europe,2013,0.912020027637482
DEU,Germany,Europe,2014,1.23104000091553
DEU,Germany,Europe,2015,0.857710003852844
DEU,Germany,Europe,2016,1.74626004695892
DEU,Germany,Europe,2017,1.07963001728058
DEU,Germany,Europe,2018,0.870909988880157
DEU,Germany,Europe,2019,0.956470012664795
DEU,Germany,Europe,2020,1.18655002117157
DEU,Germany,Europe,2021,1.46276998519898
DEU,Germany,Europe,2022,1.91470003128052
DMA,Dominica,North America,2000,3.04787993431091
DMA,Dominica,North America,2001,1.05025005340576
DMA,Dominica,North America,2003,0.743489980697632
DMA,Dominica,North America,2004,1.17472994327545
DMA,Dominica,North America,2005,0.915390014648438
DMA,Dominica,North America,2006,2.01196002960205
DMA,Dominica,North America,2007,7.73723983764648
DMA,Dominica,North America,2008,8.59963035583496
DMA,Dominica,North America,2009,2.91125988960266
DMA,Dominica,North America,2011,1.62335002422333
DMA,Dominica,North America,2012,1.86826002597809
DMA,Dominica,North America,2013,3.3982400894165
DMA,Dominica,North America,2014,2.86443996429443
DMA,Dominica,North America,2015,1.80376005172729
DMA,Dominica,North America,2016,4.01170015335083
DMA,Dominica,North America,2019,6.41575002670288
DMA,Dominica,North America,2020,3.77389001846314
DMA,Dominica,North America,2021,4.09606981277466
DMA,Dominica,North America,2022,3.35298991203308
DNK,Denmark,Europe,2001,0.259959995746612
DNK,Denmark,Europe,2002,0.0011200000299141
DNK,Denmark,Europe,2004,2.45589995384216
DNK,Denmark,Europe,2005,1.9535299539566
DNK,Denmark,Europe,2006,1.05870997905731
DNK,Denmark,Europe,2007,0.507219970226288
DNK,Denmark,Europe,2008,0.603690028190613
DNK,Denmark,Europe,2009,0.491380006074905
DNK,Denmark,Europe,2010,0.60877001285553
DNK,Denmark,Europe,2011,0.485350012779236
DNK,Denmark,Europe,2012,0.414920002222061
DNK,Denmark,Europe,2013,0.495310008525848
DNK,Denmark,Europe,2014,0.616819977760315
DNK,Denmark,Europe,2015,0.625270009040833
DNK,Denmark,Europe,2016,0.676769971847534
DNK,Denmark,Europe,2017,0.561770021915436
DNK,Denmark,Europe,2018,0.381170004606247
DNK,Denmark,Europe,2019,0.403620004653931
DNK,Denmark,Europe,2020,0.355190008878708
DNK,Denmark,Europe,2021,0.469520002603531
DNK,Denmark,Europe,2022,0.586499989032745
DOM,Dominican Republic,North America,2000,12.6465797424316
DOM,Dominican Republic,North America,2002,5.85179996490479
DOM,Dominican Republic,North America,2003,9.24911975860596
DOM,Dominican Republic,North America,2004,14.5052995681763
DOM,Dominican Republic,North America,2005,13.2513799667358
DOM,Dominican Republic,North America,2006,14.3509502410889
DOM,Dominican Republic,North America,2007,8.25644016265869
DOM,Dominican Republic,North America,2008,11.8727197647095
DOM,Dominican Republic,North America,2009,4.05729007720947
DOM,Dominican Republic,North America,2010,4.55734221698252
DOM,Dominican Republic,North America,2011,4.40542306847974
DOM,Dominican Republic,North America,2012,5.48254417092523
DOM,Dominican Republic,North America,2013,5.72176527274455
DOM,Dominican Republic,North America,2014,7.45064382071886
DOM,Dominican Republic,North America,2015,3.94356855291369
DOM,Dominican Republic,North America,2016,3.79415425185588
DOM,Dominican Republic,North America,2017,4.76543424807355
DOM,Dominican Republic,North America,2018,5.53057204658959
DOM,Dominican Republic,North America,2019,3.86338993740577
DOM,Dominican Republic,North America,2020,3.73536975849768
DOM,Dominican Republic,North America,2021,10.2095267173454
DOM,Dominican Republic,North America,2022,6.0125808705002
DZA,Algeria,Africa,2000,5.3092098236084
DZA,Algeria,Africa,2001,2.79631996154785
DZA,Algeria,Africa,2002,1.15476000308991
DZA,Algeria,Africa,2003,0.784990012645721
DZA,Algeria,Africa,2004,0.872579991817474
DZA,Algeria,Africa,2005,0.515110015869141
DZA,Algeria,Africa,2006,0.889069974422455
DZA,Algeria,Africa,2007,1.65556001663208
DZA,Algeria,Africa,2008,1.23504996299744
DZA,Algeria,Africa,2009,1.11155998706818
DZA,Algeria,Africa,2010,1.08396967518221
DZA,Algeria,Africa,2011,0.827806706053841
DZA,Algeria,Africa,2012,0.662716368793761
DZA,Algeria,Africa,2013,0.475690034743869
DZA,Algeria,Africa,2014,0.4791783100002
DZA,Algeria,Africa,2015,0.410926282137215
DZA,Algeria,Africa,2016,0.471027879810881
DZA,Algeria,Africa,2017,0.416762643091073
DZA,Algeria,Africa,2018,0.730036765345809
DZA,Algeria,Africa,2019,1.91476876420127
DZA,Algeria,Africa,2020,0.248356698756073
DZA,Algeria,Africa,2021,0.878874946818741
DZA,Algeria,Africa,2022,2.13045046735116
ECU,Ecuador,North America,2000,6.41556978225708
ECU,Ecuador,North America,2001,5.18198013305664
ECU,Ecuador,North America,2009,0.621930003166199
ECU,Ecuador,North America,2010,0.517664302844536
ECU,Ecuador,North America,2011,0.711394064703969
ECU,Ecuador,North America,2012,1.87300337188493
ECU,Ecuador,North America,2013,1.97253773854759
ECU,Ecuador,North America,2014,1.1351214735924
ECU,Ecuador,North America,2015,2.63607392856799
ECU,Ecuador,North America,2016,2.71477527188863
ECU,Ecuador,North America,2017,2.4621413684255
ECU,Ecuador,North America,2018,1.49970973445513
ECU,Ecuador,North America,2019,1.63090571306541
ECU,Ecuador,North America,2020,1.3624274182174
ECU,Ecuador,North America,2021,1.63506805792928
ECU,Ecuador,North America,2022,1.67517768333642
EGY,Egypt,Africa,2000,15.582010269165
EGY,Egypt,Africa,2001,15.4177703857422
EGY,Egypt,Africa,2002,14.9462099075317
EGY,Egypt,Africa,2003,14.2558097839356
EGY,Egypt,Africa,2004,13.7126197814941
EGY,Egypt,Africa,2005,13.8856897354126
EGY,Egypt,Africa,2006,16.8396797180176
EGY,Egypt,Africa,2007,13.1719999313354
EGY,Egypt,Africa,2009,13.7068300247192
EGY,Egypt,Africa,2010,13.0727596282959
EGY,Egypt,Africa,2011,15.2171497344971
EGY,Egypt,Africa,2012,13.1145896911621
EGY,Egypt,Africa,2014,13.9865160064304
EGY,Egypt,Africa,2016,11.3179491963622
EGY,Egypt,Africa,2017,10.5235897011093
EGY,Egypt,Africa,2018,8.10563926561859
EGY,Egypt,Africa,2019,6.10135668597562
EGY,Egypt,Africa,2020,4.48381671396953
EGY,Egypt,Africa,2021,3.19940245619135
ERI,Eritrea,Africa,2000,36.5699882507324
ERI,Eritrea,Africa,2001,34.3250389099121
ERI,Eritrea,Africa,2002,28.1226100921631
ERI,Eritrea,Africa,2003,22.6242599487305
ERI,Eritrea,Africa,2004,22.527379989624
ERI,Eritrea,Africa,2005,22.6893997192383
ERI,Eritrea,Africa,2006,25.8526592254639
ERI,Eritrea,Africa,2007,32.8462409973145
ERI,Eritrea,Africa,2008,37.5578498840332
ERI,Eritrea,Africa,2009,40.4665489196777
ERI,Eritrea,Africa,2010,42.3246917724609
ERI,Eritrea,Africa,2011,37.2897987365723
ERI,Eritrea,Africa,2012,33.3913612365723
ERI,Eritrea,Africa,2013,33.4121208190918
ERI,Eritrea,Africa,2014,33.0946006774902
ERI,Eritrea,Africa,2015,34.2993698120117
ERI,Eritrea,Africa,2017,39.3629188537598
ERI,Eritrea,Africa,2018,39.3790397644043
ERI,Eritrea,Africa,2022,40.3848114013672
ESP,Spain,Europe,2001,0.0240299999713898
ESP,Spain,Europe,2002,0.0424199998378754
ESP,Spain,Europe,2003,0.0866800025105476
ESP,Spain,Europe,2004,0.0745000019669533
ESP,Spain,Europe,2005,0.144160002470017
ESP,Spain,Europe,2006,0.177520006895065
ESP,Spain,Europe,2007,0.093529999256134
ESP,Spain,Europe,2008,0.561339974403381
ESP,Spain,Europe,2009,0.881820023059845
ESP,Spain,Europe,2010,1.79373002052307
ESP,Spain,Europe,2011,1.96142995357513
ESP,Spain,Europe,2012,2.28696990013123
ESP,Spain,Europe,2013,2.51059007644653
ESP,Spain,Europe,2014,2.61857008934021
ESP,Spain,Europe,2015,2.70952010154724
ESP,Spain,Europe,2016,2.55954003334045
ESP,Spain,Europe,2017,2.33091998100281
ESP,Spain,Europe,2018,2.00254011154175
ESP,Spain,Europe,2019,1.60538005828857
ESP,Spain,Europe,2020,1.38068997859955
ESP,Spain,Europe,2021,1.4162700176239
ESP,Spain,Europe,2022,1.27723002433777
EST,Estonia,Europe,2014,2.44312000274658
EST,Estonia,Europe,2015,2.483069896698
EST,Estonia,Europe,2016,2.45626997947693
EST,Estonia,Europe,2017,2.41259002685547
EST,Estonia,Europe,2018,2.3692901134491
EST,Estonia,Europe,2019,2.26395988464356
EST,Estonia,Europe,2020,2.21795988082886
EST,Estonia,Europe,2021,2.12304997444153
EST,Estonia,Europe,2022,1.82405996322632
ETH,Ethiopia,Africa,2000,61.5542411804199
ETH,Ethiopia,Africa,2001,57.972770690918
ETH,Ethiopia,Africa,2002,56.2633895874023
ETH,Ethiopia,Africa,2003,55.6535682678223
ETH,Ethiopia,Africa,2004,52.8750915527344
ETH,Ethiopia,Africa,2005,42.3287200927734
ETH,Ethiopia,Africa,2006,37.3987007141113
ETH,Ethiopia,Africa,2007,31.8167896270752
ETH,Ethiopia,Africa,2008,25.945779800415
ETH,Ethiopia,Africa,2009,26.2135791778564
ETH,Ethiopia,Africa,2010,28.1761497833359
ETH,Ethiopia,Africa,2011,24.7509994506836
ETH,Ethiopia,Africa,2012,23.7233368600163
ETH,Ethiopia,Africa,2014,19.1339873710117
ETH,Ethiopia,Africa,2015,20.2170982673994
ETH,Ethiopia,Africa,2021,25.7333793640137
ETH,Ethiopia,Africa,2022,24.6450551346419
FIN,Finland,Europe,2001,1.12741994857788
FIN,Finland,Europe,2002,1.10903000831604
FIN,Finland,Europe,2003,1.02573001384735
FIN,Finland,Europe,2004,0.996819972991943
FIN,Finland,Europe,2005,1.01094996929169
FIN,Finland,Europe,2006,1.16890001296997
FIN,Finland,Europe,2007,1.16732001304627
FIN,Finland,Europe,2008,1.12218999862671
FIN,Finland,Europe,2009,1.23624002933502
FIN,Finland,Europe,2010,1.20955002307892
FIN,Finland,Europe,2011,1.12917995452881
FIN,Finland,Europe,2012,1.26225996017456
FIN,Finland,Europe,2013,1.33873999118805
FIN,Finland,Europe,2014,1.33726000785828
FIN,Finland,Europe,2015,1.60240995883942
FIN,Finland,Europe,2016,1.62970995903015
FIN,Finland,Europe,2017,1.82955002784729
FIN,Finland,Europe,2018,1.82132995128632
FIN,Finland,Europe,2019,2.22771000862122
FIN,Finland,Europe,2020,1.89110994338989
FIN,Finland,Europe,2021,1.3612300157547
FIN,Finland,Europe,2022,1.97632002830505
FJI,Fiji,Oceania,2000,6.35805988311768
FJI,Fiji,Oceania,2001,4.65033006668091
FJI,Fiji,Oceania,2002,5.12210988998413
FJI,Fiji,Oceania,2003,8.36145973205566
FJI,Fiji,Oceania,2004,5.45941019058228
FJI,Fiji,Oceania,2006,8.95825958251953
FJI,Fiji,Oceania,2007,10.9447402954102
FJI,Fiji,Oceania,2008,11.9199104309082
FJI,Fiji,Oceania,2009,11.9641103744507
FJI,Fiji,Oceania,2011,11.01828956604
FJI,Fiji,Oceania,2012,9.88424015045166
FJI,Fiji,Oceania,2013,11.1569031498381
FJI,Fiji,Oceania,2014,8.02308248054359
FJI,Fiji,Oceania,2015,5.10934919664608
FJI,Fiji,Oceania,2016,2.00221949434015
FJI,Fiji,Oceania,2017,2.91900955585171
FJI,Fiji,Oceania,2018,2.45947446224569
FJI,Fiji,Oceania,2020,2.82972002029419
FRA,France,Europe,2001,3.6341700553894
FRA,France,Europe,2002,3.70044994354248
FRA,France,Europe,2003,3.93280005455017
FRA,France,Europe,2004,3.92817997932434
FRA,France,Europe,2005,0.0845099985599518
FRA,France,Europe,2006,0.0292399991303682
FRA,France,Europe,2007,0.131740003824234
FRA,France,Europe,2008,0.5035600066185
FRA,France,Europe,2009,0.893509984016418
FRA,France,Europe,2010,1.26804995536804
FRA,France,Europe,2011,0.241819992661476
FRA,France,Europe,2012,0.369890004396439
FRA,France,Europe,2013,0.579230010509491
FRA,France,Europe,2014,1.36187994480133
FRA,France,Europe,2015,0.514980018138885
FRA,France,Europe,2016,0.167199999094009
FRA,France,Europe,2017,0.0584000013768673
FRA,France,Europe,2018,0.0147200003266335
FRA,France,Europe,2019,0.116329997777939
FRA,France,Europe,2020,0.0184300001710653
FRA,France,Europe,2021,0.0704500004649162
FRA,France,Europe,2022,0.0432199984788895
FSM,Micronesia,Oceania,2014,12.9870100021362
FSM,Micronesia,Oceania,2015,17.6378498077393
FSM,Micronesia,Oceania,2016,11.5937074893366
FSM,Micronesia,Oceania,2017,12.8672469850119
FSM,Micronesia,Oceania,2018,6.14532744320414
FSM,Micronesia,Oceania,2019,10.7954932262587
FSM,Micronesia,Oceania,2020,19.0619243545237
FSM,Micronesia,Oceania,2021,19.0655371299907
FSM,Micronesia,Oceania,2022,20.019296568754
GAB,Gabon,Africa,2019,28.7633020707587
GBR,United Kingdom,Europe,2000,0.0518000014126301
GBR,United Kingdom,Europe,2001,0.0480099990963936
GBR,United Kingdom,Europe,2002,0.0260799992829561
GBR,United Kingdom,Europe,2003,0.0422799997031689
GBR,United Kingdom,Europe,2004,0.587080001831055
GBR,United Kingdom,Europe,2005,0.0795800015330315
GBR,United Kingdom,Europe,2006,1.03771996498108
GBR,United Kingdom,Europe,2007,2.36276006698608
GBR,United Kingdom,Europe,2008,0.387609988451004
GBR,United Kingdom,Europe,2009,0.750140011310577
GBR,United Kingdom,Europe,2010,0.558300018310547
GBR,United Kingdom,Europe,2011,1.09949004650116
GBR,United Kingdom,Europe,2012,1.91270995140076
GBR,United Kingdom,Europe,2013,1.90994000434876
GBR,United Kingdom,Europe,2014,1.66442000865936
GBR,United Kingdom,Europe,2015,1.45097005367279
GBR,United Kingdom,Europe,2016,1.26976001262665
GBR,United Kingdom,Europe,2017,0.77581000328064
GBR,United Kingdom,Europe,2018,0.309009999036789
GBR,United Kingdom,Europe,2019,0.0524999983608723
GBR,United Kingdom,Europe,2020,0.0262899994850159
GBR,United Kingdom,Europe,2021,0.0336199998855591
GBR,United Kingdom,Europe,2022,0.0728399977087975
GEO,Georgia,Asia,2006,1.26955997943878
GEO,Georgia,Asia,2008,3.17211008071899
GEO,Georgia,Asia,2009,2.91560006141663
GEO,Georgia,Asia,2011,2.20960248536228
GEO,Georgia,Asia,2012,2.84841000798788
GEO,Georgia,Asia,2013,2.90013914692991
GEO,Georgia,Asia,2014,2.96370116353286
GEO,Georgia,Asia,2015,2.32304961237057
GEO,Georgia,Asia,2016,2.33445316418194
GEO,Georgia,Asia,2017,2.03302100639226
GEO,Georgia,Asia,2018,1.86486849977698
GEO,Georgia,Asia,2019,1.61677448524148
GEO,Georgia,Asia,2020,1.19045852054508
GEO,Georgia,Asia,2021,0.828591063634829
GEO,Georgia,Asia,2022,3.03972745429132
GHA,Ghana,Africa,2000,34.4790916442871
GHA,Ghana,Africa,2001,39.5224685668945
GHA,Ghana,Africa,2002,35.2796211242676
GHA,Ghana,Africa,2003,35.2729797363281
GHA,Ghana,Africa,2005,29.2638492584229
GHA,Ghana,Africa,2006,26.8155899047852
GHA,Ghana,Africa,2007,21.6305999755859
GHA,Ghana,Africa,2008,16.5170497894287
GHA,Ghana,Africa,2009,16.9132099151611
GHA,Ghana,Africa,2011,11.2846919322893
GHA,Ghana,Africa,2012,13.300734156805
GHA,Ghana,Africa,2014,9.497733186379
GHA,Ghana,Africa,2016,0.242064536944613
GHA,Ghana,Africa,2017,6.84285514537015
GHA,Ghana,Africa,2018,8.17129370301409
GHA,Ghana,Africa,2019,5.51481162263524
GHA,Ghana,Africa,2020,10.5618275440431
GHA,Ghana,Africa,2021,9.94091987609863
GIN,Guinea,Africa,2000,54.1141815185547
GIN,Guinea,Africa,2001,51.1916389465332
GIN,Guinea,Africa,2002,44.2641105651855
GIN,Guinea,Africa,2003,41.1897201538086
GIN,Guinea,Africa,2004,38.3889389038086
GIN,Guinea,Africa,2005,36.6825408935547
GIN,Guinea,Africa,2006,34.6816787719727
GIN,Guinea,Africa,2007,32.682991027832
GIN,Guinea,Africa,2008,33.4227485656738
GIN,Guinea,Africa,2009,31.6104202270508
GIN,Guinea,Africa,2010,28.1494102478027
GIN,Guinea,Africa,2011,23.5245208740234
GIN,Guinea,Africa,2012,23.9242496490479
GIN,Guinea,Africa,2013,22.0636291503906
GIN,Guinea,Africa,2014,18.4385299682617
GIN,Guinea,Africa,2016,20.5438709259033
GIN,Guinea,Africa,2020,14.727840423584
GMB,Gambia,Africa,2000,42.9212493896484
GMB,Gambia,Africa,2001,42.8266181945801
GMB,Gambia,Africa,2002,44.4936485290527
GMB,Gambia,Africa,2003,41.3445281982422
GMB,Gambia,Africa,2004,40.6318206787109
GMB,Gambia,Africa,2005,42.1068687438965
GMB,Gambia,Africa,2006,37.7027015686035
GMB,Gambia,Africa,2007,35.6025505065918
GMB,Gambia,Africa,2008,38.9452514648438
GMB,Gambia,Africa,2010,36.8116296744773
GMB,Gambia,Africa,2011,37.989864651392
GMB,Gambia,Africa,2012,35.1453476686549
GMB,Gambia,Africa,2013,34.614606941632
GMB,Gambia,Africa,2014,32.4663892915197
GMB,Gambia,Africa,2015,29.4556407928467
GMB,Gambia,Africa,2016,27.8532262531155
GMB,Gambia,Africa,2017,25.354547948005
GMB,Gambia,Africa,2018,23.6451851290903
GMB,Gambia,Africa,2019,20.2548339318684
GMB,Gambia,Africa,2020,18.4363476820539
GMB,Gambia,Africa,2021,19.0235952871828
GMB,Gambia,Africa,2022,18.7838262836972
GNB,Guinea-Bissau,Africa,2000,50.7555503845215
GNB,Guinea-Bissau,Africa,2010,30.5452404022217
GNQ,Equatorial Guinea,Africa,2000,48.2057914733887
GNQ,Equatorial Guinea,Africa,2001,44.5681381225586
GNQ,Equatorial Guinea,Africa,2002,47.3004302978516
GNQ,Equatorial Guinea,Africa,2003,49.1255989074707
GNQ,Equatorial Guinea,Africa,2008,62.66162109375
GNQ,Equatorial Guinea,Africa,2009,63.1913108825684
GNQ,Equatorial Guinea,Africa,2010,63.6025886535645
GNQ,Equatorial Guinea,Africa,2011,62.9128112792969
GNQ,Equatorial Guinea,Africa,2012,62.3198318481445
GNQ,Equatorial Guinea,Africa,2015,65.5965194702148
GRC,Greece,Europe,2000,0.0751700028777122
GRC,Greece,Europe,2001,0.200609996914864
GRC,Greece,Europe,2002,6.12357997894287
GRC,Greece,Europe,2003,4.14455986022949
GRC,Greece,Europe,2004,2.38952994346619
GRC,Greece,Europe,2005,2.20514011383057
GRC,Greece,Europe,2006,2.82945990562439
GRC,Greece,Europe,2007,2.34447002410889
GRC,Greece,Europe,2010,1.48901998996735
GRC,Greece,Europe,2011,1.58179998397827
GRC,Greece,Europe,2012,1.93592000007629
GRC,Greece,Europe,2013,2.26207995414734
GRC,Greece,Europe,2014,2.8713800907135
GRC,Greece,Europe,2015,2.17934989929199
GRC,Greece,Europe,2016,1.42453002929688
GRC,Greece,Europe,2017,1.97014999389648
GRC,Greece,Europe,2018,2.98123002052307
GRC,Greece,Europe,2019,3.1951699256897
GRC,Greece,Europe,2020,3.72726011276245
GRC,Greece,Europe,2021,3.84676003456116
GRC,Greece,Europe,2022,0.0753500014543533
GRD,Grenada,North America,2002,2.3825900554657
GRD,Grenada,North America,2004,2.13651990890503
GRD,Grenada,North America,2005,6.60389995574951
GRD,Grenada,North America,2007,1.91572999954224
GRD,Grenada,North America,2008,1.57893002033234
GRD,Grenada,North America,2014,4.5355466130114
GRD,Grenada,North America,2016,0.0865800008177757
GRD,Grenada,North America,2018,0.121501026220073
GRD,Grenada,North America,2021,2.84754304913902
GTM,Guatemala,North America,2000,15.154990196228
GTM,Guatemala,North America,2001,16.1009101867676
GTM,Guatemala,North America,2002,12.7253503799438
GTM,Guatemala,North America,2004,8.04778957366943
GTM,Guatemala,North America,2005,6.64855003356934
GTM,Guatemala,North America,2006,5.27443981170654
GTM,Guatemala,North America,2007,4.2272801399231
GTM,Guatemala,North America,2008,3.99958992004394
GTM,Guatemala,North America,2011,2.4260901821598
GTM,Guatemala,North America,2012,5.15038291795052
GTM,Guatemala,North America,2013,7.42013100318753
GTM,Guatemala,North America,2014,9.53211135371939
GTM,Guatemala,North America,2015,10.19061835862
GTM,Guatemala,North America,2016,11.3652133297106
GTM,Guatemala,North America,2017,10.7054545073807
GTM,Guatemala,North America,2018,9.6593614138254
GTM,Guatemala,North America,2019,9.90468186878461
GTM,Guatemala,North America,2020,9.77219899329468
GTM,Guatemala,North America,2021,8.53798022512053
GTM,Guatemala,North America,2022,8.47769769935419
GUY,Guyana,North America,2003,8.23453044891357
GUY,Guyana,North America,2008,0.628979980945587
GUY,Guyana,North America,2009,5.25541019439697
GUY,Guyana,North America,2010,0.530604401702825
GUY,Guyana,North America,2011,0.345719993114471
GUY,Guyana,North America,2012,0.323729404454502
GUY,Guyana,North America,2020,19.0088195800781
GUY,Guyana,North America,2021,19.9746894836426
HKG,Hong Kong,Asia,2001,4.00648021697998
HKG,Hong Kong,Asia,2002,3.69406008720398
HKG,Hong Kong,Asia,2003,2.03981995582581
HKG,Hong Kong,Asia,2004,3.11330008506775
HKG,Hong Kong,Asia,2005,2.12436008453369
HKG,Hong Kong,Asia,2006,1.31664001941681
HKG,Hong Kong,Asia,2007,1.81433999538422
HKG,Hong Kong,Asia,2008,0.472589999437332
HKG,Hong Kong,Asia,2009,0.401609987020493
HKG,Hong Kong,Asia,2010,0.420472386561404
HKG,Hong Kong,Asia,2011,0.286184817975933
HKG,Hong Kong,Asia,2012,0.315737237206978
HKG,Hong Kong,Asia,2013,0.353045901860751
HKG,Hong Kong,Asia,2014,0.786091680882395
HKG,Hong Kong,Asia,2015,0.877625053965235
HKG,Hong Kong,Asia,2016,0.697720405466593
HKG,Hong Kong,Asia,2017,0.220057077715899
HKG,Hong Kong,Asia,2018,0.124767879937478
HKG,Hong Kong,Asia,2019,0.0667712436933145
HKG,Hong Kong,Asia,2020,0.661212928723023
HKG,Hong Kong,Asia,2021,1.03279493025642
HKG,Hong Kong,Asia,2022,1.15464664912498
HND,Honduras,North America,2000,14.7121896743774
HND,Honduras,North America,2003,9.92288017272949
HND,Honduras,North America,2004,8.93632030487061
HND,Honduras,North America,2005,13.0774202346802
HND,Honduras,North America,2006,9.10756969451904
HND,Honduras,North America,2007,14.6691303253174
HND,Honduras,North America,2008,11.9809703826904
HND,Honduras,North America,2009,13.844349861145
HND,Honduras,North America,2010,13.5943002700806
HND,Honduras,North America,2011,14.0416097640991
HND,Honduras,North America,2012,16.7645767906174
HND,Honduras,North America,2013,20.6753152476805
HND,Honduras,North America,2014,21.5601950321529
HND,Honduras,North America,2015,22.7513454121271
HND,Honduras,North America,2016,21.7856407165527
HND,Honduras,North America,2017,20.9860801696777
HND,Honduras,North America,2019,17.8150806427002
HND,Honduras,North America,2020,21.729710561372
HND,Honduras,North America,2021,24.7685124058089
HND,Honduras,North America,2022,23.4711494445801
HRV,Croatia,Europe,2001,0.255400002002716
HRV,Croatia,Europe,2002,0.411909997463226
HRV,Croatia,Europe,2003,0.463899999856949
HRV,Croatia,Europe,2005,0.704639971256256
HRV,Croatia,Europe,2006,0.785380005836487
HRV,Croatia,Europe,2007,0.832889974117279
HRV,Croatia,Europe,2008,1.05741000175476
HRV,Croatia,Europe,2009,2.16769003868103
HRV,Croatia,Europe,2010,0.991599977016449
HRV,Croatia,Europe,2011,1.04421997070312
HRV,Croatia,Europe,2012,1.04625999927521
HRV,Croatia,Europe,2013,1.2602299451828
HRV,Croatia,Europe,2014,1.43523001670837
HRV,Croatia,Europe,2015,1.44624996185303
HRV,Croatia,Europe,2016,1.7360600233078
HRV,Croatia,Europe,2017,1.46489000320435
HRV,Croatia,Europe,2018,1.56895995140076
HRV,Croatia,Europe,2019,1.95966005325317
HRV,Croatia,Europe,2020,1.84271001815796
HRV,Croatia,Europe,2021,1.78707003593445
HRV,Croatia,Europe,2022,1.73281002044678
HUN,Hungary,Europe,2001,1.47645998001099
HUN,Hungary,Europe,2002,0.130569994449616
HUN,Hungary,Europe,2003,0.0206000003963709
HUN,Hungary,Europe,2004,0.0388699993491173
HUN,Hungary,Europe,2005,0.0865499973297119
HUN,Hungary,Europe,2006,0.161819994449616
HUN,Hungary,Europe,2007,0.439900010824203
HUN,Hungary,Europe,2008,0.880060017108917
HUN,Hungary,Europe,2009,1.64837002754211
HUN,Hungary,Europe,2010,2.07813000679016
HUN,Hungary,Europe,2011,2.38243007659912
HUN,Hungary,Europe,2012,1.68873000144958
HUN,Hungary,Europe,2013,2.48352003097534
HUN,Hungary,Europe,2014,3.26400995254517
HUN,Hungary,Europe,2015,3.61199998855591
HUN,Hungary,Europe,2016,3.88337993621826
HUN,Hungary,Europe,2017,3.54883003234863
HUN,Hungary,Europe,2018,2.9096999168396
HUN,Hungary,Europe,2019,2.58413004875183
HUN,Hungary,Europe,2020,2.37002992630005
HUN,Hungary,Europe,2021,1.89661002159119
HUN,Hungary,Europe,2022,1.72841000556946
IDN,Indonesia,Asia,2001,4.12853002548218
IDN,Indonesia,Asia,2002,4.37297010421753
IDN,Indonesia,Asia,2003,4.48488998413086
IDN,Indonesia,Asia,2004,5.15486001968384
IDN,Indonesia,Asia,2005,5.83127021789551
IDN,Indonesia,Asia,2006,4.15090990066528
IDN,Indonesia,Asia,2007,2.0533299446106
IDN,Indonesia,Asia,2008,2.5605800151825
IDN,Indonesia,Asia,2009,0.983319997787476
IDN,Indonesia,Asia,2010,0.390740007162094
IDN,Indonesia,Asia,2011,1.82070004940033
IDN,Indonesia,Asia,2012,0.236179992556572
IDN,Indonesia,Asia,2013,1.82160997390747
IDN,Indonesia,Asia,2014,3.53214001655579
IDN,Indonesia,Asia,2016,6.06454992294312
IDN,Indonesia,Asia,2017,6.3914098739624
IDN,Indonesia,Asia,2018,7.70008881398888
IDN,Indonesia,Asia,2019,1.72217934480862
IDN,Indonesia,Asia,2020,2.67849622229802
IDN,Indonesia,Asia,2021,1.44155336962555
IDN,Indonesia,Asia,2022,1.22579926090747
IND,India,Asia,2000,12.1085500717163
IND,India,Asia,2001,13.7207298278809
IND,India,Asia,2002,13.9906196594238
IND,India,Asia,2003,8.96862983703613
IND,India,Asia,2007,0.892099976539612
IND,India,Asia,2008,0.419730007648468
IND,India,Asia,2009,1.80955004692078
IND,India,Asia,2010,1.13326001167297
IND,India,Asia,2011,2.73112010955811
IND,India,Asia,2012,0.694509983062744
IND,India,Asia,2013,0.431290000677109
IND,India,Asia,2016,4.10680647555128
IND,India,Asia,2017,6.03077755187412
IND,India,Asia,2018,6.37850852665528
IND,India,Asia,2019,7.37287425908954
IND,India,Asia,2020,4.055847428596
IND,India,Asia,2021,2.31276181521054
IND,India,Asia,2022,0.152799044775215
IRL,Ireland,Europe,2001,0.182830005884171
IRL,Ireland,Europe,2002,0.219579994678497
IRL,Ireland,Europe,2003,0.0190200004726648
IRL,Ireland,Europe,2004,0.0919400006532669
IRL,Ireland,Europe,2005,0.258520007133484
IRL,Ireland,Europe,2006,0.117339998483658
IRL,Ireland,Europe,2007,0.175040006637573
IRL,Ireland,Europe,2008,0.0744500011205673
IRL,Ireland,Europe,2009,0.0263599995523691
IRL,Ireland,Europe,2010,0.200080007314682
IRL,Ireland,Europe,2011,0.125499993562698
IRL,Ireland,Europe,2012,0.0578900016844273
IRL,Ireland,Europe,2013,0.0726900026202202
IRL,Ireland,Europe,2014,0.0373600013554096
IRL,Ireland,Europe,2015,0.0488200001418591
IRL,Ireland,Europe,2016,0.0116400001570582
IRL,Ireland,Europe,2017,0.0819799974560738
IRL,Ireland,Europe,2018,0.0976400002837181
IRL,Ireland,Europe,2019,0.294039994478226
IRL,Ireland,Europe,2020,0.113030001521111
IRL,Ireland,Europe,2021,0.854240000247955
IRL,Ireland,Europe,2022,1.81272995471954
IRN,Iran,Asia,2000,16.7202091217041
IRN,Iran,Asia,2002,2.83913993835449
IRN,Iran,Asia,2003,2.3676700592041
IRN,Iran,Asia,2004,1.73846995830536
IRN,Iran,Asia,2005,0.882510006427765
IRN,Iran,Asia,2006,1.12647998332977
IRN,Iran,Asia,2007,5.36992979049683
IRN,Iran,Asia,2009,4.66120004653931
IRN,Iran,Asia,2010,5.51022005081177
IRN,Iran,Asia,2011,4.82334995269775
IRN,Iran,Asia,2012,4.23035001754761
IRN,Iran,Asia,2013,2.18342995643616
IRN,Iran,Asia,2014,3.97034001350403
IRN,Iran,Asia,2015,3.82705998420715
IRN,Iran,Asia,2016,3.49585008621216
IRN,Iran,Asia,2017,2.64989995956421
IRN,Iran,Asia,2019,1.55243003368378
IRN,Iran,Asia,2020,1.82946002483368
IRN,Iran,Asia,2022,0.318129986524582
IRQ,Iraq,Asia,2000,17.6073207855225
IRQ,Iraq,Asia,2003,14.0368204116821
IRQ,Iraq,Asia,2004,14.7915601730347
IRQ,Iraq,Asia,2007,10.7205400466919
ISL,Iceland,Europe,2000,0.86201000213623
ISL,Iceland,Europe,2001,0.681209981441498
ISL,Iceland,Europe,2002,1.17228996753693
ISL,Iceland,Europe,2003,0.938019990921021
ISL,Iceland,Europe,2004,0.93080997467041
ISL,Iceland,Europe,2005,0.853789985179901
ISL,Iceland,Europe,2006,1.08907997608185
ISL,Iceland,Europe,2007,1.42838001251221
ISL,Iceland,Europe,2008,1.55505001544952
ISL,Iceland,Europe,2009,1.57521998882294
ISL,Iceland,Europe,2010,1.17321002483368
ISL,Iceland,Europe,2011,1.25826001167297
ISL,Iceland,Europe,2012,1.13338005542755
ISL,Iceland,Europe,2013,1.19902002811432
ISL,Iceland,Europe,2014,1.17631995677948
ISL,Iceland,Europe,2015,1.26188004016876
ISL,Iceland,Europe,2016,1.03729999065399
ISL,Iceland,Europe,2017,1.06649005413055
ISL,Iceland,Europe,2018,1.1010799407959
ISL,Iceland,Europe,2019,1.18957996368408
ISL,Iceland,Europe,2020,1.42287003993988
ISL,Iceland,Europe,2021,1.42077004909515
ISL,Iceland,Europe,2022,1.51547002792358
ISR,Israel,Asia,2001,2.29412007331848
ISR,Israel,Asia,2002,2.10251998901367
ISR,Israel,Asia,2003,2.86945009231567
ISR,Israel,Asia,2004,2.42937994003296
ISR,Israel,Asia,2005,2.53588008880615
ISR,Israel,Asia,2006,2.43934011459351
ISR,Israel,Asia,2007,1.87901997566223
ISR,Israel,Asia,2008,2.38487005233765
ISR,Israel,Asia,2009,2.07168006896973
ISR,Israel,Asia,2010,0.0802600011229515
ISR,Israel,Asia,2011,0.0801900029182434
ISR,Israel,Asia,2012,0.156880006194115
ISR,Israel,Asia,2013,0.293500006198883
ISR,Israel,Asia,2014,0.437959998846054
ISR,Israel,Asia,2015,0.541029989719391
ISR,Israel,Asia,2016,0.55102002620697
ISR,Israel,Asia,2017,0.766330003738403
ISR,Israel,Asia,2018,0.936749994754791
ISR,Israel,Asia,2019,1.329470038414
ISR,Israel,Asia,2020,1.68349003791809
ISR,Israel,Asia,2021,1.66243004798889
ISR,Israel,Asia,2022,1.94927000999451
ITA,Italy,Europe,2001,0.217999994754791
ITA,Italy,Europe,2002,0.207399994134903
ITA,Italy,Europe,2003,0.283340007066727
ITA,Italy,Europe,2004,0.194749996066093
ITA,Italy,Europe,2005,0.371870011091232
ITA,Italy,Europe,2006,0.381529986858368
ITA,Italy,Europe,2007,0.405420005321503
ITA,Italy,Europe,2008,0.415430009365082
ITA,Italy,Europe,2009,0.304479986429214
ITA,Italy,Europe,2010,0.216879993677139
ITA,Italy,Europe,2011,0.292890012264252
ITA,Italy,Europe,2012,0.336490005254745
ITA,Italy,Europe,2013,0.885320007801056
ITA,Italy,Europe,2014,1.23084998130798
ITA,Italy,Europe,2015,1.49433994293213
ITA,Italy,Europe,2016,1.66491997241974
ITA,Italy,Europe,2017,1.63794004917145
ITA,Italy,Europe,2018,1.57104003429413
ITA,Italy,Europe,2019,1.59695994853973
ITA,Italy,Europe,2020,1.48284995555878
ITA,Italy,Europe,2021,2.10580992698669
ITA,Italy,Europe,2022,2.50709009170532
JAM,Jamaica,North America,2000,10.9308595657349
JAM,Jamaica,North America,2001,11.1548299789429
JAM,Jamaica,North America,2002,12.2631902694702
JAM,Jamaica,North America,2003,13.1452598571777
JAM,Jamaica,North America,2004,10.1137399673462
JAM,Jamaica,North America,2005,10.131950378418
JAM,Jamaica,North America,2013,8.77114266932396
JAM,Jamaica,North America,2014,10.6872061336007
JAM,Jamaica,North America,2015,10.4889723202181
JAM,Jamaica,North America,2016,11.0967238804323
JAM,Jamaica,North America,2017,10.5054161751938
JAM,Jamaica,North America,2018,10.3698033440449
JAM,Jamaica,North America,2019,9.20294558362781
JAM,Jamaica,North America,2020,12.5772199630737
JAM,Jamaica,North America,2021,15.0184428060293
JAM,Jamaica,North America,2022,6.74756453383844
JOR,Jordan,Asia,2000,15.7686595916748
JOR,Jordan,Asia,2002,9.6451997756958
JOR,Jordan,Asia,2003,7.94588994979858
JOR,Jordan,Asia,2004,6.78077983856201
JOR,Jordan,Asia,2005,6.71526002883911
JOR,Jordan,Asia,2006,7.2905101776123
JOR,Jordan,Asia,2007,8.88152980804443
JOR,Jordan,Asia,2008,11.2237300872803
JOR,Jordan,Asia,2010,11.5529499053955
JOR,Jordan,Asia,2011,10.7498598098755
JOR,Jordan,Asia,2012,10.2956600189209
JOR,Jordan,Asia,2013,6.8576241556061
JOR,Jordan,Asia,2016,3.6880442141468
JOR,Jordan,Asia,2017,2.12274590729708
JOR,Jordan,Asia,2018,1.69142687707395
JOR,Jordan,Asia,2019,1.70247676070963
JOR,Jordan,Asia,2020,1.58037543801688
JOR,Jordan,Asia,2021,2.55203758634755
JOR,Jordan,Asia,2022,1.8879125468019
JPN,Japan,Asia,2013,1.14300000667572
JPN,Japan,Asia,2014,0.0842100009322166
JPN,Japan,Asia,2015,0.130360007286072
JPN,Japan,Asia,2016,0.120449997484684
JPN,Japan,Asia,2017,0.0978600010275841
JPN,Japan,Asia,2018,0.110780000686645
JPN,Japan,Asia,2019,0.0807100012898445
JPN,Japan,Asia,2020,0.0939500033855438
JPN,Japan,Asia,2021,0.102399997413158
JPN,Japan,Asia,2022,0.0781000033020973
KAZ,Kazakhstan,Asia,2000,4.31358003616333
KAZ,Kazakhstan,Asia,2001,2.35405993461609
KAZ,Kazakhstan,Asia,2002,2.37242007255554
KAZ,Kazakhstan,Asia,2003,2.2011399269104
KAZ,Kazakhstan,Asia,2004,2.31013989448547
KAZ,Kazakhstan,Asia,2005,2.08781003952026
KAZ,Kazakhstan,Asia,2006,2.37651991844177
KAZ,Kazakhstan,Asia,2007,4.02859020233154
KAZ,Kazakhstan,Asia,2008,5.53429985046387
KAZ,Kazakhstan,Asia,2009,7.05495977401733
KAZ,Kazakhstan,Asia,2010,8.09338753850892
KAZ,Kazakhstan,Asia,2011,7.54337615651484
KAZ,Kazakhstan,Asia,2012,7.59367096053173
KAZ,Kazakhstan,Asia,2013,8.22459296359814
KAZ,Kazakhstan,Asia,2014,8.45308131223036
KAZ,Kazakhstan,Asia,2015,8.35226595228821
KAZ,Kazakhstan,Asia,2016,8.50838610360703
KAZ,Kazakhstan,Asia,2017,5.79874879982089
KAZ,Kazakhstan,Asia,2018,5.05080159474217
KAZ,Kazakhstan,Asia,2019,3.9672980716246
KAZ,Kazakhstan,Asia,2020,10.8403161290154
KAZ,Kazakhstan,Asia,2021,10.9704209174882
KAZ,Kazakhstan,Asia,2022,10.3712054469437
KEN,Kenya,Africa,2000,34.9548683166504
KEN,Kenya,Africa,2001,27.1735706329346
KEN,Kenya,Africa,2002,29.3811798095703
KEN,Kenya,Africa,2003,14.9744300842285
KEN,Kenya,Africa,2004,15.9046497344971
KEN,Kenya,Africa,2005,14.6882095336914
KEN,Kenya,Africa,2006,15.1697702407837
KEN,Kenya,Africa,2007,5.01288986206055
KEN,Kenya,Africa,2008,9.38082027435303
KEN,Kenya,Africa,2009,7.63293981552124
KEN,Kenya,Africa,2012,17.2818298339844
KEN,Kenya,Africa,2021,36.2802190990614
KEN,Kenya,Africa,2022,32.8982475979253
KGZ,Kyrgyzstan,Asia,2000,7.98464012145996
KGZ,Kyrgyzstan,Asia,2001,7.80480003356934
KGZ,Kyrgyzstan,Asia,2002,8.29533004760742
KGZ,Kyrgyzstan,Asia,2003,9.13152980804443
KGZ,Kyrgyzstan,Asia,2004,4.62264013290405
KGZ,Kyrgyzstan,Asia,2005,7.24697017669678
KGZ,Kyrgyzstan,Asia,2006,5.93024015426636
KGZ,Kyrgyzstan,Asia,2007,6.74064016342163
KGZ,Kyrgyzstan,Asia,2008,6.86276006698608
KGZ,Kyrgyzstan,Asia,2009,6.57275009155273
KGZ,Kyrgyzstan,Asia,2010,5.32188194522922
KGZ,Kyrgyzstan,Asia,2011,6.03753195619437
KGZ,Kyrgyzstan,Asia,2012,5.79014528328536
KGZ,Kyrgyzstan,Asia,2013,5.54894369675559
KGZ,Kyrgyzstan,Asia,2014,4.60526315789474
KGZ,Kyrgyzstan,Asia,2015,4.95561985465312
KGZ,Kyrgyzstan,Asia,2016,2.75793381128742
KGZ,Kyrgyzstan,Asia,2017,2.70868961632095
KGZ,Kyrgyzstan,Asia,2018,2.29725085261715
KGZ,Kyrgyzstan,Asia,2019,2.77765811560801
KGZ,Kyrgyzstan,Asia,2020,5.26127817630792
KGZ,Kyrgyzstan,Asia,2021,4.33074022239072
KGZ,Kyrgyzstan,Asia,2022,3.5384658605469
KHM,Cambodia,Asia,2000,10.3800497055054
KHM,Cambodia,Asia,2003,4.07474994659424
KHM,Cambodia,Asia,2006,5.16418981552124
KHM,Cambodia,Asia,2007,4.21115016937256
KHM,Cambodia,Asia,2008,4.94561004638672
KHM,Cambodia,Asia,2010,6.74343013763428
KHM,Cambodia,Asia,2011,1.36066997051239
KHM,Cambodia,Asia,2012,2.57425999641419
KHM,Cambodia,Asia,2014,8.72257995605469
KHM,Cambodia,Asia,2015,8.29053974151611
KHM,Cambodia,Asia,2016,10.0883598327637
KHM,Cambodia,Asia,2017,11.4349203109741
KHM,Cambodia,Asia,2018,10.9248104095459
KHM,Cambodia,Asia,2019,9.30488014221191
KHM,Cambodia,Asia,2020,9.43385982513428
KHM,Cambodia,Asia,2021,11.0478461381042
KHM,Cambodia,Asia,2022,15.7397106595469
KIR,Kiribati,Oceania,2000,2.54417991638184
KIR,Kiribati,Oceania,2014,0.410281017693351
KIR,Kiribati,Oceania,2015,0.933290794875426
KIR,Kiribati,Oceania,2016,1.06016327165012
KIR,Kiribati,Oceania,2017,1.38601527808795
KIR,Kiribati,Oceania,2020,2.05121062042926
KIR,Kiribati,Oceania,2021,2.51002434548242
KIR,Kiribati,Oceania,2022,4.37923997573217
KNA,Saint Kitts and Nevis,North America,2001,2.0030300617218
KNA,Saint Kitts and Nevis,North America,2002,0.0722400024533272
KNA,Saint Kitts and Nevis,North America,2003,1.95024001598358
KNA,Saint Kitts and Nevis,North America,2004,0.0378100015223026
KNA,Saint Kitts and Nevis,North America,2005,1.14293003082275
KNA,Saint Kitts and Nevis,North America,2007,0.860189974308014
KNA,Saint Kitts and Nevis,North America,2008,0.859950006008148
KOR,South Korea,Asia,2000,2.40700006484985
KOR,South Korea,Asia,2001,2.22738003730774
KOR,South Korea,Asia,2002,2.03259992599487
KOR,South Korea,Asia,2003,1.2048499584198
KOR,South Korea,Asia,2004,1.44797003269196
KOR,South Korea,Asia,2005,0.713490009307861
KOR,South Korea,Asia,2006,0.565020024776459
KOR,South Korea,Asia,2007,0.238499999046326
KOR,South Korea,Asia,2008,0.162750005722046
KOR,South Korea,Asia,2009,1.25337994098663
KOR,South Korea,Asia,2010,0.0573799982666969
KOR,South Korea,Asia,2011,0.986370027065277
KOR,South Korea,Asia,2012,1.23126995563507
KOR,South Korea,Asia,2013,2.36279010772705
KOR,South Korea,Asia,2014,2.94554996490479
KOR,South Korea,Asia,2015,0.163190007209778
KOR,South Korea,Asia,2016,0.722010016441345
KOR,South Korea,Asia,2017,1.88926005363464
KOR,South Korea,Asia,2018,1.86303997039795
KOR,South Korea,Asia,2019,0.90709000825882
KOR,South Korea,Asia,2020,1.38424003124237
KOR,South Korea,Asia,2021,1.51373994350433
KOR,South Korea,Asia,2022,1.10347998142242
KWT,Kuwait,Asia,2000,14.9351797103882
KWT,Kuwait,Asia,2001,10.7110204696655
KWT,Kuwait,Asia,2002,5.51201009750366
KWT,Kuwait,Asia,2003,2.60923004150391
KWT,Kuwait,Asia,2004,2.42916989326477
KWT,Kuwait,Asia,2005,2.79453992843628
KWT,Kuwait,Asia,2007,0.499700009822846
KWT,Kuwait,Asia,2008,0.81401002407074
KWT,Kuwait,Asia,2010,0.48067937942944
KWT,Kuwait,Asia,2011,0.0675454839368903
KWT,Kuwait,Asia,2012,1.26546817241164
KWT,Kuwait,Asia,2013,1.77947793655485
KWT,Kuwait,Asia,2014,2.02669437441599
KWT,Kuwait,Asia,2015,3.05243059110593
KWT,Kuwait,Asia,2016,7.46558493279106
LAO,Laos,Asia,2000,25.0247001647949
LAO,Laos,Asia,2001,25.6012496948242
LAO,Laos,Asia,2002,24.1644992828369
LAO,Laos,Asia,2003,21.5431003570557
LAO,Laos,Asia,2004,21.2237701416016
LAO,Laos,Asia,2005,20.5861396789551
LAO,Laos,Asia,2006,20.0300407409668
LAO,Laos,Asia,2007,17.5330009460449
LAO,Laos,Asia,2008,15.2693004608154
LAO,Laos,Asia,2009,12.95458984375
LAO,Laos,Asia,2010,8.25074005126953
LAO,Laos,Asia,2011,7.97373308710307
LAO,Laos,Asia,2012,7.48299684250997
LAO,Laos,Asia,2013,4.98057275980058
LAO,Laos,Asia,2014,3.97502346101157
LAO,Laos,Asia,2015,4.82591130118299
LAO,Laos,Asia,2016,5.25981435635306
LAO,Laos,Asia,2017,6.26849252460245
LAO,Laos,Asia,2018,6.80031670709501
LAO,Laos,Asia,2019,6.65099039707188
LAO,Laos,Asia,2020,6.87788413363922
LAO,Laos,Asia,2021,7.03675063566542
LAO,Laos,Asia,2022,9.39845045605307
LBN,Lebanon,Asia,2000,24.4092903137207
LBN,Lebanon,Asia,2001,24.1490993499756
LBN,Lebanon,Asia,2002,23.2956695556641
LBN,Lebanon,Asia,2003,21.8579196929932
LBN,Lebanon,Asia,2004,20.2724304199219
LBN,Lebanon,Asia,2005,20.3222999572754
LBN,Lebanon,Asia,2006,21.3214702606201
LBN,Lebanon,Asia,2007,21.6821403503418
LBN,Lebanon,Asia,2008,23.2639694213867
LBN,Lebanon,Asia,2009,24.0827407836914
LBN,Lebanon,Asia,2010,23.8363113111734
LBN,Lebanon,Asia,2011,23.0993147823956
LBN,Lebanon,Asia,2012,21.7958519875503
LBN,Lebanon,Asia,2013,19.685642243204
LBN,Lebanon,Asia,2014,26.2789942089134
LBN,Lebanon,Asia,2015,29.2703031140391
LBN,Lebanon,Asia,2016,26.2862572184093
LBN,Lebanon,Asia,2017,24.7399056011243
LBN,Lebanon,Asia,2018,25.299241120254
LBN,Lebanon,Asia,2019,25.9397901461216
LBN,Lebanon,Asia,2020,26.8092277125722
LBN,Lebanon,Asia,2021,28.0006978367062
LBN,Lebanon,Asia,2022,27.1980078749538
LBR,Liberia,Africa,2008,59.5840911865234
LBR,Liberia,Africa,2011,3.94867528650225
LBR,Liberia,Africa,2014,11.4275703430176
LBR,Liberia,Africa,2015,13.6138734282405
LBR,Liberia,Africa,2016,20.3932632474057
LBR,Liberia,Africa,2017,26.4375547197036
LBR,Liberia,Africa,2020,31.3878584438744
LBR,Liberia,Africa,2021,35.4064080069429
LBR,Liberia,Africa,2022,38.2539784581758
LCA,Saint Lucia,North America,2000,8.64202976226807
LCA,Saint Lucia,North America,2001,6.98098993301392
LCA,Saint Lucia,North America,2002,0.334289997816086
LCA,Saint Lucia,North America,2003,1.05356001853943
LCA,Saint Lucia,North America,2004,5.40448999404907
LCA,Saint Lucia,North America,2005,8.11192035675049
LCA,Saint Lucia,North America,2006,6.58044004440308
LCA,Saint Lucia,North America,2007,6.79672002792358
LCA,Saint Lucia,North America,2008,6.16374015808105
LCA,Saint Lucia,North America,2009,4.61792993545532
LCA,Saint Lucia,North America,2010,5.78223991394043
LCA,Saint Lucia,North America,2011,6.82242012023926
LCA,Saint Lucia,North America,2012,7.3386697769165
LCA,Saint Lucia,North America,2013,6.69262981414795
LCA,Saint Lucia,North America,2014,8.08160018920898
LCA,Saint Lucia,North America,2015,6.73954010009766
LCA,Saint Lucia,North America,2016,8.105299949646
LCA,Saint Lucia,North America,2017,7.72205018997192
LCA,Saint Lucia,North America,2018,6.97815990447998
LCA,Saint Lucia,North America,2019,6.0028600692749
LCA,Saint Lucia,North America,2020,5.7933201789856
LCA,Saint Lucia,North America,2021,4.35433480864358
LCA,Saint Lucia,North America,2022,2.11634993553162
LIE,Liechtenstein,Europe,2003,0.772979974746704
LIE,Liechtenstein,Europe,2004,0.425289988517761
LIE,Liechtenstein,Europe,2005,0.284630000591278
LIE,Liechtenstein,Europe,2006,1.10047996044159
LIE,Liechtenstein,Europe,2007,0.956019997596741
LIE,Liechtenstein,Europe,2008,0.782400012016296
LIE,Liechtenstein,Europe,2009,1.43075001239777
LIE,Liechtenstein,Europe,2010,0.764209985733032
LIE,Liechtenstein,Europe,2011,1.25065004825592
LIE,Liechtenstein,Europe,2012,1.52070999145508
LIE,Liechtenstein,Europe,2014,2.34167003631592
LIE,Liechtenstein,Europe,2015,0.0334899984300137
LIE,Liechtenstein,Europe,2016,0.32447999715805
LIE,Liechtenstein,Europe,2017,0.158690005540848
LIE,Liechtenstein,Europe,2018,0.148770004510879
LIE,Liechtenstein,Europe,2019,0.0796599984169006
LIE,Liechtenstein,Europe,2020,0.564339995384216
LIE,Liechtenstein,Europe,2021,0.824760019779205
LKA,Sri Lanka,Asia,2001,3.15190005302429
LKA,Sri Lanka,Asia,2002,4.25479984283447
LKA,Sri Lanka,Asia,2003,5.76747989654541
LKA,Sri Lanka,Asia,2004,7.80247020721435
LKA,Sri Lanka,Asia,2005,8.02285957336426
LKA,Sri Lanka,Asia,2006,7.90616989135742
LKA,Sri Lanka,Asia,2007,7.62405014038086
LKA,Sri Lanka,Asia,2008,7.61494016647339
LKA,Sri Lanka,Asia,2009,8.97640037536621
LKA,Sri Lanka,Asia,2010,7.10472011566162
LKA,Sri Lanka,Asia,2011,7.22096014022827
LKA,Sri Lanka,Asia,2012,7.46273994445801
LKA,Sri Lanka,Asia,2013,6.78231000900269
LKA,Sri Lanka,Asia,2014,6.35449981689453
LKA,Sri Lanka,Asia,2015,3.94148993492127
LKA,Sri Lanka,Asia,2016,3.79003000259399
LKA,Sri Lanka,Asia,2017,4.11144018173218
LKA,Sri Lanka,Asia,2018,4.63569021224976
LKA,Sri Lanka,Asia,2019,0.49204201458139
LKA,Sri Lanka,Asia,2020,0.737028759909918
LKA,Sri Lanka,Asia,2021,1.96734248266145
LKA,Sri Lanka,Asia,2022,7.75457849813972
LSO,Lesotho,Africa,2000,25.4932193756104
LSO,Lesotho,Africa,2001,23.1881198883057
LSO,Lesotho,Africa,2002,20.4187507629394
LSO,Lesotho,Africa,2003,17.9600296020508
LSO,Lesotho,Africa,2004,18.2052497863769
LSO,Lesotho,Africa,2005,16.6606006622314
LSO,Lesotho,Africa,2006,13.9902296066284
LSO,Lesotho,Africa,2007,15.9502296447754
LSO,Lesotho,Africa,2008,15.1876802444458
LSO,Lesotho,Africa,2009,15.8759002685547
LSO,Lesotho,Africa,2010,15.1866703033447
LSO,Lesotho,Africa,2011,14.8736938432399
LSO,Lesotho,Africa,2012,14.7650580935176
LSO,Lesotho,Africa,2013,14.5525177790671
LSO,Lesotho,Africa,2014,15.9375883850288
LSO,Lesotho,Africa,2015,16.6599263903638
LSO,Lesotho,Africa,2016,16.1505096069654
LSO,Lesotho,Africa,2017,14.8123389776046
LSO,Lesotho,Africa,2018,20.19961306989
LSO,Lesotho,Africa,2019,22.8527615852612
LSO,Lesotho,Africa,2020,24.3046350420478
LSO,Lesotho,Africa,2021,30.3230958461402
LSO,Lesotho,Africa,2022,29.3846671417181
LTU,Lithuania,Europe,2001,0.311410009860992
LTU,Lithuania,Europe,2002,0.250869989395142
LTU,Lithuania,Europe,2003,0.110509999096394
LTU,Lithuania,Europe,2013,0.108520001173019
LTU,Lithuania,Europe,2014,0.0652600005269051
LTU,Lithuania,Europe,2015,0.0531999990344048
LTU,Lithuania,Europe,2016,0.142179995775223
LTU,Lithuania,Europe,2017,0.0970399975776672
LTU,Lithuania,Europe,2018,0.166700005531311
LTU,Lithuania,Europe,2019,0.19378000497818
LTU,Lithuania,Europe,2020,0.115029998123646
LTU,Lithuania,Europe,2021,0.0033899999689311
LTU,Lithuania,Europe,2022,0.0236399993300438
LUX,Luxembourg,Europe,2001,3.18755006790161
LUX,Luxembourg,Europe,2002,2.74407005310059
LUX,Luxembourg,Europe,2003,4.41155004501343
LUX,Luxembourg,Europe,2004,4.49625015258789
LUX,Luxembourg,Europe,2005,2.61528992652893
LUX,Luxembourg,Europe,2006,2.94159007072449
LUX,Luxembourg,Europe,2007,3.02447009086609
LUX,Luxembourg,Europe,2008,3.20120000839233
LUX,Luxembourg,Europe,2010,3.86029005050659
LUX,Luxembourg,Europe,2011,4.96324014663696
LUX,Luxembourg,Europe,2012,1.93862998485565
LUX,Luxembourg,Europe,2013,2.71701002120972
LUX,Luxembourg,Europe,2014,3.02064990997314
LUX,Luxembourg,Europe,2015,2.62757992744446
LUX,Luxembourg,Europe,2016,2.61967992782593
LUX,Luxembourg,Europe,2017,3.30612993240356
LUX,Luxembourg,Europe,2018,2.44804000854492
LUX,Luxembourg,Europe,2019,1.47956001758575
LUX,Luxembourg,Europe,2020,1.59484994411469
LUX,Luxembourg,Europe,2021,1.65278995037079
LUX,Luxembourg,Europe,2022,0.345420002937317
LVA,Latvia,Europe,2008,0.0085399998351932
LVA,Latvia,Europe,2009,0.875699996948242
LVA,Latvia,Europe,2010,0.867569983005524
LVA,Latvia,Europe,2011,0.766680002212524
LVA,Latvia,Europe,2012,1.46035003662109
LVA,Latvia,Europe,2013,1.86098003387451
LVA,Latvia,Europe,2014,1.96988999843597
LVA,Latvia,Europe,2015,2.03865003585815
LVA,Latvia,Europe,2016,1.73730003833771
LVA,Latvia,Europe,2017,1.5161999464035
LVA,Latvia,Europe,2018,1.1314400434494
LVA,Latvia,Europe,2019,1.17625999450684
LVA,Latvia,Europe,2020,1.3022700548172
LVA,Latvia,Europe,2021,1.27524995803833
LVA,Latvia,Europe,2022,1.4437700510025
MAC,Macao,Asia,2001,12.3770704269409
MAC,Macao,Asia,2002,9.4634895324707
MAC,Macao,Asia,2003,9.42368984222412
MAC,Macao,Asia,2004,9.00463962554932
MAC,Macao,Asia,2005,10.1669301986694
MAC,Macao,Asia,2006,11.7455101013184
MAC,Macao,Asia,2007,10.7608804702759
MAC,Macao,Asia,2008,10.0964298248291
MAC,Macao,Asia,2009,9.99594974517822
MAC,Macao,Asia,2010,9.47910841255892
MAC,Macao,Asia,2011,7.08396287502698
MAC,Macao,Asia,2012,8.94736842105263
MAC,Macao,Asia,2013,7.74887892376682
MAC,Macao,Asia,2014,4.8942731277533
MAC,Macao,Asia,2015,4.24691358024691
MAC,Macao,Asia,2016,2.44827586206897
MAC,Macao,Asia,2017,2.66998049209189
MAC,Macao,Asia,2018,2.2013422818792
MAC,Macao,Asia,2019,6.13609467455621
MAC,Macao,Asia,2020,9.81147540983607
MAC,Macao,Asia,2021,12.7311557788945
MAC,Macao,Asia,2022,16.3325635103926
MAR,Morocco,Africa,2000,18.7122192382812
MAR,Morocco,Africa,2001,16.2943496704102
MAR,Morocco,Africa,2002,13.819860458374
MAR,Morocco,Africa,2003,12.2828903198242
MAR,Morocco,Africa,2004,12.7745399475098
MAR,Morocco,Africa,2005,12.4429397583008
MAR,Morocco,Africa,2006,11.8320302963257
MAR,Morocco,Africa,2007,11.3597002029419
MAR,Morocco,Africa,2008,11.6580295562744
MAR,Morocco,Africa,2009,12.7129001617432
MAR,Morocco,Africa,2010,8.89751008253184
MAR,Morocco,Africa,2011,7.27160873075193
MAR,Morocco,Africa,2012,7.93019083788596
MAR,Morocco,Africa,2013,6.78384054599872
MAR,Morocco,Africa,2014,7.8231308820608
MAR,Morocco,Africa,2015,10.3631187017355
MAR,Morocco,Africa,2016,8.26307675903486
MAR,Morocco,Africa,2017,7.21811926058377
MAR,Morocco,Africa,2018,5.12410020184331
MAR,Morocco,Africa,2019,3.14722314869336
MAR,Morocco,Africa,2020,0.476719748992441
MAR,Morocco,Africa,2021,0.471040654666576
MDA,Moldova,Europe,2010,8.44932327240687
MDA,Moldova,Europe,2011,8.07318606868293
MDA,Moldova,Europe,2012,8.09503756130031
MDA,Moldova,Europe,2013,7.92692850168168
MDA,Moldova,Europe,2014,0.204722224810801
MDA,Moldova,Europe,2015,0.444744068632185
MDA,Moldova,Europe,2016,0.614516693524164
MDA,Moldova,Europe,2017,0.641054054173843
MDA,Moldova,Europe,2018,0.645779938525673
MDA,Moldova,Europe,2019,1.92910179183696
MDA,Moldova,Europe,2020,0.796509501793802
MDA,Moldova,Europe,2021,0.335578057676418
MDA,Moldova,Europe,2022,0.432474408037575
MDG,Madagascar,Africa,2000,36.935131072998
MDG,Madagascar,Africa,2001,36.1187705993652
MDG,Madagascar,Africa,2002,35.9619293212891
MDG,Madagascar,Africa,2003,27.1870098114014
MDG,Madagascar,Africa,2010,2.03142806059933
MDG,Madagascar,Africa,2011,1.71660389465642
MDG,Madagascar,Africa,2013,2.07505564996774
MDG,Madagascar,Africa,2014,2.02868542137425
MDG,Madagascar,Africa,2015,2.09567436011574
MDG,Madagascar,Africa,2016,2.86686559215041
MDG,Madagascar,Africa,2017,2.1948649329421
MDG,Madagascar,Africa,2018,2.40325755501574
MDG,Madagascar,Africa,2021,2.54610162822651
MDG,Madagascar,Africa,2022,3.15875784433437
MDV,Maldives,Asia,2000,3.16926002502441
MDV,Maldives,Asia,2001,3.33219003677368
MDV,Maldives,Asia,2002,3.50437998771667
MDV,Maldives,Asia,2004,3.58287000656128
MDV,Maldives,Asia,2005,4.22525978088379
MDV,Maldives,Asia,2006,4.31608009338379
MDV,Maldives,Asia,2007,5.39375019073486
MDV,Maldives,Asia,2008,5.41422986984253
MDV,Maldives,Asia,2009,4.4636697769165
MDV,Maldives,Asia,2010,6.23722379051883
MDV,Maldives,Asia,2011,5.38177420899239
MDV,Maldives,Asia,2012,6.27664673679962
MDV,Maldives,Asia,2013,6.59393027338851
MDV,Maldives,Asia,2014,4.78323086316872
MDV,Maldives,Asia,2015,4.82672118337885
MDV,Maldives,Asia,2016,5.72961353322466
MDV,Maldives,Asia,2017,4.97670670461447
MDV,Maldives,Asia,2018,4.87126628732029
MDV,Maldives,Asia,2019,4.44011123778924
MDV,Maldives,Asia,2020,4.54265979244193
MDV,Maldives,Asia,2022,5.37546340201741
MEX,Mexico,North America,2000,0.059969998896122
MEX,Mexico,North America,2001,0.171069994568825
MEX,Mexico,North America,2002,0.25093001127243
MEX,Mexico,North America,2003,0.271899998188019
MEX,Mexico,North America,2004,0.296079993247986
MEX,Mexico,North America,2005,0.214560002088547
MEX,Mexico,North America,2006,0.189689993858337
MEX,Mexico,North America,2007,0.15888999402523
MEX,Mexico,North America,2008,0.096160002052784
MEX,Mexico,North America,2009,0.124130003154278
MEX,Mexico,North America,2010,0.162550002336502
MEX,Mexico,North America,2011,0.207129999995232
MEX,Mexico,North America,2012,0.233600005507469
MEX,Mexico,North America,2013,0.269670009613037
MEX,Mexico,North America,2014,0.314850002527237
MEX,Mexico,North America,2015,0.316359996795654
MEX,Mexico,North America,2016,0.312660008668899
MEX,Mexico,North America,2017,0.333790004253388
MEX,Mexico,North America,2018,0.255989998579025
MEX,Mexico,North America,2019,0.317059993743896
MEX,Mexico,North America,2020,0.29093998670578
MEX,Mexico,North America,2021,0.333270013332367
MEX,Mexico,North America,2022,0.341919988393784
MHL,Marshall Islands,Oceania,2002,3.86519002914429
MHL,Marshall Islands,Oceania,2011,0.114419996738434
MHL,Marshall Islands,Oceania,2015,8.93435001373291
MHL,Marshall Islands,Oceania,2016,5.96778452601003
MHL,Marshall Islands,Oceania,2019,0.995964956788542
MHL,Marshall Islands,Oceania,2020,0.978806441162951
MHL,Marshall Islands,Oceania,2021,0.0378484993869617
MHL,Marshall Islands,Oceania,2022,0.362336825537121
MKD,North Macedonia,Europe,2000,0.0527000017464161
MKD,North Macedonia,Europe,2001,0.264039993286133
MKD,North Macedonia,Europe,2002,0.358339995145798
MKD,North Macedonia,Europe,2003,1.54103004932404
MKD,North Macedonia,Europe,2004,0.880249977111816
MKD,North Macedonia,Europe,2005,1.01267004013062
MKD,North Macedonia,Europe,2006,2.83863997459412
MKD,North Macedonia,Europe,2007,1.70846998691559
MKD,North Macedonia,Europe,2008,4.23100996017456
MKD,North Macedonia,Europe,2009,2.45724010467529
MKD,North Macedonia,Europe,2010,0.319050014019013
MKD,North Macedonia,Europe,2012,2.31207990646362
MKD,North Macedonia,Europe,2013,3.41268992424011
MKD,North Macedonia,Europe,2014,3.87040996551514
MKD,North Macedonia,Europe,2015,2.27909994125366
MKD,North Macedonia,Europe,2017,2.90700006484985
MKD,North Macedonia,Europe,2018,3.34319996833801
MKD,North Macedonia,Europe,2019,7.26470994949341
MKD,North Macedonia,Europe,2020,6.8620400428772
MKD,North Macedonia,Europe,2021,7.36266994476318
MKD,North Macedonia,Europe,2022,2.96356010437012
MLI,Mali,Africa,2002,52.28173828125
MLI,Mali,Africa,2003,51.8875999450684
MLI,Mali,Africa,2004,51.5368003845215
MLI,Mali,Africa,2005,46.5205688476562
MLI,Mali,Africa,2006,45.2731285095215
MLI,Mali,Africa,2007,43.3457984924316
MLI,Mali,Africa,2009,36.7279281616211
MLI,Mali,Africa,2010,35.9002003888327
MLI,Mali,Africa,2011,35.2485645715884
MLI,Mali,Africa,2012,37.5210554716051
MLI,Mali,Africa,2013,41.5862221361924
MLI,Mali,Africa,2014,40.8206150283567
MLI,Mali,Africa,2015,43.43178463111
MLI,Mali,Africa,2016,42.0714618375195
MLI,Mali,Africa,2017,37.0019891312597
MLI,Mali,Africa,2018,45.072078704834
MLT,Malta,Europe,2011,0.0527300015091896
MLT,Malta,Europe,2012,0.267879992723465
MLT,Malta,Europe,2013,1.03968000411987
MLT,Malta,Europe,2014,1.33315002918243
MLT,Malta,Europe,2015,1.23194003105164
MLT,Malta,Europe,2016,1.18001997470856
MLT,Malta,Europe,2017,1.18777000904083
MLT,Malta,Europe,2018,0.628359973430634
MLT,Malta,Europe,2019,1.47456002235413
MLT,Malta,Europe,2020,2.29797005653381
MLT,Malta,Europe,2021,2.58395004272461
MLT,Malta,Europe,2022,2.95251989364624
MMR,Myanmar,Asia,2000,7.2007098197937
MMR,Myanmar,Asia,2001,6.69563007354736
MMR,Myanmar,Asia,2002,8.78116035461426
MMR,Myanmar,Asia,2003,6.23755979537964
MMR,Myanmar,Asia,2004,6.54371976852417
MMR,Myanmar,Asia,2005,5.47386980056763
MMR,Myanmar,Asia,2006,4.69658994674683
MMR,Myanmar,Asia,2007,7.76004981994629
MMR,Myanmar,Asia,2008,1.90114998817444
MMR,Myanmar,Asia,2009,1.684730052948
MMR,Myanmar,Asia,2010,1.40907001495361
MNE,Montenegro,Europe,2003,0.0
MNE,Montenegro,Europe,2005,0.0517700016498566
MNE,Montenegro,Europe,2006,3.30468010902405
MNE,Montenegro,Europe,2007,5.80350017547607
MNE,Montenegro,Europe,2008,5.19102001190185
MNE,Montenegro,Europe,2011,0.365550011396408
MNE,Montenegro,Europe,2012,0.865140020847321
MNE,Montenegro,Europe,2015,0.0383899994194508
MNE,Montenegro,Europe,2016,1.25121998786926
MNE,Montenegro,Europe,2017,0.123250000178814
MNE,Montenegro,Europe,2018,2.28250002861023
MNE,Montenegro,Europe,2019,0.324160009622574
MNE,Montenegro,Europe,2020,0.308450013399124
MNE,Montenegro,Europe,2021,0.17315000295639
MNG,Mongolia,Asia,2000,6.41810989379883
MNG,Mongolia,Asia,2001,5.03170013427734
MNG,Mongolia,Asia,2002,6.38981008529663
MNG,Mongolia,Asia,2003,13.8317499160767
MNG,Mongolia,Asia,2004,7.41993999481201
MNG,Mongolia,Asia,2005,9.32168006896973
MNG,Mongolia,Asia,2006,5.1486701965332
MNG,Mongolia,Asia,2007,4.33163022994995
MNG,Mongolia,Asia,2008,1.78549003601074
MNG,Mongolia,Asia,2009,0.140359997749329
MNG,Mongolia,Asia,2010,0.26078000664711
MNG,Mongolia,Asia,2011,0.190779998898506
MNG,Mongolia,Asia,2012,1.74132001399994
MNG,Mongolia,Asia,2013,4.81134986877441
MNG,Mongolia,Asia,2014,5.43826007843018
MNG,Mongolia,Asia,2015,5.02854013442993
MNG,Mongolia,Asia,2016,4.07902002334595
MNG,Mongolia,Asia,2017,6.20980978012085
MNG,Mongolia,Asia,2018,4.78399050088951
MNG,Mongolia,Asia,2019,5.90250303854234
MNG,Mongolia,Asia,2020,7.69396773007015
MNG,Mongolia,Asia,2021,8.33881016009381
MNG,Mongolia,Asia,2022,7.41599307454662
MOZ,Mozambique,Africa,2000,45.1765899658203
MOZ,Mozambique,Africa,2001,40.4076118469238
MOZ,Mozambique,Africa,2002,44.2234115600586
MOZ,Mozambique,Africa,2004,30.3258209228516
MOZ,Mozambique,Africa,2005,24.8427906036377
MOZ,Mozambique,Africa,2006,20.4916095733643
MOZ,Mozambique,Africa,2007,14.7095203399658
MOZ,Mozambique,Africa,2008,10.6436700820923
MOZ,Mozambique,Africa,2009,8.75417995452881
MOZ,Mozambique,Africa,2010,6.559452309104
MOZ,Mozambique,Africa,2011,7.95243330014954
MOZ,Mozambique,Africa,2012,6.88203119422097
MOZ,Mozambique,Africa,2013,4.98695576938246
MOZ,Mozambique,Africa,2014,3.90419910474139
MOZ,Mozambique,Africa,2015,2.75620945446678
MOZ,Mozambique,Africa,2016,4.48894889129453
MOZ,Mozambique,Africa,2017,6.52273035333077
MOZ,Mozambique,Africa,2018,3.42923909105373
MOZ,Mozambique,Africa,2019,1.26287947037948
MOZ,Mozambique,Africa,2020,0.815585659753502
MOZ,Mozambique,Africa,2022,0.999974790698898
MRT,Mauritania,Africa,2000,40.6455993652344
MRT,Mauritania,Africa,2001,38.0263404846191
MRT,Mauritania,Africa,2002,39.0946083068848
MRT,Mauritania,Africa,2003,36.3771095275879
MRT,Mauritania,Africa,2004,29.5826091766357
MRT,Mauritania,Africa,2005,30.653450012207
MRT,Mauritania,Africa,2006,27.5692195892334
MRT,Mauritania,Africa,2007,25.8888206481934
MRT,Mauritania,Africa,2008,28.6169109344482
MRT,Mauritania,Africa,2009,28.8192691802979
MRT,Mauritania,Africa,2010,28.6183395385742
MRT,Mauritania,Africa,2011,28.8140482329312
MRT,Mauritania,Africa,2012,30.8624895641009
MRT,Mauritania,Africa,2013,29.2575348372561
MRT,Mauritania,Africa,2014,28.0360866015015
MRT,Mauritania,Africa,2015,24.5683180028089
MRT,Mauritania,Africa,2016,32.7170404969266
MRT,Mauritania,Africa,2017,28.8442066497387
MRT,Mauritania,Africa,2018,27.4673756502152
MRT,Mauritania,Africa,2019,30.9051396196951
MRT,Mauritania,Africa,2020,25.3996261081279
MUS,Mauritius,Africa,2000,0.368519991636276
MUS,Mauritius,Africa,2001,0.556050002574921
MUS,Mauritius,Africa,2002,0.542959988117218
MUS,Mauritius,Africa,2003,0.496930003166199
MUS,Mauritius,Africa,2004,1.91969001293182
MUS,Mauritius,Africa,2005,1.73598003387451
MUS,Mauritius,Africa,2006,1.82960999011993
MUS,Mauritius,Africa,2007,2.33944010734558
MUS,Mauritius,Africa,2008,2.33555006980896
MUS,Mauritius,Africa,2009,3.17569994926453
MUS,Mauritius,Africa,2010,3.10436101045923
MUS,Mauritius,Africa,2011,3.62642950093505
MUS,Mauritius,Africa,2012,7.66365273964218
MUS,Mauritius,Africa,2013,5.8927158984684
MUS,Mauritius,Africa,2014,5.50804063217914
MUS,Mauritius,Africa,2015,5.28578678744817
MUS,Mauritius,Africa,2016,5.0050696832939
MUS,Mauritius,Africa,2017,4.69481132564871
MUS,Mauritius,Africa,2018,2.43054808375116
MUS,Mauritius,Africa,2019,4.19625564880568
MUS,Mauritius,Africa,2020,3.64071801130672
MUS,Mauritius,Africa,2021,6.08726625111309
MWI,Malawi,Africa,2004,0.83856999874115
MWI,Malawi,Africa,2005,0.756869971752167
MWI,Malawi,Africa,2006,1.26760005950928
MWI,Malawi,Africa,2007,3.28538990020752
MWI,Malawi,Africa,2008,1.29830002784729
MWI,Malawi,Africa,2009,0.961830019950867
MWI,Malawi,Africa,2021,2.23719175594498
MWI,Malawi,Africa,2022,2.08900513013386
MYS,Malaysia,Asia,2000,2.80377006530762
MYS,Malaysia,Asia,2001,4.84722995758057
MYS,Malaysia,Asia,2002,7.07800006866455
MYS,Malaysia,Asia,2003,6.87022018432617
MYS,Malaysia,Asia,2004,4.31675004959106
MYS,Malaysia,Asia,2005,3.25431990623474
MYS,Malaysia,Asia,2006,5.41844987869263
MYS,Malaysia,Asia,2007,4.48654985427856
MYS,Malaysia,Asia,2008,4.23487997055054
MYS,Malaysia,Asia,2009,3.99931001663208
MYS,Malaysia,Asia,2010,4.62372016906738
MYS,Malaysia,Asia,2011,5.07486009597778
MYS,Malaysia,Asia,2012,5.32901000976562
MYS,Malaysia,Asia,2013,5.47919075179736
MYS,Malaysia,Asia,2014,7.00476705034366
MYS,Malaysia,Asia,2015,7.84528275296313
MYS,Malaysia,Asia,2016,8.02854320080527
MYS,Malaysia,Asia,2017,7.93755901742578
MYS,Malaysia,Asia,2018,7.81015949057405
MYS,Malaysia,Asia,2019,10.9044195999006
MYS,Malaysia,Asia,2020,11.7665912068501
MYS,Malaysia,Asia,2021,12.1246753464795
MYS,Malaysia,Asia,2022,12.461852230086
NAM,Namibia,Africa,2000,11.1417798995972
NAM,Namibia,Africa,2001,11.0480604171753
NAM,Namibia,Africa,2002,9.85023975372314
NAM,Namibia,Africa,2003,9.46901035308838
NAM,Namibia,Africa,2004,10.8228597640991
NAM,Namibia,Africa,2005,9.05410957336426
NAM,Namibia,Africa,2006,10.388349533081
NAM,Namibia,Africa,2007,6.88400983810425
NAM,Namibia,Africa,2008,6.79179000854492
NAM,Namibia,Africa,2009,5.94267988204956
NAM,Namibia,Africa,2010,4.91633692122687
NAM,Namibia,Africa,2011,3.71432123623629
NAM,Namibia,Africa,2012,2.00789838030487
NAM,Namibia,Africa,2013,0.795602341047532
NAM,Namibia,Africa,2014,1.1575826778783
NAM,Namibia,Africa,2015,1.39768723642356
NAM,Namibia,Africa,2016,1.56804406309793
NAM,Namibia,Africa,2017,1.46290504092309
NAM,Namibia,Africa,2018,1.47252992503454
NAM,Namibia,Africa,2019,1.40767989066108
NAM,Namibia,Africa,2020,1.05016801743774
NAM,Namibia,Africa,2021,0.862854624178714
NAM,Namibia,Africa,2022,1.09937894341155
NER,Niger,Africa,2000,73.2808380126953
NER,Niger,Africa,2001,69.7521514892578
NER,Niger,Africa,2002,66.3436584472656
NER,Niger,Africa,2003,62.7165412902832
NER,Niger,Africa,2004,59.211181640625
NER,Niger,Africa,2005,59.1823692321777
NER,Niger,Africa,2006,57.9972991943359
NER,Niger,Africa,2007,56.9353103637695
NER,Niger,Africa,2008,53.6092185974121
NER,Niger,Africa,2009,49.8564186096191
NER,Niger,Africa,2010,45.8287143496822
NER,Niger,Africa,2011,41.2559355037065
NER,Niger,Africa,2012,39.9364885164203
NER,Niger,Africa,2013,39.4193407936951
NER,Niger,Africa,2014,39.9094368765678
NER,Niger,Africa,2015,38.1200774873051
NER,Niger,Africa,2016,36.9356599791222
NER,Niger,Africa,2017,33.8299342647926
NER,Niger,Africa,2019,40.7080731780113
NER,Niger,Africa,2021,41.3044299796752
NER,Niger,Africa,2022,41.0056377579949
NGA,Nigeria,Africa,2000,35.9521713256836
NGA,Nigeria,Africa,2004,35.3792381286621
NGA,Nigeria,Africa,2005,35.045711517334
NGA,Nigeria,Africa,2006,34.8441696166992
NGA,Nigeria,Africa,2007,32.3568000793457
NGA,Nigeria,Africa,2008,38.8613395690918
NGA,Nigeria,Africa,2009,37.9379386901855
NGA,Nigeria,Africa,2010,38.1161613464355
NIC,Nicaragua,North America,2000,15.2902297973633
NIC,Nicaragua,North America,2001,11.4244298934937
NIC,Nicaragua,North America,2002,4.45210981369019
NIC,Nicaragua,North America,2004,1.06045997142792
NIC,Nicaragua,North America,2005,0.952709972858429
NIC,Nicaragua,North America,2006,3.02220988273621
NIC,Nicaragua,North America,2007,3.78291010856628
NIC,Nicaragua,North America,2008,3.21033000946045
NIC,Nicaragua,North America,2010,4.45765018463135
NLD,Netherlands,Europe,2017,0.202069997787476
NLD,Netherlands,Europe,2018,0.260549992322922
NLD,Netherlands,Europe,2019,0.126550003886223
NLD,Netherlands,Europe,2020,0.173940002918243
NLD,Netherlands,Europe,2021,0.191049993038177
NLD,Netherlands,Europe,2022,0.405660003423691
NOR,Norway,Europe,2001,0.527980029582977
NOR,Norway,Europe,2002,0.546019971370697
NOR,Norway,Europe,2003,0.578069984912872
NOR,Norway,Europe,2004,0.517470002174377
NOR,Norway,Europe,2005,0.61405998468399
NOR,Norway,Europe,2006,0.509649991989136
NOR,Norway,Europe,2007,0.311830013990402
NOR,Norway,Europe,2008,0.162699997425079
NOR,Norway,Europe,2009,0.181769996881485
NOR,Norway,Europe,2010,0.252790004014969
NOR,Norway,Europe,2011,0.194749996066093
NOR,Norway,Europe,2012,0.270639985799789
NOR,Norway,Europe,2013,0.263069987297058
NOR,Norway,Europe,2014,0.414409995079041
NOR,Norway,Europe,2015,0.532079994678497
NOR,Norway,Europe,2016,0.697990000247955
NOR,Norway,Europe,2017,0.65148001909256
NOR,Norway,Europe,2018,0.752420008182526
NOR,Norway,Europe,2019,0.832340002059937
NOR,Norway,Europe,2020,1.03313994407654
NOR,Norway,Europe,2021,0.939869999885559
NOR,Norway,Europe,2022,0.949949979782104
NPL,Nepal,Asia,2000,30.9445209503174
NPL,Nepal,Asia,2003,23.5147304534912
NPL,Nepal,Asia,2004,21.5289802551269
NPL,Nepal,Asia,2011,1.70614004135132
NPL,Nepal,Asia,2012,1.2708899974823
NPL,Nepal,Asia,2014,1.04433000087738
NPL,Nepal,Asia,2015,0.906520009040833
NPL,Nepal,Asia,2016,0.438199996948242
NPL,Nepal,Asia,2017,1.31737995147705
NPL,Nepal,Asia,2021,0.244060860251706
NPL,Nepal,Asia,2022,0.632916456326474
NRU,Nauru,Oceania,2007,10.4212999343872
NRU,Nauru,Oceania,2012,18.7121200561523
NRU,Nauru,Oceania,2014,7.99166011810303
NRU,Nauru,Oceania,2016,8.21405982971191
NRU,Nauru,Oceania,2019,3.62890005111694
NRU,Nauru,Oceania,2020,8.25990962982178
NRU,Nauru,Oceania,2022,4.91978979110718
NZL,New Zealand,Oceania,2013,0.633639991283417
NZL,New Zealand,Oceania,2014,0.92535001039505
NZL,New Zealand,Oceania,2015,1.17346000671387
NZL,New Zealand,Oceania,2016,1.19614005088806
NZL,New Zealand,Oceania,2018,1.28593003749847
NZL,New Zealand,Oceania,2019,0.975210011005402
NZL,New Zealand,Oceania,2020,1.29258000850677
NZL,New Zealand,Oceania,2021,1.3500200510025
NZL,New Zealand,Oceania,2022,2.54800009727478
OMN,Oman,Asia,2000,15.9029598236084
OMN,Oman,Asia,2001,14.8328504562378
OMN,Oman,Asia,2002,14.6902503967285
OMN,Oman,Asia,2003,12.1141996383667
OMN,Oman,Asia,2009,1.85801994800568
OMN,Oman,Asia,2011,0.269722336497332
OMN,Oman,Asia,2012,1.53327327265133
OMN,Oman,Asia,2013,1.08152445336711
OMN,Oman,Asia,2014,1.91830732424661
OMN,Oman,Asia,2015,3.5883981753807
OMN,Oman,Asia,2016,4.2137314605638
OMN,Oman,Asia,2017,2.6987757879869
OMN,Oman,Asia,2018,1.35803051126494
OMN,Oman,Asia,2019,2.73848797250859
OMN,Oman,Asia,2020,10.3380692764413
OMN,Oman,Asia,2021,10.9045809644801
OMN,Oman,Asia,2022,11.0642437321693
PAK,Pakistan,Asia,2021,30.2268807618236
PAK,Pakistan,Asia,2022,28.5492493900068
PAN,Panama,North America,2000,5.54834985733032
PAN,Panama,North America,2001,3.98185992240906
PAN,Panama,North America,2002,1.63929998874664
PAN,Panama,North America,2004,0.12066999822855
PAN,Panama,North America,2005,0.502040028572083
PAN,Panama,North America,2006,0.060759998857975
PAN,Panama,North America,2007,0.096000000834465
PAN,Panama,North America,2008,0.529980003833771
PAN,Panama,North America,2009,3.26665997505188
PAN,Panama,North America,2010,2.87930480180037
PAN,Panama,North America,2011,4.10605912934336
PAN,Panama,North America,2012,4.93138147559313
PAN,Panama,North America,2013,5.88213255404443
PAN,Panama,North America,2014,7.9466505564979
PAN,Panama,North America,2015,10.0908468827976
PAN,Panama,North America,2017,12.669396973985
PAN,Panama,North America,2019,12.0800021307859
PAN,Panama,North America,2020,9.79184712591622
PAN,Panama,North America,2021,3.46076599159559
PAN,Panama,North America,2022,3.04311494432033
PER,Peru,North America,2000,1.54067003726959
PER,Peru,North America,2001,0.950259983539581
PER,Peru,North America,2002,0.438289999961853
PER,Peru,North America,2003,1.92358994483948
PER,Peru,North America,2004,0.313989996910095
PER,Peru,North America,2005,0.45508000254631
PER,Peru,North America,2006,0.705349981784821
PER,Peru,North America,2007,0.81564998626709
PER,Peru,North America,2008,0.814999997615814
PER,Peru,North America,2009,0.804899990558624
PER,Peru,North America,2010,0.626399993896484
PER,Peru,North America,2011,0.773940026760101
PER,Peru,North America,2016,0.0775699988007545
PER,Peru,North America,2017,0.0450100004673004
PER,Peru,North America,2018,0.18350000679493
PER,Peru,North America,2019,0.156479999423027
PHL,Philippines,Asia,2001,13.9431104660034
PHL,Philippines,Asia,2002,13.5318899154663
PHL,Philippines,Asia,2003,13.8996496200562
PHL,Philippines,Asia,2004,14.05126953125
PHL,Philippines,Asia,2005,13.4612503051758
PHL,Philippines,Asia,2006,14.6835603713989
PHL,Philippines,Asia,2007,14.5122699737549
PHL,Philippines,Asia,2008,13.7479295730591
PHL,Philippines,Asia,2009,12.0926399230957
PHL,Philippines,Asia,2014,9.93427874120237
PHL,Philippines,Asia,2015,10.5572172514441
PHL,Philippines,Asia,2016,10.7328137558557
PHL,Philippines,Asia,2017,10.5767412405042
PHL,Philippines,Asia,2018,10.7031630173745
PHL,Philippines,Asia,2019,9.05763364928716
PHL,Philippines,Asia,2020,8.45982646763214
PHL,Philippines,Asia,2021,12.2762504481922
PHL,Philippines,Asia,2022,10.9039971057194
PLW,Palau,Oceania,2013,0.686500012874603
PLW,Palau,Oceania,2014,1.92572214580468
PLW,Palau,Oceania,2020,1.64423435341583
PLW,Palau,Oceania,2021,0.562004657796398
PLW,Palau,Oceania,2022,14.2049469964664
PNG,Papua New Guinea,Oceania,2012,30.2400893753614
PNG,Papua New Guinea,Oceania,2014,32.7661653116185
PNG,Papua New Guinea,Oceania,2016,10.7805995941162
PNG,Papua New Guinea,Oceania,2018,0.921261573904734
PNG,Papua New Guinea,Oceania,2019,1.62580349270561
PNG,Papua New Guinea,Oceania,2020,3.16003801648677
PNG,Papua New Guinea,Oceania,2021,4.00264879525902
POL,Poland,Europe,2001,0.910600006580353
POL,Poland,Europe,2002,0.991389989852905
POL,Poland,Europe,2003,0.967419981956482
POL,Poland,Europe,2004,1.07597994804382
POL,Poland,Europe,2005,1.17068004608154
POL,Poland,Europe,2006,1.41007995605469
POL,Poland,Europe,2007,1.94965994358063
POL,Poland,Europe,2008,2.43730998039246
POL,Poland,Europe,2009,2.82641005516052
POL,Poland,Europe,2010,2.77237010002136
POL,Poland,Europe,2011,3.13685989379883
POL,Poland,Europe,2012,3.4054799079895
POL,Poland,Europe,2013,3.7704598903656
POL,Poland,Europe,2014,4.16347980499268
POL,Poland,Europe,2017,4.87842988967896
POL,Poland,Europe,2018,4.576819896698
POL,Poland,Europe,2019,3.40893006324768
POL,Poland,Europe,2020,1.47061002254486
POL,Poland,Europe,2021,0.0214900001883507
POL,Poland,Europe,2022,0.0187699999660254
PRI,Puerto Rico,North America,2010,8.33959007263184
PRI,Puerto Rico,North America,2011,10.3335103988647
PRI,Puerto Rico,North America,2012,7.72627019882202
PRI,Puerto Rico,North America,2013,6.457200050354
PRI,Puerto Rico,North America,2014,5.31611013412476
PRI,Puerto Rico,North America,2015,5.505539894104
PRI,Puerto Rico,North America,2016,10.2026596069336
PRI,Puerto Rico,North America,2018,9.84757995605469
PRK,North Korea,Asia,2009,0.505410015583038
PRT,Portugal,Europe,2001,0.271459996700287
PRT,Portugal,Europe,2002,0.0135000003501773
PRT,Portugal,Europe,2003,0.0780199989676476
PRT,Portugal,Europe,2004,0.0699200034141541
PRT,Portugal,Europe,2005,0.177239999175072
PRT,Portugal,Europe,2006,0.0863699987530708
PRT,Portugal,Europe,2007,0.328539997339249
PRT,Portugal,Europe,2008,0.834119975566864
PRT,Portugal,Europe,2009,0.128299996256828
PRT,Portugal,Europe,2010,0.0261300001293421
PRT,Portugal,Europe,2011,0.0093599995598197
PRT,Portugal,Europe,2012,0.244029998779297
PRT,Portugal,Europe,2013,0.227840006351471
PRT,Portugal,Europe,2014,0.75560998916626
PRT,Portugal,Europe,2015,1.94754004478455
PRT,Portugal,Europe,2016,2.49994993209839
PRT,Portugal,Europe,2017,2.46442008018494
PRT,Portugal,Europe,2018,2.0175199508667
PRT,Portugal,Europe,2019,0.991970002651215
PRT,Portugal,Europe,2020,0.230519995093346
PRT,Portugal,Europe,2021,0.098860003054142
PRT,Portugal,Europe,2022,0.178660005331039
PRY,Paraguay,North America,2000,0.847190022468567
PRY,Paraguay,North America,2001,0.770699977874756
PRY,Paraguay,North America,2002,0.705399990081787
PRY,Paraguay,North America,2003,0.6424800157547
PRY,Paraguay,North America,2004,0.71016001701355
PRY,Paraguay,North America,2005,0.781409978866577
PRY,Paraguay,North America,2006,0.686749994754791
PRY,Paraguay,North America,2007,0.56274002790451
PRY,Paraguay,North America,2008,1.22443997859955
PRY,Paraguay,North America,2009,2.05831003189087
PRY,Paraguay,North America,2010,1.58320999145508
PRY,Paraguay,North America,2011,1.50367999076843
PRY,Paraguay,North America,2012,1.48988550220991
PRY,Paraguay,North America,2016,10.2591377383337
PRY,Paraguay,North America,2020,12.0254232521514
PRY,Paraguay,North America,2021,12.2779204150194
PRY,Paraguay,North America,2022,12.1999708747458
PSE,Palestine,Asia,2000,7.53198003768921
PSE,Palestine,Asia,2001,7.98773002624512
PSE,Palestine,Asia,2002,6.74424982070923
PSE,Palestine,Asia,2003,6.65215015411377
PSE,Palestine,Asia,2004,7.12349987030029
PSE,Palestine,Asia,2005,9.89437961578369
PSE,Palestine,Asia,2006,11.2359600067139
PSE,Palestine,Asia,2007,12.2886800765991
PSE,Palestine,Asia,2008,10.6464395523071
PSE,Palestine,Asia,2009,9.48309993743896
PSE,Palestine,Asia,2010,8.59480110388149
PSE,Palestine,Asia,2011,8.50865663524293
PSE,Palestine,Asia,2012,6.3999400138855
PSE,Palestine,Asia,2013,6.57581542621474
PSE,Palestine,Asia,2014,5.49728956400732
PSE,Palestine,Asia,2015,5.34255548705302
PSE,Palestine,Asia,2016,4.89610223212692
PSE,Palestine,Asia,2017,3.73892543209473
PSE,Palestine,Asia,2018,4.64906069392744
PSE,Palestine,Asia,2019,5.54189608800545
PSE,Palestine,Asia,2020,6.46455748856101
PSE,Palestine,Asia,2021,8.22980273950283
PSE,Palestine,Asia,2022,9.50721544328104
QAT,Qatar,Asia,2001,10.5038204193115
QAT,Qatar,Asia,2002,9.87088012695312
QAT,Qatar,Asia,2003,12.7458295822144
QAT,Qatar,Asia,2004,7.47645998001099
QAT,Qatar,Asia,2005,5.3055100440979
QAT,Qatar,Asia,2006,7.65679979324341
QAT,Qatar,Asia,2007,4.03859996795654
QAT,Qatar,Asia,2009,2.81048011779785
QAT,Qatar,Asia,2010,3.24981422998328
QAT,Qatar,Asia,2011,3.77677918277772
QAT,Qatar,Asia,2012,1.24047152071497
QAT,Qatar,Asia,2013,2.96315187924471
QAT,Qatar,Asia,2014,6.33037842919983
QAT,Qatar,Asia,2015,3.98114564442499
QAT,Qatar,Asia,2016,1.69530800337866
QAT,Qatar,Asia,2017,0.0882256787682022
QAT,Qatar,Asia,2018,0.664701182640158
QAT,Qatar,Asia,2019,1.87943493262157
QAT,Qatar,Asia,2020,2.44465376242132
QAT,Qatar,Asia,2021,12.7470870611191
QAT,Qatar,Asia,2022,7.9395731155049
ROU,Romania,Europe,2001,0.634639978408813
ROU,Romania,Europe,2002,1.39107000827789
ROU,Romania,Europe,2003,4.25818014144897
ROU,Romania,Europe,2004,5.31166982650757
ROU,Romania,Europe,2005,7.21615982055664
ROU,Romania,Europe,2006,6.16893005371094
ROU,Romania,Europe,2007,6.30143976211548
ROU,Romania,Europe,2008,3.27747011184692
ROU,Romania,Europe,2009,1.18788003921509
ROU,Romania,Europe,2010,2.40249991416931
ROU,Romania,Europe,2011,4.15128993988037
ROU,Romania,Europe,2012,6.32426023483276
ROU,Romania,Europe,2015,7.88606023788452
ROU,Romania,Europe,2016,8.94709968566895
ROU,Romania,Europe,2017,9.39772987365723
ROU,Romania,Europe,2018,8.44326972961426
ROU,Romania,Europe,2019,7.58277988433838
ROU,Romania,Europe,2020,8.2678804397583
ROU,Romania,Europe,2021,9.58043956756592
ROU,Romania,Europe,2022,15.6128101348877
RUS,Russia,Europe,2006,5.73221015930176
RUS,Russia,Europe,2007,6.0423002243042
RUS,Russia,Europe,2008,4.50938987731934
RUS,Russia,Europe,2009,4.72288990020752
RUS,Russia,Europe,2011,4.44663000106812
RUS,Russia,Europe,2012,2.74528002738953
RUS,Russia,Europe,2013,3.14973998069763
RUS,Russia,Europe,2014,2.75061011314392
RUS,Russia,Europe,2015,2.02374005317688
RUS,Russia,Europe,2016,2.06768989562988
RUS,Russia,Europe,2017,0.371010005474091
RUS,Russia,Europe,2018,0.0791599974036217
RUS,Russia,Europe,2019,0.196549996733665
RUS,Russia,Europe,2020,0.27993552724874
RUS,Russia,Europe,2021,0.260651918378108
RUS,Russia,Europe,2022,2.63493990898132
RWA,Rwanda,Africa,2002,11.2842597961426
RWA,Rwanda,Africa,2003,12.4798898696899
RWA,Rwanda,Africa,2016,0.804643405458542
RWA,Rwanda,Africa,2017,1.15994101585871
RWA,Rwanda,Africa,2018,1.38027317370268
RWA,Rwanda,Africa,2019,1.55754734497864
RWA,Rwanda,Africa,2021,0.101780457504331
SAU,Saudi Arabia,Asia,2013,7.55348780331487
SAU,Saudi Arabia,Asia,2014,5.96624481061017
SAU,Saudi Arabia,Asia,2015,3.74375088923435
SAU,Saudi Arabia,Asia,2016,2.8759790573188
SAU,Saudi Arabia,Asia,2020,2.63566994667053
SAU,Saudi Arabia,Asia,2021,2.81739997863769
SDN,Sudan,Africa,2011,45.0578002929688
SDN,Sudan,Africa,2012,48.5976715087891
SDN,Sudan,Africa,2013,47.8816909790039
SDN,Sudan,Africa,2014,47.7439804077148
SDN,Sudan,Africa,2015,47.2944793701172
SDN,Sudan,Africa,2016,45.5427894592285
SDN,Sudan,Africa,2017,43.4814796447754
SDN,Sudan,Africa,2018,38.7525405883789
SDN,Sudan,Africa,2019,43.8378410339355
SEN,Senegal,Africa,2000,41.815128326416
SEN,Senegal,Africa,2003,34.3889503479004
SEN,Senegal,Africa,2004,35.8284187316895
SEN,Senegal,Africa,2005,34.672191619873
SEN,Senegal,Africa,2006,31.88258934021
SEN,Senegal,Africa,2007,29.5122299194336
SEN,Senegal,Africa,2008,28.5718193054199
SEN,Senegal,Africa,2009,28.4303398132324
SEN,Senegal,Africa,2010,27.5824606934846
SEN,Senegal,Africa,2011,26.9863788412477
SEN,Senegal,Africa,2012,24.0859070766121
SEN,Senegal,Africa,2013,24.8350136207954
SEN,Senegal,Africa,2014,24.2169425480126
SEN,Senegal,Africa,2015,24.2552354734048
SEN,Senegal,Africa,2019,24.6743507385254
SEN,Senegal,Africa,2020,22.9256896972656
SEN,Senegal,Africa,2021,24.8934307098389
SEN,Senegal,Africa,2022,24.9268181684724
SGP,Singapore,Asia,2016,0.0103873256314199
SGP,Singapore,Asia,2017,0.0308115794424943
SGP,Singapore,Asia,2018,0.204341834697759
SGP,Singapore,Asia,2019,0.101079747085719
SGP,Singapore,Asia,2020,0.115783758557419
SGP,Singapore,Asia,2021,0.648093666589919
SGP,Singapore,Asia,2022,0.930600302730494
SLB,Solomon Islands,Oceania,2005,26.2808303833008
SLB,Solomon Islands,Oceania,2006,21.1834201812744
SLB,Solomon Islands,Oceania,2007,20.7236595153809
SLB,Solomon Islands,Oceania,2013,1.74711000919342
SLB,Solomon Islands,Oceania,2014,2.78065991401672
SLB,Solomon Islands,Oceania,2015,2.84056997299194
SLB,Solomon Islands,Oceania,2018,9.80052871562183
SLB,Solomon Islands,Oceania,2019,12.0927072234172
SLE,Sierra Leone,Africa,2011,5.90714061665169
SLE,Sierra Leone,Africa,2012,3.14184009843336
SLE,Sierra Leone,Africa,2015,0.888260006904602
SLV,El Salvador,North America,2000,11.3320302963257
SLV,El Salvador,North America,2001,9.40816020965576
SLV,El Salvador,North America,2002,6.47303009033203
SLV,El Salvador,North America,2003,5.08526992797852
SLV,El Salvador,North America,2014,6.38912066597844
SLV,El Salvador,North America,2015,7.31663982808265
SLV,El Salvador,North America,2016,8.22636745457395
SLV,El Salvador,North America,2017,12.3320904754004
SLV,El Salvador,North America,2018,11.6173517989302
SLV,El Salvador,North America,2019,14.3640672908615
SLV,El Salvador,North America,2020,14.7803448727515
SLV,El Salvador,North America,2021,15.7143914717205
SLV,El Salvador,North America,2022,15.6107219459447
SMR,San Marino,Europe,2000,8.27789974212646
SMR,San Marino,Europe,2004,1.76751005649567
SMR,San Marino,Europe,2008,7.72917985916138
SMR,San Marino,Europe,2009,8.12092018127441
SMR,San Marino,Europe,2010,8.79249954223633
SMR,San Marino,Europe,2011,9.36395759717314
SMR,San Marino,Europe,2012,8.18020154119739
SMR,San Marino,Europe,2018,4.92997198879552
SMR,San Marino,Europe,2019,5.55237550085861
SMR,San Marino,Europe,2020,5.59481743227326
SMR,San Marino,Europe,2021,6.30630630630631
SMR,San Marino,Europe,2022,6.3125
SRB,Serbia,Europe,2005,1.27930998802185
SRB,Serbia,Europe,2006,0.821820020675659
SRB,Serbia,Europe,2007,1.28603005409241
SRB,Serbia,Europe,2008,1.44736003875732
SRB,Serbia,Europe,2009,3.45296001434326
SRB,Serbia,Europe,2010,5.08128023147583
SRB,Serbia,Europe,2011,2.62197995185852
SRB,Serbia,Europe,2012,3.64715003967285
SRB,Serbia,Europe,2013,3.50304007530212
SRB,Serbia,Europe,2014,1.21569001674652
SRB,Serbia,Europe,2015,0.883239984512329
SRB,Serbia,Europe,2016,0.831439971923828
SRB,Serbia,Europe,2017,1.02643001079559
SRB,Serbia,Europe,2018,1.43445003032684
SRB,Serbia,Europe,2019,1.84319996833801
SRB,Serbia,Europe,2020,2.8929500579834
SRB,Serbia,Europe,2021,3.7477400302887
SRB,Serbia,Europe,2022,3.96272993087769
SSD,South Sudan,Africa,2011,55.3255996704102
SSD,South Sudan,Africa,2015,63.7374687194824
STP,Sao Tome and Principe,Africa,2002,4.8701000213623
STP,Sao Tome and Principe,Africa,2003,4.13401985168457
STP,Sao Tome and Principe,Africa,2004,2.71727991104126
STP,Sao Tome and Principe,Africa,2005,1.96514999866486
STP,Sao Tome and Principe,Africa,2007,7.88847017288208
STP,Sao Tome and Principe,Africa,2008,7.51774978637695
STP,Sao Tome and Principe,Africa,2009,7.07305002212524
STP,Sao Tome and Principe,Africa,2010,7.21825981140137
STP,Sao Tome and Principe,Africa,2013,8.58726024627686
STP,Sao Tome and Principe,Africa,2014,8.61588001251221
STP,Sao Tome and Principe,Africa,2015,9.16201972961426
STP,Sao Tome and Principe,Africa,2017,2.87733006477356
SUR,Suriname,North America,2005,18.0458507537842
SUR,Suriname,North America,2006,18.0921497344971
SUR,Suriname,North America,2007,21.9034900665283
SUR,Suriname,North America,2008,17.9097805023193
SUR,Suriname,North America,2009,15.9999399185181
SUR,Suriname,North America,2010,18.080812528437
SUR,Suriname,North America,2011,18.6252836973502
SUR,Suriname,North America,2012,17.8927504791905
SUR,Suriname,North America,2013,17.3105742716701
SUR,Suriname,North America,2014,16.8619044743675
SUR,Suriname,North America,2015,14.0333853874494
SUR,Suriname,North America,2016,13.7282557592854
SUR,Suriname,North America,2017,19.0626106262207
SUR,Suriname,North America,2018,19.0972194671631
SUR,Suriname,North America,2019,16.4044842238496
SUR,Suriname,North America,2020,17.9470198675497
SUR,Suriname,North America,2021,21.7833404541016
SUR,Suriname,North America,2022,29.7980133502202
SVK,Slovakia,Europe,2001,0.647469997406006
SVK,Slovakia,Europe,2002,2.02197003364563
SVK,Slovakia,Europe,2003,2.40364003181458
SVK,Slovakia,Europe,2004,2.52202010154724
SVK,Slovakia,Europe,2005,2.75740003585815
SVK,Slovakia,Europe,2006,3.4109799861908
SVK,Slovakia,Europe,2007,3.25996994972229
SVK,Slovakia,Europe,2008,3.674880027771
SVK,Slovakia,Europe,2009,4.46784019470215
SVK,Slovakia,Europe,2010,4.7928900718689
SVK,Slovakia,Europe,2011,5.4077000617981
SVK,Slovakia,Europe,2012,5.72231006622315
SVK,Slovakia,Europe,2013,5.8718900680542
SVK,Slovakia,Europe,2014,6.34392023086548
SVK,Slovakia,Europe,2015,6.25650978088379
SVK,Slovakia,Europe,2016,6.69732999801636
SVK,Slovakia,Europe,2017,5.94450998306274
SVK,Slovakia,Europe,2018,7.00273990631104
SVK,Slovakia,Europe,2019,6.00138998031616
SVK,Slovakia,Europe,2020,4.97786998748779
SVK,Slovakia,Europe,2021,4.33282995223999
SVK,Slovakia,Europe,2022,2.85927009582519
SVN,Slovenia,Europe,2001,2.28728008270264
SVN,Slovenia,Europe,2002,2.87393999099731
SVN,Slovenia,Europe,2003,2.62067008018494
SVN,Slovenia,Europe,2004,2.72746992111206
SVN,Slovenia,Europe,2005,1.93455004692078
SVN,Slovenia,Europe,2006,1.57670998573303
SVN,Slovenia,Europe,2007,2.62626004219055
SVN,Slovenia,Europe,2008,2.18836998939514
SVN,Slovenia,Europe,2009,2.136549949646
SVN,Slovenia,Europe,2010,2.06888008117676
SVN,Slovenia,Europe,2011,2.19342994689941
SVN,Slovenia,Europe,2012,1.99038994312286
SVN,Slovenia,Europe,2013,1.99244999885559
SVN,Slovenia,Europe,2014,1.92056000232697
SVN,Slovenia,Europe,2015,1.71205997467041
SVN,Slovenia,Europe,2016,2.20773005485535
SVN,Slovenia,Europe,2017,2.06335997581482
SVN,Slovenia,Europe,2018,1.51131999492645
SVN,Slovenia,Europe,2019,1.28426003456116
SVN,Slovenia,Europe,2020,0.999339997768402
SVN,Slovenia,Europe,2021,1.50478005409241
SVN,Slovenia,Europe,2022,1.2043399810791
SWE,Sweden,Europe,2001,0.409900009632111
SWE,Sweden,Europe,2002,0.34171000123024
SWE,Sweden,Europe,2003,0.341630011796951
SWE,Sweden,Europe,2004,0.37457001209259
SWE,Sweden,Europe,2005,0.353080004453659
SWE,Sweden,Europe,2006,0.299490004777908
SWE,Sweden,Europe,2007,0.314379990100861
SWE,Sweden,Europe,2008,0.293579995632172
SWE,Sweden,Europe,2009,0.440849989652634
SWE,Sweden,Europe,2010,0.808650016784668
SWE,Sweden,Europe,2012,0.542150020599365
SWE,Sweden,Europe,2013,0.877539992332458
SWE,Sweden,Europe,2014,1.28245997428894
SWE,Sweden,Europe,2015,0.801379978656769
SWE,Sweden,Europe,2019,0.757759988307953
SWE,Sweden,Europe,2020,0.683870017528534
SWE,Sweden,Europe,2021,0.507719993591309
SWE,Sweden,Europe,2022,0.566910028457642
SWZ,Eswatini,Africa,2009,19.9394798278809
SWZ,Eswatini,Africa,2010,13.3622978271524
SWZ,Eswatini,Africa,2011,8.26201347228763
SWZ,Eswatini,Africa,2012,12.3784008073316
SWZ,Eswatini,Africa,2013,14.7385852850722
SWZ,Eswatini,Africa,2014,12.3178951385415
SWZ,Eswatini,Africa,2015,11.5380643562311
SWZ,Eswatini,Africa,2016,10.5322334946476
SWZ,Eswatini,Africa,2017,11.2136425960972
SWZ,Eswatini,Africa,2018,9.62980771743505
SWZ,Eswatini,Africa,2019,8.4595040456676
SWZ,Eswatini,Africa,2022,3.8254239516235
SXM,Sint Maarten,North America,2012,3.7625968762122
SYC,Seychelles,Africa,2001,0.616550028324127
SYC,Seychelles,Africa,2002,1.29229998588562
SYC,Seychelles,Africa,2003,0.912440001964569
SYC,Seychelles,Africa,2004,0.100950002670288
SYC,Seychelles,Africa,2021,3.1880345238107
SYC,Seychelles,Africa,2022,1.9270192701927
SYR,Syria,Asia,2000,6.21777009963989
SYR,Syria,Asia,2001,6.43502998352051
SYR,Syria,Asia,2002,5.04973983764648
SYR,Syria,Asia,2003,2.03198003768921
SYR,Syria,Asia,2004,1.62577998638153
SYR,Syria,Asia,2005,1.52076005935669
SYR,Syria,Asia,2006,1.44948995113373
SYR,Syria,Asia,2007,1.4103000164032
SYR,Syria,Asia,2008,1.2789900302887
SYR,Syria,Asia,2009,1.18517994880676
SYR,Syria,Asia,2010,1.21785998344421
SYR,Syria,Asia,2011,0.949570000171661
SYR,Syria,Asia,2012,0.95880001783371
SYR,Syria,Asia,2013,35.8599510192871
SYR,Syria,Asia,2020,33.4405097961426
SYR,Syria,Asia,2021,34.611198425293
SYR,Syria,Asia,2022,31.0699901580811
TCA,Turks and Caicos Islands,North America,2000,4.56388998031616
TCA,Turks and Caicos Islands,North America,2002,4.17881011962891
TCA,Turks and Caicos Islands,North America,2003,20.955530166626
TCA,Turks and Caicos Islands,North America,2004,11.9004497528076
TCA,Turks and Caicos Islands,North America,2005,9.78960990905762
TCA,Turks and Caicos Islands,North America,2009,3.70178008079529
TCA,Turks and Caicos Islands,North America,2014,12.752664461595
TCA,Turks and Caicos Islands,North America,2015,8.88002899601305
TCA,Turks and Caicos Islands,North America,2017,6.30674440883694
TCA,Turks and Caicos Islands,North America,2021,5.0308714530671
TCD,Chad,Africa,2000,50.3504981994629
TCD,Chad,Africa,2001,49.1380500793457
TCD,Chad,Africa,2002,45.3430480957031
TCD,Chad,Africa,2003,43.6835098266602
TCD,Chad,Africa,2011,38.5633201599121
TCD,Chad,Africa,2013,23.8946800231934
TCD,Chad,Africa,2015,23.8205570675957
TCD,Chad,Africa,2016,30.1148001004133
TCD,Chad,Africa,2017,35.8069689879102
TCD,Chad,Africa,2018,30.1838629876176
TCD,Chad,Africa,2019,31.0593254637437
TCD,Chad,Africa,2021,28.5606895527088
TCD,Chad,Africa,2022,28.392240524292
TGO,Togo,Africa,2000,16.5392208099365
TGO,Togo,Africa,2001,14.5357103347778
TGO,Togo,Africa,2002,10.6059598922729
TGO,Togo,Africa,2003,13.7959995269775
TGO,Togo,Africa,2004,11.1623201370239
TGO,Togo,Africa,2005,11.7137699127197
TGO,Togo,Africa,2006,8.66606044769287
TGO,Togo,Africa,2007,12.8158597946167
TGO,Togo,Africa,2008,11.3959503173828
TGO,Togo,Africa,2014,9.06250703167325
TGO,Togo,Africa,2015,7.74081270988802
TGO,Togo,Africa,2016,10.7183198928833
TGO,Togo,Africa,2017,9.2267726664165
TGO,Togo,Africa,2018,9.66898199219433
TGO,Togo,Africa,2019,8.06120537943827
TGO,Togo,Africa,2020,4.34724866408301
TGO,Togo,Africa,2021,3.53334486965276
TGO,Togo,Africa,2022,0.881169391609611
THA,Thailand,Asia,2006,4.3619499206543
THA,Thailand,Asia,2007,4.94903993606567
THA,Thailand,Asia,2008,6.21662998199463
THA,Thailand,Asia,2009,7.33046007156372
THA,Thailand,Asia,2017,3.29965532198077
THA,Thailand,Asia,2018,0.265980318422663
THA,Thailand,Asia,2019,0.549957350514943
THA,Thailand,Asia,2020,0.392652778472324
THA,Thailand,Asia,2021,0.505203041988246
THA,Thailand,Asia,2022,0.31251263461281
TJK,Tajikistan,Asia,2000,6.85094976425171
TJK,Tajikistan,Asia,2001,7.43593978881836
TJK,Tajikistan,Asia,2002,5.92671012878418
TJK,Tajikistan,Asia,2003,6.97310018539429
TJK,Tajikistan,Asia,2004,6.72551012039185
TJK,Tajikistan,Asia,2005,6.43810987472534
TJK,Tajikistan,Asia,2006,6.6532998085022
TJK,Tajikistan,Asia,2007,6.30280017852783
TJK,Tajikistan,Asia,2008,5.16552019119263
TJK,Tajikistan,Asia,2009,3.86964011192322
TJK,Tajikistan,Asia,2010,2.59742999076843
TJK,Tajikistan,Asia,2011,3.07258009910583
TJK,Tajikistan,Asia,2012,7.24643993377685
TJK,Tajikistan,Asia,2013,9.13634014129639
TJK,Tajikistan,Asia,2014,9.38070011138916
TJK,Tajikistan,Asia,2015,8.27585983276367
TJK,Tajikistan,Asia,2016,6.5635199546814
TJK,Tajikistan,Asia,2017,4.15082979202271
TKM,Turkmenistan,Asia,2022,2.14023995399475
TLS,Timor-Leste,Asia,2008,11.7415895462036
TLS,Timor-Leste,Asia,2009,7.25345993041992
TLS,Timor-Leste,Asia,2010,5.93216095778001
TLS,Timor-Leste,Asia,2011,4.0353239561533
TLS,Timor-Leste,Asia,2012,6.4698019329309
TLS,Timor-Leste,Asia,2013,6.46907891291826
TLS,Timor-Leste,Asia,2014,6.77592840371309
TLS,Timor-Leste,Asia,2015,6.66174359827762
TLS,Timor-Leste,Asia,2016,7.22636160003342
TLS,Timor-Leste,Asia,2017,4.85047660746219
TLS,Timor-Leste,Asia,2018,5.59146787374759
TLS,Timor-Leste,Asia,2019,5.70042777513719
TLS,Timor-Leste,Asia,2020,5.15670910871694
TON,Tonga,Oceania,2004,0.384609997272492
TON,Tonga,Oceania,2005,0.0632999986410141
TON,Tonga,Oceania,2006,0.0906300023198128
TON,Tonga,Oceania,2012,3.17655066937478
TON,Tonga,Oceania,2013,3.16681809428075
TON,Tonga,Oceania,2015,2.26038555230508
TON,Tonga,Oceania,2018,0.214388988470064
TON,Tonga,Oceania,2019,0.0236200001090765
TON,Tonga,Oceania,2020,0.345165195731341
TON,Tonga,Oceania,2021,3.6958910665054
TON,Tonga,Oceania,2022,2.28040974723023
TTO,Trinidad and Tobago,North America,2000,3.39790010452271
TTO,Trinidad and Tobago,North America,2001,4.18802976608276
TTO,Trinidad and Tobago,North America,2002,9.16512012481689
TTO,Trinidad and Tobago,North America,2003,8.6378002166748
TTO,Trinidad and Tobago,North America,2004,6.49439001083374
TTO,Trinidad and Tobago,North America,2005,9.59354972839355
TTO,Trinidad and Tobago,North America,2007,2.67412996292114
TTO,Trinidad and Tobago,North America,2008,8.19007968902588
TTO,Trinidad and Tobago,North America,2009,7.1805100440979
TTO,Trinidad and Tobago,North America,2010,5.63147020339966
TUN,Tunisia,Africa,2000,4.81252002716065
TUN,Tunisia,Africa,2001,4.05060005187988
TUN,Tunisia,Africa,2002,1.68210005760193
TUN,Tunisia,Africa,2003,1.08278000354767
TUN,Tunisia,Africa,2004,0.879840016365051
TUN,Tunisia,Africa,2005,2.78323006629944
TUN,Tunisia,Africa,2006,3.03008008003235
TUN,Tunisia,Africa,2007,4.28252983093262
TUN,Tunisia,Africa,2008,4.35975980758667
TUN,Tunisia,Africa,2009,4.2088098526001
TUN,Tunisia,Africa,2010,3.31820011138916
TUN,Tunisia,Africa,2011,3.19835996627808
TUN,Tunisia,Africa,2012,1.07100999355316
TUN,Tunisia,Africa,2013,0.773530006408691
TUN,Tunisia,Africa,2014,0.868040025234222
TUN,Tunisia,Africa,2015,0.906719982624054
TUN,Tunisia,Africa,2016,1.04528999328613
TUN,Tunisia,Africa,2017,1.06553995609283
TUN,Tunisia,Africa,2018,1.09092998504639
TUN,Tunisia,Africa,2020,1.76529002189636
TUN,Tunisia,Africa,2021,1.71380996704102
TUN,Tunisia,Africa,2022,1.57028996944427
TUR,Türkiye,Asia,2013,0.0084300003945827
TUR,Türkiye,Asia,2014,0.279390007257461
TUR,Türkiye,Asia,2015,1.34091997146606
TUR,Türkiye,Asia,2016,1.81037998199463
TUR,Türkiye,Asia,2017,0.706009984016418
TUR,Türkiye,Asia,2018,0.207489997148514
TUR,Türkiye,Asia,2019,0.20236000418663
TUR,Türkiye,Asia,2020,0.225869998335838
TUR,Türkiye,Asia,2021,0.218380004167557
TUR,Türkiye,Asia,2022,0.263200014829636
TUV,Tuvalu,Oceania,2014,1.96167004108429
TUV,Tuvalu,Oceania,2015,1.55897072500998
TUV,Tuvalu,Oceania,2016,2.64510989189148
TUV,Tuvalu,Oceania,2019,8.56515373352855
TUV,Tuvalu,Oceania,2020,4.39062928003179
TUV,Tuvalu,Oceania,2022,0.870993388816725
TZA,Tanzania,Africa,2000,45.9324493408203
TZA,Tanzania,Africa,2001,41.0888900756836
TZA,Tanzania,Africa,2002,25.8526191711426
TZA,Tanzania,Africa,2003,17.418830871582
TZA,Tanzania,Africa,2004,13.3702898025513
TZA,Tanzania,Africa,2005,9.3471097946167
TZA,Tanzania,Africa,2006,4.50250005722046
TZA,Tanzania,Africa,2008,3.75728988647461
TZA,Tanzania,Africa,2010,9.80891036987305
TZA,Tanzania,Africa,2011,10.5267897260479
TZA,Tanzania,Africa,2012,13.4591330337129
TZA,Tanzania,Africa,2013,16.2182670783914
TZA,Tanzania,Africa,2014,17.4975700378418
TZA,Tanzania,Africa,2015,19.5356292724609
TZA,Tanzania,Africa,2016,15.4571199417114
TZA,Tanzania,Africa,2017,15.0774402618408
TZA,Tanzania,Africa,2018,16.9341122677855
TZA,Tanzania,Africa,2019,14.3421514078772
TZA,Tanzania,Africa,2020,13.3949096880131
TZA,Tanzania,Africa,2021,12.6834490838155
TZA,Tanzania,Africa,2022,12.997640717073
UGA,Uganda,Africa,2009,5.35416984558105
UGA,Uganda,Africa,2010,8.88082981109619
UGA,Uganda,Africa,2011,5.59645986557007
UGA,Uganda,Africa,2013,4.11656999588013
UKR,Ukraine,Europe,2002,1.99586999416351
UKR,Ukraine,Europe,2003,8.08292961120605
UKR,Ukraine,Europe,2004,8.16621017456055
UKR,Ukraine,Europe,2005,7.68099021911621
UKR,Ukraine,Europe,2006,7.73538017272949
UKR,Ukraine,Europe,2007,7.5545802116394
UKR,Ukraine,Europe,2008,7.6660099029541
UKR,Ukraine,Europe,2009,8.14208030700684
UKR,Ukraine,Europe,2010,8.44559104129893
UKR,Ukraine,Europe,2011,9.13204099015239
UKR,Ukraine,Europe,2012,10.2357087325781
UKR,Ukraine,Europe,2013,10.7131898504704
UKR,Ukraine,Europe,2014,11.3242558129257
UKR,Ukraine,Europe,2015,15.9672580847112
UKR,Ukraine,Europe,2016,16.2605425300323
UKR,Ukraine,Europe,2017,16.4608845964422
UKR,Ukraine,Europe,2018,16.8042019221829
UKR,Ukraine,Europe,2019,16.3829070147111
UKR,Ukraine,Europe,2020,16.3474816502954
UKR,Ukraine,Europe,2021,15.8709869329201
URY,Uruguay,North America,2005,0.315160006284714
URY,Uruguay,North America,2006,2.37321996688843
URY,Uruguay,North America,2007,4.90826988220215
URY,Uruguay,North America,2008,3.37526988983154
URY,Uruguay,North America,2009,2.78917002677917
URY,Uruguay,North America,2010,1.87408995628357
URY,Uruguay,North America,2011,1.15498271598503
URY,Uruguay,North America,2012,1.4100657612108
URY,Uruguay,North America,2013,0.392364650963138
URY,Uruguay,North America,2015,0.587117882100662
URY,Uruguay,North America,2016,0.0343265728167346
URY,Uruguay,North America,2017,0.251381459603338
URY,Uruguay,North America,2018,0.49428211999129
URY,Uruguay,North America,2019,0.52449767467906
URY,Uruguay,North America,2020,0.367913911747648
URY,Uruguay,North America,2021,0.390655824232071
URY,Uruguay,North America,2022,0.374946005463525
USA,United States,North America,2005,0.565190017223358
USA,United States,North America,2013,2.8980700969696
USA,United States,North America,2015,1.80586004257202
USA,United States,North America,2016,0.35997000336647
USA,United States,North America,2017,0.424380004405975
USA,United States,North America,2018,0.574209988117218
USA,United States,North America,2019,0.916570007801056
USA,United States,North America,2020,2.00507998466492
USA,United States,North America,2021,4.09511995315552
USA,United States,North America,2022,3.98220992088318
UZB,Uzbekistan,Asia,2007,5.55917978286743
UZB,Uzbekistan,Asia,2008,3.01612997055054
UZB,Uzbekistan,Asia,2009,2.51174998283386
UZB,Uzbekistan,Asia,2010,3.32286918442805
UZB,Uzbekistan,Asia,2011,4.43927624540676
UZB,Uzbekistan,Asia,2012,4.86679435834929
UZB,Uzbekistan,Asia,2013,4.69112727045001
UZB,Uzbekistan,Asia,2014,2.71691315194567
UZB,Uzbekistan,Asia,2015,2.34213829972093
UZB,Uzbekistan,Asia,2016,1.67422440966654
UZB,Uzbekistan,Asia,2017,1.8431509533907
UZB,Uzbekistan,Asia,2018,0.373896367832431
UZB,Uzbekistan,Asia,2019,1.58556453241373
UZB,Uzbekistan,Asia,2020,1.24151080621542
UZB,Uzbekistan,Asia,2021,1.45487922871573
UZB,Uzbekistan,Asia,2022,4.10981300842443
VCT,Saint Vincent and the Grenadines,North America,2000,1.38680994510651
VCT,Saint Vincent and the Grenadines,North America,2002,0.621569991111755
VCT,Saint Vincent and the Grenadines,North America,2003,1.33076000213623
VCT,Saint Vincent and the Grenadines,North America,2004,2.20987010002136
VCT,Saint Vincent and the Grenadines,North America,2005,5.65401983261108
VCT,Saint Vincent and the Grenadines,North America,2007,1.8954199552536
VCT,Saint Vincent and the Grenadines,North America,2008,0.0258699990808964
VCT,Saint Vincent and the Grenadines,North America,2009,0.666530013084412
VCT,Saint Vincent and the Grenadines,North America,2010,0.721660017967224
VCT,Saint Vincent and the Grenadines,North America,2011,2.12270998954773
VCT,Saint Vincent and the Grenadines,North America,2012,0.905690014362335
VCT,Saint Vincent and the Grenadines,North America,2013,0.306001657894131
VCT,Saint Vincent and the Grenadines,North America,2015,1.25467495923156
VCT,Saint Vincent and the Grenadines,North America,2017,0.590386993531064
VEN,Venezuela,North America,2000,9.68085956573486
VEN,Venezuela,North America,2001,7.73915004730225
VEN,Venezuela,North America,2002,4.34611988067627
VEN,Venezuela,North America,2003,6.07839012145996
VEN,Venezuela,North America,2004,5.9939398765564
VEN,Venezuela,North America,2005,6.83640003204346
VEN,Venezuela,North America,2006,6.7968602180481
VEN,Venezuela,North America,2007,5.39048004150391
VEN,Venezuela,North America,2008,7.65006017684937
VEN,Venezuela,North America,2009,6.06200981140137
VEN,Venezuela,North America,2010,5.42917013168335
VEN,Venezuela,North America,2011,5.2243800163269
VEN,Venezuela,North America,2012,5.32407999038696
VEN,Venezuela,North America,2013,6.06599998474121
VEN,Venezuela,North America,2014,6.6701397895813
VEN,Venezuela,North America,2015,7.03154993057251
VEN,Venezuela,North America,2016,9.50854969024658
VEN,Venezuela,North America,2017,11.5639200210571
VEN,Venezuela,North America,2022,0.538670003414154
VGB,Virgin Islands,North America,2000,14.3486995697022
VGB,Virgin Islands,North America,2001,5.3062801361084
VGB,Virgin Islands,North America,2002,2.51927995681763
VGB,Virgin Islands,North America,2003,2.88128995895386
VGB,Virgin Islands,North America,2005,8.59403991699219
VGB,Virgin Islands,North America,2006,10.8760204315185
VGB,Virgin Islands,North America,2007,0.660830020904541
VGB,Virgin Islands,North America,2009,0.713020026683807
VGB,Virgin Islands,North America,2010,0.619839463831447
VGB,Virgin Islands,North America,2011,0.747900457952011
VGB,Virgin Islands,North America,2012,4.40835266821346
VGB,Virgin Islands,North America,2013,7.06781279847182
VGB,Virgin Islands,North America,2014,6.74023262749776
VGB,Virgin Islands,North America,2015,9.75889781859931
VGB,Virgin Islands,North America,2016,11.9822073950514
VGB,Virgin Islands,North America,2017,6.51846981048584
VGB,Virgin Islands,North America,2018,24.8601615910503
VGB,Virgin Islands,North America,2019,19.3428394296342
VGB,Virgin Islands,North America,2020,4.38259756877799
VGB,Virgin Islands,North America,2021,8.95672593089567
VGB,Virgin Islands,North America,2022,26.2132606506348
VNM,Vietnam,Asia,2000,0.0
VNM,Vietnam,Asia,2001,0.0
VNM,Vietnam,Asia,2002,0.346419990062714
VNM,Vietnam,Asia,2005,1.91832995414734
VNM,Vietnam,Asia,2006,0.965129971504211
VNM,Vietnam,Asia,2008,2.05124998092651
VNM,Vietnam,Asia,2009,2.17955994606018
VNM,Vietnam,Asia,2010,0.111450001597404
VNM,Vietnam,Asia,2011,0.826730012893677
VNM,Vietnam,Asia,2012,0.0
VNM,Vietnam,Asia,2013,0.0
VNM,Vietnam,Asia,2014,0.330066207246704
VNM,Vietnam,Asia,2015,0.554983649251655
VNM,Vietnam,Asia,2016,0.153986370093966
VNM,Vietnam,Asia,2017,0.694404004653649
VNM,Vietnam,Asia,2018,1.4513478010209
VNM,Vietnam,Asia,2019,2.1625017974611
VNM,Vietnam,Asia,2020,2.06990810463946
VNM,Vietnam,Asia,2021,1.30053611244642
VNM,Vietnam,Asia,2022,1.88444866533966
VUT,Vanuatu,Oceania,2000,6.9750599861145
VUT,Vanuatu,Oceania,2001,4.98529005050659
VUT,Vanuatu,Oceania,2002,3.32291007041931
VUT,Vanuatu,Oceania,2003,3.4049699306488
VUT,Vanuatu,Oceania,2004,4.43720006942749
VUT,Vanuatu,Oceania,2005,0.808319985866547
VUT,Vanuatu,Oceania,2015,0.188769996166229
VUT,Vanuatu,Oceania,2019,1.17183995246887
VUT,Vanuatu,Oceania,2020,1.11036002635956
VUT,Vanuatu,Oceania,2021,0.143472060649586
VUT,Vanuatu,Oceania,2022,1.63304772448207
WSM,Samoa,Oceania,2000,1.56002998352051
WSM,Samoa,Oceania,2001,1.18026995658874
WSM,Samoa,Oceania,2007,4.34366989135742
WSM,Samoa,Oceania,2009,3.36977005004883
WSM,Samoa,Oceania,2010,0.377578403845093
WSM,Samoa,Oceania,2011,1.19386767903737
WSM,Samoa,Oceania,2012,2.28143516989437
WSM,Samoa,Oceania,2014,0.18652364660178
WSM,Samoa,Oceania,2015,0.658610159452219
WSM,Samoa,Oceania,2016,0.122763185515288
WSM,Samoa,Oceania,2017,0.374925332288048
WSM,Samoa,Oceania,2018,0.751926017723827
WSM,Samoa,Oceania,2019,2.29419157940608
WSM,Samoa,Oceania,2020,1.64634001255035
WSM,Samoa,Oceania,2021,0.0384509811268935
WSM,Samoa,Oceania,2022,0.461961699584143
YEM,Yemen,Asia,2001,41.9205589294434
YEM,Yemen,Asia,2003,35.4873199462891
YEM,Yemen,Asia,2004,32.9294090270996
YEM,Yemen,Asia,2005,31.4223804473877
YEM,Yemen,Asia,2008,33.3573303222656
YEM,Yemen,Asia,2010,29.8647308349609
YEM,Yemen,Asia,2012,28.0925998687744
YEM,Yemen,Asia,2013,27.8604793548584
YEM,Yemen,Asia,2016,30.6211204528809
ZAF,South Africa,Africa,2000,17.7876796722412
ZAF,South Africa,Africa,2001,16.6883201599121
ZAF,South Africa,Africa,2002,15.1361598968506
ZAF,South Africa,Africa,2003,14.0235300064087
ZAF,South Africa,Africa,2004,13.3209495544434
ZAF,South Africa,Africa,2005,13.0178098678589
ZAF,South Africa,Africa,2015,4.91304016113281
ZAF,South Africa,Africa,2017,6.27600002288818
ZAF,South Africa,Africa,2018,9.30520092526825
ZAF,South Africa,Africa,2019,8.29678069336686
ZAF,South Africa,Africa,2020,8.14937182551853
ZAF,South Africa,Africa,2021,3.81266301586032
ZAF,South Africa,Africa,2022,5.7776985719876
ZMB,Zambia,Africa,2000,31.9291191101074
ZMB,Zambia,Africa,2001,32.2070999145508
ZMB,Zambia,Africa,2002,29.2294101715088
ZMB,Zambia,Africa,2004,16.3155193328857
ZMB,Zambia,Africa,2005,7.84688997268677
ZMB,Zambia,Africa,2006,9.70995998382568
ZMB,Zambia,Africa,2007,7.11242008209229
ZMB,Zambia,Africa,2008,6.39517021179199
ZMB,Zambia,Africa,2009,9.17751979827881
ZMB,Zambia,Africa,2010,11.682238031929
ZMB,Zambia,Africa,2011,7.67855212722857
ZMB,Zambia,Africa,2012,6.18503999710083
ZMB,Zambia,Africa,2013,9.34519808716827
ZMB,Zambia,Africa,2017,14.8279379928335
ZWE,Zimbabwe,Africa,2000,5.28860998153687
ZWE,Zimbabwe,Africa,2001,1.47930002212524
ZWE,Zimbabwe,Africa,2002,4.29350996017456
ZWE,Zimbabwe,Africa,2003,5.60922002792358
ZWE,Zimbabwe,Africa,2012,8.49271011352539
ZWE,Zimbabwe,Africa,2013,9.94051176638161
ZWE,Zimbabwe,Africa,2014,10.3835548200994
ZWE,Zimbabwe,Africa,2015,18.7499599456787
ZWE,Zimbabwe,Africa,2016,17.6851005554199
ZWE,Zimbabwe,Africa,2017,19.4408798217773
ZWE,Zimbabwe,Africa,2018,18.7645606994629
ZWE,Zimbabwe,Africa,2019,18.3813495635986
ZWE,Zimbabwe,Africa,2020,16.9142894744873
ZWE,Zimbabwe,Africa,2021,9.42610162776341
ZWE,Zimbabwe,Africa,2022,8.17339162516982
