code,country,continent,year,value
ABW,Aruba,North America,1995,17068.1
ABW,Aruba,North America,1996,17041.0
ABW,Aruba,North America,1997,17030.5
ABW,Aruba,North America,1998,17093.800000000003
ABW,Aruba,North America,1999,17252.7
ABW,Aruba,North America,2000,17583.300000000003
ABW,Aruba,North America,2001,17928.4
ABW,Aruba,North America,2002,18138.4
ABW,Aruba,North America,2003,18299.1
ABW,Aruba,North America,2004,18417.6
ABW,Aruba,North America,2005,18399.5
ABW,Aruba,North America,2006,18313.0
ABW,Aruba,North America,2007,18324.8
ABW,Aruba,North America,2008,18432.3
ABW,Aruba,North America,2009,18620.1
ABW,Aruba,North America,2010,18745.4
ABW,Aruba,North America,2011,18581.4
ABW,Aruba,North America,2012,18232.9
ABW,Aruba,North America,2013,17919.1
ABW,Aruba,North America,2014,17669.5
ABW,Aruba,North America,2015,17483.5
ABW,Aruba,North America,2016,17390.4
ABW,Aruba,North America,2017,17418.499999999996
ABW,Aruba,North America,2018,17542.0
ABW,Aruba,North America,2019,17727.3
ABW,Aruba,North America,2020,17831.399999999998
ABW,Aruba,North America,2021,17820.8
ABW,Aruba,North America,2022,17721.5
ABW,Aruba,North America,2023,17504.3
AFG,Afghanistan,Asia,1995,5841040.600000001
AFG,Afghanistan,Asia,1996,6091802.800000001
AFG,Afghanistan,Asia,1997,6353393.5
AFG,Afghanistan,Asia,1998,6637691.3
AFG,Afghanistan,Asia,1999,6941608.9
AFG,Afghanistan,Asia,2000,7082268.0
AFG,Afghanistan,Asia,2001,7196180.1
AFG,Afghanistan,Asia,2002,7646014.899999999
AFG,Afghanistan,Asia,2003,8193663.500000001
AFG,Afghanistan,Asia,2004,8557200.8
AFG,Afghanistan,Asia,2005,8926836.7
AFG,Afghanistan,Asia,2006,9354289.6
AFG,Afghanistan,Asia,2007,9577594.8
AFG,Afghanistan,Asia,2008,9816844.2
AFG,Afghanistan,Asia,2009,10185790.6
AFG,Afghanistan,Asia,2010,10473948.3
AFG,Afghanistan,Asia,2011,10830649.1
AFG,Afghanistan,Asia,2012,11217165.8
AFG,Afghanistan,Asia,2013,11530031.2
AFG,Afghanistan,Asia,2014,11869512.1
AFG,Afghanistan,Asia,2015,12151456.2
AFG,Afghanistan,Asia,2016,12366353.1
AFG,Afghanistan,Asia,2017,12621407.7
AFG,Afghanistan,Asia,2018,12899438.1
AFG,Afghanistan,Asia,2019,13196539.2
AFG,Afghanistan,Asia,2020,13527804.2
AFG,Afghanistan,Asia,2021,13766868.999999998
AFG,Afghanistan,Asia,2022,13875402.6
AFG,Afghanistan,Asia,2023,14071261.5
AGO,Angola,Africa,1995,4491936.699999999
AGO,Angola,Africa,1996,4668791.7
AGO,Angola,Africa,1997,4848557.2
AGO,Angola,Africa,1998,5028950.1
AGO,Angola,Africa,1999,5210298.300000001
AGO,Angola,Africa,2000,5393410.4
AGO,Angola,Africa,2001,5578633.600000001
AGO,Angola,Africa,2002,5766718.8
AGO,Angola,Africa,2003,5958886.0
AGO,Angola,Africa,2004,6157566.600000001
AGO,Angola,Africa,2005,6364217.1
AGO,Angola,Africa,2006,6581269.3
AGO,Angola,Africa,2007,6812450.6
AGO,Angola,Africa,2008,7059352.1
AGO,Angola,Africa,2009,7322969.100000001
AGO,Angola,Africa,2010,7605660.399999999
AGO,Angola,Africa,2011,7907829.8
AGO,Angola,Africa,2012,8228998.3999999985
AGO,Angola,Africa,2013,8568468.8
AGO,Angola,Africa,2014,8922641.6
AGO,Angola,Africa,2015,9289400.6
AGO,Angola,Africa,2016,9669888.6
AGO,Angola,Africa,2017,10062573.5
AGO,Angola,Africa,2018,10463839.7
AGO,Angola,Africa,2019,10870765.6
AGO,Angola,Africa,2020,11276381.0
AGO,Angola,Africa,2021,11678798.2
AGO,Angola,Africa,2022,12078119.7
AGO,Angola,Africa,2023,12472565.4
AIA,Anguilla,North America,1995,2423.4999999999995
AIA,Anguilla,North America,1996,2475.2000000000003
AIA,Anguilla,North America,1997,2519.1
AIA,Anguilla,North America,1998,2570.3
AIA,Anguilla,North America,1999,2631.0
AIA,Anguilla,North America,2000,2688.1
AIA,Anguilla,North America,2001,2717.8
AIA,Anguilla,North America,2002,2709.8
AIA,Anguilla,North America,2003,2688.7000000000003
AIA,Anguilla,North America,2004,2674.6
AIA,Anguilla,North America,2005,2675.1000000000004
AIA,Anguilla,North America,2006,2672.9
AIA,Anguilla,North America,2007,2658.8
AIA,Anguilla,North America,2008,2651.8
AIA,Anguilla,North America,2009,2657.1
AIA,Anguilla,North America,2010,2672.0
AIA,Anguilla,North America,2011,2683.2
AIA,Anguilla,North America,2012,2748.9
AIA,Anguilla,North America,2013,2789.9
AIA,Anguilla,North America,2014,2721.4
AIA,Anguilla,North America,2015,2663.0000000000005
AIA,Anguilla,North America,2016,2653.5
AIA,Anguilla,North America,2017,2626.0999999999995
AIA,Anguilla,North America,2018,2562.2
AIA,Anguilla,North America,2019,2520.2
AIA,Anguilla,North America,2020,2488.7000000000003
AIA,Anguilla,North America,2021,2518.4
AIA,Anguilla,North America,2022,2541.3
AIA,Anguilla,North America,2023,2479.3
ALB,Albania,Europe,1995,859243.2000000001
ALB,Albania,Europe,1996,857896.2000000001
ALB,Albania,Europe,1997,854152.9999999999
ALB,Albania,Europe,1998,847545.1
ALB,Albania,Europe,1999,839181.7
ALB,Albania,Europe,2000,830691.3999999999
ALB,Albania,Europe,2001,819854.6999999998
ALB,Albania,Europe,2002,804611.2000000001
ALB,Albania,Europe,2003,786654.9
ALB,Albania,Europe,2004,767416.4999999999
ALB,Albania,Europe,2005,747629.7999999999
ALB,Albania,Europe,2006,726954.8999999999
ALB,Albania,Europe,2007,704664.5
ALB,Albania,Europe,2008,680924.7000000001
ALB,Albania,Europe,2009,655830.5
ALB,Albania,Europe,2010,629089.0
ALB,Albania,Europe,2011,604269.6
ALB,Albania,Europe,2012,582080.5
ALB,Albania,Europe,2013,560239.7
ALB,Albania,Europe,2014,539189.8
ALB,Albania,Europe,2015,518947.1000000001
ALB,Albania,Europe,2016,501539.9
ALB,Albania,Europe,2017,488262.3
ALB,Albania,Europe,2018,478236.5
ALB,Albania,Europe,2019,469743.5
ALB,Albania,Europe,2020,461424.7
ALB,Albania,Europe,2021,452713.7
ALB,Albania,Europe,2022,444791.4
ALB,Albania,Europe,2023,437020.3
AND,Andorra,Europe,1995,8998.4
AND,Andorra,Europe,1996,8882.9
AND,Andorra,Europe,1997,8878.199999999999
AND,Andorra,Europe,1998,8870.9
AND,Andorra,Europe,1999,8810.9
AND,Andorra,Europe,2000,8731.7
AND,Andorra,Europe,2001,8665.5
AND,Andorra,Europe,2002,8643.1
AND,Andorra,Europe,2003,8892.099999999999
AND,Andorra,Europe,2004,9442.3
AND,Andorra,Europe,2005,9939.1
AND,Andorra,Europe,2006,10295.2
AND,Andorra,Europe,2007,10584.999999999998
AND,Andorra,Europe,2008,10745.000000000002
AND,Andorra,Europe,2009,10741.6
AND,Andorra,Europe,2010,10653.5
AND,Andorra,Europe,2011,10612.3
AND,Andorra,Europe,2012,10497.2
AND,Andorra,Europe,2013,10350.1
AND,Andorra,Europe,2014,10244.4
AND,Andorra,Europe,2015,10101.8
AND,Andorra,Europe,2016,10118.9
AND,Andorra,Europe,2017,10232.3
AND,Andorra,Europe,2018,10256.2
AND,Andorra,Europe,2019,10222.9
AND,Andorra,Europe,2020,10186.1
AND,Andorra,Europe,2021,10184.3
AND,Andorra,Europe,2022,10161.5
AND,Andorra,Europe,2023,10037.9
ARE,United Arab Emirates,Asia,1995,511721.7
ARE,United Arab Emirates,Asia,1996,547783.2000000001
ARE,United Arab Emirates,Asia,1997,596645.7000000001
ARE,United Arab Emirates,Asia,1998,628184.9
ARE,United Arab Emirates,Asia,1999,645915.2999999999
ARE,United Arab Emirates,Asia,2000,653300.0000000001
ARE,United Arab Emirates,Asia,2001,655629.8
ARE,United Arab Emirates,Asia,2002,657119.0
ARE,United Arab Emirates,Asia,2003,659552.1
ARE,United Arab Emirates,Asia,2004,664342.1000000001
ARE,United Arab Emirates,Asia,2005,670086.0
ARE,United Arab Emirates,Asia,2006,700202.4
ARE,United Arab Emirates,Asia,2007,784091.1
ARE,United Arab Emirates,Asia,2008,883439.6000000001
ARE,United Arab Emirates,Asia,2009,945499.9
ARE,United Arab Emirates,Asia,2010,980751.4
ARE,United Arab Emirates,Asia,2011,1015982.5
ARE,United Arab Emirates,Asia,2012,1056168.2000000002
ARE,United Arab Emirates,Asia,2013,1104091.3
ARE,United Arab Emirates,Asia,2014,1161948.4
ARE,United Arab Emirates,Asia,2015,1222354.2
ARE,United Arab Emirates,Asia,2016,1271347.4
ARE,United Arab Emirates,Asia,2017,1296943.2000000002
ARE,United Arab Emirates,Asia,2018,1307034.3
ARE,United Arab Emirates,Asia,2019,1304428.0
ARE,United Arab Emirates,Asia,2020,1309985.8
ARE,United Arab Emirates,Asia,2021,1358049.9
ARE,United Arab Emirates,Asia,2022,1423104.7
ARE,United Arab Emirates,Asia,2023,1469192.8
ARG,Argentina,North America,1995,8646651.9
ARG,Argentina,North America,1996,8709824.4
ARG,Argentina,North America,1997,8767194.0
ARG,Argentina,North America,1998,8822299.599999998
ARG,Argentina,North America,1999,8877951.299999999
ARG,Argentina,North America,2000,8930514.599999998
ARG,Argentina,North America,2001,8974510.3
ARG,Argentina,North America,2002,9009044.9
ARG,Argentina,North America,2003,9038401.5
ARG,Argentina,North America,2004,9068141.0
ARG,Argentina,North America,2005,9096002.7
ARG,Argentina,North America,2006,9114570.6
ARG,Argentina,North America,2007,9124514.8
ARG,Argentina,North America,2008,9125885.2
ARG,Argentina,North America,2009,9121286.4
ARG,Argentina,North America,2010,9118101.0
ARG,Argentina,North America,2011,9117988.4
ARG,Argentina,North America,2012,9119591.3
ARG,Argentina,North America,2013,9133464.3
ARG,Argentina,North America,2014,9156322.2
ARG,Argentina,North America,2015,9184221.7
ARG,Argentina,North America,2016,9225173.3
ARG,Argentina,North America,2017,9263053.6
ARG,Argentina,North America,2018,9301647.099999998
ARG,Argentina,North America,2019,9357549.9
ARG,Argentina,North America,2020,9417586.1
ARG,Argentina,North America,2021,9459147.2
ARG,Argentina,North America,2022,9476537.8
ARG,Argentina,North America,2023,9464149.2
ARM,Armenia,Asia,1995,902976.8
ARM,Armenia,Asia,1996,918343.2
ARM,Armenia,Asia,1997,927627.4
ARM,Armenia,Asia,1998,907503.3
ARM,Armenia,Asia,1999,857595.3999999999
ARM,Armenia,Asia,2000,803467.9
ARM,Armenia,Asia,2001,761264.0000000001
ARM,Armenia,Asia,2002,733712.6000000001
ARM,Armenia,Asia,2003,706917.8
ARM,Armenia,Asia,2004,676720.4
ARM,Armenia,Asia,2005,643945.0999999999
ARM,Armenia,Asia,2006,610028.7
ARM,Armenia,Asia,2007,578125.8
ARM,Armenia,Asia,2008,552795.0
ARM,Armenia,Asia,2009,533329.1000000001
ARM,Armenia,Asia,2010,515615.5
ARM,Armenia,Asia,2011,499454.1
ARM,Armenia,Asia,2012,487563.0
ARM,Armenia,Asia,2013,481347.4
ARM,Armenia,Asia,2014,479769.9
ARM,Armenia,Asia,2015,481305.3
ARM,Armenia,Asia,2016,484984.7
ARM,Armenia,Asia,2017,490587.70000000007
ARM,Armenia,Asia,2018,495093.6
ARM,Armenia,Asia,2019,496789.9
ARM,Armenia,Asia,2020,496788.5
ARM,Armenia,Asia,2021,495296.9
ARM,Armenia,Asia,2022,498244.9
ARM,Armenia,Asia,2023,507293.3
ASM,American Samoa,Oceania,1995,15176.2
ASM,American Samoa,Oceania,1996,15652.699999999995
ASM,American Samoa,Oceania,1997,16125.7
ASM,American Samoa,Oceania,1998,16584.4
ASM,American Samoa,Oceania,1999,17026.0
ASM,American Samoa,Oceania,2000,17309.100000000002
ASM,American Samoa,Oceania,2001,17382.5
ASM,American Samoa,Oceania,2002,17374.9
ASM,American Samoa,Oceania,2003,17322.699999999997
ASM,American Samoa,Oceania,2004,17228.7
ASM,American Samoa,Oceania,2005,17129.2
ASM,American Samoa,Oceania,2006,17032.7
ASM,American Samoa,Oceania,2007,16909.9
ASM,American Samoa,Oceania,2008,16761.199999999997
ASM,American Samoa,Oceania,2009,16591.6
ASM,American Samoa,Oceania,2010,16310.500000000002
ASM,American Samoa,Oceania,2011,15906.5
ASM,American Samoa,Oceania,2012,15498.0
ASM,American Samoa,Oceania,2013,15124.3
ASM,American Samoa,Oceania,2014,14796.3
ASM,American Samoa,Oceania,2015,14499.9
ASM,American Samoa,Oceania,2016,14215.000000000002
ASM,American Samoa,Oceania,2017,13955.6
ASM,American Samoa,Oceania,2018,13715.5
ASM,American Samoa,Oceania,2019,13484.0
ASM,American Samoa,Oceania,2020,13262.100000000002
ASM,American Samoa,Oceania,2021,12907.7
ASM,American Samoa,Oceania,2022,12414.8
ASM,American Samoa,Oceania,2023,12065.1
ATG,Antigua and Barbuda,North America,1995,16584.9
ATG,Antigua and Barbuda,North America,1996,16742.2
ATG,Antigua and Barbuda,North America,1997,16885.7
ATG,Antigua and Barbuda,North America,1998,17085.0
ATG,Antigua and Barbuda,North America,1999,17307.1
ATG,Antigua and Barbuda,North America,2000,17550.2
ATG,Antigua and Barbuda,North America,2001,17790.9
ATG,Antigua and Barbuda,North America,2002,17981.5
ATG,Antigua and Barbuda,North America,2003,18085.7
ATG,Antigua and Barbuda,North America,2004,18101.1
ATG,Antigua and Barbuda,North America,2005,18155.1
ATG,Antigua and Barbuda,North America,2006,18242.1
ATG,Antigua and Barbuda,North America,2007,18251.8
ATG,Antigua and Barbuda,North America,2008,18209.0
ATG,Antigua and Barbuda,North America,2009,18119.3
ATG,Antigua and Barbuda,North America,2010,17958.4
ATG,Antigua and Barbuda,North America,2011,17789.100000000002
ATG,Antigua and Barbuda,North America,2012,17649.8
ATG,Antigua and Barbuda,North America,2013,17590.2
ATG,Antigua and Barbuda,North America,2014,17595.0
ATG,Antigua and Barbuda,North America,2015,17462.3
ATG,Antigua and Barbuda,North America,2016,17226.600000000002
ATG,Antigua and Barbuda,North America,2017,16992.8
ATG,Antigua and Barbuda,North America,2018,16744.1
ATG,Antigua and Barbuda,North America,2019,16510.1
ATG,Antigua and Barbuda,North America,2020,16261.3
ATG,Antigua and Barbuda,North America,2021,15981.1
ATG,Antigua and Barbuda,North America,2022,15720.2
ATG,Antigua and Barbuda,North America,2023,15420.499999999998
AUS,Australia,Oceania,1995,3360162.1
AUS,Australia,Oceania,1996,3382515.1
AUS,Australia,Oceania,1997,3400490.0
AUS,Australia,Oceania,1998,3420978.5
AUS,Australia,Oceania,1999,3449689.3
AUS,Australia,Oceania,2000,3481823.0
AUS,Australia,Oceania,2001,3509983.6
AUS,Australia,Oceania,2002,3528285.6
AUS,Australia,Oceania,2003,3539387.8
AUS,Australia,Oceania,2004,3548036.7
AUS,Australia,Oceania,2005,3556728.7
AUS,Australia,Oceania,2006,3568532.1
AUS,Australia,Oceania,2007,3586441.9
AUS,Australia,Oceania,2008,3608745.1
AUS,Australia,Oceania,2009,3628653.8
AUS,Australia,Oceania,2010,3646394.6
AUS,Australia,Oceania,2011,3671864.1
AUS,Australia,Oceania,2012,3709625.7000000007
AUS,Australia,Oceania,2013,3754986.4
AUS,Australia,Oceania,2014,3802452.1
AUS,Australia,Oceania,2015,3852004.9
AUS,Australia,Oceania,2016,3909426.1
AUS,Australia,Oceania,2017,3974601.5
AUS,Australia,Oceania,2018,4038982.9
AUS,Australia,Oceania,2019,4094495.5
AUS,Australia,Oceania,2020,4132165.1
AUS,Australia,Oceania,2021,4156188.1
AUS,Australia,Oceania,2022,4176235.4
AUS,Australia,Oceania,2023,4191292.4
AUT,Austria,Europe,1995,1219164.1
AUT,Austria,Europe,1996,1221808.7
AUT,Austria,Europe,1997,1226036.0
AUT,Austria,Europe,1998,1230951.2
AUT,Austria,Europe,1999,1236220.5
AUT,Austria,Europe,2000,1237113.5
AUT,Austria,Europe,2001,1234818.4
AUT,Austria,Europe,2002,1231938.6
AUT,Austria,Europe,2003,1227409.0
AUT,Austria,Europe,2004,1221135.2999999998
AUT,Austria,Europe,2005,1213117.2999999998
AUT,Austria,Europe,2006,1201119.0
AUT,Austria,Europe,2007,1187253.5
AUT,Austria,Europe,2008,1173566.9
AUT,Austria,Europe,2009,1159276.0
AUT,Austria,Europe,2010,1145422.9
AUT,Austria,Europe,2011,1130847.7
AUT,Austria,Europe,2012,1117138.0
AUT,Austria,Europe,2013,1106113.3
AUT,Austria,Europe,2014,1098986.3
AUT,Austria,Europe,2015,1102467.2
AUT,Austria,Europe,2016,1109425.6
AUT,Austria,Europe,2017,1109688.2
AUT,Austria,Europe,2018,1107928.0
AUT,Austria,Europe,2019,1108450.5
AUT,Austria,Europe,2020,1111054.4
AUT,Austria,Europe,2021,1116831.0
AUT,Austria,Europe,2022,1132231.4
AUT,Austria,Europe,2023,1143767.4
AZE,Azerbaijan,Asia,1995,2143290.9
AZE,Azerbaijan,Asia,1996,2192674.8
AZE,Azerbaijan,Asia,1997,2237232.9
AZE,Azerbaijan,Asia,1998,2276000.2
AZE,Azerbaijan,Asia,1999,2303214.5
AZE,Azerbaijan,Asia,2000,2312552.6
AZE,Azerbaijan,Asia,2001,2304489.2
AZE,Azerbaijan,Asia,2002,2277862.4
AZE,Azerbaijan,Asia,2003,2228615.5
AZE,Azerbaijan,Asia,2004,2167766.3000000003
AZE,Azerbaijan,Asia,2005,2102489.1
AZE,Azerbaijan,Asia,2006,2031032.9
AZE,Azerbaijan,Asia,2007,1958455.7
AZE,Azerbaijan,Asia,2008,1888889.3
AZE,Azerbaijan,Asia,2009,1835565.7
AZE,Azerbaijan,Asia,2010,1800225.1
AZE,Azerbaijan,Asia,2011,1776447.6
AZE,Azerbaijan,Asia,2012,1766132.3000000005
AZE,Azerbaijan,Asia,2013,1765202.9999999998
AZE,Azerbaijan,Asia,2014,1767141.4
AZE,Azerbaijan,Asia,2015,1777416.9
AZE,Azerbaijan,Asia,2016,1820657.9
AZE,Azerbaijan,Asia,2017,1892986.2
AZE,Azerbaijan,Asia,2018,1963083.8
AZE,Azerbaijan,Asia,2019,2011286.9
AZE,Azerbaijan,Asia,2020,2042353.5
AZE,Azerbaijan,Asia,2021,2066814.8
AZE,Azerbaijan,Asia,2022,2081246.7
AZE,Azerbaijan,Asia,2023,2069948.2
BDI,Burundi,Africa,1995,2265531.7
BDI,Burundi,Africa,1996,2304903.0
BDI,Burundi,Africa,1997,2342924.1
BDI,Burundi,Africa,1998,2397370.9999999995
BDI,Burundi,Africa,1999,2431926.5
BDI,Burundi,Africa,2000,2457727.4000000004
BDI,Burundi,Africa,2001,2500406.7
BDI,Burundi,Africa,2002,2534341.5
BDI,Burundi,Africa,2003,2562567.0
BDI,Burundi,Africa,2004,2596729.8000000003
BDI,Burundi,Africa,2005,2636276.2
BDI,Burundi,Africa,2006,2680815.0
BDI,Burundi,Africa,2007,2735567.5
BDI,Burundi,Africa,2008,2804009.0000000005
BDI,Burundi,Africa,2009,2900909.2
BDI,Burundi,Africa,2010,3008330.4
BDI,Burundi,Africa,2011,3111115.6
BDI,Burundi,Africa,2012,3231845.4
BDI,Burundi,Africa,2013,3368708.1
BDI,Burundi,Africa,2014,3528478.2
BDI,Burundi,Africa,2015,3690947.0
BDI,Burundi,Africa,2016,3848092.1
BDI,Burundi,Africa,2017,4020804.1
BDI,Burundi,Africa,2018,4206587.1
BDI,Burundi,Africa,2019,4392384.4
BDI,Burundi,Africa,2020,4563317.9
BDI,Burundi,Africa,2021,4715398.8
BDI,Burundi,Africa,2022,4847013.7
BDI,Burundi,Africa,2023,4962569.8
BEL,Belgium,Europe,1995,1581688.3
BEL,Belgium,Europe,1996,1587567.7999999998
BEL,Belgium,Europe,1997,1593831.3
BEL,Belgium,Europe,1998,1597402.7000000002
BEL,Belgium,Europe,1999,1597540.7
BEL,Belgium,Europe,2000,1594406.5
BEL,Belgium,Europe,2001,1591903.2
BEL,Belgium,Europe,2002,1592264.9
BEL,Belgium,Europe,2003,1592767.5
BEL,Belgium,Europe,2004,1592098.9
BEL,Belgium,Europe,2005,1593408.0
BEL,Belgium,Europe,2006,1594458.7000000002
BEL,Belgium,Europe,2007,1592267.1
BEL,Belgium,Europe,2008,1590344.2
BEL,Belgium,Europe,2009,1594431.2
BEL,Belgium,Europe,2010,1605146.4
BEL,Belgium,Europe,2011,1613513.4
BEL,Belgium,Europe,2012,1618120.7000000002
BEL,Belgium,Europe,2013,1625090.4
BEL,Belgium,Europe,2014,1636568.9
BEL,Belgium,Europe,2015,1653721.5
BEL,Belgium,Europe,2016,1670275.5000000002
BEL,Belgium,Europe,2017,1682828.2
BEL,Belgium,Europe,2018,1695739.2
BEL,Belgium,Europe,2019,1708444.0
BEL,Belgium,Europe,2020,1717052.8
BEL,Belgium,Europe,2021,1719333.9
BEL,Belgium,Europe,2022,1723879.7
BEL,Belgium,Europe,2023,1726216.8
BEN,Benin,Africa,1995,2102719.4
BEN,Benin,Africa,1996,2166511.8000000003
BEN,Benin,Africa,1997,2234366.8000000003
BEN,Benin,Africa,1998,2304877.3000000003
BEN,Benin,Africa,1999,2381161.6
BEN,Benin,Africa,2000,2458954.0
BEN,Benin,Africa,2001,2532796.9000000004
BEN,Benin,Africa,2002,2606202.5
BEN,Benin,Africa,2003,2680780.3
BEN,Benin,Africa,2004,2756650.4
BEN,Benin,Africa,2005,2835123.8000000003
BEN,Benin,Africa,2006,2913304.1
BEN,Benin,Africa,2007,2991383.4
BEN,Benin,Africa,2008,3073545.3000000003
BEN,Benin,Africa,2009,3157641.3
BEN,Benin,Africa,2010,3244355.7
BEN,Benin,Africa,2011,3336888.8000000003
BEN,Benin,Africa,2012,3433423.1
BEN,Benin,Africa,2013,3530457.4000000004
BEN,Benin,Africa,2014,3625783.0
BEN,Benin,Africa,2015,3722826.8
BEN,Benin,Africa,2016,3825731.8
BEN,Benin,Africa,2017,3933733.4
BEN,Benin,Africa,2018,4045777.7
BEN,Benin,Africa,2019,4160810.7
BEN,Benin,Africa,2020,4278213.2
BEN,Benin,Africa,2021,4396234.8
BEN,Benin,Africa,2022,4512553.7
BEN,Benin,Africa,2023,4625026.2
BES,Bonaire,North America,1995,2956.9
BES,Bonaire,North America,1996,2935.3
BES,Bonaire,North America,1997,2930.5000000000005
BES,Bonaire,North America,1998,2940.6
BES,Bonaire,North America,1999,2971.5
BES,Bonaire,North America,2000,3027.9
BES,Bonaire,North America,2001,3113.9
BES,Bonaire,North America,2002,3204.7000000000003
BES,Bonaire,North America,2003,3266.4
BES,Bonaire,North America,2004,3298.0
BES,Bonaire,North America,2005,3311.4
BES,Bonaire,North America,2006,3317.3
BES,Bonaire,North America,2007,3315.7000000000003
BES,Bonaire,North America,2008,3316.8
BES,Bonaire,North America,2009,3338.7
BES,Bonaire,North America,2010,3379.0
BES,Bonaire,North America,2011,3451.8
BES,Bonaire,North America,2012,3507.6
BES,Bonaire,North America,2013,3570.4
BES,Bonaire,North America,2014,3680.0
BES,Bonaire,North America,2015,3740.4
BES,Bonaire,North America,2016,3753.0
BES,Bonaire,North America,2017,3754.9
BES,Bonaire,North America,2018,3762.4
BES,Bonaire,North America,2019,3835.1
BES,Bonaire,North America,2020,3929.6
BES,Bonaire,North America,2021,4000.5
BES,Bonaire,North America,2022,4091.8
BES,Bonaire,North America,2023,4193.099999999999
BFA,Burkina Faso,Africa,1995,3653666.4
BFA,Burkina Faso,Africa,1996,3758622.2
BFA,Burkina Faso,Africa,1997,3862217.0
BFA,Burkina Faso,Africa,1998,3965213.9
BFA,Burkina Faso,Africa,1999,4068373.9
BFA,Burkina Faso,Africa,2000,4172542.100000001
BFA,Burkina Faso,Africa,2001,4279972.7
BFA,Burkina Faso,Africa,2002,4391141.899999999
BFA,Burkina Faso,Africa,2003,4505607.8
BFA,Burkina Faso,Africa,2004,4623165.399999999
BFA,Burkina Faso,Africa,2005,4745172.800000001
BFA,Burkina Faso,Africa,2006,4871988.8
BFA,Burkina Faso,Africa,2007,5002727.5
BFA,Burkina Faso,Africa,2008,5141340.0
BFA,Burkina Faso,Africa,2009,5289817.3
BFA,Burkina Faso,Africa,2010,5447197.1
BFA,Burkina Faso,Africa,2011,5617456.899999999
BFA,Burkina Faso,Africa,2012,5801219.5
BFA,Burkina Faso,Africa,2013,5993990.899999999
BFA,Burkina Faso,Africa,2014,6193523.100000001
BFA,Burkina Faso,Africa,2015,6398001.999999999
BFA,Burkina Faso,Africa,2016,6606138.2
BFA,Burkina Faso,Africa,2017,6817357.699999999
BFA,Burkina Faso,Africa,2018,7028950.999999999
BFA,Burkina Faso,Africa,2019,7237777.7
BFA,Burkina Faso,Africa,2020,7441807.7
BFA,Burkina Faso,Africa,2021,7635490.699999999
BFA,Burkina Faso,Africa,2022,7813621.3
BFA,Burkina Faso,Africa,2023,7969377.899999999
BGD,Bangladesh,Asia,1995,40451196.0
BGD,Bangladesh,Asia,1996,40870093.4
BGD,Bangladesh,Asia,1997,41161585.5
BGD,Bangladesh,Asia,1998,41360926.99999999
BGD,Bangladesh,Asia,1999,41513775.4
BGD,Bangladesh,Asia,2000,41565403.2
BGD,Bangladesh,Asia,2001,41641450.9
BGD,Bangladesh,Asia,2002,41872545.3
BGD,Bangladesh,Asia,2003,42169990.2
BGD,Bangladesh,Asia,2004,42495978.3
BGD,Bangladesh,Asia,2005,42833888.3
BGD,Bangladesh,Asia,2006,43195054.8
BGD,Bangladesh,Asia,2007,43560901.0
BGD,Bangladesh,Asia,2008,43905487.8
BGD,Bangladesh,Asia,2009,44193933.6
BGD,Bangladesh,Asia,2010,44403021.8
BGD,Bangladesh,Asia,2011,44557085.7
BGD,Bangladesh,Asia,2012,44649742.7
BGD,Bangladesh,Asia,2013,44652279.6
BGD,Bangladesh,Asia,2014,44542797.6
BGD,Bangladesh,Asia,2015,44307791.6
BGD,Bangladesh,Asia,2016,43959815.400000006
BGD,Bangladesh,Asia,2017,43581093.4
BGD,Bangladesh,Asia,2018,43276916.50000001
BGD,Bangladesh,Asia,2019,43066785.1
BGD,Bangladesh,Asia,2020,42943170.1
BGD,Bangladesh,Asia,2021,42892616.8
BGD,Bangladesh,Asia,2022,42723037.9
BGD,Bangladesh,Asia,2023,42411866.900000006
BGR,Bulgaria,Europe,1995,1444607.9
BGR,Bulgaria,Europe,1996,1411160.7
BGR,Bulgaria,Europe,1997,1374238.9
BGR,Bulgaria,Europe,1998,1336304.9
BGR,Bulgaria,Europe,1999,1295374.6
BGR,Bulgaria,Europe,2000,1250742.0000000002
BGR,Bulgaria,Europe,2001,1204331.7999999998
BGR,Bulgaria,Europe,2002,1155280.1
BGR,Bulgaria,Europe,2003,1105514.3
BGR,Bulgaria,Europe,2004,1062049.4
BGR,Bulgaria,Europe,2005,1024615.2
BGR,Bulgaria,Europe,2006,988743.3
BGR,Bulgaria,Europe,2007,955171.6
BGR,Bulgaria,Europe,2008,924445.8
BGR,Bulgaria,Europe,2009,897344.9
BGR,Bulgaria,Europe,2010,875780.9
BGR,Bulgaria,Europe,2011,859567.4
BGR,Bulgaria,Europe,2012,848887.7999999999
BGR,Bulgaria,Europe,2013,844952.8
BGR,Bulgaria,Europe,2014,846710.8999999999
BGR,Bulgaria,Europe,2015,850195.8
BGR,Bulgaria,Europe,2016,854183.8
BGR,Bulgaria,Europe,2017,860476.2999999999
BGR,Bulgaria,Europe,2018,866452.7000000001
BGR,Bulgaria,Europe,2019,869000.7999999999
BGR,Bulgaria,Europe,2020,871370.7999999999
BGR,Bulgaria,Europe,2021,874679.8
BGR,Bulgaria,Europe,2022,878263.4
BGR,Bulgaria,Europe,2023,879264.1
BHR,Bahrain,Asia,1995,152667.69999999998
BHR,Bahrain,Asia,1996,154469.7
BHR,Bahrain,Asia,1997,155718.5
BHR,Bahrain,Asia,1998,156911.0
BHR,Bahrain,Asia,1999,158373.8
BHR,Bahrain,Asia,2000,160374.6
BHR,Bahrain,Asia,2001,167339.5
BHR,Bahrain,Asia,2002,178501.50000000003
BHR,Bahrain,Asia,2003,187079.9
BHR,Bahrain,Asia,2004,191967.4
BHR,Bahrain,Asia,2005,194346.8
BHR,Bahrain,Asia,2006,195370.8
BHR,Bahrain,Asia,2007,196096.6
BHR,Bahrain,Asia,2008,197438.2
BHR,Bahrain,Asia,2009,200007.7
BHR,Bahrain,Asia,2010,202185.4
BHR,Bahrain,Asia,2011,199553.5
BHR,Bahrain,Asia,2012,194265.9
BHR,Bahrain,Asia,2013,197788.5
BHR,Bahrain,Asia,2014,211018.8
BHR,Bahrain,Asia,2015,222489.2
BHR,Bahrain,Asia,2016,228556.7
BHR,Bahrain,Asia,2017,233190.7
BHR,Bahrain,Asia,2018,237558.0
BHR,Bahrain,Asia,2019,241875.9
BHR,Bahrain,Asia,2020,246402.7
BHR,Bahrain,Asia,2021,247930.6
BHR,Bahrain,Asia,2022,249770.1
BHR,Bahrain,Asia,2023,254580.8
BHS,Bahamas,North America,1995,69489.3
BHS,Bahamas,North America,1996,70389.00000000001
BHS,Bahamas,North America,1997,71673.0
BHS,Bahamas,North America,1998,73207.0
BHS,Bahamas,North America,1999,74551.90000000001
BHS,Bahamas,North America,2000,75765.8
BHS,Bahamas,North America,2001,76839.4
BHS,Bahamas,North America,2002,77712.90000000001
BHS,Bahamas,North America,2003,78425.1
BHS,Bahamas,North America,2004,78886.2
BHS,Bahamas,North America,2005,79034.09999999999
BHS,Bahamas,North America,2006,78985.4
BHS,Bahamas,North America,2007,78681.70000000001
BHS,Bahamas,North America,2008,78110.70000000001
BHS,Bahamas,North America,2009,77520.6
BHS,Bahamas,North America,2010,77002.79999999999
BHS,Bahamas,North America,2011,76509.0
BHS,Bahamas,North America,2012,75873.5
BHS,Bahamas,North America,2013,75155.4
BHS,Bahamas,North America,2014,74658.09999999999
BHS,Bahamas,North America,2015,74172.7
BHS,Bahamas,North America,2016,73547.59999999999
BHS,Bahamas,North America,2017,72980.8
BHS,Bahamas,North America,2018,72481.09999999999
BHS,Bahamas,North America,2019,71983.90000000001
BHS,Bahamas,North America,2020,71304.8
BHS,Bahamas,North America,2021,70419.90000000001
BHS,Bahamas,North America,2022,69425.1
BHS,Bahamas,North America,2023,68361.59999999999
BIH,Bosnia and Herzegovina,Europe,1995,866429.9000000001
BIH,Bosnia and Herzegovina,Europe,1996,878605.7999999999
BIH,Bosnia and Herzegovina,Europe,1997,881223.7999999999
BIH,Bosnia and Herzegovina,Europe,1998,866103.4
BIH,Bosnia and Herzegovina,Europe,1999,841799.4
BIH,Bosnia and Herzegovina,Europe,2000,814243.3
BIH,Bosnia and Herzegovina,Europe,2001,787574.8999999999
BIH,Bosnia and Herzegovina,Europe,2002,764295.8
BIH,Bosnia and Herzegovina,Europe,2003,740327.3
BIH,Bosnia and Herzegovina,Europe,2004,711329.6
BIH,Bosnia and Herzegovina,Europe,2005,680999.0
BIH,Bosnia and Herzegovina,Europe,2006,653485.4
BIH,Bosnia and Herzegovina,Europe,2007,626159.7
BIH,Bosnia and Herzegovina,Europe,2008,600401.4
BIH,Bosnia and Herzegovina,Europe,2009,577998.5
BIH,Bosnia and Herzegovina,Europe,2010,557736.2
BIH,Bosnia and Herzegovina,Europe,2011,537477.0
BIH,Bosnia and Herzegovina,Europe,2012,516473.2
BIH,Bosnia and Herzegovina,Europe,2013,499191.2
BIH,Bosnia and Herzegovina,Europe,2014,487649.4
BIH,Bosnia and Herzegovina,Europe,2015,478040.0
BIH,Bosnia and Herzegovina,Europe,2016,466819.3
BIH,Bosnia and Herzegovina,Europe,2017,452595.4
BIH,Bosnia and Herzegovina,Europe,2018,437673.9
BIH,Bosnia and Herzegovina,Europe,2019,424362.4
BIH,Bosnia and Herzegovina,Europe,2020,413064.8
BIH,Bosnia and Herzegovina,Europe,2021,403318.1
BIH,Bosnia and Herzegovina,Europe,2022,395744.0
BIH,Bosnia and Herzegovina,Europe,2023,390181.7
BLM,Saint Barthélemy,North America,1995,871.5999999999999
BLM,Saint Barthélemy,North America,1996,900.3
BLM,Saint Barthélemy,North America,1997,930.4
BLM,Saint Barthélemy,North America,1998,961.6
BLM,Saint Barthélemy,North America,1999,1010.3
BLM,Saint Barthélemy,North America,2000,1074.7
BLM,Saint Barthélemy,North America,2001,1125.4
BLM,Saint Barthélemy,North America,2002,1154.2
BLM,Saint Barthélemy,North America,2003,1166.3
BLM,Saint Barthélemy,North America,2004,1167.5
BLM,Saint Barthélemy,North America,2005,1166.6
BLM,Saint Barthélemy,North America,2006,1167.8
BLM,Saint Barthélemy,North America,2007,1166.3
BLM,Saint Barthélemy,North America,2008,1163.6
BLM,Saint Barthélemy,North America,2009,1167.5
BLM,Saint Barthélemy,North America,2010,1179.0
BLM,Saint Barthélemy,North America,2011,1189.1
BLM,Saint Barthélemy,North America,2012,1191.9
BLM,Saint Barthélemy,North America,2013,1195.0
BLM,Saint Barthélemy,North America,2014,1209.8
BLM,Saint Barthélemy,North America,2015,1223.8
BLM,Saint Barthélemy,North America,2016,1227.3
BLM,Saint Barthélemy,North America,2017,1219.4
BLM,Saint Barthélemy,North America,2018,1296.4999999999998
BLM,Saint Barthélemy,North America,2019,1550.7
BLM,Saint Barthélemy,North America,2020,1868.9
BLM,Saint Barthélemy,North America,2021,2024.7000000000005
BLM,Saint Barthélemy,North America,2022,2032.1
BLM,Saint Barthélemy,North America,2023,2041.2000000000005
BLR,Belarus,Europe,1995,2066406.0
BLR,Belarus,Europe,1996,2052967.3000000005
BLR,Belarus,Europe,1997,2030772.7
BLR,Belarus,Europe,1998,1990965.4
BLR,Belarus,Europe,1999,1938024.2
BLR,Belarus,Europe,2000,1881625.6
BLR,Belarus,Europe,2001,1815650.4
BLR,Belarus,Europe,2002,1743554.3
BLR,Belarus,Europe,2003,1668450.0
BLR,Belarus,Europe,2004,1594930.4
BLR,Belarus,Europe,2005,1527561.2000000002
BLR,Belarus,Europe,2006,1464138.4
BLR,Belarus,Europe,2007,1405177.2000000002
BLR,Belarus,Europe,2008,1352084.6
BLR,Belarus,Europe,2009,1303990.3
BLR,Belarus,Europe,2010,1263992.4999999998
BLR,Belarus,Europe,2011,1235480.8
BLR,Belarus,Europe,2012,1219382.4
BLR,Belarus,Europe,2013,1215353.5000000002
BLR,Belarus,Europe,2014,1220549.4
BLR,Belarus,Europe,2015,1231559.2
BLR,Belarus,Europe,2016,1247624.1999999995
BLR,Belarus,Europe,2017,1271747.9
BLR,Belarus,Europe,2018,1301395.9
BLR,Belarus,Europe,2019,1328922.7000000002
BLR,Belarus,Europe,2020,1353755.1
BLR,Belarus,Europe,2021,1378200.8
BLR,Belarus,Europe,2022,1395009.3000000005
BLR,Belarus,Europe,2023,1399278.8
BLZ,Belize,North America,1995,69748.59999999999
BLZ,Belize,North America,1996,71439.6
BLZ,Belize,North America,1997,73188.8
BLZ,Belize,North America,1998,74866.7
BLZ,Belize,North America,1999,76419.2
BLZ,Belize,North America,2000,77890.4
BLZ,Belize,North America,2001,79434.4
BLZ,Belize,North America,2002,81126.0
BLZ,Belize,North America,2003,82975.9
BLZ,Belize,North America,2004,84989.29999999999
BLZ,Belize,North America,2005,87095.0
BLZ,Belize,North America,2006,89208.9
BLZ,Belize,North America,2007,91308.69999999998
BLZ,Belize,North America,2008,93362.60000000002
BLZ,Belize,North America,2009,95352.6
BLZ,Belize,North America,2010,96882.4
BLZ,Belize,North America,2011,97860.7
BLZ,Belize,North America,2012,98613.5
BLZ,Belize,North America,2013,99133.4
BLZ,Belize,North America,2014,99429.8
BLZ,Belize,North America,2015,99318.7
BLZ,Belize,North America,2016,99051.2
BLZ,Belize,North America,2017,98882.1
BLZ,Belize,North America,2018,98626.3
BLZ,Belize,North America,2019,98322.0
BLZ,Belize,North America,2020,98069.30000000002
BLZ,Belize,North America,2021,97905.0
BLZ,Belize,North America,2022,98190.7
BLZ,Belize,North America,2023,98643.5
BMU,Bermuda,North America,1995,9854.7
BMU,Bermuda,North America,1996,9993.6
BMU,Bermuda,North America,1997,10066.6
BMU,Bermuda,North America,1998,10035.4
BMU,Bermuda,North America,1999,9982.3
BMU,Bermuda,North America,2000,9996.8
BMU,Bermuda,North America,2001,10073.4
BMU,Bermuda,North America,2002,10126.9
BMU,Bermuda,North America,2003,10158.1
BMU,Bermuda,North America,2004,10182.9
BMU,Bermuda,North America,2005,10196.6
BMU,Bermuda,North America,2006,10203.0
BMU,Bermuda,North America,2007,10035.7
BMU,Bermuda,North America,2008,9689.7
BMU,Bermuda,North America,2009,9335.1
BMU,Bermuda,North America,2010,9131.6
BMU,Bermuda,North America,2011,9085.7
BMU,Bermuda,North America,2012,9044.4
BMU,Bermuda,North America,2013,8937.099999999999
BMU,Bermuda,North America,2014,8758.2
BMU,Bermuda,North America,2015,8571.400000000001
BMU,Bermuda,North America,2016,8467.7
BMU,Bermuda,North America,2017,8464.800000000001
BMU,Bermuda,North America,2018,8472.099999999999
BMU,Bermuda,North America,2019,8471.6
BMU,Bermuda,North America,2020,8455.6
BMU,Bermuda,North America,2021,8426.6
BMU,Bermuda,North America,2022,8356.6
BMU,Bermuda,North America,2023,8242.800000000001
BOL,Bolivia,North America,1995,2445430.2
BOL,Bolivia,North America,1996,2485727.1
BOL,Bolivia,North America,1997,2524989.9
BOL,Bolivia,North America,1998,2562622.5
BOL,Bolivia,North America,1999,2598988.8000000003
BOL,Bolivia,North America,2000,2634397.4
BOL,Bolivia,North America,2001,2669470.5
BOL,Bolivia,North America,2002,2706245.2
BOL,Bolivia,North America,2003,2743779.5
BOL,Bolivia,North America,2004,2779667.8999999994
BOL,Bolivia,North America,2005,2812980.1
BOL,Bolivia,North America,2006,2841876.1
BOL,Bolivia,North America,2007,2866624.1
BOL,Bolivia,North America,2008,2888759.6
BOL,Bolivia,North America,2009,2908877.3
BOL,Bolivia,North America,2010,2927396.5
BOL,Bolivia,North America,2011,2946083.8
BOL,Bolivia,North America,2012,2965658.3
BOL,Bolivia,North America,2013,2984947.3
BOL,Bolivia,North America,2014,3003273.6
BOL,Bolivia,North America,2015,3021063.7
BOL,Bolivia,North America,2016,3038628.3000000003
BOL,Bolivia,North America,2017,3056210.1
BOL,Bolivia,North America,2018,3073301.2
BOL,Bolivia,North America,2019,3088709.7
BOL,Bolivia,North America,2020,3103182.8000000003
BOL,Bolivia,North America,2021,3116740.2
BOL,Bolivia,North America,2022,3129284.2
BOL,Bolivia,North America,2023,3141072.6
BRA,Brazil,North America,1995,45880566.9
BRA,Brazil,North America,1996,45961239.6
BRA,Brazil,North America,1997,45943007.900000006
BRA,Brazil,North America,1998,45860459.8
BRA,Brazil,North America,1999,45741393.6
BRA,Brazil,North America,2000,45593407.5
BRA,Brazil,North America,2001,45426431.5
BRA,Brazil,North America,2002,45252667.99999999
BRA,Brazil,North America,2003,45089000.60000001
BRA,Brazil,North America,2004,44913243.5
BRA,Brazil,North America,2005,44701227.3
BRA,Brazil,North America,2006,44447587.8
BRA,Brazil,North America,2007,44156029.2
BRA,Brazil,North America,2008,43819224.3
BRA,Brazil,North America,2009,43451165.3
BRA,Brazil,North America,2010,43078042.0
BRA,Brazil,North America,2011,42688268.7
BRA,Brazil,North America,2012,42272643.1
BRA,Brazil,North America,2013,41816527.2
BRA,Brazil,North America,2014,41333161.6
BRA,Brazil,North America,2015,40846818.9
BRA,Brazil,North America,2016,40369377.6
BRA,Brazil,North America,2017,39904232.1
BRA,Brazil,North America,2018,39446351.3
BRA,Brazil,North America,2019,39033965.6
BRA,Brazil,North America,2020,38686988.1
BRA,Brazil,North America,2021,38347815.5
BRA,Brazil,North America,2022,38024814.8
BRA,Brazil,North America,2023,37772584.9
BRB,Barbados,North America,1995,52374.2
BRB,Barbados,North America,1996,52122.2
BRB,Barbados,North America,1997,51933.5
BRB,Barbados,North America,1998,51659.3
BRB,Barbados,North America,1999,51262.3
BRB,Barbados,North America,2000,50692.4
BRB,Barbados,North America,2001,50183.7
BRB,Barbados,North America,2002,49832.59999999999
BRB,Barbados,North America,2003,49465.0
BRB,Barbados,North America,2004,49174.2
BRB,Barbados,North America,2005,48981.7
BRB,Barbados,North America,2006,48866.9
BRB,Barbados,North America,2007,48814.1
BRB,Barbados,North America,2008,48799.9
BRB,Barbados,North America,2009,48727.8
BRB,Barbados,North America,2010,48522.90000000001
BRB,Barbados,North America,2011,48220.4
BRB,Barbados,North America,2012,47983.00000000001
BRB,Barbados,North America,2013,48016.09999999999
BRB,Barbados,North America,2014,48102.0
BRB,Barbados,North America,2015,47977.00000000001
BRB,Barbados,North America,2016,47700.7
BRB,Barbados,North America,2017,47337.49999999999
BRB,Barbados,North America,2018,46926.9
BRB,Barbados,North America,2019,46479.100000000006
BRB,Barbados,North America,2020,45990.5
BRB,Barbados,North America,2021,45490.0
BRB,Barbados,North America,2022,44980.1
BRB,Barbados,North America,2023,44433.9
BRN,Brunei,Asia,1995,77505.2
BRN,Brunei,Asia,1996,79282.2
BRN,Brunei,Asia,1997,80943.29999999999
BRN,Brunei,Asia,1998,82375.4
BRN,Brunei,Asia,1999,83490.09999999999
BRN,Brunei,Asia,2000,84237.0
BRN,Brunei,Asia,2001,84662.0
BRN,Brunei,Asia,2002,84888.4
BRN,Brunei,Asia,2003,84993.5
BRN,Brunei,Asia,2004,84939.0
BRN,Brunei,Asia,2005,84695.2
BRN,Brunei,Asia,2006,84294.4
BRN,Brunei,Asia,2007,84866.29999999999
BRN,Brunei,Asia,2008,86440.7
BRN,Brunei,Asia,2009,87916.2
BRN,Brunei,Asia,2010,89256.5
BRN,Brunei,Asia,2011,90108.8
BRN,Brunei,Asia,2012,90116.5
BRN,Brunei,Asia,2013,89645.49999999999
BRN,Brunei,Asia,2014,89103.29999999999
BRN,Brunei,Asia,2015,88449.29999999999
BRN,Brunei,Asia,2016,87744.5
BRN,Brunei,Asia,2017,87093.90000000001
BRN,Brunei,Asia,2018,86486.5
BRN,Brunei,Asia,2019,85909.79999999999
BRN,Brunei,Asia,2020,85407.09999999999
BRN,Brunei,Asia,2021,85053.1
BRN,Brunei,Asia,2022,84806.5
BRN,Brunei,Asia,2023,84531.09999999999
BTN,Bhutan,Asia,1995,180253.1
BTN,Bhutan,Asia,1996,180709.7
BTN,Bhutan,Asia,1997,183972.7
BTN,Bhutan,Asia,1998,187248.4
BTN,Bhutan,Asia,1999,191406.7
BTN,Bhutan,Asia,2000,195728.8
BTN,Bhutan,Asia,2001,199011.6
BTN,Bhutan,Asia,2002,201171.3
BTN,Bhutan,Asia,2003,202057.9
BTN,Bhutan,Asia,2004,201779.4
BTN,Bhutan,Asia,2005,200640.9
BTN,Bhutan,Asia,2006,198916.7
BTN,Bhutan,Asia,2007,196844.0
BTN,Bhutan,Asia,2008,194637.7
BTN,Bhutan,Asia,2009,192459.7
BTN,Bhutan,Asia,2010,190467.2
BTN,Bhutan,Asia,2011,188602.0
BTN,Bhutan,Asia,2012,186672.7
BTN,Bhutan,Asia,2013,184749.3
BTN,Bhutan,Asia,2014,182999.0
BTN,Bhutan,Asia,2015,181561.4
BTN,Bhutan,Asia,2016,180553.9
BTN,Bhutan,Asia,2017,179338.59999999998
BTN,Bhutan,Asia,2018,177555.5
BTN,Bhutan,Asia,2019,175383.8
BTN,Bhutan,Asia,2020,172604.9
BTN,Bhutan,Asia,2021,169581.7
BTN,Bhutan,Asia,2022,166140.4
BTN,Bhutan,Asia,2023,161978.7
BWA,Botswana,Africa,1995,525602.6000000001
BWA,Botswana,Africa,1996,534006.7000000001
BWA,Botswana,Africa,1997,541647.1
BWA,Botswana,Africa,1998,548496.9
BWA,Botswana,Africa,1999,553937.9
BWA,Botswana,Africa,2000,557598.2
BWA,Botswana,Africa,2001,559191.7999999999
BWA,Botswana,Africa,2002,558502.1000000001
BWA,Botswana,Africa,2003,556846.9
BWA,Botswana,Africa,2004,555637.9
BWA,Botswana,Africa,2005,555106.7000000001
BWA,Botswana,Africa,2006,555204.7
BWA,Botswana,Africa,2007,555761.7000000001
BWA,Botswana,Africa,2008,556938.4
BWA,Botswana,Africa,2009,559109.4
BWA,Botswana,Africa,2010,563001.0
BWA,Botswana,Africa,2011,568653.4
BWA,Botswana,Africa,2012,579672.6
BWA,Botswana,Africa,2013,594667.9
BWA,Botswana,Africa,2014,608102.4
BWA,Botswana,Africa,2015,619941.2
BWA,Botswana,Africa,2016,629817.5
BWA,Botswana,Africa,2017,637871.2000000001
BWA,Botswana,Africa,2018,643851.8
BWA,Botswana,Africa,2019,647404.9
BWA,Botswana,Africa,2020,649330.6
BWA,Botswana,Africa,2021,650200.4999999999
BWA,Botswana,Africa,2022,651901.2000000001
BWA,Botswana,Africa,2023,655423.5
CAF,Central African Republic,Africa,1995,1116620.0
CAF,Central African Republic,Africa,1996,1156213.7
CAF,Central African Republic,Africa,1997,1197684.6
CAF,Central African Republic,Africa,1998,1238715.2000000002
CAF,Central African Republic,Africa,1999,1280289.4999999998
CAF,Central African Republic,Africa,2000,1321469.7000000002
CAF,Central African Republic,Africa,2001,1352879.7
CAF,Central African Republic,Africa,2002,1382352.5999999996
CAF,Central African Republic,Africa,2003,1416452.2
CAF,Central African Republic,Africa,2004,1449253.6
CAF,Central African Republic,Africa,2005,1484393.0
CAF,Central African Republic,Africa,2006,1517484.2999999998
CAF,Central African Republic,Africa,2007,1547946.5
CAF,Central African Republic,Africa,2008,1579746.6
CAF,Central African Republic,Africa,2009,1592351.7999999998
CAF,Central African Republic,Africa,2010,1602955.1
CAF,Central African Republic,Africa,2011,1629939.1000000003
CAF,Central African Republic,Africa,2012,1652689.7
CAF,Central African Republic,Africa,2013,1672573.4
CAF,Central African Republic,Africa,2014,1686206.4
CAF,Central African Republic,Africa,2015,1712789.7000000002
CAF,Central African Republic,Africa,2016,1759625.4
CAF,Central African Republic,Africa,2017,1805105.3
CAF,Central African Republic,Africa,2018,1847846.1
CAF,Central African Republic,Africa,2019,1881982.3
CAF,Central African Republic,Africa,2020,1912552.9
CAF,Central African Republic,Africa,2021,1942169.0
CAF,Central African Republic,Africa,2022,1955041.8
CAF,Central African Republic,Africa,2023,1976181.5
CAN,Canada,North America,1995,5209031.0
CAN,Canada,North America,1996,5261545.600000001
CAN,Canada,North America,1997,5309272.2
CAN,Canada,North America,1998,5348644.6
CAN,Canada,North America,1999,5375165.999999999
CAN,Canada,North America,2000,5392348.5
CAN,Canada,North America,2001,5407339.999999999
CAN,Canada,North America,2002,5414481.699999999
CAN,Canada,North America,2003,5402646.6
CAN,Canada,North America,2004,5373573.7
CAN,Canada,North America,2005,5334608.4
CAN,Canada,North America,2006,5290725.5
CAN,Canada,North America,2007,5249676.4
CAN,Canada,North America,2008,5214281.199999999
CAN,Canada,North America,2009,5178818.0
CAN,Canada,North America,2010,5141649.4
CAN,Canada,North America,2011,5113362.2
CAN,Canada,North America,2012,5103349.6
CAN,Canada,North America,2013,5111418.6
CAN,Canada,North America,2014,5131197.2
CAN,Canada,North America,2015,5161919.899999999
CAN,Canada,North America,2016,5209070.899999999
CAN,Canada,North America,2017,5265475.7
CAN,Canada,North America,2018,5321339.8
CAN,Canada,North America,2019,5371006.7
CAN,Canada,North America,2020,5399260.5
CAN,Canada,North America,2021,5398633.300000001
CAN,Canada,North America,2022,5402291.3
CAN,Canada,North America,2023,5417121.699999999
CHE,Switzerland,Europe,1995,1057524.9
CHE,Switzerland,Europe,1996,1069689.7
CHE,Switzerland,Europe,1997,1078618.5
CHE,Switzerland,Europe,1998,1086143.4
CHE,Switzerland,Europe,1999,1093451.1
CHE,Switzerland,Europe,2000,1098379.0
CHE,Switzerland,Europe,2001,1099372.4
CHE,Switzerland,Europe,2002,1100843.2
CHE,Switzerland,Europe,2003,1102658.5
CHE,Switzerland,Europe,2004,1101494.9
CHE,Switzerland,Europe,2005,1096581.0
CHE,Switzerland,Europe,2006,1088937.2999999998
CHE,Switzerland,Europe,2007,1082622.8
CHE,Switzerland,Europe,2008,1078431.9
CHE,Switzerland,Europe,2009,1074258.3
CHE,Switzerland,Europe,2010,1071558.9
CHE,Switzerland,Europe,2011,1068207.6
CHE,Switzerland,Europe,2012,1063515.5
CHE,Switzerland,Europe,2013,1063572.4
CHE,Switzerland,Europe,2014,1067657.2
CHE,Switzerland,Europe,2015,1073446.7
CHE,Switzerland,Europe,2016,1081852.1
CHE,Switzerland,Europe,2017,1090446.2000000002
CHE,Switzerland,Europe,2018,1097713.8
CHE,Switzerland,Europe,2019,1105922.6
CHE,Switzerland,Europe,2020,1115859.9
CHE,Switzerland,Europe,2021,1128078.5
CHE,Switzerland,Europe,2022,1142687.8
CHE,Switzerland,Europe,2023,1155097.0
CHL,Chile,North America,1995,3484355.8999999994
CHL,Chile,North America,1996,3522310.5
CHL,Chile,North America,1997,3556385.600000001
CHL,Chile,North America,1998,3584738.4
CHL,Chile,North America,1999,3608208.8
CHL,Chile,North America,2000,3626954.8
CHL,Chile,North America,2001,3639455.0
CHL,Chile,North America,2002,3641838.9
CHL,Chile,North America,2003,3634436.4
CHL,Chile,North America,2004,3617233.0
CHL,Chile,North America,2005,3591743.4999999995
CHL,Chile,North America,2006,3560479.0
CHL,Chile,North America,2007,3522344.1
CHL,Chile,North America,2008,3477458.4
CHL,Chile,North America,2009,3427493.7
CHL,Chile,North America,2010,3374446.1
CHL,Chile,North America,2011,3320735.8999999994
CHL,Chile,North America,2012,3273784.1
CHL,Chile,North America,2013,3237912.2
CHL,Chile,North America,2014,3211431.8
CHL,Chile,North America,2015,3190412.7
CHL,Chile,North America,2016,3176558.5
CHL,Chile,North America,2017,3176565.7
CHL,Chile,North America,2018,3186228.2
CHL,Chile,North America,2019,3197023.0
CHL,Chile,North America,2020,3196702.1
CHL,Chile,North America,2021,3188783.8
CHL,Chile,North America,2022,3177802.8
CHL,Chile,North America,2023,3162835.2
CHN,China,Asia,1995,290627820.6
CHN,China,Asia,1996,293933885.5
CHN,China,Asia,1997,294120021.8
CHN,China,Asia,1998,293755620.1
CHN,China,Asia,1999,292687503.8
CHN,China,Asia,2000,290185352.9
CHN,China,Asia,2001,286140970.9
CHN,China,Asia,2002,280047783.2
CHN,China,Asia,2003,273568406.7
CHN,China,Asia,2004,267189066.6
CHN,China,Asia,2005,260051738.6
CHN,China,Asia,2006,252791712.7
CHN,China,Asia,2007,245295292.9
CHN,China,Asia,2008,237995142.9
CHN,China,Asia,2009,231191007.6
CHN,China,Asia,2010,224391174.50000003
CHN,China,Asia,2011,219297071.6
CHN,China,Asia,2012,216724778.7
CHN,China,Asia,2013,215481251.80000004
CHN,China,Asia,2014,215215093.5
CHN,China,Asia,2015,215280535.5
CHN,China,Asia,2016,215641995.6
CHN,China,Asia,2017,217279030.2
CHN,China,Asia,2018,219511095.3
CHN,China,Asia,2019,221665857.7
CHN,China,Asia,2020,223241821.5
CHN,China,Asia,2021,224600632.8
CHN,China,Asia,2022,226513233.9
CHN,China,Asia,2023,226848641.1
CIV,Côte d'Ivoire,Africa,1995,5217638.8
CIV,Côte d'Ivoire,Africa,1996,5411679.399999999
CIV,Côte d'Ivoire,Africa,1997,5606423.2
CIV,Côte d'Ivoire,Africa,1998,5799887.3
CIV,Côte d'Ivoire,Africa,1999,5968353.5
CIV,Côte d'Ivoire,Africa,2000,6117589.399999999
CIV,Côte d'Ivoire,Africa,2001,6274973.5
CIV,Côte d'Ivoire,Africa,2002,6442383.4
CIV,Côte d'Ivoire,Africa,2003,6622407.9
CIV,Côte d'Ivoire,Africa,2004,6813327.600000001
CIV,Côte d'Ivoire,Africa,2005,7011885.7
CIV,Côte d'Ivoire,Africa,2006,7214934.199999999
CIV,Côte d'Ivoire,Africa,2007,7418520.8
CIV,Côte d'Ivoire,Africa,2008,7532784.0
CIV,Côte d'Ivoire,Africa,2009,7543079.1
CIV,Côte d'Ivoire,Africa,2010,7530559.7
CIV,Côte d'Ivoire,Africa,2011,7513702.199999999
CIV,Côte d'Ivoire,Africa,2012,7511973.2
CIV,Côte d'Ivoire,Africa,2013,7537232.7
CIV,Côte d'Ivoire,Africa,2014,7686013.9
CIV,Côte d'Ivoire,Africa,2015,7950886.8
CIV,Côte d'Ivoire,Africa,2016,8226433.999999999
CIV,Côte d'Ivoire,Africa,2017,8497138.7
CIV,Côte d'Ivoire,Africa,2018,8763233.1
CIV,Côte d'Ivoire,Africa,2019,9061224.8
CIV,Côte d'Ivoire,Africa,2020,9380831.8
CIV,Côte d'Ivoire,Africa,2021,9684474.0
CIV,Côte d'Ivoire,Africa,2022,9967812.8
CIV,Côte d'Ivoire,Africa,2023,10221150.7
CMR,Cameroon,Africa,1995,4519219.999999999
CMR,Cameroon,Africa,1996,4649277.100000001
CMR,Cameroon,Africa,1997,4776728.100000001
CMR,Cameroon,Africa,1998,4902888.600000001
CMR,Cameroon,Africa,1999,5028032.9
CMR,Cameroon,Africa,2000,5149529.0
CMR,Cameroon,Africa,2001,5265345.7
CMR,Cameroon,Africa,2002,5377550.4
CMR,Cameroon,Africa,2003,5493637.899999999
CMR,Cameroon,Africa,2004,5617540.399999999
CMR,Cameroon,Africa,2005,5745616.399999999
CMR,Cameroon,Africa,2006,5874835.3
CMR,Cameroon,Africa,2007,6010426.299999999
CMR,Cameroon,Africa,2008,6158084.499999999
CMR,Cameroon,Africa,2009,6318870.1
CMR,Cameroon,Africa,2010,6491998.8
CMR,Cameroon,Africa,2011,6674669.3
CMR,Cameroon,Africa,2012,6866069.8
CMR,Cameroon,Africa,2013,7066147.499999999
CMR,Cameroon,Africa,2014,7279333.100000001
CMR,Cameroon,Africa,2015,7500450.800000001
CMR,Cameroon,Africa,2016,7719955.600000001
CMR,Cameroon,Africa,2017,7936231.8
CMR,Cameroon,Africa,2018,8149654.1
CMR,Cameroon,Africa,2019,8361908.299999999
CMR,Cameroon,Africa,2020,8579989.0
CMR,Cameroon,Africa,2021,8811423.3
CMR,Cameroon,Africa,2022,9050349.7
CMR,Cameroon,Africa,2023,9286631.7
COD,DR Congo,Africa,1995,14065200.900000002
COD,DR Congo,Africa,1996,14473700.1
COD,DR Congo,Africa,1997,14902997.7
COD,DR Congo,Africa,1998,15433353.8
COD,DR Congo,Africa,1999,16025271.4
COD,DR Congo,Africa,2000,16648230.499999998
COD,DR Congo,Africa,2001,17302666.4
COD,DR Congo,Africa,2002,17933968.5
COD,DR Congo,Africa,2003,18535137.4
COD,DR Congo,Africa,2004,19149245.0
COD,DR Congo,Africa,2005,19803080.6
COD,DR Congo,Africa,2006,20472633.8
COD,DR Congo,Africa,2007,21146249.5
COD,DR Congo,Africa,2008,21826541.700000003
COD,DR Congo,Africa,2009,22520291.5
COD,DR Congo,Africa,2010,23228859.200000003
COD,DR Congo,Africa,2011,23969025.0
COD,DR Congo,Africa,2012,24761172.7
COD,DR Congo,Africa,2013,25605086.5
COD,DR Congo,Africa,2014,26483396.200000003
COD,DR Congo,Africa,2015,27363219.0
COD,DR Congo,Africa,2016,28293479.8
COD,DR Congo,Africa,2017,29300481.9
COD,DR Congo,Africa,2018,30337275.5
COD,DR Congo,Africa,2019,31401020.7
COD,DR Congo,Africa,2020,32503025.8
COD,DR Congo,Africa,2021,33637373.3
COD,DR Congo,Africa,2022,34820001.5
COD,DR Congo,Africa,2023,36064927.2
COG,Congo,Africa,1995,914079.8
COG,Congo,Africa,1996,936569.5
COG,Congo,Africa,1997,957664.1
COG,Congo,Africa,1998,980190.1
COG,Congo,Africa,1999,1005347.0
COG,Congo,Africa,2000,1034947.3
COG,Congo,Africa,2001,1064052.5
COG,Congo,Africa,2002,1087743.1
COG,Congo,Africa,2003,1113549.4
COG,Congo,Africa,2004,1141039.0
COG,Congo,Africa,2005,1168648.9
COG,Congo,Africa,2006,1198965.6
COG,Congo,Africa,2007,1231925.8
COG,Congo,Africa,2008,1264634.5
COG,Congo,Africa,2009,1303010.6999999995
COG,Congo,Africa,2010,1344764.7999999998
COG,Congo,Africa,2011,1384744.5000000002
COG,Congo,Africa,2012,1426421.7000000002
COG,Congo,Africa,2013,1471968.3
COG,Congo,Africa,2014,1523935.2
COG,Congo,Africa,2015,1582645.9999999998
COG,Congo,Africa,2016,1645449.2
COG,Congo,Africa,2017,1708108.2999999998
COG,Congo,Africa,2018,1769825.9
COG,Congo,Africa,2019,1828857.9
COG,Congo,Africa,2020,1884897.7
COG,Congo,Africa,2021,1937113.1
COG,Congo,Africa,2022,1984856.0
COG,Congo,Africa,2023,2028917.3
COK,Cook Islands,Oceania,1995,4965.5
COK,Cook Islands,Oceania,1996,4994.299999999999
COK,Cook Islands,Oceania,1997,4934.599999999999
COK,Cook Islands,Oceania,1998,4797.8
COK,Cook Islands,Oceania,1999,4665.5
COK,Cook Islands,Oceania,2000,4526.7
COK,Cook Islands,Oceania,2001,4373.400000000001
COK,Cook Islands,Oceania,2002,4274.599999999999
COK,Cook Islands,Oceania,2003,4231.7
COK,Cook Islands,Oceania,2004,4177.3
COK,Cook Islands,Oceania,2005,4116.1
COK,Cook Islands,Oceania,2006,4051.8
COK,Cook Islands,Oceania,2007,3998.9
COK,Cook Islands,Oceania,2008,3960.9
COK,Cook Islands,Oceania,2009,3933.0
COK,Cook Islands,Oceania,2010,3918.4
COK,Cook Islands,Oceania,2011,3910.500000000001
COK,Cook Islands,Oceania,2012,3882.5
COK,Cook Islands,Oceania,2013,3838.2
COK,Cook Islands,Oceania,2014,3801.9
COK,Cook Islands,Oceania,2015,3771.4
COK,Cook Islands,Oceania,2016,3740.0
COK,Cook Islands,Oceania,2017,3672.9
COK,Cook Islands,Oceania,2018,3577.8
COK,Cook Islands,Oceania,2019,3496.1
COK,Cook Islands,Oceania,2020,3427.8
COK,Cook Islands,Oceania,2021,3370.4
COK,Cook Islands,Oceania,2022,3315.4
COK,Cook Islands,Oceania,2023,3248.1
COL,Colombia,North America,1995,10122658.0
COL,Colombia,North America,1996,10236125.9
COL,Colombia,North America,1997,10350715.999999998
COL,Colombia,North America,1998,10471835.4
COL,Colombia,North America,1999,10594715.1
COL,Colombia,North America,2000,10702947.8
COL,Colombia,North America,2001,10788820.3
COL,Colombia,North America,2002,10860178.3
COL,Colombia,North America,2003,10927221.2
COL,Colombia,North America,2004,10986165.3
COL,Colombia,North America,2005,11030246.6
COL,Colombia,North America,2006,11054625.5
COL,Colombia,North America,2007,11059597.7
COL,Colombia,North America,2008,11047302.3
COL,Colombia,North America,2009,11016835.3
COL,Colombia,North America,2010,10969288.7
COL,Colombia,North America,2011,10903297.8
COL,Colombia,North America,2012,10817838.8
COL,Colombia,North America,2013,10714799.900000002
COL,Colombia,North America,2014,10599061.4
COL,Colombia,North America,2015,10477061.9
COL,Colombia,North America,2016,10361969.9
COL,Colombia,North America,2017,10269687.000000002
COL,Colombia,North America,2018,10188604.1
COL,Colombia,North America,2019,10098807.8
COL,Colombia,North America,2020,9992282.1
COL,Colombia,North America,2021,9870996.5
COL,Colombia,North America,2022,9751617.5
COL,Colombia,North America,2023,9643865.3
COM,Comoros,Africa,1995,176592.8
COM,Comoros,Africa,1996,181909.4
COM,Comoros,Africa,1997,187274.9
COM,Comoros,Africa,1998,192404.0
COM,Comoros,Africa,1999,195941.9
COM,Comoros,Africa,2000,198281.1
COM,Comoros,Africa,2001,201094.7
COM,Comoros,Africa,2002,204619.5
COM,Comoros,Africa,2003,208719.4
COM,Comoros,Africa,2004,212555.0
COM,Comoros,Africa,2005,215578.7
COM,Comoros,Africa,2006,217897.9
COM,Comoros,Africa,2007,219514.7
COM,Comoros,Africa,2008,220253.5
COM,Comoros,Africa,2009,220351.4
COM,Comoros,Africa,2010,220341.4
COM,Comoros,Africa,2011,220398.4
COM,Comoros,Africa,2012,220609.9
COM,Comoros,Africa,2013,221820.0
COM,Comoros,Africa,2014,224581.1
COM,Comoros,Africa,2015,228512.6
COM,Comoros,Africa,2016,233234.1
COM,Comoros,Africa,2017,237174.4
COM,Comoros,Africa,2018,239965.6
COM,Comoros,Africa,2019,242578.9
COM,Comoros,Africa,2020,245479.3
COM,Comoros,Africa,2021,248758.1
COM,Comoros,Africa,2022,252024.3
COM,Comoros,Africa,2023,255317.4
CPV,Cabo Verde,Africa,1995,146237.2
CPV,Cabo Verde,Africa,1996,149695.59999999998
CPV,Cabo Verde,Africa,1997,152871.4
CPV,Cabo Verde,Africa,1998,155710.1
CPV,Cabo Verde,Africa,1999,158108.5
CPV,Cabo Verde,Africa,2000,159813.19999999998
CPV,Cabo Verde,Africa,2001,160652.49999999997
CPV,Cabo Verde,Africa,2002,160837.0
CPV,Cabo Verde,Africa,2003,160591.5
CPV,Cabo Verde,Africa,2004,159982.2
CPV,Cabo Verde,Africa,2005,159060.1
CPV,Cabo Verde,Africa,2006,157735.80000000002
CPV,Cabo Verde,Africa,2007,155901.5
CPV,Cabo Verde,Africa,2008,153689.90000000002
CPV,Cabo Verde,Africa,2009,151297.0
CPV,Cabo Verde,Africa,2010,148375.09999999998
CPV,Cabo Verde,Africa,2011,144642.1
CPV,Cabo Verde,Africa,2012,140683.2
CPV,Cabo Verde,Africa,2013,136919.90000000002
CPV,Cabo Verde,Africa,2014,133416.30000000002
CPV,Cabo Verde,Africa,2015,130463.3
CPV,Cabo Verde,Africa,2016,128256.1
CPV,Cabo Verde,Africa,2017,126709.5
CPV,Cabo Verde,Africa,2018,125667.3
CPV,Cabo Verde,Africa,2019,125084.1
CPV,Cabo Verde,Africa,2020,125086.7
CPV,Cabo Verde,Africa,2021,125771.8
CPV,Cabo Verde,Africa,2022,126619.1
CPV,Cabo Verde,Africa,2023,127081.4
CRI,Costa Rica,North America,1995,997594.0
CRI,Costa Rica,North America,1996,1015460.3
CRI,Costa Rica,North America,1997,1030583.1
CRI,Costa Rica,North America,1998,1043072.1
CRI,Costa Rica,North America,1999,1052733.2999999998
CRI,Costa Rica,North America,2000,1059561.9
CRI,Costa Rica,North America,2001,1063677.8
CRI,Costa Rica,North America,2002,1065222.4
CRI,Costa Rica,North America,2003,1064854.3
CRI,Costa Rica,North America,2004,1063342.4
CRI,Costa Rica,North America,2005,1060586.0
CRI,Costa Rica,North America,2006,1055985.7999999998
CRI,Costa Rica,North America,2007,1048485.7
CRI,Costa Rica,North America,2008,1038444.2
CRI,Costa Rica,North America,2009,1027450.2
CRI,Costa Rica,North America,2010,1017017.4
CRI,Costa Rica,North America,2011,1006576.2
CRI,Costa Rica,North America,2012,996400.3
CRI,Costa Rica,North America,2013,988355.9
CRI,Costa Rica,North America,2014,981192.4
CRI,Costa Rica,North America,2015,972057.1
CRI,Costa Rica,North America,2016,962978.5
CRI,Costa Rica,North America,2017,956553.0
CRI,Costa Rica,North America,2018,949985.9
CRI,Costa Rica,North America,2019,943147.2
CRI,Costa Rica,North America,2020,936803.1
CRI,Costa Rica,North America,2021,930504.9
CRI,Costa Rica,North America,2022,924572.1
CRI,Costa Rica,North America,2023,918723.8
CUB,Cuba,North America,1995,2084234.1
CUB,Cuba,North America,1996,2094500.9
CUB,Cuba,North America,1997,2098498.5
CUB,Cuba,North America,1998,2096487.6
CUB,Cuba,North America,1999,2092209.8
CUB,Cuba,North America,2000,2085928.0
CUB,Cuba,North America,2001,2076720.3
CUB,Cuba,North America,2002,2063988.3
CUB,Cuba,North America,2003,2047918.2
CUB,Cuba,North America,2004,2028456.8
CUB,Cuba,North America,2005,2005159.3
CUB,Cuba,North America,2006,1980278.0
CUB,Cuba,North America,2007,1955533.9
CUB,Cuba,North America,2008,1927894.3
CUB,Cuba,North America,2009,1894116.2
CUB,Cuba,North America,2010,1853476.1
CUB,Cuba,North America,2011,1807857.9
CUB,Cuba,North America,2012,1764359.5
CUB,Cuba,North America,2013,1729433.5
CUB,Cuba,North America,2014,1703831.6
CUB,Cuba,North America,2015,1684849.0000000002
CUB,Cuba,North America,2016,1669744.0000000002
CUB,Cuba,North America,2017,1653783.4
CUB,Cuba,North America,2018,1635845.4
CUB,Cuba,North America,2019,1618434.4999999998
CUB,Cuba,North America,2020,1604259.7
CUB,Cuba,North America,2021,1591084.7000000002
CUB,Cuba,North America,2022,1574602.2999999998
CUB,Cuba,North America,2023,1557829.8
CUW,Curaçao,North America,1995,33850.6
CUW,Curaçao,North America,1996,33599.2
CUW,Curaçao,North America,1997,33389.5
CUW,Curaçao,North America,1998,33153.7
CUW,Curaçao,North America,1999,32838.1
CUW,Curaçao,North America,2000,32433.400000000005
CUW,Curaçao,North America,2001,32291.0
CUW,Curaçao,North America,2002,32380.1
CUW,Curaçao,North America,2003,32319.1
CUW,Curaçao,North America,2004,32127.8
CUW,Curaçao,North America,2005,31754.7
CUW,Curaçao,North America,2006,31256.2
CUW,Curaçao,North America,2007,30734.1
CUW,Curaçao,North America,2008,30207.7
CUW,Curaçao,North America,2009,29718.8
CUW,Curaçao,North America,2010,29261.8
CUW,Curaçao,North America,2011,28645.1
CUW,Curaçao,North America,2012,28185.8
CUW,Curaçao,North America,2013,27998.3
CUW,Curaçao,North America,2014,27723.2
CUW,Curaçao,North America,2015,27464.2
CUW,Curaçao,North America,2016,27294.2
CUW,Curaçao,North America,2017,27256.8
CUW,Curaçao,North America,2018,28647.900000000005
CUW,Curaçao,North America,2019,29249.5
CUW,Curaçao,North America,2020,28408.5
CUW,Curaçao,North America,2021,28175.9
CUW,Curaçao,North America,2022,27789.4
CUW,Curaçao,North America,2023,27394.6
CYM,Cayman Islands,North America,1995,5292.7
CYM,Cayman Islands,North America,1996,5385.0
CYM,Cayman Islands,North America,1997,5523.400000000001
CYM,Cayman Islands,North America,1998,5702.0
CYM,Cayman Islands,North America,1999,5934.400000000001
CYM,Cayman Islands,North America,2000,6265.900000000001
CYM,Cayman Islands,North America,2001,6605.5
CYM,Cayman Islands,North America,2002,6851.599999999999
CYM,Cayman Islands,North America,2003,7020.7
CYM,Cayman Islands,North America,2004,7130.400000000001
CYM,Cayman Islands,North America,2005,7236.6
CYM,Cayman Islands,North America,2006,7359.500000000001
CYM,Cayman Islands,North America,2007,7476.900000000001
CYM,Cayman Islands,North America,2008,7587.4
CYM,Cayman Islands,North America,2009,7701.6
CYM,Cayman Islands,North America,2010,7853.6
CYM,Cayman Islands,North America,2011,8105.699999999999
CYM,Cayman Islands,North America,2012,8392.3
CYM,Cayman Islands,North America,2013,8619.3
CYM,Cayman Islands,North America,2014,8805.6
CYM,Cayman Islands,North America,2015,8965.499999999998
CYM,Cayman Islands,North America,2016,9103.8
CYM,Cayman Islands,North America,2017,9227.3
CYM,Cayman Islands,North America,2018,9337.9
CYM,Cayman Islands,North America,2019,9425.0
CYM,Cayman Islands,North America,2020,9483.6
CYM,Cayman Islands,North America,2021,9597.1
CYM,Cayman Islands,North America,2022,9768.5
CYM,Cayman Islands,North America,2023,9922.1
CYP,Cyprus,Asia,1995,181367.2
CYP,Cyprus,Asia,1996,185657.6
CYP,Cyprus,Asia,1997,188951.6
CYP,Cyprus,Asia,1998,191338.7
CYP,Cyprus,Asia,1999,192603.0
CYP,Cyprus,Asia,2000,192680.1
CYP,Cyprus,Asia,2001,192572.4
CYP,Cyprus,Asia,2002,194345.4
CYP,Cyprus,Asia,2003,197043.50000000003
CYP,Cyprus,Asia,2004,198380.20000000004
CYP,Cyprus,Asia,2005,198226.10000000003
CYP,Cyprus,Asia,2006,196622.6
CYP,Cyprus,Asia,2007,193827.1
CYP,Cyprus,Asia,2008,190183.7
CYP,Cyprus,Asia,2009,185963.9
CYP,Cyprus,Asia,2010,181426.00000000003
CYP,Cyprus,Asia,2011,177295.4
CYP,Cyprus,Asia,2012,174094.3
CYP,Cyprus,Asia,2013,171769.09999999998
CYP,Cyprus,Asia,2014,170317.7
CYP,Cyprus,Asia,2015,169725.4
CYP,Cyprus,Asia,2016,169905.6
CYP,Cyprus,Asia,2017,170824.80000000002
CYP,Cyprus,Asia,2018,171999.00000000003
CYP,Cyprus,Asia,2019,173279.49999999997
CYP,Cyprus,Asia,2020,175009.0
CYP,Cyprus,Asia,2021,177219.89999999997
CYP,Cyprus,Asia,2022,179560.1
CYP,Cyprus,Asia,2023,181719.1
CZE,Czechia,Europe,1995,1861116.4
CZE,Czechia,Europe,1996,1820708.4
CZE,Czechia,Europe,1997,1781802.0000000002
CZE,Czechia,Europe,1998,1742419.3999999997
CZE,Czechia,Europe,1999,1699328.9
CZE,Czechia,Europe,2000,1651787.4
CZE,Czechia,Europe,2001,1606396.6999999995
CZE,Czechia,Europe,2002,1563915.6
CZE,Czechia,Europe,2003,1522726.9
CZE,Czechia,Europe,2004,1482003.0
CZE,Czechia,Europe,2005,1440778.5
CZE,Czechia,Europe,2006,1400481.2999999998
CZE,Czechia,Europe,2007,1364179.5
CZE,Czechia,Europe,2008,1330589.4
CZE,Czechia,Europe,2009,1303081.3
CZE,Czechia,Europe,2010,1285755.6
CZE,Czechia,Europe,2011,1277213.9
CZE,Czechia,Europe,2012,1281271.4
CZE,Czechia,Europe,2013,1295286.9
CZE,Czechia,Europe,2014,1314053.7999999998
CZE,Czechia,Europe,2015,1336998.7999999998
CZE,Czechia,Europe,2016,1357612.1
CZE,Czechia,Europe,2017,1373835.7999999998
CZE,Czechia,Europe,2018,1388259.8
CZE,Czechia,Europe,2019,1402792.6
CZE,Czechia,Europe,2020,1417216.9
CZE,Czechia,Europe,2021,1430539.2000000002
CZE,Czechia,Europe,2022,1461416.5
CZE,Czechia,Europe,2023,1485897.9
DEU,Germany,Europe,1995,11783790.800000004
DEU,Germany,Europe,1996,11902206.3
DEU,Germany,Europe,1997,11940342.3
DEU,Germany,Europe,1998,11815033.1
DEU,Germany,Europe,1999,11656707.9
DEU,Germany,Europe,2000,11573361.5
DEU,Germany,Europe,2001,11472102.7
DEU,Germany,Europe,2002,11389613.6
DEU,Germany,Europe,2003,11290953.9
DEU,Germany,Europe,2004,11167433.7
DEU,Germany,Europe,2005,11029184.6
DEU,Germany,Europe,2006,10841705.2
DEU,Germany,Europe,2007,10634509.2
DEU,Germany,Europe,2008,10441826.0
DEU,Germany,Europe,2009,10271945.2
DEU,Germany,Europe,2010,10106224.2
DEU,Germany,Europe,2011,9942738.2
DEU,Germany,Europe,2012,9821611.8
DEU,Germany,Europe,2013,9739717.0
DEU,Germany,Europe,2014,9703251.8
DEU,Germany,Europe,2015,9765147.8
DEU,Germany,Europe,2016,9848917.7
DEU,Germany,Europe,2017,9853201.0
DEU,Germany,Europe,2018,9840102.1
DEU,Germany,Europe,2019,9849049.9
DEU,Germany,Europe,2020,9875845.8
DEU,Germany,Europe,2021,9922331.5
DEU,Germany,Europe,2022,10031757.8
DEU,Germany,Europe,2023,10164135.8
DJI,Djibouti,Africa,1995,208795.2
DJI,Djibouti,Africa,1996,213089.8
DJI,Djibouti,Africa,1997,218621.7
DJI,Djibouti,Africa,1998,224414.7
DJI,Djibouti,Africa,1999,229605.00000000003
DJI,Djibouti,Africa,2000,234298.5
DJI,Djibouti,Africa,2001,238806.0
DJI,Djibouti,Africa,2002,243068.3
DJI,Djibouti,Africa,2003,246591.8
DJI,Djibouti,Africa,2004,249934.9
DJI,Djibouti,Africa,2005,253855.6
DJI,Djibouti,Africa,2006,258600.00000000003
DJI,Djibouti,Africa,2007,263850.19999999995
DJI,Djibouti,Africa,2008,269060.9
DJI,Djibouti,Africa,2009,274233.5
DJI,Djibouti,Africa,2010,278996.69999999995
DJI,Djibouti,Africa,2011,283108.1
DJI,Djibouti,Africa,2012,286750.5
DJI,Djibouti,Africa,2013,289853.4
DJI,Djibouti,Africa,2014,292356.5
DJI,Djibouti,Africa,2015,294390.0
DJI,Djibouti,Africa,2016,296003.9
DJI,Djibouti,Africa,2017,297219.7
DJI,Djibouti,Africa,2018,297990.5
DJI,Djibouti,Africa,2019,298312.7
DJI,Djibouti,Africa,2020,298245.7
DJI,Djibouti,Africa,2021,297828.8
DJI,Djibouti,Africa,2022,297055.2
DJI,Djibouti,Africa,2023,296046.10000000003
DMA,Dominica,North America,1995,18270.6
DMA,Dominica,North America,1996,18105.2
DMA,Dominica,North America,1997,18036.5
DMA,Dominica,North America,1998,17997.899999999998
DMA,Dominica,North America,1999,17960.0
DMA,Dominica,North America,2000,17911.899999999998
DMA,Dominica,North America,2001,17826.899999999998
DMA,Dominica,North America,2002,17658.4
DMA,Dominica,North America,2003,17388.5
DMA,Dominica,North America,2004,17047.3
DMA,Dominica,North America,2005,16672.0
DMA,Dominica,North America,2006,16316.2
DMA,Dominica,North America,2007,15980.7
DMA,Dominica,North America,2008,15636.2
DMA,Dominica,North America,2009,15300.3
DMA,Dominica,North America,2010,14977.500000000002
DMA,Dominica,North America,2011,14810.499999999998
DMA,Dominica,North America,2012,14516.2
DMA,Dominica,North America,2013,14567.1
DMA,Dominica,North America,2014,14620.1
DMA,Dominica,North America,2015,14215.4
DMA,Dominica,North America,2016,13288.6
DMA,Dominica,North America,2017,12359.2
DMA,Dominica,North America,2018,12112.100000000002
DMA,Dominica,North America,2019,11870.6
DMA,Dominica,North America,2020,11601.3
DMA,Dominica,North America,2021,11320.2
DMA,Dominica,North America,2022,11124.9
DMA,Dominica,North America,2023,10989.8
DNK,Denmark,Europe,1995,764489.6
DNK,Denmark,Europe,1996,769777.3
DNK,Denmark,Europe,1997,778895.9
DNK,Denmark,Europe,1998,789919.5
DNK,Denmark,Europe,1999,802412.0
DNK,Denmark,Europe,2000,816814.9
DNK,Denmark,Europe,2001,831750.8
DNK,Denmark,Europe,2002,846125.9
DNK,Denmark,Europe,2003,858643.2999999999
DNK,Denmark,Europe,2004,868539.4000000001
DNK,Denmark,Europe,2005,876040.2000000001
DNK,Denmark,Europe,2006,881103.7999999998
DNK,Denmark,Europe,2007,883908.3999999999
DNK,Denmark,Europe,2008,885879.4
DNK,Denmark,Europe,2009,886349.0
DNK,Denmark,Europe,2010,884630.0000000001
DNK,Denmark,Europe,2011,883091.6
DNK,Denmark,Europe,2012,881141.7000000001
DNK,Denmark,Europe,2013,879241.5
DNK,Denmark,Europe,2014,877463.6000000001
DNK,Denmark,Europe,2015,876046.4999999999
DNK,Denmark,Europe,2016,874594.8999999999
DNK,Denmark,Europe,2017,870223.5
DNK,Denmark,Europe,2018,863242.0
DNK,Denmark,Europe,2019,855157.7
DNK,Denmark,Europe,2020,847481.3
DNK,Denmark,Europe,2021,842205.1
DNK,Denmark,Europe,2022,843064.7000000002
DNK,Denmark,Europe,2023,844143.2999999999
DOM,Dominican Republic,North America,1995,2415743.1
DOM,Dominican Republic,North America,1996,2444994.3000000003
DOM,Dominican Republic,North America,1997,2473492.2
DOM,Dominican Republic,North America,1998,2500657.7
DOM,Dominican Republic,North America,1999,2525925.6
DOM,Dominican Republic,North America,2000,2549059.9000000004
DOM,Dominican Republic,North America,2001,2569957.2
DOM,Dominican Republic,North America,2002,2586507.1
DOM,Dominican Republic,North America,2003,2596483.4
DOM,Dominican Republic,North America,2004,2603611.4
DOM,Dominican Republic,North America,2005,2613230.0
DOM,Dominican Republic,North America,2006,2623694.1
DOM,Dominican Republic,North America,2007,2630987.9
DOM,Dominican Republic,North America,2008,2633760.4
DOM,Dominican Republic,North America,2009,2631665.8
DOM,Dominican Republic,North America,2010,2625350.4000000004
DOM,Dominican Republic,North America,2011,2615556.6
DOM,Dominican Republic,North America,2012,2605916.3
DOM,Dominican Republic,North America,2013,2600958.5
DOM,Dominican Republic,North America,2014,2600446.2
DOM,Dominican Republic,North America,2015,2601243.4000000004
DOM,Dominican Republic,North America,2016,2602009.4999999995
DOM,Dominican Republic,North America,2017,2604622.1
DOM,Dominican Republic,North America,2018,2609953.9999999995
DOM,Dominican Republic,North America,2019,2615017.9
DOM,Dominican Republic,North America,2020,2618671.6
DOM,Dominican Republic,North America,2021,2622451.1
DOM,Dominican Republic,North America,2022,2625505.4
DOM,Dominican Republic,North America,2023,2627768.2
DZA,Algeria,Africa,1995,9518514.5
DZA,Algeria,Africa,1996,9638267.7
DZA,Algeria,Africa,1997,9728370.9
DZA,Algeria,Africa,1998,9755714.7
DZA,Algeria,Africa,1999,9719963.3
DZA,Algeria,Africa,2000,9649679.6
DZA,Algeria,Africa,2001,9546821.2
DZA,Algeria,Africa,2002,9415172.4
DZA,Algeria,Africa,2003,9236900.7
DZA,Algeria,Africa,2004,9028522.0
DZA,Algeria,Africa,2005,8830732.5
DZA,Algeria,Africa,2006,8646222.799999999
DZA,Algeria,Africa,2007,8472129.4
DZA,Algeria,Africa,2008,8321905.399999999
DZA,Algeria,Africa,2009,8213527.5
DZA,Algeria,Africa,2010,8152627.500000001
DZA,Algeria,Africa,2011,8144295.399999999
DZA,Algeria,Africa,2012,8191577.5
DZA,Algeria,Africa,2013,8306332.699999999
DZA,Algeria,Africa,2014,8480980.100000001
DZA,Algeria,Africa,2015,8694262.6
DZA,Algeria,Africa,2016,8944531.6
DZA,Algeria,Africa,2017,9244762.2
DZA,Algeria,Africa,2018,9596947.0
DZA,Algeria,Africa,2019,9982557.6
DZA,Algeria,Africa,2020,10376644.9
DZA,Algeria,Africa,2021,10760727.2
DZA,Algeria,Africa,2022,11132392.6
DZA,Algeria,Africa,2023,11471037.7
ECU,Ecuador,North America,1995,3513553.7
ECU,Ecuador,North America,1996,3556734.9
ECU,Ecuador,North America,1997,3599983.9000000004
ECU,Ecuador,North America,1998,3641498.6
ECU,Ecuador,North America,1999,3679956.5
ECU,Ecuador,North America,2000,3717229.6
ECU,Ecuador,North America,2001,3756107.2
ECU,Ecuador,North America,2002,3795262.8
ECU,Ecuador,North America,2003,3832380.4
ECU,Ecuador,North America,2004,3865852.4
ECU,Ecuador,North America,2005,3896228.9
ECU,Ecuador,North America,2006,3924803.9
ECU,Ecuador,North America,2007,3951604.8
ECU,Ecuador,North America,2008,3976424.9
ECU,Ecuador,North America,2009,3998030.100000001
ECU,Ecuador,North America,2010,4015807.2
ECU,Ecuador,North America,2011,4029924.6
ECU,Ecuador,North America,2012,4041659.3
ECU,Ecuador,North America,2013,4054610.4
ECU,Ecuador,North America,2014,4071774.2
ECU,Ecuador,North America,2015,4089733.500000001
ECU,Ecuador,North America,2016,4107820.0
ECU,Ecuador,North America,2017,4124763.2
ECU,Ecuador,North America,2018,4133236.1999999993
ECU,Ecuador,North America,2019,4129488.9
ECU,Ecuador,North America,2020,4113170.4
ECU,Ecuador,North America,2021,4086291.1
ECU,Ecuador,North America,2022,4058234.2
ECU,Ecuador,North America,2023,4034204.6
EGY,Egypt,Africa,1995,20971051.9
EGY,Egypt,Africa,1996,21384034.4
EGY,Egypt,Africa,1997,21740868.200000003
EGY,Egypt,Africa,1998,22040750.500000004
EGY,Egypt,Africa,1999,22287621.9
EGY,Egypt,Africa,2000,22488533.9
EGY,Egypt,Africa,2001,22665063.8
EGY,Egypt,Africa,2002,22836280.6
EGY,Egypt,Africa,2003,23008876.1
EGY,Egypt,Africa,2004,23179945.4
EGY,Egypt,Africa,2005,23341881.800000004
EGY,Egypt,Africa,2006,23505313.0
EGY,Egypt,Africa,2007,23685688.6
EGY,Egypt,Africa,2008,23882858.6
EGY,Egypt,Africa,2009,24102052.1
EGY,Egypt,Africa,2010,24358232.2
EGY,Egypt,Africa,2011,24676603.5
EGY,Egypt,Africa,2012,25053922.2
EGY,Egypt,Africa,2013,25479024.8
EGY,Egypt,Africa,2014,25948818.5
EGY,Egypt,Africa,2015,26463626.6
EGY,Egypt,Africa,2016,27028948.4
EGY,Egypt,Africa,2017,27652694.6
EGY,Egypt,Africa,2018,28350133.1
EGY,Egypt,Africa,2019,29094138.0
EGY,Egypt,Africa,2020,29854960.0
EGY,Egypt,Africa,2021,30558711.0
EGY,Egypt,Africa,2022,31173165.7
EGY,Egypt,Africa,2023,31657310.1
ERI,Eritrea,Africa,1995,659027.7999999999
ERI,Eritrea,Africa,1996,682538.4
ERI,Eritrea,Africa,1997,696457.9
ERI,Eritrea,Africa,1998,713095.1
ERI,Eritrea,Africa,1999,732766.1
ERI,Eritrea,Africa,2000,753628.7
ERI,Eritrea,Africa,2001,781099.3999999999
ERI,Eritrea,Africa,2002,811947.8
ERI,Eritrea,Africa,2003,841806.8
ERI,Eritrea,Africa,2004,868860.5
ERI,Eritrea,Africa,2005,888468.8999999999
ERI,Eritrea,Africa,2006,904373.5
ERI,Eritrea,Africa,2007,920296.0
ERI,Eritrea,Africa,2008,941526.6999999998
ERI,Eritrea,Africa,2009,963637.3
ERI,Eritrea,Africa,2010,985169.4
ERI,Eritrea,Africa,2011,1004899.4
ERI,Eritrea,Africa,2012,1020934.4
ERI,Eritrea,Africa,2013,1036746.2
ERI,Eritrea,Africa,2014,1051045.6
ERI,Eritrea,Africa,2015,1064249.1
ERI,Eritrea,Africa,2016,1076293.6
ERI,Eritrea,Africa,2017,1086443.1
ERI,Eritrea,Africa,2018,1097743.6
ERI,Eritrea,Africa,2019,1108115.8
ERI,Eritrea,Africa,2020,1116512.4
ERI,Eritrea,Africa,2021,1123883.8
ERI,Eritrea,Africa,2022,1129355.6
ERI,Eritrea,Africa,2023,1133363.4
ESH,Western Sahara,Africa,1995,70123.2
ESH,Western Sahara,Africa,1996,72587.79999999999
ESH,Western Sahara,Africa,1997,74724.90000000001
ESH,Western Sahara,Africa,1998,76348.9
ESH,Western Sahara,Africa,1999,77361.59999999999
ESH,Western Sahara,Africa,2000,77881.6
ESH,Western Sahara,Africa,2001,78145.8
ESH,Western Sahara,Africa,2002,78396.1
ESH,Western Sahara,Africa,2003,78747.99999999999
ESH,Western Sahara,Africa,2004,79255.1
ESH,Western Sahara,Africa,2005,79927.40000000001
ESH,Western Sahara,Africa,2006,80798.90000000001
ESH,Western Sahara,Africa,2007,81825.40000000001
ESH,Western Sahara,Africa,2008,82960.2
ESH,Western Sahara,Africa,2009,84294.4
ESH,Western Sahara,Africa,2010,85901.5
ESH,Western Sahara,Africa,2011,87786.29999999999
ESH,Western Sahara,Africa,2012,89907.3
ESH,Western Sahara,Africa,2013,92223.2
ESH,Western Sahara,Africa,2014,94539.2
ESH,Western Sahara,Africa,2015,96841.5
ESH,Western Sahara,Africa,2016,99241.9
ESH,Western Sahara,Africa,2017,101680.6
ESH,Western Sahara,Africa,2018,104114.5
ESH,Western Sahara,Africa,2019,106492.1
ESH,Western Sahara,Africa,2020,108609.1
ESH,Western Sahara,Africa,2021,110471.8
ESH,Western Sahara,Africa,2022,112382.1
ESH,Western Sahara,Africa,2023,114272.1
ESP,Spain,Europe,1995,6637049.199999999
ESP,Spain,Europe,1996,6439822.4
ESP,Spain,Europe,1997,6260502.1
ESP,Spain,Europe,1998,6092391.699999999
ESP,Spain,Europe,1999,5930071.499999999
ESP,Spain,Europe,2000,5769653.9
ESP,Spain,Europe,2001,5627331.7
ESP,Spain,Europe,2002,5558903.0
ESP,Spain,Europe,2003,5552063.8
ESP,Spain,Europe,2004,5553830.600000001
ESP,Spain,Europe,2005,5571458.299999999
ESP,Spain,Europe,2006,5617648.2
ESP,Spain,Europe,2007,5689004.699999999
ESP,Spain,Europe,2008,5763179.999999999
ESP,Spain,Europe,2009,5819569.799999999
ESP,Spain,Europe,2010,5866750.2
ESP,Spain,Europe,2011,5921281.600000001
ESP,Spain,Europe,2012,5968011.5
ESP,Spain,Europe,2013,6010654.4
ESP,Spain,Europe,2014,6057919.399999999
ESP,Spain,Europe,2015,6098280.2
ESP,Spain,Europe,2016,6140045.399999999
ESP,Spain,Europe,2017,6180817.4
ESP,Spain,Europe,2018,6210609.2
ESP,Spain,Europe,2019,6240264.6
ESP,Spain,Europe,2020,6251998.2
ESP,Spain,Europe,2021,6223815.1
ESP,Spain,Europe,2022,6180106.2
ESP,Spain,Europe,2023,6103441.2
EST,Estonia,Europe,1995,280210.2
EST,Estonia,Europe,1996,276488.2
EST,Estonia,Europe,1997,272013.10000000003
EST,Estonia,Europe,1998,266776.3
EST,Estonia,Europe,1999,256084.0
EST,Estonia,Europe,2000,244707.0
EST,Estonia,Europe,2001,236751.0
EST,Estonia,Europe,2002,228283.00000000003
EST,Estonia,Europe,2003,218930.0
EST,Estonia,Europe,2004,209435.0
EST,Estonia,Europe,2005,201032.0
EST,Estonia,Europe,2006,193589.0
EST,Estonia,Europe,2007,186590.0
EST,Estonia,Europe,2008,180313.0
EST,Estonia,Europe,2009,175229.0
EST,Estonia,Europe,2010,171489.0
EST,Estonia,Europe,2011,169380.19999999998
EST,Estonia,Europe,2012,168962.5
EST,Estonia,Europe,2013,170122.09999999998
EST,Estonia,Europe,2014,172464.4
EST,Estonia,Europe,2015,175296.0
EST,Estonia,Europe,2016,177976.2
EST,Estonia,Europe,2017,180220.7
EST,Estonia,Europe,2018,182359.0
EST,Estonia,Europe,2019,184320.7
EST,Estonia,Europe,2020,186066.4
EST,Estonia,Europe,2021,187945.3
EST,Estonia,Europe,2022,191877.3
EST,Estonia,Europe,2023,195516.4
ETH,Ethiopia,Africa,1995,18900160.7
ETH,Ethiopia,Africa,1996,19645882.700000003
ETH,Ethiopia,Africa,1997,20431451.0
ETH,Ethiopia,Africa,1998,21265952.0
ETH,Ethiopia,Africa,1999,22139050.7
ETH,Ethiopia,Africa,2000,23024574.4
ETH,Ethiopia,Africa,2001,23922075.200000003
ETH,Ethiopia,Africa,2002,24843225.0
ETH,Ethiopia,Africa,2003,25780731.40000001
ETH,Ethiopia,Africa,2004,26726469.6
ETH,Ethiopia,Africa,2005,27658067.6
ETH,Ethiopia,Africa,2006,28570348.9
ETH,Ethiopia,Africa,2007,29470482.9
ETH,Ethiopia,Africa,2008,30353448.1
ETH,Ethiopia,Africa,2009,31228706.6
ETH,Ethiopia,Africa,2010,32106554.2
ETH,Ethiopia,Africa,2011,32968176.7
ETH,Ethiopia,Africa,2012,33788935.4
ETH,Ethiopia,Africa,2013,34558314.1
ETH,Ethiopia,Africa,2014,35263489.300000004
ETH,Ethiopia,Africa,2015,35910737.599999994
ETH,Ethiopia,Africa,2016,36516171.6
ETH,Ethiopia,Africa,2017,37067992.1
ETH,Ethiopia,Africa,2018,37562670.2
ETH,Ethiopia,Africa,2019,38035043.7
ETH,Ethiopia,Africa,2020,38526175.0
ETH,Ethiopia,Africa,2021,39053100.3
ETH,Ethiopia,Africa,2022,39617617.6
ETH,Ethiopia,Africa,2023,40243634.3
FIN,Finland,Europe,1995,842236.8
FIN,Finland,Europe,1996,843396.4000000001
FIN,Finland,Europe,1997,844199.0000000001
FIN,Finland,Europe,1998,844584.9
FIN,Finland,Europe,1999,844598.9
FIN,Finland,Europe,2000,844472.9
FIN,Finland,Europe,2001,843233.6
FIN,Finland,Europe,2002,840018.5
FIN,Finland,Europe,2003,833259.8999999999
FIN,Finland,Europe,2004,825277.0999999999
FIN,Finland,Europe,2005,818129.8999999999
FIN,Finland,Europe,2006,811396.6000000001
FIN,Finland,Europe,2007,805193.6000000001
FIN,Finland,Europe,2008,799096.2000000001
FIN,Finland,Europe,2009,793537.2
FIN,Finland,Europe,2010,788158.0
FIN,Finland,Europe,2011,783991.5000000001
FIN,Finland,Europe,2012,781204.5999999999
FIN,Finland,Europe,2013,779947.6
FIN,Finland,Europe,2014,780290.7000000001
FIN,Finland,Europe,2015,781389.4
FIN,Finland,Europe,2016,784096.4
FIN,Finland,Europe,2017,787695.2
FIN,Finland,Europe,2018,790899.7000000001
FIN,Finland,Europe,2019,792681.9
FIN,Finland,Europe,2020,792959.4999999999
FIN,Finland,Europe,2021,791465.5
FIN,Finland,Europe,2022,790172.3
FIN,Finland,Europe,2023,786626.7000000001
FJI,Fiji,Oceania,1995,243414.6
FJI,Fiji,Oceania,1996,243802.6
FJI,Fiji,Oceania,1997,244318.1
FJI,Fiji,Oceania,1998,244597.7
FJI,Fiji,Oceania,1999,244286.60000000003
FJI,Fiji,Oceania,2000,243792.1
FJI,Fiji,Oceania,2001,243299.9
FJI,Fiji,Oceania,2002,242509.4
FJI,Fiji,Oceania,2003,241245.3
FJI,Fiji,Oceania,2004,239672.3
FJI,Fiji,Oceania,2005,238124.3
FJI,Fiji,Oceania,2006,236827.8
FJI,Fiji,Oceania,2007,235668.9
FJI,Fiji,Oceania,2008,234243.2
FJI,Fiji,Oceania,2009,232626.3
FJI,Fiji,Oceania,2010,231080.5
FJI,Fiji,Oceania,2011,229663.9
FJI,Fiji,Oceania,2012,228636.2
FJI,Fiji,Oceania,2013,227812.0
FJI,Fiji,Oceania,2014,226942.0
FJI,Fiji,Oceania,2015,225974.6
FJI,Fiji,Oceania,2016,224667.60000000003
FJI,Fiji,Oceania,2017,222983.4
FJI,Fiji,Oceania,2018,221203.2
FJI,Fiji,Oceania,2019,219452.6
FJI,Fiji,Oceania,2020,218669.5
FJI,Fiji,Oceania,2021,218628.9
FJI,Fiji,Oceania,2022,218687.4
FJI,Fiji,Oceania,2023,218934.6
FLK,Falkland Islands,North America,1995,396.1
FLK,Falkland Islands,North America,1996,396.8
FLK,Falkland Islands,North America,1997,400.5
FLK,Falkland Islands,North America,1998,403.3
FLK,Falkland Islands,North America,1999,408.00000000000006
FLK,Falkland Islands,North America,2000,415.2
FLK,Falkland Islands,North America,2001,422.7000000000001
FLK,Falkland Islands,North America,2002,432.00000000000006
FLK,Falkland Islands,North America,2003,442.0
FLK,Falkland Islands,North America,2004,449.6000000000001
FLK,Falkland Islands,North America,2005,456.5
FLK,Falkland Islands,North America,2006,463.1
FLK,Falkland Islands,North America,2007,469.4
FLK,Falkland Islands,North America,2008,474.8
FLK,Falkland Islands,North America,2009,478.4
FLK,Falkland Islands,North America,2010,483.2
FLK,Falkland Islands,North America,2011,488.7000000000001
FLK,Falkland Islands,North America,2012,494.1
FLK,Falkland Islands,North America,2013,500.0
FLK,Falkland Islands,North America,2014,506.0
FLK,Falkland Islands,North America,2015,515.9
FLK,Falkland Islands,North America,2016,527.2
FLK,Falkland Islands,North America,2017,524.5999999999999
FLK,Falkland Islands,North America,2018,510.6000000000001
FLK,Falkland Islands,North America,2019,497.8
FLK,Falkland Islands,North America,2020,486.50000000000006
FLK,Falkland Islands,North America,2021,483.4
FLK,Falkland Islands,North America,2022,485.6
FLK,Falkland Islands,North America,2023,486.6
FRA,France,Europe,1995,10044171.1
FRA,France,Europe,1996,10026325.0
FRA,France,Europe,1997,10000834.8
FRA,France,Europe,1998,9927842.6
FRA,France,Europe,1999,9864912.5
FRA,France,Europe,2000,9850074.7
FRA,France,Europe,2001,9833399.6
FRA,France,Europe,2002,9836155.900000002
FRA,France,Europe,2003,9895044.4
FRA,France,Europe,2004,9959900.3
FRA,France,Europe,2005,10006399.8
FRA,France,Europe,2006,10049317.0
FRA,France,Europe,2007,10075360.4
FRA,France,Europe,2008,10099813.7
FRA,France,Europe,2009,10133911.8
FRA,France,Europe,2010,10167741.4
FRA,France,Europe,2011,10204246.3
FRA,France,Europe,2012,10253953.9
FRA,France,Europe,2013,10311851.5
FRA,France,Europe,2014,10383204.9
FRA,France,Europe,2015,10440590.4
FRA,France,Europe,2016,10454799.3
FRA,France,Europe,2017,10455275.5
FRA,France,Europe,2018,10446303.2
FRA,France,Europe,2019,10420225.4
FRA,France,Europe,2020,10388438.999999998
FRA,France,Europe,2021,10368637.999999998
FRA,France,Europe,2022,10320362.5
FRA,France,Europe,2023,10217154.5
FRO,Faroe Islands,Europe,1995,9001.6
FRO,Faroe Islands,Europe,1996,9077.2
FRO,Faroe Islands,Europe,1997,9170.5
FRO,Faroe Islands,Europe,1998,9280.2
FRO,Faroe Islands,Europe,1999,9357.5
FRO,Faroe Islands,Europe,2000,9398.9
FRO,Faroe Islands,Europe,2001,9456.7
FRO,Faroe Islands,Europe,2002,9560.0
FRO,Faroe Islands,Europe,2003,9686.9
FRO,Faroe Islands,Europe,2004,9782.1
FRO,Faroe Islands,Europe,2005,9756.7
FRO,Faroe Islands,Europe,2006,9626.9
FRO,Faroe Islands,Europe,2007,9549.399999999998
FRO,Faroe Islands,Europe,2008,9535.2
FRO,Faroe Islands,Europe,2009,9498.6
FRO,Faroe Islands,Europe,2010,9343.799999999996
FRO,Faroe Islands,Europe,2011,9198.5
FRO,Faroe Islands,Europe,2012,9181.8
FRO,Faroe Islands,Europe,2013,9205.2
FRO,Faroe Islands,Europe,2014,9232.8
FRO,Faroe Islands,Europe,2015,9236.6
FRO,Faroe Islands,Europe,2016,9238.7
FRO,Faroe Islands,Europe,2017,9264.7
FRO,Faroe Islands,Europe,2018,9320.7
FRO,Faroe Islands,Europe,2019,9399.4
FRO,Faroe Islands,Europe,2020,9466.1
FRO,Faroe Islands,Europe,2021,9555.4
FRO,Faroe Islands,Europe,2022,9666.6
FRO,Faroe Islands,Europe,2023,9738.4
FSM,Micronesia,Oceania,1995,38776.4
FSM,Micronesia,Oceania,1996,38643.9
FSM,Micronesia,Oceania,1997,38491.7
FSM,Micronesia,Oceania,1998,38302.3
FSM,Micronesia,Oceania,1999,38036.9
FSM,Micronesia,Oceania,2000,37579.4
FSM,Micronesia,Oceania,2001,36963.2
FSM,Micronesia,Oceania,2002,36416.4
FSM,Micronesia,Oceania,2003,36031.1
FSM,Micronesia,Oceania,2004,35743.200000000004
FSM,Micronesia,Oceania,2005,35484.6
FSM,Micronesia,Oceania,2006,35152.1
FSM,Micronesia,Oceania,2007,34694.1
FSM,Micronesia,Oceania,2008,34196.9
FSM,Micronesia,Oceania,2009,33627.700000000004
FSM,Micronesia,Oceania,2010,33245.8
FSM,Micronesia,Oceania,2011,33072.0
FSM,Micronesia,Oceania,2012,32796.5
FSM,Micronesia,Oceania,2013,32496.700000000004
FSM,Micronesia,Oceania,2014,32269.9
FSM,Micronesia,Oceania,2015,32086.5
FSM,Micronesia,Oceania,2016,31954.8
FSM,Micronesia,Oceania,2017,31836.6
FSM,Micronesia,Oceania,2018,31647.4
FSM,Micronesia,Oceania,2019,31438.2
FSM,Micronesia,Oceania,2020,31265.8
FSM,Micronesia,Oceania,2021,31167.3
FSM,Micronesia,Oceania,2022,31116.0
FSM,Micronesia,Oceania,2023,31048.3
GAB,Gabon,Africa,1995,365536.9
GAB,Gabon,Africa,1996,375997.0
GAB,Gabon,Africa,1997,386147.2
GAB,Gabon,Africa,1998,395982.6
GAB,Gabon,Africa,1999,405348.8000000001
GAB,Gabon,Africa,2000,414074.1
GAB,Gabon,Africa,2001,422180.9000000001
GAB,Gabon,Africa,2002,429962.0
GAB,Gabon,Africa,2003,437683.1
GAB,Gabon,Africa,2004,445505.6
GAB,Gabon,Africa,2005,453657.5999999999
GAB,Gabon,Africa,2006,462195.00000000006
GAB,Gabon,Africa,2007,471058.1
GAB,Gabon,Africa,2008,480282.9
GAB,Gabon,Africa,2009,490127.1
GAB,Gabon,Africa,2010,500898.29999999993
GAB,Gabon,Africa,2011,512666.2
GAB,Gabon,Africa,2012,525391.1
GAB,Gabon,Africa,2013,539060.1
GAB,Gabon,Africa,2014,553898.2
GAB,Gabon,Africa,2015,570032.5
GAB,Gabon,Africa,2016,587293.3
GAB,Gabon,Africa,2017,605155.2
GAB,Gabon,Africa,2018,623214.7
GAB,Gabon,Africa,2019,641450.9
GAB,Gabon,Africa,2020,659843.6000000001
GAB,Gabon,Africa,2021,678612.2
GAB,Gabon,Africa,2022,697687.9
GAB,Gabon,Africa,2023,716764.9999999999
GBR,United Kingdom,Europe,1995,9605728.6
GBR,United Kingdom,Europe,1996,9683003.1
GBR,United Kingdom,Europe,1997,9773840.3
GBR,United Kingdom,Europe,1998,9843093.6
GBR,United Kingdom,Europe,1999,9870419.6
GBR,United Kingdom,Europe,2000,9850050.3
GBR,United Kingdom,Europe,2001,9831099.6
GBR,United Kingdom,Europe,2002,9839314.1
GBR,United Kingdom,Europe,2003,9863087.9
GBR,United Kingdom,Europe,2004,9864798.7
GBR,United Kingdom,Europe,2005,9811056.499999998
GBR,United Kingdom,Europe,2006,9740110.7
GBR,United Kingdom,Europe,2007,9685683.0
GBR,United Kingdom,Europe,2008,9677597.2
GBR,United Kingdom,Europe,2009,9687496.0
GBR,United Kingdom,Europe,2010,9682800.2
GBR,United Kingdom,Europe,2011,9682053.2
GBR,United Kingdom,Europe,2012,9694625.8
GBR,United Kingdom,Europe,2013,9741001.3
GBR,United Kingdom,Europe,2014,9821885.4
GBR,United Kingdom,Europe,2015,9931226.2
GBR,United Kingdom,Europe,2016,10066815.8
GBR,United Kingdom,Europe,2017,10210649.8
GBR,United Kingdom,Europe,2018,10338291.4
GBR,United Kingdom,Europe,2019,10445282.2
GBR,United Kingdom,Europe,2020,10520786.7
GBR,United Kingdom,Europe,2021,10592562.000000002
GBR,United Kingdom,Europe,2022,10685913.800000004
GBR,United Kingdom,Europe,2023,10758616.3
GEO,Georgia,Asia,1995,1071277.5000000002
GEO,Georgia,Asia,1996,1052095.7
GEO,Georgia,Asia,1997,1025656.6
GEO,Georgia,Asia,1998,992663.4
GEO,Georgia,Asia,1999,954325.2
GEO,Georgia,Asia,2000,911405.5
GEO,Georgia,Asia,2001,868003.6
GEO,Georgia,Asia,2002,831378.7999999999
GEO,Georgia,Asia,2003,803764.8
GEO,Georgia,Asia,2004,776889.0
GEO,Georgia,Asia,2005,746528.7
GEO,Georgia,Asia,2006,715935.7999999999
GEO,Georgia,Asia,2007,687667.2
GEO,Georgia,Asia,2008,664140.7000000001
GEO,Georgia,Asia,2009,642434.2000000001
GEO,Georgia,Asia,2010,621216.8
GEO,Georgia,Asia,2011,603563.9
GEO,Georgia,Asia,2012,590154.5
GEO,Georgia,Asia,2013,581437.2000000001
GEO,Georgia,Asia,2014,581446.8
GEO,Georgia,Asia,2015,588682.7999999999
GEO,Georgia,Asia,2016,596730.3999999999
GEO,Georgia,Asia,2017,605184.7000000001
GEO,Georgia,Asia,2018,616009.1
GEO,Georgia,Asia,2019,630807.2
GEO,Georgia,Asia,2020,647810.4999999999
GEO,Georgia,Asia,2021,664422.0
GEO,Georgia,Asia,2022,680308.5
GEO,Georgia,Asia,2023,692450.1
GGY,Guernsey,Europe,1995,8931.6
GGY,Guernsey,Europe,1996,9051.2
GGY,Guernsey,Europe,1997,9177.6
GGY,Guernsey,Europe,1998,9281.4
GGY,Guernsey,Europe,1999,9342.3
GGY,Guernsey,Europe,2000,9342.5
GGY,Guernsey,Europe,2001,9302.0
GGY,Guernsey,Europe,2002,9267.7
GGY,Guernsey,Europe,2003,9249.1
GGY,Guernsey,Europe,2004,9225.1
GGY,Guernsey,Europe,2005,9195.6
GGY,Guernsey,Europe,2006,9137.8
GGY,Guernsey,Europe,2007,9040.7
GGY,Guernsey,Europe,2008,8934.8
GGY,Guernsey,Europe,2009,8821.6
GGY,Guernsey,Europe,2010,8700.300000000001
GGY,Guernsey,Europe,2011,8589.4
GGY,Guernsey,Europe,2012,8489.4
GGY,Guernsey,Europe,2013,8406.800000000001
GGY,Guernsey,Europe,2014,8348.4
GGY,Guernsey,Europe,2015,8299.4
GGY,Guernsey,Europe,2016,8274.4
GGY,Guernsey,Europe,2017,8329.599999999999
GGY,Guernsey,Europe,2018,8418.300000000001
GGY,Guernsey,Europe,2019,8448.599999999999
GGY,Guernsey,Europe,2020,8443.5
GGY,Guernsey,Europe,2021,8464.699999999999
GGY,Guernsey,Europe,2022,8490.300000000001
GGY,Guernsey,Europe,2023,8447.6
GHA,Ghana,Africa,1995,5968583.600000001
GHA,Ghana,Africa,1996,6115009.7
GHA,Ghana,Africa,1997,6253745.800000001
GHA,Ghana,Africa,1998,6375805.100000001
GHA,Ghana,Africa,1999,6484699.3
GHA,Ghana,Africa,2000,6593446.6
GHA,Ghana,Africa,2001,6705629.9
GHA,Ghana,Africa,2002,6811092.800000001
GHA,Ghana,Africa,2003,6910240.499999999
GHA,Ghana,Africa,2004,7015338.4
GHA,Ghana,Africa,2005,7134072.1
GHA,Ghana,Africa,2006,7262041.6
GHA,Ghana,Africa,2007,7395674.0
GHA,Ghana,Africa,2008,7534206.100000001
GHA,Ghana,Africa,2009,7677061.7
GHA,Ghana,Africa,2010,7827823.899999999
GHA,Ghana,Africa,2011,7986979.200000001
GHA,Ghana,Africa,2012,8147867.9
GHA,Ghana,Africa,2013,8308938.8
GHA,Ghana,Africa,2014,8474760.3
GHA,Ghana,Africa,2015,8649494.900000002
GHA,Ghana,Africa,2016,8837935.100000001
GHA,Ghana,Africa,2017,9036962.3
GHA,Ghana,Africa,2018,9237701.8
GHA,Ghana,Africa,2019,9432698.8
GHA,Ghana,Africa,2020,9616756.9
GHA,Ghana,Africa,2021,9785909.3
GHA,Ghana,Africa,2022,9932814.5
GHA,Ghana,Africa,2023,10062995.3
GIB,Gibraltar,Europe,1995,4584.2
GIB,Gibraltar,Europe,1996,4583.8
GIB,Gibraltar,Europe,1997,4624.7
GIB,Gibraltar,Europe,1998,4672.8
GIB,Gibraltar,Europe,1999,4703.9
GIB,Gibraltar,Europe,2000,4697.0
GIB,Gibraltar,Europe,2001,4679.8
GIB,Gibraltar,Europe,2002,4690.2
GIB,Gibraltar,Europe,2003,4717.2
GIB,Gibraltar,Europe,2004,4739.500000000001
GIB,Gibraltar,Europe,2005,4766.7
GIB,Gibraltar,Europe,2006,4762.6
GIB,Gibraltar,Europe,2007,4773.7
GIB,Gibraltar,Europe,2008,4842.6
GIB,Gibraltar,Europe,2009,4926.2
GIB,Gibraltar,Europe,2010,5021.200000000001
GIB,Gibraltar,Europe,2011,5072.099999999999
GIB,Gibraltar,Europe,2012,5068.6
GIB,Gibraltar,Europe,2013,5072.4
GIB,Gibraltar,Europe,2014,5112.4
GIB,Gibraltar,Europe,2015,5166.700000000001
GIB,Gibraltar,Europe,2016,5244.2
GIB,Gibraltar,Europe,2017,5353.3
GIB,Gibraltar,Europe,2018,5479.7
GIB,Gibraltar,Europe,2019,5618.0
GIB,Gibraltar,Europe,2020,5746.0
GIB,Gibraltar,Europe,2021,5876.9
GIB,Gibraltar,Europe,2022,5977.700000000001
GIB,Gibraltar,Europe,2023,6028.3
GIN,Guinea,Africa,1995,2416551.8000000003
GIN,Guinea,Africa,1996,2495096.0
GIN,Guinea,Africa,1997,2569412.7
GIN,Guinea,Africa,1998,2646215.9000000004
GIN,Guinea,Africa,1999,2729281.9
GIN,Guinea,Africa,2000,2810568.7
GIN,Guinea,Africa,2001,2887759.7
GIN,Guinea,Africa,2002,2969866.0
GIN,Guinea,Africa,2003,3056101.3
GIN,Guinea,Africa,2004,3137620.6
GIN,Guinea,Africa,2005,3215575.8000000003
GIN,Guinea,Africa,2006,3290334.9
GIN,Guinea,Africa,2007,3361914.8
GIN,Guinea,Africa,2008,3431262.5
GIN,Guinea,Africa,2009,3500899.1
GIN,Guinea,Africa,2010,3572904.6
GIN,Guinea,Africa,2011,3646387.9
GIN,Guinea,Africa,2012,3719976.9
GIN,Guinea,Africa,2013,3796263.5
GIN,Guinea,Africa,2014,3876163.9
GIN,Guinea,Africa,2015,3959092.3
GIN,Guinea,Africa,2016,4043640.9
GIN,Guinea,Africa,2017,4128568.9
GIN,Guinea,Africa,2018,4216087.6
GIN,Guinea,Africa,2019,4306322.8
GIN,Guinea,Africa,2020,4397868.9
GIN,Guinea,Africa,2021,4491528.7
GIN,Guinea,Africa,2022,4587028.6
GIN,Guinea,Africa,2023,4682027.4
GLP,Guadeloupe,North America,1995,88994.20000000001
GLP,Guadeloupe,North America,1996,88730.2
GLP,Guadeloupe,North America,1997,88788.89999999998
GLP,Guadeloupe,North America,1998,88643.8
GLP,Guadeloupe,North America,1999,87125.9
GLP,Guadeloupe,North America,2000,85844.79999999999
GLP,Guadeloupe,North America,2001,85779.0
GLP,Guadeloupe,North America,2002,85676.99999999999
GLP,Guadeloupe,North America,2003,85568.29999999999
GLP,Guadeloupe,North America,2004,85573.90000000001
GLP,Guadeloupe,North America,2005,85642.2
GLP,Guadeloupe,North America,2006,85275.59999999999
GLP,Guadeloupe,North America,2007,84850.6
GLP,Guadeloupe,North America,2008,84692.3
GLP,Guadeloupe,North America,2009,84168.8
GLP,Guadeloupe,North America,2010,83344.40000000001
GLP,Guadeloupe,North America,2011,82742.0
GLP,Guadeloupe,North America,2012,82004.8
GLP,Guadeloupe,North America,2013,80505.2
GLP,Guadeloupe,North America,2014,78530.59999999999
GLP,Guadeloupe,North America,2015,76247.9
GLP,Guadeloupe,North America,2016,74510.7
GLP,Guadeloupe,North America,2017,74068.9
GLP,Guadeloupe,North America,2018,72433.50000000001
GLP,Guadeloupe,North America,2019,69742.0
GLP,Guadeloupe,North America,2020,67797.2
GLP,Guadeloupe,North America,2021,64588.90000000001
GLP,Guadeloupe,North America,2022,60327.9
GLP,Guadeloupe,North America,2023,57687.0
GMB,Gambia,Africa,1995,419811.6
GMB,Gambia,Africa,1996,436616.50000000006
GMB,Gambia,Africa,1997,454018.8
GMB,Gambia,Africa,1998,471727.3
GMB,Gambia,Africa,1999,489647.1
GMB,Gambia,Africa,2000,507494.9
GMB,Gambia,Africa,2001,524785.1
GMB,Gambia,Africa,2002,541369.4
GMB,Gambia,Africa,2003,557404.8
GMB,Gambia,Africa,2004,572891.1000000001
GMB,Gambia,Africa,2005,587739.1
GMB,Gambia,Africa,2006,602136.9000000001
GMB,Gambia,Africa,2007,616257.2
GMB,Gambia,Africa,2008,630262.8999999999
GMB,Gambia,Africa,2009,644397.6
GMB,Gambia,Africa,2010,658919.8
GMB,Gambia,Africa,2011,674322.4
GMB,Gambia,Africa,2012,690578.8
GMB,Gambia,Africa,2013,707234.0999999999
GMB,Gambia,Africa,2014,724330.5999999999
GMB,Gambia,Africa,2015,742307.7000000001
GMB,Gambia,Africa,2016,761569.5000000001
GMB,Gambia,Africa,2017,782280.2999999999
GMB,Gambia,Africa,2018,803689.3
GMB,Gambia,Africa,2019,824407.8
GMB,Gambia,Africa,2020,843950.7
GMB,Gambia,Africa,2021,862009.9
GMB,Gambia,Africa,2022,878228.3
GMB,Gambia,Africa,2023,892562.5
GNB,Guinea-Bissau,Africa,1995,381369.2
GNB,Guinea-Bissau,Africa,1996,388614.9
GNB,Guinea-Bissau,Africa,1997,395352.7
GNB,Guinea-Bissau,Africa,1998,402486.0
GNB,Guinea-Bissau,Africa,1999,410137.9000000001
GNB,Guinea-Bissau,Africa,2000,418029.1
GNB,Guinea-Bissau,Africa,2001,426170.8000000001
GNB,Guinea-Bissau,Africa,2002,434637.2
GNB,Guinea-Bissau,Africa,2003,443424.3
GNB,Guinea-Bissau,Africa,2004,452434.6
GNB,Guinea-Bissau,Africa,2005,461865.1
GNB,Guinea-Bissau,Africa,2006,471828.8
GNB,Guinea-Bissau,Africa,2007,482306.4
GNB,Guinea-Bissau,Africa,2008,493318.1
GNB,Guinea-Bissau,Africa,2009,504718.1
GNB,Guinea-Bissau,Africa,2010,516804.4
GNB,Guinea-Bissau,Africa,2011,529742.8
GNB,Guinea-Bissau,Africa,2012,543233.7
GNB,Guinea-Bissau,Africa,2013,556930.7
GNB,Guinea-Bissau,Africa,2014,570612.9000000001
GNB,Guinea-Bissau,Africa,2015,584420.8999999999
GNB,Guinea-Bissau,Africa,2016,598613.7999999999
GNB,Guinea-Bissau,Africa,2017,613085.4
GNB,Guinea-Bissau,Africa,2018,627548.6000000001
GNB,Guinea-Bissau,Africa,2019,641640.6
GNB,Guinea-Bissau,Africa,2020,654943.8
GNB,Guinea-Bissau,Africa,2021,667319.6
GNB,Guinea-Bissau,Africa,2022,678354.0999999999
GNB,Guinea-Bissau,Africa,2023,688211.0
GNQ,Equatorial Guinea,Africa,1995,173320.8
GNQ,Equatorial Guinea,Africa,1996,181732.9
GNQ,Equatorial Guinea,Africa,1997,190377.5
GNQ,Equatorial Guinea,Africa,1998,199234.3
GNQ,Equatorial Guinea,Africa,1999,208165.9
GNQ,Equatorial Guinea,Africa,2000,220596.4
GNQ,Equatorial Guinea,Africa,2001,236041.9
GNQ,Equatorial Guinea,Africa,2002,250458.3
GNQ,Equatorial Guinea,Africa,2003,263788.2
GNQ,Equatorial Guinea,Africa,2004,275904.8
GNQ,Equatorial Guinea,Africa,2005,285131.9
GNQ,Equatorial Guinea,Africa,2006,292297.3
GNQ,Equatorial Guinea,Africa,2007,300114.19999999995
GNQ,Equatorial Guinea,Africa,2008,309200.60000000003
GNQ,Equatorial Guinea,Africa,2009,320092.0
GNQ,Equatorial Guinea,Africa,2010,332443.2
GNQ,Equatorial Guinea,Africa,2011,345595.19999999995
GNQ,Equatorial Guinea,Africa,2012,359706.6
GNQ,Equatorial Guinea,Africa,2013,375020.7
GNQ,Equatorial Guinea,Africa,2014,391425.8
GNQ,Equatorial Guinea,Africa,2015,408659.1
GNQ,Equatorial Guinea,Africa,2016,426474.4
GNQ,Equatorial Guinea,Africa,2017,444576.2
GNQ,Equatorial Guinea,Africa,2018,462626.5
GNQ,Equatorial Guinea,Africa,2019,480406.0
GNQ,Equatorial Guinea,Africa,2020,497092.1
GNQ,Equatorial Guinea,Africa,2021,513153.4
GNQ,Equatorial Guinea,Africa,2022,529047.9
GNQ,Equatorial Guinea,Africa,2023,544030.8
GRC,Greece,Europe,1995,1765180.2000000002
GRC,Greece,Europe,1996,1735298.0000000002
GRC,Greece,Europe,1997,1707622.7
GRC,Greece,Europe,1998,1679530.1
GRC,Greece,Europe,1999,1651791.3
GRC,Greece,Europe,2000,1626361.7999999998
GRC,Greece,Europe,2001,1602520.2
GRC,Greece,Europe,2002,1575808.1
GRC,Greece,Europe,2003,1544712.7
GRC,Greece,Europe,2004,1517904.1
GRC,Greece,Europe,2005,1497424.2
GRC,Greece,Europe,2006,1478461.3
GRC,Greece,Europe,2007,1461709.4
GRC,Greece,Europe,2008,1447653.1
GRC,Greece,Europe,2009,1433120.5
GRC,Greece,Europe,2010,1419935.4000000004
GRC,Greece,Europe,2011,1410807.0
GRC,Greece,Europe,2012,1403609.0
GRC,Greece,Europe,2013,1400945.8
GRC,Greece,Europe,2014,1401653.7999999998
GRC,Greece,Europe,2015,1399363.9
GRC,Greece,Europe,2016,1399791.8
GRC,Greece,Europe,2017,1401622.3
GRC,Greece,Europe,2018,1399702.4
GRC,Greece,Europe,2019,1396734.2
GRC,Greece,Europe,2020,1388876.8
GRC,Greece,Europe,2021,1366875.6
GRC,Greece,Europe,2022,1340371.5000000002
GRC,Greece,Europe,2023,1309186.2000000002
GRD,Grenada,North America,1995,28976.3
GRD,Grenada,North America,1996,29613.2
GRD,Grenada,North America,1997,30220.7
GRD,Grenada,North America,1998,30762.0
GRD,Grenada,North America,1999,31207.2
GRD,Grenada,North America,2000,31537.0
GRD,Grenada,North America,2001,31454.4
GRD,Grenada,North America,2002,30946.8
GRD,Grenada,North America,2003,30313.1
GRD,Grenada,North America,2004,29590.6
GRD,Grenada,North America,2005,28820.8
GRD,Grenada,North America,2006,27907.7
GRD,Grenada,North America,2007,26885.9
GRD,Grenada,North America,2008,25916.5
GRD,Grenada,North America,2009,25014.7
GRD,Grenada,North America,2010,24199.2
GRD,Grenada,North America,2011,23634.500000000004
GRD,Grenada,North America,2012,23315.4
GRD,Grenada,North America,2013,23073.7
GRD,Grenada,North America,2014,22885.7
GRD,Grenada,North America,2015,22726.9
GRD,Grenada,North America,2016,22637.5
GRD,Grenada,North America,2017,22595.7
GRD,Grenada,North America,2018,22530.2
GRD,Grenada,North America,2019,22404.200000000004
GRD,Grenada,North America,2020,22193.7
GRD,Grenada,North America,2021,21975.3
GRD,Grenada,North America,2022,21695.099999999995
GRD,Grenada,North America,2023,21358.9
GRL,Greenland,North America,1995,11914.3
GRL,Greenland,North America,1996,12116.1
GRL,Greenland,North America,1997,12303.9
GRL,Greenland,North America,1998,12472.0
GRL,Greenland,North America,1999,12607.1
GRL,Greenland,North America,2000,12732.3
GRL,Greenland,North America,2001,12826.0
GRL,Greenland,North America,2002,12847.1
GRL,Greenland,North America,2003,12805.1
GRL,Greenland,North America,2004,12719.1
GRL,Greenland,North America,2005,12571.5
GRL,Greenland,North America,2006,12358.1
GRL,Greenland,North America,2007,12116.5
GRL,Greenland,North America,2008,11857.5
GRL,Greenland,North America,2009,11592.3
GRL,Greenland,North America,2010,11361.8
GRL,Greenland,North America,2011,11133.6
GRL,Greenland,North America,2012,10871.4
GRL,Greenland,North America,2013,10626.000000000002
GRL,Greenland,North America,2014,10431.8
GRL,Greenland,North America,2015,10276.8
GRL,Greenland,North America,2016,10125.6
GRL,Greenland,North America,2017,9981.2
GRL,Greenland,North America,2018,9854.5
GRL,Greenland,North America,2019,9752.7
GRL,Greenland,North America,2020,9680.8
GRL,Greenland,North America,2021,9633.8
GRL,Greenland,North America,2022,9611.3
GRL,Greenland,North America,2023,9644.7
GTM,Guatemala,North America,1995,3545823.2
GTM,Guatemala,North America,1996,3644685.8
GTM,Guatemala,North America,1997,3742064.4
GTM,Guatemala,North America,1998,3839370.0
GTM,Guatemala,North America,1999,3937131.6
GTM,Guatemala,North America,2000,4033296.7
GTM,Guatemala,North America,2001,4126454.4
GTM,Guatemala,North America,2002,4216483.2
GTM,Guatemala,North America,2003,4302062.600000001
GTM,Guatemala,North America,2004,4384163.5
GTM,Guatemala,North America,2005,4464162.0
GTM,Guatemala,North America,2006,4542046.5
GTM,Guatemala,North America,2007,4614384.3
GTM,Guatemala,North America,2008,4677064.399999999
GTM,Guatemala,North America,2009,4730963.7
GTM,Guatemala,North America,2010,4777143.100000001
GTM,Guatemala,North America,2011,4816807.0
GTM,Guatemala,North America,2012,4851543.3
GTM,Guatemala,North America,2013,4879766.800000001
GTM,Guatemala,North America,2014,4901571.8
GTM,Guatemala,North America,2015,4919549.300000001
GTM,Guatemala,North America,2016,4937114.6
GTM,Guatemala,North America,2017,4956078.799999999
GTM,Guatemala,North America,2018,4973500.9
GTM,Guatemala,North America,2019,4990302.6
GTM,Guatemala,North America,2020,5011921.7
GTM,Guatemala,North America,2021,5037381.4
GTM,Guatemala,North America,2022,5061648.7
GTM,Guatemala,North America,2023,5080983.0
GUF,French Guiana,North America,1995,34780.1
GUF,French Guiana,North America,1996,36289.9
GUF,French Guiana,North America,1997,37892.5
GUF,French Guiana,North America,1998,39505.2
GUF,French Guiana,North America,1999,41238.9
GUF,French Guiana,North America,2000,43396.8
GUF,French Guiana,North America,2001,45875.4
GUF,French Guiana,North America,2002,48378.4
GUF,French Guiana,North America,2003,51001.6
GUF,French Guiana,North America,2004,53812.4
GUF,French Guiana,North America,2005,56699.5
GUF,French Guiana,North America,2006,59199.2
GUF,French Guiana,North America,2007,61745.00000000001
GUF,French Guiana,North America,2008,64535.3
GUF,French Guiana,North America,2009,66443.0
GUF,French Guiana,North America,2010,67611.49999999999
GUF,French Guiana,North America,2011,68802.40000000001
GUF,French Guiana,North America,2012,70242.5
GUF,French Guiana,North America,2013,72189.2
GUF,French Guiana,North America,2014,74404.2
GUF,French Guiana,North America,2015,75935.3
GUF,French Guiana,North America,2016,76606.2
GUF,French Guiana,North America,2017,76942.5
GUF,French Guiana,North America,2018,76913.0
GUF,French Guiana,North America,2019,76970.1
GUF,French Guiana,North America,2020,77309.5
GUF,French Guiana,North America,2021,77799.0
GUF,French Guiana,North America,2022,78512.8
GUF,French Guiana,North America,2023,79250.6
GUM,Guam,Oceania,1995,35991.8
GUM,Guam,Oceania,1996,36640.2
GUM,Guam,Oceania,1997,37228.6
GUM,Guam,Oceania,1998,37770.6
GUM,Guam,Oceania,1999,38273.3
GUM,Guam,Oceania,2000,38754.3
GUM,Guam,Oceania,2001,39168.1
GUM,Guam,Oceania,2002,39515.1
GUM,Guam,Oceania,2003,39829.8
GUM,Guam,Oceania,2004,40087.3
GUM,Guam,Oceania,2005,40231.7
GUM,Guam,Oceania,2006,40210.9
GUM,Guam,Oceania,2007,40018.7
GUM,Guam,Oceania,2008,39676.3
GUM,Guam,Oceania,2009,39221.6
GUM,Guam,Oceania,2010,38645.5
GUM,Guam,Oceania,2011,37986.9
GUM,Guam,Oceania,2012,37340.1
GUM,Guam,Oceania,2013,36734.4
GUM,Guam,Oceania,2014,36179.2
GUM,Guam,Oceania,2015,35635.8
GUM,Guam,Oceania,2016,35082.8
GUM,Guam,Oceania,2017,34566.6
GUM,Guam,Oceania,2018,34127.50000000001
GUM,Guam,Oceania,2019,33785.00000000001
GUM,Guam,Oceania,2020,33935.3
GUM,Guam,Oceania,2021,34537.5
GUM,Guam,Oceania,2022,35132.0
GUM,Guam,Oceania,2023,35689.0
GUY,Guyana,North America,1995,219465.4
GUY,Guyana,North America,1996,219154.4
GUY,Guyana,North America,1997,219443.3
GUY,Guyana,North America,1998,220025.8
GUY,Guyana,North America,1999,220962.50000000003
GUY,Guyana,North America,2000,222209.4
GUY,Guyana,North America,2001,223574.8
GUY,Guyana,North America,2002,225051.3
GUY,Guyana,North America,2003,226598.6
GUY,Guyana,North America,2004,227635.2
GUY,Guyana,North America,2005,227647.5
GUY,Guyana,North America,2006,226502.7
GUY,Guyana,North America,2007,224209.6
GUY,Guyana,North America,2008,220907.4
GUY,Guyana,North America,2009,216654.3
GUY,Guyana,North America,2010,211606.6
GUY,Guyana,North America,2011,206028.20000000004
GUY,Guyana,North America,2012,202265.2
GUY,Guyana,North America,2013,200664.7
GUY,Guyana,North America,2014,199281.7
GUY,Guyana,North America,2015,198028.00000000003
GUY,Guyana,North America,2016,196978.0
GUY,Guyana,North America,2017,196261.2
GUY,Guyana,North America,2018,197953.4
GUY,Guyana,North America,2019,199071.5
GUY,Guyana,North America,2020,198778.8
GUY,Guyana,North America,2021,200041.3
GUY,Guyana,North America,2022,201211.1
GUY,Guyana,North America,2023,202207.5
HKG,Hong Kong,Asia,1995,1073836.4
HKG,Hong Kong,Asia,1996,1077291.7
HKG,Hong Kong,Asia,1997,1085461.1
HKG,Hong Kong,Asia,1998,1093392.1
HKG,Hong Kong,Asia,1999,1100876.9
HKG,Hong Kong,Asia,2000,1108894.8
HKG,Hong Kong,Asia,2001,1108954.7
HKG,Hong Kong,Asia,2002,1096713.0
HKG,Hong Kong,Asia,2003,1075774.7
HKG,Hong Kong,Asia,2004,1050271.9
HKG,Hong Kong,Asia,2005,1025847.7
HKG,Hong Kong,Asia,2006,1002152.3
HKG,Hong Kong,Asia,2007,974045.2
HKG,Hong Kong,Asia,2008,940572.6
HKG,Hong Kong,Asia,2009,904027.0
HKG,Hong Kong,Asia,2010,869489.3999999999
HKG,Hong Kong,Asia,2011,840302.3999999999
HKG,Hong Kong,Asia,2012,814623.8999999999
HKG,Hong Kong,Asia,2013,793502.3
HKG,Hong Kong,Asia,2014,778012.3999999999
HKG,Hong Kong,Asia,2015,768312.7999999999
HKG,Hong Kong,Asia,2016,763523.4
HKG,Hong Kong,Asia,2017,758391.1000000001
HKG,Hong Kong,Asia,2018,752915.6000000001
HKG,Hong Kong,Asia,2019,750409.7000000001
HKG,Hong Kong,Asia,2020,749340.9
HKG,Hong Kong,Asia,2021,747410.8
HKG,Hong Kong,Asia,2022,744233.1000000001
HKG,Hong Kong,Asia,2023,739661.4
HND,Honduras,North America,1995,2006446.3
HND,Honduras,North America,1996,2053747.6
HND,Honduras,North America,1997,2101343.1
HND,Honduras,North America,1998,2147082.6
HND,Honduras,North America,1999,2193158.6
HND,Honduras,North America,2000,2242037.4000000004
HND,Honduras,North America,2001,2290779.1
HND,Honduras,North America,2002,2338482.5
HND,Honduras,North America,2003,2385423.3
HND,Honduras,North America,2004,2432784.0
HND,Honduras,North America,2005,2480962.3000000003
HND,Honduras,North America,2006,2527887.4
HND,Honduras,North America,2007,2570879.4
HND,Honduras,North America,2008,2609085.3000000003
HND,Honduras,North America,2009,2643029.2
HND,Honduras,North America,2010,2672608.3000000003
HND,Honduras,North America,2011,2697392.4
HND,Honduras,North America,2012,2718188.2
HND,Honduras,North America,2013,2735713.8
HND,Honduras,North America,2014,2749862.2
HND,Honduras,North America,2015,2760093.3
HND,Honduras,North America,2016,2767226.6
HND,Honduras,North America,2017,2773052.3999999994
HND,Honduras,North America,2018,2777954.2
HND,Honduras,North America,2019,2781541.3
HND,Honduras,North America,2020,2784141.7
HND,Honduras,North America,2021,2787321.4
HND,Honduras,North America,2022,2792057.3
HND,Honduras,North America,2023,2799348.1
HRV,Croatia,Europe,1995,772946.0999999999
HRV,Croatia,Europe,1996,752239.3
HRV,Croatia,Europe,1997,730624.6000000001
HRV,Croatia,Europe,1998,708847.8
HRV,Croatia,Europe,1999,688121.6000000001
HRV,Croatia,Europe,2000,668842.7
HRV,Croatia,Europe,2001,659296.1
HRV,Croatia,Europe,2002,657000.6
HRV,Croatia,Europe,2003,652401.2000000001
HRV,Croatia,Europe,2004,645524.4
HRV,Croatia,Europe,2005,637591.0
HRV,Croatia,Europe,2006,628734.1
HRV,Croatia,Europe,2007,619554.5
HRV,Croatia,Europe,2008,610173.4
HRV,Croatia,Europe,2009,600685.2999999999
HRV,Croatia,Europe,2010,592324.5999999999
HRV,Croatia,Europe,2011,581700.3999999999
HRV,Croatia,Europe,2012,571173.0
HRV,Croatia,Europe,2013,564458.1
HRV,Croatia,Europe,2014,559341.1
HRV,Croatia,Europe,2015,553761.6000000001
HRV,Croatia,Europe,2016,545960.3999999999
HRV,Croatia,Europe,2017,536956.1
HRV,Croatia,Europe,2018,528984.9
HRV,Croatia,Europe,2019,523117.0
HRV,Croatia,Europe,2020,517300.8
HRV,Croatia,Europe,2021,511532.1
HRV,Croatia,Europe,2022,507293.4
HRV,Croatia,Europe,2023,503273.0
HTI,Haiti,North America,1995,2460383.2
HTI,Haiti,North America,1996,2514477.6
HTI,Haiti,North America,1997,2566317.0
HTI,Haiti,North America,1998,2615411.0
HTI,Haiti,North America,1999,2661837.1
HTI,Haiti,North America,2000,2705663.6
HTI,Haiti,North America,2001,2746793.5
HTI,Haiti,North America,2002,2785139.2
HTI,Haiti,North America,2003,2820297.0
HTI,Haiti,North America,2004,2851718.6
HTI,Haiti,North America,2005,2881081.6
HTI,Haiti,North America,2006,2907946.7
HTI,Haiti,North America,2007,2930312.6
HTI,Haiti,North America,2008,2949526.9000000004
HTI,Haiti,North America,2009,2966629.9
HTI,Haiti,North America,2010,2970375.4000000004
HTI,Haiti,North America,2011,2972893.7
HTI,Haiti,North America,2012,2986813.600000001
HTI,Haiti,North America,2013,3001270.4
HTI,Haiti,North America,2014,3015879.0
HTI,Haiti,North America,2015,3030307.5
HTI,Haiti,North America,2016,3045984.4000000004
HTI,Haiti,North America,2017,3061903.4000000004
HTI,Haiti,North America,2018,3075441.7
HTI,Haiti,North America,2019,3087668.9
HTI,Haiti,North America,2020,3099337.4000000004
HTI,Haiti,North America,2021,3110499.9
HTI,Haiti,North America,2022,3121563.3
HTI,Haiti,North America,2023,3131591.4000000004
HUN,Hungary,Europe,1995,1783788.2
HUN,Hungary,Europe,1996,1746183.2
HUN,Hungary,Europe,1997,1714018.9
HUN,Hungary,Europe,1998,1683944.8999999997
HUN,Hungary,Europe,1999,1654742.9
HUN,Hungary,Europe,2000,1625270.4
HUN,Hungary,Europe,2001,1592168.2000000002
HUN,Hungary,Europe,2002,1558423.4
HUN,Hungary,Europe,2003,1528119.9
HUN,Hungary,Europe,2004,1497928.1
HUN,Hungary,Europe,2005,1466922.7999999998
HUN,Hungary,Europe,2006,1436534.5
HUN,Hungary,Europe,2007,1409419.5
HUN,Hungary,Europe,2008,1384631.8
HUN,Hungary,Europe,2009,1360840.6
HUN,Hungary,Europe,2010,1338843.7
HUN,Hungary,Europe,2011,1325183.6
HUN,Hungary,Europe,2012,1315029.3
HUN,Hungary,Europe,2013,1302618.9
HUN,Hungary,Europe,2014,1292858.3
HUN,Hungary,Europe,2015,1280484.5
HUN,Hungary,Europe,2016,1264829.8
HUN,Hungary,Europe,2017,1253564.5
HUN,Hungary,Europe,2018,1247766.6
HUN,Hungary,Europe,2019,1245538.4
HUN,Hungary,Europe,2020,1242845.7999999998
HUN,Hungary,Europe,2021,1238588.2
HUN,Hungary,Europe,2022,1237820.6
HUN,Hungary,Europe,2023,1239401.4
IDN,Indonesia,Asia,1995,56765802.8
IDN,Indonesia,Asia,1996,56874138.00000001
IDN,Indonesia,Asia,1997,56944505.9
IDN,Indonesia,Asia,1998,56962759.00000001
IDN,Indonesia,Asia,1999,56972188.7
IDN,Indonesia,Asia,2000,57016617.7
IDN,Indonesia,Asia,2001,57130965.50000001
IDN,Indonesia,Asia,2002,57279233.9
IDN,Indonesia,Asia,2003,57389443.1
IDN,Indonesia,Asia,2004,57411911.89999999
IDN,Indonesia,Asia,2005,57424772.39999999
IDN,Indonesia,Asia,2006,57499182.8
IDN,Indonesia,Asia,2007,57600258.9
IDN,Indonesia,Asia,2008,57691312.900000006
IDN,Indonesia,Asia,2009,57786347.7
IDN,Indonesia,Asia,2010,57969162.2
IDN,Indonesia,Asia,2011,58219084.7
IDN,Indonesia,Asia,2012,58512766.4
IDN,Indonesia,Asia,2013,58827450.5
IDN,Indonesia,Asia,2014,59140757.2
IDN,Indonesia,Asia,2015,59499479.7
IDN,Indonesia,Asia,2016,59928042.0
IDN,Indonesia,Asia,2017,60400490.4
IDN,Indonesia,Asia,2018,60820319.2
IDN,Indonesia,Asia,2019,61160725.5
IDN,Indonesia,Asia,2020,61422424.9
IDN,Indonesia,Asia,2021,61592108.0
IDN,Indonesia,Asia,2022,61649296.6
IDN,Indonesia,Asia,2023,61611209.4
IMN,Isle of Man,Europe,1995,10891.7
IMN,Isle of Man,Europe,1996,11035.499999999998
IMN,Isle of Man,Europe,1997,11221.7
IMN,Isle of Man,Europe,1998,11449.6
IMN,Isle of Man,Europe,1999,11673.4
IMN,Isle of Man,Europe,2000,11870.1
IMN,Isle of Man,Europe,2001,12021.5
IMN,Isle of Man,Europe,2002,12126.3
IMN,Isle of Man,Europe,2003,12236.8
IMN,Isle of Man,Europe,2004,12351.399999999998
IMN,Isle of Man,Europe,2005,12403.2
IMN,Isle of Man,Europe,2006,12401.6
IMN,Isle of Man,Europe,2007,12402.7
IMN,Isle of Man,Europe,2008,12406.2
IMN,Isle of Man,Europe,2009,12411.4
IMN,Isle of Man,Europe,2010,12436.2
IMN,Isle of Man,Europe,2011,12386.7
IMN,Isle of Man,Europe,2012,12219.399999999998
IMN,Isle of Man,Europe,2013,12089.7
IMN,Isle of Man,Europe,2014,12053.8
IMN,Isle of Man,Europe,2015,12062.600000000002
IMN,Isle of Man,Europe,2016,12046.000000000002
IMN,Isle of Man,Europe,2017,11980.999999999998
IMN,Isle of Man,Europe,2018,11900.899999999998
IMN,Isle of Man,Europe,2019,11808.3
IMN,Isle of Man,Europe,2020,11738.6
IMN,Isle of Man,Europe,2021,11696.0
IMN,Isle of Man,Europe,2022,11614.500000000002
IMN,Isle of Man,Europe,2023,11465.9
IND,India,Asia,1995,288709155.0
IND,India,Asia,1996,293411387.40000004
IND,India,Asia,1997,297909528.0
IND,India,Asia,1998,302186588.4
IND,India,Asia,1999,306164529.0
IND,India,Asia,2000,309823573.1
IND,India,Asia,2001,313147783.0
IND,India,Asia,2002,316186758.1
IND,India,Asia,2003,319009334.90000004
IND,India,Asia,2004,321644057.2
IND,India,Asia,2005,324223282.40000004
IND,India,Asia,2006,326825990.0
IND,India,Asia,2007,329271028.6
IND,India,Asia,2008,331372482.6
IND,India,Asia,2009,333148820.9
IND,India,Asia,2010,334562573.7
IND,India,Asia,2011,335487122.5
IND,India,Asia,2012,335972048.6
IND,India,Asia,2013,336203099.40000004
IND,India,Asia,2014,336324911.5
IND,India,Asia,2015,336141108.5
IND,India,Asia,2016,335572915.7
IND,India,Asia,2017,334757446.5
IND,India,Asia,2018,333612948.9
IND,India,Asia,2019,331808718.2
IND,India,Asia,2020,329631696.8
IND,India,Asia,2021,327553091.0
IND,India,Asia,2022,325157858.9
IND,India,Asia,2023,322622443.6
IRL,Ireland,Europe,1995,821218.5
IRL,Ireland,Europe,1996,810375.3999999999
IRL,Ireland,Europe,1997,798819.5
IRL,Ireland,Europe,1998,785239.6
IRL,Ireland,Europe,1999,770879.1
IRL,Ireland,Europe,2000,756980.9
IRL,Ireland,Europe,2001,745298.6000000001
IRL,Ireland,Europe,2002,737397.1
IRL,Ireland,Europe,2003,733488.1999999998
IRL,Ireland,Europe,2004,732485.7000000001
IRL,Ireland,Europe,2005,734216.2000000001
IRL,Ireland,Europe,2006,740633.9
IRL,Ireland,Europe,2007,753432.3
IRL,Ireland,Europe,2008,768053.2000000001
IRL,Ireland,Europe,2009,778530.4999999999
IRL,Ireland,Europe,2010,785190.3999999999
IRL,Ireland,Europe,2011,791975.0
IRL,Ireland,Europe,2012,801961.0
IRL,Ireland,Europe,2013,815042.5
IRL,Ireland,Europe,2014,829691.7000000001
IRL,Ireland,Europe,2015,844091.5
IRL,Ireland,Europe,2016,857460.9
IRL,Ireland,Europe,2017,869869.0
IRL,Ireland,Europe,2018,879809.5
IRL,Ireland,Europe,2019,885746.3
IRL,Ireland,Europe,2020,887990.5
IRL,Ireland,Europe,2021,889369.6
IRL,Ireland,Europe,2022,896277.9
IRL,Ireland,Europe,2023,902503.2
IRN,Iran,Asia,1995,22563642.5
IRN,Iran,Asia,1996,22966518.6
IRN,Iran,Asia,1997,23190366.8
IRN,Iran,Asia,1998,23199634.0
IRN,Iran,Asia,1999,22958155.1
IRN,Iran,Asia,2000,22487929.7
IRN,Iran,Asia,2001,21864112.700000003
IRN,Iran,Asia,2002,21051124.7
IRN,Iran,Asia,2003,20224598.6
IRN,Iran,Asia,2004,19539105.0
IRN,Iran,Asia,2005,18929482.5
IRN,Iran,Asia,2006,18389024.4
IRN,Iran,Asia,2007,17809862.700000003
IRN,Iran,Asia,2008,17206060.400000002
IRN,Iran,Asia,2009,16689730.7
IRN,Iran,Asia,2010,16283297.7
IRN,Iran,Asia,2011,16007998.500000002
IRN,Iran,Asia,2012,15818618.8
IRN,Iran,Asia,2013,15700119.8
IRN,Iran,Asia,2014,15683183.500000002
IRN,Iran,Asia,2015,15764078.2
IRN,Iran,Asia,2016,15933633.1
IRN,Iran,Asia,2017,16172026.7
IRN,Iran,Asia,2018,16460061.5
IRN,Iran,Asia,2019,16791982.2
IRN,Iran,Asia,2020,17148917.8
IRN,Iran,Asia,2021,17531977.8
IRN,Iran,Asia,2022,17915631.3
IRN,Iran,Asia,2023,18206789.2
IRQ,Iraq,Asia,1995,7036697.100000001
IRQ,Iraq,Asia,1996,7249716.100000001
IRQ,Iraq,Asia,1997,7468939.700000001
IRQ,Iraq,Asia,1998,7701018.1
IRQ,Iraq,Asia,1999,7946743.3
IRQ,Iraq,Asia,2000,8201097.5
IRQ,Iraq,Asia,2001,8448329.2
IRQ,Iraq,Asia,2002,8708802.7
IRQ,Iraq,Asia,2003,8967942.500000002
IRQ,Iraq,Asia,2004,9217198.5
IRQ,Iraq,Asia,2005,9476688.0
IRQ,Iraq,Asia,2006,9517626.0
IRQ,Iraq,Asia,2007,9402021.0
IRQ,Iraq,Asia,2008,9540505.3
IRQ,Iraq,Asia,2009,9833377.3
IRQ,Iraq,Asia,2010,10075164.4
IRQ,Iraq,Asia,2011,10343701.3
IRQ,Iraq,Asia,2012,10726144.4
IRQ,Iraq,Asia,2013,11148038.499999998
IRQ,Iraq,Asia,2014,11463840.6
IRQ,Iraq,Asia,2015,11730126.2
IRQ,Iraq,Asia,2016,12024567.0
IRQ,Iraq,Asia,2017,12348988.2
IRQ,Iraq,Asia,2018,12692891.3
IRQ,Iraq,Asia,2019,13017341.4
IRQ,Iraq,Asia,2020,13310587.8
IRQ,Iraq,Asia,2021,13563583.999999998
IRQ,Iraq,Asia,2022,13775239.2
IRQ,Iraq,Asia,2023,13953574.7
ISL,Iceland,Europe,1995,55215.1
ISL,Iceland,Europe,1996,55372.9
ISL,Iceland,Europe,1997,55688.9
ISL,Iceland,Europe,1998,56165.8
ISL,Iceland,Europe,1999,56606.5
ISL,Iceland,Europe,2000,56954.7
ISL,Iceland,Europe,2001,57287.7
ISL,Iceland,Europe,2002,57455.6
ISL,Iceland,Europe,2003,57424.5
ISL,Iceland,Europe,2004,57382.6
ISL,Iceland,Europe,2005,57531.19999999999
ISL,Iceland,Europe,2006,57792.7
ISL,Iceland,Europe,2007,57997.0
ISL,Iceland,Europe,2008,58078.3
ISL,Iceland,Europe,2009,57798.4
ISL,Iceland,Europe,2010,57270.8
ISL,Iceland,Europe,2011,56863.7
ISL,Iceland,Europe,2012,56731.8
ISL,Iceland,Europe,2013,56939.8
ISL,Iceland,Europe,2014,57396.5
ISL,Iceland,Europe,2015,57821.600000000006
ISL,Iceland,Europe,2016,58272.4
ISL,Iceland,Europe,2017,58935.2
ISL,Iceland,Europe,2018,59567.9
ISL,Iceland,Europe,2019,60020.8
ISL,Iceland,Europe,2020,60416.00000000001
ISL,Iceland,Europe,2021,60712.9
ISL,Iceland,Europe,2022,61050.7
ISL,Iceland,Europe,2023,61329.9
ISR,Israel,Asia,1995,1328459.4
ISR,Israel,Asia,1996,1345253.4
ISR,Israel,Asia,1997,1364744.8
ISR,Israel,Asia,1998,1385291.1
ISR,Israel,Asia,1999,1407369.7
ISR,Israel,Asia,2000,1430277.6
ISR,Israel,Asia,2001,1451102.4
ISR,Israel,Asia,2002,1469725.5000000002
ISR,Israel,Asia,2003,1487298.0
ISR,Israel,Asia,2004,1505471.1
ISR,Israel,Asia,2005,1526087.5
ISR,Israel,Asia,2006,1548429.4
ISR,Israel,Asia,2007,1571882.7999999998
ISR,Israel,Asia,2008,1598465.9
ISR,Israel,Asia,2009,1625951.5000000002
ISR,Israel,Asia,2010,1652790.3
ISR,Israel,Asia,2011,1680695.4
ISR,Israel,Asia,2012,1710991.8
ISR,Israel,Asia,2013,1743829.4999999998
ISR,Israel,Asia,2014,1780272.4
ISR,Israel,Asia,2015,1821103.7
ISR,Israel,Asia,2016,1861828.4
ISR,Israel,Asia,2017,1900387.9
ISR,Israel,Asia,2018,1936596.2
ISR,Israel,Asia,2019,1972775.2
ISR,Israel,Asia,2020,2010570.5
ISR,Israel,Asia,2021,2047451.8
ISR,Israel,Asia,2022,2085548.2
ISR,Israel,Asia,2023,2120465.5
ITA,Italy,Europe,1995,7809849.4
ITA,Italy,Europe,1996,7649346.899999999
ITA,Italy,Europe,1997,7545452.3
ITA,Italy,Europe,1998,7491833.099999999
ITA,Italy,Europe,1999,7442368.2
ITA,Italy,Europe,2000,7387360.8
ITA,Italy,Europe,2001,7328552.8
ITA,Italy,Europe,2002,7276679.5
ITA,Italy,Europe,2003,7241059.3
ITA,Italy,Europe,2004,7227588.0
ITA,Italy,Europe,2005,7240771.100000001
ITA,Italy,Europe,2006,7259773.600000001
ITA,Italy,Europe,2007,7296537.3
ITA,Italy,Europe,2008,7341169.4
ITA,Italy,Europe,2009,7373737.300000001
ITA,Italy,Europe,2010,7394898.8
ITA,Italy,Europe,2011,7402288.100000001
ITA,Italy,Europe,2012,7406289.699999999
ITA,Italy,Europe,2013,7410559.199999999
ITA,Italy,Europe,2014,7412434.600000001
ITA,Italy,Europe,2015,7402972.5
ITA,Italy,Europe,2016,7381353.3
ITA,Italy,Europe,2017,7354040.8
ITA,Italy,Europe,2018,7309524.200000001
ITA,Italy,Europe,2019,7242181.6
ITA,Italy,Europe,2020,7161858.600000001
ITA,Italy,Europe,2021,7077881.499999999
ITA,Italy,Europe,2022,6996145.999999999
ITA,Italy,Europe,2023,6895680.2
JAM,Jamaica,North America,1995,725283.4
JAM,Jamaica,North America,1996,731013.9
JAM,Jamaica,North America,1997,737702.1
JAM,Jamaica,North America,1998,744209.8
JAM,Jamaica,North America,1999,749479.3999999999
JAM,Jamaica,North America,2000,753363.2999999999
JAM,Jamaica,North America,2001,755685.2
JAM,Jamaica,North America,2002,756016.1000000001
JAM,Jamaica,North America,2003,753866.4
JAM,Jamaica,North America,2004,749257.2999999999
JAM,Jamaica,North America,2005,742273.7
JAM,Jamaica,North America,2006,733495.9999999999
JAM,Jamaica,North America,2007,723896.7999999999
JAM,Jamaica,North America,2008,713889.0
JAM,Jamaica,North America,2009,703642.0
JAM,Jamaica,North America,2010,692788.3
JAM,Jamaica,North America,2011,680779.2
JAM,Jamaica,North America,2012,667474.4
JAM,Jamaica,North America,2013,653351.5
JAM,Jamaica,North America,2014,638962.4
JAM,Jamaica,North America,2015,624615.6
JAM,Jamaica,North America,2016,610161.8999999999
JAM,Jamaica,North America,2017,595411.7
JAM,Jamaica,North America,2018,580668.1
JAM,Jamaica,North America,2019,566320.4
JAM,Jamaica,North America,2020,553382.0
JAM,Jamaica,North America,2021,541168.1
JAM,Jamaica,North America,2022,528122.4
JAM,Jamaica,North America,2023,514618.4000000001
JEY,Jersey,Europe,1995,11704.1
JEY,Jersey,Europe,1996,11955.0
JEY,Jersey,Europe,1997,12258.0
JEY,Jersey,Europe,1998,12516.6
JEY,Jersey,Europe,1999,12703.4
JEY,Jersey,Europe,2000,12821.6
JEY,Jersey,Europe,2001,13004.6
JEY,Jersey,Europe,2002,13252.500000000002
JEY,Jersey,Europe,2003,13444.1
JEY,Jersey,Europe,2004,13570.899999999998
JEY,Jersey,Europe,2005,13617.9
JEY,Jersey,Europe,2006,13652.8
JEY,Jersey,Europe,2007,13676.4
JEY,Jersey,Europe,2008,13653.200000000004
JEY,Jersey,Europe,2009,13609.7
JEY,Jersey,Europe,2010,13538.6
JEY,Jersey,Europe,2011,13493.0
JEY,Jersey,Europe,2012,13542.8
JEY,Jersey,Europe,2013,13673.8
JEY,Jersey,Europe,2014,13813.9
JEY,Jersey,Europe,2015,13884.7
JEY,Jersey,Europe,2016,13898.8
JEY,Jersey,Europe,2017,13928.3
JEY,Jersey,Europe,2018,13937.3
JEY,Jersey,Europe,2019,13887.8
JEY,Jersey,Europe,2020,13868.8
JEY,Jersey,Europe,2021,13893.899999999998
JEY,Jersey,Europe,2022,13897.4
JEY,Jersey,Europe,2023,13860.9
JOR,Jordan,Asia,1995,1469863.5
JOR,Jordan,Asia,1996,1507511.7
JOR,Jordan,Asia,1997,1550134.7999999998
JOR,Jordan,Asia,1998,1595066.1
JOR,Jordan,Asia,1999,1643080.1
JOR,Jordan,Asia,2000,1693040.0000000002
JOR,Jordan,Asia,2001,1742670.7000000002
JOR,Jordan,Asia,2002,1789286.4
JOR,Jordan,Asia,2003,1830522.9
JOR,Jordan,Asia,2004,1867936.3
JOR,Jordan,Asia,2005,1901957.2
JOR,Jordan,Asia,2006,2008081.4
JOR,Jordan,Asia,2007,2108145.0
JOR,Jordan,Asia,2008,2130057.0
JOR,Jordan,Asia,2009,2145458.2
JOR,Jordan,Asia,2010,2158590.6
JOR,Jordan,Asia,2011,2178126.9000000004
JOR,Jordan,Asia,2012,2177976.4
JOR,Jordan,Asia,2013,2278709.0
JOR,Jordan,Asia,2014,2505311.1
JOR,Jordan,Asia,2015,2713663.1
JOR,Jordan,Asia,2016,2830986.1
JOR,Jordan,Asia,2017,2879883.4
JOR,Jordan,Asia,2018,2928769.5000000005
JOR,Jordan,Asia,2019,2974733.6
JOR,Jordan,Asia,2020,3010768.4000000004
JOR,Jordan,Asia,2021,3041144.5
JOR,Jordan,Asia,2022,3062866.5
JOR,Jordan,Asia,2023,3072987.7
JPN,Japan,Asia,1995,18913358.4
JPN,Japan,Asia,1996,18378643.0
JPN,Japan,Asia,1997,17908978.4
JPN,Japan,Asia,1998,17471527.7
JPN,Japan,Asia,1999,17087192.499999996
JPN,Japan,Asia,2000,16760847.3
JPN,Japan,Asia,2001,16483935.8
JPN,Japan,Asia,2002,16254426.0
JPN,Japan,Asia,2003,16050494.1
JPN,Japan,Asia,2004,15872542.2
JPN,Japan,Asia,2005,15737968.400000002
JPN,Japan,Asia,2006,15642641.5
JPN,Japan,Asia,2007,15556454.999999998
JPN,Japan,Asia,2008,15472974.8
JPN,Japan,Asia,2009,15387553.9
JPN,Japan,Asia,2010,15294936.6
JPN,Japan,Asia,2011,15207587.9
JPN,Japan,Asia,2012,15129520.2
JPN,Japan,Asia,2013,15051514.1
JPN,Japan,Asia,2014,14952277.999999998
JPN,Japan,Asia,2015,14847865.6
JPN,Japan,Asia,2016,14759120.0
JPN,Japan,Asia,2017,14669729.199999996
JPN,Japan,Asia,2018,14576782.1
JPN,Japan,Asia,2019,14473782.2
JPN,Japan,Asia,2020,14339313.2
JPN,Japan,Asia,2021,14158856.5
JPN,Japan,Asia,2022,13958184.8
JPN,Japan,Asia,2023,13748280.1
KAZ,Kazakhstan,Asia,1995,4388036.6
KAZ,Kazakhstan,Asia,1996,4307939.4
KAZ,Kazakhstan,Asia,1997,4208115.399999999
KAZ,Kazakhstan,Asia,1998,4093399.2
KAZ,Kazakhstan,Asia,1999,4016084.9
KAZ,Kazakhstan,Asia,2000,3982840.8
KAZ,Kazakhstan,Asia,2001,3936645.7
KAZ,Kazakhstan,Asia,2002,3869604.4
KAZ,Kazakhstan,Asia,2003,3792804.6
KAZ,Kazakhstan,Asia,2004,3713980.0
KAZ,Kazakhstan,Asia,2005,3634576.3
KAZ,Kazakhstan,Asia,2006,3557174.4
KAZ,Kazakhstan,Asia,2007,3487883.6
KAZ,Kazakhstan,Asia,2008,3438828.7
KAZ,Kazakhstan,Asia,2009,3413093.1
KAZ,Kazakhstan,Asia,2010,3408202.6
KAZ,Kazakhstan,Asia,2011,3431162.9999999995
KAZ,Kazakhstan,Asia,2012,3485542.3
KAZ,Kazakhstan,Asia,2013,3568664.5
KAZ,Kazakhstan,Asia,2014,3667531.8
KAZ,Kazakhstan,Asia,2015,3777430.4
KAZ,Kazakhstan,Asia,2016,3903308.8
KAZ,Kazakhstan,Asia,2017,4042306.6
KAZ,Kazakhstan,Asia,2018,4172352.6
KAZ,Kazakhstan,Asia,2019,4286915.0
KAZ,Kazakhstan,Asia,2020,4400660.5
KAZ,Kazakhstan,Asia,2021,4525410.5
KAZ,Kazakhstan,Asia,2022,4659392.2
KAZ,Kazakhstan,Asia,2023,4782830.3
KEN,Kenya,Africa,1995,9791683.3
KEN,Kenya,Africa,1996,10046515.9
KEN,Kenya,Africa,1997,10288055.2
KEN,Kenya,Africa,1998,10519533.6
KEN,Kenya,Africa,1999,10747354.3
KEN,Kenya,Africa,2000,10978825.3
KEN,Kenya,Africa,2001,11216458.1
KEN,Kenya,Africa,2002,11457318.500000002
KEN,Kenya,Africa,2003,11708295.999999998
KEN,Kenya,Africa,2004,11972968.5
KEN,Kenya,Africa,2005,12249958.1
KEN,Kenya,Africa,2006,12546543.1
KEN,Kenya,Africa,2007,12862924.0
KEN,Kenya,Africa,2008,13197009.4
KEN,Kenya,Africa,2009,13548112.2
KEN,Kenya,Africa,2010,13908356.9
KEN,Kenya,Africa,2011,14273160.7
KEN,Kenya,Africa,2012,14652770.9
KEN,Kenya,Africa,2013,15043998.0
KEN,Kenya,Africa,2014,15429705.2
KEN,Kenya,Africa,2015,15791959.0
KEN,Kenya,Africa,2016,16136280.4
KEN,Kenya,Africa,2017,16446023.6
KEN,Kenya,Africa,2018,16682594.8
KEN,Kenya,Africa,2019,16880620.900000002
KEN,Kenya,Africa,2020,17075189.099999998
KEN,Kenya,Africa,2021,17238074.999999996
KEN,Kenya,Africa,2022,17369606.7
KEN,Kenya,Africa,2023,17486475.900000002
KGZ,Kyrgyzstan,Asia,1995,1437408.5
KGZ,Kyrgyzstan,Asia,1996,1465539.4
KGZ,Kyrgyzstan,Asia,1997,1486992.2
KGZ,Kyrgyzstan,Asia,1998,1502070.4999999998
KGZ,Kyrgyzstan,Asia,1999,1516081.4
KGZ,Kyrgyzstan,Asia,2000,1529910.1
KGZ,Kyrgyzstan,Asia,2001,1535700.6
KGZ,Kyrgyzstan,Asia,2002,1532478.5
KGZ,Kyrgyzstan,Asia,2003,1523339.8000000005
KGZ,Kyrgyzstan,Asia,2004,1511928.7999999998
KGZ,Kyrgyzstan,Asia,2005,1497328.4
KGZ,Kyrgyzstan,Asia,2006,1479751.4
KGZ,Kyrgyzstan,Asia,2007,1459391.2
KGZ,Kyrgyzstan,Asia,2008,1435073.6
KGZ,Kyrgyzstan,Asia,2009,1414221.5
KGZ,Kyrgyzstan,Asia,2010,1401220.6
KGZ,Kyrgyzstan,Asia,2011,1396664.4
KGZ,Kyrgyzstan,Asia,2012,1404406.4999999998
KGZ,Kyrgyzstan,Asia,2013,1418043.7
KGZ,Kyrgyzstan,Asia,2014,1438490.5
KGZ,Kyrgyzstan,Asia,2015,1472294.7
KGZ,Kyrgyzstan,Asia,2016,1514199.9
KGZ,Kyrgyzstan,Asia,2017,1559179.7
KGZ,Kyrgyzstan,Asia,2018,1602752.2999999998
KGZ,Kyrgyzstan,Asia,2019,1650586.8
KGZ,Kyrgyzstan,Asia,2020,1707184.6
KGZ,Kyrgyzstan,Asia,2021,1768074.7999999998
KGZ,Kyrgyzstan,Asia,2022,1823923.9
KGZ,Kyrgyzstan,Asia,2023,1874170.2
KHM,Cambodia,Asia,1995,3321215.5
KHM,Cambodia,Asia,1996,3711772.6
KHM,Cambodia,Asia,1997,4096439.500000001
KHM,Cambodia,Asia,1998,4340511.1
KHM,Cambodia,Asia,1999,4432957.9
KHM,Cambodia,Asia,2000,4490328.4
KHM,Cambodia,Asia,2001,4518293.4
KHM,Cambodia,Asia,2002,4516281.2
KHM,Cambodia,Asia,2003,4489988.7
KHM,Cambodia,Asia,2004,4449826.5
KHM,Cambodia,Asia,2005,4402113.100000001
KHM,Cambodia,Asia,2006,4351637.1
KHM,Cambodia,Asia,2007,4299108.199999999
KHM,Cambodia,Asia,2008,4243540.3
KHM,Cambodia,Asia,2009,4191534.5
KHM,Cambodia,Asia,2010,4148110.7
KHM,Cambodia,Asia,2011,4114720.0
KHM,Cambodia,Asia,2012,4095244.9
KHM,Cambodia,Asia,2013,4087247.3
KHM,Cambodia,Asia,2014,4086800.2
KHM,Cambodia,Asia,2015,4093225.9
KHM,Cambodia,Asia,2016,4109154.2
KHM,Cambodia,Asia,2017,4150846.9
KHM,Cambodia,Asia,2018,4207123.3
KHM,Cambodia,Asia,2019,4245218.600000001
KHM,Cambodia,Asia,2020,4281332.5
KHM,Cambodia,Asia,2021,4322714.6
KHM,Cambodia,Asia,2022,4357707.7
KHM,Cambodia,Asia,2023,4393564.3
KIR,Kiribati,Oceania,1995,25333.1
KIR,Kiribati,Oceania,1996,26008.2
KIR,Kiribati,Oceania,1997,26659.3
KIR,Kiribati,Oceania,1998,27243.6
KIR,Kiribati,Oceania,1999,27740.5
KIR,Kiribati,Oceania,2000,28200.6
KIR,Kiribati,Oceania,2001,28732.5
KIR,Kiribati,Oceania,2002,29312.1
KIR,Kiribati,Oceania,2003,29863.9
KIR,Kiribati,Oceania,2004,30370.5
KIR,Kiribati,Oceania,2005,30814.1
KIR,Kiribati,Oceania,2006,31184.0
KIR,Kiribati,Oceania,2007,31471.4
KIR,Kiribati,Oceania,2008,31687.1
KIR,Kiribati,Oceania,2009,31887.5
KIR,Kiribati,Oceania,2010,32098.8
KIR,Kiribati,Oceania,2011,32157.3
KIR,Kiribati,Oceania,2012,32095.8
KIR,Kiribati,Oceania,2013,32111.000000000004
KIR,Kiribati,Oceania,2014,32198.7
KIR,Kiribati,Oceania,2015,32387.2
KIR,Kiribati,Oceania,2016,32787.0
KIR,Kiribati,Oceania,2017,33334.3
KIR,Kiribati,Oceania,2018,33889.1
KIR,Kiribati,Oceania,2019,34427.8
KIR,Kiribati,Oceania,2020,35049.8
KIR,Kiribati,Oceania,2021,35722.9
KIR,Kiribati,Oceania,2022,36390.0
KIR,Kiribati,Oceania,2023,37110.6
KNA,Saint Kitts and Nevis,North America,1995,11628.8
KNA,Saint Kitts and Nevis,North America,1996,11611.2
KNA,Saint Kitts and Nevis,North America,1997,11591.3
KNA,Saint Kitts and Nevis,North America,1998,11571.2
KNA,Saint Kitts and Nevis,North America,1999,11550.7
KNA,Saint Kitts and Nevis,North America,2000,11530.5
KNA,Saint Kitts and Nevis,North America,2001,11476.3
KNA,Saint Kitts and Nevis,North America,2002,11364.9
KNA,Saint Kitts and Nevis,North America,2003,11228.6
KNA,Saint Kitts and Nevis,North America,2004,11099.8
KNA,Saint Kitts and Nevis,North America,2005,10968.1
KNA,Saint Kitts and Nevis,North America,2006,10798.9
KNA,Saint Kitts and Nevis,North America,2007,10590.500000000002
KNA,Saint Kitts and Nevis,North America,2008,10367.5
KNA,Saint Kitts and Nevis,North America,2009,10135.1
KNA,Saint Kitts and Nevis,North America,2010,9910.6
KNA,Saint Kitts and Nevis,North America,2011,9769.0
KNA,Saint Kitts and Nevis,North America,2012,9658.0
KNA,Saint Kitts and Nevis,North America,2013,9493.2
KNA,Saint Kitts and Nevis,North America,2014,9263.6
KNA,Saint Kitts and Nevis,North America,2015,8896.3
KNA,Saint Kitts and Nevis,North America,2016,8581.7
KNA,Saint Kitts and Nevis,North America,2017,8402.6
KNA,Saint Kitts and Nevis,North America,2018,8217.4
KNA,Saint Kitts and Nevis,North America,2019,8031.700000000001
KNA,Saint Kitts and Nevis,North America,2020,7854.399999999999
KNA,Saint Kitts and Nevis,North America,2021,7719.7
KNA,Saint Kitts and Nevis,North America,2022,7643.6
KNA,Saint Kitts and Nevis,North America,2023,7601.1
KOR,South Korea,Asia,1995,9367841.7
KOR,South Korea,Asia,1996,9182751.6
KOR,South Korea,Asia,1997,9100865.8
KOR,South Korea,Asia,1998,9047471.8
KOR,South Korea,Asia,1999,8978234.9
KOR,South Korea,Asia,2000,8884561.2
KOR,South Korea,Asia,2001,8800571.1
KOR,South Korea,Asia,2002,8738747.5
KOR,South Korea,Asia,2003,8685830.0
KOR,South Korea,Asia,2004,8632722.7
KOR,South Korea,Asia,2005,8586967.8
KOR,South Korea,Asia,2006,8517935.0
KOR,South Korea,Asia,2007,8388680.200000001
KOR,South Korea,Asia,2008,8222021.899999999
KOR,South Korea,Asia,2009,8031622.0
KOR,South Korea,Asia,2010,7816134.2
KOR,South Korea,Asia,2011,7582584.899999999
KOR,South Korea,Asia,2012,7344817.6
KOR,South Korea,Asia,2013,7116804.300000001
KOR,South Korea,Asia,2014,6898252.0
KOR,South Korea,Asia,2015,6690830.6
KOR,South Korea,Asia,2016,6523329.599999999
KOR,South Korea,Asia,2017,6401427.899999999
KOR,South Korea,Asia,2018,6284224.6
KOR,South Korea,Asia,2019,6160118.8
KOR,South Korea,Asia,2020,6056189.399999999
KOR,South Korea,Asia,2021,5955482.600000001
KOR,South Korea,Asia,2022,5837204.2
KOR,South Korea,Asia,2023,5706113.600000001
KWT,Kuwait,Asia,1995,423246.5999999999
KWT,Kuwait,Asia,1996,441657.0
KWT,Kuwait,Asia,1997,459504.4
KWT,Kuwait,Asia,1998,469339.8
KWT,Kuwait,Asia,1999,472664.0
KWT,Kuwait,Asia,2000,471586.9
KWT,Kuwait,Asia,2001,468031.6
KWT,Kuwait,Asia,2002,463179.5
KWT,Kuwait,Asia,2003,457833.2
KWT,Kuwait,Asia,2004,452576.5
KWT,Kuwait,Asia,2005,457072.7
KWT,Kuwait,Asia,2006,472694.0
KWT,Kuwait,Asia,2007,487881.7
KWT,Kuwait,Asia,2008,500186.4
KWT,Kuwait,Asia,2009,511909.9
KWT,Kuwait,Asia,2010,525575.2
KWT,Kuwait,Asia,2011,544293.8
KWT,Kuwait,Asia,2012,569233.1
KWT,Kuwait,Asia,2013,595542.8
KWT,Kuwait,Asia,2014,618761.6000000001
KWT,Kuwait,Asia,2015,650278.4
KWT,Kuwait,Asia,2016,686529.9
KWT,Kuwait,Asia,2017,716532.6
KWT,Kuwait,Asia,2018,748518.6
KWT,Kuwait,Asia,2019,774543.9
KWT,Kuwait,Asia,2020,778006.6
KWT,Kuwait,Asia,2021,752100.7
KWT,Kuwait,Asia,2022,760895.9
KWT,Kuwait,Asia,2023,796563.3
LAO,Laos,Asia,1995,1634950.7000000002
LAO,Laos,Asia,1996,1683217.1999999995
LAO,Laos,Asia,1997,1731615.2
LAO,Laos,Asia,1998,1779681.8
LAO,Laos,Asia,1999,1826346.1
LAO,Laos,Asia,2000,1869255.1
LAO,Laos,Asia,2001,1908001.5
LAO,Laos,Asia,2002,1942480.9
LAO,Laos,Asia,2003,1971813.5
LAO,Laos,Asia,2004,1995661.2
LAO,Laos,Asia,2005,2014509.4
LAO,Laos,Asia,2006,2019705.7
LAO,Laos,Asia,2007,2011106.2
LAO,Laos,Asia,2008,1998572.8
LAO,Laos,Asia,2009,1983800.5
LAO,Laos,Asia,2010,1967245.2
LAO,Laos,Asia,2011,1951612.6
LAO,Laos,Asia,2012,1939162.8
LAO,Laos,Asia,2013,1929027.5
LAO,Laos,Asia,2014,1920878.5
LAO,Laos,Asia,2015,1919138.7
LAO,Laos,Asia,2016,1923296.8
LAO,Laos,Asia,2017,1928829.4
LAO,Laos,Asia,2018,1935218.7000000004
LAO,Laos,Asia,2019,1941790.4
LAO,Laos,Asia,2020,1950455.2
LAO,Laos,Asia,2021,1961266.3
LAO,Laos,Asia,2022,1973102.2
LAO,Laos,Asia,2023,1985440.2
LBN,Lebanon,Asia,1995,1152493.4
LBN,Lebanon,Asia,1996,1169570.9
LBN,Lebanon,Asia,1997,1182840.0
LBN,Lebanon,Asia,1998,1191926.7
LBN,Lebanon,Asia,1999,1197602.7
LBN,Lebanon,Asia,2000,1200015.9
LBN,Lebanon,Asia,2001,1199949.7
LBN,Lebanon,Asia,2002,1195815.1
LBN,Lebanon,Asia,2003,1190919.3
LBN,Lebanon,Asia,2004,1188629.9
LBN,Lebanon,Asia,2005,1186234.3
LBN,Lebanon,Asia,2006,1186882.0
LBN,Lebanon,Asia,2007,1190711.5
LBN,Lebanon,Asia,2008,1190433.9
LBN,Lebanon,Asia,2009,1184794.2
LBN,Lebanon,Asia,2010,1173055.5
LBN,Lebanon,Asia,2011,1161670.1
LBN,Lebanon,Asia,2012,1169512.6
LBN,Lebanon,Asia,2013,1259004.2999999998
LBN,Lebanon,Asia,2014,1368936.9
LBN,Lebanon,Asia,2015,1395218.5
LBN,Lebanon,Asia,2016,1390238.4
LBN,Lebanon,Asia,2017,1393523.8
LBN,Lebanon,Asia,2018,1400954.8
LBN,Lebanon,Asia,2019,1408653.2000000002
LBN,Lebanon,Asia,2020,1413752.6
LBN,Lebanon,Asia,2021,1415403.6
LBN,Lebanon,Asia,2022,1411844.4
LBN,Lebanon,Asia,2023,1400230.9
LBR,Liberia,Africa,1995,714481.0
LBR,Liberia,Africa,1996,733291.2000000001
LBR,Liberia,Africa,1997,789735.0
LBR,Liberia,Africa,1998,870139.2999999999
LBR,Liberia,Africa,1999,915129.5
LBR,Liberia,Africa,2000,945416.9
LBR,Liberia,Africa,2001,970202.6
LBR,Liberia,Africa,2002,993778.5
LBR,Liberia,Africa,2003,1001562.0
LBR,Liberia,Africa,2004,1014348.7
LBR,Liberia,Africa,2005,1061371.7999999998
LBR,Liberia,Africa,2006,1122938.1999999995
LBR,Liberia,Africa,2007,1180860.0000000002
LBR,Liberia,Africa,2008,1229205.9
LBR,Liberia,Africa,2009,1269108.8
LBR,Liberia,Africa,2010,1310560.2999999998
LBR,Liberia,Africa,2011,1360020.4999999998
LBR,Liberia,Africa,2012,1408761.9
LBR,Liberia,Africa,2013,1450215.1
LBR,Liberia,Africa,2014,1490765.1
LBR,Liberia,Africa,2015,1530510.4
LBR,Liberia,Africa,2016,1569357.2
LBR,Liberia,Africa,2017,1608930.9999999998
LBR,Liberia,Africa,2018,1648138.9
LBR,Liberia,Africa,2019,1683350.4000000004
LBR,Liberia,Africa,2020,1715156.6
LBR,Liberia,Africa,2021,1744240.3
LBR,Liberia,Africa,2022,1771474.7
LBR,Liberia,Africa,2023,1797590.7999999998
LBY,Libya,Africa,1995,1600440.4
LBY,Libya,Africa,1996,1591977.1999999995
LBY,Libya,Africa,1997,1578565.9
LBY,Libya,Africa,1998,1561675.5
LBY,Libya,Africa,1999,1541702.4
LBY,Libya,Africa,2000,1530698.9999999998
LBY,Libya,Africa,2001,1531974.8
LBY,Libya,Africa,2002,1536356.5
LBY,Libya,Africa,2003,1545293.0
LBY,Libya,Africa,2004,1557429.9
LBY,Libya,Africa,2005,1570836.1000000003
LBY,Libya,Africa,2006,1575087.5
LBY,Libya,Africa,2007,1572025.6
LBY,Libya,Africa,2008,1574251.6
LBY,Libya,Africa,2009,1581457.9999999998
LBY,Libya,Africa,2010,1593331.6999999995
LBY,Libya,Africa,2011,1575447.4
LBY,Libya,Africa,2012,1565432.6
LBY,Libya,Africa,2013,1596252.4999999998
LBY,Libya,Africa,2014,1625553.0
LBY,Libya,Africa,2015,1653577.8
LBY,Libya,Africa,2016,1683785.7999999998
LBY,Libya,Africa,2017,1710365.8999999997
LBY,Libya,Africa,2018,1732051.7
LBY,Libya,Africa,2019,1753251.2999999998
LBY,Libya,Africa,2020,1772150.2
LBY,Libya,Africa,2021,1786688.0
LBY,Libya,Africa,2022,1796387.3
LBY,Libya,Africa,2023,1799425.9
LCA,Saint Lucia,North America,1995,45615.3
LCA,Saint Lucia,North America,1996,45906.0
LCA,Saint Lucia,North America,1997,46159.8
LCA,Saint Lucia,North America,1998,46004.100000000006
LCA,Saint Lucia,North America,1999,45490.8
LCA,Saint Lucia,North America,2000,44931.8
LCA,Saint Lucia,North America,2001,44591.2
LCA,Saint Lucia,North America,2002,44495.100000000006
LCA,Saint Lucia,North America,2003,44318.600000000006
LCA,Saint Lucia,North America,2004,44117.9
LCA,Saint Lucia,North America,2005,43765.100000000006
LCA,Saint Lucia,North America,2006,43158.0
LCA,Saint Lucia,North America,2007,42212.8
LCA,Saint Lucia,North America,2008,41057.9
LCA,Saint Lucia,North America,2009,39977.4
LCA,Saint Lucia,North America,2010,39072.3
LCA,Saint Lucia,North America,2011,38283.100000000006
LCA,Saint Lucia,North America,2012,37472.6
LCA,Saint Lucia,North America,2013,36697.2
LCA,Saint Lucia,North America,2014,35966.2
LCA,Saint Lucia,North America,2015,35155.700000000004
LCA,Saint Lucia,North America,2016,34192.6
LCA,Saint Lucia,North America,2017,33254.8
LCA,Saint Lucia,North America,2018,32458.6
LCA,Saint Lucia,North America,2019,31730.3
LCA,Saint Lucia,North America,2020,31030.500000000004
LCA,Saint Lucia,North America,2021,30397.9
LCA,Saint Lucia,North America,2022,29847.5
LCA,Saint Lucia,North America,2023,29345.5
LIE,Liechtenstein,Europe,1995,5011.3
LIE,Liechtenstein,Europe,1996,5049.1
LIE,Liechtenstein,Europe,1997,5092.900000000001
LIE,Liechtenstein,Europe,1998,5149.7
LIE,Liechtenstein,Europe,1999,5211.1
LIE,Liechtenstein,Europe,2000,5268.3
LIE,Liechtenstein,Europe,2001,5331.999999999999
LIE,Liechtenstein,Europe,2002,5382.099999999999
LIE,Liechtenstein,Europe,2003,5416.299999999999
LIE,Liechtenstein,Europe,2004,5431.2
LIE,Liechtenstein,Europe,2005,5432.6
LIE,Liechtenstein,Europe,2006,5428.8
LIE,Liechtenstein,Europe,2007,5399.3
LIE,Liechtenstein,Europe,2008,5340.2
LIE,Liechtenstein,Europe,2009,5294.900000000001
LIE,Liechtenstein,Europe,2010,5249.8
LIE,Liechtenstein,Europe,2011,5199.8
LIE,Liechtenstein,Europe,2012,5162.5
LIE,Liechtenstein,Europe,2013,5110.7
LIE,Liechtenstein,Europe,2014,5091.5
LIE,Liechtenstein,Europe,2015,5070.1
LIE,Liechtenstein,Europe,2016,5031.7
LIE,Liechtenstein,Europe,2017,5006.400000000001
LIE,Liechtenstein,Europe,2018,4980.6
LIE,Liechtenstein,Europe,2019,4987.299999999999
LIE,Liechtenstein,Europe,2020,4971.099999999999
LIE,Liechtenstein,Europe,2021,4963.0
LIE,Liechtenstein,Europe,2022,4974.400000000001
LIE,Liechtenstein,Europe,2023,4998.400000000001
LKA,Sri Lanka,Asia,1995,4581764.3
LKA,Sri Lanka,Asia,1996,4585951.300000001
LKA,Sri Lanka,Asia,1997,4596029.1
LKA,Sri Lanka,Asia,1998,4611487.0
LKA,Sri Lanka,Asia,1999,4625456.199999999
LKA,Sri Lanka,Asia,2000,4636093.899999999
LKA,Sri Lanka,Asia,2001,4627700.8
LKA,Sri Lanka,Asia,2002,4585491.100000001
LKA,Sri Lanka,Asia,2003,4533650.5
LKA,Sri Lanka,Asia,2004,4492420.1
LKA,Sri Lanka,Asia,2005,4463836.4
LKA,Sri Lanka,Asia,2006,4452591.6
LKA,Sri Lanka,Asia,2007,4454684.0
LKA,Sri Lanka,Asia,2008,4464337.5
LKA,Sri Lanka,Asia,2009,4479521.399999999
LKA,Sri Lanka,Asia,2010,4499141.7
LKA,Sri Lanka,Asia,2011,4522342.4
LKA,Sri Lanka,Asia,2012,4545772.5
LKA,Sri Lanka,Asia,2013,4566847.5
LKA,Sri Lanka,Asia,2014,4585679.3
LKA,Sri Lanka,Asia,2015,4601806.1
LKA,Sri Lanka,Asia,2016,4614743.3
LKA,Sri Lanka,Asia,2017,4626362.9
LKA,Sri Lanka,Asia,2018,4637614.1
LKA,Sri Lanka,Asia,2019,4644048.5
LKA,Sri Lanka,Asia,2020,4641321.9
LKA,Sri Lanka,Asia,2021,4629503.399999999
LKA,Sri Lanka,Asia,2022,4610143.5
LKA,Sri Lanka,Asia,2023,4584685.100000001
LSO,Lesotho,Africa,1995,670728.3999999999
LSO,Lesotho,Africa,1996,680782.7999999999
LSO,Lesotho,Africa,1997,685986.2999999999
LSO,Lesotho,Africa,1998,685984.7
LSO,Lesotho,Africa,1999,683174.6000000001
LSO,Lesotho,Africa,2000,678278.8
LSO,Lesotho,Africa,2001,671934.9
LSO,Lesotho,Africa,2002,664025.1
LSO,Lesotho,Africa,2003,653935.2
LSO,Lesotho,Africa,2004,641775.7000000001
LSO,Lesotho,Africa,2005,628399.0
LSO,Lesotho,Africa,2006,618769.7
LSO,Lesotho,Africa,2007,614890.5
LSO,Lesotho,Africa,2008,613062.5
LSO,Lesotho,Africa,2009,611517.2999999999
LSO,Lesotho,Africa,2010,609992.4
LSO,Lesotho,Africa,2011,609033.1
LSO,Lesotho,Africa,2012,609763.7999999999
LSO,Lesotho,Africa,2013,612881.1000000001
LSO,Lesotho,Africa,2014,617602.6
LSO,Lesotho,Africa,2015,622963.0
LSO,Lesotho,Africa,2016,629425.7999999999
LSO,Lesotho,Africa,2017,636567.4
LSO,Lesotho,Africa,2018,644084.4999999999
LSO,Lesotho,Africa,2019,652575.0
LSO,Lesotho,Africa,2020,661762.6999999998
LSO,Lesotho,Africa,2021,670915.6
LSO,Lesotho,Africa,2022,678349.7
LSO,Lesotho,Africa,2023,683810.2999999998
LTU,Lithuania,Europe,1995,700253.4
LTU,Lithuania,Europe,1996,699022.7
LTU,Lithuania,Europe,1997,698028.7000000001
LTU,Lithuania,Europe,1998,693787.2999999999
LTU,Lithuania,Europe,1999,684117.5
LTU,Lithuania,Europe,2000,671331.5
LTU,Lithuania,Europe,2001,654188.9
LTU,Lithuania,Europe,2002,633735.2999999999
LTU,Lithuania,Europe,2003,612217.9
LTU,Lithuania,Europe,2004,589512.2999999999
LTU,Lithuania,Europe,2005,563827.5
LTU,Lithuania,Europe,2006,536951.7999999999
LTU,Lithuania,Europe,2007,511794.4
LTU,Lithuania,Europe,2008,489155.0
LTU,Lithuania,Europe,2009,469677.5
LTU,Lithuania,Europe,2010,448205.6
LTU,Lithuania,Europe,2011,426195.8
LTU,Lithuania,Europe,2012,407207.6
LTU,Lithuania,Europe,2013,391758.6
LTU,Lithuania,Europe,2014,381283.8
LTU,Lithuania,Europe,2015,373406.5
LTU,Lithuania,Europe,2016,366440.2
LTU,Lithuania,Europe,2017,361101.8000000001
LTU,Lithuania,Europe,2018,357584.10000000003
LTU,Lithuania,Europe,2019,356007.8
LTU,Lithuania,Europe,2020,357174.5999999999
LTU,Lithuania,Europe,2021,362006.2
LTU,Lithuania,Europe,2022,371261.1
LTU,Lithuania,Europe,2023,380187.5
LUX,Luxembourg,Europe,1995,61268.7
LUX,Luxembourg,Europe,1996,62581.5
LUX,Luxembourg,Europe,1997,63804.5
LUX,Luxembourg,Europe,1998,65332.7
LUX,Luxembourg,Europe,1999,67045.99999999999
LUX,Luxembourg,Europe,2000,68759.99999999999
LUX,Luxembourg,Europe,2001,70137.2
LUX,Luxembourg,Europe,2002,71155.90000000001
LUX,Luxembourg,Europe,2003,72160.2
LUX,Luxembourg,Europe,2004,73243.0
LUX,Luxembourg,Europe,2005,74508.29999999999
LUX,Luxembourg,Europe,2006,75663.0
LUX,Luxembourg,Europe,2007,76525.7
LUX,Luxembourg,Europe,2008,77262.0
LUX,Luxembourg,Europe,2009,77971.49999999999
LUX,Luxembourg,Europe,2010,78670.0
LUX,Luxembourg,Europe,2011,79171.3
LUX,Luxembourg,Europe,2012,79815.6
LUX,Luxembourg,Europe,2013,80615.5
LUX,Luxembourg,Europe,2014,81298.49999999999
LUX,Luxembourg,Europe,2015,82210.9
LUX,Luxembourg,Europe,2016,83307.2
LUX,Luxembourg,Europe,2017,84283.7
LUX,Luxembourg,Europe,2018,85345.4
LUX,Luxembourg,Europe,2019,86523.50000000001
LUX,Luxembourg,Europe,2020,87541.50000000001
LUX,Luxembourg,Europe,2021,88500.5
LUX,Luxembourg,Europe,2022,90162.2
LUX,Luxembourg,Europe,2023,91722.9
LVA,Latvia,Europe,1995,471388.00000000006
LVA,Latvia,Europe,1996,468745.7
LVA,Latvia,Europe,1997,464103.29999999993
LVA,Latvia,Europe,1998,456175.7
LVA,Latvia,Europe,1999,445069.0
LVA,Latvia,Europe,2000,430513.0
LVA,Latvia,Europe,2001,412485.3
LVA,Latvia,Europe,2002,393648.4
LVA,Latvia,Europe,2003,374249.2
LVA,Latvia,Europe,2004,354716.9
LVA,Latvia,Europe,2005,336874.3
LVA,Latvia,Europe,2006,320124.2
LVA,Latvia,Europe,2007,304028.1
LVA,Latvia,Europe,2008,289800.1
LVA,Latvia,Europe,2009,276968.0
LVA,Latvia,Europe,2010,265352.0
LVA,Latvia,Europe,2011,257139.6
LVA,Latvia,Europe,2012,252503.4
LVA,Latvia,Europe,2013,250608.7
LVA,Latvia,Europe,2014,250205.6
LVA,Latvia,Europe,2015,249211.19999999995
LVA,Latvia,Europe,2016,248251.9
LVA,Latvia,Europe,2017,248885.5
LVA,Latvia,Europe,2018,250972.9
LVA,Latvia,Europe,2019,254061.50000000003
LVA,Latvia,Europe,2020,257467.2
LVA,Latvia,Europe,2021,260930.7
LVA,Latvia,Europe,2022,265194.7
LVA,Latvia,Europe,2023,267916.10000000003
MAC,Macao,Asia,1995,84017.70000000001
MAC,Macao,Asia,1996,87182.09999999999
MAC,Macao,Asia,1997,90260.3
MAC,Macao,Asia,1998,92792.5
MAC,Macao,Asia,1999,94519.4
MAC,Macao,Asia,2000,95610.9
MAC,Macao,Asia,2001,96485.89999999998
MAC,Macao,Asia,2002,97489.7
MAC,Macao,Asia,2003,97884.8
MAC,Macao,Asia,2004,96936.6
MAC,Macao,Asia,2005,94696.1
MAC,Macao,Asia,2006,91396.0
MAC,Macao,Asia,2007,87477.40000000001
MAC,Macao,Asia,2008,83174.8
MAC,Macao,Asia,2009,78721.8
MAC,Macao,Asia,2010,74503.8
MAC,Macao,Asia,2011,71340.0
MAC,Macao,Asia,2012,70050.5
MAC,Macao,Asia,2013,70030.0
MAC,Macao,Asia,2014,70326.3
MAC,Macao,Asia,2015,70750.49999999999
MAC,Macao,Asia,2016,71552.09999999999
MAC,Macao,Asia,2017,73236.9
MAC,Macao,Asia,2018,75915.90000000001
MAC,Macao,Asia,2019,79115.09999999999
MAC,Macao,Asia,2020,82175.7
MAC,Macao,Asia,2021,84360.6
MAC,Macao,Asia,2022,86070.69999999998
MAC,Macao,Asia,2023,88254.9
MAF,Saint Martin,North America,1995,6596.299999999999
MAF,Saint Martin,North America,1996,6792.6
MAF,Saint Martin,North America,1997,6920.6
MAF,Saint Martin,North America,1998,6975.200000000001
MAF,Saint Martin,North America,1999,7034.4
MAF,Saint Martin,North America,2000,7132.799999999999
MAF,Saint Martin,North America,2001,7217.1
MAF,Saint Martin,North America,2002,7286.199999999999
MAF,Saint Martin,North America,2003,7356.0
MAF,Saint Martin,North America,2004,7508.9
MAF,Saint Martin,North America,2005,7750.7
MAF,Saint Martin,North America,2006,8006.499999999999
MAF,Saint Martin,North America,2007,8268.9
MAF,Saint Martin,North America,2008,8524.2
MAF,Saint Martin,North America,2009,8753.8
MAF,Saint Martin,North America,2010,8780.8
MAF,Saint Martin,North America,2011,8624.0
MAF,Saint Martin,North America,2012,8495.1
MAF,Saint Martin,North America,2013,8441.6
MAF,Saint Martin,North America,2014,8434.199999999999
MAF,Saint Martin,North America,2015,8358.5
MAF,Saint Martin,North America,2016,8189.7
MAF,Saint Martin,North America,2017,7980.4
MAF,Saint Martin,North America,2018,7424.599999999999
MAF,Saint Martin,North America,2019,6148.199999999999
MAF,Saint Martin,North America,2020,5564.7
MAF,Saint Martin,North America,2021,5690.599999999999
MAF,Saint Martin,North America,2022,5418.0
MAF,Saint Martin,North America,2023,5152.3
MAR,Morocco,Africa,1995,8297205.4
MAR,Morocco,Africa,1996,8320130.699999999
MAR,Morocco,Africa,1997,8345753.000000001
MAR,Morocco,Africa,1998,8367682.6
MAR,Morocco,Africa,1999,8386779.899999999
MAR,Morocco,Africa,2000,8400979.4
MAR,Morocco,Africa,2001,8406997.0
MAR,Morocco,Africa,2002,8408424.8
MAR,Morocco,Africa,2003,8408387.1
MAR,Morocco,Africa,2004,8386091.699999999
MAR,Morocco,Africa,2005,8339231.4
MAR,Morocco,Africa,2006,8285936.600000001
MAR,Morocco,Africa,2007,8227612.300000001
MAR,Morocco,Africa,2008,8171198.7
MAR,Morocco,Africa,2009,8124237.9
MAR,Morocco,Africa,2010,8090774.2
MAR,Morocco,Africa,2011,8073731.1
MAR,Morocco,Africa,2012,8072163.100000001
MAR,Morocco,Africa,2013,8086306.6
MAR,Morocco,Africa,2014,8119193.100000001
MAR,Morocco,Africa,2015,8169522.1
MAR,Morocco,Africa,2016,8231919.0
MAR,Morocco,Africa,2017,8294307.300000001
MAR,Morocco,Africa,2018,8344236.800000001
MAR,Morocco,Africa,2019,8384197.7
MAR,Morocco,Africa,2020,8422688.7
MAR,Morocco,Africa,2021,8457977.8
MAR,Morocco,Africa,2022,8489570.9
MAR,Morocco,Africa,2023,8516733.399999999
MCO,Monaco,Europe,1995,3480.7000000000007
MCO,Monaco,Europe,1996,3565.7000000000007
MCO,Monaco,Europe,1997,3645.1
MCO,Monaco,Europe,1998,3693.0
MCO,Monaco,Europe,1999,3729.8
MCO,Monaco,Europe,2000,3760.9
MCO,Monaco,Europe,2001,3776.5
MCO,Monaco,Europe,2002,3783.9
MCO,Monaco,Europe,2003,3783.5
MCO,Monaco,Europe,2004,3764.2
MCO,Monaco,Europe,2005,3755.6
MCO,Monaco,Europe,2006,3779.5
MCO,Monaco,Europe,2007,3805.3
MCO,Monaco,Europe,2008,3815.9
MCO,Monaco,Europe,2009,3824.0
MCO,Monaco,Europe,2010,3825.2999999999993
MCO,Monaco,Europe,2011,3811.8
MCO,Monaco,Europe,2012,3796.2
MCO,Monaco,Europe,2013,3802.8
MCO,Monaco,Europe,2014,3829.9
MCO,Monaco,Europe,2015,3848.9
MCO,Monaco,Europe,2016,3861.6
MCO,Monaco,Europe,2017,3880.4
MCO,Monaco,Europe,2018,3903.8
MCO,Monaco,Europe,2019,3915.4
MCO,Monaco,Europe,2020,3937.4
MCO,Monaco,Europe,2021,4010.7
MCO,Monaco,Europe,2022,4145.300000000001
MCO,Monaco,Europe,2023,4261.2
MDA,Moldova,Europe,1995,1037920.9999999998
MDA,Moldova,Europe,1996,1033359.0
MDA,Moldova,Europe,1997,1025251.5
MDA,Moldova,Europe,1998,1012539.0
MDA,Moldova,Europe,1999,994302.7
MDA,Moldova,Europe,2000,970194.3
MDA,Moldova,Europe,2001,940041.6
MDA,Moldova,Europe,2002,904312.3
MDA,Moldova,Europe,2003,863245.6
MDA,Moldova,Europe,2004,818569.7999999999
MDA,Moldova,Europe,2005,772574.5999999999
MDA,Moldova,Europe,2006,728100.7
MDA,Moldova,Europe,2007,686760.3
MDA,Moldova,Europe,2008,649082.6
MDA,Moldova,Europe,2009,616298.2999999999
MDA,Moldova,Europe,2010,587932.2999999999
MDA,Moldova,Europe,2011,562466.1
MDA,Moldova,Europe,2012,538809.1
MDA,Moldova,Europe,2013,516683.70000000007
MDA,Moldova,Europe,2014,499628.1
MDA,Moldova,Europe,2015,489370.1
MDA,Moldova,Europe,2016,484158.8
MDA,Moldova,Europe,2017,483962.8
MDA,Moldova,Europe,2018,488590.3
MDA,Moldova,Europe,2019,496391.7
MDA,Moldova,Europe,2020,505482.0
MDA,Moldova,Europe,2021,514249.5
MDA,Moldova,Europe,2022,529956.3
MDA,Moldova,Europe,2023,542606.4
MDG,Madagascar,Africa,1995,4723797.1
MDG,Madagascar,Africa,1996,4858322.699999999
MDG,Madagascar,Africa,1997,5001074.399999999
MDG,Madagascar,Africa,1998,5153092.000000001
MDG,Madagascar,Africa,1999,5316827.100000001
MDG,Madagascar,Africa,2000,5493896.000000001
MDG,Madagascar,Africa,2001,5686062.9
MDG,Madagascar,Africa,2002,5891191.600000001
MDG,Madagascar,Africa,2003,6105428.2
MDG,Madagascar,Africa,2004,6323062.300000001
MDG,Madagascar,Africa,2005,6537174.399999999
MDG,Madagascar,Africa,2006,6747887.699999999
MDG,Madagascar,Africa,2007,6955380.299999999
MDG,Madagascar,Africa,2008,7157138.0
MDG,Madagascar,Africa,2009,7353589.3
MDG,Madagascar,Africa,2010,7544051.4
MDG,Madagascar,Africa,2011,7728750.7
MDG,Madagascar,Africa,2012,7911400.7
MDG,Madagascar,Africa,2013,8093890.499999999
MDG,Madagascar,Africa,2014,8278038.400000001
MDG,Madagascar,Africa,2015,8460932.0
MDG,Madagascar,Africa,2016,8633080.5
MDG,Madagascar,Africa,2017,8793415.5
MDG,Madagascar,Africa,2018,8948383.200000001
MDG,Madagascar,Africa,2019,9101590.5
MDG,Madagascar,Africa,2020,9255529.5
MDG,Madagascar,Africa,2021,9413866.6
MDG,Madagascar,Africa,2022,9579804.9
MDG,Madagascar,Africa,2023,9755146.3
MDV,Maldives,Asia,1995,95523.19999999998
MDV,Maldives,Asia,1996,97868.3
MDV,Maldives,Asia,1997,99743.5
MDV,Maldives,Asia,1998,101202.6
MDV,Maldives,Asia,1999,102283.4
MDV,Maldives,Asia,2000,102970.4
MDV,Maldives,Asia,2001,103139.4
MDV,Maldives,Asia,2002,102722.8
MDV,Maldives,Asia,2003,101660.9
MDV,Maldives,Asia,2004,99985.6
MDV,Maldives,Asia,2005,97906.2
MDV,Maldives,Asia,2006,95968.0
MDV,Maldives,Asia,2007,94085.4
MDV,Maldives,Asia,2008,91758.6
MDV,Maldives,Asia,2009,89137.20000000001
MDV,Maldives,Asia,2010,86491.7
MDV,Maldives,Asia,2011,84112.9
MDV,Maldives,Asia,2012,82320.09999999999
MDV,Maldives,Asia,2013,81329.50000000001
MDV,Maldives,Asia,2014,81462.6
MDV,Maldives,Asia,2015,83005.7
MDV,Maldives,Asia,2016,85098.20000000001
MDV,Maldives,Asia,2017,86889.1
MDV,Maldives,Asia,2018,88445.09999999999
MDV,Maldives,Asia,2019,89861.0
MDV,Maldives,Asia,2020,91193.7
MDV,Maldives,Asia,2021,92418.0
MDV,Maldives,Asia,2022,93098.3
MDV,Maldives,Asia,2023,93186.4
MEX,Mexico,North America,1995,27463735.3
MEX,Mexico,North America,1996,27683074.5
MEX,Mexico,North America,1997,27915219.8
MEX,Mexico,North America,1998,28151814.3
MEX,Mexico,North America,1999,28389557.2
MEX,Mexico,North America,2000,28566293.9
MEX,Mexico,North America,2001,28656235.9
MEX,Mexico,North America,2002,28700670.5
MEX,Mexico,North America,2003,28730965.4
MEX,Mexico,North America,2004,28761421.5
MEX,Mexico,North America,2005,28802157.200000003
MEX,Mexico,North America,2006,28862468.8
MEX,Mexico,North America,2007,28950983.0
MEX,Mexico,North America,2008,29060154.4
MEX,Mexico,North America,2009,29146049.200000003
MEX,Mexico,North America,2010,29194825.3
MEX,Mexico,North America,2011,29221691.3
MEX,Mexico,North America,2012,29238253.2
MEX,Mexico,North America,2013,29250680.6
MEX,Mexico,North America,2014,29254001.9
MEX,Mexico,North America,2015,29239239.6
MEX,Mexico,North America,2016,29226624.6
MEX,Mexico,North America,2017,29234499.5
MEX,Mexico,North America,2018,29254169.8
MEX,Mexico,North America,2019,29251600.000000004
MEX,Mexico,North America,2020,29184241.6
MEX,Mexico,North America,2021,29056826.5
MEX,Mexico,North America,2022,28892790.8
MEX,Mexico,North America,2023,28715206.700000003
MHL,Marshall Islands,Oceania,1995,18122.4
MHL,Marshall Islands,Oceania,1996,18170.8
MHL,Marshall Islands,Oceania,1997,18090.7
MHL,Marshall Islands,Oceania,1998,17890.899999999998
MHL,Marshall Islands,Oceania,1999,17604.999999999996
MHL,Marshall Islands,Oceania,2000,17279.800000000003
MHL,Marshall Islands,Oceania,2001,16959.600000000002
MHL,Marshall Islands,Oceania,2002,16673.9
MHL,Marshall Islands,Oceania,2003,16440.100000000002
MHL,Marshall Islands,Oceania,2004,16292.900000000003
MHL,Marshall Islands,Oceania,2005,16221.0
MHL,Marshall Islands,Oceania,2006,16149.1
MHL,Marshall Islands,Oceania,2007,16059.7
MHL,Marshall Islands,Oceania,2008,15988.2
MHL,Marshall Islands,Oceania,2009,15952.6
MHL,Marshall Islands,Oceania,2010,15972.5
MHL,Marshall Islands,Oceania,2011,15983.6
MHL,Marshall Islands,Oceania,2012,15898.1
MHL,Marshall Islands,Oceania,2013,15730.8
MHL,Marshall Islands,Oceania,2014,15521.7
MHL,Marshall Islands,Oceania,2015,15289.4
MHL,Marshall Islands,Oceania,2016,15000.7
MHL,Marshall Islands,Oceania,2017,14609.9
MHL,Marshall Islands,Oceania,2018,14119.5
MHL,Marshall Islands,Oceania,2019,13551.4
MHL,Marshall Islands,Oceania,2020,12944.8
MHL,Marshall Islands,Oceania,2021,12506.499999999998
MHL,Marshall Islands,Oceania,2022,12250.6
MHL,Marshall Islands,Oceania,2023,12001.8
MKD,North Macedonia,Europe,1995,435638.2
MKD,North Macedonia,Europe,1996,436318.0
MKD,North Macedonia,Europe,1997,437340.7
MKD,North Macedonia,Europe,1998,438141.6
MKD,North Macedonia,Europe,1999,437312.7
MKD,North Macedonia,Europe,2000,434166.2
MKD,North Macedonia,Europe,2001,429497.7
MKD,North Macedonia,Europe,2002,424776.2
MKD,North Macedonia,Europe,2003,420206.8
MKD,North Macedonia,Europe,2004,415029.3
MKD,North Macedonia,Europe,2005,409627.50000000006
MKD,North Macedonia,Europe,2006,403791.4
MKD,North Macedonia,Europe,2007,397344.6
MKD,North Macedonia,Europe,2008,390379.5
MKD,North Macedonia,Europe,2009,381779.7
MKD,North Macedonia,Europe,2010,371534.1
MKD,North Macedonia,Europe,2011,361275.3
MKD,North Macedonia,Europe,2012,351844.9
MKD,North Macedonia,Europe,2013,342964.10000000003
MKD,North Macedonia,Europe,2014,332314.3
MKD,North Macedonia,Europe,2015,320724.7
MKD,North Macedonia,Europe,2016,310105.4
MKD,North Macedonia,Europe,2017,300642.80000000005
MKD,North Macedonia,Europe,2018,293315.50000000006
MKD,North Macedonia,Europe,2019,287912.8
MKD,North Macedonia,Europe,2020,283403.5
MKD,North Macedonia,Europe,2021,280920.7
MKD,North Macedonia,Europe,2022,280181.9
MKD,North Macedonia,Europe,2023,278982.9
MLI,Mali,Africa,1995,3601873.8000000003
MLI,Mali,Africa,1996,3686141.7
MLI,Mali,Africa,1997,3772346.1
MLI,Mali,Africa,1998,3861695.6
MLI,Mali,Africa,1999,3954035.0
MLI,Mali,Africa,2000,4046072.9
MLI,Mali,Africa,2001,4138552.9
MLI,Mali,Africa,2002,4236902.600000001
MLI,Mali,Africa,2003,4344157.3
MLI,Mali,Africa,2004,4463297.7
MLI,Mali,Africa,2005,4594521.1
MLI,Mali,Africa,2006,4734733.9
MLI,Mali,Africa,2007,4885771.5
MLI,Mali,Africa,2008,5049872.600000001
MLI,Mali,Africa,2009,5227348.300000001
MLI,Mali,Africa,2010,5420469.800000001
MLI,Mali,Africa,2011,5625698.699999999
MLI,Mali,Africa,2012,5833365.8
MLI,Mali,Africa,2013,6050962.0
MLI,Mali,Africa,2014,6282130.9
MLI,Mali,Africa,2015,6521825.8
MLI,Mali,Africa,2016,6770821.3
MLI,Mali,Africa,2017,7024366.399999999
MLI,Mali,Africa,2018,7275609.6
MLI,Mali,Africa,2019,7521633.899999999
MLI,Mali,Africa,2020,7766948.4
MLI,Mali,Africa,2021,8012562.8
MLI,Mali,Africa,2022,8255777.899999999
MLI,Mali,Africa,2023,8493031.4
MLT,Malta,Europe,1995,75819.8
MLT,Malta,Europe,1996,75837.2
MLT,Malta,Europe,1997,75732.5
MLT,Malta,Europe,1998,75472.09999999999
MLT,Malta,Europe,1999,74922.2
MLT,Malta,Europe,2000,74203.59999999999
MLT,Malta,Europe,2001,73474.09999999999
MLT,Malta,Europe,2002,72594.40000000001
MLT,Malta,Europe,2003,71569.0
MLT,Malta,Europe,2004,70396.1
MLT,Malta,Europe,2005,69151.8
MLT,Malta,Europe,2006,67789.4
MLT,Malta,Europe,2007,66200.2
MLT,Malta,Europe,2008,64468.8
MLT,Malta,Europe,2009,62627.7
MLT,Malta,Europe,2010,60824.19999999999
MLT,Malta,Europe,2011,59131.4
MLT,Malta,Europe,2012,57585.100000000006
MLT,Malta,Europe,2013,56343.9
MLT,Malta,Europe,2014,55957.2
MLT,Malta,Europe,2015,56113.5
MLT,Malta,Europe,2016,56264.4
MLT,Malta,Europe,2017,56627.1
MLT,Malta,Europe,2018,57117.09999999999
MLT,Malta,Europe,2019,57943.2
MLT,Malta,Europe,2020,58881.00000000001
MLT,Malta,Europe,2021,59674.1
MLT,Malta,Europe,2022,60379.09999999999
MLT,Malta,Europe,2023,61151.4
MMR,Myanmar,Asia,1995,12340059.9
MMR,Myanmar,Asia,1996,12379096.5
MMR,Myanmar,Asia,1997,12410218.499999998
MMR,Myanmar,Asia,1998,12426903.6
MMR,Myanmar,Asia,1999,12427939.9
MMR,Myanmar,Asia,2000,12417639.500000002
MMR,Myanmar,Asia,2001,12403238.000000002
MMR,Myanmar,Asia,2002,12382739.5
MMR,Myanmar,Asia,2003,12350610.2
MMR,Myanmar,Asia,2004,12306947.1
MMR,Myanmar,Asia,2005,12261591.200000005
MMR,Myanmar,Asia,2006,12228958.6
MMR,Myanmar,Asia,2007,12214563.8
MMR,Myanmar,Asia,2008,12187989.699999996
MMR,Myanmar,Asia,2009,12146876.2
MMR,Myanmar,Asia,2010,12107218.3
MMR,Myanmar,Asia,2011,12058743.8
MMR,Myanmar,Asia,2012,12006975.999999998
MMR,Myanmar,Asia,2013,11952162.2
MMR,Myanmar,Asia,2014,11895046.4
MMR,Myanmar,Asia,2015,11836029.7
MMR,Myanmar,Asia,2016,11772238.199999996
MMR,Myanmar,Asia,2017,11704510.8
MMR,Myanmar,Asia,2018,11640529.6
MMR,Myanmar,Asia,2019,11589606.1
MMR,Myanmar,Asia,2020,11555759.499999998
MMR,Myanmar,Asia,2021,11535689.599999998
MMR,Myanmar,Asia,2022,11516652.5
MMR,Myanmar,Asia,2023,11497495.8
MNE,Montenegro,Europe,1995,134992.19999999998
MNE,Montenegro,Europe,1996,133958.30000000002
MNE,Montenegro,Europe,1997,132584.1
MNE,Montenegro,Europe,1998,130942.9
MNE,Montenegro,Europe,1999,129129.8
MNE,Montenegro,Europe,2000,127260.1
MNE,Montenegro,Europe,2001,125303.4
MNE,Montenegro,Europe,2002,123093.1
MNE,Montenegro,Europe,2003,120649.4
MNE,Montenegro,Europe,2004,118281.6
MNE,Montenegro,Europe,2005,116247.9
MNE,Montenegro,Europe,2006,114605.9
MNE,Montenegro,Europe,2007,113191.9
MNE,Montenegro,Europe,2008,111868.0
MNE,Montenegro,Europe,2009,110527.9
MNE,Montenegro,Europe,2010,108899.4
MNE,Montenegro,Europe,2011,107278.8
MNE,Montenegro,Europe,2012,105934.4
MNE,Montenegro,Europe,2013,104853.2
MNE,Montenegro,Europe,2014,103992.0
MNE,Montenegro,Europe,2015,102982.6
MNE,Montenegro,Europe,2016,101681.1
MNE,Montenegro,Europe,2017,100460.3
MNE,Montenegro,Europe,2018,99566.30000000002
MNE,Montenegro,Europe,2019,98997.0
MNE,Montenegro,Europe,2020,98593.1
MNE,Montenegro,Europe,2021,98191.0
MNE,Montenegro,Europe,2022,99938.0
MNE,Montenegro,Europe,2023,102526.7
MNG,Mongolia,Asia,1995,764473.8
MNG,Mongolia,Asia,1996,772634.3
MNG,Mongolia,Asia,1997,778065.1
MNG,Mongolia,Asia,1998,780796.5999999999
MNG,Mongolia,Asia,1999,780811.0
MNG,Mongolia,Asia,2000,776896.6
MNG,Mongolia,Asia,2001,769044.0000000001
MNG,Mongolia,Asia,2002,758586.8
MNG,Mongolia,Asia,2003,745712.7
MNG,Mongolia,Asia,2004,730365.7
MNG,Mongolia,Asia,2005,713513.5
MNG,Mongolia,Asia,2006,696037.9
MNG,Mongolia,Asia,2007,677921.7
MNG,Mongolia,Asia,2008,659712.3
MNG,Mongolia,Asia,2009,642356.1
MNG,Mongolia,Asia,2010,627433.6000000001
MNG,Mongolia,Asia,2011,618713.9
MNG,Mongolia,Asia,2012,617549.2000000001
MNG,Mongolia,Asia,2013,622985.7
MNG,Mongolia,Asia,2014,635914.0
MNG,Mongolia,Asia,2015,656382.0
MNG,Mongolia,Asia,2016,679711.8
MNG,Mongolia,Asia,2017,706027.5
MNG,Mongolia,Asia,2018,739940.7999999999
MNG,Mongolia,Asia,2019,779422.5
MNG,Mongolia,Asia,2020,819533.2000000001
MNG,Mongolia,Asia,2021,856877.7999999999
MNG,Mongolia,Asia,2022,889711.1
MNG,Mongolia,Asia,2023,917227.4
MNP,Northern Mariana Islands,Oceania,1995,10033.9
MNP,Northern Mariana Islands,Oceania,1996,10738.9
MNP,Northern Mariana Islands,Oceania,1997,11362.6
MNP,Northern Mariana Islands,Oceania,1998,11775.3
MNP,Northern Mariana Islands,Oceania,1999,12039.3
MNP,Northern Mariana Islands,Oceania,2000,12129.3
MNP,Northern Mariana Islands,Oceania,2001,12115.9
MNP,Northern Mariana Islands,Oceania,2002,12139.4
MNP,Northern Mariana Islands,Oceania,2003,12198.500000000002
MNP,Northern Mariana Islands,Oceania,2004,12261.999999999998
MNP,Northern Mariana Islands,Oceania,2005,12372.1
MNP,Northern Mariana Islands,Oceania,2006,12493.9
MNP,Northern Mariana Islands,Oceania,2007,12517.3
MNP,Northern Mariana Islands,Oceania,2008,12435.1
MNP,Northern Mariana Islands,Oceania,2009,12261.8
MNP,Northern Mariana Islands,Oceania,2010,12039.2
MNP,Northern Mariana Islands,Oceania,2011,11810.9
MNP,Northern Mariana Islands,Oceania,2012,11588.8
MNP,Northern Mariana Islands,Oceania,2013,11384.5
MNP,Northern Mariana Islands,Oceania,2014,11212.2
MNP,Northern Mariana Islands,Oceania,2015,11080.1
MNP,Northern Mariana Islands,Oceania,2016,10961.5
MNP,Northern Mariana Islands,Oceania,2017,10814.600000000002
MNP,Northern Mariana Islands,Oceania,2018,10630.8
MNP,Northern Mariana Islands,Oceania,2019,10411.0
MNP,Northern Mariana Islands,Oceania,2020,10216.2
MNP,Northern Mariana Islands,Oceania,2021,10010.1
MNP,Northern Mariana Islands,Oceania,2022,9735.7
MNP,Northern Mariana Islands,Oceania,2023,9436.1
MOZ,Mozambique,Africa,1995,5398835.4
MOZ,Mozambique,Africa,1996,5574324.1
MOZ,Mozambique,Africa,1997,5733520.399999999
MOZ,Mozambique,Africa,1998,5874426.1
MOZ,Mozambique,Africa,1999,6012512.6
MOZ,Mozambique,Africa,2000,6150491.399999999
MOZ,Mozambique,Africa,2001,6298015.4
MOZ,Mozambique,Africa,2002,6458395.399999999
MOZ,Mozambique,Africa,2003,6628478.899999999
MOZ,Mozambique,Africa,2004,6806720.9
MOZ,Mozambique,Africa,2005,6991410.600000001
MOZ,Mozambique,Africa,2006,7179540.600000001
MOZ,Mozambique,Africa,2007,7369207.6
MOZ,Mozambique,Africa,2008,7560593.5
MOZ,Mozambique,Africa,2009,7755564.399999999
MOZ,Mozambique,Africa,2010,7955183.3
MOZ,Mozambique,Africa,2011,8160506.7
MOZ,Mozambique,Africa,2012,8375306.399999999
MOZ,Mozambique,Africa,2013,8610732.6
MOZ,Mozambique,Africa,2014,8872763.6
MOZ,Mozambique,Africa,2015,9151841.6
MOZ,Mozambique,Africa,2016,9439003.0
MOZ,Mozambique,Africa,2017,9732864.0
MOZ,Mozambique,Africa,2018,10031103.7
MOZ,Mozambique,Africa,2019,10327771.4
MOZ,Mozambique,Africa,2020,10626514.6
MOZ,Mozambique,Africa,2021,10933816.599999998
MOZ,Mozambique,Africa,2022,11248050.500000002
MOZ,Mozambique,Africa,2023,11564771.7
MRT,Mauritania,Africa,1995,773722.1
MRT,Mauritania,Africa,1996,791903.4999999999
MRT,Mauritania,Africa,1997,811923.1
MRT,Mauritania,Africa,1998,835146.1
MRT,Mauritania,Africa,1999,860888.6
MRT,Mauritania,Africa,2000,887782.6
MRT,Mauritania,Africa,2001,913241.7
MRT,Mauritania,Africa,2002,936450.9
MRT,Mauritania,Africa,2003,958694.0
MRT,Mauritania,Africa,2004,980571.6
MRT,Mauritania,Africa,2005,1002873.9
MRT,Mauritania,Africa,2006,1026316.5
MRT,Mauritania,Africa,2007,1050728.4
MRT,Mauritania,Africa,2008,1073018.3
MRT,Mauritania,Africa,2009,1094887.0
MRT,Mauritania,Africa,2010,1121171.3
MRT,Mauritania,Africa,2011,1152425.5
MRT,Mauritania,Africa,2012,1188731.7
MRT,Mauritania,Africa,2013,1229149.6
MRT,Mauritania,Africa,2014,1272037.5
MRT,Mauritania,Africa,2015,1316530.2999999998
MRT,Mauritania,Africa,2016,1362594.7000000002
MRT,Mauritania,Africa,2017,1410187.6
MRT,Mauritania,Africa,2018,1457388.9
MRT,Mauritania,Africa,2019,1503432.5
MRT,Mauritania,Africa,2020,1549474.9
MRT,Mauritania,Africa,2021,1595340.9
MRT,Mauritania,Africa,2022,1641042.6000000003
MRT,Mauritania,Africa,2023,1686302.2999999998
MSR,Montserrat,North America,1995,1749.6
MSR,Montserrat,North America,1996,1568.3
MSR,Montserrat,North America,1997,1392.1
MSR,Montserrat,North America,1998,1213.1
MSR,Montserrat,North America,1999,1038.4
MSR,Montserrat,North America,2000,871.8
MSR,Montserrat,North America,2001,767.8999999999999
MSR,Montserrat,North America,2002,754.3999999999999
MSR,Montserrat,North America,2003,768.9999999999999
MSR,Montserrat,North America,2004,780.3
MSR,Montserrat,North America,2005,793.4
MSR,Montserrat,North America,2006,807.3000000000001
MSR,Montserrat,North America,2007,819.3
MSR,Montserrat,North America,2008,828.8999999999999
MSR,Montserrat,North America,2009,838.3000000000001
MSR,Montserrat,North America,2010,850.0000000000001
MSR,Montserrat,North America,2011,850.8000000000001
MSR,Montserrat,North America,2012,834.4
MSR,Montserrat,North America,2013,814.3000000000001
MSR,Montserrat,North America,2014,792.7
MSR,Montserrat,North America,2015,770.3
MSR,Montserrat,North America,2016,746.8
MSR,Montserrat,North America,2017,724.7999999999998
MSR,Montserrat,North America,2018,708.7000000000002
MSR,Montserrat,North America,2019,691.6999999999999
MSR,Montserrat,North America,2020,675.9
MSR,Montserrat,North America,2021,664.5
MSR,Montserrat,North America,2022,655.4
MSR,Montserrat,North America,2023,652.2
MTQ,Martinique,North America,1995,87313.09999999999
MTQ,Martinique,North America,1996,89068.4
MTQ,Martinique,North America,1997,90642.8
MTQ,Martinique,North America,1998,91851.3
MTQ,Martinique,North America,1999,91470.2
MTQ,Martinique,North America,2000,89311.6
MTQ,Martinique,North America,2001,86506.6
MTQ,Martinique,North America,2002,83482.3
MTQ,Martinique,North America,2003,80935.59999999999
MTQ,Martinique,North America,2004,79368.09999999999
MTQ,Martinique,North America,2005,78493.8
MTQ,Martinique,North America,2006,77515.2
MTQ,Martinique,North America,2007,76393.0
MTQ,Martinique,North America,2008,75263.5
MTQ,Martinique,North America,2009,73651.1
MTQ,Martinique,North America,2010,71931.6
MTQ,Martinique,North America,2011,70514.8
MTQ,Martinique,North America,2012,69247.7
MTQ,Martinique,North America,2013,68054.2
MTQ,Martinique,North America,2014,66749.5
MTQ,Martinique,North America,2015,65099.8
MTQ,Martinique,North America,2016,62914.8
MTQ,Martinique,North America,2017,59743.7
MTQ,Martinique,North America,2018,56370.5
MTQ,Martinique,North America,2019,54058.6
MTQ,Martinique,North America,2020,52474.00000000001
MTQ,Martinique,North America,2021,51136.1
MTQ,Martinique,North America,2022,49760.0
MTQ,Martinique,North America,2023,48400.8
MUS,Mauritius,Africa,1995,276370.2
MUS,Mauritius,Africa,1996,275965.3
MUS,Mauritius,Africa,1997,275851.6
MUS,Mauritius,Africa,1998,275918.8
MUS,Mauritius,Africa,1999,275561.10000000003
MUS,Mauritius,Africa,2000,274509.4
MUS,Mauritius,Africa,2001,273046.0
MUS,Mauritius,Africa,2002,271516.0
MUS,Mauritius,Africa,2003,269509.5
MUS,Mauritius,Africa,2004,267906.5
MUS,Mauritius,Africa,2005,266789.8
MUS,Mauritius,Africa,2006,265021.6
MUS,Mauritius,Africa,2007,262842.0
MUS,Mauritius,Africa,2008,260281.4
MUS,Mauritius,Africa,2009,257444.00000000003
MUS,Mauritius,Africa,2010,254294.3
MUS,Mauritius,Africa,2011,250271.8
MUS,Mauritius,Africa,2012,245984.1
MUS,Mauritius,Africa,2013,241911.9
MUS,Mauritius,Africa,2014,237391.9
MUS,Mauritius,Africa,2015,232527.4
MUS,Mauritius,Africa,2016,227632.6
MUS,Mauritius,Africa,2017,222540.1
MUS,Mauritius,Africa,2018,217210.7
MUS,Mauritius,Africa,2019,211346.4
MUS,Mauritius,Africa,2020,204976.4
MUS,Mauritius,Africa,2021,198415.7
MUS,Mauritius,Africa,2022,191857.4
MUS,Mauritius,Africa,2023,185584.5
MWI,Malawi,Africa,1995,3416425.2
MWI,Malawi,Africa,1996,3504070.6
MWI,Malawi,Africa,1997,3594886.9000000004
MWI,Malawi,Africa,1998,3691970.6
MWI,Malawi,Africa,1999,3792451.600000001
MWI,Malawi,Africa,2000,3891591.8
MWI,Malawi,Africa,2001,3990109.5
MWI,Malawi,Africa,2002,4089769.4
MWI,Malawi,Africa,2003,4193320.1
MWI,Malawi,Africa,2004,4301771.1
MWI,Malawi,Africa,2005,4413294.600000001
MWI,Malawi,Africa,2006,4528497.499999999
MWI,Malawi,Africa,2007,4651668.6
MWI,Malawi,Africa,2008,4788230.3
MWI,Malawi,Africa,2009,4940470.4
MWI,Malawi,Africa,2010,5106272.9
MWI,Malawi,Africa,2011,5282933.100000001
MWI,Malawi,Africa,2012,5466155.800000001
MWI,Malawi,Africa,2013,5651870.199999999
MWI,Malawi,Africa,2014,5837702.600000001
MWI,Malawi,Africa,2015,6021473.3
MWI,Malawi,Africa,2016,6201383.8
MWI,Malawi,Africa,2017,6373256.399999999
MWI,Malawi,Africa,2018,6533968.300000001
MWI,Malawi,Africa,2019,6681843.600000001
MWI,Malawi,Africa,2020,6814473.2
MWI,Malawi,Africa,2021,6931725.3
MWI,Malawi,Africa,2022,7037228.100000001
MWI,Malawi,Africa,2023,7135342.899999999
MYS,Malaysia,Asia,1995,5911278.6
MYS,Malaysia,Asia,1996,6017891.8
MYS,Malaysia,Asia,1997,6135668.4
MYS,Malaysia,Asia,1998,6266243.8
MYS,Malaysia,Asia,1999,6405725.9
MYS,Malaysia,Asia,2000,6556396.1
MYS,Malaysia,Asia,2001,6716148.6
MYS,Malaysia,Asia,2002,6860072.4
MYS,Malaysia,Asia,2003,6972895.5
MYS,Malaysia,Asia,2004,7053916.100000001
MYS,Malaysia,Asia,2005,7109579.300000001
MYS,Malaysia,Asia,2006,7151693.600000001
MYS,Malaysia,Asia,2007,7182696.100000001
MYS,Malaysia,Asia,2008,7196983.199999999
MYS,Malaysia,Asia,2009,7194561.899999999
MYS,Malaysia,Asia,2010,7192925.7
MYS,Malaysia,Asia,2011,7206640.600000001
MYS,Malaysia,Asia,2012,7222998.100000001
MYS,Malaysia,Asia,2013,7224632.000000001
MYS,Malaysia,Asia,2014,7212955.300000001
MYS,Malaysia,Asia,2015,7204188.0
MYS,Malaysia,Asia,2016,7207366.2
MYS,Malaysia,Asia,2017,7224694.0
MYS,Malaysia,Asia,2018,7251573.799999999
MYS,Malaysia,Asia,2019,7284481.2
MYS,Malaysia,Asia,2020,7303162.6
MYS,Malaysia,Asia,2021,7305717.500000001
MYS,Malaysia,Asia,2022,7300456.3
MYS,Malaysia,Asia,2023,7269451.4
MYT,Mayotte,Africa,1995,38617.0
MYT,Mayotte,Africa,1996,40796.5
MYT,Mayotte,Africa,1997,43006.4
MYT,Mayotte,Africa,1998,45236.99999999999
MYT,Mayotte,Africa,1999,47576.4
MYT,Mayotte,Africa,2000,50062.0
MYT,Mayotte,Africa,2001,52653.3
MYT,Mayotte,Africa,2002,55200.6
MYT,Mayotte,Africa,2003,57523.3
MYT,Mayotte,Africa,2004,59259.4
MYT,Mayotte,Africa,2005,60508.3
MYT,Mayotte,Africa,2006,61730.600000000006
MYT,Mayotte,Africa,2007,63109.5
MYT,Mayotte,Africa,2008,64875.9
MYT,Mayotte,Africa,2009,67037.59999999999
MYT,Mayotte,Africa,2010,69472.9
MYT,Mayotte,Africa,2011,72086.7
MYT,Mayotte,Africa,2012,74687.4
MYT,Mayotte,Africa,2013,77128.8
MYT,Mayotte,Africa,2014,79596.79999999999
MYT,Mayotte,Africa,2015,82396.0
MYT,Mayotte,Africa,2016,85770.0
MYT,Mayotte,Africa,2017,89417.9
MYT,Mayotte,Africa,2018,91589.1
MYT,Mayotte,Africa,2019,93592.4
MYT,Mayotte,Africa,2020,96814.6
MYT,Mayotte,Africa,2021,100243.2
MYT,Mayotte,Africa,2022,103937.4
MYT,Mayotte,Africa,2023,107447.6
NAM,Namibia,Africa,1995,514437.0
NAM,Namibia,Africa,1996,535199.2000000001
NAM,Namibia,Africa,1997,555696.7999999999
NAM,Namibia,Africa,1998,575235.7
NAM,Namibia,Africa,1999,593549.3
NAM,Namibia,Africa,2000,609784.7000000001
NAM,Namibia,Africa,2001,622563.7
NAM,Namibia,Africa,2002,632163.3
NAM,Namibia,Africa,2003,639940.0
NAM,Namibia,Africa,2004,646571.5
NAM,Namibia,Africa,2005,651050.6
NAM,Namibia,Africa,2006,652891.0
NAM,Namibia,Africa,2007,652830.6
NAM,Namibia,Africa,2008,651363.5999999999
NAM,Namibia,Africa,2009,649287.0
NAM,Namibia,Africa,2010,646860.2
NAM,Namibia,Africa,2011,645814.6
NAM,Namibia,Africa,2012,649935.7999999999
NAM,Namibia,Africa,2013,658537.2
NAM,Namibia,Africa,2014,669180.8
NAM,Namibia,Africa,2015,683022.2000000001
NAM,Namibia,Africa,2016,700068.1000000001
NAM,Namibia,Africa,2017,718774.8999999999
NAM,Namibia,Africa,2018,738717.1000000001
NAM,Namibia,Africa,2019,759641.7
NAM,Namibia,Africa,2020,782035.8
NAM,Namibia,Africa,2021,807137.5999999999
NAM,Namibia,Africa,2022,834833.2000000001
NAM,Namibia,Africa,2023,861532.7
NCL,New Caledonia,Oceania,1995,51490.4
NCL,New Caledonia,Oceania,1996,52148.6
NCL,New Caledonia,Oceania,1997,52929.100000000006
NCL,New Caledonia,Oceania,1998,53768.9
NCL,New Caledonia,Oceania,1999,54599.8
NCL,New Caledonia,Oceania,2000,55454.3
NCL,New Caledonia,Oceania,2001,56364.99999999999
NCL,New Caledonia,Oceania,2002,57335.1
NCL,New Caledonia,Oceania,2003,58218.09999999999
NCL,New Caledonia,Oceania,2004,58961.7
NCL,New Caledonia,Oceania,2005,59591.0
NCL,New Caledonia,Oceania,2006,59736.8
NCL,New Caledonia,Oceania,2007,59468.5
NCL,New Caledonia,Oceania,2008,59204.0
NCL,New Caledonia,Oceania,2009,59044.5
NCL,New Caledonia,Oceania,2010,59026.40000000001
NCL,New Caledonia,Oceania,2011,59099.0
NCL,New Caledonia,Oceania,2012,59274.4
NCL,New Caledonia,Oceania,2013,59582.9
NCL,New Caledonia,Oceania,2014,59794.3
NCL,New Caledonia,Oceania,2015,59414.9
NCL,New Caledonia,Oceania,2016,58607.1
NCL,New Caledonia,Oceania,2017,57837.7
NCL,New Caledonia,Oceania,2018,57108.9
NCL,New Caledonia,Oceania,2019,56349.6
NCL,New Caledonia,Oceania,2020,55601.7
NCL,New Caledonia,Oceania,2021,54929.7
NCL,New Caledonia,Oceania,2022,54562.8
NCL,New Caledonia,Oceania,2023,54461.4
NER,Niger,Africa,1995,3218278.1
NER,Niger,Africa,1996,3322371.4999999995
NER,Niger,Africa,1997,3431766.4
NER,Niger,Africa,1998,3548377.5
NER,Niger,Africa,1999,3672915.3
NER,Niger,Africa,2000,3806777.8
NER,Niger,Africa,2001,3951936.100000001
NER,Niger,Africa,2002,4108769.6
NER,Niger,Africa,2003,4278175.4
NER,Niger,Africa,2004,4460475.7
NER,Niger,Africa,2005,4654185.799999999
NER,Niger,Africa,2006,4858993.3
NER,Niger,Africa,2007,5074947.299999999
NER,Niger,Africa,2008,5301881.7
NER,Niger,Africa,2009,5539629.699999999
NER,Niger,Africa,2010,5786871.199999999
NER,Niger,Africa,2011,6042222.199999999
NER,Niger,Africa,2012,6306521.199999999
NER,Niger,Africa,2013,6577306.1
NER,Niger,Africa,2014,6852744.1
NER,Niger,Africa,2015,7134067.8
NER,Niger,Africa,2016,7418553.0
NER,Niger,Africa,2017,7702670.5
NER,Niger,Africa,2018,7987092.3
NER,Niger,Africa,2019,8271867.700000001
NER,Niger,Africa,2020,8556032.200000001
NER,Niger,Africa,2021,8839240.799999999
NER,Niger,Africa,2022,9118454.0
NER,Niger,Africa,2023,9390933.6
NGA,Nigeria,Africa,1995,36919620.0
NGA,Nigeria,Africa,1996,37746365.900000006
NGA,Nigeria,Africa,1997,38576840.4
NGA,Nigeria,Africa,1998,39418829.0
NGA,Nigeria,Africa,1999,40291421.6
NGA,Nigeria,Africa,2000,41224145.5
NGA,Nigeria,Africa,2001,42216823.7
NGA,Nigeria,Africa,2002,43251790.2
NGA,Nigeria,Africa,2003,44321298.4
NGA,Nigeria,Africa,2004,45461890.6
NGA,Nigeria,Africa,2005,46724108.6
NGA,Nigeria,Africa,2006,48103095.2
NGA,Nigeria,Africa,2007,49573885.3
NGA,Nigeria,Africa,2008,51119475.9
NGA,Nigeria,Africa,2009,52721016.6
NGA,Nigeria,Africa,2010,54380595.0
NGA,Nigeria,Africa,2011,56105276.2
NGA,Nigeria,Africa,2012,57881082.3
NGA,Nigeria,Africa,2013,59707035.1
NGA,Nigeria,Africa,2014,61563203.30000001
NGA,Nigeria,Africa,2015,63402690.7
NGA,Nigeria,Africa,2016,65240733.8
NGA,Nigeria,Africa,2017,67078139.4
NGA,Nigeria,Africa,2018,68866696.5
NGA,Nigeria,Africa,2019,70597251.2
NGA,Nigeria,Africa,2020,72233659.9
NGA,Nigeria,Africa,2021,73714171.6
NGA,Nigeria,Africa,2022,75034361.39999999
NGA,Nigeria,Africa,2023,76202732.5
NIC,Nicaragua,North America,1995,1655214.2
NIC,Nicaragua,North America,1996,1673939.4
NIC,Nicaragua,North America,1997,1685708.2
NIC,Nicaragua,North America,1998,1694089.5
NIC,Nicaragua,North America,1999,1699303.7
NIC,Nicaragua,North America,2000,1701665.6
NIC,Nicaragua,North America,2001,1701548.4999999998
NIC,Nicaragua,North America,2002,1699152.9
NIC,Nicaragua,North America,2003,1694406.8000000005
NIC,Nicaragua,North America,2004,1688244.7000000002
NIC,Nicaragua,North America,2005,1683017.6
NIC,Nicaragua,North America,2006,1681668.9
NIC,Nicaragua,North America,2007,1681564.0
NIC,Nicaragua,North America,2008,1679985.2000000002
NIC,Nicaragua,North America,2009,1678518.9
NIC,Nicaragua,North America,2010,1678229.9
NIC,Nicaragua,North America,2011,1678436.6
NIC,Nicaragua,North America,2012,1678821.6
NIC,Nicaragua,North America,2013,1680119.1
NIC,Nicaragua,North America,2014,1682309.1
NIC,Nicaragua,North America,2015,1685529.4999999998
NIC,Nicaragua,North America,2016,1689499.1
NIC,Nicaragua,North America,2017,1694328.8
NIC,Nicaragua,North America,2018,1699716.7
NIC,Nicaragua,North America,2019,1704724.6
NIC,Nicaragua,North America,2020,1709483.7
NIC,Nicaragua,North America,2021,1714322.0
NIC,Nicaragua,North America,2022,1719168.2
NIC,Nicaragua,North America,2023,1723182.0
NIU,Niue,Oceania,1995,606.8
NIU,Niue,Oceania,1996,584.8
NIU,Niue,Oceania,1997,563.6999999999999
NIU,Niue,Oceania,1998,537.3
NIU,Niue,Oceania,1999,508.0
NIU,Niue,Oceania,2000,478.3
NIU,Niue,Oceania,2001,451.4
NIU,Niue,Oceania,2002,433.9
NIU,Niue,Oceania,2003,425.7
NIU,Niue,Oceania,2004,415.5
NIU,Niue,Oceania,2005,402.2
NIU,Niue,Oceania,2006,388.4
NIU,Niue,Oceania,2007,378.5
NIU,Niue,Oceania,2008,376.3
NIU,Niue,Oceania,2009,376.9
NIU,Niue,Oceania,2010,379.5
NIU,Niue,Oceania,2011,382.1
NIU,Niue,Oceania,2012,382.6
NIU,Niue,Oceania,2013,384.5
NIU,Niue,Oceania,2014,387.5
NIU,Niue,Oceania,2015,390.5
NIU,Niue,Oceania,2016,395.7
NIU,Niue,Oceania,2017,400.6
NIU,Niue,Oceania,2018,402.0
NIU,Niue,Oceania,2019,399.3
NIU,Niue,Oceania,2020,396.9
NIU,Niue,Oceania,2021,395.8
NIU,Niue,Oceania,2022,393.9
NIU,Niue,Oceania,2023,391.5
NLD,Netherlands,Europe,1995,2445341.3
NLD,Netherlands,Europe,1996,2468739.0
NLD,Netherlands,Europe,1997,2495044.6
NLD,Netherlands,Europe,1998,2522735.0
NLD,Netherlands,Europe,1999,2550155.3000000003
NLD,Netherlands,Europe,2000,2572450.9
NLD,Netherlands,Europe,2001,2588825.6
NLD,Netherlands,Europe,2002,2603097.1
NLD,Netherlands,Europe,2003,2617112.4
NLD,Netherlands,Europe,2004,2627975.0000000005
NLD,Netherlands,Europe,2005,2634287.2
NLD,Netherlands,Europe,2006,2636402.6
NLD,Netherlands,Europe,2007,2636412.2
NLD,Netherlands,Europe,2008,2638683.2
NLD,Netherlands,Europe,2009,2639419.9
NLD,Netherlands,Europe,2010,2632805.0000000005
NLD,Netherlands,Europe,2011,2620685.7
NLD,Netherlands,Europe,2012,2605517.0000000005
NLD,Netherlands,Europe,2013,2590279.6
NLD,Netherlands,Europe,2014,2577545.6
NLD,Netherlands,Europe,2015,2568219.6
NLD,Netherlands,Europe,2016,2563809.9000000004
NLD,Netherlands,Europe,2017,2559064.9
NLD,Netherlands,Europe,2018,2545853.4
NLD,Netherlands,Europe,2019,2530602.2
NLD,Netherlands,Europe,2020,2510319.6
NLD,Netherlands,Europe,2021,2486884.5
NLD,Netherlands,Europe,2022,2476744.3000000003
NLD,Netherlands,Europe,2023,2467040.9
NOR,Norway,Europe,1995,707165.4
NOR,Norway,Europe,1996,715139.7
NOR,Norway,Europe,1997,724586.3999999999
NOR,Norway,Europe,1998,734586.0
NOR,Norway,Europe,1999,745560.2
NOR,Norway,Europe,2000,756299.6000000001
NOR,Norway,Europe,2001,765945.1
NOR,Norway,Europe,2002,775906.2999999999
NOR,Norway,Europe,2003,784246.0999999999
NOR,Norway,Europe,2004,790554.4
NOR,Norway,Europe,2005,796254.5
NOR,Norway,Europe,2006,800010.7000000001
NOR,Norway,Europe,2007,802001.8
NOR,Norway,Europe,2008,804093.2000000001
NOR,Norway,Europe,2009,806144.2000000001
NOR,Norway,Europe,2010,807031.2999999999
NOR,Norway,Europe,2011,807425.1000000001
NOR,Norway,Europe,2012,808803.1000000001
NOR,Norway,Europe,2013,812111.9000000001
NOR,Norway,Europe,2014,817057.4999999999
NOR,Norway,Europe,2015,822178.1
NOR,Norway,Europe,2016,826940.4999999999
NOR,Norway,Europe,2017,830874.1
NOR,Norway,Europe,2018,832453.2999999999
NOR,Norway,Europe,2019,831802.2000000001
NOR,Norway,Europe,2020,829774.1
NOR,Norway,Europe,2021,827746.5
NOR,Norway,Europe,2022,830315.0999999999
NOR,Norway,Europe,2023,832378.2
NPL,Nepal,Asia,1995,7032594.999999999
NPL,Nepal,Asia,1996,7211677.500000001
NPL,Nepal,Asia,1997,7396111.0
NPL,Nepal,Asia,1998,7589571.5
NPL,Nepal,Asia,1999,7788954.7
NPL,Nepal,Asia,2000,7988538.1
NPL,Nepal,Asia,2001,8176803.899999999
NPL,Nepal,Asia,2002,8330675.600000001
NPL,Nepal,Asia,2003,8451459.1
NPL,Nepal,Asia,2004,8551882.2
NPL,Nepal,Asia,2005,8634018.899999999
NPL,Nepal,Asia,2006,8694561.700000001
NPL,Nepal,Asia,2007,8729187.1
NPL,Nepal,Asia,2008,8737426.0
NPL,Nepal,Asia,2009,8719780.9
NPL,Nepal,Asia,2010,8675735.3
NPL,Nepal,Asia,2011,8617754.1
NPL,Nepal,Asia,2012,8552978.0
NPL,Nepal,Asia,2013,8468152.0
NPL,Nepal,Asia,2014,8365440.1
NPL,Nepal,Asia,2015,8252328.599999999
NPL,Nepal,Asia,2016,8128369.1
NPL,Nepal,Asia,2017,8006429.199999998
NPL,Nepal,Asia,2018,7899335.8
NPL,Nepal,Asia,2019,7812387.300000001
NPL,Nepal,Asia,2020,7745389.3
NPL,Nepal,Asia,2021,7699538.3
NPL,Nepal,Asia,2022,7634775.1
NPL,Nepal,Asia,2023,7535621.999999999
NRU,Nauru,Oceania,1995,3348.4
NRU,Nauru,Oceania,1996,3358.3
NRU,Nauru,Oceania,1997,3351.0000000000005
NRU,Nauru,Oceania,1998,3330.5999999999995
NRU,Nauru,Oceania,1999,3303.0
NRU,Nauru,Oceania,2000,3273.5000000000005
NRU,Nauru,Oceania,2001,3245.9
NRU,Nauru,Oceania,2002,3223.9
NRU,Nauru,Oceania,2003,3197.2
NRU,Nauru,Oceania,2004,3152.4
NRU,Nauru,Oceania,2005,3090.0000000000005
NRU,Nauru,Oceania,2006,3016.3
NRU,Nauru,Oceania,2007,2935.2
NRU,Nauru,Oceania,2008,2858.3
NRU,Nauru,Oceania,2009,2798.1
NRU,Nauru,Oceania,2010,2748.9999999999995
NRU,Nauru,Oceania,2011,2723.4
NRU,Nauru,Oceania,2012,2773.8
NRU,Nauru,Oceania,2013,2883.2000000000003
NRU,Nauru,Oceania,2014,3003.4
NRU,Nauru,Oceania,2015,3126.9
NRU,Nauru,Oceania,2016,3244.0
NRU,Nauru,Oceania,2017,3344.8
NRU,Nauru,Oceania,2018,3424.6
NRU,Nauru,Oceania,2019,3485.9
NRU,Nauru,Oceania,2020,3544.2
NRU,Nauru,Oceania,2021,3613.0
NRU,Nauru,Oceania,2022,3681.000000000001
NRU,Nauru,Oceania,2023,3731.0
NZL,New Zealand,Oceania,1995,712542.2000000001
NZL,New Zealand,Oceania,1996,726567.9
NZL,New Zealand,Oceania,1997,739130.8999999999
NZL,New Zealand,Oceania,1998,748224.0999999999
NZL,New Zealand,Oceania,1999,754416.3999999999
NZL,New Zealand,Oceania,2000,759089.8999999999
NZL,New Zealand,Oceania,2001,764950.1
NZL,New Zealand,Oceania,2002,774333.7
NZL,New Zealand,Oceania,2003,783496.4
NZL,New Zealand,Oceania,2004,788089.7999999999
NZL,New Zealand,Oceania,2005,789579.2000000001
NZL,New Zealand,Oceania,2006,789605.2999999999
NZL,New Zealand,Oceania,2007,787758.8999999999
NZL,New Zealand,Oceania,2008,785380.5000000001
NZL,New Zealand,Oceania,2009,784282.3
NZL,New Zealand,Oceania,2010,783573.7
NZL,New Zealand,Oceania,2011,782456.7999999999
NZL,New Zealand,Oceania,2012,782489.0
NZL,New Zealand,Oceania,2013,785479.3
NZL,New Zealand,Oceania,2014,791903.7000000001
NZL,New Zealand,Oceania,2015,800742.8999999999
NZL,New Zealand,Oceania,2016,810907.0
NZL,New Zealand,Oceania,2017,821589.0
NZL,New Zealand,Oceania,2018,831771.8999999999
NZL,New Zealand,Oceania,2019,841510.2999999999
NZL,New Zealand,Oceania,2020,848870.3999999999
NZL,New Zealand,Oceania,2021,849614.8
NZL,New Zealand,Oceania,2022,847796.7
NZL,New Zealand,Oceania,2023,846734.7
OMN,Oman,Asia,1995,677478.8
OMN,Oman,Asia,1996,692804.4
OMN,Oman,Asia,1997,705189.5000000001
OMN,Oman,Asia,1998,714452.7
OMN,Oman,Asia,1999,721298.4
OMN,Oman,Asia,2000,725092.8999999999
OMN,Oman,Asia,2001,724253.4
OMN,Oman,Asia,2002,719204.8999999999
OMN,Oman,Asia,2003,712443.2000000001
OMN,Oman,Asia,2004,707723.1
OMN,Oman,Asia,2005,702090.1
OMN,Oman,Asia,2006,691449.1
OMN,Oman,Asia,2007,677612.5000000001
OMN,Oman,Asia,2008,662473.1
OMN,Oman,Asia,2009,648256.1000000001
OMN,Oman,Asia,2010,636228.7
OMN,Oman,Asia,2011,627549.2000000001
OMN,Oman,Asia,2012,628088.5
OMN,Oman,Asia,2013,641902.0
OMN,Oman,Asia,2014,664773.7999999999
OMN,Oman,Asia,2015,689571.0
OMN,Oman,Asia,2016,712779.7000000001
OMN,Oman,Asia,2017,735343.5
OMN,Oman,Asia,2018,763696.0999999999
OMN,Oman,Asia,2019,806691.7999999999
OMN,Oman,Asia,2020,865278.7
OMN,Oman,Asia,2021,918500.2
OMN,Oman,Asia,2022,964011.5
OMN,Oman,Asia,2023,1013333.4
PAK,Pakistan,Asia,1995,44887192.1
PAK,Pakistan,Asia,1996,46446188.2
PAK,Pakistan,Asia,1997,47983059.60000001
PAK,Pakistan,Asia,1998,49481825.6
PAK,Pakistan,Asia,1999,50933890.0
PAK,Pakistan,Asia,2000,52354092.0
PAK,Pakistan,Asia,2001,53699926.89999999
PAK,Pakistan,Asia,2002,54908831.7
PAK,Pakistan,Asia,2003,56041733.0
PAK,Pakistan,Asia,2004,57192798.8
PAK,Pakistan,Asia,2005,58325875.3
PAK,Pakistan,Asia,2006,59389904.10000001
PAK,Pakistan,Asia,2007,60418248.7
PAK,Pakistan,Asia,2008,61370886.3
PAK,Pakistan,Asia,2009,62199008.6
PAK,Pakistan,Asia,2010,62951092.900000006
PAK,Pakistan,Asia,2011,63703560.3
PAK,Pakistan,Asia,2012,64489746.2
PAK,Pakistan,Asia,2013,65352667.8
PAK,Pakistan,Asia,2014,66316795.9
PAK,Pakistan,Asia,2015,67353644.1
PAK,Pakistan,Asia,2016,68426652.9
PAK,Pakistan,Asia,2017,69536685.80000001
PAK,Pakistan,Asia,2018,70672974.0
PAK,Pakistan,Asia,2019,71766037.4
PAK,Pakistan,Asia,2020,72818209.3
PAK,Pakistan,Asia,2021,73787826.8
PAK,Pakistan,Asia,2022,74638713.60000001
PAK,Pakistan,Asia,2023,75398123.3
PAN,Panama,North America,1995,772829.9999999999
PAN,Panama,North America,1996,781235.0
PAN,Panama,North America,1997,789307.9
PAN,Panama,North America,1998,797223.6
PAN,Panama,North America,1999,804966.6
PAN,Panama,North America,2000,812592.3
PAN,Panama,North America,2001,820137.9
PAN,Panama,North America,2002,827551.9
PAN,Panama,North America,2003,834775.1
PAN,Panama,North America,2004,841814.1000000001
PAN,Panama,North America,2005,848766.9
PAN,Panama,North America,2006,855846.7000000001
PAN,Panama,North America,2007,863133.2
PAN,Panama,North America,2008,870555.3999999999
PAN,Panama,North America,2009,878277.7000000001
PAN,Panama,North America,2010,885903.0
PAN,Panama,North America,2011,893237.8
PAN,Panama,North America,2012,900725.5
PAN,Panama,North America,2013,908462.1
PAN,Panama,North America,2014,916363.5
PAN,Panama,North America,2015,924447.5
PAN,Panama,North America,2016,933100.8
PAN,Panama,North America,2017,942133.0
PAN,Panama,North America,2018,950895.5
PAN,Panama,North America,2019,959141.4
PAN,Panama,North America,2020,966732.9
PAN,Panama,North America,2021,973746.8
PAN,Panama,North America,2022,980233.2
PAN,Panama,North America,2023,985489.9
PER,Peru,North America,1995,7499476.699999999
PER,Peru,North America,1996,7582024.7
PER,Peru,North America,1997,7660906.5
PER,Peru,North America,1998,7734021.300000001
PER,Peru,North America,1999,7792509.3
PER,Peru,North America,2000,7826525.1
PER,Peru,North America,2001,7834519.8
PER,Peru,North America,2002,7818834.5
PER,Peru,North America,2003,7782957.100000001
PER,Peru,North America,2004,7731732.0
PER,Peru,North America,2005,7666654.2
PER,Peru,North America,2006,7585345.4
PER,Peru,North America,2007,7494240.499999999
PER,Peru,North America,2008,7398027.9
PER,Peru,North America,2009,7310459.399999999
PER,Peru,North America,2010,7247264.0
PER,Peru,North America,2011,7207256.4
PER,Peru,North America,2012,7186319.8
PER,Peru,North America,2013,7177176.6
PER,Peru,North America,2014,7180230.899999999
PER,Peru,North America,2015,7199798.2
PER,Peru,North America,2016,7251605.9
PER,Peru,North America,2017,7304454.199999999
PER,Peru,North America,2018,7341717.3
PER,Peru,North America,2019,7361619.599999999
PER,Peru,North America,2020,7351197.699999999
PER,Peru,North America,2021,7333565.399999999
PER,Peru,North America,2022,7311596.7
PER,Peru,North America,2023,7285064.499999999
PHL,Philippines,Asia,1995,22921600.4
PHL,Philippines,Asia,1996,23450934.700000003
PHL,Philippines,Asia,1997,23958588.7
PHL,Philippines,Asia,1998,24429842.4
PHL,Philippines,Asia,1999,24882430.4
PHL,Philippines,Asia,2000,25318967.6
PHL,Philippines,Asia,2001,25732387.4
PHL,Philippines,Asia,2002,26105733.0
PHL,Philippines,Asia,2003,26447436.7
PHL,Philippines,Asia,2004,26767165.899999995
PHL,Philippines,Asia,2005,27066018.3
PHL,Philippines,Asia,2006,27341178.200000003
PHL,Philippines,Asia,2007,27618425.7
PHL,Philippines,Asia,2008,27880688.0
PHL,Philippines,Asia,2009,28126065.5
PHL,Philippines,Asia,2010,28373518.5
PHL,Philippines,Asia,2011,28616399.8
PHL,Philippines,Asia,2012,28885526.9
PHL,Philippines,Asia,2013,29175655.3
PHL,Philippines,Asia,2014,29469407.1
PHL,Philippines,Asia,2015,29669132.5
PHL,Philippines,Asia,2016,29764163.8
PHL,Philippines,Asia,2017,29833601.1
PHL,Philippines,Asia,2018,29847094.9
PHL,Philippines,Asia,2019,29800706.1
PHL,Philippines,Asia,2020,29802274.4
PHL,Philippines,Asia,2021,29885681.1
PHL,Philippines,Asia,2022,29947074.6
PHL,Philippines,Asia,2023,29957667.0
PLW,Palau,Oceania,1995,3866.9
PLW,Palau,Oceania,1996,3900.6
PLW,Palau,Oceania,1997,3949.7
PLW,Palau,Oceania,1998,4008.5
PLW,Palau,Oceania,1999,4065.4
PLW,Palau,Oceania,2000,4118.2
PLW,Palau,Oceania,2001,4169.799999999999
PLW,Palau,Oceania,2002,4215.099999999999
PLW,Palau,Oceania,2003,4255.4
PLW,Palau,Oceania,2004,4299.8
PLW,Palau,Oceania,2005,4269.8
PLW,Palau,Oceania,2006,4132.900000000001
PLW,Palau,Oceania,2007,3967.4
PLW,Palau,Oceania,2008,3806.7
PLW,Palau,Oceania,2009,3656.9
PLW,Palau,Oceania,2010,3520.4000000000005
PLW,Palau,Oceania,2011,3394.3
PLW,Palau,Oceania,2012,3284.9
PLW,Palau,Oceania,2013,3213.5999999999995
PLW,Palau,Oceania,2014,3176.5
PLW,Palau,Oceania,2015,3139.9
PLW,Palau,Oceania,2016,3092.2000000000003
PLW,Palau,Oceania,2017,3048.5
PLW,Palau,Oceania,2018,3024.9
PLW,Palau,Oceania,2019,3018.3
PLW,Palau,Oceania,2020,3026.6000000000004
PLW,Palau,Oceania,2021,3037.0
PLW,Palau,Oceania,2022,3028.7
PLW,Palau,Oceania,2023,3005.2000000000003
PNG,Papua New Guinea,Oceania,1995,1489013.2999999998
PNG,Papua New Guinea,Oceania,1996,1536814.0
PNG,Papua New Guinea,Oceania,1997,1584678.6
PNG,Papua New Guinea,Oceania,1998,1633092.2
PNG,Papua New Guinea,Oceania,1999,1682084.5
PNG,Papua New Guinea,Oceania,2000,1731554.6
PNG,Papua New Guinea,Oceania,2001,1783457.4
PNG,Papua New Guinea,Oceania,2002,1837919.6
PNG,Papua New Guinea,Oceania,2003,1892477.9
PNG,Papua New Guinea,Oceania,2004,1947343.4
PNG,Papua New Guinea,Oceania,2005,2002815.6
PNG,Papua New Guinea,Oceania,2006,2059200.8
PNG,Papua New Guinea,Oceania,2007,2116630.8
PNG,Papua New Guinea,Oceania,2008,2174321.3000000003
PNG,Papua New Guinea,Oceania,2009,2231693.2
PNG,Papua New Guinea,Oceania,2010,2289572.1
PNG,Papua New Guinea,Oceania,2011,2346223.9
PNG,Papua New Guinea,Oceania,2012,2400166.6
PNG,Papua New Guinea,Oceania,2013,2452845.7
PNG,Papua New Guinea,Oceania,2014,2504452.2
PNG,Papua New Guinea,Oceania,2015,2556047.6
PNG,Papua New Guinea,Oceania,2016,2607622.7
PNG,Papua New Guinea,Oceania,2017,2657731.4
PNG,Papua New Guinea,Oceania,2018,2706196.9
PNG,Papua New Guinea,Oceania,2019,2753192.9
PNG,Papua New Guinea,Oceania,2020,2796277.7000000007
PNG,Papua New Guinea,Oceania,2021,2835549.3
PNG,Papua New Guinea,Oceania,2022,2871049.0
PNG,Papua New Guinea,Oceania,2023,2903239.4000000004
POL,Poland,Europe,1995,8176461.0
POL,Poland,Europe,1996,8077790.999999999
POL,Poland,Europe,1997,7954297.3
POL,Poland,Europe,1998,7797809.199999999
POL,Poland,Europe,1999,7623471.0
POL,Poland,Europe,2000,7424764.600000001
POL,Poland,Europe,2001,7212420.0
POL,Poland,Europe,2002,6994260.8
POL,Poland,Europe,2003,6750537.6
POL,Poland,Europe,2004,6494648.8
POL,Poland,Europe,2005,6245676.9
POL,Poland,Europe,2006,6011430.100000001
POL,Poland,Europe,2007,5796055.399999999
POL,Poland,Europe,2008,5598051.5
POL,Poland,Europe,2009,5399224.3
POL,Poland,Europe,2010,5258121.5
POL,Poland,Europe,2011,5177824.800000001
POL,Poland,Europe,2012,5102688.9
POL,Poland,Europe,2013,5056985.5
POL,Poland,Europe,2014,5041738.1
POL,Poland,Europe,2015,5036866.6
POL,Poland,Europe,2016,5034634.4
POL,Poland,Europe,2017,5039662.5
POL,Poland,Europe,2018,5051627.4
POL,Poland,Europe,2019,5067531.8
POL,Poland,Europe,2020,5083157.999999999
POL,Poland,Europe,2021,5096120.600000001
POL,Poland,Europe,2022,5171568.4
POL,Poland,Europe,2023,5242679.1
PRI,Puerto Rico,North America,1995,813938.0
PRI,Puerto Rico,North America,1996,811260.5000000001
PRI,Puerto Rico,North America,1997,807844.1999999998
PRI,Puerto Rico,North America,1998,803678.9
PRI,Puerto Rico,North America,1999,798995.4
PRI,Puerto Rico,North America,2000,791489.2999999999
PRI,Puerto Rico,North America,2001,781302.8
PRI,Puerto Rico,North America,2002,771256.2000000001
PRI,Puerto Rico,North America,2003,761754.4
PRI,Puerto Rico,North America,2004,752477.2999999999
PRI,Puerto Rico,North America,2005,743241.6000000001
PRI,Puerto Rico,North America,2006,733201.1
PRI,Puerto Rico,North America,2007,721292.4
PRI,Puerto Rico,North America,2008,707234.0999999999
PRI,Puerto Rico,North America,2009,691423.3
PRI,Puerto Rico,North America,2010,671697.5
PRI,Puerto Rico,North America,2011,648253.3
PRI,Puerto Rico,North America,2012,625024.5
PRI,Puerto Rico,North America,2013,602814.9
PRI,Puerto Rico,North America,2014,581560.6
PRI,Puerto Rico,North America,2015,560285.8
PRI,Puerto Rico,North America,2016,537860.2000000001
PRI,Puerto Rico,North America,2017,511238.3
PRI,Puerto Rico,North America,2018,486173.0
PRI,Puerto Rico,North America,2019,465727.00000000006
PRI,Puerto Rico,North America,2020,446700.9
PRI,Puerto Rico,North America,2021,429355.8
PRI,Puerto Rico,North America,2022,415242.0
PRI,Puerto Rico,North America,2023,405091.4
PRK,North Korea,Asia,1995,4873958.2
PRK,North Korea,Asia,1996,4915160.5
PRK,North Korea,Asia,1997,4970136.0
PRK,North Korea,Asia,1998,5027193.3
PRK,North Korea,Asia,1999,5078100.899999999
PRK,North Korea,Asia,2000,5121136.8
PRK,North Korea,Asia,2001,5153133.399999999
PRK,North Korea,Asia,2002,5172468.8
PRK,North Korea,Asia,2003,5186776.600000001
PRK,North Korea,Asia,2004,5195954.2
PRK,North Korea,Asia,2005,5191401.2
PRK,North Korea,Asia,2006,5172532.999999999
PRK,North Korea,Asia,2007,5141580.100000001
PRK,North Korea,Asia,2008,5100581.9
PRK,North Korea,Asia,2009,5047647.5
PRK,North Korea,Asia,2010,4977762.1
PRK,North Korea,Asia,2011,4899247.7
PRK,North Korea,Asia,2012,4821094.0
PRK,North Korea,Asia,2013,4746495.3
PRK,North Korea,Asia,2014,4672146.0
PRK,North Korea,Asia,2015,4596877.0
PRK,North Korea,Asia,2016,4526152.8
PRK,North Korea,Asia,2017,4462921.2
PRK,North Korea,Asia,2018,4409612.9
PRK,North Korea,Asia,2019,4367337.6
PRK,North Korea,Asia,2020,4338643.8
PRK,North Korea,Asia,2021,4319344.6
PRK,North Korea,Asia,2022,4306610.2
PRK,North Korea,Asia,2023,4299766.4
PRT,Portugal,Europe,1995,1702767.8
PRT,Portugal,Europe,1996,1661746.3
PRT,Portugal,Europe,1997,1627437.0
PRT,Portugal,Europe,1998,1599535.7
PRT,Portugal,Europe,1999,1575810.3
PRT,Portugal,Europe,2000,1553535.8
PRT,Portugal,Europe,2001,1531878.4
PRT,Portugal,Europe,2002,1511018.4
PRT,Portugal,Europe,2003,1492857.4
PRT,Portugal,Europe,2004,1478519.9
PRT,Portugal,Europe,2005,1471162.6
PRT,Portugal,Europe,2006,1466568.2999999998
PRT,Portugal,Europe,2007,1462139.4
PRT,Portugal,Europe,2008,1457897.3
PRT,Portugal,Europe,2009,1452091.9
PRT,Portugal,Europe,2010,1442533.6
PRT,Portugal,Europe,2011,1429206.7999999998
PRT,Portugal,Europe,2012,1414271.6999999995
PRT,Portugal,Europe,2013,1399447.7999999998
PRT,Portugal,Europe,2014,1385314.5
PRT,Portugal,Europe,2015,1372211.0
PRT,Portugal,Europe,2016,1360619.4999999998
PRT,Portugal,Europe,2017,1345102.4
PRT,Portugal,Europe,2018,1322747.7999999998
PRT,Portugal,Europe,2019,1297132.2
PRT,Portugal,Europe,2020,1272088.6
PRT,Portugal,Europe,2021,1253986.1
PRT,Portugal,Europe,2022,1243311.2000000002
PRT,Portugal,Europe,2023,1231404.4
PRY,Paraguay,North America,1995,1478109.6000000003
PRY,Paraguay,North America,1996,1516323.8
PRY,Paraguay,North America,1997,1552617.2
PRY,Paraguay,North America,1998,1586267.4
PRY,Paraguay,North America,1999,1616638.3
PRY,Paraguay,North America,2000,1643275.1
PRY,Paraguay,North America,2001,1665129.7
PRY,Paraguay,North America,2002,1682128.7
PRY,Paraguay,North America,2003,1691418.0000000002
PRY,Paraguay,North America,2004,1693121.9
PRY,Paraguay,North America,2005,1690434.6999999995
PRY,Paraguay,North America,2006,1682671.2
PRY,Paraguay,North America,2007,1670118.3
PRY,Paraguay,North America,2008,1654524.8
PRY,Paraguay,North America,2009,1638496.5000000002
PRY,Paraguay,North America,2010,1624918.9999999998
PRY,Paraguay,North America,2011,1613618.2999999998
PRY,Paraguay,North America,2012,1602982.8
PRY,Paraguay,North America,2013,1593805.3
PRY,Paraguay,North America,2014,1586596.6
PRY,Paraguay,North America,2015,1580640.1
PRY,Paraguay,North America,2016,1576365.3
PRY,Paraguay,North America,2017,1575162.4
PRY,Paraguay,North America,2018,1576956.2
PRY,Paraguay,North America,2019,1581784.9
PRY,Paraguay,North America,2020,1591583.5000000002
PRY,Paraguay,North America,2021,1605822.9
PRY,Paraguay,North America,2022,1622482.1
PRY,Paraguay,North America,2023,1640241.4
PSE,Palestine,Asia,1995,941515.9
PSE,Palestine,Asia,1996,984024.6
PSE,Palestine,Asia,1997,1028272.2
PSE,Palestine,Asia,1998,1069562.9
PSE,Palestine,Asia,1999,1106554.7
PSE,Palestine,Asia,2000,1142670.6
PSE,Palestine,Asia,2001,1175648.2999999998
PSE,Palestine,Asia,2002,1202760.2999999998
PSE,Palestine,Asia,2003,1226002.4
PSE,Palestine,Asia,2004,1248003.6
PSE,Palestine,Asia,2005,1268837.0
PSE,Palestine,Asia,2006,1288533.4999999998
PSE,Palestine,Asia,2007,1307651.5
PSE,Palestine,Asia,2008,1323508.1
PSE,Palestine,Asia,2009,1336018.9
PSE,Palestine,Asia,2010,1348168.6
PSE,Palestine,Asia,2011,1360155.3
PSE,Palestine,Asia,2012,1372123.0
PSE,Palestine,Asia,2013,1384934.0
PSE,Palestine,Asia,2014,1399744.0
PSE,Palestine,Asia,2015,1419570.1
PSE,Palestine,Asia,2016,1443822.6
PSE,Palestine,Asia,2017,1472404.7
PSE,Palestine,Asia,2018,1505093.3
PSE,Palestine,Asia,2019,1539016.3000000005
PSE,Palestine,Asia,2020,1576068.4
PSE,Palestine,Asia,2021,1615488.6
PSE,Palestine,Asia,2022,1654087.5
PSE,Palestine,Asia,2023,1686693.2
PYF,French Polynesia,Oceania,1995,63653.3
PYF,French Polynesia,Oceania,1996,64597.1
PYF,French Polynesia,Oceania,1997,65443.8
PYF,French Polynesia,Oceania,1998,66077.5
PYF,French Polynesia,Oceania,1999,66449.0
PYF,French Polynesia,Oceania,2000,66483.3
PYF,French Polynesia,Oceania,2001,66277.09999999999
PYF,French Polynesia,Oceania,2002,65971.7
PYF,French Polynesia,Oceania,2003,65666.79999999999
PYF,French Polynesia,Oceania,2004,65500.3
PYF,French Polynesia,Oceania,2005,65481.500000000015
PYF,French Polynesia,Oceania,2006,65559.1
PYF,French Polynesia,Oceania,2007,65397.99999999999
PYF,French Polynesia,Oceania,2008,64521.19999999999
PYF,French Polynesia,Oceania,2009,63216.2
PYF,French Polynesia,Oceania,2010,61979.7
PYF,French Polynesia,Oceania,2011,60859.7
PYF,French Polynesia,Oceania,2012,59916.6
PYF,French Polynesia,Oceania,2013,59236.2
PYF,French Polynesia,Oceania,2014,58812.4
PYF,French Polynesia,Oceania,2015,58575.7
PYF,French Polynesia,Oceania,2016,58495.9
PYF,French Polynesia,Oceania,2017,58364.7
PYF,French Polynesia,Oceania,2018,57764.3
PYF,French Polynesia,Oceania,2019,56767.100000000006
PYF,French Polynesia,Oceania,2020,55840.1
PYF,French Polynesia,Oceania,2021,55019.3
PYF,French Polynesia,Oceania,2022,54172.8
PYF,French Polynesia,Oceania,2023,53320.49999999999
QAT,Qatar,Asia,1995,104295.8
QAT,Qatar,Asia,1996,107069.0
QAT,Qatar,Asia,1997,111540.9
QAT,Qatar,Asia,1998,117116.9
QAT,Qatar,Asia,1999,121562.7
QAT,Qatar,Asia,2000,124926.3
QAT,Qatar,Asia,2001,127624.6
QAT,Qatar,Asia,2002,130129.7
QAT,Qatar,Asia,2003,132864.1
QAT,Qatar,Asia,2004,137354.5
QAT,Qatar,Asia,2005,148405.30000000002
QAT,Qatar,Asia,2006,158656.3
QAT,Qatar,Asia,2007,160741.1
QAT,Qatar,Asia,2008,167388.4
QAT,Qatar,Asia,2009,176587.6
QAT,Qatar,Asia,2010,186182.9
QAT,Qatar,Asia,2011,201537.3
QAT,Qatar,Asia,2012,216211.0
QAT,Qatar,Asia,2013,234051.0
QAT,Qatar,Asia,2014,256115.9
QAT,Qatar,Asia,2015,270011.1
QAT,Qatar,Asia,2016,276713.3
QAT,Qatar,Asia,2017,284578.19999999995
QAT,Qatar,Asia,2018,294107.3
QAT,Qatar,Asia,2019,311486.2
QAT,Qatar,Asia,2020,331627.7
QAT,Qatar,Asia,2021,337484.10000000003
QAT,Qatar,Asia,2022,345843.5
QAT,Qatar,Asia,2023,363896.1
REU,Réunion,Africa,1995,189056.6
REU,Réunion,Africa,1996,189070.3
REU,Réunion,Africa,1997,188731.5
REU,Réunion,Africa,1998,187870.0
REU,Réunion,Africa,1999,185641.5
REU,Réunion,Africa,2000,182455.7
REU,Réunion,Africa,2001,179042.19999999998
REU,Réunion,Africa,2002,176301.19999999998
REU,Réunion,Africa,2003,174445.80000000002
REU,Réunion,Africa,2004,175676.3
REU,Réunion,Africa,2005,180924.8
REU,Réunion,Africa,2006,187142.5
REU,Réunion,Africa,2007,191449.0
REU,Réunion,Africa,2008,191826.20000000004
REU,Réunion,Africa,2009,190498.5
REU,Réunion,Africa,2010,190316.8
REU,Réunion,Africa,2011,188982.9
REU,Réunion,Africa,2012,184923.4
REU,Réunion,Africa,2013,182945.8
REU,Réunion,Africa,2014,186091.0
REU,Réunion,Africa,2015,186509.0
REU,Réunion,Africa,2016,182458.8
REU,Réunion,Africa,2017,178887.9
REU,Réunion,Africa,2018,175282.4
REU,Réunion,Africa,2019,172967.80000000002
REU,Réunion,Africa,2020,171703.30000000002
REU,Réunion,Africa,2021,170203.50000000003
REU,Réunion,Africa,2022,168591.7
REU,Réunion,Africa,2023,167008.6
ROU,Romania,Europe,1995,4505104.0
ROU,Romania,Europe,1996,4391842.000000001
ROU,Romania,Europe,1997,4275832.5
ROU,Romania,Europe,1998,4170231.2
ROU,Romania,Europe,1999,4057729.8
ROU,Romania,Europe,2000,3928690.1
ROU,Romania,Europe,2001,3793297.6
ROU,Romania,Europe,2002,3656488.8
ROU,Romania,Europe,2003,3534922.1
ROU,Romania,Europe,2004,3420072.1
ROU,Romania,Europe,2005,3304495.4000000004
ROU,Romania,Europe,2006,3198047.2
ROU,Romania,Europe,2007,3096263.2
ROU,Romania,Europe,2008,3003102.6
ROU,Romania,Europe,2009,2921008.4
ROU,Romania,Europe,2010,2858522.9
ROU,Romania,Europe,2011,2822821.7
ROU,Romania,Europe,2012,2797040.1
ROU,Romania,Europe,2013,2775135.100000001
ROU,Romania,Europe,2014,2761069.9
ROU,Romania,Europe,2015,2750481.4
ROU,Romania,Europe,2016,2741057.3
ROU,Romania,Europe,2017,2734465.3000000003
ROU,Romania,Europe,2018,2728548.6
ROU,Romania,Europe,2019,2721743.1
ROU,Romania,Europe,2020,2718792.6
ROU,Romania,Europe,2021,2719845.5
ROU,Romania,Europe,2022,2730360.6
ROU,Romania,Europe,2023,2732799.8
RUS,Russia,Europe,1995,30059552.0
RUS,Russia,Europe,1996,29946519.9
RUS,Russia,Europe,1997,29603537.300000004
RUS,Russia,Europe,1998,28958315.4
RUS,Russia,Europe,1999,28137094.8
RUS,Russia,Europe,2000,27256073.7
RUS,Russia,Europe,2001,26338678.7
RUS,Russia,Europe,2002,25456223.7
RUS,Russia,Europe,2003,24442013.8
RUS,Russia,Europe,2004,23307595.800000004
RUS,Russia,Europe,2005,22273092.2
RUS,Russia,Europe,2006,21348703.5
RUS,Russia,Europe,2007,20538736.1
RUS,Russia,Europe,2008,19900504.9
RUS,Russia,Europe,2009,19401338.8
RUS,Russia,Europe,2010,18991066.200000003
RUS,Russia,Europe,2011,18680796.7
RUS,Russia,Europe,2012,18554028.5
RUS,Russia,Europe,2013,18675538.8
RUS,Russia,Europe,2014,18934525.9
RUS,Russia,Europe,2015,19220768.8
RUS,Russia,Europe,2016,19604773.7
RUS,Russia,Europe,2017,20134916.9
RUS,Russia,Europe,2018,20688230.8
RUS,Russia,Europe,2019,21238482.9
RUS,Russia,Europe,2020,21796596.4
RUS,Russia,Europe,2021,22323402.200000003
RUS,Russia,Europe,2022,22730132.4
RUS,Russia,Europe,2023,22902496.8
RWA,Rwanda,Africa,1995,2345137.0
RWA,Rwanda,Africa,1996,2771681.4999999995
RWA,Rwanda,Africa,1997,3187549.7
RWA,Rwanda,Africa,1998,3263667.8
RWA,Rwanda,Africa,1999,3188833.1
RWA,Rwanda,Africa,2000,3105613.9
RWA,Rwanda,Africa,2001,3029469.600000001
RWA,Rwanda,Africa,2002,2977905.1
RWA,Rwanda,Africa,2003,2970330.1
RWA,Rwanda,Africa,2004,2991286.4000000004
RWA,Rwanda,Africa,2005,3023145.0
RWA,Rwanda,Africa,2006,3072281.3000000003
RWA,Rwanda,Africa,2007,3137889.8999999994
RWA,Rwanda,Africa,2008,3212274.2
RWA,Rwanda,Africa,2009,3292800.2
RWA,Rwanda,Africa,2010,3379933.0
RWA,Rwanda,Africa,2011,3472747.5
RWA,Rwanda,Africa,2012,3567279.8
RWA,Rwanda,Africa,2013,3654862.9
RWA,Rwanda,Africa,2014,3733912.8
RWA,Rwanda,Africa,2015,3807626.3
RWA,Rwanda,Africa,2016,3876902.2
RWA,Rwanda,Africa,2017,3945017.1
RWA,Rwanda,Africa,2018,4015194.0
RWA,Rwanda,Africa,2019,4085393.3
RWA,Rwanda,Africa,2020,4153007.8
RWA,Rwanda,Africa,2021,4217837.3
RWA,Rwanda,Africa,2022,4279353.6
RWA,Rwanda,Africa,2023,4336380.100000001
SAU,Saudi Arabia,Asia,1995,4167653.2
SAU,Saudi Arabia,Asia,1996,4335660.300000001
SAU,Saudi Arabia,Asia,1997,4495849.3
SAU,Saudi Arabia,Asia,1998,4647396.5
SAU,Saudi Arabia,Asia,1999,4789510.7
SAU,Saudi Arabia,Asia,2000,5041868.899999999
SAU,Saudi Arabia,Asia,2001,5381809.2
SAU,Saudi Arabia,Asia,2002,5662851.5
SAU,Saudi Arabia,Asia,2003,5880614.6
SAU,Saudi Arabia,Asia,2004,6032602.399999999
SAU,Saudi Arabia,Asia,2005,6121607.9
SAU,Saudi Arabia,Asia,2006,6159775.3
SAU,Saudi Arabia,Asia,2007,6159965.9
SAU,Saudi Arabia,Asia,2008,6132156.5
SAU,Saudi Arabia,Asia,2009,6087169.5
SAU,Saudi Arabia,Asia,2010,6037067.8
SAU,Saudi Arabia,Asia,2011,5994356.7
SAU,Saudi Arabia,Asia,2012,5969820.0
SAU,Saudi Arabia,Asia,2013,5969738.9
SAU,Saudi Arabia,Asia,2014,5996655.500000001
SAU,Saudi Arabia,Asia,2015,6050630.9
SAU,Saudi Arabia,Asia,2016,6112690.000000001
SAU,Saudi Arabia,Asia,2017,6153593.800000001
SAU,Saudi Arabia,Asia,2018,6190177.5
SAU,Saudi Arabia,Asia,2019,6282217.6
SAU,Saudi Arabia,Asia,2020,6410860.500000001
SAU,Saudi Arabia,Asia,2021,6519127.3
SAU,Saudi Arabia,Asia,2022,6670350.3
SAU,Saudi Arabia,Asia,2023,6825585.100000001
SDN,Sudan,Africa,1995,8455469.4
SDN,Sudan,Africa,1996,8648481.6
SDN,Sudan,Africa,1997,8854417.8
SDN,Sudan,Africa,1998,9104634.7
SDN,Sudan,Africa,1999,9355686.7
SDN,Sudan,Africa,2000,9599845.9
SDN,Sudan,Africa,2001,9836513.5
SDN,Sudan,Africa,2002,10069590.7
SDN,Sudan,Africa,2003,10285902.6
SDN,Sudan,Africa,2004,10505186.8
SDN,Sudan,Africa,2005,10744732.3
SDN,Sudan,Africa,2006,10985504.1
SDN,Sudan,Africa,2007,11232628.7
SDN,Sudan,Africa,2008,11517675.1
SDN,Sudan,Africa,2009,11837139.3
SDN,Sudan,Africa,2010,12144158.5
SDN,Sudan,Africa,2011,12435675.5
SDN,Sudan,Africa,2012,12732324.800000004
SDN,Sudan,Africa,2013,13034651.9
SDN,Sudan,Africa,2014,13353700.2
SDN,Sudan,Africa,2015,13688022.099999998
SDN,Sudan,Africa,2016,14011877.8
SDN,Sudan,Africa,2017,14341093.5
SDN,Sudan,Africa,2018,14658359.2
SDN,Sudan,Africa,2019,14938245.7
SDN,Sudan,Africa,2020,15217505.699999996
SDN,Sudan,Africa,2021,15519468.3
SDN,Sudan,Africa,2022,15835038.2
SDN,Sudan,Africa,2023,15952898.7
SEN,Senegal,Africa,1995,3099432.3
SEN,Senegal,Africa,1996,3166708.4
SEN,Senegal,Africa,1997,3230584.5
SEN,Senegal,Africa,1998,3292669.7
SEN,Senegal,Africa,1999,3353759.3000000003
SEN,Senegal,Africa,2000,3414421.8000000003
SEN,Senegal,Africa,2001,3475703.6
SEN,Senegal,Africa,2002,3535686.0
SEN,Senegal,Africa,2003,3593494.0
SEN,Senegal,Africa,2004,3654103.8
SEN,Senegal,Africa,2005,3718974.3
SEN,Senegal,Africa,2006,3786093.1
SEN,Senegal,Africa,2007,3858565.5
SEN,Senegal,Africa,2008,3939723.2
SEN,Senegal,Africa,2009,4027617.2
SEN,Senegal,Africa,2010,4119040.2
SEN,Senegal,Africa,2011,4217172.0
SEN,Senegal,Africa,2012,4322392.300000001
SEN,Senegal,Africa,2013,4452271.899999999
SEN,Senegal,Africa,2014,4606523.8
SEN,Senegal,Africa,2015,4763051.4
SEN,Senegal,Africa,2016,4920939.0
SEN,Senegal,Africa,2017,5075508.5
SEN,Senegal,Africa,2018,5220045.7
SEN,Senegal,Africa,2019,5351121.2
SEN,Senegal,Africa,2020,5468220.300000001
SEN,Senegal,Africa,2021,5571568.4
SEN,Senegal,Africa,2022,5660533.3
SEN,Senegal,Africa,2023,5735851.6
SGP,Singapore,Asia,1995,613927.1
SGP,Singapore,Asia,1996,631717.9
SGP,Singapore,Asia,1997,649832.9
SGP,Singapore,Asia,1998,666151.1000000001
SGP,Singapore,Asia,1999,679032.7999999999
SGP,Singapore,Asia,2000,690660.4
SGP,Singapore,Asia,2001,702102.2000000001
SGP,Singapore,Asia,2002,707788.2
SGP,Singapore,Asia,2003,706617.2000000001
SGP,Singapore,Asia,2004,706812.5
SGP,Singapore,Asia,2005,712769.0
SGP,Singapore,Asia,2006,722271.0
SGP,Singapore,Asia,2007,733504.9
SGP,Singapore,Asia,2008,741476.3
SGP,Singapore,Asia,2009,742187.4
SGP,Singapore,Asia,2010,739846.0
SGP,Singapore,Asia,2011,738781.6
SGP,Singapore,Asia,2012,738154.7000000001
SGP,Singapore,Asia,2013,735540.6
SGP,Singapore,Asia,2014,730739.0
SGP,Singapore,Asia,2015,724603.7999999999
SGP,Singapore,Asia,2016,717185.2999999999
SGP,Singapore,Asia,2017,709810.8999999999
SGP,Singapore,Asia,2018,705383.5999999999
SGP,Singapore,Asia,2019,701953.6000000001
SGP,Singapore,Asia,2020,689765.7
SGP,Singapore,Asia,2021,677044.2
SGP,Singapore,Asia,2022,684514.7999999999
SGP,Singapore,Asia,2023,679218.7999999999
SHN,Saint Helena,Africa,1995,1354.7
SHN,Saint Helena,Africa,1996,1318.2
SHN,Saint Helena,Africa,1997,1287.6
SHN,Saint Helena,Africa,1998,1247.4
SHN,Saint Helena,Africa,1999,1187.5
SHN,Saint Helena,Africa,2000,1126.9999999999998
SHN,Saint Helena,Africa,2001,1069.3000000000002
SHN,Saint Helena,Africa,2002,1009.4
SHN,Saint Helena,Africa,2003,957.8
SHN,Saint Helena,Africa,2004,915.6
SHN,Saint Helena,Africa,2005,881.2
SHN,Saint Helena,Africa,2006,845.1999999999999
SHN,Saint Helena,Africa,2007,809.3000000000001
SHN,Saint Helena,Africa,2008,777.8000000000001
SHN,Saint Helena,Africa,2009,746.1999999999999
SHN,Saint Helena,Africa,2010,717.9
SHN,Saint Helena,Africa,2011,689.2
SHN,Saint Helena,Africa,2012,661.9000000000001
SHN,Saint Helena,Africa,2013,655.0
SHN,Saint Helena,Africa,2014,661.1
SHN,Saint Helena,Africa,2015,660.2
SHN,Saint Helena,Africa,2016,654.8000000000001
SHN,Saint Helena,Africa,2017,643.5
SHN,Saint Helena,Africa,2018,638.4
SHN,Saint Helena,Africa,2019,649.4000000000001
SHN,Saint Helena,Africa,2020,657.3
SHN,Saint Helena,Africa,2021,663.8000000000001
SHN,Saint Helena,Africa,2022,672.7
SHN,Saint Helena,Africa,2023,669.3
SLB,Solomon Islands,Oceania,1995,131431.6
SLB,Solomon Islands,Oceania,1996,134457.30000000002
SLB,Solomon Islands,Oceania,1997,137521.4
SLB,Solomon Islands,Oceania,1998,140639.8
SLB,Solomon Islands,Oceania,1999,143742.8
SLB,Solomon Islands,Oceania,2000,146074.59999999998
SLB,Solomon Islands,Oceania,2001,147670.09999999998
SLB,Solomon Islands,Oceania,2002,149247.09999999998
SLB,Solomon Islands,Oceania,2003,150822.9
SLB,Solomon Islands,Oceania,2004,152420.4
SLB,Solomon Islands,Oceania,2005,154224.19999999998
SLB,Solomon Islands,Oceania,2006,156279.30000000002
SLB,Solomon Islands,Oceania,2007,158479.9
SLB,Solomon Islands,Oceania,2008,160859.19999999998
SLB,Solomon Islands,Oceania,2009,163641.2
SLB,Solomon Islands,Oceania,2010,168223.8
SLB,Solomon Islands,Oceania,2011,174288.7
SLB,Solomon Islands,Oceania,2012,180332.5
SLB,Solomon Islands,Oceania,2013,186382.3
SLB,Solomon Islands,Oceania,2014,192489.60000000003
SLB,Solomon Islands,Oceania,2015,198803.3
SLB,Solomon Islands,Oceania,2016,205352.4
SLB,Solomon Islands,Oceania,2017,212036.4
SLB,Solomon Islands,Oceania,2018,218823.6
SLB,Solomon Islands,Oceania,2019,224710.3
SLB,Solomon Islands,Oceania,2020,229807.4
SLB,Solomon Islands,Oceania,2021,234924.3
SLB,Solomon Islands,Oceania,2022,239745.60000000003
SLB,Solomon Islands,Oceania,2023,244250.2
SLE,Sierra Leone,Africa,1995,1340971.4
SLE,Sierra Leone,Africa,1996,1350372.5
SLE,Sierra Leone,Africa,1997,1370682.1
SLE,Sierra Leone,Africa,1998,1387667.7
SLE,Sierra Leone,Africa,1999,1399122.2000000002
SLE,Sierra Leone,Africa,2000,1436668.9999999998
SLE,Sierra Leone,Africa,2001,1526652.6
SLE,Sierra Leone,Africa,2002,1620666.6000000003
SLE,Sierra Leone,Africa,2003,1692132.1
SLE,Sierra Leone,Africa,2004,1755816.7
SLE,Sierra Leone,Africa,2005,1809776.6
SLE,Sierra Leone,Africa,2006,1855499.2
SLE,Sierra Leone,Africa,2007,1901361.5
SLE,Sierra Leone,Africa,2008,1953084.4
SLE,Sierra Leone,Africa,2009,2007493.2
SLE,Sierra Leone,Africa,2010,2062127.8
SLE,Sierra Leone,Africa,2011,2115537.3
SLE,Sierra Leone,Africa,2012,2167964.5
SLE,Sierra Leone,Africa,2013,2219567.1
SLE,Sierra Leone,Africa,2014,2270844.4
SLE,Sierra Leone,Africa,2015,2320879.3000000003
SLE,Sierra Leone,Africa,2016,2370969.9
SLE,Sierra Leone,Africa,2017,2419884.8
SLE,Sierra Leone,Africa,2018,2464677.3999999994
SLE,Sierra Leone,Africa,2019,2505806.4
SLE,Sierra Leone,Africa,2020,2544474.0
SLE,Sierra Leone,Africa,2021,2580949.1
SLE,Sierra Leone,Africa,2022,2615878.3
SLE,Sierra Leone,Africa,2023,2650006.9
SLV,El Salvador,North America,1995,1859608.6
SLV,El Salvador,North America,1996,1855014.4
SLV,El Salvador,North America,1997,1848779.1
SLV,El Salvador,North America,1998,1842084.3
SLV,El Salvador,North America,1999,1835917.4
SLV,El Salvador,North America,2000,1830376.3
SLV,El Salvador,North America,2001,1825866.0
SLV,El Salvador,North America,2002,1822653.6
SLV,El Salvador,North America,2003,1821565.3
SLV,El Salvador,North America,2004,1822477.3
SLV,El Salvador,North America,2005,1823532.8
SLV,El Salvador,North America,2006,1822199.5
SLV,El Salvador,North America,2007,1818628.7
SLV,El Salvador,North America,2008,1809933.4
SLV,El Salvador,North America,2009,1793093.0
SLV,El Salvador,North America,2010,1770027.7999999998
SLV,El Salvador,North America,2011,1742878.8999999997
SLV,El Salvador,North America,2012,1714963.5
SLV,El Salvador,North America,2013,1685355.9
SLV,El Salvador,North America,2014,1652993.7
SLV,El Salvador,North America,2015,1620289.2000000002
SLV,El Salvador,North America,2016,1589273.5
SLV,El Salvador,North America,2017,1560725.0
SLV,El Salvador,North America,2018,1534071.9
SLV,El Salvador,North America,2019,1509649.9
SLV,El Salvador,North America,2020,1489188.6
SLV,El Salvador,North America,2021,1470497.2
SLV,El Salvador,North America,2022,1450912.0
SLV,El Salvador,North America,2023,1432217.2
SMR,San Marino,Europe,1995,3369.4
SMR,San Marino,Europe,1996,3383.0
SMR,San Marino,Europe,1997,3375.7000000000003
SMR,San Marino,Europe,1998,3381.6
SMR,San Marino,Europe,1999,3395.4
SMR,San Marino,Europe,2000,3418.5999999999995
SMR,San Marino,Europe,2001,3456.3
SMR,San Marino,Europe,2002,3489.1
SMR,San Marino,Europe,2003,3531.0
SMR,San Marino,Europe,2004,3578.6
SMR,San Marino,Europe,2005,3630.7
SMR,San Marino,Europe,2006,3690.3
SMR,San Marino,Europe,2007,3753.0
SMR,San Marino,Europe,2008,3813.9
SMR,San Marino,Europe,2009,3871.2
SMR,San Marino,Europe,2010,3944.6
SMR,San Marino,Europe,2011,4124.6
SMR,San Marino,Europe,2012,4276.400000000001
SMR,San Marino,Europe,2013,4326.400000000001
SMR,San Marino,Europe,2014,4377.099999999999
SMR,San Marino,Europe,2015,4429.9
SMR,San Marino,Europe,2016,4483.900000000001
SMR,San Marino,Europe,2017,4499.4
SMR,San Marino,Europe,2018,4495.5
SMR,San Marino,Europe,2019,4476.6
SMR,San Marino,Europe,2020,4442.299999999999
SMR,San Marino,Europe,2021,4378.3
SMR,San Marino,Europe,2022,4269.500000000001
SMR,San Marino,Europe,2023,4145.6
SOM,Somalia,Africa,1995,2480004.2
SOM,Somalia,Africa,1996,2532857.8
SOM,Somalia,Africa,1997,2593590.9000000004
SOM,Somalia,Africa,1998,2700639.5
SOM,Somalia,Africa,1999,2823090.0
SOM,Somalia,Africa,2000,2949425.8
SOM,Somalia,Africa,2001,3080337.2
SOM,Somalia,Africa,2002,3209830.0
SOM,Somalia,Africa,2003,3344205.9999999995
SOM,Somalia,Africa,2004,3486638.4
SOM,Somalia,Africa,2005,3632891.2
SOM,Somalia,Africa,2006,3774787.9
SOM,Somalia,Africa,2007,3920727.7
SOM,Somalia,Africa,2008,4055788.6
SOM,Somalia,Africa,2009,4174068.7
SOM,Somalia,Africa,2010,4303234.4
SOM,Somalia,Africa,2011,4382864.7
SOM,Somalia,Africa,2012,4459806.800000001
SOM,Somalia,Africa,2013,4596997.1
SOM,Somalia,Africa,2014,4733277.5
SOM,Somalia,Africa,2015,4852609.200000001
SOM,Somalia,Africa,2016,4991719.9
SOM,Somalia,Africa,2017,5164385.999999999
SOM,Somalia,Africa,2018,5349527.100000001
SOM,Somalia,Africa,2019,5549176.7
SOM,Somalia,Africa,2020,5762746.100000001
SOM,Somalia,Africa,2021,5977602.099999999
SOM,Somalia,Africa,2022,6163411.5
SOM,Somalia,Africa,2023,6359138.600000001
SPM,Saint Pierre and Miquelon,North America,1995,1110.8
SPM,Saint Pierre and Miquelon,North America,1996,1113.3
SPM,Saint Pierre and Miquelon,North America,1997,1122.9
SPM,Saint Pierre and Miquelon,North America,1998,1135.6999999999998
SPM,Saint Pierre and Miquelon,North America,1999,1136.6999999999998
SPM,Saint Pierre and Miquelon,North America,2000,1120.1
SPM,Saint Pierre and Miquelon,North America,2001,1098.6
SPM,Saint Pierre and Miquelon,North America,2002,1081.5
SPM,Saint Pierre and Miquelon,North America,2003,1065.7
SPM,Saint Pierre and Miquelon,North America,2004,1056.5
SPM,Saint Pierre and Miquelon,North America,2005,1062.4
SPM,Saint Pierre and Miquelon,North America,2006,1053.2
SPM,Saint Pierre and Miquelon,North America,2007,1019.8
SPM,Saint Pierre and Miquelon,North America,2008,986.1
SPM,Saint Pierre and Miquelon,North America,2009,954.8
SPM,Saint Pierre and Miquelon,North America,2010,930.5
SPM,Saint Pierre and Miquelon,North America,2011,923.9
SPM,Saint Pierre and Miquelon,North America,2012,931.0
SPM,Saint Pierre and Miquelon,North America,2013,936.9
SPM,Saint Pierre and Miquelon,North America,2014,936.5
SPM,Saint Pierre and Miquelon,North America,2015,936.9
SPM,Saint Pierre and Miquelon,North America,2016,936.3
SPM,Saint Pierre and Miquelon,North America,2017,934.1
SPM,Saint Pierre and Miquelon,North America,2018,931.6
SPM,Saint Pierre and Miquelon,North America,2019,920.7
SPM,Saint Pierre and Miquelon,North America,2020,912.8
SPM,Saint Pierre and Miquelon,North America,2021,909.1
SPM,Saint Pierre and Miquelon,North America,2022,894.2
SPM,Saint Pierre and Miquelon,North America,2023,870.5999999999999
SRB,Serbia,Europe,1995,1307630.3
SRB,Serbia,Europe,1996,1289240.7
SRB,Serbia,Europe,1997,1269240.7
SRB,Serbia,Europe,1998,1247438.6
SRB,Serbia,Europe,1999,1223961.9
SRB,Serbia,Europe,2000,1199268.7000000002
SRB,Serbia,Europe,2001,1173784.2
SRB,Serbia,Europe,2002,1148241.4
SRB,Serbia,Europe,2003,1122841.2000000002
SRB,Serbia,Europe,2004,1096840.7
SRB,Serbia,Europe,2005,1070932.5
SRB,Serbia,Europe,2006,1047611.0
SRB,Serbia,Europe,2007,1027673.8
SRB,Serbia,Europe,2008,1009615.8
SRB,Serbia,Europe,2009,993451.5
SRB,Serbia,Europe,2010,978790.7
SRB,Serbia,Europe,2011,963973.3
SRB,Serbia,Europe,2012,949368.6
SRB,Serbia,Europe,2013,936215.7
SRB,Serbia,Europe,2014,924955.6
SRB,Serbia,Europe,2015,914617.4
SRB,Serbia,Europe,2016,904217.0
SRB,Serbia,Europe,2017,894675.2000000001
SRB,Serbia,Europe,2018,886522.7999999999
SRB,Serbia,Europe,2019,879526.1000000001
SRB,Serbia,Europe,2020,873484.4
SRB,Serbia,Europe,2021,866787.3999999999
SRB,Serbia,Europe,2022,863261.7000000001
SRB,Serbia,Europe,2023,861938.2999999999
SSD,South Sudan,Africa,1995,1686149.7999999998
SSD,South Sudan,Africa,1996,1727241.4999999998
SSD,South Sudan,Africa,1997,1774342.2
SSD,South Sudan,Africa,1998,1813580.5
SSD,South Sudan,Africa,1999,1863852.7
SSD,South Sudan,Africa,2000,1940796.2
SSD,South Sudan,Africa,2001,2024665.3
SSD,South Sudan,Africa,2002,2113513.1
SSD,South Sudan,Africa,2003,2207104.8000000003
SSD,South Sudan,Africa,2004,2307758.5
SSD,South Sudan,Africa,2005,2417426.8000000003
SSD,South Sudan,Africa,2006,2538234.4
SSD,South Sudan,Africa,2007,2671401.6
SSD,South Sudan,Africa,2008,2809740.1
SSD,South Sudan,Africa,2009,2937215.8
SSD,South Sudan,Africa,2010,3065208.4
SSD,South Sudan,Africa,2011,3197702.2
SSD,South Sudan,Africa,2012,3322916.8
SSD,South Sudan,Africa,2013,3445939.2
SSD,South Sudan,Africa,2014,3529640.9000000004
SSD,South Sudan,Africa,2015,3592376.3
SSD,South Sudan,Africa,2016,3643299.9
SSD,South Sudan,Africa,2017,3662741.5
SSD,South Sudan,Africa,2018,3731368.7
SSD,South Sudan,Africa,2019,3829656.9
SSD,South Sudan,Africa,2020,3885111.0
SSD,South Sudan,Africa,2021,3898692.1
SSD,South Sudan,Africa,2022,3893708.9
SSD,South Sudan,Africa,2023,3958308.6
STP,Sao Tome and Principe,Africa,1995,47278.7
STP,Sao Tome and Principe,Africa,1996,48245.3
STP,Sao Tome and Principe,Africa,1997,49095.7
STP,Sao Tome and Principe,Africa,1998,49763.99999999999
STP,Sao Tome and Principe,Africa,1999,50223.5
STP,Sao Tome and Principe,Africa,2000,50490.9
STP,Sao Tome and Principe,Africa,2001,50710.2
STP,Sao Tome and Principe,Africa,2002,50917.0
STP,Sao Tome and Principe,Africa,2003,51115.6
STP,Sao Tome and Principe,Africa,2004,51425.1
STP,Sao Tome and Principe,Africa,2005,51923.8
STP,Sao Tome and Principe,Africa,2006,52848.5
STP,Sao Tome and Principe,Africa,2007,54140.6
STP,Sao Tome and Principe,Africa,2008,55516.7
STP,Sao Tome and Principe,Africa,2009,56945.7
STP,Sao Tome and Principe,Africa,2010,58440.4
STP,Sao Tome and Principe,Africa,2011,60018.3
STP,Sao Tome and Principe,Africa,2012,61592.4
STP,Sao Tome and Principe,Africa,2013,63086.6
STP,Sao Tome and Principe,Africa,2014,64477.09999999999
STP,Sao Tome and Principe,Africa,2015,65670.2
STP,Sao Tome and Principe,Africa,2016,66669.6
STP,Sao Tome and Principe,Africa,2017,67877.79999999999
STP,Sao Tome and Principe,Africa,2018,69284.5
STP,Sao Tome and Principe,Africa,2019,70509.4
STP,Sao Tome and Principe,Africa,2020,71669.2
STP,Sao Tome and Principe,Africa,2021,72619.20000000001
STP,Sao Tome and Principe,Africa,2022,73260.09999999999
STP,Sao Tome and Principe,Africa,2023,73812.2
SUR,Suriname,North America,1995,128118.9
SUR,Suriname,North America,1996,129667.7
SUR,Suriname,North America,1997,130616.5
SUR,Suriname,North America,1998,131059.0
SUR,Suriname,North America,1999,131095.5
SUR,Suriname,North America,2000,130925.5
SUR,Suriname,North America,2001,130708.0
SUR,Suriname,North America,2002,130512.30000000002
SUR,Suriname,North America,2003,130477.0
SUR,Suriname,North America,2004,131196.4
SUR,Suriname,North America,2005,132678.5
SUR,Suriname,North America,2006,134379.7
SUR,Suriname,North America,2007,136126.2
SUR,Suriname,North America,2008,137683.4
SUR,Suriname,North America,2009,138945.30000000002
SUR,Suriname,North America,2010,139978.0
SUR,Suriname,North America,2011,140946.30000000002
SUR,Suriname,North America,2012,141903.7
SUR,Suriname,North America,2013,142747.09999999998
SUR,Suriname,North America,2014,143390.1
SUR,Suriname,North America,2015,143765.80000000002
SUR,Suriname,North America,2016,143896.7
SUR,Suriname,North America,2017,143920.19999999998
SUR,Suriname,North America,2018,143923.9
SUR,Suriname,North America,2019,143934.0
SUR,Suriname,North America,2020,143848.09999999998
SUR,Suriname,North America,2021,143524.3
SUR,Suriname,North America,2022,143006.0
SUR,Suriname,North America,2023,142459.40000000002
SVK,Slovakia,Europe,1995,1141704.7
SVK,Slovakia,Europe,1996,1127537.6
SVK,Slovakia,Europe,1997,1111060.9
SVK,Slovakia,Europe,1998,1092145.7
SVK,Slovakia,Europe,1999,1069192.8
SVK,Slovakia,Europe,2000,1041684.2
SVK,Slovakia,Europe,2001,1012505.3
SVK,Slovakia,Europe,2002,982760.0
SVK,Slovakia,Europe,2003,952809.0
SVK,Slovakia,Europe,2004,923157.1
SVK,Slovakia,Europe,2005,893447.3
SVK,Slovakia,Europe,2006,862918.8
SVK,Slovakia,Europe,2007,833526.5
SVK,Slovakia,Europe,2008,806577.2999999999
SVK,Slovakia,Europe,2009,783929.9000000001
SVK,Slovakia,Europe,2010,765972.3
SVK,Slovakia,Europe,2011,749919.0
SVK,Slovakia,Europe,2012,735582.5
SVK,Slovakia,Europe,2013,724708.3
SVK,Slovakia,Europe,2014,719253.6
SVK,Slovakia,Europe,2015,717723.2000000002
SVK,Slovakia,Europe,2016,719815.3999999999
SVK,Slovakia,Europe,2017,723013.7000000001
SVK,Slovakia,Europe,2018,724561.6
SVK,Slovakia,Europe,2019,726308.5
SVK,Slovakia,Europe,2020,728874.8
SVK,Slovakia,Europe,2021,733512.2999999998
SVK,Slovakia,Europe,2022,746544.8999999999
SVK,Slovakia,Europe,2023,759684.8
SVN,Slovenia,Europe,1995,353918.49999999994
SVN,Slovenia,Europe,1996,346059.8
SVN,Slovenia,Europe,1997,336043.4
SVN,Slovenia,Europe,1998,326385.80000000005
SVN,Slovenia,Europe,1999,317283.9
SVN,Slovenia,Europe,2000,308533.9
SVN,Slovenia,Europe,2001,300169.9
SVN,Slovenia,Europe,2002,291884.80000000005
SVN,Slovenia,Europe,2003,283655.9
SVN,Slovenia,Europe,2004,276178.80000000005
SVN,Slovenia,Europe,2005,269933.9
SVN,Slovenia,Europe,2006,264517.4
SVN,Slovenia,Europe,2007,259333.20000000004
SVN,Slovenia,Europe,2008,254048.5
SVN,Slovenia,Europe,2009,249764.6
SVN,Slovenia,Europe,2010,247039.7
SVN,Slovenia,Europe,2011,245299.1
SVN,Slovenia,Europe,2012,245322.3
SVN,Slovenia,Europe,2013,247365.7
SVN,Slovenia,Europe,2014,250449.3
SVN,Slovenia,Europe,2015,253932.2
SVN,Slovenia,Europe,2016,257585.70000000004
SVN,Slovenia,Europe,2017,261155.50000000003
SVN,Slovenia,Europe,2018,265063.9
SVN,Slovenia,Europe,2019,269189.8
SVN,Slovenia,Europe,2020,274112.7
SVN,Slovenia,Europe,2021,277810.1
SVN,Slovenia,Europe,2022,279754.5
SVN,Slovenia,Europe,2023,281127.1
SWE,Sweden,Europe,1995,1375698.2000000002
SWE,Sweden,Europe,1996,1399561.4
SWE,Sweden,Europe,1997,1424764.7000000002
SWE,Sweden,Europe,1998,1448512.6
SWE,Sweden,Europe,1999,1466666.4
SWE,Sweden,Europe,2000,1475958.5000000002
SWE,Sweden,Europe,2001,1477029.5
SWE,Sweden,Europe,2002,1472360.5
SWE,Sweden,Europe,2003,1463431.3
SWE,Sweden,Europe,2004,1450476.3
SWE,Sweden,Europe,2005,1433165.9
SWE,Sweden,Europe,2006,1416162.3
SWE,Sweden,Europe,2007,1403753.8
SWE,Sweden,Europe,2008,1394467.2
SWE,Sweden,Europe,2009,1387313.4
SWE,Sweden,Europe,2010,1379345.7
SWE,Sweden,Europe,2011,1373336.7
SWE,Sweden,Europe,2012,1374694.2
SWE,Sweden,Europe,2013,1385159.1
SWE,Sweden,Europe,2014,1403743.1
SWE,Sweden,Europe,2015,1429319.0
SWE,Sweden,Europe,2016,1463071.8
SWE,Sweden,Europe,2017,1500635.2999999998
SWE,Sweden,Europe,2018,1535242.9
SWE,Sweden,Europe,2019,1562700.7
SWE,Sweden,Europe,2020,1581567.0
SWE,Sweden,Europe,2021,1596970.1999999995
SWE,Sweden,Europe,2022,1609853.0
SWE,Sweden,Europe,2023,1618518.3000000005
SWZ,Eswatini,Africa,1995,360637.6
SWZ,Eswatini,Africa,1996,370333.0
SWZ,Eswatini,Africa,1997,378542.1
SWZ,Eswatini,Africa,1998,383010.70000000007
SWZ,Eswatini,Africa,1999,384000.0
SWZ,Eswatini,Africa,2000,382903.4
SWZ,Eswatini,Africa,2001,380296.6
SWZ,Eswatini,Africa,2002,377684.1
SWZ,Eswatini,Africa,2003,375503.79999999993
SWZ,Eswatini,Africa,2004,373733.8000000001
SWZ,Eswatini,Africa,2005,372485.8
SWZ,Eswatini,Africa,2006,371486.7
SWZ,Eswatini,Africa,2007,369382.8
SWZ,Eswatini,Africa,2008,365911.7
SWZ,Eswatini,Africa,2009,362420.2
SWZ,Eswatini,Africa,2010,359546.2
SWZ,Eswatini,Africa,2011,357280.7
SWZ,Eswatini,Africa,2012,355792.5
SWZ,Eswatini,Africa,2013,354762.8
SWZ,Eswatini,Africa,2014,353304.6
SWZ,Eswatini,Africa,2015,351492.2
SWZ,Eswatini,Africa,2016,350061.8
SWZ,Eswatini,Africa,2017,349441.5
SWZ,Eswatini,Africa,2018,349044.8
SWZ,Eswatini,Africa,2019,348024.2
SWZ,Eswatini,Africa,2020,347322.2
SWZ,Eswatini,Africa,2021,347376.69999999995
SWZ,Eswatini,Africa,2022,348068.4
SWZ,Eswatini,Africa,2023,349374.9
SXM,Sint Maarten,North America,1995,6122.400000000001
SXM,Sint Maarten,North America,1996,6276.199999999999
SXM,Sint Maarten,North America,1997,6374.3
SXM,Sint Maarten,North America,1998,6397.8
SXM,Sint Maarten,North America,1999,6391.7
SXM,Sint Maarten,North America,2000,6373.7
SXM,Sint Maarten,North America,2001,6374.7
SXM,Sint Maarten,North America,2002,6421.400000000001
SXM,Sint Maarten,North America,2003,6469.1
SXM,Sint Maarten,North America,2004,6496.499999999999
SXM,Sint Maarten,North America,2005,6519.700000000001
SXM,Sint Maarten,North America,2006,6539.3
SXM,Sint Maarten,North America,2007,6543.099999999999
SXM,Sint Maarten,North America,2008,6534.7
SXM,Sint Maarten,North America,2009,6531.6
SXM,Sint Maarten,North America,2010,6543.0
SXM,Sint Maarten,North America,2011,6549.799999999999
SXM,Sint Maarten,North America,2012,6524.9
SXM,Sint Maarten,North America,2013,6482.3
SXM,Sint Maarten,North America,2014,6441.4
SXM,Sint Maarten,North America,2015,6390.7
SXM,Sint Maarten,North America,2016,6364.3
SXM,Sint Maarten,North America,2017,6390.0
SXM,Sint Maarten,North America,2018,6439.6
SXM,Sint Maarten,North America,2019,6488.400000000001
SXM,Sint Maarten,North America,2020,6518.700000000001
SXM,Sint Maarten,North America,2021,6523.4
SXM,Sint Maarten,North America,2022,6512.2
SXM,Sint Maarten,North America,2023,6471.200000000001
SYC,Seychelles,Africa,1995,20131.2
SYC,Seychelles,Africa,1996,20196.4
SYC,Seychelles,Africa,1997,20272.8
SYC,Seychelles,Africa,1998,20293.3
SYC,Seychelles,Africa,1999,20257.6
SYC,Seychelles,Africa,2000,20171.5
SYC,Seychelles,Africa,2001,20091.8
SYC,Seychelles,Africa,2002,20066.7
SYC,Seychelles,Africa,2003,20060.000000000004
SYC,Seychelles,Africa,2004,19983.9
SYC,Seychelles,Africa,2005,19814.1
SYC,Seychelles,Africa,2006,19591.2
SYC,Seychelles,Africa,2007,19357.6
SYC,Seychelles,Africa,2008,19124.4
SYC,Seychelles,Africa,2009,18891.2
SYC,Seychelles,Africa,2010,18751.7
SYC,Seychelles,Africa,2011,18848.9
SYC,Seychelles,Africa,2012,19075.3
SYC,Seychelles,Africa,2013,19253.9
SYC,Seychelles,Africa,2014,19391.3
SYC,Seychelles,Africa,2015,19527.3
SYC,Seychelles,Africa,2016,19684.3
SYC,Seychelles,Africa,2017,19880.7
SYC,Seychelles,Africa,2018,20134.8
SYC,Seychelles,Africa,2019,20396.9
SYC,Seychelles,Africa,2020,20638.4
SYC,Seychelles,Africa,2021,20912.300000000003
SYC,Seychelles,Africa,2022,21263.6
SYC,Seychelles,Africa,2023,21644.2
SYR,Syria,Asia,1995,5144246.8
SYR,Syria,Asia,1996,5253764.3
SYR,Syria,Asia,1997,5356183.299999999
SYR,Syria,Asia,1998,5454752.3
SYR,Syria,Asia,1999,5551877.799999999
SYR,Syria,Asia,2000,5645582.9
SYR,Syria,Asia,2001,5734023.999999999
SYR,Syria,Asia,2002,5816691.999999999
SYR,Syria,Asia,2003,5894574.199999999
SYR,Syria,Asia,2004,5974045.399999999
SYR,Syria,Asia,2005,6055794.3
SYR,Syria,Asia,2006,6174011.2
SYR,Syria,Asia,2007,6329902.6
SYR,Syria,Asia,2008,6408744.699999999
SYR,Syria,Asia,2009,6437928.3
SYR,Syria,Asia,2010,6499503.5
SYR,Syria,Asia,2011,6561353.3
SYR,Syria,Asia,2012,6593656.199999999
SYR,Syria,Asia,2013,6557805.700000001
SYR,Syria,Asia,2014,6517577.799999999
SYR,Syria,Asia,2015,6551228.5
SYR,Syria,Asia,2016,6651802.300000001
SYR,Syria,Asia,2017,6754799.100000001
SYR,Syria,Asia,2018,6846594.2
SYR,Syria,Asia,2019,6908953.599999999
SYR,Syria,Asia,2020,6875610.7
SYR,Syria,Asia,2021,6772577.9
SYR,Syria,Asia,2022,6670739.399999999
SYR,Syria,Asia,2023,6582796.300000001
TCA,Turks and Caicos Islands,North America,1995,3394.5
TCA,Turks and Caicos Islands,North America,1996,3508.9
TCA,Turks and Caicos Islands,North America,1997,3632.8
TCA,Turks and Caicos Islands,North America,1998,3760.5
TCA,Turks and Caicos Islands,North America,1999,3886.7
TCA,Turks and Caicos Islands,North America,2000,4014.000000000001
TCA,Turks and Caicos Islands,North America,2001,4147.700000000001
TCA,Turks and Caicos Islands,North America,2002,4306.1
TCA,Turks and Caicos Islands,North America,2003,4475.9
TCA,Turks and Caicos Islands,North America,2004,4642.5
TCA,Turks and Caicos Islands,North America,2005,4823.2
TCA,Turks and Caicos Islands,North America,2006,5014.5
TCA,Turks and Caicos Islands,North America,2007,5193.9
TCA,Turks and Caicos Islands,North America,2008,5348.1
TCA,Turks and Caicos Islands,North America,2009,5478.9
TCA,Turks and Caicos Islands,North America,2010,5592.900000000001
TCA,Turks and Caicos Islands,North America,2011,5702.6
TCA,Turks and Caicos Islands,North America,2012,5840.200000000001
TCA,Turks and Caicos Islands,North America,2013,6004.900000000001
TCA,Turks and Caicos Islands,North America,2014,6127.400000000001
TCA,Turks and Caicos Islands,North America,2015,6213.5
TCA,Turks and Caicos Islands,North America,2016,6237.7
TCA,Turks and Caicos Islands,North America,2017,6232.8
TCA,Turks and Caicos Islands,North America,2018,6270.400000000001
TCA,Turks and Caicos Islands,North America,2019,6315.200000000001
TCA,Turks and Caicos Islands,North America,2020,6350.0
TCA,Turks and Caicos Islands,North America,2021,6378.7
TCA,Turks and Caicos Islands,North America,2022,6405.100000000001
TCA,Turks and Caicos Islands,North America,2023,6428.6
TCD,Chad,Africa,1995,2379112.7
TCD,Chad,Africa,1996,2478597.1
TCD,Chad,Africa,1997,2578537.6
TCD,Chad,Africa,1998,2686845.6
TCD,Chad,Africa,1999,2793691.4
TCD,Chad,Africa,2000,2900933.5
TCD,Chad,Africa,2001,3022073.4000000004
TCD,Chad,Africa,2002,3155260.0
TCD,Chad,Africa,2003,3291404.6
TCD,Chad,Africa,2004,3429782.4
TCD,Chad,Africa,2005,3566894.1
TCD,Chad,Africa,2006,3705413.6
TCD,Chad,Africa,2007,3842356.6
TCD,Chad,Africa,2008,3978908.0
TCD,Chad,Africa,2009,4125425.9
TCD,Chad,Africa,2010,4283051.6
TCD,Chad,Africa,2011,4448448.8
TCD,Chad,Africa,2012,4615968.600000001
TCD,Chad,Africa,2013,4786419.5
TCD,Chad,Africa,2014,4964148.9
TCD,Chad,Africa,2015,5144507.3
TCD,Chad,Africa,2016,5327678.2
TCD,Chad,Africa,2017,5518702.0
TCD,Chad,Africa,2018,5716178.3
TCD,Chad,Africa,2019,5913406.9
TCD,Chad,Africa,2020,6111932.1
TCD,Chad,Africa,2021,6315296.899999999
TCD,Chad,Africa,2022,6518089.8
TCD,Chad,Africa,2023,6748326.5
TGO,Togo,Africa,1995,1488120.5
TGO,Togo,Africa,1996,1540184.4
TGO,Togo,Africa,1997,1583659.9
TGO,Togo,Africa,1998,1621135.2999999998
TGO,Togo,Africa,1999,1658538.3
TGO,Togo,Africa,2000,1695377.1
TGO,Togo,Africa,2001,1731163.1
TGO,Togo,Africa,2002,1766359.6
TGO,Togo,Africa,2003,1802603.1
TGO,Togo,Africa,2004,1841264.6
TGO,Togo,Africa,2005,1882053.2
TGO,Togo,Africa,2006,1926178.9
TGO,Togo,Africa,2007,1972389.6
TGO,Togo,Africa,2008,2019416.0
TGO,Togo,Africa,2009,2067038.0
TGO,Togo,Africa,2010,2116328.3000000003
TGO,Togo,Africa,2011,2170413.9
TGO,Togo,Africa,2012,2229726.4
TGO,Togo,Africa,2013,2293415.0
TGO,Togo,Africa,2014,2360634.1
TGO,Togo,Africa,2015,2431218.7
TGO,Togo,Africa,2016,2502508.1
TGO,Togo,Africa,2017,2571591.1
TGO,Togo,Africa,2018,2638121.0
TGO,Togo,Africa,2019,2703349.8
TGO,Togo,Africa,2020,2767927.9
TGO,Togo,Africa,2021,2831586.8
TGO,Togo,Africa,2022,2893397.9
TGO,Togo,Africa,2023,2952834.1
THA,Thailand,Asia,1995,14049143.8
THA,Thailand,Asia,1996,13987982.6
THA,Thailand,Asia,1997,13943107.7
THA,Thailand,Asia,1998,13915196.7
THA,Thailand,Asia,1999,13891957.4
THA,Thailand,Asia,2000,13827466.7
THA,Thailand,Asia,2001,13713179.4
THA,Thailand,Asia,2002,13583689.1
THA,Thailand,Asia,2003,13450664.9
THA,Thailand,Asia,2004,13309760.8
THA,Thailand,Asia,2005,13172402.299999995
THA,Thailand,Asia,2006,13056244.2
THA,Thailand,Asia,2007,12957454.2
THA,Thailand,Asia,2008,12865400.5
THA,Thailand,Asia,2009,12772293.7
THA,Thailand,Asia,2010,12650941.7
THA,Thailand,Asia,2011,12489853.9
THA,Thailand,Asia,2012,12311248.0
THA,Thailand,Asia,2013,12136644.499999998
THA,Thailand,Asia,2014,11976758.4
THA,Thailand,Asia,2015,11810863.499999998
THA,Thailand,Asia,2016,11629157.8
THA,Thailand,Asia,2017,11444175.8
THA,Thailand,Asia,2018,11265150.6
THA,Thailand,Asia,2019,11098620.9
THA,Thailand,Asia,2020,10933633.7
THA,Thailand,Asia,2021,10748392.1
THA,Thailand,Asia,2022,10542674.500000002
THA,Thailand,Asia,2023,10328137.1
TJK,Tajikistan,Asia,1995,1994572.0
TJK,Tajikistan,Asia,1996,2065674.9
TJK,Tajikistan,Asia,1997,2120048.5
TJK,Tajikistan,Asia,1998,2148359.4000000004
TJK,Tajikistan,Asia,1999,2158623.3000000003
TJK,Tajikistan,Asia,2000,2180387.3
TJK,Tajikistan,Asia,2001,2214006.8000000003
TJK,Tajikistan,Asia,2002,2238228.1
TJK,Tajikistan,Asia,2003,2260409.5
TJK,Tajikistan,Asia,2004,2277943.1
TJK,Tajikistan,Asia,2005,2282612.8
TJK,Tajikistan,Asia,2006,2279215.3
TJK,Tajikistan,Asia,2007,2277360.7
TJK,Tajikistan,Asia,2008,2278273.8
TJK,Tajikistan,Asia,2009,2283338.3999999994
TJK,Tajikistan,Asia,2010,2290624.8000000003
TJK,Tajikistan,Asia,2011,2301644.2
TJK,Tajikistan,Asia,2012,2323053.5
TJK,Tajikistan,Asia,2013,2353098.0
TJK,Tajikistan,Asia,2014,2389015.3
TJK,Tajikistan,Asia,2015,2434280.7
TJK,Tajikistan,Asia,2016,2485170.8
TJK,Tajikistan,Asia,2017,2537003.0
TJK,Tajikistan,Asia,2018,2594586.9000000004
TJK,Tajikistan,Asia,2019,2664000.1
TJK,Tajikistan,Asia,2020,2749220.6
TJK,Tajikistan,Asia,2021,2835469.8
TJK,Tajikistan,Asia,2022,2913817.1
TJK,Tajikistan,Asia,2023,2991567.7
TKL,Tokelau,Oceania,1995,528.9000000000001
TKL,Tokelau,Oceania,1996,525.5
TKL,Tokelau,Oceania,1997,528.5
TKL,Tokelau,Oceania,1998,540.0
TKL,Tokelau,Oceania,1999,551.3000000000001
TKL,Tokelau,Oceania,2000,560.5
TKL,Tokelau,Oceania,2001,563.9
TKL,Tokelau,Oceania,2002,555.3000000000001
TKL,Tokelau,Oceania,2003,539.1
TKL,Tokelau,Oceania,2004,522.2
TKL,Tokelau,Oceania,2005,500.7999999999999
TKL,Tokelau,Oceania,2006,476.50000000000006
TKL,Tokelau,Oceania,2007,463.0
TKL,Tokelau,Oceania,2008,457.7000000000001
TKL,Tokelau,Oceania,2009,449.2000000000001
TKL,Tokelau,Oceania,2010,437.6
TKL,Tokelau,Oceania,2011,428.6
TKL,Tokelau,Oceania,2012,434.6
TKL,Tokelau,Oceania,2013,443.3
TKL,Tokelau,Oceania,2014,441.0
TKL,Tokelau,Oceania,2015,436.8
TKL,Tokelau,Oceania,2016,436.5
TKL,Tokelau,Oceania,2017,453.7
TKL,Tokelau,Oceania,2018,484.50000000000006
TKL,Tokelau,Oceania,2019,516.9
TKL,Tokelau,Oceania,2020,541.6
TKL,Tokelau,Oceania,2021,553.4
TKL,Tokelau,Oceania,2022,560.6
TKL,Tokelau,Oceania,2023,564.6999999999999
TKM,Turkmenistan,Asia,1995,1365682.0
TKM,Turkmenistan,Asia,1996,1398656.4999999998
TKM,Turkmenistan,Asia,1997,1427845.9
TKM,Turkmenistan,Asia,1998,1451860.9
TKM,Turkmenistan,Asia,1999,1471311.6000000003
TKM,Turkmenistan,Asia,2000,1487411.4
TKM,Turkmenistan,Asia,2001,1498740.2000000002
TKM,Turkmenistan,Asia,2002,1505347.1
TKM,Turkmenistan,Asia,2003,1508141.3
TKM,Turkmenistan,Asia,2004,1507108.4
TKM,Turkmenistan,Asia,2005,1503604.9
TKM,Turkmenistan,Asia,2006,1498590.9
TKM,Turkmenistan,Asia,2007,1491775.8
TKM,Turkmenistan,Asia,2008,1483383.2
TKM,Turkmenistan,Asia,2009,1473175.3
TKM,Turkmenistan,Asia,2010,1461778.5
TKM,Turkmenistan,Asia,2011,1451213.4
TKM,Turkmenistan,Asia,2012,1443300.1
TKM,Turkmenistan,Asia,2013,1440482.4
TKM,Turkmenistan,Asia,2014,1444526.7
TKM,Turkmenistan,Asia,2015,1456006.9
TKM,Turkmenistan,Asia,2016,1475894.2999999998
TKM,Turkmenistan,Asia,2017,1505092.9999999998
TKM,Turkmenistan,Asia,2018,1544164.4
TKM,Turkmenistan,Asia,2019,1592779.3
TKM,Turkmenistan,Asia,2020,1649407.0000000002
TKM,Turkmenistan,Asia,2021,1712170.1
TKM,Turkmenistan,Asia,2022,1776366.2000000002
TKM,Turkmenistan,Asia,2023,1838000.4
TLS,Timor-Leste,Asia,1995,275600.7
TLS,Timor-Leste,Asia,1996,284571.8
TLS,Timor-Leste,Asia,1997,293341.6
TLS,Timor-Leste,Asia,1998,302245.1
TLS,Timor-Leste,Asia,1999,268618.50000000006
TLS,Timor-Leste,Asia,2000,240361.2
TLS,Timor-Leste,Asia,2001,261510.0
TLS,Timor-Leste,Asia,2002,282240.2
TLS,Timor-Leste,Asia,2003,293410.19999999995
TLS,Timor-Leste,Asia,2004,296764.1
TLS,Timor-Leste,Asia,2005,304081.7
TLS,Timor-Leste,Asia,2006,315866.8
TLS,Timor-Leste,Asia,2007,327957.6
TLS,Timor-Leste,Asia,2008,340021.5
TLS,Timor-Leste,Asia,2009,352109.9
TLS,Timor-Leste,Asia,2010,363696.8
TLS,Timor-Leste,Asia,2011,373586.20000000007
TLS,Timor-Leste,Asia,2012,381729.4
TLS,Timor-Leste,Asia,2013,388527.3000000001
TLS,Timor-Leste,Asia,2014,394310.0
TLS,Timor-Leste,Asia,2015,398917.9
TLS,Timor-Leste,Asia,2016,401494.29999999993
TLS,Timor-Leste,Asia,2017,402539.5
TLS,Timor-Leste,Asia,2018,403007.0
TLS,Timor-Leste,Asia,2019,403681.2
TLS,Timor-Leste,Asia,2020,405281.3
TLS,Timor-Leste,Asia,2021,407845.5
TLS,Timor-Leste,Asia,2022,410331.0
TLS,Timor-Leste,Asia,2023,412181.7
TON,Tonga,Oceania,1995,32504.7
TON,Tonga,Oceania,1996,32364.7
TON,Tonga,Oceania,1997,32211.5
TON,Tonga,Oceania,1998,32070.6
TON,Tonga,Oceania,1999,31984.1
TON,Tonga,Oceania,2000,31966.2
TON,Tonga,Oceania,2001,31983.3
TON,Tonga,Oceania,2002,32014.9
TON,Tonga,Oceania,2003,32079.6
TON,Tonga,Oceania,2004,32190.3
TON,Tonga,Oceania,2005,32368.5
TON,Tonga,Oceania,2006,32580.7
TON,Tonga,Oceania,2007,32695.9
TON,Tonga,Oceania,2008,32757.1
TON,Tonga,Oceania,2009,32866.0
TON,Tonga,Oceania,2010,32906.1
TON,Tonga,Oceania,2011,32883.399999999994
TON,Tonga,Oceania,2012,32744.2
TON,Tonga,Oceania,2013,32440.9
TON,Tonga,Oceania,2014,32133.000000000004
TON,Tonga,Oceania,2015,31919.5
TON,Tonga,Oceania,2016,31771.4
TON,Tonga,Oceania,2017,31777.0
TON,Tonga,Oceania,2018,31965.3
TON,Tonga,Oceania,2019,32225.3
TON,Tonga,Oceania,2020,32488.9
TON,Tonga,Oceania,2021,32607.2
TON,Tonga,Oceania,2022,32552.3
TON,Tonga,Oceania,2023,32381.699999999997
TTO,Trinidad and Tobago,North America,1995,359077.9
TTO,Trinidad and Tobago,North America,1996,356205.9
TTO,Trinidad and Tobago,North America,1997,351830.1
TTO,Trinidad and Tobago,North America,1998,345992.4
TTO,Trinidad and Tobago,North America,1999,338948.6
TTO,Trinidad and Tobago,North America,2000,330732.7
TTO,Trinidad and Tobago,North America,2001,321559.49999999994
TTO,Trinidad and Tobago,North America,2002,312018.7
TTO,Trinidad and Tobago,North America,2003,302400.7
TTO,Trinidad and Tobago,North America,2004,293047.6
TTO,Trinidad and Tobago,North America,2005,284146.2
TTO,Trinidad and Tobago,North America,2006,275790.7
TTO,Trinidad and Tobago,North America,2007,268171.2
TTO,Trinidad and Tobago,North America,2008,261451.5
TTO,Trinidad and Tobago,North America,2009,255712.2
TTO,Trinidad and Tobago,North America,2010,251183.7
TTO,Trinidad and Tobago,North America,2011,247957.4
TTO,Trinidad and Tobago,North America,2012,245703.60000000003
TTO,Trinidad and Tobago,North America,2013,244154.3
TTO,Trinidad and Tobago,North America,2014,243101.9
TTO,Trinidad and Tobago,North America,2015,242530.00000000003
TTO,Trinidad and Tobago,North America,2016,242421.9
TTO,Trinidad and Tobago,North America,2017,242677.5
TTO,Trinidad and Tobago,North America,2018,244894.0
TTO,Trinidad and Tobago,North America,2019,245597.8
TTO,Trinidad and Tobago,North America,2020,244155.9
TTO,Trinidad and Tobago,North America,2021,244023.20000000004
TTO,Trinidad and Tobago,North America,2022,243815.4
TTO,Trinidad and Tobago,North America,2023,243094.8
TUN,Tunisia,Africa,1995,2750009.4
TUN,Tunisia,Africa,1996,2754910.4000000004
TUN,Tunisia,Africa,1997,2756395.9
TUN,Tunisia,Africa,1998,2750860.6
TUN,Tunisia,Africa,1999,2736512.7
TUN,Tunisia,Africa,2000,2713670.3
TUN,Tunisia,Africa,2001,2682270.4
TUN,Tunisia,Africa,2002,2643026.0
TUN,Tunisia,Africa,2003,2596377.9
TUN,Tunisia,Africa,2004,2542564.0000000005
TUN,Tunisia,Africa,2005,2485939.6
TUN,Tunisia,Africa,2006,2432121.0
TUN,Tunisia,Africa,2007,2382585.1
TUN,Tunisia,Africa,2008,2339542.5
TUN,Tunisia,Africa,2009,2303719.9
TUN,Tunisia,Africa,2010,2274548.3
TUN,Tunisia,Africa,2011,2253603.9
TUN,Tunisia,Africa,2012,2241648.2
TUN,Tunisia,Africa,2013,2240066.5
TUN,Tunisia,Africa,2014,2247426.7
TUN,Tunisia,Africa,2015,2263929.0
TUN,Tunisia,Africa,2016,2290257.3000000003
TUN,Tunisia,Africa,2017,2324700.0
TUN,Tunisia,Africa,2018,2371432.1
TUN,Tunisia,Africa,2019,2423246.2
TUN,Tunisia,Africa,2020,2472043.3
TUN,Tunisia,Africa,2021,2519781.1
TUN,Tunisia,Africa,2022,2562061.3
TUN,Tunisia,Africa,2023,2593908.7
TUR,Türkiye,Asia,1995,17340341.6
TUR,Türkiye,Asia,1996,17307621.299999997
TUR,Türkiye,Asia,1997,17252890.8
TUR,Türkiye,Asia,1998,17186710.200000003
TUR,Türkiye,Asia,1999,17107905.2
TUR,Türkiye,Asia,2000,17025411.3
TUR,Türkiye,Asia,2001,16943606.200000003
TUR,Türkiye,Asia,2002,16858908.5
TUR,Türkiye,Asia,2003,16779666.5
TUR,Türkiye,Asia,2004,16710079.9
TUR,Türkiye,Asia,2005,16653441.4
TUR,Türkiye,Asia,2006,16607230.6
TUR,Türkiye,Asia,2007,16566188.1
TUR,Türkiye,Asia,2008,16572857.200000005
TUR,Türkiye,Asia,2009,16601044.8
TUR,Türkiye,Asia,2010,16580209.900000002
TUR,Türkiye,Asia,2011,16531469.9
TUR,Türkiye,Asia,2012,16490258.4
TUR,Türkiye,Asia,2013,16472129.9
TUR,Türkiye,Asia,2014,16501782.4
TUR,Türkiye,Asia,2015,16571188.4
TUR,Türkiye,Asia,2016,16583980.7
TUR,Türkiye,Asia,2017,16580504.400000002
TUR,Türkiye,Asia,2018,16602757.8
TUR,Türkiye,Asia,2019,16716309.8
TUR,Türkiye,Asia,2020,16924347.0
TUR,Türkiye,Asia,2021,17086769.099999998
TUR,Türkiye,Asia,2022,17134722.8
TUR,Türkiye,Asia,2023,17086368.7
TUV,Tuvalu,Oceania,1995,2475.9
TUV,Tuvalu,Oceania,1996,2541.2
TUV,Tuvalu,Oceania,1997,2599.5
TUV,Tuvalu,Oceania,1998,2644.2
TUV,Tuvalu,Oceania,1999,2677.8
TUV,Tuvalu,Oceania,2000,2713.8
TUV,Tuvalu,Oceania,2001,2751.6000000000004
TUV,Tuvalu,Oceania,2002,2789.5
TUV,Tuvalu,Oceania,2003,2833.5
TUV,Tuvalu,Oceania,2004,2875.5999999999995
TUV,Tuvalu,Oceania,2005,2902.8
TUV,Tuvalu,Oceania,2006,2913.0000000000005
TUV,Tuvalu,Oceania,2007,2914.9
TUV,Tuvalu,Oceania,2008,2912.7000000000003
TUV,Tuvalu,Oceania,2009,2906.0
TUV,Tuvalu,Oceania,2010,2901.8
TUV,Tuvalu,Oceania,2011,2901.9
TUV,Tuvalu,Oceania,2012,2905.7
TUV,Tuvalu,Oceania,2013,2892.9
TUV,Tuvalu,Oceania,2014,2865.8
TUV,Tuvalu,Oceania,2015,2850.2000000000003
TUV,Tuvalu,Oceania,2016,2844.0999999999995
TUV,Tuvalu,Oceania,2017,2836.9
TUV,Tuvalu,Oceania,2018,2804.9
TUV,Tuvalu,Oceania,2019,2749.5
TUV,Tuvalu,Oceania,2020,2690.9
TUV,Tuvalu,Oceania,2021,2634.7000000000003
TUV,Tuvalu,Oceania,2022,2611.3
TUV,Tuvalu,Oceania,2023,2620.4
TWN,Taiwan,,1995,4768701.8
TWN,Taiwan,,1996,4689999.0
TWN,Taiwan,,1997,4605557.0
TWN,Taiwan,,1998,4529855.000000001
TWN,Taiwan,,1999,4445390.499999999
TWN,Taiwan,,2000,4367330.9
TWN,Taiwan,,2001,4305292.2
TWN,Taiwan,,2002,4243246.199999999
TWN,Taiwan,,2003,4166570.0
TWN,Taiwan,,2004,4057363.3
TWN,Taiwan,,2005,3971472.6
TWN,Taiwan,,2006,3928313.1
TWN,Taiwan,,2007,3870720.3
TWN,Taiwan,,2008,3780869.4
TWN,Taiwan,,2009,3679409.8
TWN,Taiwan,,2010,3576376.4999999995
TWN,Taiwan,,2011,3465145.1
TWN,Taiwan,,2012,3354606.5
TWN,Taiwan,,2013,3247170.0
TWN,Taiwan,,2014,3153884.8999999994
TWN,Taiwan,,2015,3046607.2
TWN,Taiwan,,2016,2933885.6
TWN,Taiwan,,2017,2865622.0000000005
TWN,Taiwan,,2018,2813002.6
TWN,Taiwan,,2019,2780562.2
TWN,Taiwan,,2020,2761575.8000000003
TWN,Taiwan,,2021,2717838.2
TWN,Taiwan,,2022,2669780.4
TWN,Taiwan,,2023,2630464.5
TZA,Tanzania,Africa,1995,10392336.7
TZA,Tanzania,Africa,1996,10586632.1
TZA,Tanzania,Africa,1997,10795316.0
TZA,Tanzania,Africa,1998,11031025.2
TZA,Tanzania,Africa,1999,11279331.499999998
TZA,Tanzania,Africa,2000,11556626.7
TZA,Tanzania,Africa,2001,11852485.999999998
TZA,Tanzania,Africa,2002,12158842.4
TZA,Tanzania,Africa,2003,12480792.3
TZA,Tanzania,Africa,2004,12822075.3
TZA,Tanzania,Africa,2005,13182778.7
TZA,Tanzania,Africa,2006,13565437.3
TZA,Tanzania,Africa,2007,13968897.1
TZA,Tanzania,Africa,2008,14393070.6
TZA,Tanzania,Africa,2009,14836791.4
TZA,Tanzania,Africa,2010,15311180.4
TZA,Tanzania,Africa,2011,15811654.9
TZA,Tanzania,Africa,2012,16314984.0
TZA,Tanzania,Africa,2013,16817420.099999998
TZA,Tanzania,Africa,2014,17314864.099999998
TZA,Tanzania,Africa,2015,17814892.200000003
TZA,Tanzania,Africa,2016,18309964.5
TZA,Tanzania,Africa,2017,18800870.8
TZA,Tanzania,Africa,2018,19302939.3
TZA,Tanzania,Africa,2019,19817267.9
TZA,Tanzania,Africa,2020,20338975.7
TZA,Tanzania,Africa,2021,20875146.8
TZA,Tanzania,Africa,2022,21444039.0
TZA,Tanzania,Africa,2023,22034325.6
UGA,Uganda,Africa,1995,7253362.0
UGA,Uganda,Africa,1996,7513749.000000001
UGA,Uganda,Africa,1997,7793153.9
UGA,Uganda,Africa,1998,8089355.2
UGA,Uganda,Africa,1999,8406805.8
UGA,Uganda,Africa,2000,8732822.4
UGA,Uganda,Africa,2001,9056399.6
UGA,Uganda,Africa,2002,9381976.8
UGA,Uganda,Africa,2003,9712878.2
UGA,Uganda,Africa,2004,10044533.0
UGA,Uganda,Africa,2005,10381981.7
UGA,Uganda,Africa,2006,10724687.9
UGA,Uganda,Africa,2007,11073327.3
UGA,Uganda,Africa,2008,11426581.6
UGA,Uganda,Africa,2009,11785145.9
UGA,Uganda,Africa,2010,12145975.1
UGA,Uganda,Africa,2011,12510284.0
UGA,Uganda,Africa,2012,12876434.599999998
UGA,Uganda,Africa,2013,13239246.6
UGA,Uganda,Africa,2014,13606062.5
UGA,Uganda,Africa,2015,13979678.8
UGA,Uganda,Africa,2016,14367216.1
UGA,Uganda,Africa,2017,14757522.2
UGA,Uganda,Africa,2018,15131149.6
UGA,Uganda,Africa,2019,15492733.0
UGA,Uganda,Africa,2020,15842478.3
UGA,Uganda,Africa,2021,16183163.2
UGA,Uganda,Africa,2022,16517220.000000002
UGA,Uganda,Africa,2023,16854686.1
UKR,Ukraine,Europe,1995,9898170.5
UKR,Ukraine,Europe,1996,9804716.6
UKR,Ukraine,Europe,1997,9673216.5
UKR,Ukraine,Europe,1998,9490001.499999998
UKR,Ukraine,Europe,1999,9259118.2
UKR,Ukraine,Europe,2000,8997737.599999998
UKR,Ukraine,Europe,2001,8698673.7
UKR,Ukraine,Europe,2002,8365051.599999999
UKR,Ukraine,Europe,2003,8000977.999999999
UKR,Ukraine,Europe,2004,7630883.099999999
UKR,Ukraine,Europe,2005,7278698.499999998
UKR,Ukraine,Europe,2006,6921938.7
UKR,Ukraine,Europe,2007,6574985.399999999
UKR,Ukraine,Europe,2008,6274328.9
UKR,Ukraine,Europe,2009,6034454.7
UKR,Ukraine,Europe,2010,5844779.2
UKR,Ukraine,Europe,2011,5702635.0
UKR,Ukraine,Europe,2012,5624178.899999999
UKR,Ukraine,Europe,2013,5611374.899999999
UKR,Ukraine,Europe,2014,5642745.7
UKR,Ukraine,Europe,2015,5687733.7
UKR,Ukraine,Europe,2016,5748638.699999999
UKR,Ukraine,Europe,2017,5838140.399999999
UKR,Ukraine,Europe,2018,5938666.1
UKR,Ukraine,Europe,2019,6025765.100000001
UKR,Ukraine,Europe,2020,6087684.9
UKR,Ukraine,Europe,2021,6123400.5
UKR,Ukraine,Europe,2022,5726556.000000001
UKR,Ukraine,Europe,2023,5254994.1
URY,Uruguay,North America,1995,675206.0
URY,Uruguay,North America,1996,673913.2
URY,Uruguay,North America,1997,673589.5
URY,Uruguay,North America,1998,674301.7
URY,Uruguay,North America,1999,676091.2999999999
URY,Uruguay,North America,2000,678895.3999999999
URY,Uruguay,North America,2001,681378.0
URY,Uruguay,North America,2002,682714.9
URY,Uruguay,North America,2003,682627.7999999999
URY,Uruguay,North America,2004,681642.7
URY,Uruguay,North America,2005,679917.5999999999
URY,Uruguay,North America,2006,677358.7999999999
URY,Uruguay,North America,2007,674413.8
URY,Uruguay,North America,2008,670620.6
URY,Uruguay,North America,2009,665644.8
URY,Uruguay,North America,2010,660364.5
URY,Uruguay,North America,2011,655045.4
URY,Uruguay,North America,2012,649401.1
URY,Uruguay,North America,2013,643714.7
URY,Uruguay,North America,2014,637853.7
URY,Uruguay,North America,2015,631979.0
URY,Uruguay,North America,2016,626363.7999999999
URY,Uruguay,North America,2017,621261.0
URY,Uruguay,North America,2018,617482.9
URY,Uruguay,North America,2019,614663.2
URY,Uruguay,North America,2020,612543.8999999999
URY,Uruguay,North America,2021,610435.7999999999
URY,Uruguay,North America,2022,606241.8
URY,Uruguay,North America,2023,599228.1000000001
USA,United States,North America,1995,49617341.8
USA,United States,North America,1996,50513259.2
USA,United States,North America,1997,51251749.19999999
USA,United States,North America,1998,51861171.2
USA,United States,North America,1999,52343163.2
USA,United States,North America,2000,52665538.4
USA,United States,North America,2001,52850359.5
USA,United States,North America,2002,52929530.3
USA,United States,North America,2003,52994285.50000001
USA,United States,North America,2004,53064247.9
USA,United States,North America,2005,53140946.2
USA,United States,North America,2006,53230706.1
USA,United States,North America,2007,53314033.6
USA,United States,North America,2008,53418274.8
USA,United States,North America,2009,53541048.1
USA,United States,North America,2010,53682251.2
USA,United States,North America,2011,53912844.4
USA,United States,North America,2012,54264167.2
USA,United States,North America,2013,54671819.3
USA,United States,North America,2014,55052401.5
USA,United States,North America,2015,55361456.6
USA,United States,North America,2016,55641454.1
USA,United States,North America,2017,55934779.7
USA,United States,North America,2018,56176499.4
USA,United States,North America,2019,56375022.1
USA,United States,North America,2020,56327508.8
USA,United States,North America,2021,56043648.5
USA,United States,North America,2022,55738062.3
USA,United States,North America,2023,55355757.1
UZB,Uzbekistan,Asia,1995,7164063.5
UZB,Uzbekistan,Asia,1996,7340842.399999999
UZB,Uzbekistan,Asia,1997,7516882.1
UZB,Uzbekistan,Asia,1998,7672762.7
UZB,Uzbekistan,Asia,1999,7794288.699999999
UZB,Uzbekistan,Asia,2000,7883234.9
UZB,Uzbekistan,Asia,2001,7943733.5
UZB,Uzbekistan,Asia,2002,7967634.0
UZB,Uzbekistan,Asia,2003,7952775.9
UZB,Uzbekistan,Asia,2004,7900033.4
UZB,Uzbekistan,Asia,2005,7809668.600000001
UZB,Uzbekistan,Asia,2006,7685394.2
UZB,Uzbekistan,Asia,2007,7547304.600000001
UZB,Uzbekistan,Asia,2008,7415253.5
UZB,Uzbekistan,Asia,2009,7298220.4
UZB,Uzbekistan,Asia,2010,7187514.5
UZB,Uzbekistan,Asia,2011,7081086.499999999
UZB,Uzbekistan,Asia,2012,7010685.9
UZB,Uzbekistan,Asia,2013,6996246.799999999
UZB,Uzbekistan,Asia,2014,7025213.7
UZB,Uzbekistan,Asia,2015,7070862.699999999
UZB,Uzbekistan,Asia,2016,7123195.6
UZB,Uzbekistan,Asia,2017,7194123.1
UZB,Uzbekistan,Asia,2018,7308076.699999999
UZB,Uzbekistan,Asia,2019,7474408.299999999
UZB,Uzbekistan,Asia,2020,7676566.5
UZB,Uzbekistan,Asia,2021,7889074.1
UZB,Uzbekistan,Asia,2022,8089694.899999999
UZB,Uzbekistan,Asia,2023,8295768.0
VAT,Holy See,Europe,1995,72.0
VAT,Holy See,Europe,1996,69.99999999999999
VAT,Holy See,Europe,1997,68.0
VAT,Holy See,Europe,1998,66.0
VAT,Holy See,Europe,1999,64.0
VAT,Holy See,Europe,2000,62.0
VAT,Holy See,Europe,2001,60.0
VAT,Holy See,Europe,2002,58.2
VAT,Holy See,Europe,2003,56.8
VAT,Holy See,Europe,2004,55.1
VAT,Holy See,Europe,2005,52.900000000000006
VAT,Holy See,Europe,2006,50.7
VAT,Holy See,Europe,2007,48.8
VAT,Holy See,Europe,2008,47.5
VAT,Holy See,Europe,2009,46.5
VAT,Holy See,Europe,2010,45.5
VAT,Holy See,Europe,2011,44.0
VAT,Holy See,Europe,2012,41.99999999999999
VAT,Holy See,Europe,2013,40.0
VAT,Holy See,Europe,2014,37.9
VAT,Holy See,Europe,2015,36.00000000000001
VAT,Holy See,Europe,2016,34.4
VAT,Holy See,Europe,2017,32.8
VAT,Holy See,Europe,2018,31.5
VAT,Holy See,Europe,2019,30.5
VAT,Holy See,Europe,2020,29.5
VAT,Holy See,Europe,2021,28.7
VAT,Holy See,Europe,2022,28.1
VAT,Holy See,Europe,2023,27.5
VCT,Saint Vincent and the Grenadines,North America,1995,33525.8
VCT,Saint Vincent and the Grenadines,North America,1996,32860.100000000006
VCT,Saint Vincent and the Grenadines,North America,1997,32292.8
VCT,Saint Vincent and the Grenadines,North America,1998,31822.900000000005
VCT,Saint Vincent and the Grenadines,North America,1999,31442.300000000003
VCT,Saint Vincent and the Grenadines,North America,2000,31124.1
VCT,Saint Vincent and the Grenadines,North America,2001,30684.9
VCT,Saint Vincent and the Grenadines,North America,2002,30051.6
VCT,Saint Vincent and the Grenadines,North America,2003,29425.1
VCT,Saint Vincent and the Grenadines,North America,2004,28957.9
VCT,Saint Vincent and the Grenadines,North America,2005,28490.2
VCT,Saint Vincent and the Grenadines,North America,2006,27886.9
VCT,Saint Vincent and the Grenadines,North America,2007,27263.9
VCT,Saint Vincent and the Grenadines,North America,2008,26650.2
VCT,Saint Vincent and the Grenadines,North America,2009,26022.0
VCT,Saint Vincent and the Grenadines,North America,2010,25391.4
VCT,Saint Vincent and the Grenadines,North America,2011,24784.300000000003
VCT,Saint Vincent and the Grenadines,North America,2012,24167.9
VCT,Saint Vincent and the Grenadines,North America,2013,23539.6
VCT,Saint Vincent and the Grenadines,North America,2014,22935.6
VCT,Saint Vincent and the Grenadines,North America,2015,22357.5
VCT,Saint Vincent and the Grenadines,North America,2016,21814.6
VCT,Saint Vincent and the Grenadines,North America,2017,21345.6
VCT,Saint Vincent and the Grenadines,North America,2018,20954.5
VCT,Saint Vincent and the Grenadines,North America,2019,20613.1
VCT,Saint Vincent and the Grenadines,North America,2020,20392.4
VCT,Saint Vincent and the Grenadines,North America,2021,20274.8
VCT,Saint Vincent and the Grenadines,North America,2022,20122.6
VCT,Saint Vincent and the Grenadines,North America,2023,19918.9
VEN,Venezuela,North America,1995,6611421.399999999
VEN,Venezuela,North America,1996,6706763.100000001
VEN,Venezuela,North America,1997,6794500.300000001
VEN,Venezuela,North America,1998,6874214.8
VEN,Venezuela,North America,1999,6945482.1
VEN,Venezuela,North America,2000,7008894.800000001
VEN,Venezuela,North America,2001,7064837.0
VEN,Venezuela,North America,2002,7114803.1
VEN,Venezuela,North America,2003,7160212.4
VEN,Venezuela,North America,2004,7200836.2
VEN,Venezuela,North America,2005,7235241.399999999
VEN,Venezuela,North America,2006,7265336.4
VEN,Venezuela,North America,2007,7293750.5
VEN,Venezuela,North America,2008,7319148.400000001
VEN,Venezuela,North America,2009,7339923.800000001
VEN,Venezuela,North America,2010,7361277.000000001
VEN,Venezuela,North America,2011,7386610.2
VEN,Venezuela,North America,2012,7408440.600000001
VEN,Venezuela,North America,2013,7423672.6
VEN,Venezuela,North America,2014,7432319.1
VEN,Venezuela,North America,2015,7436195.000000001
VEN,Venezuela,North America,2016,7427412.1
VEN,Venezuela,North America,2017,7375604.799999999
VEN,Venezuela,North America,2018,7261467.2
VEN,Venezuela,North America,2019,7142077.799999999
VEN,Venezuela,North America,2020,7070360.7
VEN,Venezuela,North America,2021,7020129.699999999
VEN,Venezuela,North America,2022,6969030.800000001
VEN,Venezuela,North America,2023,6901854.2
VGB,Virgin Islands,North America,1995,3939.1
VGB,Virgin Islands,North America,1996,4041.1
VGB,Virgin Islands,North America,1997,4130.3
VGB,Virgin Islands,North America,1998,4224.400000000001
VGB,Virgin Islands,North America,1999,4325.400000000001
VGB,Virgin Islands,North America,2000,4433.099999999999
VGB,Virgin Islands,North America,2001,4539.300000000001
VGB,Virgin Islands,North America,2002,4625.099999999999
VGB,Virgin Islands,North America,2003,4689.999999999999
VGB,Virgin Islands,North America,2004,4743.1
VGB,Virgin Islands,North America,2005,4793.9
VGB,Virgin Islands,North America,2006,4831.2
VGB,Virgin Islands,North America,2007,4862.5
VGB,Virgin Islands,North America,2008,4925.3
VGB,Virgin Islands,North America,2009,5036.8
VGB,Virgin Islands,North America,2010,5141.0
VGB,Virgin Islands,North America,2011,5277.700000000001
VGB,Virgin Islands,North America,2012,5467.400000000001
VGB,Virgin Islands,North America,2013,5673.500000000001
VGB,Virgin Islands,North America,2014,5858.599999999999
VGB,Virgin Islands,North America,2015,6001.1
VGB,Virgin Islands,North America,2016,5956.1
VGB,Virgin Islands,North America,2017,5833.2
VGB,Virgin Islands,North America,2018,5890.400000000001
VGB,Virgin Islands,North America,2019,5943.400000000001
VGB,Virgin Islands,North America,2020,5923.8
VGB,Virgin Islands,North America,2021,5912.8
VGB,Virgin Islands,North America,2022,5892.799999999999
VGB,Virgin Islands,North America,2023,5808.8
VIR,Virgin Islands,North America,1995,23813.6
VIR,Virgin Islands,North America,1996,24012.9
VIR,Virgin Islands,North America,1997,24296.2
VIR,Virgin Islands,North America,1998,24595.0
VIR,Virgin Islands,North America,1999,24874.2
VIR,Virgin Islands,North America,2000,24860.5
VIR,Virgin Islands,North America,2001,24484.3
VIR,Virgin Islands,North America,2002,23940.9
VIR,Virgin Islands,North America,2003,23247.0
VIR,Virgin Islands,North America,2004,22387.3
VIR,Virgin Islands,North America,2005,21600.9
VIR,Virgin Islands,North America,2006,21032.200000000004
VIR,Virgin Islands,North America,2007,20516.2
VIR,Virgin Islands,North America,2008,20004.2
VIR,Virgin Islands,North America,2009,19498.1
VIR,Virgin Islands,North America,2010,18766.300000000003
VIR,Virgin Islands,North America,2011,18064.4
VIR,Virgin Islands,North America,2012,17624.2
VIR,Virgin Islands,North America,2013,17203.899999999998
VIR,Virgin Islands,North America,2014,16903.8
VIR,Virgin Islands,North America,2015,16494.9
VIR,Virgin Islands,North America,2016,15814.6
VIR,Virgin Islands,North America,2017,15045.5
VIR,Virgin Islands,North America,2018,14216.999999999998
VIR,Virgin Islands,North America,2019,13326.2
VIR,Virgin Islands,North America,2020,12833.3
VIR,Virgin Islands,North America,2021,12747.5
VIR,Virgin Islands,North America,2022,12613.600000000002
VIR,Virgin Islands,North America,2023,12451.4
VNM,Vietnam,Asia,1995,21886411.4
VNM,Vietnam,Asia,1996,22125856.899999995
VNM,Vietnam,Asia,1997,22326195.6
VNM,Vietnam,Asia,1998,22458431.1
VNM,Vietnam,Asia,1999,22493372.7
VNM,Vietnam,Asia,2000,22416771.2
VNM,Vietnam,Asia,2001,22237835.0
VNM,Vietnam,Asia,2002,21963707.4
VNM,Vietnam,Asia,2003,21590857.8
VNM,Vietnam,Asia,2004,21129092.2
VNM,Vietnam,Asia,2005,20655687.9
VNM,Vietnam,Asia,2006,20288775.1
VNM,Vietnam,Asia,2007,20016172.2
VNM,Vietnam,Asia,2008,19797482.5
VNM,Vietnam,Asia,2009,19580618.4
VNM,Vietnam,Asia,2010,19300583.5
VNM,Vietnam,Asia,2011,19018292.0
VNM,Vietnam,Asia,2012,18803679.4
VNM,Vietnam,Asia,2013,18681152.2
VNM,Vietnam,Asia,2014,18610033.0
VNM,Vietnam,Asia,2015,18552506.8
VNM,Vietnam,Asia,2016,18545908.7
VNM,Vietnam,Asia,2017,18807073.9
VNM,Vietnam,Asia,2018,19347840.7
VNM,Vietnam,Asia,2019,19842833.9
VNM,Vietnam,Asia,2020,20215129.9
VNM,Vietnam,Asia,2021,20510127.2
VNM,Vietnam,Asia,2022,20714803.4
VNM,Vietnam,Asia,2023,20791357.5
VUT,Vanuatu,Oceania,1995,55944.1
VUT,Vanuatu,Oceania,1996,57327.4
VUT,Vanuatu,Oceania,1997,58975.9
VUT,Vanuatu,Oceania,1998,61037.9
VUT,Vanuatu,Oceania,1999,62762.4
VUT,Vanuatu,Oceania,2000,64010.7
VUT,Vanuatu,Oceania,2001,65185.100000000006
VUT,Vanuatu,Oceania,2002,66175.5
VUT,Vanuatu,Oceania,2003,67013.7
VUT,Vanuatu,Oceania,2004,67756.0
VUT,Vanuatu,Oceania,2005,68462.7
VUT,Vanuatu,Oceania,2006,69172.6
VUT,Vanuatu,Oceania,2007,69866.7
VUT,Vanuatu,Oceania,2008,70548.2
VUT,Vanuatu,Oceania,2009,71222.2
VUT,Vanuatu,Oceania,2010,71741.29999999999
VUT,Vanuatu,Oceania,2011,72212.2
VUT,Vanuatu,Oceania,2012,72922.7
VUT,Vanuatu,Oceania,2013,73952.9
VUT,Vanuatu,Oceania,2014,75304.0
VUT,Vanuatu,Oceania,2015,76914.0
VUT,Vanuatu,Oceania,2016,78769.5
VUT,Vanuatu,Oceania,2017,81082.2
VUT,Vanuatu,Oceania,2018,83773.4
VUT,Vanuatu,Oceania,2019,86539.3
VUT,Vanuatu,Oceania,2020,89398.6
VUT,Vanuatu,Oceania,2021,92306.60000000002
VUT,Vanuatu,Oceania,2022,95180.3
VUT,Vanuatu,Oceania,2023,97940.6
WLF,Wallis and Futuna,Oceania,1995,4666.299999999999
WLF,Wallis and Futuna,Oceania,1996,4712.6
WLF,Wallis and Futuna,Oceania,1997,4703.4
WLF,Wallis and Futuna,Oceania,1998,4644.599999999999
WLF,Wallis and Futuna,Oceania,1999,4588.3
WLF,Wallis and Futuna,Oceania,2000,4538.9
WLF,Wallis and Futuna,Oceania,2001,4496.400000000001
WLF,Wallis and Futuna,Oceania,2002,4470.4
WLF,Wallis and Futuna,Oceania,2003,4420.099999999999
WLF,Wallis and Futuna,Oceania,2004,4299.799999999999
WLF,Wallis and Futuna,Oceania,2005,4157.9
WLF,Wallis and Futuna,Oceania,2006,4028.3
WLF,Wallis and Futuna,Oceania,2007,3911.7999999999993
WLF,Wallis and Futuna,Oceania,2008,3806.1
WLF,Wallis and Futuna,Oceania,2009,3674.8
WLF,Wallis and Futuna,Oceania,2010,3525.0
WLF,Wallis and Futuna,Oceania,2011,3385.2000000000003
WLF,Wallis and Futuna,Oceania,2012,3271.0999999999995
WLF,Wallis and Futuna,Oceania,2013,3183.4
WLF,Wallis and Futuna,Oceania,2014,3082.6000000000004
WLF,Wallis and Futuna,Oceania,2015,2971.7
WLF,Wallis and Futuna,Oceania,2016,2880.8
WLF,Wallis and Futuna,Oceania,2017,2814.7000000000003
WLF,Wallis and Futuna,Oceania,2018,2756.9999999999995
WLF,Wallis and Futuna,Oceania,2019,2687.9999999999995
WLF,Wallis and Futuna,Oceania,2020,2624.3
WLF,Wallis and Futuna,Oceania,2021,2572.4
WLF,Wallis and Futuna,Oceania,2022,2528.3
WLF,Wallis and Futuna,Oceania,2023,2470.5
WSM,Samoa,Oceania,1995,55096.7
WSM,Samoa,Oceania,1996,55091.9
WSM,Samoa,Oceania,1997,55330.8
WSM,Samoa,Oceania,1998,55735.6
WSM,Samoa,Oceania,1999,56268.9
WSM,Samoa,Oceania,2000,57042.50000000001
WSM,Samoa,Oceania,2001,58165.7
WSM,Samoa,Oceania,2002,58920.4
WSM,Samoa,Oceania,2003,59030.2
WSM,Samoa,Oceania,2004,59116.6
WSM,Samoa,Oceania,2005,59182.1
WSM,Samoa,Oceania,2006,59175.3
WSM,Samoa,Oceania,2007,59136.8
WSM,Samoa,Oceania,2008,59070.3
WSM,Samoa,Oceania,2009,58994.7
WSM,Samoa,Oceania,2010,58930.7
WSM,Samoa,Oceania,2011,58993.1
WSM,Samoa,Oceania,2012,59041.3
WSM,Samoa,Oceania,2013,59084.5
WSM,Samoa,Oceania,2014,59282.3
WSM,Samoa,Oceania,2015,59577.8
WSM,Samoa,Oceania,2016,60036.2
WSM,Samoa,Oceania,2017,60890.8
WSM,Samoa,Oceania,2018,61982.5
WSM,Samoa,Oceania,2019,63000.8
WSM,Samoa,Oceania,2020,64011.5
WSM,Samoa,Oceania,2021,65282.80000000001
WSM,Samoa,Oceania,2022,66867.79999999999
WSM,Samoa,Oceania,2023,68373.40000000001
XKX,Kosovo,Europe,1995,643129.9
XKX,Kosovo,Europe,1996,647459.7999999999
XKX,Kosovo,Europe,1997,645963.6000000001
XKX,Kosovo,Europe,1998,623616.8
XKX,Kosovo,Europe,1999,592459.6
XKX,Kosovo,Europe,2000,579715.8999999999
XKX,Kosovo,Europe,2001,577380.4
XKX,Kosovo,Europe,2002,565415.0
XKX,Kosovo,Europe,2003,544353.5999999999
XKX,Kosovo,Europe,2004,524071.29999999993
XKX,Kosovo,Europe,2005,504785.0999999999
XKX,Kosovo,Europe,2006,489294.3000000001
XKX,Kosovo,Europe,2007,478349.0
XKX,Kosovo,Europe,2008,469595.9
XKX,Kosovo,Europe,2009,461992.7
XKX,Kosovo,Europe,2010,455650.1
XKX,Kosovo,Europe,2011,449477.4
XKX,Kosovo,Europe,2012,443393.9
XKX,Kosovo,Europe,2013,437298.9
XKX,Kosovo,Europe,2014,429667.9
XKX,Kosovo,Europe,2015,420184.7
XKX,Kosovo,Europe,2016,411946.8
XKX,Kosovo,Europe,2017,405995.5
XKX,Kosovo,Europe,2018,399852.5
XKX,Kosovo,Europe,2019,392250.3000000001
XKX,Kosovo,Europe,2020,384033.9
XKX,Kosovo,Europe,2021,372326.5
XKX,Kosovo,Europe,2022,358070.8
XKX,Kosovo,Europe,2023,345633.7
YEM,Yemen,Asia,1995,6237765.4
YEM,Yemen,Asia,1996,6490482.300000001
YEM,Yemen,Asia,1997,6743056.899999999
YEM,Yemen,Asia,1998,6994012.899999999
YEM,Yemen,Asia,1999,7237188.0
YEM,Yemen,Asia,2000,7466672.3
YEM,Yemen,Asia,2001,7670684.399999999
YEM,Yemen,Asia,2002,7854792.8
YEM,Yemen,Asia,2003,8032563.8
YEM,Yemen,Asia,2004,8206074.6
YEM,Yemen,Asia,2005,8381140.599999999
YEM,Yemen,Asia,2006,8554042.4
YEM,Yemen,Asia,2007,8721599.2
YEM,Yemen,Asia,2008,8889210.6
YEM,Yemen,Asia,2009,9060240.4
YEM,Yemen,Asia,2010,9234115.3
YEM,Yemen,Asia,2011,9419297.6
YEM,Yemen,Asia,2012,9613977.6
YEM,Yemen,Asia,2013,9808197.4
YEM,Yemen,Asia,2014,10007345.3
YEM,Yemen,Asia,2015,10207440.9
YEM,Yemen,Asia,2016,10409290.0
YEM,Yemen,Asia,2017,10629477.2
YEM,Yemen,Asia,2018,10872475.9
YEM,Yemen,Asia,2019,11137908.3
YEM,Yemen,Asia,2020,11421489.5
YEM,Yemen,Asia,2021,11721813.4
YEM,Yemen,Asia,2022,12048101.2
YEM,Yemen,Asia,2023,12396792.9
ZAF,South Africa,Africa,1995,13821827.1
ZAF,South Africa,Africa,1996,14209958.3
ZAF,South Africa,Africa,1997,14481480.7
ZAF,South Africa,Africa,1998,14566567.2
ZAF,South Africa,Africa,1999,14593179.2
ZAF,South Africa,Africa,2000,14593385.5
ZAF,South Africa,Africa,2001,14577379.2
ZAF,South Africa,Africa,2002,14503519.6
ZAF,South Africa,Africa,2003,14366159.1
ZAF,South Africa,Africa,2004,14188790.7
ZAF,South Africa,Africa,2005,13977723.3
ZAF,South Africa,Africa,2006,13742457.1
ZAF,South Africa,Africa,2007,13507351.1
ZAF,South Africa,Africa,2008,13297396.7
ZAF,South Africa,Africa,2009,13149550.0
ZAF,South Africa,Africa,2010,13066554.9
ZAF,South Africa,Africa,2011,13029092.4
ZAF,South Africa,Africa,2012,13071207.7
ZAF,South Africa,Africa,2013,13199638.400000002
ZAF,South Africa,Africa,2014,13326167.000000002
ZAF,South Africa,Africa,2015,13435435.8
ZAF,South Africa,Africa,2016,13483273.0
ZAF,South Africa,Africa,2017,13545374.0
ZAF,South Africa,Africa,2018,13671246.9
ZAF,South Africa,Africa,2019,13739346.9
ZAF,South Africa,Africa,2020,13733432.3
ZAF,South Africa,Africa,2021,13663018.9
ZAF,South Africa,Africa,2022,13650186.999999998
ZAF,South Africa,Africa,2023,13740789.3
ZMB,Zambia,Africa,1995,3183890.0
ZMB,Zambia,Africa,1996,3261546.7
ZMB,Zambia,Africa,1997,3341727.6
ZMB,Zambia,Africa,1998,3424800.5000000005
ZMB,Zambia,Africa,1999,3512778.9000000004
ZMB,Zambia,Africa,2000,3607115.2
ZMB,Zambia,Africa,2001,3708056.8
ZMB,Zambia,Africa,2002,3812455.5
ZMB,Zambia,Africa,2003,3920661.6
ZMB,Zambia,Africa,2004,4034003.6
ZMB,Zambia,Africa,2005,4152513.8
ZMB,Zambia,Africa,2006,4275593.5
ZMB,Zambia,Africa,2007,4403731.6
ZMB,Zambia,Africa,2008,4538196.100000001
ZMB,Zambia,Africa,2009,4679702.999999999
ZMB,Zambia,Africa,2010,4829608.9
ZMB,Zambia,Africa,2011,4987237.699999999
ZMB,Zambia,Africa,2012,5152046.6
ZMB,Zambia,Africa,2013,5321992.5
ZMB,Zambia,Africa,2014,5495183.9
ZMB,Zambia,Africa,2015,5669910.300000001
ZMB,Zambia,Africa,2016,5845462.3
ZMB,Zambia,Africa,2017,6019988.7
ZMB,Zambia,Africa,2018,6189665.3
ZMB,Zambia,Africa,2019,6352140.2
ZMB,Zambia,Africa,2020,6506929.1
ZMB,Zambia,Africa,2021,6655210.6
ZMB,Zambia,Africa,2022,6797635.199999999
ZMB,Zambia,Africa,2023,6937022.000000001
ZWE,Zimbabwe,Africa,1995,4250392.600000001
ZWE,Zimbabwe,Africa,1996,4275726.1
ZWE,Zimbabwe,Africa,1997,4292622.9
ZWE,Zimbabwe,Africa,1998,4293350.4
ZWE,Zimbabwe,Africa,1999,4266082.6
ZWE,Zimbabwe,Africa,2000,4208520.2
ZWE,Zimbabwe,Africa,2001,4141929.9
ZWE,Zimbabwe,Africa,2002,4101135.4
ZWE,Zimbabwe,Africa,2003,4091151.1
ZWE,Zimbabwe,Africa,2004,4094850.2
ZWE,Zimbabwe,Africa,2005,4108308.3
ZWE,Zimbabwe,Africa,2006,4142002.5
ZWE,Zimbabwe,Africa,2007,4198752.6
ZWE,Zimbabwe,Africa,2008,4270474.3
ZWE,Zimbabwe,Africa,2009,4351822.5
ZWE,Zimbabwe,Africa,2010,4435564.499999999
ZWE,Zimbabwe,Africa,2011,4515968.399999999
ZWE,Zimbabwe,Africa,2012,4586840.0
ZWE,Zimbabwe,Africa,2013,4654932.2
ZWE,Zimbabwe,Africa,2014,4736038.4
ZWE,Zimbabwe,Africa,2015,4834988.600000001
ZWE,Zimbabwe,Africa,2016,4947987.9
ZWE,Zimbabwe,Africa,2017,5065944.100000001
ZWE,Zimbabwe,Africa,2018,5177918.0
ZWE,Zimbabwe,Africa,2019,5275422.6
ZWE,Zimbabwe,Africa,2020,5357128.699999999
ZWE,Zimbabwe,Africa,2021,5427466.399999999
ZWE,Zimbabwe,Africa,2022,5491208.4
ZWE,Zimbabwe,Africa,2023,5548377.5
