code,country,continent,year,value
ABW,Aruba,North America,2000,0.057850353
ABW,Aruba,North America,2001,0.07040474
ABW,Aruba,North America,2002,0.06777345
ABW,Aruba,North America,2003,0.013391783
ABW,Aruba,North America,2004,0.06466563
ABW,Aruba,North America,2005,0.034738988
ABW,Aruba,North America,2006,0.04195373
ABW,Aruba,North America,2007,0.19403386
ABW,Aruba,North America,2008,0.23776709
ABW,Aruba,North America,2009,0.35438573
ABW,Aruba,North America,2010,0.20264398
ABW,Aruba,North America,2011,0.20119582
ABW,Aruba,North America,2012,0.18584886
ABW,Aruba,North America,2013,2.1315968
ABW,Aruba,North America,2014,2.100722
ABW,Aruba,North America,2015,1.8103877
ABW,Aruba,North America,2016,1.7657754
ABW,Aruba,North America,2017,1.8154178
ABW,Aruba,North America,2018,1.1269286
ABW,Aruba,North America,2019,1.0238385
ABW,Aruba,North America,2020,1.4155446
ABW,Aruba,North America,2021,1.2442502
ABW,Aruba,North America,2022,1.1515974
ABW,Aruba,North America,2023,1.0160888
ABW,Aruba,North America,2024,0.8938294
AFG,Afghanistan,Asia,2008,0.88572365
AFG,Afghanistan,Asia,2009,1.1331624
AFG,Afghanistan,Asia,2010,2.3851583
AFG,Afghanistan,Asia,2011,1.0059847
AFG,Afghanistan,Asia,2012,1.1021874
AFG,Afghanistan,Asia,2013,1.7232112
AFG,Afghanistan,Asia,2014,1.2361138
AFG,Afghanistan,Asia,2015,1.8219959
AFG,Afghanistan,Asia,2016,3.464843
AFG,Afghanistan,Asia,2017,4.387093
AFG,Afghanistan,Asia,2018,4.4509864
AFG,Afghanistan,Asia,2019,4.407428
AFG,Afghanistan,Asia,2020,3.953297
AFG,Afghanistan,Asia,2021,2.24404
AFG,Afghanistan,Asia,2022,2.2073162
AFG,Afghanistan,Asia,2023,1.8656461
AGO,Angola,Africa,2008,0.08308902
AGO,Angola,Africa,2009,0.00019871263
AGO,Angola,Africa,2010,0.018809646
AGO,Angola,Africa,2011,0.00016308119
AGO,Angola,Africa,2012,0.02810339
AGO,Angola,Africa,2013,0.024614438
AGO,Angola,Africa,2014,0.020183217
AGO,Angola,Africa,2015,0.0108390665
AGO,Angola,Africa,2016,0.006660262
AGO,Angola,Africa,2017,0.0016807861
AGO,Angola,Africa,2018,0.0017642698
AGO,Angola,Africa,2019,0.004267663
AGO,Angola,Africa,2020,0.013683458
AGO,Angola,Africa,2021,0.015876347
AGO,Angola,Africa,2022,0.010673924
AGO,Angola,Africa,2023,0.011259514
AGO,Angola,Africa,2024,0.050534558
ALB,Albania,Europe,2000,16.677034
ALB,Albania,Europe,2001,17.22811
ALB,Albania,Europe,2002,16.247387
ALB,Albania,Europe,2003,15.318729
ALB,Albania,Europe,2004,15.670685
ALB,Albania,Europe,2005,15.620173
ALB,Albania,Europe,2006,14.856709
ALB,Albania,Europe,2007,13.2052555
ALB,Albania,Europe,2008,14.0708275
ALB,Albania,Europe,2009,13.924789
ALB,Albania,Europe,2010,13.1267805
ALB,Albania,Europe,2011,11.963217
ALB,Albania,Europe,2012,11.593292
ALB,Albania,Europe,2013,10.016797
ALB,Albania,Europe,2014,10.687222
ALB,Albania,Europe,2015,11.25409
ALB,Albania,Europe,2016,10.893696
ALB,Albania,Europe,2017,9.894372
ALB,Albania,Europe,2018,9.481513
ALB,Albania,Europe,2019,9.450123
ALB,Albania,Europe,2020,9.618418
ALB,Albania,Europe,2021,9.529486
ALB,Albania,Europe,2022,9.17717
ALB,Albania,Europe,2023,8.66778
ALB,Albania,Europe,2024,8.409393
AND,Andorra,Europe,2019,0.6691487
AND,Andorra,Europe,2020,1.6401343
AND,Andorra,Europe,2021,1.5941963
AND,Andorra,Europe,2022,1.3186305
AND,Andorra,Europe,2023,1.2754034
AND,Andorra,Europe,2024,1.2954931
ARE,United Arab Emirates,Asia,2023,0.35950044
ARE,United Arab Emirates,Asia,2024,0.32537752
ARG,Argentina,South America,2000,0.030380901
ARG,Argentina,South America,2001,0.07056282
ARG,Argentina,South America,2002,0.21144243
ARG,Argentina,South America,2003,0.21430087
ARG,Argentina,South America,2004,0.18935013
ARG,Argentina,South America,2005,0.2174179
ARG,Argentina,South America,2006,0.23247412
ARG,Argentina,South America,2007,0.21093376
ARG,Argentina,South America,2008,0.19502938
ARG,Argentina,South America,2009,0.1887648
ARG,Argentina,South America,2010,0.15209137
ARG,Argentina,South America,2011,0.1315418
ARG,Argentina,South America,2012,0.10577868
ARG,Argentina,South America,2013,0.096916676
ARG,Argentina,South America,2014,0.0960152
ARG,Argentina,South America,2015,0.0831331
ARG,Argentina,South America,2016,0.07023432
ARG,Argentina,South America,2017,0.074567474
ARG,Argentina,South America,2018,0.09954682
ARG,Argentina,South America,2019,0.12538081
ARG,Argentina,South America,2020,0.16801192
ARG,Argentina,South America,2021,0.18554379
ARG,Argentina,South America,2022,0.16663569
ARG,Argentina,South America,2023,0.15535735
ARG,Argentina,South America,2024,0.16359988
ARM,Armenia,Asia,2000,9.529371
ARM,Armenia,Asia,2001,9.876949
ARM,Armenia,Asia,2002,11.104916
ARM,Armenia,Asia,2003,11.964828
ARM,Armenia,Asia,2004,22.01857
ARM,Armenia,Asia,2005,18.676397
ARM,Armenia,Asia,2006,18.312819
ARM,Armenia,Asia,2007,17.861408
ARM,Armenia,Asia,2008,16.32705
ARM,Armenia,Asia,2009,16.649164
ARM,Armenia,Asia,2010,18.026838
ARM,Armenia,Asia,2011,17.734222
ARM,Armenia,Asia,2012,18.033018
ARM,Armenia,Asia,2013,19.711378
ARM,Armenia,Asia,2014,17.90444
ARM,Armenia,Asia,2015,14.132741
ARM,Armenia,Asia,2016,13.107463
ARM,Armenia,Asia,2017,13.347745
ARM,Armenia,Asia,2018,11.942703
ARM,Armenia,Asia,2019,11.218921
ARM,Armenia,Asia,2020,10.497055
ARM,Armenia,Asia,2021,11.217183
ARM,Armenia,Asia,2022,10.868834
ARM,Armenia,Asia,2023,6.396211
ARM,Armenia,Asia,2024,4.924688
ATG,Antigua and Barbuda,North America,2000,1.9248493
ATG,Antigua and Barbuda,North America,2001,2.6973531
ATG,Antigua and Barbuda,North America,2002,1.5858239
ATG,Antigua and Barbuda,North America,2003,1.726847
ATG,Antigua and Barbuda,North America,2004,1.7150071
ATG,Antigua and Barbuda,North America,2005,2.536779
ATG,Antigua and Barbuda,North America,2006,2.2399826
ATG,Antigua and Barbuda,North America,2007,2.0406454
ATG,Antigua and Barbuda,North America,2008,1.907965
ATG,Antigua and Barbuda,North America,2009,2.0062737
ATG,Antigua and Barbuda,North America,2010,2.22777
ATG,Antigua and Barbuda,North America,2011,2.2757075
ATG,Antigua and Barbuda,North America,2012,2.1869025
ATG,Antigua and Barbuda,North America,2013,2.2608268
ATG,Antigua and Barbuda,North America,2014,2.3100784
ATG,Antigua and Barbuda,North America,2015,2.1735468
ATG,Antigua and Barbuda,North America,2016,1.792804
ATG,Antigua and Barbuda,North America,2017,1.564971
ATG,Antigua and Barbuda,North America,2018,1.9721746
ATG,Antigua and Barbuda,North America,2019,2.1359043
ATG,Antigua and Barbuda,North America,2020,2.56585
ATG,Antigua and Barbuda,North America,2021,2.8253615
ATG,Antigua and Barbuda,North America,2022,1.8649671
ATG,Antigua and Barbuda,North America,2023,1.7389598
ATG,Antigua and Barbuda,North America,2024,1.1866522
AUS,Australia,Oceania,2000,0.12432996
AUS,Australia,Oceania,2001,0.1279694
AUS,Australia,Oceania,2002,0.11747707
AUS,Australia,Oceania,2003,0.13907114
AUS,Australia,Oceania,2004,0.13396221
AUS,Australia,Oceania,2005,0.1349587
AUS,Australia,Oceania,2006,0.13536483
AUS,Australia,Oceania,2007,0.1566479
AUS,Australia,Oceania,2008,0.1441757
AUS,Australia,Oceania,2009,0.1432393
AUS,Australia,Oceania,2010,0.16176702
AUS,Australia,Oceania,2011,0.17458251
AUS,Australia,Oceania,2012,0.15718363
AUS,Australia,Oceania,2013,0.1554006
AUS,Australia,Oceania,2014,0.15797742
AUS,Australia,Oceania,2015,0.16027728
AUS,Australia,Oceania,2016,0.16976435
AUS,Australia,Oceania,2017,0.14714244
AUS,Australia,Oceania,2018,0.12428959
AUS,Australia,Oceania,2019,0.11998546
AUS,Australia,Oceania,2020,0.08332732
AUS,Australia,Oceania,2021,0.053887352
AUS,Australia,Oceania,2022,0.07132131
AUS,Australia,Oceania,2023,0.09285597
AUS,Australia,Oceania,2024,0.100476995
AUT,Austria,Europe,2000,0.9198199
AUT,Austria,Europe,2001,0.902904
AUT,Austria,Europe,2002,0.9327926
AUT,Austria,Europe,2003,0.95718503
AUT,Austria,Europe,2004,0.84254724
AUT,Austria,Europe,2005,0.7368976
AUT,Austria,Europe,2006,0.7538565
AUT,Austria,Europe,2007,0.7538579
AUT,Austria,Europe,2008,0.74313915
AUT,Austria,Europe,2009,0.776799
AUT,Austria,Europe,2010,0.76533496
AUT,Austria,Europe,2011,0.7578433
AUT,Austria,Europe,2012,0.7444831
AUT,Austria,Europe,2013,0.76147634
AUT,Austria,Europe,2014,0.7387658
AUT,Austria,Europe,2015,0.754482
AUT,Austria,Europe,2016,0.7334695
AUT,Austria,Europe,2017,0.7126411
AUT,Austria,Europe,2018,0.66785455
AUT,Austria,Europe,2019,0.67633617
AUT,Austria,Europe,2020,0.69677436
AUT,Austria,Europe,2021,0.66427475
AUT,Austria,Europe,2022,0.63621414
AUT,Austria,Europe,2023,0.6313869
AUT,Austria,Europe,2024,0.65118957
AZE,Azerbaijan,Asia,2000,1.0835608
AZE,Azerbaijan,Asia,2001,1.8243167
AZE,Azerbaijan,Asia,2002,2.6189015
AZE,Azerbaijan,Asia,2003,2.1433225
AZE,Azerbaijan,Asia,2004,2.345259
AZE,Azerbaijan,Asia,2005,4.705286
AZE,Azerbaijan,Asia,2006,3.7661645
AZE,Azerbaijan,Asia,2007,3.8358767
AZE,Azerbaijan,Asia,2008,3.108059
AZE,Azerbaijan,Asia,2009,2.83264
AZE,Azerbaijan,Asia,2010,2.6654975
AZE,Azerbaijan,Asia,2011,2.8703558
AZE,Azerbaijan,Asia,2012,2.8561733
AZE,Azerbaijan,Asia,2013,2.337048
AZE,Azerbaijan,Asia,2014,2.4540527
AZE,Azerbaijan,Asia,2015,2.392717
AZE,Azerbaijan,Asia,2016,1.6984394
AZE,Azerbaijan,Asia,2017,2.7733412
AZE,Azerbaijan,Asia,2018,2.6018376
AZE,Azerbaijan,Asia,2019,2.6469932
AZE,Azerbaijan,Asia,2020,3.2864568
AZE,Azerbaijan,Asia,2021,2.784541
AZE,Azerbaijan,Asia,2022,5.012252
AZE,Azerbaijan,Asia,2023,2.6409698
AZE,Azerbaijan,Asia,2024,1.8188279
BDI,Burundi,Africa,2004,0.004565273
BDI,Burundi,Africa,2005,0.006405991
BDI,Burundi,Africa,2006,0.0009008321
BDI,Burundi,Africa,2007,0.014005975
BDI,Burundi,Africa,2008,0.22615309
BDI,Burundi,Africa,2009,1.5901
BDI,Burundi,Africa,2010,1.697669
BDI,Burundi,Africa,2011,2.033407
BDI,Burundi,Africa,2012,1.9950848
BDI,Burundi,Africa,2013,1.9839691
BDI,Burundi,Africa,2014,2.0791714
BDI,Burundi,Africa,2015,1.8189279
BDI,Burundi,Africa,2016,1.3222898
BDI,Burundi,Africa,2017,1.1939324
BDI,Burundi,Africa,2018,1.6574464
BDI,Burundi,Africa,2019,3.19158
BDI,Burundi,Africa,2020,4.5022087
BDI,Burundi,Africa,2021,4.8898406
BDI,Burundi,Africa,2022,4.0492444
BDI,Burundi,Africa,2023,5.7035065
BDI,Burundi,Africa,2024,7.68505
BEL,Belgium,Europe,2000,1.6911871
BEL,Belgium,Europe,2001,1.6614162
BEL,Belgium,Europe,2002,1.7550026
BEL,Belgium,Europe,2003,1.8165525
BEL,Belgium,Europe,2004,1.7774292
BEL,Belgium,Europe,2005,1.7848178
BEL,Belgium,Europe,2006,1.7804555
BEL,Belgium,Europe,2007,1.9094124
BEL,Belgium,Europe,2008,2.0256135
BEL,Belgium,Europe,2009,2.2866638
BEL,Belgium,Europe,2010,2.282945
BEL,Belgium,Europe,2011,2.224701
BEL,Belgium,Europe,2012,2.2413986
BEL,Belgium,Europe,2013,2.2314734
BEL,Belgium,Europe,2014,2.2604623
BEL,Belgium,Europe,2015,2.2698257
BEL,Belgium,Europe,2016,2.2743006
BEL,Belgium,Europe,2017,2.2829502
BEL,Belgium,Europe,2018,2.2940798
BEL,Belgium,Europe,2019,2.3158329
BEL,Belgium,Europe,2020,2.475436
BEL,Belgium,Europe,2021,2.3868911
BEL,Belgium,Europe,2022,2.3747902
BEL,Belgium,Europe,2023,2.2479947
BEL,Belgium,Europe,2024,2.3058808
BEN,Benin,Africa,2000,2.4396722
BEN,Benin,Africa,2001,2.2656605
BEN,Benin,Africa,2002,1.814535
BEN,Benin,Africa,2003,1.0356797
BEN,Benin,Africa,2004,1.0196164
BEN,Benin,Africa,2005,2.2373183
BEN,Benin,Africa,2006,2.781784
BEN,Benin,Africa,2007,2.947635
BEN,Benin,Africa,2008,2.123711
BEN,Benin,Africa,2009,1.2985119
BEN,Benin,Africa,2010,1.4637029
BEN,Benin,Africa,2011,1.6102179
BEN,Benin,Africa,2012,1.8647956
BEN,Benin,Africa,2013,1.9875668
BEN,Benin,Africa,2014,2.2933383
BEN,Benin,Africa,2015,1.8830923
BEN,Benin,Africa,2016,1.8756871
BEN,Benin,Africa,2017,1.5413489
BEN,Benin,Africa,2018,1.3934702
BEN,Benin,Africa,2019,1.5077673
BEN,Benin,Africa,2020,1.3044386
BEN,Benin,Africa,2021,1.3055136
BEN,Benin,Africa,2022,1.437029
BEN,Benin,Africa,2023,1.720825
BEN,Benin,Africa,2024,1.0969083
BFA,Burkina Faso,Africa,2000,2.2684202
BFA,Burkina Faso,Africa,2001,1.5645679
BFA,Burkina Faso,Africa,2002,1.6214373
BFA,Burkina Faso,Africa,2003,1.1337274
BFA,Burkina Faso,Africa,2004,0.8147444
BFA,Burkina Faso,Africa,2005,0.92192584
BFA,Burkina Faso,Africa,2006,1.0385202
BFA,Burkina Faso,Africa,2007,1.1072547
BFA,Burkina Faso,Africa,2008,1.0553122
BFA,Burkina Faso,Africa,2009,1.0197542
BFA,Burkina Faso,Africa,2010,1.19156
BFA,Burkina Faso,Africa,2011,1.8299885
BFA,Burkina Faso,Africa,2012,1.671686
BFA,Burkina Faso,Africa,2013,2.294426
BFA,Burkina Faso,Africa,2014,2.842341
BFA,Burkina Faso,Africa,2015,3.2537224
BFA,Burkina Faso,Africa,2016,3.0964127
BFA,Burkina Faso,Africa,2017,2.954849
BFA,Burkina Faso,Africa,2018,2.8675153
BFA,Burkina Faso,Africa,2019,2.9143472
BFA,Burkina Faso,Africa,2020,2.9597054
BFA,Burkina Faso,Africa,2021,2.8985937
BFA,Burkina Faso,Africa,2022,2.813344
BFA,Burkina Faso,Africa,2023,2.9056005
BFA,Burkina Faso,Africa,2024,2.551381
BGD,Bangladesh,Asia,2000,3.6865969
BGD,Bangladesh,Asia,2001,3.8979464
BGD,Bangladesh,Asia,2002,5.222669
BGD,Bangladesh,Asia,2003,5.305388
BGD,Bangladesh,Asia,2004,5.504373
BGD,Bangladesh,Asia,2005,6.210062
BGD,Bangladesh,Asia,2006,7.559663
BGD,Bangladesh,Asia,2007,8.24291
BGD,Bangladesh,Asia,2008,9.756553
BGD,Bangladesh,Asia,2009,10.26654
BGD,Bangladesh,Asia,2010,9.412415
BGD,Bangladesh,Asia,2011,9.385981
BGD,Bangladesh,Asia,2012,10.591515
BGD,Bangladesh,Asia,2013,9.2447
BGD,Bangladesh,Asia,2014,8.668995
BGD,Bangladesh,Asia,2015,7.8379717
BGD,Bangladesh,Asia,2016,5.118036
BGD,Bangladesh,Asia,2017,4.5966773
BGD,Bangladesh,Asia,2018,4.8438225
BGD,Bangladesh,Asia,2019,5.2284184
BGD,Bangladesh,Asia,2020,5.816268
BGD,Bangladesh,Asia,2021,5.3343782
BGD,Bangladesh,Asia,2022,4.673765
BGD,Bangladesh,Asia,2023,5.045557
BGD,Bangladesh,Asia,2024,6.114947
BGR,Bulgaria,Europe,2000,0.4396459
BGR,Bulgaria,Europe,2001,5.825103
BGR,Bulgaria,Europe,2002,7.175202
BGR,Bulgaria,Europe,2003,8.127164
BGR,Bulgaria,Europe,2004,6.5860786
BGR,Bulgaria,Europe,2005,5.4000163
BGR,Bulgaria,Europe,2006,4.992464
BGR,Bulgaria,Europe,2007,3.8116257
BGR,Bulgaria,Europe,2008,3.5217075
BGR,Bulgaria,Europe,2009,3.059743
BGR,Bulgaria,Europe,2010,2.6295817
BGR,Bulgaria,Europe,2011,2.5713537
BGR,Bulgaria,Europe,2012,2.6684322
BGR,Bulgaria,Europe,2013,2.9863527
BGR,Bulgaria,Europe,2014,3.0095882
BGR,Bulgaria,Europe,2015,3.001758
BGR,Bulgaria,Europe,2016,3.0208757
BGR,Bulgaria,Europe,2017,3.5147924
BGR,Bulgaria,Europe,2018,3.2106946
BGR,Bulgaria,Europe,2019,3.1173854
BGR,Bulgaria,Europe,2020,2.8167655
BGR,Bulgaria,Europe,2021,2.3826125
BGR,Bulgaria,Europe,2022,2.3115003
BGR,Bulgaria,Europe,2023,2.2372184
BGR,Bulgaria,Europe,2024,2.3318174
BHS,Bahamas,North America,2020,0.49025118
BHS,Bahamas,North America,2021,0.44064635
BHS,Bahamas,North America,2022,0.41655633
BHS,Bahamas,North America,2023,0.41039926
BHS,Bahamas,North America,2024,0.4164077
BIH,Bosnia and Herzegovina,Europe,2000,28.394703
BIH,Bosnia and Herzegovina,Europe,2001,25.859615
BIH,Bosnia and Herzegovina,Europe,2002,22.230684
BIH,Bosnia and Herzegovina,Europe,2003,20.450851
BIH,Bosnia and Herzegovina,Europe,2004,20.215559
BIH,Bosnia and Herzegovina,Europe,2005,18.157078
BIH,Bosnia and Herzegovina,Europe,2006,16.703981
BIH,Bosnia and Herzegovina,Europe,2007,17.025545
BIH,Bosnia and Herzegovina,Europe,2008,14.21908
BIH,Bosnia and Herzegovina,Europe,2009,12.075844
BIH,Bosnia and Herzegovina,Europe,2010,10.609405
BIH,Bosnia and Herzegovina,Europe,2011,10.503141
BIH,Bosnia and Herzegovina,Europe,2012,10.714249
BIH,Bosnia and Herzegovina,Europe,2013,10.770535
BIH,Bosnia and Herzegovina,Europe,2014,11.353898
BIH,Bosnia and Herzegovina,Europe,2015,10.979479
BIH,Bosnia and Herzegovina,Europe,2016,10.784617
BIH,Bosnia and Herzegovina,Europe,2017,11.005301
BIH,Bosnia and Herzegovina,Europe,2018,11.047015
BIH,Bosnia and Herzegovina,Europe,2019,11.388054
BIH,Bosnia and Herzegovina,Europe,2020,9.547296
BIH,Bosnia and Herzegovina,Europe,2021,10.467531
BIH,Bosnia and Herzegovina,Europe,2022,10.520879
BIH,Bosnia and Herzegovina,Europe,2023,10.23327
BIH,Bosnia and Herzegovina,Europe,2024,10.5502825
BLR,Belarus,Europe,2000,0.89661056
BLR,Belarus,Europe,2001,0.54391724
BLR,Belarus,Europe,2002,0.55224764
BLR,Belarus,Europe,2003,0.92059416
BLR,Belarus,Europe,2004,1.0345021
BLR,Belarus,Europe,2005,0.6573962
BLR,Belarus,Europe,2006,0.72561216
BLR,Belarus,Europe,2007,0.63676524
BLR,Belarus,Europe,2008,0.96013135
BLR,Belarus,Europe,2009,0.99030596
BLR,Belarus,Europe,2010,1.0052086
BLR,Belarus,Europe,2011,1.4419781
BLR,Belarus,Europe,2012,1.6032362
BLR,Belarus,Europe,2013,1.6066983
BLR,Belarus,Europe,2014,1.5623044
BLR,Belarus,Europe,2015,1.6499934
BLR,Belarus,Europe,2016,2.0463693
BLR,Belarus,Europe,2017,2.2910748
BLR,Belarus,Europe,2018,2.4084213
BLR,Belarus,Europe,2019,2.2027576
BLR,Belarus,Europe,2020,1.6517392
BLR,Belarus,Europe,2021,1.6504935
BLR,Belarus,Europe,2022,2.0155294
BLR,Belarus,Europe,2023,1.7392858
BLR,Belarus,Europe,2024,1.813191
BLZ,Belize,North America,2000,2.1850057
BLZ,Belize,North America,2001,2.4229343
BLZ,Belize,North America,2002,2.1574004
BLZ,Belize,North America,2003,2.4575071
BLZ,Belize,North America,2004,2.4032338
BLZ,Belize,North America,2005,3.0314977
BLZ,Belize,North America,2006,4.0121617
BLZ,Belize,North America,2007,4.2855277
BLZ,Belize,North America,2008,4.39983
BLZ,Belize,North America,2009,4.655083
BLZ,Belize,North America,2010,4.467415
BLZ,Belize,North America,2011,4.112498
BLZ,Belize,North America,2012,3.96152
BLZ,Belize,North America,2013,3.6557598
BLZ,Belize,North America,2014,3.7570307
BLZ,Belize,North America,2015,3.8641312
BLZ,Belize,North America,2016,4.316431
BLZ,Belize,North America,2017,3.9811735
BLZ,Belize,North America,2018,4.0470767
BLZ,Belize,North America,2019,4.0659013
BLZ,Belize,North America,2020,5.894814
BLZ,Belize,North America,2021,5.573563
BLZ,Belize,North America,2022,5.0030437
BLZ,Belize,North America,2023,4.900046
BLZ,Belize,North America,2024,4.811714
BMU,Bermuda,North America,2006,19.246256
BMU,Bermuda,North America,2007,21.429558
BMU,Bermuda,North America,2008,19.925213
BMU,Bermuda,North America,2009,20.223362
BMU,Bermuda,North America,2010,19.0129
BMU,Bermuda,North America,2011,18.617914
BMU,Bermuda,North America,2012,18.669495
BMU,Bermuda,North America,2013,18.94421
BMU,Bermuda,North America,2014,20.824528
BMU,Bermuda,North America,2015,21.720379
BMU,Bermuda,North America,2016,20.95597
BMU,Bermuda,North America,2017,21.084972
BMU,Bermuda,North America,2018,20.021603
BMU,Bermuda,North America,2019,20.842413
BMU,Bermuda,North America,2020,22.854912
BMU,Bermuda,North America,2021,22.710558
BMU,Bermuda,North America,2022,22.281288
BMU,Bermuda,North America,2023,23.723757
BMU,Bermuda,North America,2024,25.40721
BOL,Bolivia,South America,2000,1.5107428
BOL,Bolivia,South America,2001,1.6616068
BOL,Bolivia,South America,2002,1.4281224
BOL,Bolivia,South America,2003,1.956924
BOL,Bolivia,South America,2004,2.3999524
BOL,Bolivia,South America,2005,3.5295393
BOL,Bolivia,South America,2006,5.2653008
BOL,Bolivia,South America,2007,8.043886
BOL,Bolivia,South America,2008,6.8052034
BOL,Bolivia,South America,2009,6.1010985
BOL,Bolivia,South America,2010,4.8866477
BOL,Bolivia,South America,2011,4.3524995
BOL,Bolivia,South America,2012,4.1002502
BOL,Bolivia,South America,2013,3.9183476
BOL,Bolivia,South America,2014,3.5669763
BOL,Bolivia,South America,2015,3.6089425
BOL,Bolivia,South America,2016,3.6729329
BOL,Bolivia,South America,2017,3.0656989
BOL,Bolivia,South America,2018,2.8675187
BOL,Bolivia,South America,2019,2.722608
BOL,Bolivia,South America,2020,2.6622953
BOL,Bolivia,South America,2021,2.9605784
BOL,Bolivia,South America,2022,2.8635151
BOL,Bolivia,South America,2023,2.7691708
BOL,Bolivia,South America,2024,2.3412428
BRA,Brazil,South America,2000,0.20590353
BRA,Brazil,South America,2001,0.25874218
BRA,Brazil,South America,2002,0.39305797
BRA,Brazil,South America,2003,0.4096277
BRA,Brazil,South America,2004,0.42022395
BRA,Brazil,South America,2005,0.31463116
BRA,Brazil,South America,2006,0.29677525
BRA,Brazil,South America,2007,0.23660871
BRA,Brazil,South America,2008,0.21479337
BRA,Brazil,South America,2009,0.17331529
BRA,Brazil,South America,2010,0.13956667
BRA,Brazil,South America,2011,0.12287499
BRA,Brazil,South America,2012,0.11293364
BRA,Brazil,South America,2013,0.10990188
BRA,Brazil,South America,2014,0.10781194
BRA,Brazil,South America,2015,0.16074191
BRA,Brazil,South America,2016,0.15257542
BRA,Brazil,South America,2017,0.13078514
BRA,Brazil,South America,2018,0.15303029
BRA,Brazil,South America,2019,0.17154978
BRA,Brazil,South America,2020,0.24159622
BRA,Brazil,South America,2021,0.24553463
BRA,Brazil,South America,2022,0.25481316
BRA,Brazil,South America,2023,0.20234752
BRA,Brazil,South America,2024,0.22428182
BRB,Barbados,North America,2000,3.699951
BRB,Barbados,North America,2001,4.254379
BRB,Barbados,North America,2002,4.0257845
BRB,Barbados,North America,2003,4.066054
BRB,Barbados,North America,2004,3.7888975
BRB,Barbados,North America,2005,2.4729788
BRB,Barbados,North America,2006,2.0711815
BRB,Barbados,North America,2007,2.9658055
BRB,Barbados,North America,2008,2.1117325
BRB,Barbados,North America,2009,2.5628154
BRB,Barbados,North America,2010,1.443156
BRB,Barbados,North America,2011,2.60093
BRB,Barbados,North America,2012,2.6437762
BRB,Barbados,North America,2013,3.369947
BRB,Barbados,North America,2014,3.3575945
BRB,Barbados,North America,2015,3.4754841
BRB,Barbados,North America,2016,2.7756853
BRB,Barbados,North America,2017,1.4987444
BRB,Barbados,North America,2018,1.419137
BRB,Barbados,North America,2019,1.3823104
BRB,Barbados,North America,2020,1.5752747
BRB,Barbados,North America,2021,1.4321173
BRB,Barbados,North America,2022,1.2371405
BRB,Barbados,North America,2023,1.1791908
BRB,Barbados,North America,2024,1.1359739
BTN,Bhutan,Asia,2006,0.23745693
BTN,Bhutan,Asia,2007,0.23356539
BTN,Bhutan,Asia,2008,0.26936492
BTN,Bhutan,Asia,2009,0.36554804
BTN,Bhutan,Asia,2010,0.48414618
BTN,Bhutan,Asia,2011,0.52891654
BTN,Bhutan,Asia,2012,0.9194714
BTN,Bhutan,Asia,2013,0.6073109
BTN,Bhutan,Asia,2014,0.68414545
BTN,Bhutan,Asia,2015,0.89845353
BTN,Bhutan,Asia,2016,1.4567715
BTN,Bhutan,Asia,2017,1.6652979
BTN,Bhutan,Asia,2018,2.2509081
BTN,Bhutan,Asia,2019,2.0711007
BTN,Bhutan,Asia,2020,3.3949802
BTN,Bhutan,Asia,2021,2.649783
BTN,Bhutan,Asia,2022,3.3108666
BTN,Bhutan,Asia,2023,3.5825157
BWA,Botswana,Africa,2000,0.32031453
BWA,Botswana,Africa,2001,0.32620984
BWA,Botswana,Africa,2002,0.35068753
BWA,Botswana,Africa,2003,0.36356294
BWA,Botswana,Africa,2004,0.87810993
BWA,Botswana,Africa,2005,1.1870713
BWA,Botswana,Africa,2006,1.0470546
BWA,Botswana,Africa,2007,0.8724251
BWA,Botswana,Africa,2008,0.43634278
BWA,Botswana,Africa,2009,0.15030974
BWA,Botswana,Africa,2010,0.1766305
BWA,Botswana,Africa,2011,0.13506955
BWA,Botswana,Africa,2012,0.13016854
BWA,Botswana,Africa,2013,0.25227714
BWA,Botswana,Africa,2014,0.29814386
BWA,Botswana,Africa,2015,0.22205438
BWA,Botswana,Africa,2016,0.16325064
BWA,Botswana,Africa,2017,0.24188876
BWA,Botswana,Africa,2018,0.26015761
BWA,Botswana,Africa,2019,0.35489914
BWA,Botswana,Africa,2020,0.29560265
BWA,Botswana,Africa,2021,0.32310945
BWA,Botswana,Africa,2022,0.30627218
BWA,Botswana,Africa,2023,0.36074516
BWA,Botswana,Africa,2024,0.6612644
CAN,Canada,North America,2000,0.07446018
CAN,Canada,North America,2001,0.08270687
CAN,Canada,North America,2002,0.08352312
CAN,Canada,North America,2003,0.075071014
CAN,Canada,North America,2004,0.080614656
CAN,Canada,North America,2005,0.07958827
CAN,Canada,North America,2006,0.08229523
CAN,Canada,North America,2007,0.080164984
CAN,Canada,North America,2008,0.08367166
CAN,Canada,North America,2009,0.08703789
CAN,Canada,North America,2010,0.07414367
CAN,Canada,North America,2011,0.068439566
CAN,Canada,North America,2012,0.068618655
CAN,Canada,North America,2013,0.07237845
CAN,Canada,North America,2014,0.07483344
CAN,Canada,North America,2015,0.08186625
CAN,Canada,North America,2016,0.08438019
CAN,Canada,North America,2017,0.07689395
CAN,Canada,North America,2018,0.07509102
CAN,Canada,North America,2019,0.07522874
CAN,Canada,North America,2020,0.049637012
CAN,Canada,North America,2021,0.041115083
CAN,Canada,North America,2022,0.03943721
CAN,Canada,North America,2023,0.03898117
CAN,Canada,North America,2024,0.037949007
CHE,Switzerland,Europe,2000,0.35633096
CHE,Switzerland,Europe,2001,0.4103661
CHE,Switzerland,Europe,2002,0.3961898
CHE,Switzerland,Europe,2003,0.4234739
CHE,Switzerland,Europe,2004,0.41973054
CHE,Switzerland,Europe,2005,0.47417772
CHE,Switzerland,Europe,2006,0.47238058
CHE,Switzerland,Europe,2007,0.4202579
CHE,Switzerland,Europe,2008,0.44010767
CHE,Switzerland,Europe,2009,0.47450534
CHE,Switzerland,Europe,2010,0.46683714
CHE,Switzerland,Europe,2011,0.42633018
CHE,Switzerland,Europe,2012,0.3840323
CHE,Switzerland,Europe,2013,0.38144562
CHE,Switzerland,Europe,2014,0.3706965
CHE,Switzerland,Europe,2015,0.39622366
CHE,Switzerland,Europe,2016,0.40554976
CHE,Switzerland,Europe,2017,0.42071375
CHE,Switzerland,Europe,2018,0.39677158
CHE,Switzerland,Europe,2019,0.39995953
CHE,Switzerland,Europe,2020,0.41881573
CHE,Switzerland,Europe,2021,0.39416972
CHE,Switzerland,Europe,2022,0.40068582
CHE,Switzerland,Europe,2023,0.39023492
CHE,Switzerland,Europe,2024,0.3882069
CHL,Chile,South America,2000,0.016977333
CHL,Chile,South America,2001,0.016625978
CHL,Chile,South America,2002,0.017647717
CHL,Chile,South America,2003,0.015426333
CHL,Chile,South America,2004,0.011708185
CHL,Chile,South America,2009,0.030235585
CHL,Chile,South America,2010,0.028714387
CHL,Chile,South America,2011,0.028210938
CHL,Chile,South America,2012,0.02697504
CHL,Chile,South America,2013,0.025634255
CHL,Chile,South America,2014,0.02335201
CHL,Chile,South America,2015,0.024331668
CHL,Chile,South America,2016,0.025888287
CHL,Chile,South America,2017,0.024095863
CHL,Chile,South America,2018,0.02361165
CHL,Chile,South America,2019,0.024928672
CHL,Chile,South America,2020,0.026057674
CHL,Chile,South America,2021,0.02108455
CHL,Chile,South America,2022,0.028275145
CHL,Chile,South America,2023,0.028930604
CHL,Chile,South America,2024,0.03032103
CHN,China,Asia,2000,0.061947208
CHN,China,Asia,2001,0.089222685
CHN,China,Asia,2002,0.15794308
CHN,China,Asia,2003,0.27467918
CHN,China,Asia,2004,0.33470577
CHN,China,Asia,2005,0.14399084
CHN,China,Asia,2006,0.15473741
CHN,China,Asia,2007,0.18959555
CHN,China,Asia,2008,0.19575463
CHN,China,Asia,2009,0.17746128
CHN,China,Asia,2010,0.22020021
CHN,China,Asia,2011,0.21596579
CHN,China,Asia,2012,0.19675216
CHN,China,Asia,2013,0.18259138
CHN,China,Asia,2014,0.2802043
CHN,China,Asia,2015,0.29345998
CHN,China,Asia,2016,0.234665
CHN,China,Asia,2017,0.22872062
CHN,China,Asia,2018,0.17179818
CHN,China,Asia,2019,0.12564631
CHN,China,Asia,2020,0.12587176
CHN,China,Asia,2021,0.1235044
CHN,China,Asia,2022,0.14245765
CHN,China,Asia,2023,0.1613778
CHN,China,Asia,2024,0.16757858
CIV,Cote d'Ivoire,Africa,2000,0.71975225
CIV,Cote d'Ivoire,Africa,2001,0.69007206
CIV,Cote d'Ivoire,Africa,2002,0.66517043
CIV,Cote d'Ivoire,Africa,2003,0.6663144
CIV,Cote d'Ivoire,Africa,2004,0.67713445
CIV,Cote d'Ivoire,Africa,2005,0.67911685
CIV,Cote d'Ivoire,Africa,2006,0.66020787
CIV,Cote d'Ivoire,Africa,2007,0.64303285
CIV,Cote d'Ivoire,Africa,2008,0.58606726
CIV,Cote d'Ivoire,Africa,2009,0.93353814
CIV,Cote d'Ivoire,Africa,2010,1.0700672
CIV,Cote d'Ivoire,Africa,2011,1.0822654
CIV,Cote d'Ivoire,Africa,2012,1.0111926
CIV,Cote d'Ivoire,Africa,2013,0.89985156
CIV,Cote d'Ivoire,Africa,2014,0.7927733
CIV,Cote d'Ivoire,Africa,2015,0.7342181
CIV,Cote d'Ivoire,Africa,2016,0.70739704
CIV,Cote d'Ivoire,Africa,2017,0.585853
CIV,Cote d'Ivoire,Africa,2018,0.5673832
CIV,Cote d'Ivoire,Africa,2019,0.54368114
CIV,Cote d'Ivoire,Africa,2020,0.5222257
CIV,Cote d'Ivoire,Africa,2021,0.6047069
CIV,Cote d'Ivoire,Africa,2022,1.4691031
CIV,Cote d'Ivoire,Africa,2023,1.6230346
CIV,Cote d'Ivoire,Africa,2024,2.0327234
CMR,Cameroon,Africa,2000,0.20915031
CMR,Cameroon,Africa,2001,0.1536642
CMR,Cameroon,Africa,2002,0.237222
CMR,Cameroon,Africa,2003,0.47221747
CMR,Cameroon,Africa,2004,0.54917735
CMR,Cameroon,Africa,2005,0.39477062
CMR,Cameroon,Africa,2006,0.62197757
CMR,Cameroon,Africa,2007,0.7002613
CMR,Cameroon,Africa,2008,0.5869369
CMR,Cameroon,Africa,2009,0.6627011
CMR,Cameroon,Africa,2010,0.4179624
CMR,Cameroon,Africa,2011,0.71673447
CMR,Cameroon,Africa,2012,0.6977526
CMR,Cameroon,Africa,2013,0.7238023
CMR,Cameroon,Africa,2014,0.7786878
CMR,Cameroon,Africa,2015,0.75040436
CMR,Cameroon,Africa,2016,0.7953774
CMR,Cameroon,Africa,2017,0.87759954
CMR,Cameroon,Africa,2018,0.8348139
CMR,Cameroon,Africa,2019,0.89632154
CMR,Cameroon,Africa,2020,0.8194033
CMR,Cameroon,Africa,2021,0.9555179
CMR,Cameroon,Africa,2022,1.2687626
CMR,Cameroon,Africa,2023,1.6113254
CMR,Cameroon,Africa,2024,1.2949265
COD,DR Congo,Africa,2005,0.07058042
COD,DR Congo,Africa,2006,0.08266574
COD,DR Congo,Africa,2007,0.047891658
COD,DR Congo,Africa,2008,0.06469077
COD,DR Congo,Africa,2009,0.10479781
COD,DR Congo,Africa,2010,0.064979024
COD,DR Congo,Africa,2011,4.2720666
COD,DR Congo,Africa,2012,2.8500538
COD,DR Congo,Africa,2013,2.8699458
COD,DR Congo,Africa,2014,1.9722337
COD,DR Congo,Africa,2015,2.903386
COD,DR Congo,Africa,2016,1.5375048
COD,DR Congo,Africa,2017,2.867251
COD,DR Congo,Africa,2018,3.9063609
COD,DR Congo,Africa,2019,4.4322295
COD,DR Congo,Africa,2020,2.56157
COD,DR Congo,Africa,2021,2.281939
COD,DR Congo,Africa,2022,4.631878
COD,DR Congo,Africa,2023,4.7223544
COD,DR Congo,Africa,2024,2.81944
COG,Congo,Africa,2000,0.32072815
COG,Congo,Africa,2001,0.43334636
COG,Congo,Africa,2002,0.03877367
COG,Congo,Africa,2003,0.3535712
COG,Congo,Africa,2004,0.3211109
COG,Congo,Africa,2005,0.17112207
COG,Congo,Africa,2006,0.16361648
COG,Congo,Africa,2007,0.18999937
COG,Congo,Africa,2008,0.18641847
COG,Congo,Africa,2009,0.35059452
COG,Congo,Africa,2010,0.25202316
COG,Congo,Africa,2011,0.39747462
COG,Congo,Africa,2012,0.38628495
COG,Congo,Africa,2013,0.40123767
COG,Congo,Africa,2014,0.2321143
COG,Congo,Africa,2015,0.23962145
COG,Congo,Africa,2016,0.07053139
COG,Congo,Africa,2019,0.18776256
COG,Congo,Africa,2020,0.11014637
COG,Congo,Africa,2021,0.29651028
COG,Congo,Africa,2022,0.27792636
COG,Congo,Africa,2023,0.2869234
COG,Congo,Africa,2024,0.27989846
COL,Colombia,South America,2000,1.612137
COL,Colombia,South America,2001,2.0940382
COL,Colombia,South America,2002,2.5319536
COL,Colombia,South America,2003,3.2500603
COL,Colombia,South America,2004,2.724096
COL,Colombia,South America,2005,2.297801
COL,Colombia,South America,2006,2.4099689
COL,Colombia,South America,2007,2.162733
COL,Colombia,South America,2008,1.9904201
COL,Colombia,South America,2009,1.7743735
COL,Colombia,South America,2010,1.4069344
COL,Colombia,South America,2011,1.2243972
COL,Colombia,South America,2012,1.0841032
COL,Colombia,South America,2013,1.1645918
COL,Colombia,South America,2014,1.092677
COL,Colombia,South America,2015,1.7041658
COL,Colombia,South America,2016,1.8364301
COL,Colombia,South America,2017,1.8657876
COL,Colombia,South America,2018,1.9973414
COL,Colombia,South America,2019,2.2029717
COL,Colombia,South America,2020,2.5613348
COL,Colombia,South America,2021,2.7025442
COL,Colombia,South America,2022,2.7354221
COL,Colombia,South America,2023,2.7605293
COL,Colombia,South America,2024,2.8349376
COM,Comoros,Africa,2003,5.859672
COM,Comoros,Africa,2004,7.8218393
COM,Comoros,Africa,2005,8.248059
COM,Comoros,Africa,2006,9.179032
COM,Comoros,Africa,2007,9.306018
COM,Comoros,Africa,2008,11.065847
COM,Comoros,Africa,2009,11.090574
COM,Comoros,Africa,2010,9.609486
COM,Comoros,Africa,2011,10.573291
COM,Comoros,Africa,2012,10.848474
COM,Comoros,Africa,2014,13.902154
COM,Comoros,Africa,2015,13.650307
COM,Comoros,Africa,2016,11.526604
COM,Comoros,Africa,2017,12.213985
COM,Comoros,Africa,2018,14.64707
COM,Comoros,Africa,2019,14.188453
COM,Comoros,Africa,2020,18.597187
COM,Comoros,Africa,2021,22.636538
COM,Comoros,Africa,2022,23.0546
COM,Comoros,Africa,2023,23.030369
COM,Comoros,Africa,2024,19.600506
CPV,Cape Verde,Africa,2000,16.64626
CPV,Cape Verde,Africa,2001,14.3767605
CPV,Cape Verde,Africa,2002,13.7019615
CPV,Cape Verde,Africa,2003,13.334588
CPV,Cape Verde,Africa,2004,12.263264
CPV,Cape Verde,Africa,2005,14.059528
CPV,Cape Verde,Africa,2006,12.330871
CPV,Cape Verde,Africa,2007,8.413667
CPV,Cape Verde,Africa,2008,7.911531
CPV,Cape Verde,Africa,2009,7.3215866
CPV,Cape Verde,Africa,2010,7.174121
CPV,Cape Verde,Africa,2011,8.641463
CPV,Cape Verde,Africa,2012,9.250506
CPV,Cape Verde,Africa,2013,8.67058
CPV,Cape Verde,Africa,2014,9.646847
CPV,Cape Verde,Africa,2015,11.481135
CPV,Cape Verde,Africa,2016,11.426909
CPV,Cape Verde,Africa,2017,10.84528
CPV,Cape Verde,Africa,2018,10.634779
CPV,Cape Verde,Africa,2019,9.547401
CPV,Cape Verde,Africa,2020,12.853689
CPV,Cape Verde,Africa,2021,15.328085
CPV,Cape Verde,Africa,2022,14.031084
CPV,Cape Verde,Africa,2023,12.632262
CPV,Cape Verde,Africa,2024,12.254736
CRI,Costa Rica,North America,2000,0.90567875
CRI,Costa Rica,North America,2001,1.242121
CRI,Costa Rica,North America,2002,1.5118475
CRI,Costa Rica,North America,2003,1.8578277
CRI,Costa Rica,North America,2004,1.7170131
CRI,Costa Rica,North America,2005,2.0974698
CRI,Costa Rica,North America,2006,2.259054
CRI,Costa Rica,North America,2007,2.2984078
CRI,Costa Rica,North America,2008,1.9634238
CRI,Costa Rica,North America,2009,1.6688241
CRI,Costa Rica,North America,2010,1.4092095
CRI,Costa Rica,North America,2011,1.2165291
CRI,Costa Rica,North America,2012,1.1906056
CRI,Costa Rica,North America,2013,1.1705655
CRI,Costa Rica,North America,2014,1.1418039
CRI,Costa Rica,North America,2015,0.97797614
CRI,Costa Rica,North America,2016,0.9268503
CRI,Costa Rica,North America,2017,0.92598027
CRI,Costa Rica,North America,2018,0.85470724
CRI,Costa Rica,North America,2019,0.8590469
CRI,Costa Rica,North America,2020,0.84106356
CRI,Costa Rica,North America,2021,0.91459984
CRI,Costa Rica,North America,2022,0.89584494
CRI,Costa Rica,North America,2023,0.76545674
CRI,Costa Rica,North America,2024,0.7601393
CUW,Curaçao,North America,2011,5.123678
CUW,Curaçao,North America,2012,4.5129066
CUW,Curaçao,North America,2013,4.386117
CUW,Curaçao,North America,2014,4.683969
CUW,Curaçao,North America,2015,4.654612
CUW,Curaçao,North America,2016,4.9069157
CUW,Curaçao,North America,2017,5.2797084
CUW,Curaçao,North America,2018,5.0991454
CUW,Curaçao,North America,2019,5.8272104
CUW,Curaçao,North America,2020,5.2198377
CUW,Curaçao,North America,2021,5.180271
CUW,Curaçao,North America,2022,5.1562815
CUW,Curaçao,North America,2023,5.3820515
CUW,Curaçao,North America,2024,3.261578
CYM,Cayman Islands,North America,2016,0.2751428
CYM,Cayman Islands,North America,2017,0.30166113
CYM,Cayman Islands,North America,2018,0.25779065
CYM,Cayman Islands,North America,2019,0.23811585
CYM,Cayman Islands,North America,2020,0.15929443
CYM,Cayman Islands,North America,2021,0.16851597
CYM,Cayman Islands,North America,2022,0.19144264
CYM,Cayman Islands,North America,2023,0.14968519
CYP,Cyprus,Asia,2000,0.45050246
CYP,Cyprus,Asia,2001,0.7487122
CYP,Cyprus,Asia,2002,0.18091404
CYP,Cyprus,Asia,2003,0.21869165
CYP,Cyprus,Asia,2004,0.44681975
CYP,Cyprus,Asia,2005,0.56862605
CYP,Cyprus,Asia,2006,0.5206614
CYP,Cyprus,Asia,2007,0.59317297
CYP,Cyprus,Asia,2008,3.40684
CYP,Cyprus,Asia,2009,2.2781367
CYP,Cyprus,Asia,2010,3.3400657
CYP,Cyprus,Asia,2011,2.678976
CYP,Cyprus,Asia,2012,2.3999138
CYP,Cyprus,Asia,2013,1.798848
CYP,Cyprus,Asia,2014,1.391067
CYP,Cyprus,Asia,2015,1.5755607
CYP,Cyprus,Asia,2016,1.8383915
CYP,Cyprus,Asia,2017,2.0240836
CYP,Cyprus,Asia,2018,2.0237324
CYP,Cyprus,Asia,2019,2.044003
CYP,Cyprus,Asia,2020,2.2212522
CYP,Cyprus,Asia,2021,2.064713
CYP,Cyprus,Asia,2022,1.6738544
CYP,Cyprus,Asia,2023,1.8055959
CYP,Cyprus,Asia,2024,1.7989597
CZE,Czechia,Europe,2000,0.47279778
CZE,Czechia,Europe,2001,0.37639907
CZE,Czechia,Europe,2002,0.40270332
CZE,Czechia,Europe,2003,0.49157265
CZE,Czechia,Europe,2004,1.0170026
CZE,Czechia,Europe,2005,0.9765969
CZE,Czechia,Europe,2006,1.0261685
CZE,Czechia,Europe,2007,0.96139735
CZE,Czechia,Europe,2008,0.47966748
CZE,Czechia,Europe,2009,0.5778926
CZE,Czechia,Europe,2010,0.58202946
CZE,Czechia,Europe,2011,0.6024787
CZE,Czechia,Europe,2012,0.6698558
CZE,Czechia,Europe,2013,0.81581485
CZE,Czechia,Europe,2014,1.2461456
CZE,Czechia,Europe,2015,1.414447
CZE,Czechia,Europe,2016,1.5777037
CZE,Czechia,Europe,2017,1.6181437
CZE,Czechia,Europe,2018,1.57668
CZE,Czechia,Europe,2019,1.5031247
CZE,Czechia,Europe,2020,1.6669238
CZE,Czechia,Europe,2021,1.5076554
CZE,Czechia,Europe,2022,1.3757832
CZE,Czechia,Europe,2023,1.2391738
CZE,Czechia,Europe,2024,1.2240828
DEU,Germany,Europe,2000,0.1831997
DEU,Germany,Europe,2001,0.19747174
DEU,Germany,Europe,2002,0.22135428
DEU,Germany,Europe,2003,0.22678672
DEU,Germany,Europe,2004,0.22842972
DEU,Germany,Europe,2005,0.27004436
DEU,Germany,Europe,2006,0.28374618
DEU,Germany,Europe,2007,0.32132393
DEU,Germany,Europe,2008,0.34692103
DEU,Germany,Europe,2009,0.39523074
DEU,Germany,Europe,2010,0.41055244
DEU,Germany,Europe,2011,0.42910558
DEU,Germany,Europe,2012,0.42752713
DEU,Germany,Europe,2013,0.42479706
DEU,Germany,Europe,2014,0.41025603
DEU,Germany,Europe,2015,0.43466786
DEU,Germany,Europe,2016,0.4314484
DEU,Germany,Europe,2017,0.4570203
DEU,Germany,Europe,2018,0.4599564
DEU,Germany,Europe,2019,0.46310014
DEU,Germany,Europe,2020,0.47748783
DEU,Germany,Europe,2021,0.4650946
DEU,Germany,Europe,2022,0.46647823
DEU,Germany,Europe,2023,0.46076864
DEU,Germany,Europe,2024,0.45298445
DJI,Djibouti,Africa,2000,2.2293608
DJI,Djibouti,Africa,2001,2.0868843
DJI,Djibouti,Africa,2002,2.5301082
DJI,Djibouti,Africa,2003,3.9656122
DJI,Djibouti,Africa,2004,3.7144668
DJI,Djibouti,Africa,2005,3.6477978
DJI,Djibouti,Africa,2006,3.703026
DJI,Djibouti,Africa,2007,3.3777282
DJI,Djibouti,Africa,2008,3.0355594
DJI,Djibouti,Africa,2009,3.09468
DJI,Djibouti,Africa,2010,2.8921418
DJI,Djibouti,Africa,2011,2.6114557
DJI,Djibouti,Africa,2012,2.457507
DJI,Djibouti,Africa,2013,1.9461111
DJI,Djibouti,Africa,2014,1.705798
DJI,Djibouti,Africa,2015,1.6380988
DJI,Djibouti,Africa,2016,1.5446417
DJI,Djibouti,Africa,2017,1.4958183
DJI,Djibouti,Africa,2018,2.0545251
DJI,Djibouti,Africa,2019,2.57253
DJI,Djibouti,Africa,2020,2.0372992
DJI,Djibouti,Africa,2021,2.3412392
DJI,Djibouti,Africa,2022,1.5875244
DJI,Djibouti,Africa,2023,1.5029732
DJI,Djibouti,Africa,2024,1.3486328
DMA,Dominica,North America,2000,4.055
DMA,Dominica,North America,2001,3.799735
DMA,Dominica,North America,2002,3.8533473
DMA,Dominica,North America,2003,3.9657328
DMA,Dominica,North America,2004,5.0493016
DMA,Dominica,North America,2005,11.018432
DMA,Dominica,North America,2006,10.593229
DMA,Dominica,North America,2007,10.180146
DMA,Dominica,North America,2008,9.516524
DMA,Dominica,North America,2009,8.644929
DMA,Dominica,North America,2010,8.889272
DMA,Dominica,North America,2011,8.707736
DMA,Dominica,North America,2012,9.045785
DMA,Dominica,North America,2013,8.800128
DMA,Dominica,North America,2014,8.807463
DMA,Dominica,North America,2015,8.902085
DMA,Dominica,North America,2016,7.1867023
DMA,Dominica,North America,2017,7.872705
DMA,Dominica,North America,2018,6.707806
DMA,Dominica,North America,2019,7.3737526
DMA,Dominica,North America,2020,6.362922
DMA,Dominica,North America,2021,7.141458
DMA,Dominica,North America,2022,6.0641365
DMA,Dominica,North America,2023,5.2293224
DMA,Dominica,North America,2024,5.6683507
DNK,Denmark,Europe,2000,0.4063
DNK,Denmark,Europe,2001,0.4237121
DNK,Denmark,Europe,2002,0.4389883
DNK,Denmark,Europe,2003,0.43062317
DNK,Denmark,Europe,2004,0.42676753
DNK,Denmark,Europe,2005,0.25121304
DNK,Denmark,Europe,2006,0.2612218
DNK,Denmark,Europe,2007,0.25708
DNK,Denmark,Europe,2008,0.29627198
DNK,Denmark,Europe,2009,0.3158729
DNK,Denmark,Europe,2010,0.2871041
DNK,Denmark,Europe,2011,0.33396277
DNK,Denmark,Europe,2012,0.36177206
DNK,Denmark,Europe,2013,0.39774737
DNK,Denmark,Europe,2014,0.4203188
DNK,Denmark,Europe,2015,0.4169738
DNK,Denmark,Europe,2016,0.3994514
DNK,Denmark,Europe,2017,0.39638403
DNK,Denmark,Europe,2018,0.39834604
DNK,Denmark,Europe,2019,0.41969687
DNK,Denmark,Europe,2020,0.37459514
DNK,Denmark,Europe,2021,0.34790495
DNK,Denmark,Europe,2022,0.3498192
DNK,Denmark,Europe,2023,0.37570623
DNK,Denmark,Europe,2024,0.35792536
DOM,Dominican Republic,North America,2000,7.5652785
DOM,Dominican Republic,North America,2001,7.7408547
DOM,Dominican Republic,North America,2002,8.085876
DOM,Dominican Republic,North America,2003,10.864747
DOM,Dominican Republic,North America,2004,11.204895
DOM,Dominican Republic,North America,2005,7.6002946
DOM,Dominican Republic,North America,2006,8.0618105
DOM,Dominican Republic,North America,2007,7.72652
DOM,Dominican Republic,North America,2008,7.497177
DOM,Dominican Republic,North America,2009,7.080946
DOM,Dominican Republic,North America,2010,7.224766
DOM,Dominican Republic,North America,2011,7.31808
DOM,Dominican Republic,North America,2012,7.037624
DOM,Dominican Republic,North America,2013,7.170442
DOM,Dominican Republic,North America,2014,7.1781664
DOM,Dominican Republic,North America,2015,7.322017
DOM,Dominican Republic,North America,2016,7.2907853
DOM,Dominican Republic,North America,2017,7.81305
DOM,Dominican Republic,North America,2018,8.02132
DOM,Dominican Republic,North America,2019,8.324085
DOM,Dominican Republic,North America,2020,10.607197
DOM,Dominican Republic,North America,2021,11.326008
DOM,Dominican Republic,North America,2022,9.0573435
DOM,Dominican Republic,North America,2023,8.815816
DOM,Dominican Republic,North America,2024,9.049562
DZA,Algeria,Africa,2000,1.4418584
DZA,Algeria,Africa,2001,1.1276917
DZA,Algeria,Africa,2002,1.7393819
DZA,Algeria,Africa,2003,2.381527
DZA,Algeria,Africa,2004,2.6764243
DZA,Algeria,Africa,2005,0.15880932
DZA,Algeria,Africa,2006,0.15355335
DZA,Algeria,Africa,2007,0.0694853
DZA,Algeria,Africa,2008,0.057450756
DZA,Algeria,Africa,2009,0.100013085
DZA,Algeria,Africa,2010,0.11057695
DZA,Algeria,Africa,2011,0.09291806
DZA,Algeria,Africa,2012,0.09458384
DZA,Algeria,Africa,2013,0.09124952
DZA,Algeria,Africa,2014,1.0263728
DZA,Algeria,Africa,2015,1.0653114
DZA,Algeria,Africa,2016,1.1003437
DZA,Algeria,Africa,2017,0.94369
DZA,Algeria,Africa,2018,1.0202789
DZA,Algeria,Africa,2019,0.9231065
DZA,Algeria,Africa,2020,1.0308568
DZA,Algeria,Africa,2021,0.9621893
DZA,Algeria,Africa,2022,0.7556946
DZA,Algeria,Africa,2023,0.7532755
DZA,Algeria,Africa,2024,0.6679419
ECU,Ecuador,South America,2000,7.5390086
ECU,Ecuador,South America,2001,6.1424084
ECU,Ecuador,South America,2002,5.315341
ECU,Ecuador,South America,2003,5.2750397
ECU,Ecuador,South America,2004,5.2224593
ECU,Ecuador,South America,2005,6.107424
ECU,Ecuador,South America,2006,6.421011
ECU,Ecuador,South America,2007,6.7029552
ECU,Ecuador,South America,2008,5.0517855
ECU,Ecuador,South America,2009,4.5635033
ECU,Ecuador,South America,2010,3.8136117
ECU,Ecuador,South America,2011,3.3937335
ECU,Ecuador,South America,2012,2.8223908
ECU,Ecuador,South America,2013,2.5461268
ECU,Ecuador,South America,2014,2.4070313
ECU,Ecuador,South America,2015,2.4560916
ECU,Ecuador,South America,2016,2.674353
ECU,Ecuador,South America,2017,2.72723
ECU,Ecuador,South America,2018,2.827603
ECU,Ecuador,South America,2019,3.013764
ECU,Ecuador,South America,2020,3.4879045
ECU,Ecuador,South America,2021,4.0749016
ECU,Ecuador,South America,2022,4.0883946
ECU,Ecuador,South America,2023,4.500673
ECU,Ecuador,South America,2024,5.2490873
EGY,Egypt,Africa,2000,2.8566122
EGY,Egypt,Africa,2001,3.0112333
EGY,Egypt,Africa,2002,3.397808
EGY,Egypt,Africa,2003,3.6878276
EGY,Egypt,Africa,2004,4.2404103
EGY,Egypt,Africa,2005,5.5958967
EGY,Egypt,Africa,2006,4.9610853
EGY,Egypt,Africa,2007,5.8693094
EGY,Egypt,Africa,2008,5.3396983
EGY,Egypt,Africa,2009,3.779917
EGY,Egypt,Africa,2010,5.6867714
EGY,Egypt,Africa,2011,6.0698843
EGY,Egypt,Africa,2012,6.8918853
EGY,Egypt,Africa,2013,6.1827292
EGY,Egypt,Africa,2014,6.4040227
EGY,Egypt,Africa,2015,5.563831
EGY,Egypt,Africa,2016,5.5920777
EGY,Egypt,Africa,2017,9.960189
EGY,Egypt,Africa,2018,9.716986
EGY,Egypt,Africa,2019,8.403885
EGY,Egypt,Africa,2020,7.712747
EGY,Egypt,Africa,2021,7.414432
EGY,Egypt,Africa,2022,5.9429336
EGY,Egypt,Africa,2023,4.9332695
EGY,Egypt,Africa,2024,7.5975704
ERI,Eritrea,Africa,2000,0.4650179
ESP,Spain,Europe,2000,0.10845119
ESP,Spain,Europe,2001,0.111445904
ESP,Spain,Europe,2002,0.105132304
ESP,Spain,Europe,2003,0.0991593
ESP,Spain,Europe,2004,0.094527714
ESP,Spain,Europe,2005,0.098322056
ESP,Spain,Europe,2006,0.10156189
ESP,Spain,Europe,2007,0.11352455
ESP,Spain,Europe,2008,0.11248439
ESP,Spain,Europe,2009,0.101868995
ESP,Spain,Europe,2010,0.111762375
ESP,Spain,Europe,2011,0.11523868
ESP,Spain,Europe,2012,0.15731925
ESP,Spain,Europe,2013,0.22285904
ESP,Spain,Europe,2014,0.22679794
ESP,Spain,Europe,2015,0.2216453
ESP,Spain,Europe,2016,0.2117579
ESP,Spain,Europe,2017,0.22733012
ESP,Spain,Europe,2018,0.2327193
ESP,Spain,Europe,2019,0.22848985
ESP,Spain,Europe,2020,0.23751274
ESP,Spain,Europe,2021,0.27029356
ESP,Spain,Europe,2022,0.29256672
ESP,Spain,Europe,2023,0.33908808
ESP,Spain,Europe,2024,0.36674848
EST,Estonia,Europe,2000,0.071266636
EST,Estonia,Europe,2001,0.17632501
EST,Estonia,Europe,2002,0.25981912
EST,Estonia,Europe,2003,0.51847094
EST,Estonia,Europe,2004,1.3736428
EST,Estonia,Europe,2005,1.8045285
EST,Estonia,Europe,2006,2.3032207
EST,Estonia,Europe,2007,1.6983442
EST,Estonia,Europe,2008,1.7102672
EST,Estonia,Europe,2009,1.7319527
EST,Estonia,Europe,2010,1.828916
EST,Estonia,Europe,2011,1.8823042
EST,Estonia,Europe,2012,1.9824742
EST,Estonia,Europe,2013,2.2191496
EST,Estonia,Europe,2014,2.0103853
EST,Estonia,Europe,2015,1.9615891
EST,Estonia,Europe,2016,1.9807097
EST,Estonia,Europe,2017,1.8387375
EST,Estonia,Europe,2018,1.8268943
EST,Estonia,Europe,2019,1.700193
EST,Estonia,Europe,2020,1.5928179
EST,Estonia,Europe,2021,1.5857066
EST,Estonia,Europe,2022,1.2296785
EST,Estonia,Europe,2023,1.1749535
EST,Estonia,Europe,2024,1.1506125
ETH,Ethiopia,Africa,2000,0.6449482
ETH,Ethiopia,Africa,2001,0.22248806
ETH,Ethiopia,Africa,2002,0.4201719
ETH,Ethiopia,Africa,2003,0.5388666
ETH,Ethiopia,Africa,2004,1.3201098
ETH,Ethiopia,Africa,2005,1.3992214
ETH,Ethiopia,Africa,2006,1.1265943
ETH,Ethiopia,Africa,2007,1.8157357
ETH,Ethiopia,Africa,2008,1.4286678
ETH,Ethiopia,Africa,2009,0.80648273
ETH,Ethiopia,Africa,2010,1.4570285
ETH,Ethiopia,Africa,2011,1.6847992
ETH,Ethiopia,Africa,2012,1.4415846
ETH,Ethiopia,Africa,2013,1.7482927
ETH,Ethiopia,Africa,2014,3.2301848
ETH,Ethiopia,Africa,2015,1.7502849
ETH,Ethiopia,Africa,2016,1.127749
ETH,Ethiopia,Africa,2017,0.5151229
ETH,Ethiopia,Africa,2018,0.52356184
ETH,Ethiopia,Africa,2019,0.52227
ETH,Ethiopia,Africa,2020,0.40950686
ETH,Ethiopia,Africa,2021,0.4104182
ETH,Ethiopia,Africa,2022,0.41432512
ETH,Ethiopia,Africa,2023,0.39695603
ETH,Ethiopia,Africa,2024,4.7667108
FIN,Finland,Europe,2000,0.37527713
FIN,Finland,Europe,2001,0.3788753
FIN,Finland,Europe,2002,0.33994675
FIN,Finland,Europe,2003,0.3067264
FIN,Finland,Europe,2004,0.3377492
FIN,Finland,Europe,2005,0.33792797
FIN,Finland,Europe,2006,0.40794694
FIN,Finland,Europe,2007,0.3866936
FIN,Finland,Europe,2008,0.39457694
FIN,Finland,Europe,2009,0.4374778
FIN,Finland,Europe,2010,0.4034377
FIN,Finland,Europe,2011,0.61578166
FIN,Finland,Europe,2012,0.6535305
FIN,Finland,Europe,2013,0.39708996
FIN,Finland,Europe,2014,0.39071795
FIN,Finland,Europe,2015,0.37108922
FIN,Finland,Europe,2016,0.36057138
FIN,Finland,Europe,2017,0.3578164
FIN,Finland,Europe,2018,0.30710033
FIN,Finland,Europe,2019,0.31532398
FIN,Finland,Europe,2020,0.22152962
FIN,Finland,Europe,2021,0.2268194
FIN,Finland,Europe,2022,0.2360613
FIN,Finland,Europe,2023,0.25362998
FIN,Finland,Europe,2024,0.25072733
FJI,Fiji,Oceania,2000,2.580195
FJI,Fiji,Oceania,2001,4.695108
FJI,Fiji,Oceania,2002,5.4220805
FJI,Fiji,Oceania,2003,5.3761725
FJI,Fiji,Oceania,2004,6.375192
FJI,Fiji,Oceania,2005,6.8216295
FJI,Fiji,Oceania,2006,6.6501765
FJI,Fiji,Oceania,2007,5.4231915
FJI,Fiji,Oceania,2008,4.163202
FJI,Fiji,Oceania,2009,5.9588847
FJI,Fiji,Oceania,2010,5.5930514
FJI,Fiji,Oceania,2011,4.2481914
FJI,Fiji,Oceania,2012,4.798754
FJI,Fiji,Oceania,2013,4.8585114
FJI,Fiji,Oceania,2014,4.5493712
FJI,Fiji,Oceania,2015,5.3893986
FJI,Fiji,Oceania,2016,5.5243564
FJI,Fiji,Oceania,2017,5.2066793
FJI,Fiji,Oceania,2018,5.1969085
FJI,Fiji,Oceania,2019,5.3615117
FJI,Fiji,Oceania,2020,7.5018125
FJI,Fiji,Oceania,2021,9.464949
FJI,Fiji,Oceania,2022,9.217359
FJI,Fiji,Oceania,2023,8.752582
FJI,Fiji,Oceania,2024,7.1076508
FRA,France,Europe,2000,0.6517133
FRA,France,Europe,2001,0.67092794
FRA,France,Europe,2002,0.7102065
FRA,France,Europe,2003,0.66654587
FRA,France,Europe,2004,0.6324136
FRA,France,Europe,2005,0.6479985
FRA,France,Europe,2006,0.6702401
FRA,France,Europe,2007,0.66218483
FRA,France,Europe,2008,0.68626744
FRA,France,Europe,2009,0.72832656
FRA,France,Europe,2010,0.7519474
FRA,France,Europe,2011,0.7992688
FRA,France,Europe,2012,0.84481204
FRA,France,Europe,2013,0.95665777
FRA,France,Europe,2014,0.97775954
FRA,France,Europe,2015,1.0418701
FRA,France,Europe,2016,1.0359732
FRA,France,Europe,2017,1.0354017
FRA,France,Europe,2018,1.0205561
FRA,France,Europe,2019,1.0564059
FRA,France,Europe,2020,1.1323477
FRA,France,Europe,2021,1.1005303
FRA,France,Europe,2022,1.1705216
FRA,France,Europe,2023,1.2008388
FRA,France,Europe,2024,1.2268965
FRO,Faroe Islands,Europe,2000,4.026766
FRO,Faroe Islands,Europe,2001,3.3647392
FRO,Faroe Islands,Europe,2002,3.117418
FRO,Faroe Islands,Europe,2003,2.9548419
FRO,Faroe Islands,Europe,2004,2.8535905
FRO,Faroe Islands,Europe,2005,4.5621696
FRO,Faroe Islands,Europe,2006,4.413761
FRO,Faroe Islands,Europe,2007,4.6676893
FRO,Faroe Islands,Europe,2008,5.485001
FRO,Faroe Islands,Europe,2009,6.042574
FRO,Faroe Islands,Europe,2010,6.2781124
FRO,Faroe Islands,Europe,2011,6.3219533
FSM,Micronesia,Oceania,2009,6.3168793
FSM,Micronesia,Oceania,2010,6.2162027
FSM,Micronesia,Oceania,2011,6.332477
FSM,Micronesia,Oceania,2012,6.4438806
FSM,Micronesia,Oceania,2013,7.0479527
FSM,Micronesia,Oceania,2014,7.4328485
FSM,Micronesia,Oceania,2015,7.524364
FSM,Micronesia,Oceania,2016,7.1811385
FSM,Micronesia,Oceania,2017,6.5010304
FSM,Micronesia,Oceania,2018,5.95375
FSM,Micronesia,Oceania,2019,5.9235277
FSM,Micronesia,Oceania,2020,6.258657
FSM,Micronesia,Oceania,2021,5.9598026
FSM,Micronesia,Oceania,2022,5.6108456
FSM,Micronesia,Oceania,2023,5.2865953
FSM,Micronesia,Oceania,2024,4.95067
GAB,Gabon,Africa,2000,0.11909818
GAB,Gabon,Africa,2001,0.10678262
GAB,Gabon,Africa,2002,0.053351313
GAB,Gabon,Africa,2003,0.09197509
GAB,Gabon,Africa,2004,0.08818753
GAB,Gabon,Africa,2005,0.11508299
GAB,Gabon,Africa,2007,0.11568878
GAB,Gabon,Africa,2008,0.13264148
GAB,Gabon,Africa,2009,0.11430225
GAB,Gabon,Africa,2010,0.26737693
GAB,Gabon,Africa,2011,0.11966958
GAB,Gabon,Africa,2012,0.1315425
GAB,Gabon,Africa,2013,0.093926124
GAB,Gabon,Africa,2014,0.16187213
GAB,Gabon,Africa,2015,0.1283314
GBR,United Kingdom,Europe,2000,0.303564
GBR,United Kingdom,Europe,2001,0.29922014
GBR,United Kingdom,Europe,2002,0.29237443
GBR,United Kingdom,Europe,2003,0.2759793
GBR,United Kingdom,Europe,2004,0.24439704
GBR,United Kingdom,Europe,2005,0.2369388
GBR,United Kingdom,Europe,2006,0.22451094
GBR,United Kingdom,Europe,2007,0.21117455
GBR,United Kingdom,Europe,2008,0.20355138
GBR,United Kingdom,Europe,2009,0.21581757
GBR,United Kingdom,Europe,2010,0.19831474
GBR,United Kingdom,Europe,2011,0.19057491
GBR,United Kingdom,Europe,2012,0.18181002
GBR,United Kingdom,Europe,2013,0.17177905
GBR,United Kingdom,Europe,2014,0.16002232
GBR,United Kingdom,Europe,2015,0.16986106
GBR,United Kingdom,Europe,2016,0.16928738
GBR,United Kingdom,Europe,2017,0.15964049
GBR,United Kingdom,Europe,2018,0.15152472
GBR,United Kingdom,Europe,2019,0.14656605
GBR,United Kingdom,Europe,2020,0.11923981
GBR,United Kingdom,Europe,2021,0.10835616
GBR,United Kingdom,Europe,2022,0.12463936
GBR,United Kingdom,Europe,2023,0.13115224
GBR,United Kingdom,Europe,2024,0.13115273
GEO,Georgia,Asia,2000,6.735292
GEO,Georgia,Asia,2001,6.7911577
GEO,Georgia,Asia,2002,6.665032
GEO,Georgia,Asia,2003,6.22476
GEO,Georgia,Asia,2004,6.996382
GEO,Georgia,Asia,2005,6.9569726
GEO,Georgia,Asia,2006,8.099787
GEO,Georgia,Asia,2007,8.680541
GEO,Georgia,Asia,2008,8.323636
GEO,Georgia,Asia,2009,10.324398
GEO,Georgia,Asia,2010,9.527195
GEO,Georgia,Asia,2011,9.998355
GEO,Georgia,Asia,2012,10.477531
GEO,Georgia,Asia,2013,11.104707
GEO,Georgia,Asia,2014,11.056848
GEO,Georgia,Asia,2015,9.581982
GEO,Georgia,Asia,2016,9.846745
GEO,Georgia,Asia,2017,10.890132
GEO,Georgia,Asia,2018,11.363125
GEO,Georgia,Asia,2019,12.802859
GEO,Georgia,Asia,2020,13.176416
GEO,Georgia,Asia,2021,14.023816
GEO,Georgia,Asia,2022,15.424276
GEO,Georgia,Asia,2023,13.650408
GEO,Georgia,Asia,2024,11.870481
GHA,Ghana,Africa,2000,0.650166
GHA,Ghana,Africa,2001,0.86378586
GHA,Ghana,Africa,2002,0.70578337
GHA,Ghana,Africa,2003,0.85290784
GHA,Ghana,Africa,2004,0.9274555
GHA,Ghana,Africa,2005,0.92311364
GHA,Ghana,Africa,2006,0.50396484
GHA,Ghana,Africa,2007,0.47271967
GHA,Ghana,Africa,2008,0.43970507
GHA,Ghana,Africa,2009,0.4393908
GHA,Ghana,Africa,2010,0.42193183
GHA,Ghana,Africa,2011,5.426587
GHA,Ghana,Africa,2012,5.222695
GHA,Ghana,Africa,2013,2.9659774
GHA,Ghana,Africa,2014,3.6720653
GHA,Ghana,Africa,2015,10.078406
GHA,Ghana,Africa,2016,5.307646
GHA,Ghana,Africa,2017,5.856398
GHA,Ghana,Africa,2018,5.2343154
GHA,Ghana,Africa,2019,5.9305615
GHA,Ghana,Africa,2020,6.130645
GHA,Ghana,Africa,2021,2.4598758
GHA,Ghana,Africa,2022,2.8789418
GHA,Ghana,Africa,2023,3.0470798
GHA,Ghana,Africa,2024,3.6781511
GIN,Guinea,Africa,2000,0.026707865
GIN,Guinea,Africa,2001,0.2112668
GIN,Guinea,Africa,2002,0.3531237
GIN,Guinea,Africa,2003,2.2097971
GIN,Guinea,Africa,2004,0.78554654
GIN,Guinea,Africa,2005,0.9707018
GIN,Guinea,Africa,2006,0.6990488
GIN,Guinea,Africa,2007,0.23989488
GIN,Guinea,Africa,2008,0.8833775
GIN,Guinea,Africa,2009,0.77461267
GIN,Guinea,Africa,2010,0.67498684
GIN,Guinea,Africa,2011,0.9506072
GIN,Guinea,Africa,2012,0.8680232
GIN,Guinea,Africa,2013,1.1103532
GIN,Guinea,Africa,2014,1.3832229
GIN,Guinea,Africa,2015,1.4848683
GIN,Guinea,Africa,2016,0.60692245
GIN,Guinea,Africa,2017,0.43255627
GIN,Guinea,Africa,2018,0.23977336
GIN,Guinea,Africa,2019,1.1763121
GIN,Guinea,Africa,2020,0.15991546
GIN,Guinea,Africa,2021,2.0148084
GIN,Guinea,Africa,2022,2.6482356
GIN,Guinea,Africa,2023,2.2172818
GIN,Guinea,Africa,2024,2.4648244
GMB,Gambia,Africa,2003,11.101754
GMB,Gambia,Africa,2004,6.315491
GMB,Gambia,Africa,2005,5.7705584
GMB,Gambia,Africa,2006,6.0499725
GMB,Gambia,Africa,2007,4.349645
GMB,Gambia,Africa,2008,4.1498866
GMB,Gambia,Africa,2009,5.502987
GMB,Gambia,Africa,2010,7.496886
GMB,Gambia,Africa,2011,6.480767
GMB,Gambia,Africa,2012,7.515837
GMB,Gambia,Africa,2013,7.9840407
GMB,Gambia,Africa,2014,11.205815
GMB,Gambia,Africa,2015,11.17871
GMB,Gambia,Africa,2016,9.812802
GMB,Gambia,Africa,2017,10.642989
GMB,Gambia,Africa,2018,12.691588
GMB,Gambia,Africa,2019,15.208626
GMB,Gambia,Africa,2020,22.979008
GMB,Gambia,Africa,2021,27.160292
GMB,Gambia,Africa,2022,22.762123
GMB,Gambia,Africa,2023,21.614132
GMB,Gambia,Africa,2024,21.999043
GNB,Guinea-Bissau,Africa,2000,2.0496185
GNB,Guinea-Bissau,Africa,2001,2.4304068
GNB,Guinea-Bissau,Africa,2002,3.7773283
GNB,Guinea-Bissau,Africa,2003,4.177323
GNB,Guinea-Bissau,Africa,2004,4.7579026
GNB,Guinea-Bissau,Africa,2005,3.110281
GNB,Guinea-Bissau,Africa,2006,4.0202317
GNB,Guinea-Bissau,Africa,2007,5.7132745
GNB,Guinea-Bissau,Africa,2008,5.191796
GNB,Guinea-Bissau,Africa,2009,5.487776
GNB,Guinea-Bissau,Africa,2010,4.88136
GNB,Guinea-Bissau,Africa,2011,4.5036106
GNB,Guinea-Bissau,Africa,2012,4.3486423
GNB,Guinea-Bissau,Africa,2013,5.748281
GNB,Guinea-Bissau,Africa,2014,8.140904
GNB,Guinea-Bissau,Africa,2015,7.3719177
GNB,Guinea-Bissau,Africa,2016,7.648191
GNB,Guinea-Bissau,Africa,2017,7.155176
GNB,Guinea-Bissau,Africa,2018,8.235041
GNB,Guinea-Bissau,Africa,2019,9.471411
GNB,Guinea-Bissau,Africa,2020,10.259971
GNB,Guinea-Bissau,Africa,2021,10.801751
GNB,Guinea-Bissau,Africa,2022,10.228456
GNB,Guinea-Bissau,Africa,2023,9.605847
GNB,Guinea-Bissau,Africa,2024,9.789935
GRC,Greece,Europe,2000,1.7444474
GRC,Greece,Europe,2001,1.5256219
GRC,Greece,Europe,2002,1.1050621
GRC,Greece,Europe,2003,0.79472405
GRC,Greece,Europe,2004,0.5288476
GRC,Greece,Europe,2005,0.50333697
GRC,Greece,Europe,2006,0.5734903
GRC,Greece,Europe,2007,0.79026985
GRC,Greece,Europe,2008,0.76521295
GRC,Greece,Europe,2009,0.6187127
GRC,Greece,Europe,2010,0.5056319
GRC,Greece,Europe,2011,0.4190824
GRC,Greece,Europe,2012,0.28511918
GRC,Greece,Europe,2013,0.340179
GRC,Greece,Europe,2014,0.3141895
GRC,Greece,Europe,2015,0.2617789
GRC,Greece,Europe,2016,0.2160385
GRC,Greece,Europe,2017,0.20005389
GRC,Greece,Europe,2018,0.22958377
GRC,Greece,Europe,2019,0.32624653
GRC,Greece,Europe,2020,0.3194881
GRC,Greece,Europe,2021,0.31555393
GRC,Greece,Europe,2022,0.27550837
GRC,Greece,Europe,2023,0.22307044
GRC,Greece,Europe,2024,0.21911141
GRD,Grenada,North America,2000,4.6598587
GRD,Grenada,North America,2001,4.6712236
GRD,Grenada,North America,2002,4.5815034
GRD,Grenada,North America,2003,4.277083
GRD,Grenada,North America,2004,8.030315
GRD,Grenada,North America,2005,4.903622
GRD,Grenada,North America,2006,5.041692
GRD,Grenada,North America,2007,4.7844014
GRD,Grenada,North America,2008,4.447875
GRD,Grenada,North America,2009,4.5825987
GRD,Grenada,North America,2010,4.7214446
GRD,Grenada,North America,2011,4.7611136
GRD,Grenada,North America,2012,4.751944
GRD,Grenada,North America,2013,4.572967
GRD,Grenada,North America,2014,4.488521
GRD,Grenada,North America,2015,4.348485
GRD,Grenada,North America,2016,4.245328
GRD,Grenada,North America,2017,4.199465
GRD,Grenada,North America,2018,4.1142726
GRD,Grenada,North America,2019,5.2217665
GRD,Grenada,North America,2020,6.7500443
GRD,Grenada,North America,2021,5.533315
GRD,Grenada,North America,2022,5.1514745
GRD,Grenada,North America,2023,3.045315
GRD,Grenada,North America,2024,3.5017817
GTM,Guatemala,North America,2000,3.090892
GTM,Guatemala,North America,2001,3.4433362
GTM,Guatemala,North America,2002,7.8271174
GTM,Guatemala,North America,2003,9.950523
GTM,Guatemala,North America,2004,11.144195
GTM,Guatemala,North America,2005,11.449634
GTM,Guatemala,North America,2006,12.439716
GTM,Guatemala,North America,2007,12.619813
GTM,Guatemala,North America,2008,11.494076
GTM,Guatemala,North America,2009,10.779882
GTM,Guatemala,North America,2010,10.386025
GTM,Guatemala,North America,2011,9.670297
GTM,Guatemala,North America,2012,10.011859
GTM,Guatemala,North America,2013,10.0077095
GTM,Guatemala,North America,2014,9.941622
GTM,Guatemala,North America,2015,10.42339
GTM,Guatemala,North America,2016,11.146546
GTM,Guatemala,North America,2017,11.714499
GTM,Guatemala,North America,2018,12.87043
GTM,Guatemala,North America,2019,13.807541
GTM,Guatemala,North America,2020,14.6751375
GTM,Guatemala,North America,2021,17.821386
GTM,Guatemala,North America,2022,19.034168
GTM,Guatemala,North America,2023,19.144585
GTM,Guatemala,North America,2024,19.120672
GUY,Guyana,South America,2000,3.8306763
GUY,Guyana,South America,2001,3.1312861
GUY,Guyana,South America,2002,7.023522
GUY,Guyana,South America,2003,13.363587
GUY,Guyana,South America,2004,19.42196
GUY,Guyana,South America,2005,24.4022
GUY,Guyana,South America,2006,9.163558
GUY,Guyana,South America,2007,10.197689
GUY,Guyana,South America,2008,9.053853
GUY,Guyana,South America,2009,8.278387
GUY,Guyana,South America,2010,10.714092
GUY,Guyana,South America,2011,11.166543
GUY,Guyana,South America,2012,11.549303
GUY,Guyana,South America,2013,7.8735204
GUY,Guyana,South America,2014,7.9865613
GUY,Guyana,South America,2015,7.074412
GUY,Guyana,South America,2016,7.199566
GUY,Guyana,South America,2017,6.7887273
GUY,Guyana,South America,2018,6.969884
GUY,Guyana,South America,2019,7.351682
GUY,Guyana,South America,2020,8.061512
GUY,Guyana,South America,2021,6.883013
GUY,Guyana,South America,2022,3.6629815
GUY,Guyana,South America,2023,3.2247531
GUY,Guyana,South America,2024,2.4328227
HKG,Hong Kong,Asia,2000,0.07895327
HKG,Hong Kong,Asia,2001,0.090224974
HKG,Hong Kong,Asia,2002,0.0724559
HKG,Hong Kong,Asia,2003,0.0741647
HKG,Hong Kong,Asia,2004,0.14184323
HKG,Hong Kong,Asia,2005,0.16344237
HKG,Hong Kong,Asia,2006,0.15192753
HKG,Hong Kong,Asia,2007,0.14975013
HKG,Hong Kong,Asia,2008,0.16205275
HKG,Hong Kong,Asia,2009,0.16248354
HKG,Hong Kong,Asia,2010,0.1485179
HKG,Hong Kong,Asia,2011,0.14149667
HKG,Hong Kong,Asia,2012,0.13967058
HKG,Hong Kong,Asia,2013,0.13066435
HKG,Hong Kong,Asia,2014,0.12778737
HKG,Hong Kong,Asia,2015,0.12500599
HKG,Hong Kong,Asia,2016,0.124506794
HKG,Hong Kong,Asia,2017,0.12802011
HKG,Hong Kong,Asia,2018,0.11737278
HKG,Hong Kong,Asia,2019,0.12428487
HKG,Hong Kong,Asia,2020,0.1236646
HKG,Hong Kong,Asia,2021,0.122804105
HKG,Hong Kong,Asia,2022,0.116680816
HKG,Hong Kong,Asia,2023,0.11908591
HKG,Hong Kong,Asia,2024,0.11246252
HND,Honduras,North America,2000,6.6025066
HND,Honduras,North America,2001,7.9784155
HND,Honduras,North America,2002,10.198179
HND,Honduras,North America,2003,10.514555
HND,Honduras,North America,2004,13.181471
HND,Honduras,North America,2005,18.501513
HND,Honduras,North America,2006,21.602692
HND,Honduras,North America,2007,21.14384
HND,Honduras,North America,2008,20.32415
HND,Honduras,North America,2009,16.98262
HND,Honduras,North America,2010,16.527874
HND,Honduras,North America,2011,15.869841
HND,Honduras,North America,2012,15.761456
HND,Honduras,North America,2013,16.747484
HND,Honduras,North America,2014,17.05519
HND,Honduras,North America,2015,17.474918
HND,Honduras,North America,2016,17.790815
HND,Honduras,North America,2017,18.683935
HND,Honduras,North America,2018,19.84625
HND,Honduras,North America,2019,21.70813
HND,Honduras,North America,2020,23.93196
HND,Honduras,North America,2021,25.594591
HND,Honduras,North America,2022,27.001104
HND,Honduras,North America,2023,26.103905
HND,Honduras,North America,2024,25.699131
HRV,Croatia,Europe,2000,3.6915495
HRV,Croatia,Europe,2001,4.022525
HRV,Croatia,Europe,2002,4.0849667
HRV,Croatia,Europe,2003,3.7494109
HRV,Croatia,Europe,2004,3.7181938
HRV,Croatia,Europe,2005,4.1642723
HRV,Croatia,Europe,2006,3.884654
HRV,Croatia,Europe,2007,3.7591326
HRV,Croatia,Europe,2008,3.6588333
HRV,Croatia,Europe,2009,3.6408427
HRV,Croatia,Europe,2010,3.877987
HRV,Croatia,Europe,2011,4.0134783
HRV,Croatia,Europe,2012,3.6225343
HRV,Croatia,Europe,2013,4.6264753
HRV,Croatia,Europe,2014,4.652801
HRV,Croatia,Europe,2015,5.2496386
HRV,Croatia,Europe,2016,6.1215835
HRV,Croatia,Europe,2017,6.526873
HRV,Croatia,Europe,2018,6.505874
HRV,Croatia,Europe,2019,6.966094
HRV,Croatia,Europe,2020,7.2374477
HRV,Croatia,Europe,2021,7.222705
HRV,Croatia,Europe,2022,7.5236793
HRV,Croatia,Europe,2023,7.096119
HRV,Croatia,Europe,2024,7.2105093
HTI,Haiti,North America,2000,8.483076
HTI,Haiti,North America,2001,9.84812
HTI,Haiti,North America,2002,10.887474
HTI,Haiti,North America,2003,15.989912
HTI,Haiti,North America,2004,15.3028555
HTI,Haiti,North America,2005,14.027496
HTI,Haiti,North America,2006,13.914194
HTI,Haiti,North America,2007,13.242355
HTI,Haiti,North America,2008,13.129099
HTI,Haiti,North America,2009,11.861227
HTI,Haiti,North America,2010,12.427404
HTI,Haiti,North America,2011,11.925565
HTI,Haiti,North America,2012,11.761141
HTI,Haiti,North America,2013,11.950993
HTI,Haiti,North America,2014,13.052414
HTI,Haiti,North America,2015,14.785287
HTI,Haiti,North America,2016,15.829593
HTI,Haiti,North America,2017,16.028013
HTI,Haiti,North America,2018,16.673985
HTI,Haiti,North America,2019,17.94841
HTI,Haiti,North America,2020,22.451254
HTI,Haiti,North America,2021,19.071428
HTI,Haiti,North America,2022,18.751045
HTI,Haiti,North America,2023,18.907513
HTI,Haiti,North America,2024,16.29788
HUN,Hungary,Europe,2000,0.76820034
HUN,Hungary,Europe,2001,0.6770558
HUN,Hungary,Europe,2002,0.655795
HUN,Hungary,Europe,2003,0.54817575
HUN,Hungary,Europe,2004,0.60813624
HUN,Hungary,Europe,2005,0.6467856
HUN,Hungary,Europe,2006,0.7427559
HUN,Hungary,Europe,2007,0.6965181
HUN,Hungary,Europe,2008,0.83116287
HUN,Hungary,Europe,2009,1.1643118
HUN,Hungary,Europe,2010,1.3500261
HUN,Hungary,Europe,2011,1.6154126
HUN,Hungary,Europe,2012,2.4269116
HUN,Hungary,Europe,2013,3.0353725
HUN,Hungary,Europe,2014,2.9686298
HUN,Hungary,Europe,2015,3.1398335
HUN,Hungary,Europe,2016,3.2238574
HUN,Hungary,Europe,2017,2.8730738
HUN,Hungary,Europe,2018,2.7298822
HUN,Hungary,Europe,2019,2.9558225
HUN,Hungary,Europe,2020,2.4704983
HUN,Hungary,Europe,2021,2.0511723
HUN,Hungary,Europe,2022,2.2424521
HUN,Hungary,Europe,2023,2.4098396
HUN,Hungary,Europe,2024,2.4614553
IDN,Indonesia,Asia,2000,0.7212415
IDN,Indonesia,Asia,2001,0.6519289
IDN,Indonesia,Asia,2002,0.643419
IDN,Indonesia,Asia,2003,0.6341073
IDN,Indonesia,Asia,2004,0.7266538
IDN,Indonesia,Asia,2005,1.8958431
IDN,Indonesia,Asia,2006,1.5696161
IDN,Indonesia,Asia,2007,1.4285287
IDN,Indonesia,Asia,2008,1.3315994
IDN,Indonesia,Asia,2009,1.2589247
IDN,Indonesia,Asia,2010,0.915919
IDN,Indonesia,Asia,2011,0.77538747
IDN,Indonesia,Asia,2012,0.78575367
IDN,Indonesia,Asia,2013,0.83443487
IDN,Indonesia,Asia,2014,0.95992625
IDN,Indonesia,Asia,2015,1.1220447
IDN,Indonesia,Asia,2016,0.95577556
IDN,Indonesia,Asia,2017,0.8851284
IDN,Indonesia,Asia,2018,1.0760483
IDN,Indonesia,Asia,2019,1.0424802
IDN,Indonesia,Asia,2020,0.9112773
IDN,Indonesia,Asia,2021,0.79244417
IDN,Indonesia,Asia,2022,0.99228907
IDN,Indonesia,Asia,2023,1.0550729
IDN,Indonesia,Asia,2024,1.1486332
IND,India,Asia,2000,2.7505527
IND,India,Asia,2001,2.9402223
IND,India,Asia,2002,3.0558438
IND,India,Asia,2003,3.455509
IND,India,Asia,2004,2.6440535
IND,India,Asia,2005,2.6969194
IND,India,Asia,2006,3.013384
IND,India,Asia,2007,3.058736
IND,India,Asia,2008,4.168611
IND,India,Asia,2009,3.6667674
IND,India,Asia,2010,3.1916606
IND,India,Asia,2011,3.4282665
IND,India,Asia,2012,3.7655451
IND,India,Asia,2013,3.7684898
IND,India,Asia,2014,3.4519017
IND,India,Asia,2015,3.2758164
IND,India,Asia,2016,2.7342012
IND,India,Asia,2017,2.6010878
IND,India,Asia,2018,2.9149916
IND,India,Asia,2019,2.9387746
IND,India,Asia,2020,3.1085527
IND,India,Asia,2021,2.821835
IND,India,Asia,2022,3.3239155
IND,India,Asia,2023,3.2850463
IND,India,Asia,2024,3.5211854
IRL,Ireland,Europe,2000,0.25138673
IRL,Ireland,Europe,2001,0.2231429
IRL,Ireland,Europe,2002,0.245813
IRL,Ireland,Europe,2003,0.20473135
IRL,Ireland,Europe,2004,0.21294619
IRL,Ireland,Europe,2005,0.2418093
IRL,Ireland,Europe,2006,0.23229676
IRL,Ireland,Europe,2007,0.2182378
IRL,Ireland,Europe,2008,0.22994502
IRL,Ireland,Europe,2009,0.24244127
IRL,Ireland,Europe,2010,0.29675803
IRL,Ireland,Europe,2011,0.31372482
IRL,Ireland,Europe,2012,0.30627126
IRL,Ireland,Europe,2013,0.2973909
IRL,Ireland,Europe,2014,0.27234375
IRL,Ireland,Europe,2015,0.19980495
IRL,Ireland,Europe,2016,0.18841714
IRL,Ireland,Europe,2017,0.1712841
IRL,Ireland,Europe,2018,0.1575695
IRL,Ireland,Europe,2019,0.14407395
IRL,Ireland,Europe,2020,0.06331314
IRL,Ireland,Europe,2021,0.03390962
IRL,Ireland,Europe,2022,0.096981406
IRL,Ireland,Europe,2023,0.10062696
IRL,Ireland,Europe,2024,0.10775778
IRN,Iran,Asia,2000,0.4890881
IRN,Iran,Asia,2001,0.53752106
IRN,Iran,Asia,2002,0.66160333
IRN,Iran,Asia,2003,0.7754529
IRN,Iran,Asia,2004,0.5496537
IRQ,Iraq,Asia,2005,1.4203506
IRQ,Iraq,Asia,2006,0.59695715
IRQ,Iraq,Asia,2007,0.0034895348
IRQ,Iraq,Asia,2008,0.05386947
IRQ,Iraq,Asia,2009,0.13613048
IRQ,Iraq,Asia,2010,0.12756583
IRQ,Iraq,Asia,2011,0.12005405
IRQ,Iraq,Asia,2012,0.124310516
IRQ,Iraq,Asia,2013,0.30983943
IRQ,Iraq,Asia,2014,0.31933013
IRQ,Iraq,Asia,2015,0.60231173
IRQ,Iraq,Asia,2016,0.5915671
IRQ,Iraq,Asia,2017,0.5814088
IRQ,Iraq,Asia,2018,0.32621202
IRQ,Iraq,Asia,2019,0.3677514
IRQ,Iraq,Asia,2020,0.35622126
IRQ,Iraq,Asia,2021,0.4003492
IRQ,Iraq,Asia,2022,0.38222203
IRQ,Iraq,Asia,2023,0.43204978
IRQ,Iraq,Asia,2024,0.2489976
ISL,Iceland,Europe,2000,0.39117667
ISL,Iceland,Europe,2001,0.47271645
ISL,Iceland,Europe,2002,0.68786454
ISL,Iceland,Europe,2003,0.42353883
ISL,Iceland,Europe,2004,0.43658423
ISL,Iceland,Europe,2005,0.39072728
ISL,Iceland,Europe,2006,0.4610353
ISL,Iceland,Europe,2007,0.5075952
ISL,Iceland,Europe,2008,0.664666
ISL,Iceland,Europe,2009,0.71781516
ISL,Iceland,Europe,2010,0.98131347
ISL,Iceland,Europe,2011,0.98817194
ISL,Iceland,Europe,2012,1.0421287
ISL,Iceland,Europe,2013,1.2842057
ISL,Iceland,Europe,2014,1.2129924
ISL,Iceland,Europe,2015,1.2329487
ISL,Iceland,Europe,2016,1.0110406
ISL,Iceland,Europe,2017,0.76804656
ISL,Iceland,Europe,2018,0.6697724
ISL,Iceland,Europe,2019,0.75197333
ISL,Iceland,Europe,2020,0.7595571
ISL,Iceland,Europe,2021,0.73686486
ISL,Iceland,Europe,2022,0.66774994
ISL,Iceland,Europe,2023,0.6972133
ISL,Iceland,Europe,2024,0.73996276
ISR,Israel,Asia,2000,0.13361433
ISR,Israel,Asia,2001,0.1448867
ISR,Israel,Asia,2002,0.1329266
ISR,Israel,Asia,2003,0.13028036
ISR,Israel,Asia,2004,0.21257
ISR,Israel,Asia,2005,0.25549093
ISR,Israel,Asia,2006,0.3076138
ISR,Israel,Asia,2007,0.31389225
ISR,Israel,Asia,2008,0.28404614
ISR,Israel,Asia,2009,0.23757847
ISR,Israel,Asia,2010,0.23844388
ISR,Israel,Asia,2011,0.22178705
ISR,Israel,Asia,2012,0.25983617
ISR,Israel,Asia,2013,0.25623322
ISR,Israel,Asia,2014,0.27268362
ISR,Israel,Asia,2015,0.28111562
ISR,Israel,Asia,2016,0.2992474
ISR,Israel,Asia,2017,0.27652252
ISR,Israel,Asia,2018,0.2714862
ISR,Israel,Asia,2019,0.23796615
ISR,Israel,Asia,2020,0.2514069
ISR,Israel,Asia,2021,0.2511169
ISR,Israel,Asia,2022,0.24090742
ISR,Israel,Asia,2023,0.19330919
ISR,Israel,Asia,2024,0.17622787
ITA,Italy,Europe,2000,0.15565468
ITA,Italy,Europe,2001,0.1648784
ITA,Italy,Europe,2002,0.1773106
ITA,Italy,Europe,2003,0.19098714
ITA,Italy,Europe,2004,0.20348275
ITA,Italy,Europe,2005,0.21938717
ITA,Italy,Europe,2006,0.20810294
ITA,Italy,Europe,2007,0.20675777
ITA,Italy,Europe,2008,0.3042311
ITA,Italy,Europe,2009,0.31868482
ITA,Italy,Europe,2010,0.37181213
ITA,Italy,Europe,2011,0.37847185
ITA,Italy,Europe,2012,0.4369136
ITA,Italy,Europe,2013,0.43823263
ITA,Italy,Europe,2014,0.4647064
ITA,Italy,Europe,2015,0.52062416
ITA,Italy,Europe,2016,0.504095
ITA,Italy,Europe,2017,0.49434632
ITA,Italy,Europe,2018,0.4715388
ITA,Italy,Europe,2019,0.5178491
ITA,Italy,Europe,2020,0.5184076
ITA,Italy,Europe,2021,0.4636521
ITA,Italy,Europe,2022,0.46682158
ITA,Italy,Europe,2023,0.52241355
ITA,Italy,Europe,2024,0.4684002
JAM,Jamaica,North America,2000,9.7467375
JAM,Jamaica,North America,2001,11.38261
JAM,Jamaica,North America,2002,12.774964
JAM,Jamaica,North America,2003,14.62954
JAM,Jamaica,North America,2004,15.737109
JAM,Jamaica,North America,2005,15.667465
JAM,Jamaica,North America,2006,16.124949
JAM,Jamaica,North America,2007,16.579353
JAM,Jamaica,North America,2008,15.730734
JAM,Jamaica,North America,2009,15.589298
JAM,Jamaica,North America,2010,15.327999
JAM,Jamaica,North America,2011,14.577059
JAM,Jamaica,North America,2012,14.642561
JAM,Jamaica,North America,2013,15.226138
JAM,Jamaica,North America,2014,16.323112
JAM,Jamaica,North America,2015,15.779862
JAM,Jamaica,North America,2016,16.332792
JAM,Jamaica,North America,2017,15.602778
JAM,Jamaica,North America,2018,14.84158
JAM,Jamaica,North America,2019,15.05052
JAM,Jamaica,North America,2020,20.445532
JAM,Jamaica,North America,2021,23.219273
JAM,Jamaica,North America,2022,19.600561
JAM,Jamaica,North America,2023,16.811396
JAM,Jamaica,North America,2024,16.191122
JOR,Jordan,Asia,2000,21.808058
JOR,Jordan,Asia,2001,22.408373
JOR,Jordan,Asia,2002,22.279957
JOR,Jordan,Asia,2003,21.588943
JOR,Jordan,Asia,2004,20.04474
JOR,Jordan,Asia,2005,19.23008
JOR,Jordan,Asia,2006,18.555744
JOR,Jordan,Asia,2007,19.440628
JOR,Jordan,Asia,2008,15.491435
JOR,Jordan,Asia,2009,14.121887
JOR,Jordan,Asia,2010,13.352193
JOR,Jordan,Asia,2011,12.47773
JOR,Jordan,Asia,2012,12.16489
JOR,Jordan,Asia,2013,15.506904
JOR,Jordan,Asia,2014,17.286636
JOR,Jordan,Asia,2015,13.860387
JOR,Jordan,Asia,2016,10.966077
JOR,Jordan,Asia,2017,10.651618
JOR,Jordan,Asia,2018,10.311006
JOR,Jordan,Asia,2019,10.255677
JOR,Jordan,Asia,2020,11.027718
JOR,Jordan,Asia,2021,10.95581
JOR,Jordan,Asia,2022,9.785657
JOR,Jordan,Asia,2023,8.534214
JOR,Jordan,Asia,2024,8.30541
JPN,Japan,Asia,2000,0.015566642
JPN,Japan,Asia,2001,0.028562944
JPN,Japan,Asia,2002,0.026940199
JPN,Japan,Asia,2003,0.01794734
JPN,Japan,Asia,2004,0.01580945
JPN,Japan,Asia,2005,0.018730983
JPN,Japan,Asia,2006,0.02557746
JPN,Japan,Asia,2007,0.030218469
JPN,Japan,Asia,2008,0.033923786
JPN,Japan,Asia,2009,0.030145274
JPN,Japan,Asia,2010,0.029248966
JPN,Japan,Asia,2011,0.034199886
JPN,Japan,Asia,2012,0.040488373
JPN,Japan,Asia,2013,0.0453512
JPN,Japan,Asia,2014,0.07624907
JPN,Japan,Asia,2015,0.07480652
JPN,Japan,Asia,2016,0.07655267
JPN,Japan,Asia,2017,0.09010698
JPN,Japan,Asia,2018,0.08668036
JPN,Japan,Asia,2019,0.08575085
JPN,Japan,Asia,2020,0.09670991
JPN,Japan,Asia,2021,0.10505534
JPN,Japan,Asia,2022,0.12687494
JPN,Japan,Asia,2023,0.111846656
JPN,Japan,Asia,2024,0.11530942
KAZ,Kazakhstan,Asia,2000,0.36886328
KAZ,Kazakhstan,Asia,2001,0.38387844
KAZ,Kazakhstan,Asia,2002,0.45155668
KAZ,Kazakhstan,Asia,2003,0.1368561
KAZ,Kazakhstan,Asia,2004,0.13296673
KAZ,Kazakhstan,Asia,2005,0.108574815
KAZ,Kazakhstan,Asia,2006,0.10319245
KAZ,Kazakhstan,Asia,2007,0.13637723
KAZ,Kazakhstan,Asia,2008,0.094101466
KAZ,Kazakhstan,Asia,2009,0.17188747
KAZ,Kazakhstan,Asia,2010,0.15235412
KAZ,Kazakhstan,Asia,2011,0.09329367
KAZ,Kazakhstan,Asia,2012,0.13605134
KAZ,Kazakhstan,Asia,2013,0.14427555
KAZ,Kazakhstan,Asia,2014,0.18127945
KAZ,Kazakhstan,Asia,2015,0.15959229
KAZ,Kazakhstan,Asia,2016,0.27984416
KAZ,Kazakhstan,Asia,2017,0.33597213
KAZ,Kazakhstan,Asia,2018,0.34461886
KAZ,Kazakhstan,Asia,2019,0.27857316
KAZ,Kazakhstan,Asia,2020,0.21883686
KAZ,Kazakhstan,Asia,2021,0.15721308
KAZ,Kazakhstan,Asia,2022,0.21321984
KAZ,Kazakhstan,Asia,2023,0.11599607
KAZ,Kazakhstan,Asia,2024,0.08260553
KEN,Kenya,Africa,2000,4.2336497
KEN,Kenya,Africa,2001,0.39207143
KEN,Kenya,Africa,2002,0.43462598
KEN,Kenya,Africa,2003,0.44178078
KEN,Kenya,Africa,2004,2.3349082
KEN,Kenya,Africa,2005,2.268083
KEN,Kenya,Africa,2006,2.2088983
KEN,Kenya,Africa,2007,2.018912
KEN,Kenya,Africa,2008,1.8590736
KEN,Kenya,Africa,2009,1.4911509
KEN,Kenya,Africa,2010,1.5102918
KEN,Kenya,Africa,2011,1.9930866
KEN,Kenya,Africa,2012,2.1473267
KEN,Kenya,Africa,2013,2.1148803
KEN,Kenya,Africa,2014,2.1100233
KEN,Kenya,Africa,2015,2.2379603
KEN,Kenya,Africa,2016,2.3319333
KEN,Kenya,Africa,2017,2.3919508
KEN,Kenya,Africa,2018,2.9504101
KEN,Kenya,Africa,2019,2.827492
KEN,Kenya,Africa,2020,3.087631
KEN,Kenya,Africa,2021,3.4366124
KEN,Kenya,Africa,2022,3.547179
KEN,Kenya,Africa,2023,3.9326296
KEN,Kenya,Africa,2024,4.154769
KGZ,Kyrgyz Republic,Asia,2000,0.16381207
KGZ,Kyrgyz Republic,Asia,2001,0.29728413
KGZ,Kyrgyz Republic,Asia,2002,1.8866707
KGZ,Kyrgyz Republic,Asia,2003,3.6647987
KGZ,Kyrgyz Republic,Asia,2004,8.096524
KGZ,Kyrgyz Republic,Asia,2005,12.732473
KGZ,Kyrgyz Republic,Asia,2006,16.691734
KGZ,Kyrgyz Republic,Asia,2007,18.513914
KGZ,Kyrgyz Republic,Asia,2008,23.799269
KGZ,Kyrgyz Republic,Asia,2009,20.937124
KGZ,Kyrgyz Republic,Asia,2010,26.410093
KGZ,Kyrgyz Republic,Asia,2011,27.569515
KGZ,Kyrgyz Republic,Asia,2012,30.754433
KGZ,Kyrgyz Republic,Asia,2013,31.05641
KGZ,Kyrgyz Republic,Asia,2014,30.032091
KGZ,Kyrgyz Republic,Asia,2015,25.271894
KGZ,Kyrgyz Republic,Asia,2016,29.27609
KGZ,Kyrgyz Republic,Asia,2017,32.270515
KGZ,Kyrgyz Republic,Asia,2018,32.50557
KGZ,Kyrgyz Republic,Asia,2019,28.785906
KGZ,Kyrgyz Republic,Asia,2020,31.806982
KGZ,Kyrgyz Republic,Asia,2021,32.563534
KGZ,Kyrgyz Republic,Asia,2022,26.57756
KGZ,Kyrgyz Republic,Asia,2023,18.773663
KGZ,Kyrgyz Republic,Asia,2024,17.73632
KHM,Cambodia,Asia,2000,2.77735
KHM,Cambodia,Asia,2001,2.720914
KHM,Cambodia,Asia,2002,2.7325878
KHM,Cambodia,Asia,2003,2.540277
KHM,Cambodia,Asia,2004,2.5053978
KHM,Cambodia,Asia,2005,2.3166308
KHM,Cambodia,Asia,2006,2.19986
KHM,Cambodia,Asia,2007,1.8345333
KHM,Cambodia,Asia,2008,1.5435625
KHM,Cambodia,Asia,2009,1.137444
KHM,Cambodia,Asia,2010,4.037
KHM,Cambodia,Asia,2011,3.8087952
KHM,Cambodia,Asia,2012,4.7964625
KHM,Cambodia,Asia,2013,5.0654798
KHM,Cambodia,Asia,2014,5.004763
KHM,Cambodia,Asia,2015,4.903873
KHM,Cambodia,Asia,2016,4.515683
KHM,Cambodia,Asia,2017,4.3852377
KHM,Cambodia,Asia,2018,4.318197
KHM,Cambodia,Asia,2019,7.235567
KHM,Cambodia,Asia,2020,7.4322243
KHM,Cambodia,Asia,2021,6.9007826
KHM,Cambodia,Asia,2022,6.5409355
KHM,Cambodia,Asia,2023,6.5710235
KHM,Cambodia,Asia,2024,6.100876
KIR,Kiribati,Oceania,2006,11.563494
KIR,Kiribati,Oceania,2007,10.09793
KIR,Kiribati,Oceania,2008,9.776035
KIR,Kiribati,Oceania,2009,10.021286
KIR,Kiribati,Oceania,2010,9.458557
KIR,Kiribati,Oceania,2011,8.690419
KIR,Kiribati,Oceania,2012,8.522886
KIR,Kiribati,Oceania,2013,8.553012
KIR,Kiribati,Oceania,2014,8.178767
KIR,Kiribati,Oceania,2015,7.333519
KIR,Kiribati,Oceania,2016,7.8922515
KIR,Kiribati,Oceania,2017,8.058096
KIR,Kiribati,Oceania,2018,8.555412
KIR,Kiribati,Oceania,2019,9.2518635
KIR,Kiribati,Oceania,2020,6.7524934
KIR,Kiribati,Oceania,2021,4.6828876
KIR,Kiribati,Oceania,2022,10.409152
KIR,Kiribati,Oceania,2023,4.030455
KIR,Kiribati,Oceania,2024,4.7613416
KNA,Saint Kitts and Nevis,North America,2000,5.7563
KNA,Saint Kitts and Nevis,North America,2001,5.398363
KNA,Saint Kitts and Nevis,North America,2002,5.2770214
KNA,Saint Kitts and Nevis,North America,2003,5.705921
KNA,Saint Kitts and Nevis,North America,2004,5.6120214
KNA,Saint Kitts and Nevis,North America,2005,2.5846097
KNA,Saint Kitts and Nevis,North America,2006,2.3178983
KNA,Saint Kitts and Nevis,North America,2007,2.2681983
KNA,Saint Kitts and Nevis,North America,2008,2.128936
KNA,Saint Kitts and Nevis,North America,2009,2.1081607
KNA,Saint Kitts and Nevis,North America,2010,2.2694113
KNA,Saint Kitts and Nevis,North America,2011,2.1335568
KNA,Saint Kitts and Nevis,North America,2012,2.291489
KNA,Saint Kitts and Nevis,North America,2013,2.3487508
KNA,Saint Kitts and Nevis,North America,2014,2.275767
KNA,Saint Kitts and Nevis,North America,2015,2.5493846
KNA,Saint Kitts and Nevis,North America,2016,2.2400925
KNA,Saint Kitts and Nevis,North America,2017,2.3452106
KNA,Saint Kitts and Nevis,North America,2018,2.4095037
KNA,Saint Kitts and Nevis,North America,2019,3.812522
KNA,Saint Kitts and Nevis,North America,2020,3.5708582
KNA,Saint Kitts and Nevis,North America,2021,4.3164487
KNA,Saint Kitts and Nevis,North America,2022,3.8274243
KNA,Saint Kitts and Nevis,North America,2023,3.5230868
KNA,Saint Kitts and Nevis,North America,2024,3.4513798
KOR,South Korea,Asia,2000,0.7570874
KOR,South Korea,Asia,2001,0.7957153
KOR,South Korea,Asia,2002,0.78995174
KOR,South Korea,Asia,2003,0.8064608
KOR,South Korea,Asia,2004,0.7209465
KOR,South Korea,Asia,2005,0.5351635
KOR,South Korea,Asia,2006,0.44280574
KOR,South Korea,Asia,2007,0.4222172
KOR,South Korea,Asia,2008,0.6392656
KOR,South Korea,Asia,2009,0.61028504
KOR,South Korea,Asia,2010,0.4907405
KOR,South Korea,Asia,2011,0.50510156
KOR,South Korea,Asia,2012,0.49343854
KOR,South Korea,Asia,2013,0.45135128
KOR,South Korea,Asia,2014,0.4223929
KOR,South Korea,Asia,2015,0.41994858
KOR,South Korea,Asia,2016,0.41310817
KOR,South Korea,Asia,2017,0.38161692
KOR,South Korea,Asia,2018,0.39057663
KOR,South Korea,Asia,2019,0.40924686
KOR,South Korea,Asia,2020,0.42629015
KOR,South Korea,Asia,2021,0.39861226
KOR,South Korea,Asia,2022,0.43429255
KOR,South Korea,Asia,2023,0.38134196
KOR,South Korea,Asia,2024,0.3972191
KWT,Kuwait,Asia,2010,0.00416589
KWT,Kuwait,Asia,2011,0.003658455
KWT,Kuwait,Asia,2012,0.0015018125
KWT,Kuwait,Asia,2013,0.0024255111
KWT,Kuwait,Asia,2014,0.0023605945
KWT,Kuwait,Asia,2015,0.0299042
KWT,Kuwait,Asia,2016,0.0036492497
KWT,Kuwait,Asia,2017,0.019017529
KWT,Kuwait,Asia,2018,0.019990714
KWT,Kuwait,Asia,2019,0.0182458
KWT,Kuwait,Asia,2020,0.020277703
KWT,Kuwait,Asia,2021,0.54374874
KWT,Kuwait,Asia,2022,0.012043936
KWT,Kuwait,Asia,2023,0.012869139
KWT,Kuwait,Asia,2024,0.0127258925
LAO,Laos,Asia,2000,0.038123887
LAO,Laos,Asia,2001,0.039272167
LAO,Laos,Asia,2002,0.041480687
LAO,Laos,Asia,2003,0.03784707
LAO,Laos,Asia,2004,0.033978112
LAO,Laos,Asia,2005,0.03034115
LAO,Laos,Asia,2006,0.122639544
LAO,Laos,Asia,2007,0.14689814
LAO,Laos,Asia,2008,0.3263531
LAO,Laos,Asia,2009,0.6438562
LAO,Laos,Asia,2010,0.58574826
LAO,Laos,Asia,2011,1.2605313
LAO,Laos,Asia,2012,1.9914825
LAO,Laos,Asia,2013,1.4222914
LAO,Laos,Asia,2014,1.4161063
LAO,Laos,Asia,2015,1.3115717
LAO,Laos,Asia,2016,1.1900196
LAO,Laos,Asia,2017,1.4217466
LAO,Laos,Asia,2018,1.3222593
LAO,Laos,Asia,2019,1.5822182
LAO,Laos,Asia,2020,1.2230982
LAO,Laos,Asia,2021,1.1659997
LAO,Laos,Asia,2022,1.5499351
LAO,Laos,Asia,2023,1.8126845
LAO,Laos,Asia,2024,1.4941971
LBN,Lebanon,Asia,2002,13.2854
LBN,Lebanon,Asia,2003,23.617083
LBN,Lebanon,Asia,2004,26.42477
LBN,Lebanon,Asia,2005,22.906609
LBN,Lebanon,Asia,2006,23.62215
LBN,Lebanon,Asia,2007,23.237432
LBN,Lebanon,Asia,2008,24.659538
LBN,Lebanon,Asia,2009,21.350925
LBN,Lebanon,Asia,2010,17.984787
LBN,Lebanon,Asia,2011,17.22525
LBN,Lebanon,Asia,2012,15.156126
LBN,Lebanon,Asia,2013,16.1403
LBN,Lebanon,Asia,2014,14.951164
LBN,Lebanon,Asia,2015,14.982808
LBN,Lebanon,Asia,2016,14.870244
LBN,Lebanon,Asia,2017,13.317296
LBN,Lebanon,Asia,2018,12.709962
LBN,Lebanon,Asia,2019,14.283096
LBN,Lebanon,Asia,2020,20.791435
LBN,Lebanon,Asia,2021,27.466486
LBN,Lebanon,Asia,2022,30.655516
LBN,Lebanon,Asia,2023,33.349773
LBR,Liberia,Africa,2004,6.5158167
LBR,Liberia,Africa,2005,3.3566866
LBR,Liberia,Africa,2006,7.0433373
LBR,Liberia,Africa,2007,4.513997
LBR,Liberia,Africa,2008,3.3674526
LBR,Liberia,Africa,2009,1.4206394
LBR,Liberia,Africa,2010,14.726324
LBR,Liberia,Africa,2011,21.809946
LBR,Liberia,Africa,2012,19.588036
LBR,Liberia,Africa,2013,12.990934
LBR,Liberia,Africa,2014,15.872768
LBR,Liberia,Africa,2015,20.27918
LBR,Liberia,Africa,2016,17.070517
LBR,Liberia,Africa,2017,11.899474
LBR,Liberia,Africa,2018,13.437268
LBR,Liberia,Africa,2019,10.430306
LBR,Liberia,Africa,2020,13.129686
LBR,Liberia,Africa,2021,24.621357
LBR,Liberia,Africa,2022,21.911528
LBR,Liberia,Africa,2023,21.644762
LBR,Liberia,Africa,2024,21.275839
LBY,Libyan Arab Jamahiriya,Africa,2000,0.023516528
LBY,Libyan Arab Jamahiriya,Africa,2001,0.029315116
LBY,Libyan Arab Jamahiriya,Africa,2002,0.034176532
LBY,Libyan Arab Jamahiriya,Africa,2003,0.030458061
LBY,Libyan Arab Jamahiriya,Africa,2004,0.030191133
LBY,Libyan Arab Jamahiriya,Africa,2005,0.03168923
LBY,Libyan Arab Jamahiriya,Africa,2006,0.02662485
LCA,Saint Lucia,North America,2000,2.5552025
LCA,Saint Lucia,North America,2001,2.7037344
LCA,Saint Lucia,North America,2002,2.729079
LCA,Saint Lucia,North America,2003,2.5434613
LCA,Saint Lucia,North America,2004,2.4671528
LCA,Saint Lucia,North America,2005,2.5646727
LCA,Saint Lucia,North America,2006,2.3737717
LCA,Saint Lucia,North America,2007,2.317887
LCA,Saint Lucia,North America,2008,2.175122
LCA,Saint Lucia,North America,2009,2.1629999
LCA,Saint Lucia,North America,2010,2.1115074
LCA,Saint Lucia,North America,2011,2.0290568
LCA,Saint Lucia,North America,2012,2.0137103
LCA,Saint Lucia,North America,2013,1.9648926
LCA,Saint Lucia,North America,2014,2.0140834
LCA,Saint Lucia,North America,2015,2.2405264
LCA,Saint Lucia,North America,2016,2.0545692
LCA,Saint Lucia,North America,2017,2.0947177
LCA,Saint Lucia,North America,2018,2.0825264
LCA,Saint Lucia,North America,2019,2.062537
LCA,Saint Lucia,North America,2020,3.7608323
LCA,Saint Lucia,North America,2021,3.387862
LCA,Saint Lucia,North America,2022,2.6460633
LCA,Saint Lucia,North America,2023,2.6043077
LCA,Saint Lucia,North America,2024,2.3790832
LKA,Sri Lanka,Asia,2000,6.9552526
LKA,Sri Lanka,Asia,2001,7.427481
LKA,Sri Lanka,Asia,2002,7.837615
LKA,Sri Lanka,Asia,2003,7.538861
LKA,Sri Lanka,Asia,2004,7.6165905
LKA,Sri Lanka,Asia,2005,8.094538
LKA,Sri Lanka,Asia,2006,7.6652584
LKA,Sri Lanka,Asia,2007,7.750484
LKA,Sri Lanka,Asia,2008,7.1830635
LKA,Sri Lanka,Asia,2009,7.932017
LKA,Sri Lanka,Asia,2010,7.031732
LKA,Sri Lanka,Asia,2011,7.60555
LKA,Sri Lanka,Asia,2012,8.516379
LKA,Sri Lanka,Asia,2013,8.3430805
LKA,Sri Lanka,Asia,2014,8.525664
LKA,Sri Lanka,Asia,2015,8.226239
LKA,Sri Lanka,Asia,2016,8.252084
LKA,Sri Lanka,Asia,2017,7.619313
LKA,Sri Lanka,Asia,2018,7.4568963
LKA,Sri Lanka,Asia,2019,7.5829215
LKA,Sri Lanka,Asia,2020,8.466669
LKA,Sri Lanka,Asia,2021,6.2354
LKA,Sri Lanka,Asia,2022,5.15136
LKA,Sri Lanka,Asia,2023,7.194066
LKA,Sri Lanka,Asia,2024,6.7920384
LSO,Lesotho,Africa,2000,53.826397
LSO,Lesotho,Africa,2001,48.59566
LSO,Lesotho,Africa,2002,50.10189
LSO,Lesotho,Africa,2003,48.095764
LSO,Lesotho,Africa,2004,41.499466
LSO,Lesotho,Africa,2005,35.626354
LSO,Lesotho,Africa,2006,34.101734
LSO,Lesotho,Africa,2007,37.937096
LSO,Lesotho,Africa,2008,32.59145
LSO,Lesotho,Africa,2009,31.473846
LSO,Lesotho,Africa,2010,27.30183
LSO,Lesotho,Africa,2011,25.173782
LSO,Lesotho,Africa,2012,22.381962
LSO,Lesotho,Africa,2013,19.556173
LSO,Lesotho,Africa,2014,16.639685
LSO,Lesotho,Africa,2015,14.740285
LSO,Lesotho,Africa,2016,21.534243
LSO,Lesotho,Africa,2017,23.71444
LSO,Lesotho,Africa,2018,22.396814
LSO,Lesotho,Africa,2019,22.129578
LSO,Lesotho,Africa,2020,21.906189
LSO,Lesotho,Africa,2021,19.67008
LSO,Lesotho,Africa,2022,22.615864
LSO,Lesotho,Africa,2023,22.651669
LSO,Lesotho,Africa,2024,20.944948
LTU,Lithuania,Europe,2000,0.43237656
LTU,Lithuania,Europe,2001,0.6455553
LTU,Lithuania,Europe,2002,0.7649195
LTU,Lithuania,Europe,2003,0.6105204
LTU,Lithuania,Europe,2004,2.5391932
LTU,Lithuania,Europe,2005,2.854876
LTU,Lithuania,Europe,2006,3.301905
LTU,Lithuania,Europe,2007,3.6071632
LTU,Lithuania,Europe,2008,3.272566
LTU,Lithuania,Europe,2009,3.3067467
LTU,Lithuania,Europe,2010,4.566718
LTU,Lithuania,Europe,2011,4.5278397
LTU,Lithuania,Europe,2012,3.5289266
LTU,Lithuania,Europe,2013,4.4486837
LTU,Lithuania,Europe,2014,4.374647
LTU,Lithuania,Europe,2015,3.3047326
LTU,Lithuania,Europe,2016,2.9786131
LTU,Lithuania,Europe,2017,2.7274737
LTU,Lithuania,Europe,2018,2.5560865
LTU,Lithuania,Europe,2019,2.3655505
LTU,Lithuania,Europe,2020,1.3770274
LTU,Lithuania,Europe,2021,1.160663
LTU,Lithuania,Europe,2022,1.0360514
LTU,Lithuania,Europe,2023,1.224098
LTU,Lithuania,Europe,2024,1.2386314
LUX,Luxembourg,Europe,2000,2.7250183
LUX,Luxembourg,Europe,2001,2.6961386
LUX,Luxembourg,Europe,2002,3.499255
LUX,Luxembourg,Europe,2003,3.5290132
LUX,Luxembourg,Europe,2004,3.359889
LUX,Luxembourg,Europe,2005,3.1556542
LUX,Luxembourg,Europe,2006,3.0145216
LUX,Luxembourg,Europe,2007,2.8675501
LUX,Luxembourg,Europe,2008,2.8237906
LUX,Luxembourg,Europe,2009,3.0775838
LUX,Luxembourg,Europe,2010,2.9700377
LUX,Luxembourg,Europe,2011,2.9347315
LUX,Luxembourg,Europe,2012,2.873875
LUX,Luxembourg,Europe,2013,2.94706
LUX,Luxembourg,Europe,2014,2.7441273
LUX,Luxembourg,Europe,2015,2.7887235
LUX,Luxembourg,Europe,2016,2.7964692
LUX,Luxembourg,Europe,2017,2.902865
LUX,Luxembourg,Europe,2018,2.930117
LUX,Luxembourg,Europe,2019,3.0040689
LUX,Luxembourg,Europe,2020,3.1620202
LUX,Luxembourg,Europe,2021,2.8376656
LUX,Luxembourg,Europe,2022,2.7741385
LUX,Luxembourg,Europe,2023,2.8392725
LUX,Luxembourg,Europe,2024,2.6796498
LVA,Latvia,Europe,2000,3.2491655
LVA,Latvia,Europe,2001,3.3414285
LVA,Latvia,Europe,2002,1.2169902
LVA,Latvia,Europe,2003,1.4007322
LVA,Latvia,Europe,2004,1.5807122
LVA,Latvia,Europe,2005,2.3244936
LVA,Latvia,Europe,2006,2.3495564
LVA,Latvia,Europe,2007,1.8711013
LVA,Latvia,Europe,2008,5.6259494
LVA,Latvia,Europe,2009,6.175814
LVA,Latvia,Europe,2010,5.3577156
LVA,Latvia,Europe,2011,5.6657095
LVA,Latvia,Europe,2012,5.526578
LVA,Latvia,Europe,2013,5.503688
LVA,Latvia,Europe,2014,5.130859
LVA,Latvia,Europe,2015,5.070377
LVA,Latvia,Europe,2016,4.55412
LVA,Latvia,Europe,2017,4.335149
LVA,Latvia,Europe,2018,3.7215824
LVA,Latvia,Europe,2019,3.4520512
LVA,Latvia,Europe,2020,3.2604916
LVA,Latvia,Europe,2021,3.4502091
LVA,Latvia,Europe,2022,3.4054139
LVA,Latvia,Europe,2023,2.8863158
LVA,Latvia,Europe,2024,3.0629122
MAC,Macao,Asia,2002,0.63242143
MAC,Macao,Asia,2003,0.5789227
MAC,Macao,Asia,2004,0.50111264
MAC,Macao,Asia,2005,0.43708876
MAC,Macao,Asia,2006,0.3728973
MAC,Macao,Asia,2007,0.29493424
MAC,Macao,Asia,2008,0.2453934
MAC,Macao,Asia,2009,0.22409837
MAC,Macao,Asia,2010,0.16588734
MAC,Macao,Asia,2011,0.131056
MAC,Macao,Asia,2012,0.10859788
MAC,Macao,Asia,2013,0.094375305
MAC,Macao,Asia,2014,0.067111716
MAC,Macao,Asia,2015,0.08795521
MAC,Macao,Asia,2016,0.06135599
MAC,Macao,Asia,2017,0.068699494
MAC,Macao,Asia,2018,0.076468825
MAC,Macao,Asia,2019,0.09995858
MAC,Macao,Asia,2020,0.2601613
MAC,Macao,Asia,2021,0.24123624
MAC,Macao,Asia,2022,0.3588109
MAC,Macao,Asia,2023,0.24441022
MAC,Macao,Asia,2024,0.27419955
MAR,Morocco,Africa,2000,5.0234547
MAR,Morocco,Africa,2001,7.4396763
MAR,Morocco,Africa,2002,6.1115637
MAR,Morocco,Africa,2003,6.227738
MAR,Morocco,Africa,2004,6.384165
MAR,Morocco,Africa,2005,6.6652865
MAR,Morocco,Africa,2006,7.1838384
MAR,Morocco,Africa,2007,7.7408094
MAR,Morocco,Africa,2008,6.770861
MAR,Morocco,Africa,2009,6.197539
MAR,Morocco,Africa,2010,6.367442
MAR,Morocco,Africa,2011,6.5918145
MAR,Morocco,Africa,2012,6.0857153
MAR,Morocco,Africa,2013,5.9458632
MAR,Morocco,Africa,2014,6.5379333
MAR,Morocco,Africa,2015,6.252427
MAR,Morocco,Africa,2016,5.7213454
MAR,Morocco,Africa,2017,5.755837
MAR,Morocco,Africa,2018,5.433766
MAR,Morocco,Africa,2019,5.400686
MAR,Morocco,Africa,2020,6.109531
MAR,Morocco,Africa,2021,7.6792855
MAR,Morocco,Africa,2022,8.511103
MAR,Morocco,Africa,2023,8.045684
MAR,Morocco,Africa,2024,7.7895904
MDA,Moldova,Europe,2000,13.782672
MDA,Moldova,Europe,2001,16.358095
MDA,Moldova,Europe,2002,19.411871
MDA,Moldova,Europe,2003,24.434256
MDA,Moldova,Europe,2004,26.993942
MDA,Moldova,Europe,2005,30.621653
MDA,Moldova,Europe,2006,34.499176
MDA,Moldova,Europe,2007,33.88324
MDA,Moldova,Europe,2008,31.182077
MDA,Moldova,Europe,2009,24.861961
MDA,Moldova,Europe,2010,25.130243
MDA,Moldova,Europe,2011,21.547827
MDA,Moldova,Europe,2012,22.808685
MDA,Moldova,Europe,2013,23.076815
MDA,Moldova,Europe,2014,22.079346
MDA,Moldova,Europe,2015,19.751036
MDA,Moldova,Europe,2016,18.384102
MDA,Moldova,Europe,2017,17.214636
MDA,Moldova,Europe,2018,16.333738
MDA,Moldova,Europe,2019,16.272839
MDA,Moldova,Europe,2020,16.274923
MDA,Moldova,Europe,2021,15.478748
MDA,Moldova,Europe,2022,14.029416
MDA,Moldova,Europe,2023,12.03873
MDA,Moldova,Europe,2024,10.537133
MDG,Madagascar,Africa,2000,0.24345368
MDG,Madagascar,Africa,2001,0.19990127
MDG,Madagascar,Africa,2002,0.5479303
MDG,Madagascar,Africa,2003,0.25471243
MDG,Madagascar,Africa,2004,0.22719175
MDG,Madagascar,Africa,2005,1.7352496
MDG,Madagascar,Africa,2006,2.3493893
MDG,Madagascar,Africa,2007,2.9853375
MDG,Madagascar,Africa,2008,2.9276261
MDG,Madagascar,Africa,2009,2.9502425
MDG,Madagascar,Africa,2010,4.5661497
MDG,Madagascar,Africa,2011,2.900108
MDG,Madagascar,Africa,2012,2.8542736
MDG,Madagascar,Africa,2013,2.8796453
MDG,Madagascar,Africa,2014,2.7504544
MDG,Madagascar,Africa,2015,2.886549
MDG,Madagascar,Africa,2016,2.525229
MDG,Madagascar,Africa,2017,2.6014633
MDG,Madagascar,Africa,2018,3.0923052
MDG,Madagascar,Africa,2019,2.8903644
MDG,Madagascar,Africa,2020,3.7954164
MDG,Madagascar,Africa,2021,3.063188
MDG,Madagascar,Africa,2022,2.5140302
MDG,Madagascar,Africa,2023,1.9625428
MDG,Madagascar,Africa,2024,2.3320773
MDV,Maldives,Asia,2000,0.35186997
MDV,Maldives,Asia,2001,0.20954625
MDV,Maldives,Asia,2002,0.22431684
MDV,Maldives,Asia,2003,0.19125101
MDV,Maldives,Asia,2004,0.23638918
MDV,Maldives,Asia,2005,0.1940281
MDV,Maldives,Asia,2006,0.17775516
MDV,Maldives,Asia,2007,0.42465377
MDV,Maldives,Asia,2008,0.27581987
MDV,Maldives,Asia,2009,0.19232939
MDV,Maldives,Asia,2010,0.122062735
MDV,Maldives,Asia,2011,0.10804472
MDV,Maldives,Asia,2012,0.109051876
MDV,Maldives,Asia,2013,0.100296736
MDV,Maldives,Asia,2014,0.093851626
MDV,Maldives,Asia,2015,0.08823157
MDV,Maldives,Asia,2016,0.08675178
MDV,Maldives,Asia,2017,0.08340186
MDV,Maldives,Asia,2018,0.07804533
MDV,Maldives,Asia,2019,0.07734294
MDV,Maldives,Asia,2020,0.12525348
MDV,Maldives,Asia,2021,0.09295982
MDV,Maldives,Asia,2022,0.0829967
MDV,Maldives,Asia,2023,0.081304066
MDV,Maldives,Asia,2024,0.080042765
MEX,Mexico,North America,2000,1.0140325
MEX,Mexico,North America,2001,1.2745527
MEX,Mexico,North America,2002,1.3605413
MEX,Mexico,North America,2003,2.1753886
MEX,Mexico,North America,2004,2.4237628
MEX,Mexico,North America,2005,2.4784806
MEX,Mexico,North America,2006,2.6015604
MEX,Mexico,North America,2007,2.4961984
MEX,Mexico,North America,2008,2.3315086
MEX,Mexico,North America,2009,2.4265656
MEX,Mexico,North America,2010,2.059636
MEX,Mexico,North America,2011,1.9682478
MEX,Mexico,North America,2012,1.9166919
MEX,Mexico,North America,2013,1.8061957
MEX,Mexico,North America,2014,1.8729571
MEX,Mexico,North America,2015,2.2109149
MEX,Mexico,North America,2016,2.63693
MEX,Mexico,North America,2017,2.764952
MEX,Mexico,North America,2018,2.9074504
MEX,Mexico,North America,2019,3.0544689
MEX,Mexico,North America,2020,3.9228468
MEX,Mexico,North America,2021,4.182615
MEX,Mexico,North America,2022,4.189533
MEX,Mexico,North America,2023,3.6833231
MEX,Mexico,North America,2024,3.6435664
MHL,Marshall Islands,Oceania,2005,17.2053
MHL,Marshall Islands,Oceania,2006,18.151747
MHL,Marshall Islands,Oceania,2007,16.705622
MHL,Marshall Islands,Oceania,2008,15.733182
MHL,Marshall Islands,Oceania,2009,15.599571
MHL,Marshall Islands,Oceania,2010,13.789531
MHL,Marshall Islands,Oceania,2011,12.85274
MHL,Marshall Islands,Oceania,2012,12.8593235
MHL,Marshall Islands,Oceania,2013,13.173516
MHL,Marshall Islands,Oceania,2014,14.022338
MHL,Marshall Islands,Oceania,2015,14.8829775
MHL,Marshall Islands,Oceania,2016,14.043622
MHL,Marshall Islands,Oceania,2017,14.248972
MHL,Marshall Islands,Oceania,2018,14.295479
MHL,Marshall Islands,Oceania,2019,13.933042
MHL,Marshall Islands,Oceania,2020,13.833769
MHL,Marshall Islands,Oceania,2021,13.186848
MHL,Marshall Islands,Oceania,2022,13.315393
MHL,Marshall Islands,Oceania,2023,13.06107
MHL,Marshall Islands,Oceania,2024,11.8748865
MKD,North Macedonia,Europe,2000,2.1448188
MKD,North Macedonia,Europe,2001,1.9796883
MKD,North Macedonia,Europe,2002,2.6354673
MKD,North Macedonia,Europe,2003,3.5109391
MKD,North Macedonia,Europe,2004,3.748445
MKD,North Macedonia,Europe,2005,3.6201127
MKD,North Macedonia,Europe,2006,3.884967
MKD,North Macedonia,Europe,2007,4.1385627
MKD,North Macedonia,Europe,2008,4.1033735
MKD,North Macedonia,Europe,2009,4.054076
MKD,North Macedonia,Europe,2010,4.1237817
MKD,North Macedonia,Europe,2011,4.1366353
MKD,North Macedonia,Europe,2012,4.0445666
MKD,North Macedonia,Europe,2013,3.476415
MKD,North Macedonia,Europe,2014,3.3739161
MKD,North Macedonia,Europe,2015,3.2480595
MKD,North Macedonia,Europe,2016,2.9635813
MKD,North Macedonia,Europe,2017,3.0506487
MKD,North Macedonia,Europe,2018,2.9897335
MKD,North Macedonia,Europe,2019,2.8130696
MKD,North Macedonia,Europe,2020,3.8029475
MKD,North Macedonia,Europe,2021,3.4973853
MKD,North Macedonia,Europe,2022,3.2769542
MKD,North Macedonia,Europe,2023,2.916777
MKD,North Macedonia,Europe,2024,2.7030463
MLI,Mali,Africa,2000,2.0775943
MLI,Mali,Africa,2001,2.1377606
MLI,Mali,Africa,2002,2.9620538
MLI,Mali,Africa,2003,2.7436597
MLI,Mali,Africa,2004,2.3969917
MLI,Mali,Africa,2005,2.3859868
MLI,Mali,Africa,2006,2.581953
MLI,Mali,Africa,2007,3.5506175
MLI,Mali,Africa,2008,3.77523
MLI,Mali,Africa,2009,3.7479103
MLI,Mali,Africa,2010,3.7228897
MLI,Mali,Africa,2011,5.080865
MLI,Mali,Africa,2012,5.5925016
MLI,Mali,Africa,2013,5.68205
MLI,Mali,Africa,2014,5.394613
MLI,Mali,Africa,2015,5.2423844
MLI,Mali,Africa,2016,4.940591
MLI,Mali,Africa,2017,4.8362856
MLI,Mali,Africa,2018,5.0204873
MLI,Mali,Africa,2019,4.7452307
MLI,Mali,Africa,2020,4.8174224
MLI,Mali,Africa,2021,4.9195466
MLI,Mali,Africa,2022,4.9112487
MLI,Mali,Africa,2023,4.211883
MLI,Mali,Africa,2024,3.9893472
MLT,Malta,Europe,2000,0.43343785
MLT,Malta,Europe,2001,0.31762594
MLT,Malta,Europe,2002,0.4758931
MLT,Malta,Europe,2003,0.4760669
MLT,Malta,Europe,2004,5.229557
MLT,Malta,Europe,2005,3.4737122
MLT,Malta,Europe,2006,3.0933475
MLT,Malta,Europe,2007,2.899276
MLT,Malta,Europe,2008,2.8949125
MLT,Malta,Europe,2009,2.9755063
MLT,Malta,Europe,2010,2.5235267
MLT,Malta,Europe,2011,2.3201196
MLT,Malta,Europe,2012,2.0823953
MLT,Malta,Europe,2013,2.2773306
MLT,Malta,Europe,2014,2.126339
MLT,Malta,Europe,2015,2.4195857
MLT,Malta,Europe,2016,2.090747
MLT,Malta,Europe,2017,0.17130083
MLT,Malta,Europe,2018,0.12786123
MLT,Malta,Europe,2019,0.08072965
MLT,Malta,Europe,2020,0.0836102
MLT,Malta,Europe,2021,0.07078987
MLT,Malta,Europe,2022,0.065215625
MLT,Malta,Europe,2023,0.068894885
MLT,Malta,Europe,2024,0.06272754
MMR,Myanmar,Asia,2000,1.147129
MMR,Myanmar,Asia,2001,1.7931758
MMR,Myanmar,Asia,2002,1.5549035
MMR,Myanmar,Asia,2003,0.8064512
MMR,Myanmar,Asia,2004,1.1031438
MMR,Myanmar,Asia,2005,1.0802472
MMR,Myanmar,Asia,2006,0.79412335
MMR,Myanmar,Asia,2007,0.40138313
MMR,Myanmar,Asia,2008,0.17181303
MMR,Myanmar,Asia,2009,0.14759596
MMR,Myanmar,Asia,2010,0.23183884
MMR,Myanmar,Asia,2011,0.21187337
MMR,Myanmar,Asia,2012,0.45816842
MMR,Myanmar,Asia,2013,2.7275438
MMR,Myanmar,Asia,2014,2.758492
MMR,Myanmar,Asia,2015,3.2441125
MMR,Myanmar,Asia,2016,3.562043
MMR,Myanmar,Asia,2017,3.7134845
MMR,Myanmar,Asia,2018,3.9396915
MMR,Myanmar,Asia,2019,3.4013004
MMR,Myanmar,Asia,2020,3.3814652
MMR,Myanmar,Asia,2021,1.9324586
MMR,Myanmar,Asia,2022,2.0253224
MMR,Myanmar,Asia,2023,1.647752
MMR,Myanmar,Asia,2024,1.5526199
MNE,Montenegro,Europe,2007,5.3406696
MNE,Montenegro,Europe,2008,6.5649266
MNE,Montenegro,Europe,2009,7.31816
MNE,Montenegro,Europe,2010,10.0549555
MNE,Montenegro,Europe,2011,11.306709
MNE,Montenegro,Europe,2012,12.463708
MNE,Montenegro,Europe,2013,12.331443
MNE,Montenegro,Europe,2014,11.86457
MNE,Montenegro,Europe,2015,11.7114935
MNE,Montenegro,Europe,2016,11.03494
MNE,Montenegro,Europe,2017,10.886791
MNE,Montenegro,Europe,2018,10.83853
MNE,Montenegro,Europe,2019,10.655931
MNE,Montenegro,Europe,2020,12.71714
MNE,Montenegro,Europe,2021,13.60315
MNE,Montenegro,Europe,2022,13.279741
MNE,Montenegro,Europe,2023,10.5300865
MNE,Montenegro,Europe,2024,10.340906
MNG,Mongolia,Asia,2000,0.096869394
MNG,Mongolia,Asia,2001,2.1044815
MNG,Mongolia,Asia,2002,4.9189487
MNG,Mongolia,Asia,2003,4.9743357
MNG,Mongolia,Asia,2004,10.165724
MNG,Mongolia,Asia,2005,7.012106
MNG,Mongolia,Asia,2006,4.545676
MNG,Mongolia,Asia,2007,4.203771
MNG,Mongolia,Asia,2008,3.9940708
MNG,Mongolia,Asia,2009,4.3548255
MNG,Mongolia,Asia,2010,3.7032232
MNG,Mongolia,Asia,2011,2.3981507
MNG,Mongolia,Asia,2012,2.6343648
MNG,Mongolia,Asia,2013,2.0436513
MNG,Mongolia,Asia,2014,2.0866275
MNG,Mongolia,Asia,2015,2.2453802
MNG,Mongolia,Asia,2016,2.3241947
MNG,Mongolia,Asia,2017,2.3810525
MNG,Mongolia,Asia,2018,3.343079
MNG,Mongolia,Asia,2019,3.948446
MNG,Mongolia,Asia,2020,4.122543
MNG,Mongolia,Asia,2021,3.0822222
MNG,Mongolia,Asia,2022,2.3283193
MNG,Mongolia,Asia,2023,2.2399547
MNG,Mongolia,Asia,2024,2.2176776
MOZ,Mozambique,Africa,2000,0.62050164
MOZ,Mozambique,Africa,2001,0.7401037
MOZ,Mozambique,Africa,2002,0.88316
MOZ,Mozambique,Africa,2003,1.0553353
MOZ,Mozambique,Africa,2004,0.72466505
MOZ,Mozambique,Africa,2005,0.66405654
MOZ,Mozambique,Africa,2006,0.841576
MOZ,Mozambique,Africa,2007,0.91926414
MOZ,Mozambique,Africa,2008,0.89582753
MOZ,Mozambique,Africa,2009,0.9061172
MOZ,Mozambique,Africa,2010,1.0145313
MOZ,Mozambique,Africa,2011,0.8869778
MOZ,Mozambique,Africa,2012,1.0433019
MOZ,Mozambique,Africa,2013,0.8862097
MOZ,Mozambique,Africa,2014,0.8647393
MOZ,Mozambique,Africa,2015,0.88148105
MOZ,Mozambique,Africa,2016,0.7736539
MOZ,Mozambique,Africa,2017,1.944544
MOZ,Mozambique,Africa,2018,2.781644
MOZ,Mozambique,Africa,2019,1.1712112
MOZ,Mozambique,Africa,2020,1.1384476
MOZ,Mozambique,Africa,2021,1.2485625
MOZ,Mozambique,Africa,2022,0.8801092
MOZ,Mozambique,Africa,2023,1.2171118
MOZ,Mozambique,Africa,2024,1.1734923
MRT,Mauritania,Africa,2017,1.1348342
MRT,Mauritania,Africa,2018,0.80807453
MRT,Mauritania,Africa,2019,0.81647664
MRT,Mauritania,Africa,2020,2.0417652
MRT,Mauritania,Africa,2021,0.14285901
MRT,Mauritania,Africa,2022,1.1434395
MRT,Mauritania,Africa,2023,1.5637295
MRT,Mauritania,Africa,2024,0.86670685
MUS,Mauritius,Africa,2000,3.745153
MUS,Mauritius,Africa,2001,0.01317116
MUS,Mauritius,Africa,2002,0.012921269
MUS,Mauritius,Africa,2003,0.009732427
MUS,Mauritius,Africa,2004,0.010944416
MUS,Mauritius,Africa,2005,0.009263754
MUS,Mauritius,Africa,2006,0.010210567
MUS,Mauritius,Africa,2007,0.008500149
MUS,Mauritius,Africa,2008,0.0062571126
MUS,Mauritius,Africa,2009,0.0071289544
MUS,Mauritius,Africa,2010,0.008027419
MUS,Mauritius,Africa,2011,0.0044443156
MUS,Mauritius,Africa,2012,0.0072846436
MUS,Mauritius,Africa,2013,0.0044463053
MUS,Mauritius,Africa,2014,2.471851
MUS,Mauritius,Africa,2015,1.8382988
MUS,Mauritius,Africa,2016,1.5211748
MUS,Mauritius,Africa,2017,1.800707
MUS,Mauritius,Africa,2018,1.6354383
MUS,Mauritius,Africa,2019,2.1748483
MUS,Mauritius,Africa,2020,2.4617462
MUS,Mauritius,Africa,2021,2.3444626
MUS,Mauritius,Africa,2022,2.1167953
MUS,Mauritius,Africa,2023,2.241164
MUS,Mauritius,Africa,2024,1.9204528
MWI,Malawi,Africa,2000,0.029436171
MWI,Malawi,Africa,2001,0.029899254
MWI,Malawi,Africa,2002,0.016584218
MWI,Malawi,Africa,2003,0.29791835
MWI,Malawi,Africa,2004,0.36216658
MWI,Malawi,Africa,2005,0.42349896
MWI,Malawi,Africa,2006,0.25419846
MWI,Malawi,Africa,2007,0.3257299
MWI,Malawi,Africa,2008,0.21532956
MWI,Malawi,Africa,2009,0.18487145
MWI,Malawi,Africa,2010,0.21491873
MWI,Malawi,Africa,2011,0.21737568
MWI,Malawi,Africa,2012,0.32261077
MWI,Malawi,Africa,2013,0.42497686
MWI,Malawi,Africa,2014,0.43728828
MWI,Malawi,Africa,2015,0.4500688
MWI,Malawi,Africa,2016,0.4937267
MWI,Malawi,Africa,2017,0.8819813
MWI,Malawi,Africa,2018,1.8328099
MWI,Malawi,Africa,2019,2.5417743
MWI,Malawi,Africa,2020,1.9682615
MWI,Malawi,Africa,2021,2.574185
MWI,Malawi,Africa,2022,2.126767
MWI,Malawi,Africa,2023,1.3528222
MWI,Malawi,Africa,2024,1.6504424
MYS,Malaysia,Asia,2000,0.36503825
MYS,Malaysia,Asia,2001,0.39565602
MYS,Malaysia,Asia,2002,0.4313528
MYS,Malaysia,Asia,2003,0.51818544
MYS,Malaysia,Asia,2004,0.642783
MYS,Malaysia,Asia,2005,0.7781915
MYS,Malaysia,Asia,2006,0.8393001
MYS,Malaysia,Asia,2007,0.8040505
MYS,Malaysia,Asia,2008,0.5758249
MYS,Malaysia,Asia,2009,0.5591252
MYS,Malaysia,Asia,2010,0.43248984
MYS,Malaysia,Asia,2011,0.40660825
MYS,Malaysia,Asia,2012,0.41145948
MYS,Malaysia,Asia,2013,0.44029537
MYS,Malaysia,Asia,2014,0.46722153
MYS,Malaysia,Asia,2015,0.5454429
MYS,Malaysia,Asia,2016,0.53241044
MYS,Malaysia,Asia,2017,0.51673394
MYS,Malaysia,Asia,2018,0.4697968
MYS,Malaysia,Asia,2019,0.4374182
MYS,Malaysia,Asia,2020,0.42277613
MYS,Malaysia,Asia,2021,0.41530198
MYS,Malaysia,Asia,2022,0.39666337
MYS,Malaysia,Asia,2023,0.4261633
MYS,Malaysia,Asia,2024,0.38019353
NAM,Namibia,Africa,2000,0.23356889
NAM,Namibia,Africa,2001,0.23766772
NAM,Namibia,Africa,2002,0.22558254
NAM,Namibia,Africa,2003,0.2393443
NAM,Namibia,Africa,2004,0.2208202
NAM,Namibia,Africa,2005,0.24141459
NAM,Namibia,Africa,2006,0.20548901
NAM,Namibia,Africa,2007,0.17740852
NAM,Namibia,Africa,2008,0.15757798
NAM,Namibia,Africa,2009,0.8559412
NAM,Namibia,Africa,2010,0.6054134
NAM,Namibia,Africa,2011,0.6288663
NAM,Namibia,Africa,2012,0.61427957
NAM,Namibia,Africa,2013,0.532271
NAM,Namibia,Africa,2014,0.64912856
NAM,Namibia,Africa,2015,0.4117603
NAM,Namibia,Africa,2016,0.62002563
NAM,Namibia,Africa,2017,0.37450075
NAM,Namibia,Africa,2018,0.39227173
NAM,Namibia,Africa,2019,0.52299386
NAM,Namibia,Africa,2020,0.5711642
NAM,Namibia,Africa,2021,0.5077612
NAM,Namibia,Africa,2022,0.5657246
NAM,Namibia,Africa,2023,0.6758874
NAM,Namibia,Africa,2024,0.7227793
NCL,New Caledonia,Oceania,2002,8.895996
NCL,New Caledonia,Oceania,2003,9.123164
NCL,New Caledonia,Oceania,2004,8.358056
NCL,New Caledonia,Oceania,2005,8.210662
NCL,New Caledonia,Oceania,2006,7.6952057
NCL,New Caledonia,Oceania,2007,5.5690594
NCL,New Caledonia,Oceania,2008,6.001822
NCL,New Caledonia,Oceania,2009,5.8516126
NCL,New Caledonia,Oceania,2010,5.252308
NCL,New Caledonia,Oceania,2011,5.7406316
NCL,New Caledonia,Oceania,2012,7.402394
NCL,New Caledonia,Oceania,2013,7.134331
NCL,New Caledonia,Oceania,2014,6.7780447
NCL,New Caledonia,Oceania,2015,7.014014
NCL,New Caledonia,Oceania,2016,7.1185374
NCL,New Caledonia,Oceania,2017,6.769767
NCL,New Caledonia,Oceania,2018,6.2756314
NCL,New Caledonia,Oceania,2019,6.554288
NCL,New Caledonia,Oceania,2020,6.5688634
NCL,New Caledonia,Oceania,2021,6.1666183
NCL,New Caledonia,Oceania,2022,6.4537168
NCL,New Caledonia,Oceania,2023,6.3573656
NCL,New Caledonia,Oceania,2024,7.2647977
NER,Niger,Africa,2000,0.64505553
NER,Niger,Africa,2001,0.8981099
NER,Niger,Africa,2002,0.68490666
NER,Niger,Africa,2003,0.7524561
NER,Niger,Africa,2004,1.5907515
NER,Niger,Africa,2005,1.5147502
NER,Niger,Africa,2006,1.6436437
NER,Niger,Africa,2007,1.3862957
NER,Niger,Africa,2008,1.2895386
NER,Niger,Africa,2009,1.3890612
NER,Niger,Africa,2010,1.7121418
NER,Niger,Africa,2011,1.8939147
NER,Niger,Africa,2012,1.6106479
NER,Niger,Africa,2013,1.4270289
NER,Niger,Africa,2014,2.0167673
NER,Niger,Africa,2015,1.7718773
NER,Niger,Africa,2016,1.6960597
NER,Niger,Africa,2017,2.360651
NER,Niger,Africa,2018,2.3110576
NER,Niger,Africa,2019,2.3946667
NER,Niger,Africa,2020,3.7901556
NER,Niger,Africa,2021,2.3689651
NER,Niger,Africa,2022,4.699029
NER,Niger,Africa,2023,3.7358665
NER,Niger,Africa,2024,3.2722034
NGA,Nigeria,Africa,2000,2.0121396
NGA,Nigeria,Africa,2001,1.5859827
NGA,Nigeria,Africa,2002,1.2718643
NGA,Nigeria,Africa,2003,1.0147331
NGA,Nigeria,Africa,2004,1.6740242
NGA,Nigeria,Africa,2005,8.333829
NGA,Nigeria,Africa,2006,7.1007714
NGA,Nigeria,Africa,2007,6.4739366
NGA,Nigeria,Africa,2008,5.655763
NGA,Nigeria,Africa,2009,6.2272024
NGA,Nigeria,Africa,2010,5.3801827
NGA,Nigeria,Africa,2011,4.9742894
NGA,Nigeria,Africa,2012,4.4276223
NGA,Nigeria,Africa,2013,3.9985363
NGA,Nigeria,Africa,2014,3.6572063
NGA,Nigeria,Africa,2015,4.183556
NGA,Nigeria,Africa,2016,4.8679056
NGA,Nigeria,Africa,2017,5.864875
NGA,Nigeria,Africa,2018,5.7644677
NGA,Nigeria,Africa,2019,3.5630903
NGA,Nigeria,Africa,2020,2.8746953
NGA,Nigeria,Africa,2021,3.1984692
NGA,Nigeria,Africa,2022,3.1111534
NGA,Nigeria,Africa,2023,4.011087
NGA,Nigeria,Africa,2024,8.440814
NIC,Nicaragua,North America,2000,6.262737
NIC,Nicaragua,North America,2001,6.272712
NIC,Nicaragua,North America,2002,7.207497
NIC,Nicaragua,North America,2003,8.244667
NIC,Nicaragua,North America,2004,8.95574
NIC,Nicaragua,North America,2005,9.740047
NIC,Nicaragua,North America,2006,10.312445
NIC,Nicaragua,North America,2007,9.963123
NIC,Nicaragua,North America,2008,9.649324
NIC,Nicaragua,North America,2009,9.282174
NIC,Nicaragua,North America,2010,9.417027
NIC,Nicaragua,North America,2011,9.346932
NIC,Nicaragua,North America,2012,9.649624
NIC,Nicaragua,North America,2013,9.845226
NIC,Nicaragua,North America,2014,9.597288
NIC,Nicaragua,North America,2015,9.387227
NIC,Nicaragua,North America,2016,9.544566
NIC,Nicaragua,North America,2017,10.116863
NIC,Nicaragua,North America,2018,11.55297
NIC,Nicaragua,North America,2019,13.279761
NIC,Nicaragua,North America,2020,14.5759735
NIC,Nicaragua,North America,2021,15.130529
NIC,Nicaragua,North America,2022,20.641434
NIC,Nicaragua,North America,2023,26.184103
NIC,Nicaragua,North America,2024,26.635546
NLD,Netherlands,Europe,2000,0.10195227
NLD,Netherlands,Europe,2001,0.11161145
NLD,Netherlands,Europe,2002,0.101805955
NLD,Netherlands,Europe,2003,0.19241086
NLD,Netherlands,Europe,2004,0.19634502
NLD,Netherlands,Europe,2005,0.18292087
NLD,Netherlands,Europe,2006,0.21050031
NLD,Netherlands,Europe,2007,0.19099969
NLD,Netherlands,Europe,2008,0.1721575
NLD,Netherlands,Europe,2009,0.31963143
NLD,Netherlands,Europe,2010,0.32601637
NLD,Netherlands,Europe,2011,0.35229948
NLD,Netherlands,Europe,2012,0.36419168
NLD,Netherlands,Europe,2013,0.37057316
NLD,Netherlands,Europe,2014,0.41296852
NLD,Netherlands,Europe,2015,0.4223365
NLD,Netherlands,Europe,2016,0.40219167
NLD,Netherlands,Europe,2017,0.40284437
NLD,Netherlands,Europe,2018,0.40055367
NLD,Netherlands,Europe,2019,0.39546442
NLD,Netherlands,Europe,2020,0.38842404
NLD,Netherlands,Europe,2021,0.37524197
NLD,Netherlands,Europe,2022,0.36388025
NLD,Netherlands,Europe,2023,0.37631738
NLD,Netherlands,Europe,2024,0.3884511
NOR,Norway,Europe,2000,0.15773596
NOR,Norway,Europe,2001,0.16010803
NOR,Norway,Europe,2002,0.1697854
NOR,Norway,Europe,2003,0.17076086
NOR,Norway,Europe,2004,0.1752836
NOR,Norway,Europe,2005,0.16300431
NOR,Norway,Europe,2006,0.15243874
NOR,Norway,Europe,2007,0.15315704
NOR,Norway,Europe,2008,0.1473317
NOR,Norway,Europe,2009,0.16276023
NOR,Norway,Europe,2010,0.15774694
NOR,Norway,Europe,2011,0.15258364
NOR,Norway,Europe,2012,0.14948009
NOR,Norway,Europe,2013,0.1504631
NOR,Norway,Europe,2014,0.1514635
NOR,Norway,Europe,2015,0.15687944
NOR,Norway,Europe,2016,0.1600116
NOR,Norway,Europe,2017,0.15327536
NOR,Norway,Europe,2018,0.14651291
NOR,Norway,Europe,2019,0.15064293
NOR,Norway,Europe,2020,0.1602158
NOR,Norway,Europe,2021,0.13345817
NOR,Norway,Europe,2022,0.16687743
NOR,Norway,Europe,2023,0.19905575
NOR,Norway,Europe,2024,0.19582993
NPL,Nepal,Asia,2000,2.0293605
NPL,Nepal,Asia,2001,2.4468753
NPL,Nepal,Asia,2002,11.213019
NPL,Nepal,Asia,2003,12.180324
NPL,Nepal,Asia,2004,11.30899
NPL,Nepal,Asia,2005,14.905102
NPL,Nepal,Asia,2006,16.068964
NPL,Nepal,Asia,2007,16.791813
NPL,Nepal,Asia,2008,21.738104
NPL,Nepal,Asia,2009,23.207626
NPL,Nepal,Asia,2010,21.646986
NPL,Nepal,Asia,2011,19.5463
NPL,Nepal,Asia,2012,22.082127
NPL,Nepal,Asia,2013,25.194704
NPL,Nepal,Asia,2014,25.905113
NPL,Nepal,Asia,2015,27.626085
NPL,Nepal,Asia,2016,26.960566
NPL,Nepal,Asia,2017,23.913544
NPL,Nepal,Asia,2018,25.02642
NPL,Nepal,Asia,2019,24.11637
NPL,Nepal,Asia,2020,24.250246
NPL,Nepal,Asia,2021,22.277578
NPL,Nepal,Asia,2022,22.853296
NPL,Nepal,Asia,2023,26.22411
NPL,Nepal,Asia,2024,26.225458
NRU,Nauru,Oceania,2008,0.6047478
NRU,Nauru,Oceania,2009,0.47563404
NRU,Nauru,Oceania,2010,0.4475509
NRU,Nauru,Oceania,2011,1.8927553
NRU,Nauru,Oceania,2012,8.291297
NRU,Nauru,Oceania,2013,11.325097
NRU,Nauru,Oceania,2014,11.954489
NRU,Nauru,Oceania,2015,12.279116
NRU,Nauru,Oceania,2016,12.035659
NRU,Nauru,Oceania,2017,9.461097
NRU,Nauru,Oceania,2018,4.98915
NRU,Nauru,Oceania,2019,2.9785223
NRU,Nauru,Oceania,2020,1.992064
NRU,Nauru,Oceania,2021,0.67883086
NRU,Nauru,Oceania,2022,0.60293704
NRU,Nauru,Oceania,2023,0.5815051
NRU,Nauru,Oceania,2024,1.3747059
NZL,New Zealand,Oceania,2000,0.40913516
NZL,New Zealand,Oceania,2001,0.40614107
NZL,New Zealand,Oceania,2002,0.34898654
NZL,New Zealand,Oceania,2003,0.3290799
NZL,New Zealand,Oceania,2004,0.31016076
NZL,New Zealand,Oceania,2005,0.306865
NZL,New Zealand,Oceania,2006,0.30006087
NZL,New Zealand,Oceania,2007,0.27965292
NZL,New Zealand,Oceania,2008,0.31577644
NZL,New Zealand,Oceania,2009,0.27209604
NZL,New Zealand,Oceania,2010,0.25223517
NZL,New Zealand,Oceania,2011,0.27024162
NZL,New Zealand,Oceania,2012,0.2615432
NZL,New Zealand,Oceania,2013,0.24042375
NZL,New Zealand,Oceania,2014,0.26553684
NZL,New Zealand,Oceania,2015,0.2983525
NZL,New Zealand,Oceania,2016,0.27925554
NZL,New Zealand,Oceania,2017,0.2605094
NZL,New Zealand,Oceania,2018,0.24008815
NZL,New Zealand,Oceania,2019,0.22249556
NZL,New Zealand,Oceania,2020,0.20113955
NZL,New Zealand,Oceania,2021,0.1818699
NZL,New Zealand,Oceania,2022,0.16320205
NZL,New Zealand,Oceania,2023,0.21778068
NZL,New Zealand,Oceania,2024,0.22992122
OMN,Oman,Asia,2000,0.17520563
OMN,Oman,Asia,2001,0.17568311
OMN,Oman,Asia,2002,0.16913414
OMN,Oman,Asia,2003,0.15772705
OMN,Oman,Asia,2004,0.13746712
OMN,Oman,Asia,2005,0.10987079
OMN,Oman,Asia,2006,0.09162488
OMN,Oman,Asia,2007,0.08076892
OMN,Oman,Asia,2008,0.055886943
OMN,Oman,Asia,2009,0.070349544
OMN,Oman,Asia,2010,0.06002401
OMN,Oman,Asia,2011,0.050339285
OMN,Oman,Asia,2012,0.044631302
OMN,Oman,Asia,2013,0.043377172
OMN,Oman,Asia,2014,0.042084236
OMN,Oman,Asia,2015,0.04956335
OMN,Oman,Asia,2016,0.05192647
OMN,Oman,Asia,2017,0.048247956
OMN,Oman,Asia,2018,0.042633016
OMN,Oman,Asia,2019,0.044300843
OMN,Oman,Asia,2020,0.05139239
OMN,Oman,Asia,2021,0.04467477
OMN,Oman,Asia,2022,0.035512708
OMN,Oman,Asia,2023,0.036742933
OMN,Oman,Asia,2024,0.036412846
PAK,Pakistan,Asia,2000,1.080567
PAK,Pakistan,Asia,2001,1.5039278
PAK,Pakistan,Asia,2002,3.629371
PAK,Pakistan,Asia,2003,3.527572
PAK,Pakistan,Asia,2004,2.9837527
PAK,Pakistan,Asia,2005,2.9474845
PAK,Pakistan,Asia,2006,3.1636229
PAK,Pakistan,Asia,2007,3.257289
PAK,Pakistan,Asia,2008,3.4811423
PAK,Pakistan,Asia,2009,4.6530924
PAK,Pakistan,Asia,2010,4.9260426
PAK,Pakistan,Asia,2011,5.318176
PAK,Pakistan,Asia,2012,5.600404
PAK,Pakistan,Asia,2013,5.6557474
PAK,Pakistan,Asia,2014,6.3539443
PAK,Pakistan,Asia,2015,6.4361143
PAK,Pakistan,Asia,2016,6.3192296
PAK,Pakistan,Asia,2017,5.853678
PAK,Pakistan,Asia,2018,5.9509473
PAK,Pakistan,Asia,2019,6.934043
PAK,Pakistan,Asia,2020,8.684013
PAK,Pakistan,Asia,2021,8.984363
PAK,Pakistan,Asia,2022,8.049288
PAK,Pakistan,Asia,2023,7.888054
PAK,Pakistan,Asia,2024,9.396345
PAN,Panama,North America,2000,0.1370493
PAN,Panama,North America,2001,0.59659314
PAN,Panama,North America,2002,0.66089356
PAN,Panama,North America,2003,0.7850946
PAN,Panama,North America,2004,0.72118235
PAN,Panama,North America,2005,0.77960014
PAN,Panama,North America,2006,1.6104206
PAN,Panama,North America,2007,1.6360128
PAN,Panama,North America,2008,1.4695976
PAN,Panama,North America,2009,1.2126133
PAN,Panama,North America,2010,1.3562233
PAN,Panama,North America,2011,1.031727
PAN,Panama,North America,2012,0.9878487
PAN,Panama,North America,2013,0.98275816
PAN,Panama,North America,2014,1.4708197
PAN,Panama,North America,2015,0.9937633
PAN,Panama,North America,2016,0.8408823
PAN,Panama,North America,2017,0.8291234
PAN,Panama,North America,2018,0.79902756
PAN,Panama,North America,2019,0.83241975
PAN,Panama,North America,2020,0.6774259
PAN,Panama,North America,2021,0.8408461
PAN,Panama,North America,2022,0.6882886
PAN,Panama,North America,2023,0.61528194
PAN,Panama,North America,2024,0.6143861
PER,Peru,South America,2000,1.3869307
PER,Peru,South America,2001,1.447644
PER,Peru,South America,2002,1.2877218
PER,Peru,South America,2003,1.4787754
PER,Peru,South America,2004,1.6964738
PER,Peru,South America,2005,1.8933159
PER,Peru,South America,2006,2.0729108
PER,Peru,South America,2007,2.085538
PER,Peru,South America,2008,2.0270696
PER,Peru,South America,2009,1.993576
PER,Peru,South America,2010,1.7175839
PER,Peru,South America,2011,1.5701761
PER,Peru,South America,2012,1.4736713
PER,Peru,South America,2013,1.3661762
PER,Peru,South America,2014,1.3395036
PER,Peru,South America,2015,1.4567784
PER,Peru,South America,2016,1.5336752
PER,Peru,South America,2017,1.4751884
PER,Peru,South America,2018,1.4529885
PER,Peru,South America,2019,1.4646873
PER,Peru,South America,2020,1.4432347
PER,Peru,South America,2021,1.594108
PER,Peru,South America,2022,1.5080554
PER,Peru,South America,2023,1.6657313
PER,Peru,South America,2024,1.7058771
PHL,Philippines,Asia,2000,8.275389
PHL,Philippines,Asia,2001,11.099674
PHL,Philippines,Asia,2002,11.547036
PHL,Philippines,Asia,2003,11.7636795
PHL,Philippines,Asia,2004,12.071325
PHL,Philippines,Asia,2005,12.783989
PHL,Philippines,Asia,2006,12.139235
PHL,Philippines,Asia,2007,10.53814
PHL,Philippines,Asia,2008,10.378919
PHL,Philippines,Asia,2009,11.342257
PHL,Philippines,Asia,2010,10.345418
PHL,Philippines,Asia,2011,9.84286
PHL,Philippines,Asia,2012,9.395857
PHL,Philippines,Asia,2013,9.410558
PHL,Philippines,Asia,2014,9.644499
PHL,Philippines,Asia,2015,9.7241955
PHL,Philippines,Asia,2016,9.773803
PHL,Philippines,Asia,2017,9.988339
PHL,Philippines,Asia,2018,9.74766
PHL,Philippines,Asia,2019,9.332614
PHL,Philippines,Asia,2020,9.642774
PHL,Philippines,Asia,2021,9.308929
PHL,Philippines,Asia,2022,9.409771
PHL,Philippines,Asia,2023,8.9455185
PHL,Philippines,Asia,2024,8.72571
PLW,Palau,Oceania,2005,0.7723951
PLW,Palau,Oceania,2006,0.7965363
PLW,Palau,Oceania,2007,0.76174027
PLW,Palau,Oceania,2008,0.79805917
PLW,Palau,Oceania,2009,0.8377598
PLW,Palau,Oceania,2010,0.89632
PLW,Palau,Oceania,2011,0.9898612
PLW,Palau,Oceania,2012,1.094653
PLW,Palau,Oceania,2013,1.0530221
PLW,Palau,Oceania,2014,0.90323
PLW,Palau,Oceania,2015,0.7920831
PLW,Palau,Oceania,2016,0.7738502
PLW,Palau,Oceania,2017,0.8108887
PLW,Palau,Oceania,2018,0.8052129
PLW,Palau,Oceania,2019,0.8381751
PLW,Palau,Oceania,2020,0.8697363
PLW,Palau,Oceania,2021,0.81350905
PLW,Palau,Oceania,2022,0.8670088
PLW,Palau,Oceania,2023,0.8014944
PNG,Papua New Guinea,Oceania,2000,0.20522039
PNG,Papua New Guinea,Oceania,2001,0.19228998
PNG,Papua New Guinea,Oceania,2002,0.1874397
PNG,Papua New Guinea,Oceania,2003,0.19600317
PNG,Papua New Guinea,Oceania,2004,0.24258374
PNG,Papua New Guinea,Oceania,2005,0.14070435
PNG,Papua New Guinea,Oceania,2006,0.052808598
PNG,Papua New Guinea,Oceania,2007,0.0798577
PNG,Papua New Guinea,Oceania,2008,0.06298121
PNG,Papua New Guinea,Oceania,2009,0.040747028
PNG,Papua New Guinea,Oceania,2010,0.024572197
PNG,Papua New Guinea,Oceania,2011,0.06838839
PNG,Papua New Guinea,Oceania,2012,0.066937305
PNG,Papua New Guinea,Oceania,2013,0.06716835
PNG,Papua New Guinea,Oceania,2014,0.045125995
PNG,Papua New Guinea,Oceania,2015,0.018158028
PNG,Papua New Guinea,Oceania,2016,0.012978927
PNG,Papua New Guinea,Oceania,2017,0.018741472
PNG,Papua New Guinea,Oceania,2018,0.015126137
PNG,Papua New Guinea,Oceania,2019,0.118574254
PNG,Papua New Guinea,Oceania,2020,0.009632288
PNG,Papua New Guinea,Oceania,2021,0.011887881
PNG,Papua New Guinea,Oceania,2022,0.04618916
PNG,Papua New Guinea,Oceania,2023,0.043826483
PNG,Papua New Guinea,Oceania,2024,0.012157453
POL,Poland,Europe,2000,0.86497223
POL,Poland,Europe,2001,0.8148128
POL,Poland,Europe,2002,0.84378904
POL,Poland,Europe,2003,1.045016
POL,Poland,Europe,2004,1.843378
POL,Poland,Europe,2005,2.3723133
POL,Poland,Europe,2006,2.7646909
POL,Poland,Europe,2007,2.7867298
POL,Poland,Europe,2008,2.300359
POL,Poland,Europe,2009,2.31667
POL,Poland,Europe,2010,1.6130124
POL,Poland,Europe,2011,1.4716343
POL,Poland,Europe,2012,1.4134336
POL,Poland,Europe,2013,1.4390757
POL,Poland,Europe,2014,1.3775188
POL,Poland,Europe,2015,1.4237978
POL,Poland,Europe,2016,1.4290255
POL,Poland,Europe,2017,1.3825887
POL,Poland,Europe,2018,1.2786388
POL,Poland,Europe,2019,1.2469226
POL,Poland,Europe,2020,1.2275665
POL,Poland,Europe,2021,1.150514
POL,Poland,Europe,2022,1.0873948
POL,Poland,Europe,2023,1.0511401
POL,Poland,Europe,2024,0.9468633
PRT,Portugal,Europe,2000,0.21815844
PRT,Portugal,Europe,2001,0.28134224
PRT,Portugal,Europe,2002,0.22926402
PRT,Portugal,Europe,2003,0.23241566
PRT,Portugal,Europe,2004,0.20341378
PRT,Portugal,Europe,2005,0.19599018
PRT,Portugal,Europe,2006,0.2108337
PRT,Portugal,Europe,2007,0.2536227
PRT,Portugal,Europe,2008,0.2433095
PRT,Portugal,Europe,2009,0.24449022
PRT,Portugal,Europe,2010,0.21677916
PRT,Portugal,Europe,2011,0.2572523
PRT,Portugal,Europe,2012,0.2509229
PRT,Portugal,Europe,2013,0.24913578
PRT,Portugal,Europe,2014,0.26738536
PRT,Portugal,Europe,2015,0.25967303
PRT,Portugal,Europe,2016,0.26432675
PRT,Portugal,Europe,2017,0.2639975
PRT,Portugal,Europe,2018,0.29811436
PRT,Portugal,Europe,2019,0.3490317
PRT,Portugal,Europe,2020,0.44186386
PRT,Portugal,Europe,2021,0.5339065
PRT,Portugal,Europe,2022,0.6315707
PRT,Portugal,Europe,2023,0.59368426
PRT,Portugal,Europe,2024,0.5878783
PRY,Paraguay,South America,2000,1.71302
PRY,Paraguay,South America,2001,1.6478719
PRY,Paraguay,South America,2002,1.3715457
PRY,Paraguay,South America,2003,1.423674
PRY,Paraguay,South America,2004,1.3715082
PRY,Paraguay,South America,2005,1.5022118
PRY,Paraguay,South America,2006,2.5019677
PRY,Paraguay,South America,2007,1.9084817
PRY,Paraguay,South America,2008,1.4731914
PRY,Paraguay,South America,2009,1.6877542
PRY,Paraguay,South America,2010,1.5035645
PRY,Paraguay,South America,2011,1.6016891
PRY,Paraguay,South America,2012,1.9058112
PRY,Paraguay,South America,2013,1.6188619
PRY,Paraguay,South America,2014,1.2547449
PRY,Paraguay,South America,2015,1.5289099
PRY,Paraguay,South America,2016,1.8200717
PRY,Paraguay,South America,2017,2.152429
PRY,Paraguay,South America,2018,2.1199365
PRY,Paraguay,South America,2019,2.1728609
PRY,Paraguay,South America,2020,2.1348236
PRY,Paraguay,South America,2021,2.065037
PRY,Paraguay,South America,2022,2.0705209
PRY,Paraguay,South America,2023,2.1588247
PRY,Paraguay,South America,2024,2.5562432
PSE,Palestinian Territory,Asia,2000,20.025227
PSE,Palestinian Territory,Asia,2001,20.124947
PSE,Palestinian Territory,Asia,2002,21.704683
PSE,Palestinian Territory,Asia,2003,7.814465
PSE,Palestinian Territory,Asia,2004,8.658478
PSE,Palestinian Territory,Asia,2005,7.3811817
PSE,Palestinian Territory,Asia,2006,8.676707
PSE,Palestinian Territory,Asia,2007,10.291855
PSE,Palestinian Territory,Asia,2008,10.132474
PSE,Palestinian Territory,Asia,2009,9.34039
PSE,Palestinian Territory,Asia,2010,9.576403
PSE,Palestinian Territory,Asia,2011,10.206533
PSE,Palestinian Territory,Asia,2012,14.228314
PSE,Palestinian Territory,Asia,2013,11.019465
PSE,Palestinian Territory,Asia,2014,12.899079
PSE,Palestinian Territory,Asia,2015,13.007157
PSE,Palestinian Territory,Asia,2016,13.544447
PSE,Palestinian Territory,Asia,2017,14.750269
PSE,Palestinian Territory,Asia,2018,17.410963
PSE,Palestinian Territory,Asia,2019,18.401726
PSE,Palestinian Territory,Asia,2020,16.480236
PSE,Palestinian Territory,Asia,2021,20.765709
PSE,Palestinian Territory,Asia,2022,23.976967
PSE,Palestinian Territory,Asia,2023,18.177197
PSE,Palestinian Territory,Asia,2024,5.3650527
PYF,French Polynesia,Oceania,2002,10.288427
PYF,French Polynesia,Oceania,2003,10.319488
PYF,French Polynesia,Oceania,2004,10.753971
PYF,French Polynesia,Oceania,2005,9.76802
PYF,French Polynesia,Oceania,2006,10.579483
PYF,French Polynesia,Oceania,2007,10.386754
PYF,French Polynesia,Oceania,2008,10.691907
PYF,French Polynesia,Oceania,2009,11.0524845
PYF,French Polynesia,Oceania,2010,10.691293
PYF,French Polynesia,Oceania,2011,11.643714
PYF,French Polynesia,Oceania,2012,11.127759
PYF,French Polynesia,Oceania,2013,11.135165
PYF,French Polynesia,Oceania,2014,10.730142
PYF,French Polynesia,Oceania,2015,10.595005
PYF,French Polynesia,Oceania,2016,10.57952
PYF,French Polynesia,Oceania,2017,9.969568
PYF,French Polynesia,Oceania,2018,9.479202
PYF,French Polynesia,Oceania,2019,9.656816
PYF,French Polynesia,Oceania,2020,10.431904
PYF,French Polynesia,Oceania,2021,9.700864
PYF,French Polynesia,Oceania,2022,10.343097
PYF,French Polynesia,Oceania,2023,9.475601
PYF,French Polynesia,Oceania,2024,9.196492
QAT,Qatar,Asia,2011,0.3419016
QAT,Qatar,Asia,2012,0.42995322
QAT,Qatar,Asia,2013,0.28903645
QAT,Qatar,Asia,2014,0.24178787
QAT,Qatar,Asia,2015,0.27024135
QAT,Qatar,Asia,2016,0.24949983
QAT,Qatar,Asia,2017,0.413369
QAT,Qatar,Asia,2018,0.2547427
QAT,Qatar,Asia,2019,0.32695112
QAT,Qatar,Asia,2020,0.45124397
QAT,Qatar,Asia,2021,0.47781727
QAT,Qatar,Asia,2022,0.43765488
QAT,Qatar,Asia,2023,0.6613123
QAT,Qatar,Asia,2024,0.65847534
ROU,Romania,Europe,2000,0.25769225
ROU,Romania,Europe,2001,0.28716344
ROU,Romania,Europe,2002,0.31042752
ROU,Romania,Europe,2003,0.21450917
ROU,Romania,Europe,2004,0.17472804
ROU,Romania,Europe,2005,0.96672523
ROU,Romania,Europe,2006,0.9510151
ROU,Romania,Europe,2007,0.9303475
ROU,Romania,Europe,2008,0.79431134
ROU,Romania,Europe,2009,0.3919714
ROU,Romania,Europe,2010,0.37714347
ROU,Romania,Europe,2011,0.36034787
ROU,Romania,Europe,2012,0.40935102
ROU,Romania,Europe,2013,2.5320377
ROU,Romania,Europe,2014,2.5452952
ROU,Romania,Europe,2015,3.0308418
ROU,Romania,Europe,2016,3.2002635
ROU,Romania,Europe,2017,3.1195529
ROU,Romania,Europe,2018,2.8884342
ROU,Romania,Europe,2019,3.2557642
ROU,Romania,Europe,2020,3.0426853
ROU,Romania,Europe,2021,3.1977174
ROU,Romania,Europe,2022,2.9735017
ROU,Romania,Europe,2023,2.8655055
ROU,Romania,Europe,2024,2.4901347
RUS,Russia,Asia,2000,0.19250306
RUS,Russia,Asia,2001,0.3217232
RUS,Russia,Asia,2002,0.27092907
RUS,Russia,Asia,2003,0.2587909
RUS,Russia,Asia,2004,0.373382
RUS,Russia,Asia,2005,0.4498021
RUS,Russia,Asia,2006,0.38592345
RUS,Russia,Asia,2007,0.35903037
RUS,Russia,Asia,2008,0.34542415
RUS,Russia,Asia,2009,0.41754198
RUS,Russia,Asia,2010,0.34428242
RUS,Russia,Asia,2011,0.2983138
RUS,Russia,Asia,2012,0.2620906
RUS,Russia,Asia,2013,0.29447755
RUS,Russia,Asia,2014,0.37764096
RUS,Russia,Asia,2015,0.5063059
RUS,Russia,Asia,2016,0.5238676
RUS,Russia,Asia,2017,0.5231231
RUS,Russia,Asia,2018,0.5603758
RUS,Russia,Asia,2019,0.61617076
RUS,Russia,Asia,2020,0.66406333
RUS,Russia,Asia,2021,0.52738845
RUS,Russia,Asia,2022,0.14161083
RUS,Russia,Asia,2023,0.12630667
RUS,Russia,Asia,2024,0.087763295
RWA,Rwanda,Africa,2000,0.32028902
RWA,Rwanda,Africa,2001,0.39916748
RWA,Rwanda,Africa,2002,0.36673385
RWA,Rwanda,Africa,2003,0.44983062
RWA,Rwanda,Africa,2004,0.41278318
RWA,Rwanda,Africa,2010,1.7383854
RWA,Rwanda,Africa,2011,2.5302057
RWA,Rwanda,Africa,2012,2.382863
RWA,Rwanda,Africa,2013,2.1764731
RWA,Rwanda,Africa,2014,2.2283578
RWA,Rwanda,Africa,2015,1.8633476
RWA,Rwanda,Africa,2016,1.9840304
RWA,Rwanda,Africa,2017,2.3267725
RWA,Rwanda,Africa,2018,2.7029903
RWA,Rwanda,Africa,2019,2.5191104
RWA,Rwanda,Africa,2020,2.752688
RWA,Rwanda,Africa,2021,3.5311844
RWA,Rwanda,Africa,2022,3.560761
RWA,Rwanda,Africa,2023,3.6147819
RWA,Rwanda,Africa,2024,3.6279602
SAU,Saudi Arabia,Asia,2005,0.028577842
SAU,Saudi Arabia,Asia,2006,0.028018031
SAU,Saudi Arabia,Asia,2007,0.02968202
SAU,Saudi Arabia,Asia,2008,0.041590612
SAU,Saudi Arabia,Asia,2009,0.049965292
SAU,Saudi Arabia,Asia,2010,0.044770285
SAU,Saudi Arabia,Asia,2011,0.03580834
SAU,Saudi Arabia,Asia,2012,0.03270555
SAU,Saudi Arabia,Asia,2013,0.034916703
SAU,Saudi Arabia,Asia,2014,0.034720566
SAU,Saudi Arabia,Asia,2015,0.04260575
SAU,Saudi Arabia,Asia,2016,0.046042554
SAU,Saudi Arabia,Asia,2017,0.039228555
SAU,Saudi Arabia,Asia,2018,0.03777667
SAU,Saudi Arabia,Asia,2019,0.037578247
SAU,Saudi Arabia,Asia,2020,0.03935837
SAU,Saudi Arabia,Asia,2021,0.030011805
SAU,Saudi Arabia,Asia,2022,0.023165701
SAU,Saudi Arabia,Asia,2023,0.025631886
SAU,Saudi Arabia,Asia,2024,0.0273
SDN,Sudan,Africa,2000,5.2279053
SDN,Sudan,Africa,2001,4.7059236
SDN,Sudan,Africa,2002,5.3905444
SDN,Sudan,Africa,2003,5.7297254
SDN,Sudan,Africa,2004,5.2651415
SDN,Sudan,Africa,2005,2.0003812
SDN,Sudan,Africa,2006,1.7692465
SDN,Sudan,Africa,2007,1.6818782
SDN,Sudan,Africa,2008,2.4534173
SDN,Sudan,Africa,2009,2.7012155
SDN,Sudan,Africa,2010,2.4685614
SDN,Sudan,Africa,2011,1.4980778
SDN,Sudan,Africa,2012,1.5833032
SDN,Sudan,Africa,2013,1.4399139
SDN,Sudan,Africa,2014,1.023001
SDN,Sudan,Africa,2015,0.2926764
SDN,Sudan,Africa,2016,0.3598642
SDN,Sudan,Africa,2017,0.51578814
SDN,Sudan,Africa,2018,1.3150778
SDN,Sudan,Africa,2019,1.6151773
SDN,Sudan,Africa,2020,1.8323009
SDN,Sudan,Africa,2021,3.2691658
SDN,Sudan,Africa,2022,2.9021127
SDN,Sudan,Africa,2023,2.5063732
SDN,Sudan,Africa,2024,1.8118701
SEN,Senegal,Africa,2000,3.892557
SEN,Senegal,Africa,2001,4.6858206
SEN,Senegal,Africa,2002,4.940094
SEN,Senegal,Africa,2003,5.8398504
SEN,Senegal,Africa,2004,6.2919836
SEN,Senegal,Africa,2005,7.168102
SEN,Senegal,Africa,2006,7.9164925
SEN,Senegal,Africa,2007,8.527637
SEN,Senegal,Africa,2008,8.793675
SEN,Senegal,Africa,2009,8.3974085
SEN,Senegal,Africa,2010,9.1749325
SEN,Senegal,Africa,2011,9.071518
SEN,Senegal,Africa,2012,8.924957
SEN,Senegal,Africa,2013,9.397582
SEN,Senegal,Africa,2014,9.757034
SEN,Senegal,Africa,2015,9.889044
SEN,Senegal,Africa,2016,10.402043
SEN,Senegal,Africa,2017,10.234587
SEN,Senegal,Africa,2018,10.501204
SEN,Senegal,Africa,2019,10.791536
SEN,Senegal,Africa,2020,10.62914
SEN,Senegal,Africa,2021,11.2519045
SEN,Senegal,Africa,2022,10.47603
SEN,Senegal,Africa,2023,10.643414
SEN,Senegal,Africa,2024,11.4301195
SLB,Solomon Islands,Oceania,2000,1.0296973
SLB,Solomon Islands,Oceania,2001,1.1057285
SLB,Solomon Islands,Oceania,2002,0.9309367
SLB,Solomon Islands,Oceania,2003,0.9292419
SLB,Solomon Islands,Oceania,2004,1.8582239
SLB,Solomon Islands,Oceania,2005,1.2954648
SLB,Solomon Islands,Oceania,2006,1.7402225
SLB,Solomon Islands,Oceania,2007,1.816926
SLB,Solomon Islands,Oceania,2008,1.177527
SLB,Solomon Islands,Oceania,2009,1.5535156
SLB,Solomon Islands,Oceania,2010,1.5898198
SLB,Solomon Islands,Oceania,2011,1.5912153
SLB,Solomon Islands,Oceania,2012,1.7484598
SLB,Solomon Islands,Oceania,2013,1.6051077
SLB,Solomon Islands,Oceania,2014,1.2230736
SLB,Solomon Islands,Oceania,2015,1.4211917
SLB,Solomon Islands,Oceania,2016,1.4703096
SLB,Solomon Islands,Oceania,2017,1.1109585
SLB,Solomon Islands,Oceania,2018,1.2317764
SLB,Solomon Islands,Oceania,2019,1.573302
SLB,Solomon Islands,Oceania,2020,1.7907732
SLB,Solomon Islands,Oceania,2021,3.2748039
SLB,Solomon Islands,Oceania,2022,5.532591
SLB,Solomon Islands,Oceania,2023,5.613879
SLB,Solomon Islands,Oceania,2024,6.0088987
SLE,Sierra Leone,Africa,2000,1.1220901
SLE,Sierra Leone,Africa,2001,0.36963272
SLE,Sierra Leone,Africa,2002,1.1280761
SLE,Sierra Leone,Africa,2003,1.2083002
SLE,Sierra Leone,Africa,2004,1.1046473
SLE,Sierra Leone,Africa,2005,0.09567158
SLE,Sierra Leone,Africa,2006,0.47866994
SLE,Sierra Leone,Africa,2007,1.1553632
SLE,Sierra Leone,Africa,2008,0.54302967
SLE,Sierra Leone,Africa,2009,0.90797734
SLE,Sierra Leone,Africa,2010,1.0373117
SLE,Sierra Leone,Africa,2011,1.2097092
SLE,Sierra Leone,Africa,2012,1.0507585
SLE,Sierra Leone,Africa,2013,0.9284673
SLE,Sierra Leone,Africa,2014,0.81224275
SLE,Sierra Leone,Africa,2015,0.70950484
SLE,Sierra Leone,Africa,2016,0.9571159
SLE,Sierra Leone,Africa,2017,1.1053671
SLE,Sierra Leone,Africa,2018,1.1457624
SLE,Sierra Leone,Africa,2019,2.7207942
SLE,Sierra Leone,Africa,2020,2.6469
SLE,Sierra Leone,Africa,2021,2.564393
SLE,Sierra Leone,Africa,2022,4.0888166
SLE,Sierra Leone,Africa,2023,4.56684
SLE,Sierra Leone,Africa,2024,4.6022058
SLV,El Salvador,North America,2000,14.969969
SLV,El Salvador,North America,2001,15.666963
SLV,El Salvador,North America,2002,15.418278
SLV,El Salvador,North America,2003,16.017195
SLV,El Salvador,North America,2004,18.67421
SLV,El Salvador,North America,2005,20.605524
SLV,El Salvador,North America,2006,21.767025
SLV,El Salvador,North America,2007,21.802872
SLV,El Salvador,North America,2008,20.874926
SLV,El Salvador,North America,2009,19.329699
SLV,El Salvador,North America,2010,18.819664
SLV,El Salvador,North America,2011,17.964844
SLV,El Salvador,North America,2012,18.301792
SLV,El Salvador,North America,2013,18.03686
SLV,El Salvador,North America,2014,18.414072
SLV,El Salvador,North America,2015,18.237806
SLV,El Salvador,North America,2016,18.856182
SLV,El Salvador,North America,2017,20.002064
SLV,El Salvador,North America,2018,20.72084
SLV,El Salvador,North America,2019,21.043581
SLV,El Salvador,North America,2020,23.80028
SLV,El Salvador,North America,2021,26.245249
SLV,El Salvador,North America,2022,24.634367
SLV,El Salvador,North America,2023,24.478374
SLV,El Salvador,North America,2024,24.002298
SMR,San Marino,Europe,2017,1.0836991
SMR,San Marino,Europe,2018,1.1298798
SMR,San Marino,Europe,2019,1.0757275
SMR,San Marino,Europe,2020,1.1457549
SMR,San Marino,Europe,2021,1.1338896
SMR,San Marino,Europe,2022,1.1948481
SMR,San Marino,Europe,2023,1.0993716
SOM,Somalia,Africa,2017,19.081541
SOM,Somalia,Africa,2018,16.532454
SOM,Somalia,Africa,2019,15.472505
SOM,Somalia,Africa,2020,19.029903
SOM,Somalia,Africa,2021,22.338923
SOM,Somalia,Africa,2022,20.990885
SOM,Somalia,Africa,2023,19.90418
SOM,Somalia,Africa,2024,17.699423
SRB,Serbia,Europe,2007,8.385767
SRB,Serbia,Europe,2008,6.5390067
SRB,Serbia,Europe,2009,9.902638
SRB,Serbia,Europe,2010,9.457431
SRB,Serbia,Europe,2011,7.7285566
SRB,Serbia,Europe,2012,7.862967
SRB,Serbia,Europe,2013,7.9769144
SRB,Serbia,Europe,2014,7.525365
SRB,Serbia,Europe,2015,8.161372
SRB,Serbia,Europe,2016,7.591081
SRB,Serbia,Europe,2017,7.808153
SRB,Serbia,Europe,2018,8.4217005
SRB,Serbia,Europe,2019,7.867725
SRB,Serbia,Europe,2020,6.9236503
SRB,Serbia,Europe,2021,6.9494367
SRB,Serbia,Europe,2022,8.537933
SRB,Serbia,Europe,2023,7.0960646
SRB,Serbia,Europe,2024,6.3965964
SSD,South Sudan,Africa,2014,0.014221314
SSD,South Sudan,Africa,2015,9.491073
STP,Sao Tome and Principe,Africa,2000,0.6086742
STP,Sao Tome and Principe,Africa,2001,0.72898227
STP,Sao Tome and Principe,Africa,2002,0.9361518
STP,Sao Tome and Principe,Africa,2003,1.7842449
STP,Sao Tome and Principe,Africa,2004,0.9600088
STP,Sao Tome and Principe,Africa,2005,1.0992985
STP,Sao Tome and Principe,Africa,2006,1.1206435
STP,Sao Tome and Principe,Africa,2007,1.3409597
STP,Sao Tome and Principe,Africa,2008,1.5955651
STP,Sao Tome and Principe,Africa,2009,0.9966708
STP,Sao Tome and Principe,Africa,2010,3.3487093
STP,Sao Tome and Principe,Africa,2011,3.0387204
STP,Sao Tome and Principe,Africa,2012,2.8159716
STP,Sao Tome and Principe,Africa,2013,9.948528
STP,Sao Tome and Principe,Africa,2014,9.15254
STP,Sao Tome and Principe,Africa,2015,7.6847014
STP,Sao Tome and Principe,Africa,2016,6.1740885
STP,Sao Tome and Principe,Africa,2017,5.6496606
STP,Sao Tome and Principe,Africa,2018,4.632611
STP,Sao Tome and Principe,Africa,2019,2.6913009
STP,Sao Tome and Principe,Africa,2020,1.8293335
STP,Sao Tome and Principe,Africa,2021,2.0197258
STP,Sao Tome and Principe,Africa,2022,18.869112
STP,Sao Tome and Principe,Africa,2023,14.151422
STP,Sao Tome and Principe,Africa,2024,9.747552
SUR,Suriname,South America,2000,0.13190219
SUR,Suriname,South America,2001,0.023972785
SUR,Suriname,South America,2002,1.3807931
SUR,Suriname,South America,2003,1.8443085
SUR,Suriname,South America,2004,0.6131693
SUR,Suriname,South America,2005,0.21746278
SUR,Suriname,South America,2006,0.079957955
SUR,Suriname,South America,2007,0.09534797
SUR,Suriname,South America,2008,0.06227057
SUR,Suriname,South America,2009,0.11869712
SUR,Suriname,South America,2010,0.098434865
SUR,Suriname,South America,2011,0.08804932
SUR,Suriname,South America,2012,0.161797
SUR,Suriname,South America,2013,0.13591184
SUR,Suriname,South America,2014,0.16856463
SUR,Suriname,South America,2015,0.13080859
SUR,Suriname,South America,2016,0.045021217
SUR,Suriname,South America,2017,2.726102
SUR,Suriname,South America,2018,2.4693155
SUR,Suriname,South America,2019,2.394831
SUR,Suriname,South America,2020,4.259507
SUR,Suriname,South America,2021,4.7496705
SUR,Suriname,South America,2022,3.9078515
SUR,Suriname,South America,2023,4.2299857
SUR,Suriname,South America,2024,3.6294854
SVK,Slovakia,Europe,2000,0.06091168
SVK,Slovakia,Europe,2001,0.07322066
SVK,Slovakia,Europe,2002,0.06920042
SVK,Slovakia,Europe,2003,0.91239625
SVK,Slovakia,Europe,2004,1.2283022
SVK,Slovakia,Europe,2005,1.9359677
SVK,Slovakia,Europe,2006,1.8987983
SVK,Slovakia,Europe,2007,1.9188768
SVK,Slovakia,Europe,2008,2.033486
SVK,Slovakia,Europe,2009,1.8717631
SVK,Slovakia,Europe,2010,1.7460791
SVK,Slovakia,Europe,2011,1.7590786
SVK,Slovakia,Europe,2012,2.034527
SVK,Slovakia,Europe,2013,2.375034
SVK,Slovakia,Europe,2014,2.370045
SVK,Slovakia,Europe,2015,2.3247237
SVK,Slovakia,Europe,2016,2.3545902
SVK,Slovakia,Europe,2017,2.6637747
SVK,Slovakia,Europe,2018,2.6582546
SVK,Slovakia,Europe,2019,2.4041967
SVK,Slovakia,Europe,2020,2.2868037
SVK,Slovakia,Europe,2021,2.0154533
SVK,Slovakia,Europe,2022,2.0002933
SVK,Slovakia,Europe,2023,2.0429232
SVK,Slovakia,Europe,2024,2.0964143
SVN,Slovenia,Europe,2000,1.0035125
SVN,Slovenia,Europe,2001,0.9589301
SVN,Slovenia,Europe,2002,0.916234
SVN,Slovenia,Europe,2003,0.7857475
SVN,Slovenia,Europe,2004,0.76383585
SVN,Slovenia,Europe,2005,0.7263282
SVN,Slovenia,Europe,2006,0.71164733
SVN,Slovenia,Europe,2007,0.66876704
SVN,Slovenia,Europe,2008,0.6850041
SVN,Slovenia,Europe,2009,0.3470855
SVN,Slovenia,Europe,2010,0.34412175
SVN,Slovenia,Europe,2011,0.41084644
SVN,Slovenia,Europe,2012,0.53953344
SVN,Slovenia,Europe,2013,0.65615594
SVN,Slovenia,Europe,2014,0.7539786
SVN,Slovenia,Europe,2015,0.9354049
SVN,Slovenia,Europe,2016,1.0204759
SVN,Slovenia,Europe,2017,1.0425049
SVN,Slovenia,Europe,2018,1.2010684
SVN,Slovenia,Europe,2019,1.229575
SVN,Slovenia,Europe,2020,1.3825313
SVN,Slovenia,Europe,2021,1.3430479
SVN,Slovenia,Europe,2022,1.3005
SVN,Slovenia,Europe,2023,1.3349462
SVN,Slovenia,Europe,2024,1.2432295
SWE,Sweden,Europe,2000,0.16652648
SWE,Sweden,Europe,2001,0.23842888
SWE,Sweden,Europe,2002,0.19153707
SWE,Sweden,Europe,2003,0.40632275
SWE,Sweden,Europe,2004,0.4149879
SWE,Sweden,Europe,2005,0.46248645
SWE,Sweden,Europe,2006,0.53134656
SWE,Sweden,Europe,2007,0.6541107
SWE,Sweden,Europe,2008,0.79583734
SWE,Sweden,Europe,2009,0.913619
SWE,Sweden,Europe,2010,0.8241442
SWE,Sweden,Europe,2011,0.7685184
SWE,Sweden,Europe,2012,0.7810047
SWE,Sweden,Europe,2013,0.80016917
SWE,Sweden,Europe,2014,0.8117959
SWE,Sweden,Europe,2015,0.7531817
SWE,Sweden,Europe,2016,0.6221356
SWE,Sweden,Europe,2017,0.6091109
SWE,Sweden,Europe,2018,0.59546554
SWE,Sweden,Europe,2019,0.6374568
SWE,Sweden,Europe,2020,0.6000556
SWE,Sweden,Europe,2021,0.5164258
SWE,Sweden,Europe,2022,0.64314085
SWE,Sweden,Europe,2023,0.67025626
SWE,Sweden,Europe,2024,0.73316497
SWZ,Eswatini,Africa,2000,3.346533
SWZ,Eswatini,Africa,2001,3.5077603
SWZ,Eswatini,Africa,2002,3.1659021
SWZ,Eswatini,Africa,2003,3.0342534
SWZ,Eswatini,Africa,2004,3.0548873
SWZ,Eswatini,Africa,2005,3.0801654
SWZ,Eswatini,Africa,2006,2.9749894
SWZ,Eswatini,Africa,2007,2.8050349
SWZ,Eswatini,Africa,2008,2.7700727
SWZ,Eswatini,Africa,2009,2.6511235
SWZ,Eswatini,Africa,2010,1.2541597
SWZ,Eswatini,Africa,2011,1.3446465
SWZ,Eswatini,Africa,2012,1.8649782
SWZ,Eswatini,Africa,2013,1.6830326
SWZ,Eswatini,Africa,2014,2.2362425
SWZ,Eswatini,Africa,2015,2.4505134
SWZ,Eswatini,Africa,2016,2.6440878
SWZ,Eswatini,Africa,2017,3.2360973
SWZ,Eswatini,Africa,2018,2.707667
SWZ,Eswatini,Africa,2019,2.5709682
SWZ,Eswatini,Africa,2020,2.7207775
SWZ,Eswatini,Africa,2021,2.7494555
SWZ,Eswatini,Africa,2022,2.6646652
SWZ,Eswatini,Africa,2023,1.7299666
SWZ,Eswatini,Africa,2024,0.68629086
SXM,Sint Maarten,North America,2011,5.7776318
SXM,Sint Maarten,North America,2012,5.6462855
SXM,Sint Maarten,North America,2013,7.0922995
SXM,Sint Maarten,North America,2014,4.5650663
SXM,Sint Maarten,North America,2015,3.887281
SXM,Sint Maarten,North America,2016,4.267604
SXM,Sint Maarten,North America,2017,4.068532
SXM,Sint Maarten,North America,2018,4.0469313
SXM,Sint Maarten,North America,2019,3.4517205
SXM,Sint Maarten,North America,2020,3.1288714
SXM,Sint Maarten,North America,2021,3.4352996
SXM,Sint Maarten,North America,2022,3.0451608
SXM,Sint Maarten,North America,2023,2.847424
SXM,Sint Maarten,North America,2024,2.6931238
SYC,Seychelles,Africa,2000,0.48287213
SYC,Seychelles,Africa,2001,0.27049547
SYC,Seychelles,Africa,2002,0.26678643
SYC,Seychelles,Africa,2003,0.6466177
SYC,Seychelles,Africa,2004,0.7623983
SYC,Seychelles,Africa,2005,1.2374576
SYC,Seychelles,Africa,2006,1.2270255
SYC,Seychelles,Africa,2007,0.4425865
SYC,Seychelles,Africa,2008,0.32276705
SYC,Seychelles,Africa,2009,1.8948704
SYC,Seychelles,Africa,2010,1.7702382
SYC,Seychelles,Africa,2011,2.3856344
SYC,Seychelles,Africa,2012,1.6218967
SYC,Seychelles,Africa,2013,0.96569985
SYC,Seychelles,Africa,2014,1.0864943
SYC,Seychelles,Africa,2015,1.2862461
SYC,Seychelles,Africa,2016,1.4081502
SYC,Seychelles,Africa,2017,1.2929227
SYC,Seychelles,Africa,2018,1.2729652
SYC,Seychelles,Africa,2019,1.2654971
SYC,Seychelles,Africa,2020,0.72183096
SYC,Seychelles,Africa,2021,0.63961893
SYC,Seychelles,Africa,2022,0.5409423
SYC,Seychelles,Africa,2023,0.5219437
SYC,Seychelles,Africa,2024,0.5511905
SYR,Syria,Asia,2000,0.95051754
SYR,Syria,Asia,2001,0.84004444
SYR,Syria,Asia,2002,0.6531408
SYR,Syria,Asia,2003,4.0727234
SYR,Syria,Asia,2004,3.4081464
SYR,Syria,Asia,2005,2.8518
SYR,Syria,Asia,2006,2.3554306
SYR,Syria,Asia,2007,2.546483
SYR,Syria,Asia,2008,2.521055
SYR,Syria,Asia,2009,2.494616
SYR,Syria,Asia,2010,2.642966
TCA,Turks and Caicos Islands,North America,2014,0.74910754
TCA,Turks and Caicos Islands,North America,2015,0.5613601
TCA,Turks and Caicos Islands,North America,2016,0.62117434
TCA,Turks and Caicos Islands,North America,2017,0.6441876
TCA,Turks and Caicos Islands,North America,2018,0.5692578
TGO,Togo,Africa,2000,1.6249049
TGO,Togo,Africa,2001,3.272156
TGO,Togo,Africa,2002,4.282329
TGO,Togo,Africa,2003,4.9761686
TGO,Togo,Africa,2004,5.6090746
TGO,Togo,Africa,2005,5.9771075
TGO,Togo,Africa,2006,6.997334
TGO,Togo,Africa,2007,7.5752163
TGO,Togo,Africa,2008,7.391025
TGO,Togo,Africa,2009,7.1127086
TGO,Togo,Africa,2010,7.0985765
TGO,Togo,Africa,2011,4.508192
TGO,Togo,Africa,2012,6.368116
TGO,Togo,Africa,2013,6.600629
TGO,Togo,Africa,2014,6.692324
TGO,Togo,Africa,2015,6.319946
TGO,Togo,Africa,2016,6.047714
TGO,Togo,Africa,2017,6.318825
TGO,Togo,Africa,2018,6.4134398
TGO,Togo,Africa,2019,7.2642345
TGO,Togo,Africa,2020,8.687989
THA,Thailand,Asia,2000,1.3424761
THA,Thailand,Asia,2001,1.041134
THA,Thailand,Asia,2002,1.02754
THA,Thailand,Asia,2003,1.0555187
THA,Thailand,Asia,2004,0.9380662
THA,Thailand,Asia,2005,0.62699664
THA,Thailand,Asia,2006,0.6012672
THA,Thailand,Asia,2007,0.6217516
THA,Thailand,Asia,2008,0.6515171
THA,Thailand,Asia,2009,1.3517417
THA,Thailand,Asia,2010,1.2996476
THA,Thailand,Asia,2011,1.4173017
THA,Thailand,Asia,2012,1.4228828
THA,Thailand,Asia,2013,1.5665795
THA,Thailand,Asia,2014,1.6016424
THA,Thailand,Asia,2015,1.4689062
THA,Thailand,Asia,2016,1.5168205
THA,Thailand,Asia,2017,1.4725577
THA,Thailand,Asia,2018,1.4733143
THA,Thailand,Asia,2019,1.431052
THA,Thailand,Asia,2020,1.573234
THA,Thailand,Asia,2021,1.7146473
THA,Thailand,Asia,2022,1.8054675
THA,Thailand,Asia,2023,1.8786396
THA,Thailand,Asia,2024,1.7959832
TJK,Tajikistan,Asia,2002,6.43374
TJK,Tajikistan,Asia,2003,9.388715
TJK,Tajikistan,Asia,2004,12.137795
TJK,Tajikistan,Asia,2005,24.407034
TJK,Tajikistan,Asia,2006,34.48037
TJK,Tajikistan,Asia,2007,40.696007
TJK,Tajikistan,Asia,2008,44.126537
TJK,Tajikistan,Asia,2009,31.44383
TJK,Tajikistan,Asia,2010,35.810436
TJK,Tajikistan,Asia,2011,41.737953
TJK,Tajikistan,Asia,2012,42.21584
TJK,Tajikistan,Asia,2013,43.768356
TJK,Tajikistan,Asia,2014,37.13598
TJK,Tajikistan,Asia,2015,27.306559
TJK,Tajikistan,Asia,2016,26.706057
TJK,Tajikistan,Asia,2017,29.684973
TJK,Tajikistan,Asia,2018,28.117714
TJK,Tajikistan,Asia,2019,27.971771
TJK,Tajikistan,Asia,2020,26.884893
TJK,Tajikistan,Asia,2021,32.68938
TJK,Tajikistan,Asia,2022,49.895313
TJK,Tajikistan,Asia,2023,37.844578
TJK,Tajikistan,Asia,2024,47.885212
TLS,Timor-Leste,Asia,2006,0.8026406
TLS,Timor-Leste,Asia,2007,1.9242752
TLS,Timor-Leste,Asia,2008,2.7224116
TLS,Timor-Leste,Asia,2009,15.59251
TLS,Timor-Leste,Asia,2010,15.549891
TLS,Timor-Leste,Asia,2011,13.131075
TLS,Timor-Leste,Asia,2012,10.327801
TLS,Timor-Leste,Asia,2013,2.410911
TLS,Timor-Leste,Asia,2014,3.017536
TLS,Timor-Leste,Asia,2015,3.8726518
TLS,Timor-Leste,Asia,2016,4.8873105
TLS,Timor-Leste,Asia,2017,5.4921885
TLS,Timor-Leste,Asia,2018,6.1903367
TLS,Timor-Leste,Asia,2019,3.724918
TLS,Timor-Leste,Asia,2020,4.432136
TLS,Timor-Leste,Asia,2021,4.1390433
TLS,Timor-Leste,Asia,2022,4.5494823
TLS,Timor-Leste,Asia,2023,9.279286
TLS,Timor-Leste,Asia,2024,11.769243
TON,Tonga,Oceania,2001,29.157854
TON,Tonga,Oceania,2002,34.03412
TON,Tonga,Oceania,2003,28.966475
TON,Tonga,Oceania,2004,28.371382
TON,Tonga,Oceania,2005,26.338936
TON,Tonga,Oceania,2006,26.692196
TON,Tonga,Oceania,2007,27.402285
TON,Tonga,Oceania,2008,30.043783
TON,Tonga,Oceania,2009,26.222027
TON,Tonga,Oceania,2010,20.177841
TON,Tonga,Oceania,2011,20.364244
TON,Tonga,Oceania,2012,19.36834
TON,Tonga,Oceania,2013,27.15428
TON,Tonga,Oceania,2014,27.05027
TON,Tonga,Oceania,2015,29.547562
TON,Tonga,Oceania,2016,29.996449
TON,Tonga,Oceania,2017,34.48056
TON,Tonga,Oceania,2018,35.1436
TON,Tonga,Oceania,2019,35.896496
TON,Tonga,Oceania,2020,37.500134
TON,Tonga,Oceania,2021,41.53101
TON,Tonga,Oceania,2022,38.67934
TON,Tonga,Oceania,2023,42.61042
TTO,Trinidad and Tobago,North America,2000,0.46723574
TTO,Trinidad and Tobago,North America,2001,0.46346402
TTO,Trinidad and Tobago,North America,2002,0.8780793
TTO,Trinidad and Tobago,North America,2003,0.76777065
TTO,Trinidad and Tobago,North America,2004,0.6543531
TTO,Trinidad and Tobago,North America,2005,0.5781363
TTO,Trinidad and Tobago,North America,2006,0.4964789
TTO,Trinidad and Tobago,North America,2007,0.50550747
TTO,Trinidad and Tobago,North America,2008,0.33905497
TTO,Trinidad and Tobago,North America,2009,0.5700973
TTO,Trinidad and Tobago,North America,2010,0.41023704
TTO,Trinidad and Tobago,North America,2011,0.6363374
TTO,Trinidad and Tobago,North America,2012,0.51122874
TTO,Trinidad and Tobago,North America,2013,0.5081473
TTO,Trinidad and Tobago,North America,2014,0.49137995
TTO,Trinidad and Tobago,North America,2015,0.5782273
TTO,Trinidad and Tobago,North America,2016,0.6144631
TTO,Trinidad and Tobago,North America,2017,0.56688356
TTO,Trinidad and Tobago,North America,2018,0.5807812
TTO,Trinidad and Tobago,North America,2019,0.61340606
TTO,Trinidad and Tobago,North America,2020,0.9308351
TTO,Trinidad and Tobago,North America,2021,0.9659992
TTO,Trinidad and Tobago,North America,2022,0.7210895
TTO,Trinidad and Tobago,North America,2023,0.80814683
TTO,Trinidad and Tobago,North America,2024,0.7769833
TUN,Tunisia,Africa,2000,3.7066724
TUN,Tunisia,Africa,2001,4.201738
TUN,Tunisia,Africa,2002,4.625058
TUN,Tunisia,Africa,2003,4.5540113
TUN,Tunisia,Africa,2004,4.5900345
TUN,Tunisia,Africa,2005,4.3153963
TUN,Tunisia,Africa,2006,4.3926287
TUN,Tunisia,Africa,2007,4.408947
TUN,Tunisia,Africa,2008,4.4070196
TUN,Tunisia,Africa,2009,4.5206656
TUN,Tunisia,Africa,2010,4.465417
TUN,Tunisia,Africa,2011,4.165337
TUN,Tunisia,Africa,2012,4.788939
TUN,Tunisia,Africa,2013,4.7047167
TUN,Tunisia,Africa,2014,4.6678667
TUN,Tunisia,Africa,2015,4.306242
TUN,Tunisia,Africa,2016,4.1056004
TUN,Tunisia,Africa,2017,4.483318
TUN,Tunisia,Africa,2018,3.9799209
TUN,Tunisia,Africa,2019,4.2698054
TUN,Tunisia,Africa,2020,5.367063
TUN,Tunisia,Africa,2021,6.3033943
TUN,Tunisia,Africa,2022,6.2465067
TUN,Tunisia,Africa,2023,5.95812
TUN,Tunisia,Africa,2024,6.34487
TUR,Turkey,Asia,2000,1.6596999
TUR,Turkey,Asia,2001,1.3778772
TUR,Turkey,Asia,2002,0.80406016
TUR,Turkey,Asia,2003,0.23114027
TUR,Turkey,Asia,2004,0.1960226
TUR,Turkey,Asia,2005,0.26912487
TUR,Turkey,Asia,2006,0.32751554
TUR,Turkey,Asia,2007,0.30588338
TUR,Turkey,Asia,2008,0.31454086
TUR,Turkey,Asia,2009,0.2804734
TUR,Turkey,Asia,2010,0.23244649
TUR,Turkey,Asia,2011,0.2230534
TUR,Turkey,Asia,2012,0.21246372
TUR,Turkey,Asia,2013,0.19757472
TUR,Turkey,Asia,2014,0.18453994
TUR,Turkey,Asia,2015,0.16187923
TUR,Turkey,Asia,2016,0.1379163
TUR,Turkey,Asia,2017,0.12223998
TUR,Turkey,Asia,2018,0.14549246
TUR,Turkey,Asia,2019,0.11033016
TUR,Turkey,Asia,2020,0.111228
TUR,Turkey,Asia,2021,0.086434886
TUR,Turkey,Asia,2022,0.07515407
TUR,Turkey,Asia,2023,0.090164855
TUR,Turkey,Asia,2024,0.07225243
TUV,Tuvalu,Oceania,2001,30.439207
TUV,Tuvalu,Oceania,2002,38.84381
TUV,Tuvalu,Oceania,2003,26.097006
TUV,Tuvalu,Oceania,2004,21.32403
TUV,Tuvalu,Oceania,2005,21.527824
TUV,Tuvalu,Oceania,2006,15.203093
TUV,Tuvalu,Oceania,2007,19.700281
TUV,Tuvalu,Oceania,2008,18.709244
TUV,Tuvalu,Oceania,2009,17.19242
TUV,Tuvalu,Oceania,2010,12.209472
TUV,Tuvalu,Oceania,2011,11.691518
TUV,Tuvalu,Oceania,2012,9.749248
TUV,Tuvalu,Oceania,2013,9.508244
TUV,Tuvalu,Oceania,2014,8.36833
TUV,Tuvalu,Oceania,2015,7.1559534
TUV,Tuvalu,Oceania,2016,6.1179724
TUV,Tuvalu,Oceania,2017,6.056554
TUV,Tuvalu,Oceania,2018,5.5607843
TUV,Tuvalu,Oceania,2019,4.443699
TUV,Tuvalu,Oceania,2020,4.253294
TUV,Tuvalu,Oceania,2021,4.900151
TUV,Tuvalu,Oceania,2022,4.183558
TUV,Tuvalu,Oceania,2023,4.163059
TZA,Tanzania,Africa,2000,0.059827656
TZA,Tanzania,Africa,2001,0.112452164
TZA,Tanzania,Africa,2002,0.08492778
TZA,Tanzania,Africa,2003,0.05850841
TZA,Tanzania,Africa,2004,0.082758754
TZA,Tanzania,Africa,2005,0.105278045
TZA,Tanzania,Africa,2006,0.0826036
TZA,Tanzania,Africa,2007,0.11647245
TZA,Tanzania,Africa,2008,0.13174461
TZA,Tanzania,Africa,2009,0.13546365
TZA,Tanzania,Africa,2010,1.0754653
TZA,Tanzania,Africa,2011,1.1817576
TZA,Tanzania,Africa,2012,0.98394704
TZA,Tanzania,Africa,2013,0.83667105
TZA,Tanzania,Africa,2014,0.7791772
TZA,Tanzania,Africa,2015,0.8178374
TZA,Tanzania,Africa,2016,0.80871165
TZA,Tanzania,Africa,2017,0.75576836
TZA,Tanzania,Africa,2018,0.7243565
TZA,Tanzania,Africa,2019,0.71034414
TZA,Tanzania,Africa,2020,0.49366876
TZA,Tanzania,Africa,2021,0.7903505
TZA,Tanzania,Africa,2022,0.92905736
TZA,Tanzania,Africa,2023,1.566348
TZA,Tanzania,Africa,2024,1.4246539
UGA,Uganda,Africa,2000,3.84451
UGA,Uganda,Africa,2001,5.9682317
UGA,Uganda,Africa,2002,7.1510158
UGA,Uganda,Africa,2003,4.522331
UGA,Uganda,Africa,2004,3.9112406
UGA,Uganda,Africa,2005,3.4830692
UGA,Uganda,Africa,2006,4.1192074
UGA,Uganda,Africa,2007,3.793904
UGA,Uganda,Africa,2008,5.010393
UGA,Uganda,Africa,2009,3.1084979
UGA,Uganda,Africa,2010,2.8897252
UGA,Uganda,Africa,2011,2.92853
UGA,Uganda,Africa,2012,3.3445654
UGA,Uganda,Africa,2013,3.253117
UGA,Uganda,Africa,2014,2.721699
UGA,Uganda,Africa,2015,2.7855387
UGA,Uganda,Africa,2016,3.9242942
UGA,Uganda,Africa,2017,3.791704
UGA,Uganda,Africa,2018,4.063695
UGA,Uganda,Africa,2019,4.0293784
UGA,Uganda,Africa,2020,2.824181
UGA,Uganda,Africa,2021,2.8502803
UGA,Uganda,Africa,2022,2.744139
UGA,Uganda,Africa,2023,3.1040227
UGA,Uganda,Africa,2024,2.6514082
UKR,Ukraine,Europe,2000,1.2942052
UKR,Ukraine,Europe,2001,2.1089005
UKR,Ukraine,Europe,2002,2.7117927
UKR,Ukraine,Europe,2003,2.928263
UKR,Ukraine,Europe,2004,2.7863667
UKR,Ukraine,Europe,2005,2.698376
UKR,Ukraine,Europe,2006,2.7724957
UKR,Ukraine,Europe,2007,3.5566883
UKR,Ukraine,Europe,2008,3.6053298
UKR,Ukraine,Europe,2009,4.887614
UKR,Ukraine,Europe,2010,4.6278863
UKR,Ukraine,Europe,2011,4.6192775
UKR,Ukraine,Europe,2012,4.6272626
UKR,Ukraine,Europe,2013,5.0745726
UKR,Ukraine,Europe,2014,5.5084543
UKR,Ukraine,Europe,2015,9.30892
UKR,Ukraine,Europe,2016,10.146122
UKR,Ukraine,Europe,2017,10.823397
UKR,Ukraine,Europe,2018,11.226128
UKR,Ukraine,Europe,2019,10.25974
UKR,Ukraine,Europe,2020,9.71346
UKR,Ukraine,Europe,2021,9.040584
UKR,Ukraine,Europe,2022,10.360547
UKR,Ukraine,Europe,2023,8.258953
UKR,Ukraine,Europe,2024,6.291245
URY,Uruguay,South America,2001,2.8891807e-05
URY,Uruguay,South America,2002,0.26496863
URY,Uruguay,South America,2003,0.51266104
URY,Uruguay,South America,2004,0.5107006
URY,Uruguay,South America,2005,0.44198018
URY,Uruguay,South America,2006,0.45049757
URY,Uruguay,South America,2007,0.4053993
URY,Uruguay,South America,2008,0.34676537
URY,Uruguay,South America,2009,0.30901313
URY,Uruguay,South America,2010,0.29771137
URY,Uruguay,South America,2011,0.25591943
URY,Uruguay,South America,2012,0.16890717
URY,Uruguay,South America,2013,0.16115473
URY,Uruguay,South America,2014,0.1590843
URY,Uruguay,South America,2015,0.15649539
URY,Uruguay,South America,2016,0.15734501
URY,Uruguay,South America,2017,0.1682638
URY,Uruguay,South America,2018,0.17439504
URY,Uruguay,South America,2019,0.1804364
URY,Uruguay,South America,2020,0.20746587
URY,Uruguay,South America,2021,0.20700578
URY,Uruguay,South America,2022,0.17730461
URY,Uruguay,South America,2023,0.17259336
URY,Uruguay,South America,2024,0.16813172
USA,United States,North America,2000,0.042874083
USA,United States,North America,2001,0.042648174
USA,United States,North America,2002,0.041814923
USA,United States,North America,2003,0.040780548
USA,United States,North America,2004,0.03874867
USA,United States,North America,2005,0.03677373
USA,United States,North America,2006,0.036683206
USA,United States,North America,2007,0.036057193
USA,United States,North America,2008,0.036317207
USA,United States,North America,2009,0.039646182
USA,United States,North America,2010,0.039404705
USA,United States,North America,2011,0.03912889
USA,United States,North America,2012,0.038778212
USA,United States,North America,2013,0.039262157
USA,United States,North America,2014,0.037052695
USA,United States,North America,2015,0.036130905
USA,United States,North America,2016,0.03385912
USA,United States,North America,2017,0.03258659
USA,United States,North America,2018,0.033804026
USA,United States,North America,2019,0.032968562
USA,United States,North America,2020,0.032416176
USA,United States,North America,2021,0.030422369
USA,United States,North America,2022,0.029927924
USA,United States,North America,2023,0.030778058
USA,United States,North America,2024,0.0303016
UZB,Uzbekistan,Asia,2005,7.1719365
UZB,Uzbekistan,Asia,2006,8.180185
UZB,Uzbekistan,Asia,2007,7.6488867
UZB,Uzbekistan,Asia,2008,12.284359
UZB,Uzbekistan,Asia,2009,6.4652486
UZB,Uzbekistan,Asia,2010,6.9031096
UZB,Uzbekistan,Asia,2011,8.154717
UZB,Uzbekistan,Asia,2012,9.016899
UZB,Uzbekistan,Asia,2013,8.802312
UZB,Uzbekistan,Asia,2014,8.428825
UZB,Uzbekistan,Asia,2015,5.6187816
UZB,Uzbekistan,Asia,2016,6.7276254
UZB,Uzbekistan,Asia,2017,10.2293005
UZB,Uzbekistan,Asia,2018,12.964473
UZB,Uzbekistan,Asia,2019,12.699794
UZB,Uzbekistan,Asia,2020,10.661315
UZB,Uzbekistan,Asia,2021,11.994877
UZB,Uzbekistan,Asia,2022,17.217342
UZB,Uzbekistan,Asia,2023,13.8041935
UZB,Uzbekistan,Asia,2024,14.421099
VCT,Saint Vincent and the Grenadines,North America,2000,4.5081835
VCT,Saint Vincent and the Grenadines,North America,2001,4.210019
VCT,Saint Vincent and the Grenadines,North America,2002,4.1883655
VCT,Saint Vincent and the Grenadines,North America,2003,4.066056
VCT,Saint Vincent and the Grenadines,North America,2004,3.9004323
VCT,Saint Vincent and the Grenadines,North America,2005,6.780888
VCT,Saint Vincent and the Grenadines,North America,2006,6.2584887
VCT,Saint Vincent and the Grenadines,North America,2007,5.7960963
VCT,Saint Vincent and the Grenadines,North America,2008,5.7693796
VCT,Saint Vincent and the Grenadines,North America,2009,5.7323246
VCT,Saint Vincent and the Grenadines,North America,2010,5.8342476
VCT,Saint Vincent and the Grenadines,North America,2011,6.0114255
VCT,Saint Vincent and the Grenadines,North America,2012,5.8946905
VCT,Saint Vincent and the Grenadines,North America,2013,5.7015615
VCT,Saint Vincent and the Grenadines,North America,2014,5.6461587
VCT,Saint Vincent and the Grenadines,North America,2015,5.313029
VCT,Saint Vincent and the Grenadines,North America,2016,5.51356
VCT,Saint Vincent and the Grenadines,North America,2017,5.4131875
VCT,Saint Vincent and the Grenadines,North America,2018,5.2400465
VCT,Saint Vincent and the Grenadines,North America,2019,8.713872
VCT,Saint Vincent and the Grenadines,North America,2020,7.287605
VCT,Saint Vincent and the Grenadines,North America,2021,7.883373
VCT,Saint Vincent and the Grenadines,North America,2022,8.96005
VCT,Saint Vincent and the Grenadines,North America,2023,8.546557
VCT,Saint Vincent and the Grenadines,North America,2024,7.9405494
VEN,Venezuela,South America,2000,0.014511748
VEN,Venezuela,South America,2001,0.015458335
VEN,Venezuela,South America,2002,0.02045351
VEN,Venezuela,South America,2003,0.24874245
VEN,Venezuela,South America,2004,0.12716605
VEN,Venezuela,South America,2005,0.101708785
VEN,Venezuela,South America,2006,0.089929275
VEN,Venezuela,South America,2007,0.065548435
VEN,Venezuela,South America,2008,0.043360826
VEN,Venezuela,South America,2009,0.04002576
VEN,Venezuela,South America,2010,0.036368966
VEN,Venezuela,South America,2011,0.043604348
VEN,Venezuela,South America,2012,0.031670026
VEN,Venezuela,South America,2013,0.046344455
VEN,Venezuela,South America,2014,0.059620954
VEN,Venezuela,South America,2015,0.12833875
VEN,Venezuela,South America,2016,0.24708845
VNM,Vietnam,Asia,2000,4.2986584
VNM,Vietnam,Asia,2001,3.3654377
VNM,Vietnam,Asia,2002,5.0478973
VNM,Vietnam,Asia,2003,5.309397
VNM,Vietnam,Asia,2004,5.0849857
VNM,Vietnam,Asia,2005,5.4655943
VNM,Vietnam,Asia,2006,5.7253346
VNM,Vietnam,Asia,2007,7.9830084
VNM,Vietnam,Asia,2008,6.863693
VNM,Vietnam,Asia,2009,5.6765733
VNM,Vietnam,Asia,2010,5.1419425
VNM,Vietnam,Asia,2011,4.8240085
VNM,Vietnam,Asia,2012,4.0451827
VNM,Vietnam,Asia,2013,4.4120784
VNM,Vietnam,Asia,2014,4.1953044
VNM,Vietnam,Asia,2015,3.3648555
VNM,Vietnam,Asia,2016,3.3279757
VNM,Vietnam,Asia,2017,3.3429842
VNM,Vietnam,Asia,2018,3.286407
VNM,Vietnam,Asia,2019,3.255489
VNM,Vietnam,Asia,2020,3.091196
VNM,Vietnam,Asia,2021,3.4714775
VNM,Vietnam,Asia,2022,3.1926842
VNM,Vietnam,Asia,2023,3.2268646
VNM,Vietnam,Asia,2024,3.3586051
VUT,Vanuatu,Oceania,2000,4.9654427
VUT,Vanuatu,Oceania,2001,7.1455855
VUT,Vanuatu,Oceania,2002,1.5602349
VUT,Vanuatu,Oceania,2003,1.2705045
VUT,Vanuatu,Oceania,2004,1.3507012
VUT,Vanuatu,Oceania,2005,1.2906578
VUT,Vanuatu,Oceania,2006,1.1356844
VUT,Vanuatu,Oceania,2007,1.0734429
VUT,Vanuatu,Oceania,2008,1.5076857
VUT,Vanuatu,Oceania,2009,1.9391851
VUT,Vanuatu,Oceania,2010,1.7546426
VUT,Vanuatu,Oceania,2011,2.8261747
VUT,Vanuatu,Oceania,2012,2.9466927
VUT,Vanuatu,Oceania,2013,3.1267297
VUT,Vanuatu,Oceania,2014,5.374417
VUT,Vanuatu,Oceania,2015,5.2197633
VUT,Vanuatu,Oceania,2016,6.0727324
VUT,Vanuatu,Oceania,2017,9.768966
VUT,Vanuatu,Oceania,2018,12.590075
VUT,Vanuatu,Oceania,2019,16.24062
VUT,Vanuatu,Oceania,2020,13.973626
VUT,Vanuatu,Oceania,2021,21.02605
VUT,Vanuatu,Oceania,2022,18.75096
WSM,Samoa,Oceania,2000,17.384172
WSM,Samoa,Oceania,2001,16.89826
WSM,Samoa,Oceania,2002,15.969331
WSM,Samoa,Oceania,2003,13.496241
WSM,Samoa,Oceania,2004,0.22018044
WSM,Samoa,Oceania,2005,17.114573
WSM,Samoa,Oceania,2006,17.419804
WSM,Samoa,Oceania,2007,16.851168
WSM,Samoa,Oceania,2008,16.996784
WSM,Samoa,Oceania,2009,19.02678
WSM,Samoa,Oceania,2010,20.360537
WSM,Samoa,Oceania,2011,21.446615
WSM,Samoa,Oceania,2012,22.983528
WSM,Samoa,Oceania,2013,20.631306
WSM,Samoa,Oceania,2014,17.635855
WSM,Samoa,Oceania,2015,15.914055
WSM,Samoa,Oceania,2016,15.495203
WSM,Samoa,Oceania,2017,15.339074
WSM,Samoa,Oceania,2018,16.798653
WSM,Samoa,Oceania,2019,17.00145
WSM,Samoa,Oceania,2020,23.496843
WSM,Samoa,Oceania,2021,28.891191
WSM,Samoa,Oceania,2022,31.472683
WSM,Samoa,Oceania,2023,25.354727
WSM,Samoa,Oceania,2024,24.006325
YEM,Yemen,Asia,2000,13.306725
YEM,Yemen,Asia,2001,13.139285
YEM,Yemen,Asia,2002,12.100887
YEM,Yemen,Asia,2003,10.782394
YEM,Yemen,Asia,2004,9.248867
YEM,Yemen,Asia,2005,7.6657434
YEM,Yemen,Asia,2006,6.7281666
YEM,Yemen,Asia,2007,6.1038694
YEM,Yemen,Asia,2008,5.2414536
YEM,Yemen,Asia,2009,4.615946
YEM,Yemen,Asia,2010,4.937433
YEM,Yemen,Asia,2011,4.2898674
YEM,Yemen,Asia,2012,9.465746
YEM,Yemen,Asia,2013,8.270396
YEM,Yemen,Asia,2014,7.7506585
YEM,Yemen,Asia,2015,7.89384
YEM,Yemen,Asia,2016,12.039738
YEM,Yemen,Asia,2017,12.789612
YEM,Yemen,Asia,2018,15.889065
ZAF,South Africa,Africa,2000,0.21394257
ZAF,South Africa,Africa,2001,0.20793962
ZAF,South Africa,Africa,2002,0.20773737
ZAF,South Africa,Africa,2003,0.19835675
ZAF,South Africa,Africa,2004,0.18299653
ZAF,South Africa,Africa,2005,0.21240813
ZAF,South Africa,Africa,2006,0.22771448
ZAF,South Africa,Africa,2007,0.23788822
ZAF,South Africa,Africa,2008,0.2479013
ZAF,South Africa,Africa,2009,0.2614226
ZAF,South Africa,Africa,2010,0.25626835
ZAF,South Africa,Africa,2011,0.2528204
ZAF,South Africa,Africa,2012,0.24966228
ZAF,South Africa,Africa,2013,0.24212751
ZAF,South Africa,Africa,2014,0.23961328
ZAF,South Africa,Africa,2015,0.23802428
ZAF,South Africa,Africa,2016,0.23345731
ZAF,South Africa,Africa,2017,0.22909002
ZAF,South Africa,Africa,2018,0.22924584
ZAF,South Africa,Africa,2019,0.22861306
ZAF,South Africa,Africa,2020,0.23992379
ZAF,South Africa,Africa,2021,0.22063836
ZAF,South Africa,Africa,2022,0.21414721
ZAF,South Africa,Africa,2023,0.21061873
ZAF,South Africa,Africa,2024,0.21323329
ZMB,Zambia,Africa,2003,0.74053377
ZMB,Zambia,Africa,2004,0.7779962
ZMB,Zambia,Africa,2005,0.6345514
ZMB,Zambia,Africa,2006,0.4521489
ZMB,Zambia,Africa,2007,0.42185515
ZMB,Zambia,Africa,2008,0.3807467
ZMB,Zambia,Africa,2009,0.26920068
ZMB,Zambia,Africa,2010,0.21542613
ZMB,Zambia,Africa,2011,0.19726218
ZMB,Zambia,Africa,2012,0.28570688
ZMB,Zambia,Africa,2013,0.19253059
ZMB,Zambia,Africa,2014,0.2148051
ZMB,Zambia,Africa,2015,0.2213828
ZMB,Zambia,Africa,2016,0.18352745
ZMB,Zambia,Africa,2017,0.36192912
ZMB,Zambia,Africa,2018,0.40653554
ZMB,Zambia,Africa,2019,0.42155614
ZMB,Zambia,Africa,2020,0.74355817
ZMB,Zambia,Africa,2021,1.0848336
ZMB,Zambia,Africa,2022,0.8348918
ZMB,Zambia,Africa,2023,0.8908859
ZMB,Zambia,Africa,2024,1.3212312
ZWE,Zimbabwe,Africa,2009,12.467047
ZWE,Zimbabwe,Africa,2010,11.730395
ZWE,Zimbabwe,Africa,2011,13.604621
ZWE,Zimbabwe,Africa,2012,12.343152
ZWE,Zimbabwe,Africa,2013,9.89632
ZWE,Zimbabwe,Africa,2014,9.7612
ZWE,Zimbabwe,Africa,2015,10.246604
ZWE,Zimbabwe,Africa,2016,9.027737
ZWE,Zimbabwe,Africa,2017,3.3895593
ZWE,Zimbabwe,Africa,2018,4.1817026
ZWE,Zimbabwe,Africa,2019,4.247931
ZWE,Zimbabwe,Africa,2020,5.7286434
ZWE,Zimbabwe,Africa,2021,6.2334027
ZWE,Zimbabwe,Africa,2022,7.569254
ZWE,Zimbabwe,Africa,2023,9.202966
ZWE,Zimbabwe,Africa,2024,8.449554
