indicatorId,geoUnit,year,type,subtype,value
XGOVEXP.IMF,ABW,2000,Data Status,Data reporting,"FINANCE DATA: IMF, World Economic Outlook"
XGOVEXP.IMF,ABW,2000,Source,Data sources,Country's submission to UIS SFE Questionnaire B
XGOVEXP.IMF,ABW,2001,Data Status,Data reporting,"FINANCE DATA: IMF, World Economic Outlook"
XGOVEXP.IMF,ABW,2001,Source,Data sources,Country's submission to UIS SFE Questionnaire B
XGOVEXP.IMF,ABW,2002,Data Status,Data reporting,"FINANCE DATA: IMF, World Economic Outlook"
XGOVEXP.IMF,ABW,2002,Source,Data sources,Country's submission to UIS SFE Questionnaire B
XGOVEXP.IMF,ABW,2004,Data Status,Data reporting,"FINANCE DATA: IMF, World Economic Outlook"
XGOVEXP.IMF,ABW,2004,Source,Data sources,Country's submission to UIS SFE Questionnaire B
XGOVEXP.IMF,ABW,2005,Data Status,Data reporting,"FINANCE DATA: IMF, World Economic Outlook"
XGOVEXP.IMF,ABW,2005,Source,Data sources,Country's submission to UIS SFE Questionnaire B
XGOVEXP.IMF,ABW,2007,Data Status,Data reporting,"FINANCE DATA: IMF, World Economic Outlook"
XGOVEXP.IMF,ABW,2007,Source,Data sources,Country's submission to UIS SFE Questionnaire B
XGOVEXP.IMF,ABW,2008,Data Status,Data reporting,"FINANCE DATA: IMF, World Economic Outlook"
XGOVEXP.IMF,ABW,2008,Source,Data sources,Country's submission to UIS SFE Questionnaire B
XGOVEXP.IMF,ABW,2009,Data Status,Data reporting,"FINANCE DATA: IMF, World Economic Outlook"
XGOVEXP.IMF,ABW,2009,Source,Data sources,Country's submission to UIS SFE Questionnaire B
XGOVEXP.IMF,ABW,2010,Data Status,Data reporting,"FINANCE DATA: IMF, World Economic Outlook"
XGOVEXP.IMF,ABW,2010,Source,Data sources,Country's submission to UIS SFE Questionnaire B
XGOVEXP.IMF,ABW,2011,Data Status,Data reporting,"FINANCE DATA: IMF, World Economic Outlook"
XGOVEXP.IMF,ABW,2011,Source,Data sources,Country's submission to UIS SFE Questionnaire B
XGOVEXP.IMF,ABW,2012,Data Status,Data reporting,"FINANCE DATA: IMF, World Economic Outlook"
XGOVEXP.IMF,ABW,2012,Source,Data sources,Country's submission to UIS SFE Questionnaire B
XGOVEXP.IMF,ABW,2013,Data Status,Data reporting,"FINANCE DATA: IMF, World Economic Outlook"
XGOVEXP.IMF,ABW,2013,Source,Data sources,Country's submission to UIS SFE Questionnaire B
XGOVEXP.IMF,ABW,2014,Data Status,Data reporting,"FINANCE DATA: IMF, World Economic Outlook"
XGOVEXP.IMF,ABW,2014,Source,Data sources,Country's submission to UIS SFE Questionnaire B
XGOVEXP.IMF,ABW,2015,Data Status,Data reporting,"FINANCE DATA: IMF, World Economic Outlook"
XGOVEXP.IMF,ABW,2015,Source,Data sources,Country's submission to UIS SFE Questionnaire B
XGOVEXP.IMF,ABW,2016,Data Status,Data reporting,"FINANCE DATA: IMF, World Economic Outlook"
XGOVEXP.IMF,ABW,2016,Source,Data sources,Country's submission to UIS SFE Questionnaire B
XGOVEXP.IMF,ABW,2017,Source,Data sources,UIS Dynamic template based on Annual Statistical Digest 2021 (GDP data series 2000  2019  Central Bureau of Statistics (cbs.aw))
XGOVEXP.IMF,ABW,2018,Source,Data sources,UIS Dynamic template based on Annual Statistical Digest 2021 (GDP data series 2000  2019  Central Bureau of Statistics (cbs.aw))
XGOVEXP.IMF,ABW,2019,Source,Data sources,UIS Dynamic template based on Annual Statistical Digest 2021 (GDP data series 2000  2019  Central Bureau of Statistics (cbs.aw))
XGOVEXP.IMF,ABW,2021,Source,Data sources,UIS Dynamic template based on Total expenditure: IMF Country Report No. 21/81 (https://www.imf.org/-/media/Files/Publications/CR/2021/English/1ABWEA2021001.ashx)
XGOVEXP.IMF,AFG,2000,Data Status,Data reporting,"FINANCE DATA: IMF, World Economic Outlook"
XGOVEXP.IMF,AFG,2000,Source,Data sources,Country's submission to UIS SFE Questionnaire B
XGOVEXP.IMF,AFG,2001,Data Status,Data reporting,"FINANCE DATA: IMF, World Economic Outlook"
XGOVEXP.IMF,AFG,2001,Source,Data sources,Country's submission to UIS SFE Questionnaire B
XGOVEXP.IMF,AFG,2010,Data Status,Data reporting,"FINANCE DATA: IMF, World Economic Outlook"
XGOVEXP.IMF,AFG,2010,Source,Data sources,Country's submission to UIS SFE Questionnaire B
XGOVEXP.IMF,AFG,2011,Data Status,Data reporting,"FINANCE DATA: IMF, World Economic Outlook"
XGOVEXP.IMF,AFG,2011,Source,Data sources,Country's submission to UIS SFE Questionnaire B
XGOVEXP.IMF,AFG,2012,Data Status,Data reporting,"FINANCE DATA: IMF, World Economic Outlook"
XGOVEXP.IMF,AFG,2012,Source,Data sources,Country's submission to UIS SFE Questionnaire B
XGOVEXP.IMF,AFG,2013,Data Status,Data reporting,"FINANCE DATA: IMF, World Economic Outlook"
XGOVEXP.IMF,AFG,2013,Source,Data sources,Country's submission to UIS SFE Questionnaire B
XGOVEXP.IMF,AFG,2014,Data Status,Data reporting,"FINANCE DATA: IMF, World Economic Outlook"
XGOVEXP.IMF,AFG,2014,Source,Data sources,Country's submission to UIS SFE Questionnaire B
XGOVEXP.IMF,AFG,2015,Data Status,Data reporting,"FINANCE DATA: IMF, World Economic Outlook"
XGOVEXP.IMF,AFG,2015,Source,Data sources,Country's submission to UIS SFE Questionnaire B
XGOVEXP.IMF,AFG,2016,Data Status,Data reporting,"FINANCE DATA: IMF, World Economic Outlook"
XGOVEXP.IMF,AFG,2016,Source,Data sources,Country's submission to UIS SFE Questionnaire B
XGOVEXP.IMF,AFG,2017,Data Status,Data reporting,"FINANCE DATA: IMF, World Economic Outlook"
XGOVEXP.IMF,AFG,2017,Source,Data sources,Country's submission to UIS SFE Questionnaire B
XGOVEXP.IMF,AGO,2000,Data Status,Data reporting,"FINANCE DATA: IMF, World Economic Outlook"
XGOVEXP.IMF,AGO,2000,Source,Data sources,Country's submission to UIS SFE Questionnaire B
XGOVEXP.IMF,AGO,2005,Data Status,Data reporting,"FINANCE DATA: IMF, World Economic Outlook"
XGOVEXP.IMF,AGO,2005,Source,Data sources,Country's submission to UIS SFE Questionnaire B
XGOVEXP.IMF,AGO,2006,Data Status,Data reporting,"FINANCE DATA: IMF, World Economic Outlook"
XGOVEXP.IMF,AGO,2006,Source,Data sources,Country's submission to UIS SFE Questionnaire B
XGOVEXP.IMF,AGO,2010,Data Status,Data reporting,"FINANCE DATA: IMF, World Economic Outlook"
XGOVEXP.IMF,AGO,2010,Source,Data sources,Country's submission to UIS SFE Questionnaire B
XGOVEXP.IMF,AGO,2012,Source,Data sources,"UIS Dynamic Template (mined data) based on ORCAMENTO GERAL DO ESTADO | 2012 (https://www.ucm.minfin.gov.ao/cs/groups/public/documents/document/zmlu/mdm1/~edisp/minfin035051.pdf)"
XGOVEXP.IMF,AGO,2013,Source,Data sources,"UIS Dynamic Template (mined data) based on ORCAMENTO GERAL DO ESTADO | 2013 (https://www.ucm.minfin.gov.ao/cs/groups/public/documents/document/zmlu/mdm1/~edisp/minfin035009.pdf)"
XGOVEXP.IMF,AGO,2015,Source,Data sources,"UIS Dynamic Template (mined data) based on ORCAMENTO GERAL DO ESTADO | 2015 (https://www.ucm.minfin.gov.ao/cs/groups/public/documents/document/zmlu/mdm0/~edisp/minfin034957.pdf)"
XGOVEXP.IMF,AGO,2016,Source,Data sources,"UIS Dynamic Template (mined data) based on ORCAMENTO GERAL DO ESTADO | 2016 (https://cms.minfin.gov.ao/api/assets/portal-minfin/21cd6e59-27cd-4f43-a7d4-ecf2b7ac7bac/)"
XGOVEXP.IMF,AGO,2017,Source,Data sources,"UIS Dynamic Template (mined data) based on ORCAMENTO GERAL DO ESTADO | 2017 (https://cms.minfin.gov.ao/api/assets/portal-minfin/c251eb64-1ab4-4f51-a7fa-c8056053d663/)"
XGOVEXP.IMF,AGO,2018,Source,Data sources,"UIS Dynamic Template (mined data) based on ORCAMENTO GERAL DO ESTADO | 2018 (https://cms.minfin.gov.ao/api/assets/portal-minfin/91118f90-dce0-482c-82e2-5037aef687e4/)"
XGOVEXP.IMF,AGO,2019,Source,Data sources,"UIS Dynamic Template (mined data) based on ORCAMENTO GERAL DO ESTADO | 2019 (https://www.ucm.minfin.gov.ao/cs/groups/public/documents/document/aw4x/mtqy/~edisp/minfin1142298.pdf)"
XGOVEXP.IMF,AGO,2020,Source,Data sources,"UIS Dynamic Template (mined data) based on ORCAMENTO GERAL DO ESTADO | 2020 (https://cms.minfin.gov.ao/api/assets/portal-minfin/7056de18-3743-4e13-b23f-8229fee09041/)"
XGOVEXP.IMF,AGO,2021,Source,Data sources,"UIS Dynamic Template (mined data) based on ORCAMENTO GERAL DO ESTADO | 2021 (https://cms.minfin.gov.ao/api/assets/portal-minfin/2aff3481-7ad4-40bc-a310-81d99a2f158a/)"
XGOVEXP.IMF,AGO,2022,Source,Data sources,"UIS Dynamic Template (mined data) based on ORCAMENTO GERAL DO ESTADO | 2022 (https://cms.minfin.gov.ao/api/assets/portal-minfin/86c20bcc-05e2-4b04-8e9a-89151ba7f3c9/)"
XGOVEXP.IMF,AGO,2023,Source,Data sources,"UIS Dynamic Template (mined data) based on ORCAMENTO GERAL DO ESTADO | 2023 (https://cms.minfin.gov.ao/api/assets/portal-minfin/0e9eb86c-1716-4c15-ba27-536560f8a315/)"
XGOVEXP.IMF,AGO,2024,Source,Data sources,"UIS Dynamic Template (mined data) based on ORCAMENTO GERAL DO ESTADO | 2024 (https://cms.minfin.gov.ao/api/assets/portal-minfin/770a3cd4-2070-4d63-b8dc-a1dfc41fd65e/)"
XGOVEXP.IMF,AGO,2025,Source,Data sources,"UIS Dynamic Template (mined data) based on ORCAMENTO GERAL DO ESTADO | 2025 - Lei n 18/24 (https://www.minfin.gov.ao/legislacoes/legislacao/1f49aac0-af14-4055-b936-e93ec6402a92)"
XGOVEXP.IMF,AIA,2013,Source,Data sources,"UIS Dynamic template based on Estimates of Recurrent Revenue, Expenditure and Capital (http://www.gov.ai/documents/budget/Budget_2013.pdf ; http://www.gov.ai/documents/budget/2014_Budget(FINAL).pdf)"
XGOVEXP.IMF,AIA,2014,Source,Data sources,"UIS Dynamic template based on Estimates of Recurrent Revenue, Expenditure and Capital (http://www.gov.ai/documents/budget/2014_Budget(FINAL).pdf ; http://www.gov.ai/documents/budget/2015%20Budget%20Final.pdf)"
XGOVEXP.IMF,AIA,2015,Source,Data sources,"UIS Dynamic template based on Estimates of Recurrent Revenue, Expenditure and Capital (http://www.gov.ai/documents/budget/2015%20Budget%20Final.pdf)"
XGOVEXP.IMF,AIA,2016,Source,Data sources,"UIS Dynamic template based on Estimates of Recurrent Revenue, Expenditure and Capital (http://www.gov.ai/documents/finance/Final%202016%20Budget.pdf)"
XGOVEXP.IMF,AIA,2017,Source,Data sources,"UIS Dynamic template based on Estimates of Recurrent Revenue, Expenditure and Capital (http://www.gov.ai/documents/budget/2019%20GOA%20Budget.pdf ; http://www.gov.ai/documents/budget/2018%20Budget.pdf)"
XGOVEXP.IMF,AIA,2018,Source,Data sources,"UIS Dynamic template based on Estimates of Recurrent Revenue, Expenditure and Capital (http://www.gov.ai/documents/budget/2018%20Budget.pdf ; http://www.gov.ai/documents/budget/2019%20GOA%20Budget.pdf)"
XGOVEXP.IMF,AIA,2019,Source,Data sources,"UIS Dynamic template based on Estimates of Recurrent Revenue, Expenditure and Capital (http://www.gov.ai/documents/budget/2019%20GOA%20Budget.pdf)"
XGOVEXP.IMF,AIA,2020,Source,Data sources,"UIS Dynamic template based on Estimates of Recurrent Revenue, Expenditure and Capital (http://www.gov.ai/documents/finance/2022%20Budget.pdf ; http://www.gov.ai/documents/2021%20Budget.pdf)"
XGOVEXP.IMF,AIA,2021,Source,Data sources,"UIS Dynamic template based on Estimates of Recurrent Revenue, Expenditure and Capital (http://www.gov.ai/documents/2021%20Budget.pdf ; http://www.gov.ai/documents/finance/2022%20Budget.pdf)"
XGOVEXP.IMF,AIA,2022,Source,Data sources,UIS Dynamic template based on UIS Dynamic template
XGOVEXP.IMF,AIA,2023,Source,Data sources,UIS Dynamic template based on UIS Dynamic template
XGOVEXP.IMF,AIA,2024,Source,Data sources,"UIS Dynamic Template (mined data) based on Estimates of Recurrent Revenue, Expenditure and Capital (https://www.gov.ai/document/2024-09-09-022435_1388763330.pdf)"
XGOVEXP.IMF,ALB,2000,Data Status,Data reporting,"FINANCE DATA: IMF, World Economic Outlook"
XGOVEXP.IMF,ALB,2000,Source,Data sources,Country's submission to UIS SFE Questionnaire B
XGOVEXP.IMF,ALB,2001,Data Status,Data reporting,"FINANCE DATA: IMF, World Economic Outlook"
XGOVEXP.IMF,ALB,2001,Source,Data sources,Country's submission to UIS SFE Questionnaire B
XGOVEXP.IMF,ALB,2002,Data Status,Data reporting,"FINANCE DATA: IMF, World Economic Outlook"
XGOVEXP.IMF,ALB,2002,Source,Data sources,Country's submission to UIS SFE Questionnaire B
XGOVEXP.IMF,ALB,2003,Data Status,Data reporting,"FINANCE DATA: IMF, World Economic Outlook"
XGOVEXP.IMF,ALB,2003,Source,Data sources,Country's submission to UIS SFE Questionnaire B
XGOVEXP.IMF,ALB,2004,Data Status,Data reporting,"FINANCE DATA: IMF, World Economic Outlook"
XGOVEXP.IMF,ALB,2004,Source,Data sources,Country's submission to UIS SFE Questionnaire B
XGOVEXP.IMF,ALB,2005,Data Status,Data reporting,"FINANCE DATA: IMF, World Economic Outlook"
XGOVEXP.IMF,ALB,2005,Source,Data sources,Country's submission to UIS SFE Questionnaire B
XGOVEXP.IMF,ALB,2006,Data Status,Data reporting,"FINANCE DATA: IMF, World Economic Outlook"
XGOVEXP.IMF,ALB,2006,Source,Data sources,Country's submission to UIS SFE Questionnaire B
XGOVEXP.IMF,ALB,2007,Data Status,Data reporting,"FINANCE DATA: IMF, World Economic Outlook"
XGOVEXP.IMF,ALB,2007,Source,Data sources,Country's submission to UIS SFE Questionnaire B
XGOVEXP.IMF,ALB,2011,Source,Data sources,UIS Dynamic template based on Minstry of Finance (https://financa.gov.al/wp-content/uploads/2024/02/914GYQ14_2011-2.pdf)
XGOVEXP.IMF,ALB,2012,Source,Data sources,UIS Dynamic template based on Minstry of Finance (https://financa.gov.al/wp-content/uploads/2024/02/914GYQ14_2012-2.pdf)
XGOVEXP.IMF,ALB,2013,Data Status,Data reporting,"FINANCE DATA: IMF, World Economic Outlook"
XGOVEXP.IMF,ALB,2013,Source,Data sources,Country's submission to UIS SFE Questionnaire B
XGOVEXP.IMF,ALB,2014,Source,Data sources,UIS Dynamic template based on Minstry of Finance (https://financa.gov.al/wp-content/uploads/2024/02/914GYQ14_2014-2.pdf)
XGOVEXP.IMF,ALB,2015,Data Status,Data reporting,"FINANCE DATA: IMF, World Economic Outlook"
XGOVEXP.IMF,ALB,2015,Source,Data sources,Country's submission to UIS SFE Questionnaire B
XGOVEXP.IMF,ALB,2016,Data Status,Data reporting,"FINANCE DATA: IMF, World Economic Outlook"
XGOVEXP.IMF,ALB,2016,Source,Data sources,Country's submission to UIS SFE Questionnaire B
XGOVEXP.IMF,ALB,2017,Data Status,Data reporting,"FINANCE DATA: IMF, World Economic Outlook"
XGOVEXP.IMF,ALB,2017,Source,Data sources,Country's submission to UIS SFE Questionnaire B
XGOVEXP.IMF,ALB,2018,Source,Data sources,UIS Dynamic template based on Minstry of Finance (https://view.officeapps.live.com/op/view.aspx?src=https%3A%2F%2Ffinanca.gov.al%2Fwp-content%2Fuploads%2F2024%2F02%2F914GYQ14_2018-2.docx&wdOrigin=BROWSELINK)
XGOVEXP.IMF,ALB,2019,Data Status,Data reporting,"FINANCE DATA: IMF, World Economic Outlook"
XGOVEXP.IMF,ALB,2019,Source,Data sources,Country's submission to UIS SFE Questionnaire B
XGOVEXP.IMF,ALB,2020,Data Status,Data reporting,"FINANCE DATA: IMF, World Economic Outlook"
XGOVEXP.IMF,ALB,2020,Source,Data sources,Country's submission to UIS SFE Questionnaire B
XGOVEXP.IMF,ALB,2021,Data Status,Data reporting,"FINANCE DATA: IMF, World Economic Outlook"
XGOVEXP.IMF,ALB,2021,Source,Data sources,Country's submission to UIS SFE Questionnaire B
XGOVEXP.IMF,ALB,2022,Data Status,Data reporting,"FINANCE DATA: IMF, World Economic Outlook"
XGOVEXP.IMF,ALB,2022,Source,Data sources,Country's submission to UIS SFE Questionnaire B
XGOVEXP.IMF,ALB,2023,Data Status,Data reporting,"FINANCE DATA: IMF, World Economic Outlook"
XGOVEXP.IMF,ALB,2023,Source,Data sources,Country's submission to UIS SFE Questionnaire B
XGOVEXP.IMF,AND,2012,Source,Data sources,UIS Dynamic Template (mined data) based on Pressupost per a l'exercici 2012 (2012) (https://www.finances.ad/images/stories/Docs/Pressupost_2012.pdf)
XGOVEXP.IMF,AND,2013,Data Status,Data reporting,FINANCE DATA: National government expenditures data
XGOVEXP.IMF,AND,2013,Source,Data sources,Country's submission to UIS SFE Questionnaire B
XGOVEXP.IMF,AND,2014,Data Status,Data reporting,FINANCE DATA: National government expenditures data
XGOVEXP.IMF,AND,2014,Source,Data sources,Country's submission to UIS SFE Questionnaire B
XGOVEXP.IMF,AND,2015,Data Status,Data reporting,FINANCE DATA: National government expenditures data
XGOVEXP.IMF,AND,2015,Source,Data sources,Country's submission to UIS SFE Questionnaire B
XGOVEXP.IMF,AND,2016,Data Status,Data reporting,FINANCE DATA: National government expenditures data
XGOVEXP.IMF,AND,2016,Source,Data sources,Country's submission to UIS SFE Questionnaire B
XGOVEXP.IMF,AND,2017,Data Status,Data reporting,FINANCE DATA: National government expenditures data
XGOVEXP.IMF,AND,2017,Source,Data sources,Country's submission to UIS SFE Questionnaire B
XGOVEXP.IMF,AND,2018,Data Status,Data reporting,FINANCE DATA: National government expenditures data
XGOVEXP.IMF,AND,2018,Source,Data sources,Country's submission to UIS SFE Questionnaire B
XGOVEXP.IMF,AND,2019,Data Status,Data reporting,FINANCE DATA: National government expenditures data
XGOVEXP.IMF,AND,2019,Source,Data sources,Country's submission to UIS SFE Questionnaire B
XGOVEXP.IMF,AND,2020,Source,Data sources,"UIS Dynamic Template (mined data) based on Pressupost per a l'exercici 2020 (2020) (https://www.finances.ad/images/stories/Docs/Pressupost_2020.pdf, 2020)"
XGOVEXP.IMF,AND,2021,Source,Data sources,UIS Dynamic Template (mined data) based on Pressupost per a l'exercici 2022 (2022) (https://www.finances.ad/images/stories/Docs/Pressupost_2021.pdf)
XGOVEXP.IMF,AND,2022,Data Status,Data reporting,FINANCE DATA: National government expenditures data
XGOVEXP.IMF,AND,2022,Source,Data sources,Country's submission to UIS SFE Questionnaire B
XGOVEXP.IMF,AND,2023,Source,Data sources,UIS Dynamic Template (mined data) based on Pressupost per a l'exercici 2023 (2023) (https://www.finances.ad/images/stories/Docs/Pressupost_2023.pdf)
XGOVEXP.IMF,AND,2024,Source,Data sources,UIS Dynamic Template (mined data) based on Pressupost per a l'exercici 2024 (2024) (https://www.govern.ad/ca/ministeris-i-secretaries-d-estat/ministeri-de-finances/pressupostos-liquidacions)
XGOVEXP.IMF,AND,2025,Source,Data sources,UIS Dynamic Template (mined data) based on Pressupost per a l'exercici 2024 (2025) (https://www.govern.ad/ca/ministeris-i-secretaries-d-estat/ministeri-de-finances/pressupostos-liquidacions)
XGOVEXP.IMF,ARE,2019,Data Status,Data reporting,"FINANCE DATA: IMF, World Economic Outlook"
XGOVEXP.IMF,ARE,2019,Source,Data sources,Country's submission to UIS SFE Questionnaire B
XGOVEXP.IMF,ARE,2020,Data Status,Data reporting,"FINANCE DATA: IMF, World Economic Outlook"
XGOVEXP.IMF,ARE,2020,Source,Data sources,Country's submission to UIS SFE Questionnaire B
XGOVEXP.IMF,ARE,2021,Data Status,Data reporting,"FINANCE DATA: IMF, World Economic Outlook"
XGOVEXP.IMF,ARE,2021,Source,Data sources,Country's submission to UIS SFE Questionnaire B
XGOVEXP.IMF,ARG,2000,Data Status,Data reporting,"FINANCE DATA: IMF, World Economic Outlook"
XGOVEXP.IMF,ARG,2000,Source,Data sources,Country's submission to UIS SFE Questionnaire B
XGOVEXP.IMF,ARG,2001,Data Status,Data reporting,"FINANCE DATA: IMF, World Economic Outlook"
XGOVEXP.IMF,ARG,2001,Source,Data sources,Country's submission to UIS SFE Questionnaire B
XGOVEXP.IMF,ARG,2002,Data Status,Data reporting,"FINANCE DATA: IMF, World Economic Outlook"
XGOVEXP.IMF,ARG,2002,Source,Data sources,Country's submission to UIS SFE Questionnaire B
XGOVEXP.IMF,ARG,2003,Data Status,Data reporting,"FINANCE DATA: IMF, World Economic Outlook"
XGOVEXP.IMF,ARG,2003,Source,Data sources,Country's submission to UIS SFE Questionnaire B
XGOVEXP.IMF,ARG,2004,Data Status,Data reporting,"FINANCE DATA: IMF, World Economic Outlook"
XGOVEXP.IMF,ARG,2004,Source,Data sources,Country's submission to UIS SFE Questionnaire B
XGOVEXP.IMF,ARG,2005,Data Status,Data reporting,"FINANCE DATA: IMF, World Economic Outlook"
XGOVEXP.IMF,ARG,2005,Source,Data sources,Country's submission to UIS SFE Questionnaire B
XGOVEXP.IMF,ARG,2006,Data Status,Data reporting,"FINANCE DATA: IMF, World Economic Outlook"
XGOVEXP.IMF,ARG,2006,Source,Data sources,Country's submission to UIS SFE Questionnaire B
XGOVEXP.IMF,ARG,2007,Data Status,Data reporting,"FINANCE DATA: IMF, World Economic Outlook"
XGOVEXP.IMF,ARG,2007,Source,Data sources,Country's submission to UIS SFE Questionnaire B
XGOVEXP.IMF,ARG,2008,Data Status,Data reporting,"FINANCE DATA: IMF, World Economic Outlook"
XGOVEXP.IMF,ARG,2008,Source,Data sources,Country's submission to UIS SFE Questionnaire B
XGOVEXP.IMF,ARG,2009,Data Status,Data reporting,"FINANCE DATA: IMF, World Economic Outlook"
XGOVEXP.IMF,ARG,2009,Source,Data sources,Country's submission to UIS SFE Questionnaire B
XGOVEXP.IMF,ARG,2010,Data Status,Data reporting,"FINANCE DATA: IMF, World Economic Outlook"
XGOVEXP.IMF,ARG,2010,Source,Data sources,Country's submission to UIS SFE Questionnaire B
XGOVEXP.IMF,ARG,2011,Data Status,Data reporting,"FINANCE DATA: IMF, World Economic Outlook"
XGOVEXP.IMF,ARG,2011,Source,Data sources,Country's submission to UIS SFE Questionnaire B
XGOVEXP.IMF,ARG,2012,Data Status,Data reporting,"FINANCE DATA: IMF, World Economic Outlook"
XGOVEXP.IMF,ARG,2012,Source,Data sources,Country's submission to UIS SFE Questionnaire B
XGOVEXP.IMF,ARG,2013,Data Status,Data reporting,"FINANCE DATA: IMF, World Economic Outlook"
XGOVEXP.IMF,ARG,2013,Source,Data sources,Country's submission to UIS SFE Questionnaire B
XGOVEXP.IMF,ARG,2014,Data Status,Data reporting,"FINANCE DATA: IMF, World Economic Outlook"
XGOVEXP.IMF,ARG,2014,Source,Data sources,Country's submission to UIS SFE Questionnaire B
XGOVEXP.IMF,ARG,2015,Data Status,Data reporting,"FINANCE DATA: IMF, World Economic Outlook"
XGOVEXP.IMF,ARG,2015,Source,Data sources,Country's submission to UIS SFE Questionnaire B
XGOVEXP.IMF,ARG,2016,Data Status,Data reporting,"FINANCE DATA: IMF, World Economic Outlook"
XGOVEXP.IMF,ARG,2016,Source,Data sources,Country's submission to UIS SFE Questionnaire B
XGOVEXP.IMF,ARG,2017,Data Status,Data reporting,"FINANCE DATA: IMF, World Economic Outlook"
XGOVEXP.IMF,ARG,2017,Source,Data sources,Country's submission to UIS SFE Questionnaire B
XGOVEXP.IMF,ARG,2018,Data Status,Data reporting,"FINANCE DATA: IMF, World Economic Outlook"
XGOVEXP.IMF,ARG,2018,Source,Data sources,Country's submission to UIS SFE Questionnaire B
XGOVEXP.IMF,ARG,2019,Data Status,Data reporting,"FINANCE DATA: IMF, World Economic Outlook"
XGOVEXP.IMF,ARG,2019,Source,Data sources,Country's submission to UIS SFE Questionnaire B
XGOVEXP.IMF,ARG,2020,Data Status,Data reporting,"FINANCE DATA: IMF, World Economic Outlook"
XGOVEXP.IMF,ARG,2020,Source,Data sources,Country's submission to UIS SFE Questionnaire B
XGOVEXP.IMF,ARG,2021,Data Status,Data reporting,"FINANCE DATA: IMF, World Economic Outlook"
XGOVEXP.IMF,ARG,2021,Source,Data sources,Country's submission to UIS SFE Questionnaire B
XGOVEXP.IMF,ARG,2022,Data Status,Data reporting,"FINANCE DATA: IMF, World Economic Outlook"
XGOVEXP.IMF,ARG,2022,Source,Data sources,Country's submission to UIS SFE Questionnaire B
XGOVEXP.IMF,ARG,2023,Data Status,Data reporting,"FINANCE DATA: IMF, World Economic Outlook"
XGOVEXP.IMF,ARG,2023,Source,Data sources,Country's submission to UIS SFE Questionnaire B
XGOVEXP.IMF,ARM,2000,Data Status,Data reporting,"FINANCE DATA: IMF, World Economic Outlook"
XGOVEXP.IMF,ARM,2000,Source,Data sources,Country's submission to UIS SFE Questionnaire B
XGOVEXP.IMF,ARM,2001,Data Status,Data reporting,"FINANCE DATA: IMF, World Economic Outlook"
XGOVEXP.IMF,ARM,2001,Source,Data sources,Country's submission to UIS SFE Questionnaire B
XGOVEXP.IMF,ARM,2002,Data Status,Data reporting,"FINANCE DATA: IMF, World Economic Outlook"
XGOVEXP.IMF,ARM,2002,Source,Data sources,Country's submission to UIS SFE Questionnaire B
XGOVEXP.IMF,ARM,2003,Data Status,Data reporting,"FINANCE DATA: IMF, World Economic Outlook"
XGOVEXP.IMF,ARM,2003,Source,Data sources,Country's submission to UIS SFE Questionnaire B
XGOVEXP.IMF,ARM,2004,Data Status,Data reporting,"FINANCE DATA: IMF, World Economic Outlook"
XGOVEXP.IMF,ARM,2004,Source,Data sources,Country's submission to UIS SFE Questionnaire B
XGOVEXP.IMF,ARM,2005,Data Status,Data reporting,"FINANCE DATA: IMF, World Economic Outlook"
XGOVEXP.IMF,ARM,2005,Source,Data sources,Country's submission to UIS SFE Questionnaire B
XGOVEXP.IMF,ARM,2006,Data Status,Data reporting,"FINANCE DATA: IMF, World Economic Outlook"
XGOVEXP.IMF,ARM,2006,Source,Data sources,Country's submission to UIS SFE Questionnaire B
XGOVEXP.IMF,ARM,2007,Data Status,Data reporting,"FINANCE DATA: IMF, World Economic Outlook"
XGOVEXP.IMF,ARM,2007,Source,Data sources,Country's submission to UIS SFE Questionnaire B
XGOVEXP.IMF,ARM,2008,Data Status,Data reporting,"FINANCE DATA: IMF, World Economic Outlook"
XGOVEXP.IMF,ARM,2008,Source,Data sources,Country's submission to UIS SFE Questionnaire B
XGOVEXP.IMF,ARM,2009,Data Status,Data reporting,"FINANCE DATA: IMF, World Economic Outlook"
XGOVEXP.IMF,ARM,2009,Source,Data sources,Country's submission to UIS SFE Questionnaire B
XGOVEXP.IMF,ARM,2010,Data Status,Data reporting,"FINANCE DATA: IMF, World Economic Outlook"
XGOVEXP.IMF,ARM,2010,Source,Data sources,Country's submission to UIS SFE Questionnaire B
XGOVEXP.IMF,ARM,2011,Data Status,Data reporting,"FINANCE DATA: IMF, World Economic Outlook"
XGOVEXP.IMF,ARM,2011,Source,Data sources,Country's submission to UIS SFE Questionnaire B
XGOVEXP.IMF,ARM,2012,Data Status,Data reporting,"FINANCE DATA: IMF, World Economic Outlook"
XGOVEXP.IMF,ARM,2012,Source,Data sources,Country's submission to UIS SFE Questionnaire B
XGOVEXP.IMF,ARM,2013,Data Status,Data reporting,"FINANCE DATA: IMF, World Economic Outlook"
XGOVEXP.IMF,ARM,2013,Source,Data sources,Country's submission to UIS SFE Questionnaire B
XGOVEXP.IMF,ARM,2014,Data Status,Data reporting,"FINANCE DATA: IMF, World Economic Outlook"
XGOVEXP.IMF,ARM,2014,Source,Data sources,Country's submission to UIS SFE Questionnaire B
XGOVEXP.IMF,ARM,2015,Data Status,Data reporting,"FINANCE DATA: IMF, World Economic Outlook"
XGOVEXP.IMF,ARM,2015,Source,Data sources,Country's submission to UIS SFE Questionnaire B
XGOVEXP.IMF,ARM,2016,Data Status,Data reporting,"FINANCE DATA: IMF, World Economic Outlook"
XGOVEXP.IMF,ARM,2016,Source,Data sources,Country's submission to UIS SFE Questionnaire B
XGOVEXP.IMF,ARM,2017,Data Status,Data reporting,"FINANCE DATA: IMF, World Economic Outlook"
XGOVEXP.IMF,ARM,2017,Source,Data sources,Country's submission to UIS SFE Questionnaire B
XGOVEXP.IMF,ARM,2018,Source,Data sources,UIS Dynamic Template (mined data) based on Law on the 2018 state budget of the Republic of Armenia (https://www.gov.am/files/docs/2575.pdf)
XGOVEXP.IMF,ARM,2019,Source,Data sources,UIS Dynamic Template (mined data) based on Law on the 2019 state budget of the Republic of Armenia (https://www.gov.am/files/docs/3124.pdf)
XGOVEXP.IMF,ARM,2020,Data Status,Data reporting,"FINANCE DATA: IMF, World Economic Outlook"
XGOVEXP.IMF,ARM,2020,Source,Data sources,Country's submission to UIS SFE Questionnaire B
XGOVEXP.IMF,ARM,2021,Data Status,Data reporting,"FINANCE DATA: IMF, World Economic Outlook"
XGOVEXP.IMF,ARM,2021,Source,Data sources,Country's submission to UIS SFE Questionnaire B
XGOVEXP.IMF,ARM,2022,Data Status,Data reporting,"FINANCE DATA: IMF, World Economic Outlook"
XGOVEXP.IMF,ARM,2022,Source,Data sources,Country's submission to UIS SFE Questionnaire B
XGOVEXP.IMF,ARM,2023,Data Status,Data reporting,"FINANCE DATA: IMF, World Economic Outlook"
XGOVEXP.IMF,ARM,2023,Source,Data sources,Country's submission to UIS SFE Questionnaire B
XGOVEXP.IMF,ARM,2024,Source,Data sources,UIS Dynamic template based on UIS Dynamic template
XGOVEXP.IMF,ARM,2025,Source,Data sources,"UIS Dynamic Template (mined data) based on Interactive Budget 2025 (https://www.e-gov.am/interactive-budget/#{%22groupIndex%22:%229%22,%22subGroupIndex%22:1,%22classIndex%22:null,%22programIndex%22:null,%22minIndex%22:null})"
XGOVEXP.IMF,ATG,2002,Data Status,Data reporting,"FINANCE DATA: IMF, World Economic Outlook"
XGOVEXP.IMF,ATG,2002,Source,Data sources,Country's submission to UIS SFE Questionnaire B
XGOVEXP.IMF,ATG,2009,Data Status,Data reporting,"FINANCE DATA: IMF, World Economic Outlook"
XGOVEXP.IMF,ATG,2009,Source,Data sources,Country's submission to UIS SFE Questionnaire B
XGOVEXP.IMF,ATG,2012,Source,Data sources,UIS Dynamic template based on Antigua and Barbuda Education Statistical Digest 2012-2015 (https://statistics.gov.ag/wp-content/uploads/2017/11/Education-Statistical-Digest-2012-2015.pdf)
XGOVEXP.IMF,ATG,2013,Source,Data sources,UIS Dynamic template based on Antigua and Barbuda Education Statistical Digest 2012-2015 (https://statistics.gov.ag/wp-content/uploads/2017/11/Education-Statistical-Digest-2012-2015.pdf)
XGOVEXP.IMF,ATG,2014,Source,Data sources,UIS Dynamic template based on Antigua Budget 2016; Barbuda Budget 2016; Antigua and Barbuda Education Statistical Digest 2012-2015 (https://ab.gov.ag/pdf/budget/2016_Antigua_Estimates.pdf)
XGOVEXP.IMF,ATG,2015,Source,Data sources,UIS Dynamic template based on Antigua Budget 2017; Barbuda Budget 2017 (https://ab.gov.ag/pdf/budget/2017_Antigua_Estimates.pdf)
XGOVEXP.IMF,ATG,2016,Source,Data sources,UIS Dynamic template based on Antigua Budget 2018; Barbuda Budget 2018 (https://ab.gov.ag/pdf/budget/2018_Antigua_Estimates.pdf)
XGOVEXP.IMF,ATG,2017,Source,Data sources,UIS Dynamic template based on Antigua Budget 2019; Barbuda Budget 2019 (https://ab.gov.ag/pdf/budget/2019_Antigua_Estimates.pdf)
XGOVEXP.IMF,ATG,2018,Source,Data sources,UIS Dynamic template based on Antigua Budget 2020; Barbuda Budget 2020 (https://ab.gov.ag/pdf/budget/2020_Antigua_Estimates.pdf)
XGOVEXP.IMF,ATG,2019,Source,Data sources,UIS Dynamic template based on Antigua Budget 2020; Barbuda Budget 2020 (https://ab.gov.ag/pdf/budget/2020_Antigua_Estimates.pdf)
XGOVEXP.IMF,ATG,2020,Source,Data sources,UIS Dynamic template based on 2022 Budget Estimates Recurrent & Development (https://ab.gov.ag/pdf/budget/2022_Antigua_Estimates.pdf)
XGOVEXP.IMF,ATG,2021,Source,Data sources,UIS Dynamic template based on 2023 Budget Estimates Recurrent & Development (https://ab.gov.ag/pdf/budget/2023_Antigua_Estimates.pdf)
XGOVEXP.IMF,ATG,2022,Source,Data sources,UIS Dynamic template based on 2024 Budget Estimates Recurrent & Development (https://ab.gov.ag/pdf/budget/2024_Antigua_Estimates.pdf)
XGOVEXP.IMF,ATG,2023,Source,Data sources,UIS Dynamic template based on 2024 Budget Estimates Recurrent & Development (https://ab.gov.ag/pdf/budget/2024_Antigua_Estimates.pdf)
XGOVEXP.IMF,ATG,2024,Source,Data sources,UIS Dynamic template based on 2024 Budget Estimates Recurrent & Development (https://ab.gov.ag/pdf/budget/2024_Antigua_Estimates.pdf)
XGOVEXP.IMF,ATG,2025,Source,Data sources,UIS Dynamic Template (mined data) based on 2025 Budget Estimates Recurrent & Development (https://ab.gov.ag/pdf/budget/2025_Antigua_Estimates.pdf)
XGOVEXP.IMF,AUS,2020,Data Status,Data reporting,"FINANCE DATA: IMF, World Economic Outlook"
XGOVEXP.IMF,AUS,2020,Source,Data sources,Country's submission to UNESCO OECD Eurostat (UOE) joint data collection
XGOVEXP.IMF,AUS,2021,Data Status,Data reporting,"FINANCE DATA: IMF, World Economic Outlook"
XGOVEXP.IMF,AUS,2021,Source,Data sources,Country's submission to UNESCO OECD Eurostat (UOE) joint data collection
XGOVEXP.IMF,AUS,2022,Data Status,Data reporting,"FINANCE DATA: IMF, World Economic Outlook"
XGOVEXP.IMF,AUS,2022,Source,Data sources,Country's submission to UNESCO OECD Eurostat (UOE) joint data collection
XGOVEXP.IMF,AUT,2000,Data Status,Data reporting,"FINANCE DATA: IMF, World Economic Outlook"
XGOVEXP.IMF,AUT,2000,Source,Data sources,Country's submission to UNESCO OECD Eurostat (UOE) joint data collection
XGOVEXP.IMF,AUT,2001,Data Status,Data reporting,"FINANCE DATA: IMF, World Economic Outlook"
XGOVEXP.IMF,AUT,2001,Source,Data sources,Country's submission to UNESCO OECD Eurostat (UOE) joint data collection
XGOVEXP.IMF,AUT,2002,Data Status,Data reporting,"FINANCE DATA: IMF, World Economic Outlook"
XGOVEXP.IMF,AUT,2002,Source,Data sources,Country's submission to UNESCO OECD Eurostat (UOE) joint data collection
XGOVEXP.IMF,AUT,2003,Data Status,Data reporting,"FINANCE DATA: IMF, World Economic Outlook"
XGOVEXP.IMF,AUT,2003,Source,Data sources,Country's submission to UNESCO OECD Eurostat (UOE) joint data collection
XGOVEXP.IMF,AUT,2004,Data Status,Data reporting,"FINANCE DATA: IMF, World Economic Outlook"
XGOVEXP.IMF,AUT,2004,Source,Data sources,Country's submission to UNESCO OECD Eurostat (UOE) joint data collection
XGOVEXP.IMF,AUT,2005,Data Status,Data reporting,"FINANCE DATA: IMF, World Economic Outlook"
XGOVEXP.IMF,AUT,2005,Source,Data sources,Country's submission to UNESCO OECD Eurostat (UOE) joint data collection
XGOVEXP.IMF,AUT,2006,Data Status,Data reporting,"FINANCE DATA: IMF, World Economic Outlook"
XGOVEXP.IMF,AUT,2006,Source,Data sources,Country's submission to UNESCO OECD Eurostat (UOE) joint data collection
XGOVEXP.IMF,AUT,2007,Data Status,Data reporting,"FINANCE DATA: IMF, World Economic Outlook"
XGOVEXP.IMF,AUT,2007,Source,Data sources,Country's submission to UNESCO OECD Eurostat (UOE) joint data collection
XGOVEXP.IMF,AUT,2008,Data Status,Data reporting,"FINANCE DATA: IMF, World Economic Outlook"
XGOVEXP.IMF,AUT,2008,Source,Data sources,Country's submission to UNESCO OECD Eurostat (UOE) joint data collection
XGOVEXP.IMF,AUT,2009,Data Status,Data reporting,"FINANCE DATA: IMF, World Economic Outlook"
XGOVEXP.IMF,AUT,2009,Source,Data sources,Country's submission to UNESCO OECD Eurostat (UOE) joint data collection
XGOVEXP.IMF,AUT,2010,Data Status,Data reporting,"FINANCE DATA: IMF, World Economic Outlook"
XGOVEXP.IMF,AUT,2010,Source,Data sources,Country's submission to UNESCO OECD Eurostat (UOE) joint data collection
XGOVEXP.IMF,AUT,2011,Data Status,Data reporting,"FINANCE DATA: IMF, World Economic Outlook"
XGOVEXP.IMF,AUT,2011,Source,Data sources,Country's submission to UNESCO OECD Eurostat (UOE) joint data collection
XGOVEXP.IMF,AUT,2012,Data Status,Data reporting,"FINANCE DATA: IMF, World Economic Outlook"
XGOVEXP.IMF,AUT,2012,Source,Data sources,Country's submission to UNESCO OECD Eurostat (UOE) joint data collection
XGOVEXP.IMF,AUT,2013,Data Status,Data reporting,"FINANCE DATA: IMF, World Economic Outlook"
XGOVEXP.IMF,AUT,2013,Source,Data sources,Country's submission to UNESCO OECD Eurostat (UOE) joint data collection
XGOVEXP.IMF,AUT,2014,Data Status,Data reporting,"FINANCE DATA: IMF, World Economic Outlook"
XGOVEXP.IMF,AUT,2014,Source,Data sources,Country's submission to UNESCO OECD Eurostat (UOE) joint data collection
XGOVEXP.IMF,AUT,2015,Data Status,Data reporting,"FINANCE DATA: IMF, World Economic Outlook"
XGOVEXP.IMF,AUT,2015,Source,Data sources,Country's submission to UNESCO OECD Eurostat (UOE) joint data collection
XGOVEXP.IMF,AUT,2016,Data Status,Data reporting,"FINANCE DATA: IMF, World Economic Outlook"
XGOVEXP.IMF,AUT,2016,Source,Data sources,Country's submission to UNESCO OECD Eurostat (UOE) joint data collection
XGOVEXP.IMF,AUT,2017,Data Status,Data reporting,"FINANCE DATA: IMF, World Economic Outlook"
XGOVEXP.IMF,AUT,2017,Source,Data sources,Country's submission to UNESCO OECD Eurostat (UOE) joint data collection
XGOVEXP.IMF,AUT,2018,Data Status,Data reporting,"FINANCE DATA: IMF, World Economic Outlook"
XGOVEXP.IMF,AUT,2018,Source,Data sources,Country's submission to UNESCO OECD Eurostat (UOE) joint data collection
XGOVEXP.IMF,AUT,2019,Data Status,Data reporting,"FINANCE DATA: IMF, World Economic Outlook"
XGOVEXP.IMF,AUT,2019,Source,Data sources,Country's submission to UNESCO OECD Eurostat (UOE) joint data collection
XGOVEXP.IMF,AUT,2020,Data Status,Data reporting,"FINANCE DATA: IMF, World Economic Outlook"
XGOVEXP.IMF,AUT,2020,Source,Data sources,Country's submission to UNESCO OECD Eurostat (UOE) joint data collection
XGOVEXP.IMF,AUT,2021,Data Status,Data reporting,"FINANCE DATA: IMF, World Economic Outlook"
XGOVEXP.IMF,AUT,2021,Source,Data sources,Country's submission to UNESCO OECD Eurostat (UOE) joint data collection
XGOVEXP.IMF,AUT,2022,Data Status,Data reporting,"FINANCE DATA: IMF, World Economic Outlook"
XGOVEXP.IMF,AUT,2022,Source,Data sources,Country's submission to UNESCO OECD Eurostat (UOE) joint data collection
XGOVEXP.IMF,AZE,2000,Data Status,Data reporting,"FINANCE DATA: IMF, World Economic Outlook"
XGOVEXP.IMF,AZE,2000,Source,Data sources,Country's submission to UIS SFE Questionnaire B
XGOVEXP.IMF,AZE,2001,Data Status,Data reporting,"FINANCE DATA: IMF, World Economic Outlook"
XGOVEXP.IMF,AZE,2001,Source,Data sources,Country's submission to UIS SFE Questionnaire B
XGOVEXP.IMF,AZE,2002,Data Status,Data reporting,"FINANCE DATA: IMF, World Economic Outlook"
XGOVEXP.IMF,AZE,2002,Source,Data sources,Country's submission to UIS SFE Questionnaire B
XGOVEXP.IMF,AZE,2003,Data Status,Data reporting,"FINANCE DATA: IMF, World Economic Outlook"
XGOVEXP.IMF,AZE,2003,Source,Data sources,Country's submission to UIS SFE Questionnaire B
XGOVEXP.IMF,AZE,2004,Data Status,Data reporting,"FINANCE DATA: IMF, World Economic Outlook"
XGOVEXP.IMF,AZE,2004,Source,Data sources,Country's submission to UIS SFE Questionnaire B
XGOVEXP.IMF,AZE,2005,Data Status,Data reporting,"FINANCE DATA: IMF, World Economic Outlook"
XGOVEXP.IMF,AZE,2005,Source,Data sources,Country's submission to UIS SFE Questionnaire B
XGOVEXP.IMF,AZE,2006,Data Status,Data reporting,"FINANCE DATA: IMF, World Economic Outlook"
XGOVEXP.IMF,AZE,2006,Source,Data sources,Country's submission to UIS SFE Questionnaire B
XGOVEXP.IMF,AZE,2007,Data Status,Data reporting,"FINANCE DATA: IMF, World Economic Outlook"
XGOVEXP.IMF,AZE,2007,Source,Data sources,Country's submission to UIS SFE Questionnaire B
XGOVEXP.IMF,AZE,2008,Data Status,Data reporting,"FINANCE DATA: IMF, World Economic Outlook"
XGOVEXP.IMF,AZE,2008,Source,Data sources,Country's submission to UIS SFE Questionnaire B
XGOVEXP.IMF,AZE,2009,Data Status,Data reporting,"FINANCE DATA: IMF, World Economic Outlook"
XGOVEXP.IMF,AZE,2009,Source,Data sources,Country's submission to UIS SFE Questionnaire B
XGOVEXP.IMF,AZE,2010,Data Status,Data reporting,"FINANCE DATA: IMF, World Economic Outlook"
XGOVEXP.IMF,AZE,2010,Source,Data sources,Country's submission to UIS SFE Questionnaire B
XGOVEXP.IMF,AZE,2011,Data Status,Data reporting,"FINANCE DATA: IMF, World Economic Outlook"
XGOVEXP.IMF,AZE,2011,Source,Data sources,Country's submission to UIS SFE Questionnaire B
XGOVEXP.IMF,AZE,2012,Data Status,Data reporting,"FINANCE DATA: IMF, World Economic Outlook"
XGOVEXP.IMF,AZE,2012,Source,Data sources,Country's submission to UIS SFE Questionnaire B
XGOVEXP.IMF,AZE,2013,Data Status,Data reporting,"FINANCE DATA: IMF, World Economic Outlook"
XGOVEXP.IMF,AZE,2013,Source,Data sources,Country's submission to UIS SFE Questionnaire B
XGOVEXP.IMF,AZE,2014,Data Status,Data reporting,"FINANCE DATA: IMF, World Economic Outlook"
XGOVEXP.IMF,AZE,2014,Source,Data sources,Country's submission to UIS SFE Questionnaire B
XGOVEXP.IMF,AZE,2015,Data Status,Data reporting,"FINANCE DATA: IMF, World Economic Outlook"
XGOVEXP.IMF,AZE,2015,Source,Data sources,Country's submission to UIS SFE Questionnaire B
XGOVEXP.IMF,AZE,2016,Data Status,Data reporting,"FINANCE DATA: IMF, World Economic Outlook"
XGOVEXP.IMF,AZE,2016,Source,Data sources,Country's submission to UIS SFE Questionnaire B
XGOVEXP.IMF,AZE,2017,Data Status,Data reporting,"FINANCE DATA: IMF, World Economic Outlook"
XGOVEXP.IMF,AZE,2017,Source,Data sources,Country's submission to UIS SFE Questionnaire B
XGOVEXP.IMF,AZE,2018,Data Status,Data reporting,"FINANCE DATA: IMF, World Economic Outlook"
XGOVEXP.IMF,AZE,2018,Source,Data sources,Country's submission to UIS SFE Questionnaire B
XGOVEXP.IMF,AZE,2019,Data Status,Data reporting,"FINANCE DATA: IMF, World Economic Outlook"
XGOVEXP.IMF,AZE,2019,Source,Data sources,Country's submission to UIS SFE Questionnaire B
XGOVEXP.IMF,AZE,2020,Data Status,Data reporting,"FINANCE DATA: IMF, World Economic Outlook"
XGOVEXP.IMF,AZE,2020,Source,Data sources,Country's submission to UIS SFE Questionnaire B
XGOVEXP.IMF,AZE,2021,Data Status,Data reporting,"FINANCE DATA: IMF, World Economic Outlook"
XGOVEXP.IMF,AZE,2021,Source,Data sources,Country's submission to UIS SFE Questionnaire B
XGOVEXP.IMF,AZE,2022,Data Status,Data reporting,"FINANCE DATA: IMF, World Economic Outlook"
XGOVEXP.IMF,AZE,2022,Source,Data sources,Country's submission to UIS SFE Questionnaire B
XGOVEXP.IMF,AZE,2023,Data Status,Data reporting,"FINANCE DATA: IMF, World Economic Outlook"
XGOVEXP.IMF,AZE,2023,Source,Data sources,Country's submission to UIS SFE Questionnaire B
XGOVEXP.IMF,AZE,2024,Source,Data sources,UIS Dynamic Template (mined data) based on Law on the state budget of the Republic of Azerbaijan for 2024 (https://maliyye.gov.az/static/103/dovlet-budcesi-haqqinda-qanunlar-ve-fermanlar)
XGOVEXP.IMF,AZE,2025,Source,Data sources,UIS Dynamic Template (mined data) based on Law on the state budget of the Republic of Azerbaijan for 2025 (https://maliyye.gov.az/static/103/dovlet-budcesi-haqqinda-qanunlar-ve-fermanlar)
XGOVEXP.IMF,BDI,2000,Data Status,Data reporting,"FINANCE DATA: IMF, World Economic Outlook"
XGOVEXP.IMF,BDI,2000,Source,Data sources,Country's submission to UIS SFE Questionnaire B
XGOVEXP.IMF,BDI,2001,Data Status,Data reporting,"FINANCE DATA: IMF, World Economic Outlook"
XGOVEXP.IMF,BDI,2001,Source,Data sources,Country's submission to UIS SFE Questionnaire B
XGOVEXP.IMF,BDI,2002,Data Status,Data reporting,"FINANCE DATA: IMF, World Economic Outlook"
XGOVEXP.IMF,BDI,2002,Source,Data sources,Country's submission to UIS SFE Questionnaire B
XGOVEXP.IMF,BDI,2004,Data Status,Data reporting,"FINANCE DATA: IMF, World Economic Outlook"
XGOVEXP.IMF,BDI,2004,Source,Data sources,Country's submission to UIS SFE Questionnaire B
XGOVEXP.IMF,BDI,2005,Data Status,Data reporting,"FINANCE DATA: IMF, World Economic Outlook"
XGOVEXP.IMF,BDI,2005,Source,Data sources,Country's submission to UIS SFE Questionnaire B
XGOVEXP.IMF,BDI,2008,Data Status,Data reporting,"FINANCE DATA: IMF, World Economic Outlook"
XGOVEXP.IMF,BDI,2008,Source,Data sources,Country's submission to UIS SFE Questionnaire B
XGOVEXP.IMF,BDI,2009,Data Status,Data reporting,"FINANCE DATA: IMF, World Economic Outlook"
XGOVEXP.IMF,BDI,2009,Source,Data sources,Country's submission to UIS SFE Questionnaire B
XGOVEXP.IMF,BDI,2010,Data Status,Data reporting,"FINANCE DATA: IMF, World Economic Outlook"
XGOVEXP.IMF,BDI,2010,Source,Data sources,Country's submission to UIS SFE Questionnaire B
XGOVEXP.IMF,BDI,2011,Data Status,Data reporting,"FINANCE DATA: IMF, World Economic Outlook"
XGOVEXP.IMF,BDI,2011,Source,Data sources,Country's submission to UIS SFE Questionnaire B
XGOVEXP.IMF,BDI,2012,Data Status,Data reporting,"FINANCE DATA: IMF, World Economic Outlook"
XGOVEXP.IMF,BDI,2012,Source,Data sources,Country's submission to UIS SFE Questionnaire B
XGOVEXP.IMF,BDI,2013,Data Status,Data reporting,"FINANCE DATA: IMF, World Economic Outlook"
XGOVEXP.IMF,BDI,2013,Source,Data sources,Country's submission to UIS SFE Questionnaire B
XGOVEXP.IMF,BDI,2014,Data Status,Data reporting,"FINANCE DATA: IMF, World Economic Outlook"
XGOVEXP.IMF,BDI,2014,Source,Data sources,Country's submission to UIS SFE Questionnaire B
XGOVEXP.IMF,BDI,2015,Data Status,Data reporting,"FINANCE DATA: IMF, World Economic Outlook"
XGOVEXP.IMF,BDI,2015,Source,Data sources,Country's submission to UIS SFE Questionnaire B
XGOVEXP.IMF,BDI,2016,Data Status,Data reporting,"FINANCE DATA: IMF, World Economic Outlook"
XGOVEXP.IMF,BDI,2016,Source,Data sources,Country's submission to UIS SFE Questionnaire B
XGOVEXP.IMF,BDI,2017,Data Status,Data reporting,"FINANCE DATA: IMF, World Economic Outlook"
XGOVEXP.IMF,BDI,2017,Source,Data sources,Country's submission to UIS SFE Questionnaire B
XGOVEXP.IMF,BDI,2018,Data Status,Data reporting,"FINANCE DATA: IMF, World Economic Outlook"
XGOVEXP.IMF,BDI,2018,Source,Data sources,Country's submission to UIS SFE Questionnaire B
XGOVEXP.IMF,BDI,2019,Source,Data sources,UIS Dynamic Template (mined data) based on Budget general des recettes et des depenses ordinaires et en capital (http://finances.gov.bi/wp-content/uploads/2021/01/Loi-budgetaire-2018_2019.pdf)
XGOVEXP.IMF,BDI,2020,Source,Data sources,UIS Dynamic Template (mined data) based on Budget general des recettes et des depenses ordinaires et en capital (http://finances.gov.bi/wp-content/uploads/2021/01/fixation-du-budget-general-2019-2020.pdf)
XGOVEXP.IMF,BDI,2021,Source,Data sources,UIS Dynamic Template (mined data) based on Budget general des recettes et des depenses ordinaires et en capital (http://finances.gov.bi/wp-content/uploads/2021/01/loi-des-finances-2020-2021_2020-07-08_1142_1.pdf)
XGOVEXP.IMF,BDI,2022,Source,Data sources,UIS Dynamic Template (mined data) based on Budget general des recettes et des depenses ordinaires et en capital (http://finances.gov.bi/wp-content/uploads/2021/07/Loi-portant-fixation-du-Budget-General-de-la-Republique-du-Burundi-Exercice-2021-2022-compressed-1.pdf)
XGOVEXP.IMF,BDI,2025,Data Status,Data reporting,"FINANCE DATA: IMF, World Economic Outlook"
XGOVEXP.IMF,BDI,2025,Source,Data sources,Country's submission to UIS SFE Questionnaire B
XGOVEXP.IMF,BEL,2005,Data Status,Data reporting,"FINANCE DATA: IMF, World Economic Outlook"
XGOVEXP.IMF,BEL,2005,Source,Data sources,Country's submission to UNESCO OECD Eurostat (UOE) joint data collection
XGOVEXP.IMF,BEL,2008,Data Status,Data reporting,"FINANCE DATA: IMF, World Economic Outlook"
XGOVEXP.IMF,BEL,2008,Source,Data sources,Country's submission to UNESCO OECD Eurostat (UOE) joint data collection
XGOVEXP.IMF,BEL,2009,Data Status,Data reporting,"FINANCE DATA: IMF, World Economic Outlook"
XGOVEXP.IMF,BEL,2009,Source,Data sources,Country's submission to UNESCO OECD Eurostat (UOE) joint data collection
XGOVEXP.IMF,BEL,2010,Data Status,Data reporting,"FINANCE DATA: IMF, World Economic Outlook"
XGOVEXP.IMF,BEL,2010,Source,Data sources,Country's submission to UNESCO OECD Eurostat (UOE) joint data collection
XGOVEXP.IMF,BEL,2011,Data Status,Data reporting,"FINANCE DATA: IMF, World Economic Outlook"
XGOVEXP.IMF,BEL,2011,Source,Data sources,Country's submission to UNESCO OECD Eurostat (UOE) joint data collection
XGOVEXP.IMF,BEL,2012,Data Status,Data reporting,"FINANCE DATA: IMF, World Economic Outlook"
XGOVEXP.IMF,BEL,2012,Source,Data sources,Country's submission to UNESCO OECD Eurostat (UOE) joint data collection
XGOVEXP.IMF,BEL,2013,Data Status,Data reporting,"FINANCE DATA: IMF, World Economic Outlook"
XGOVEXP.IMF,BEL,2013,Source,Data sources,Country's submission to UNESCO OECD Eurostat (UOE) joint data collection
XGOVEXP.IMF,BEL,2014,Data Status,Data reporting,"FINANCE DATA: IMF, World Economic Outlook"
XGOVEXP.IMF,BEL,2014,Source,Data sources,Country's submission to UNESCO OECD Eurostat (UOE) joint data collection
XGOVEXP.IMF,BEL,2015,Data Status,Data reporting,"FINANCE DATA: IMF, World Economic Outlook"
XGOVEXP.IMF,BEL,2015,Source,Data sources,Country's submission to UNESCO OECD Eurostat (UOE) joint data collection
XGOVEXP.IMF,BEL,2016,Data Status,Data reporting,"FINANCE DATA: IMF, World Economic Outlook"
XGOVEXP.IMF,BEL,2016,Source,Data sources,Country's submission to UNESCO OECD Eurostat (UOE) joint data collection
XGOVEXP.IMF,BEL,2017,Data Status,Data reporting,"FINANCE DATA: IMF, World Economic Outlook"
XGOVEXP.IMF,BEL,2017,Source,Data sources,Country's submission to UNESCO OECD Eurostat (UOE) joint data collection
XGOVEXP.IMF,BEL,2018,Data Status,Data reporting,"FINANCE DATA: IMF, World Economic Outlook"
XGOVEXP.IMF,BEL,2018,Source,Data sources,Country's submission to UNESCO OECD Eurostat (UOE) joint data collection
XGOVEXP.IMF,BEL,2019,Data Status,Data reporting,"FINANCE DATA: IMF, World Economic Outlook"
XGOVEXP.IMF,BEL,2019,Source,Data sources,Country's submission to UNESCO OECD Eurostat (UOE) joint data collection
XGOVEXP.IMF,BEL,2020,Data Status,Data reporting,"FINANCE DATA: IMF, World Economic Outlook"
XGOVEXP.IMF,BEL,2020,Source,Data sources,Country's submission to UNESCO OECD Eurostat (UOE) joint data collection
XGOVEXP.IMF,BEL,2021,Data Status,Data reporting,"FINANCE DATA: IMF, World Economic Outlook"
XGOVEXP.IMF,BEL,2021,Source,Data sources,Country's submission to UNESCO OECD Eurostat (UOE) joint data collection
XGOVEXP.IMF,BEL,2022,Data Status,Data reporting,"FINANCE DATA: IMF, World Economic Outlook"
XGOVEXP.IMF,BEL,2022,Source,Data sources,Country's submission to UNESCO OECD Eurostat (UOE) joint data collection
XGOVEXP.IMF,BEN,2000,Data Status,Data reporting,"FINANCE DATA: IMF, World Economic Outlook"
XGOVEXP.IMF,BEN,2000,Source,Data sources,Country's submission to UIS SFE Questionnaire B
XGOVEXP.IMF,BEN,2001,Data Status,Data reporting,"FINANCE DATA: IMF, World Economic Outlook"
XGOVEXP.IMF,BEN,2001,Source,Data sources,Country's submission to UIS SFE Questionnaire B
XGOVEXP.IMF,BEN,2002,Data Status,Data reporting,"FINANCE DATA: IMF, World Economic Outlook"
XGOVEXP.IMF,BEN,2002,Source,Data sources,Country's submission to UIS SFE Questionnaire B
XGOVEXP.IMF,BEN,2003,Data Status,Data reporting,"FINANCE DATA: IMF, World Economic Outlook"
XGOVEXP.IMF,BEN,2003,Source,Data sources,Country's submission to UIS SFE Questionnaire B
XGOVEXP.IMF,BEN,2004,Data Status,Data reporting,"FINANCE DATA: IMF, World Economic Outlook"
XGOVEXP.IMF,BEN,2004,Source,Data sources,Country's submission to UIS SFE Questionnaire B
XGOVEXP.IMF,BEN,2005,Data Status,Data reporting,"FINANCE DATA: IMF, World Economic Outlook"
XGOVEXP.IMF,BEN,2005,Source,Data sources,Country's submission to UIS SFE Questionnaire B
XGOVEXP.IMF,BEN,2006,Data Status,Data reporting,"FINANCE DATA: IMF, World Economic Outlook"
XGOVEXP.IMF,BEN,2006,Source,Data sources,Country's submission to UIS SFE Questionnaire B
XGOVEXP.IMF,BEN,2007,Data Status,Data reporting,"FINANCE DATA: IMF, World Economic Outlook"
XGOVEXP.IMF,BEN,2007,Source,Data sources,Country's submission to UIS SFE Questionnaire B
XGOVEXP.IMF,BEN,2008,Data Status,Data reporting,"FINANCE DATA: IMF, World Economic Outlook"
XGOVEXP.IMF,BEN,2008,Source,Data sources,Country's submission to UIS SFE Questionnaire B
XGOVEXP.IMF,BEN,2009,Data Status,Data reporting,"FINANCE DATA: IMF, World Economic Outlook"
XGOVEXP.IMF,BEN,2009,Source,Data sources,Country's submission to UIS SFE Questionnaire B
XGOVEXP.IMF,BEN,2010,Data Status,Data reporting,"FINANCE DATA: IMF, World Economic Outlook"
XGOVEXP.IMF,BEN,2010,Source,Data sources,Country's submission to UIS SFE Questionnaire B
XGOVEXP.IMF,BEN,2012,Data Status,Data reporting,"FINANCE DATA: IMF, World Economic Outlook"
XGOVEXP.IMF,BEN,2012,Source,Data sources,Country's submission to UIS SFE Questionnaire B
XGOVEXP.IMF,BEN,2013,Data Status,Data reporting,"FINANCE DATA: IMF, World Economic Outlook"
XGOVEXP.IMF,BEN,2013,Source,Data sources,Country's submission to UIS SFE Questionnaire B
XGOVEXP.IMF,BEN,2014,Data Status,Data reporting,"FINANCE DATA: IMF, World Economic Outlook"
XGOVEXP.IMF,BEN,2014,Source,Data sources,Country's submission to UIS SFE Questionnaire B
XGOVEXP.IMF,BEN,2015,Data Status,Data reporting,"FINANCE DATA: IMF, World Economic Outlook"
XGOVEXP.IMF,BEN,2015,Source,Data sources,Country's submission to UIS SFE Questionnaire B
XGOVEXP.IMF,BEN,2016,Data Status,Data reporting,"FINANCE DATA: IMF, World Economic Outlook"
XGOVEXP.IMF,BEN,2016,Source,Data sources,Country's submission to UIS SFE Questionnaire B
XGOVEXP.IMF,BEN,2017,Data Status,Data reporting,"FINANCE DATA: IMF, World Economic Outlook"
XGOVEXP.IMF,BEN,2017,Source,Data sources,Country's submission to UIS SFE Questionnaire B
XGOVEXP.IMF,BEN,2018,Data Status,Data reporting,"FINANCE DATA: IMF, World Economic Outlook"
XGOVEXP.IMF,BEN,2018,Source,Data sources,Country's submission to UIS SFE Questionnaire B
XGOVEXP.IMF,BEN,2019,Source,Data sources,UIS Dynamic Template (mined data) based on Rapport de fin dannee 2019 (RAPPORT-DE-FIN-DANNEE-2019.pdf (budgetbenin.bj))
XGOVEXP.IMF,BEN,2020,Source,Data sources,UIS Dynamic Template (mined data) based on Rapport de fin dannee 2020 (RAPPORT-FIN-ANNEE-2020.pdf (budgetbenin.bj))
XGOVEXP.IMF,BEN,2021,Source,Data sources,UIS Dynamic Template (mined data) based on Rapport de fin dannee 2021 (RFA-2021.pdf (budgetbenin.bj))
XGOVEXP.IMF,BEN,2022,Source,Data sources,"UIS Dynamic Template (mined data) based on Rapport de fin dannee 2022  (Rapport de fin dannee 2022 | Direction Generale du Budget - Benin (budgetbenin.bj))"
XGOVEXP.IMF,BEN,2023,Source,Data sources,UIS Dynamic Template (mined data) based on Rapport de fin dannee 2023 (https://budgetbenin.bj/wp-content/uploads/2024/03/RAPEX-31-DECEMBRE-2023.pdf)
XGOVEXP.IMF,BEN,2024,Source,Data sources,UIS Dynamic Template (mined data) based on
XGOVEXP.IMF,BEN,2025,Source,Data sources,"UIS Dynamic Template (mined data) based on Loi de Finances, gestion 2025 - Budget du citoyen (https://budgetbenin.bj/storage/2024/12/LF-2025-VN2.pdf)"
XGOVEXP.IMF,BFA,2005,Data Status,Data reporting,"FINANCE DATA: IMF, World Economic Outlook"
XGOVEXP.IMF,BFA,2005,Source,Data sources,Country's submission to UIS SFE Questionnaire B
XGOVEXP.IMF,BFA,2006,Data Status,Data reporting,"FINANCE DATA: IMF, World Economic Outlook"
XGOVEXP.IMF,BFA,2006,Source,Data sources,Country's submission to UIS SFE Questionnaire B
XGOVEXP.IMF,BFA,2007,Data Status,Data reporting,"FINANCE DATA: IMF, World Economic Outlook"
XGOVEXP.IMF,BFA,2007,Source,Data sources,Country's submission to UIS SFE Questionnaire B
XGOVEXP.IMF,BFA,2010,Data Status,Data reporting,"FINANCE DATA: IMF, World Economic Outlook"
XGOVEXP.IMF,BFA,2010,Source,Data sources,Country's submission to UIS SFE Questionnaire B
XGOVEXP.IMF,BFA,2011,Data Status,Data reporting,"FINANCE DATA: IMF, World Economic Outlook"
XGOVEXP.IMF,BFA,2011,Source,Data sources,Country's submission to UIS SFE Questionnaire B
XGOVEXP.IMF,BFA,2012,Data Status,Data reporting,"FINANCE DATA: IMF, World Economic Outlook"
XGOVEXP.IMF,BFA,2012,Source,Data sources,Country's submission to UIS SFE Questionnaire B
XGOVEXP.IMF,BFA,2013,Data Status,Data reporting,"FINANCE DATA: IMF, World Economic Outlook"
XGOVEXP.IMF,BFA,2013,Source,Data sources,Country's submission to UIS SFE Questionnaire B
XGOVEXP.IMF,BFA,2014,Data Status,Data reporting,"FINANCE DATA: IMF, World Economic Outlook"
XGOVEXP.IMF,BFA,2014,Source,Data sources,Country's submission to UIS SFE Questionnaire B
XGOVEXP.IMF,BFA,2015,Data Status,Data reporting,"FINANCE DATA: IMF, World Economic Outlook"
XGOVEXP.IMF,BFA,2015,Source,Data sources,Country's submission to UIS SFE Questionnaire B
XGOVEXP.IMF,BFA,2017,Data Status,Data reporting,"FINANCE DATA: IMF, World Economic Outlook"
XGOVEXP.IMF,BFA,2017,Source,Data sources,Country's submission to UIS SFE Questionnaire B
XGOVEXP.IMF,BFA,2018,Data Status,Data reporting,"FINANCE DATA: IMF, World Economic Outlook"
XGOVEXP.IMF,BFA,2018,Source,Data sources,Country's submission to UIS SFE Questionnaire B
XGOVEXP.IMF,BFA,2019,Source,Data sources,UIS Dynamic Template (mined data) based on Loi de Finances 2019 ; Tableau de Bord Budgetaire annuel 2021 (https://www.dgb.gov.bf/index.php?option=com_edocman&task=document.viewdoc&id=1583&Itemid= ; https://dgb.gov.bf/edocman/Tableau%20de%20Bord%20Annuel%20_2021_VF.pdf)
XGOVEXP.IMF,BFA,2020,Source,Data sources,UIS Dynamic Template (mined data) based on Loi de Finances 2020 ; Tableau de Bord Budgetaire annuel 2021 (https://www.dgb.gov.bf/index.php?option=com_edocman&task=document.viewdoc&id=1632&Itemid= ; https://dgb.gov.bf/edocman/Tableau%20de%20Bord%20Annuel%20_2021_VF.pdf)
XGOVEXP.IMF,BFA,2021,Source,Data sources,UIS Dynamic Template (mined data) based on Loi de Finances 2021 ; Tableau de Bord Budgetaire annuel 2021 (https://www.dgb.gov.bf/index.php?option=com_edocman&task=document.viewdoc&id=1667&Itemid= ; https://dgb.gov.bf/edocman/Tableau%20de%20Bord%20Annuel%20_2021_VF.pdf)
XGOVEXP.IMF,BFA,2022,Source,Data sources,UIS Dynamic Template (mined data) based on Tableau general des depenses par section et par programme 2022 (https://www.dgb.gov.bf/index.php?option=com_edocman&task=document.viewdoc&id=1747&Itemid=)
XGOVEXP.IMF,BFA,2023,Source,Data sources,UIS Dynamic Template (mined data) based on Tableau general des depenses par section et par programme 2023 (https://www.dgb.gov.bf/index.php?option=com_edocman&view=document&id=1811)
XGOVEXP.IMF,BGD,2000,Data Status,Data reporting,"FINANCE DATA: IMF, World Economic Outlook"
XGOVEXP.IMF,BGD,2000,Source,Data sources,Country's submission to UIS SFE Questionnaire B
XGOVEXP.IMF,BGD,2001,Data Status,Data reporting,"FINANCE DATA: IMF, World Economic Outlook"
XGOVEXP.IMF,BGD,2001,Source,Data sources,Country's submission to UIS SFE Questionnaire B
XGOVEXP.IMF,BGD,2002,Data Status,Data reporting,"FINANCE DATA: IMF, World Economic Outlook"
XGOVEXP.IMF,BGD,2002,Source,Data sources,Country's submission to UIS SFE Questionnaire B
XGOVEXP.IMF,BGD,2003,Data Status,Data reporting,"FINANCE DATA: IMF, World Economic Outlook"
XGOVEXP.IMF,BGD,2003,Source,Data sources,Country's submission to UIS SFE Questionnaire B
XGOVEXP.IMF,BGD,2004,Data Status,Data reporting,"FINANCE DATA: IMF, World Economic Outlook"
XGOVEXP.IMF,BGD,2004,Source,Data sources,Country's submission to UIS SFE Questionnaire B
XGOVEXP.IMF,BGD,2006,Data Status,Data reporting,"FINANCE DATA: IMF, World Economic Outlook"
XGOVEXP.IMF,BGD,2006,Source,Data sources,Country's submission to UIS SFE Questionnaire B
XGOVEXP.IMF,BGD,2007,Data Status,Data reporting,"FINANCE DATA: IMF, World Economic Outlook"
XGOVEXP.IMF,BGD,2007,Source,Data sources,Country's submission to UIS SFE Questionnaire B
XGOVEXP.IMF,BGD,2008,Data Status,Data reporting,"FINANCE DATA: IMF, World Economic Outlook"
XGOVEXP.IMF,BGD,2008,Source,Data sources,Country's submission to UIS SFE Questionnaire B
XGOVEXP.IMF,BGD,2009,Data Status,Data reporting,"FINANCE DATA: IMF, World Economic Outlook"
XGOVEXP.IMF,BGD,2009,Source,Data sources,Country's submission to UIS SFE Questionnaire B
XGOVEXP.IMF,BGD,2011,Data Status,Data reporting,"FINANCE DATA: IMF, World Economic Outlook"
XGOVEXP.IMF,BGD,2011,Source,Data sources,Country's submission to UIS SFE Questionnaire B
XGOVEXP.IMF,BGD,2012,Data Status,Data reporting,"FINANCE DATA: IMF, World Economic Outlook"
XGOVEXP.IMF,BGD,2012,Source,Data sources,Country's submission to UIS SFE Questionnaire B
XGOVEXP.IMF,BGD,2013,Data Status,Data reporting,"FINANCE DATA: IMF, World Economic Outlook"
XGOVEXP.IMF,BGD,2013,Source,Data sources,Country's submission to UIS SFE Questionnaire B
XGOVEXP.IMF,BGD,2014,Source,Data sources,UIS Dynamic template based on Budget Speech 2018-2019 (https://mof.portal.gov.bd/sites/default/files/files/mof.portal.gov.bd/page/ca4218f7_7fe3_4e9a_afd4_5eb7dc7c0477/Speech%20English%202018-19.zip)
XGOVEXP.IMF,BGD,2015,Source,Data sources,UIS Dynamic template based on Budget Speech 2019-2020 (https://mof.portal.gov.bd/sites/default/files/files/mof.portal.gov.bd/page/ca4218f7_7fe3_4e9a_afd4_5eb7dc7c0477/Budget%20Speech%202019-20%20English.pdf)
XGOVEXP.IMF,BGD,2016,Data Status,Data reporting,"FINANCE DATA: IMF, World Economic Outlook"
XGOVEXP.IMF,BGD,2016,Source,Data sources,Country's submission to UIS SFE Questionnaire B
XGOVEXP.IMF,BGD,2018,Source,Data sources,UIS Dynamic template based on data provided by country
XGOVEXP.IMF,BGD,2019,Data Status,Data reporting,"FINANCE DATA: IMF, World Economic Outlook"
XGOVEXP.IMF,BGD,2019,Source,Data sources,Country's submission to UIS SFE Questionnaire B
XGOVEXP.IMF,BGD,2020,Source,Data sources,UIS Dynamic template based on data provided by country
XGOVEXP.IMF,BGD,2021,Source,Data sources,UIS Dynamic template based on data provided by country
XGOVEXP.IMF,BGD,2022,Source,Data sources,UIS Dynamic template based on data provided by country
XGOVEXP.IMF,BGD,2023,Source,Data sources,UIS Dynamic template based on data provided by country
XGOVEXP.IMF,BGD,2024,Source,Data sources,UIS Dynamic template based on data provided by country
XGOVEXP.IMF,BGD,2025,Source,Data sources,UIS Dynamic template based on data provided by country
XGOVEXP.IMF,BGR,2001,Data Status,Data reporting,"FINANCE DATA: IMF, World Economic Outlook"
XGOVEXP.IMF,BGR,2001,Source,Data sources,Country's submission to UNESCO OECD Eurostat (UOE) joint data collection
XGOVEXP.IMF,BGR,2002,Data Status,Data reporting,"FINANCE DATA: IMF, World Economic Outlook"
XGOVEXP.IMF,BGR,2002,Source,Data sources,Country's submission to UNESCO OECD Eurostat (UOE) joint data collection
XGOVEXP.IMF,BGR,2003,Data Status,Data reporting,"FINANCE DATA: IMF, World Economic Outlook"
XGOVEXP.IMF,BGR,2003,Source,Data sources,Country's submission to UNESCO OECD Eurostat (UOE) joint data collection
XGOVEXP.IMF,BGR,2004,Data Status,Data reporting,"FINANCE DATA: IMF, World Economic Outlook"
XGOVEXP.IMF,BGR,2004,Source,Data sources,Country's submission to UNESCO OECD Eurostat (UOE) joint data collection
XGOVEXP.IMF,BGR,2005,Data Status,Data reporting,"FINANCE DATA: IMF, World Economic Outlook"
XGOVEXP.IMF,BGR,2005,Source,Data sources,Country's submission to UNESCO OECD Eurostat (UOE) joint data collection
XGOVEXP.IMF,BGR,2006,Data Status,Data reporting,"FINANCE DATA: IMF, World Economic Outlook"
XGOVEXP.IMF,BGR,2006,Source,Data sources,Country's submission to UNESCO OECD Eurostat (UOE) joint data collection
XGOVEXP.IMF,BGR,2007,Data Status,Data reporting,"FINANCE DATA: IMF, World Economic Outlook"
XGOVEXP.IMF,BGR,2007,Source,Data sources,Country's submission to UNESCO OECD Eurostat (UOE) joint data collection
XGOVEXP.IMF,BGR,2008,Data Status,Data reporting,"FINANCE DATA: IMF, World Economic Outlook"
XGOVEXP.IMF,BGR,2008,Source,Data sources,Country's submission to UNESCO OECD Eurostat (UOE) joint data collection
XGOVEXP.IMF,BGR,2009,Data Status,Data reporting,"FINANCE DATA: IMF, World Economic Outlook"
XGOVEXP.IMF,BGR,2009,Source,Data sources,Country's submission to UNESCO OECD Eurostat (UOE) joint data collection
XGOVEXP.IMF,BGR,2010,Data Status,Data reporting,"FINANCE DATA: IMF, World Economic Outlook"
XGOVEXP.IMF,BGR,2010,Source,Data sources,Country's submission to UNESCO OECD Eurostat (UOE) joint data collection
XGOVEXP.IMF,BGR,2011,Data Status,Data reporting,"FINANCE DATA: IMF, World Economic Outlook"
XGOVEXP.IMF,BGR,2011,Source,Data sources,Country's submission to UNESCO OECD Eurostat (UOE) joint data collection
XGOVEXP.IMF,BGR,2012,Data Status,Data reporting,"FINANCE DATA: IMF, World Economic Outlook"
XGOVEXP.IMF,BGR,2012,Source,Data sources,Country's submission to UNESCO OECD Eurostat (UOE) joint data collection
XGOVEXP.IMF,BGR,2013,Data Status,Data reporting,"FINANCE DATA: IMF, World Economic Outlook"
XGOVEXP.IMF,BGR,2013,Source,Data sources,Country's submission to UNESCO OECD Eurostat (UOE) joint data collection
XGOVEXP.IMF,BGR,2014,Data Status,Data reporting,"FINANCE DATA: IMF, World Economic Outlook"
XGOVEXP.IMF,BGR,2014,Source,Data sources,Country's submission to UNESCO OECD Eurostat (UOE) joint data collection
XGOVEXP.IMF,BGR,2015,Data Status,Data reporting,"FINANCE DATA: IMF, World Economic Outlook"
XGOVEXP.IMF,BGR,2015,Source,Data sources,Country's submission to UNESCO OECD Eurostat (UOE) joint data collection
XGOVEXP.IMF,BGR,2016,Data Status,Data reporting,"FINANCE DATA: IMF, World Economic Outlook"
XGOVEXP.IMF,BGR,2016,Source,Data sources,Country's submission to UNESCO OECD Eurostat (UOE) joint data collection
XGOVEXP.IMF,BGR,2017,Data Status,Data reporting,"FINANCE DATA: IMF, World Economic Outlook"
XGOVEXP.IMF,BGR,2017,Source,Data sources,Country's submission to UNESCO OECD Eurostat (UOE) joint data collection
XGOVEXP.IMF,BGR,2018,Data Status,Data reporting,"FINANCE DATA: IMF, World Economic Outlook"
XGOVEXP.IMF,BGR,2018,Source,Data sources,Country's submission to UNESCO OECD Eurostat (UOE) joint data collection
XGOVEXP.IMF,BGR,2019,Data Status,Data reporting,"FINANCE DATA: IMF, World Economic Outlook"
XGOVEXP.IMF,BGR,2019,Source,Data sources,Country's submission to UNESCO OECD Eurostat (UOE) joint data collection
XGOVEXP.IMF,BGR,2020,Data Status,Data reporting,"FINANCE DATA: IMF, World Economic Outlook"
XGOVEXP.IMF,BGR,2020,Source,Data sources,Country's submission to UNESCO OECD Eurostat (UOE) joint data collection
XGOVEXP.IMF,BGR,2021,Data Status,Data reporting,"FINANCE DATA: IMF, World Economic Outlook"
XGOVEXP.IMF,BGR,2021,Source,Data sources,Country's submission to UNESCO OECD Eurostat (UOE) joint data collection
XGOVEXP.IMF,BGR,2022,Data Status,Data reporting,"FINANCE DATA: IMF, World Economic Outlook"
XGOVEXP.IMF,BGR,2022,Source,Data sources,Country's submission to UNESCO OECD Eurostat (UOE) joint data collection
XGOVEXP.IMF,BHR,2006,Data Status,Data reporting,"FINANCE DATA: IMF, World Economic Outlook"
XGOVEXP.IMF,BHR,2006,Source,Data sources,Country's submission to UIS SFE Questionnaire B
XGOVEXP.IMF,BHR,2007,Data Status,Data reporting,"FINANCE DATA: IMF, World Economic Outlook"
XGOVEXP.IMF,BHR,2007,Source,Data sources,Country's submission to UIS SFE Questionnaire B
XGOVEXP.IMF,BHR,2008,Data Status,Data reporting,"FINANCE DATA: IMF, World Economic Outlook"
XGOVEXP.IMF,BHR,2008,Source,Data sources,Country's submission to UIS SFE Questionnaire B
XGOVEXP.IMF,BHR,2010,Source,Data sources,UIS Dynamic Template (mined data) based on Kingdom of Bahrain - Consolidated Final Account For The Year Ended 31 December 2010 (https://www.mofne.gov.bh/media/gk4i04ts/ci254-2010.pdf)
XGOVEXP.IMF,BHR,2011,Source,Data sources,UIS Dynamic Template (mined data) based on Kingdom of Bahrain - Consolidated Final Account For The Year Ended 31 December 2011 (https://www.mofne.gov.bh/media/w2knz2ja/ci255-2011.pdf)
XGOVEXP.IMF,BHR,2012,Data Status,Data reporting,"FINANCE DATA: IMF, World Economic Outlook"
XGOVEXP.IMF,BHR,2012,Source,Data sources,Country's submission to UIS SFE Questionnaire B
XGOVEXP.IMF,BHR,2013,Data Status,Data reporting,"FINANCE DATA: IMF, World Economic Outlook"
XGOVEXP.IMF,BHR,2013,Source,Data sources,Country's submission to UIS SFE Questionnaire B
XGOVEXP.IMF,BHR,2014,Data Status,Data reporting,"FINANCE DATA: IMF, World Economic Outlook"
XGOVEXP.IMF,BHR,2014,Source,Data sources,Country's submission to UIS SFE Questionnaire B
XGOVEXP.IMF,BHR,2015,Data Status,Data reporting,"FINANCE DATA: IMF, World Economic Outlook"
XGOVEXP.IMF,BHR,2015,Source,Data sources,Country's submission to UIS SFE Questionnaire B
XGOVEXP.IMF,BHR,2016,Source,Data sources,UIS Dynamic Template (mined data) based on Kingdom of Bahrain - Consolidated Final Account For The Year Ended 31 December 2016 (Arabic) (https://www.mofne.gov.bh/media/nymit4uf/fi503-%D8%A7%D9%84%D8%AD%D8%B3%D8%A7%D8%A8-%D8%A7%D9%84%D8%AE%D8%AA%D8%A7%D9%85%D9%8A-%D9%84%D8%B3%D9%86%D8%A9-2016.pdf)
XGOVEXP.IMF,BHR,2017,Data Status,Data reporting,"FINANCE DATA: IMF, World Economic Outlook"
XGOVEXP.IMF,BHR,2017,Source,Data sources,Country's submission to UIS SFE Questionnaire B
XGOVEXP.IMF,BHR,2018,Source,Data sources,UIS Dynamic Template (mined data) based on Kingdom of Bahrain - Consolidated Final Account For The Year Ended 31 December 2018 (Arabic) (https://www.mofne.gov.bh/media/cvbdsj52/fi1270-2018-final-accounts.pdf)
XGOVEXP.IMF,BHR,2019,Source,Data sources,UIS Dynamic Template (mined data) based on Kingdom of Bahrain - Consolidated Final Account For The Year Ended 31 December 2019 (https://www.mofne.gov.bh/media/5r5flllu/ci1421-2019-final-accounts-eng.pdf)
XGOVEXP.IMF,BHR,2020,Source,Data sources,UIS Dynamic Template (mined data) based on Kingdom of Bahrain - Consolidated Final Account For The Year Ended 31 December 2020 (https://www.mofne.gov.bh/media/jk3o5ir4/ci1779-final_acc_2020.pdf)
XGOVEXP.IMF,BHR,2021,Source,Data sources,UIS Dynamic Template (mined data) based on Kingdom of Bahrain - Consolidated Final Account For The Year Ended 31 December 2021 (https://www.mofne.gov.bh/media/w3hkwlua/ci2134-consolidated-final-account-2021.pdf)
XGOVEXP.IMF,BHR,2022,Source,Data sources,UIS Dynamic Template (mined data) based on Kingdom of Bahrain - Consolidated Final Account For The Year Ended 31 December 2022 (https://www.mofne.gov.bh/media/zbogelzn/consolidated-final-account-2022.pdf)
XGOVEXP.IMF,BHR,2023,Source,Data sources,UIS Dynamic Template (mined data) based on Kingdom of Bahrain - Consolidated Final Account For The Year Ended 31 December 2023 (https://www.mofne.gov.bh/media/zbogelzn/consolidated-final-account-2023.pdf)
XGOVEXP.IMF,BHR,2024,Source,Data sources,UIS Dynamic Template (mined data) based on Budget Law 2023  2024 Tables (https://www.mofne.gov.bh/media/ic0pjjyx/ci1191-2023_05_28_draft-law-budget-2023-2024-%D8%AC%D8%AF%D8%A7%D9%88%D9%84-%D9%85%D8%B4%D8%B1%D9%88%D8%B9-%D9%82%D8%A7%D9%86%D9%88%D9%86-%D8%A7%D8%B9%D8%AA%D9%85%D8%A7%D8%AF-%D8%A7%D9%84%D9%85%D9%8A%D8%B2%D8%A7%D9%86%D9%8A%D8%A9-1.pdf)
XGOVEXP.IMF,BHR,2025,Source,Data sources,UIS Dynamic Template (mined data) based on Budget Law 2025  2026 Tables (https://www.mofne.gov.bh/media/a0dfel1k/2025-2026-%D8%AC%D8%AF%D8%A7%D9%88%D9%84-%D9%82%D8%A7%D9%86%D9%88%D9%86-%D8%A7%D8%B9%D8%AA%D9%85%D8%A7%D8%AF-%D8%A7%D9%84%D9%85%D9%8A%D8%B2%D8%A7%D9%86%D9%8A%D8%A9-%D8%A7%D9%84%D8%B9%D8%A7%D9%85%D8%A9.pdf)
XGOVEXP.IMF,BHS,2000,Data Status,Data reporting,"FINANCE DATA: IMF, World Economic Outlook"
XGOVEXP.IMF,BHS,2000,Source,Data sources,Country's submission to UIS SFE Questionnaire B
XGOVEXP.IMF,BHS,2010,Source,Data sources,UIS Dynamic Template (mined data) based on Overall Expenditure 2011 - 12 ; Recurrent Expenditure Summary 2011 -12 ; Capital Expenditure Summary (https://www.bahamas.gov.bs/wps/wcm/connect/a3f499d9-242c-43dc-9f04-646790551225/FY2011_OverallExpenditure_20110524224602.pdf?MOD=AJPERES ; https://www.bahamas.gov.bs/wps/wcm/connect/e04b62b4-0503-4f17-afec-b4a00803cbb3/FY2011_RecurrentExpenditure_Summary_20110524220656.pdf?MOD=AJPERES ; https://www.bahamas.gov.bs/wps/wcm/connect/861c1e31-b5cc-4599-b442-3b39288bab61/FY2011_CapitalExpenditure_Summary_20110524220557.pdf?MOD=AJPERES)
XGOVEXP.IMF,BHS,2011,Source,Data sources,UIS Dynamic Template (mined data) based on Expenditure Overall Estimates 2012 - 13 ; Recurrent Expenditure Estimates Summary 2012 - 13 ; Capital Expenditure Estimates Summary 2012 - 13 (https://www.bahamas.gov.bs/wps/wcm/connect/4775f721-9462-4a7c-b080-48025ea1ed9e/FY2012+Expenditure+Overall+Estimates+20120529.pdf?MOD=AJPERES ; https://www.bahamas.gov.bs/wps/wcm/connect/d243bd41-d6e0-4b5f-9166-6532bd18e1ee/FY2012+Recurrent+Expenditure+Estimates+Summary+20120529.pdf?MOD=AJPERES ; https://www.bahamas.gov.bs/wps/wcm/connect/8acbf8d1-852a-4086-9e01-aa1327db12c9/FY2012+Capital+Expenditure+Estimates+Summary+20100529.pdf?MOD=AJPERES)
XGOVEXP.IMF,BHS,2012,Source,Data sources,"UIS Dynamic Template (mined data) based on Overall Expenditure Estimates 2013 - 14 PDF , Recurrent Expenditure Estimates Summary 2013 - 14 PDF ; Capital Expenditure Estimates Summary 2013 - 14 PDF (https://www.bahamas.gov.bs/wps/wcm/connect/d7a08fda-1c68-4548-bca2-39c3f0763d43/Overall+Expenditure+Estimates+V1-1-+2013-05-28.pdf?MOD=AJPERES ; https://www.bahamas.gov.bs/wps/wcm/connect/cdb8b783-0c44-4987-a3c5-e89aa216d64d/Recurrent+Expenditure+Estimates+Summary+V+1-1+-+2013-05-28.pdf?MOD=AJPERES ; https://www.bahamas.gov.bs/wps/wcm/connect/c5202ee5-32b6-42c7-b875-a897bb90dfec/Capital+Expenditure+Estimates+Summary+-+2013-05-28.pdf?MOD=AJPERES)"
XGOVEXP.IMF,BHS,2013,Source,Data sources,UIS Dynamic Template (mined data) based on Recurrent Expenditure Estimates Summary 2014 - 15 ; Capital Expenditure Estimates Summary 2014 - 15 (https://www.bahamas.gov.bs/wps/wcm/connect/ea54701f-354f-4831-a042-96945fba1175/RecurrentSummary2014.pdf?MOD=AJPERES ; https://www.bahamas.gov.bs/wps/wcm/connect/b2a51c15-f7ea-41a1-b1a0-820747f65b45/CapitalSummary2014.pdf?MOD=AJPERES)
XGOVEXP.IMF,BHS,2014,Source,Data sources,UIS Dynamic Template (mined data) based on Overall Estimates of Expenditure 2015-16 PDF ; Recurrent Expenditure Estimates Summary 2015 - 16 PDF ; Capital Expenditure Estimates Summary 2015 - 16 PDF (https://www.bahamas.gov.bs/wps/wcm/connect/1fbed669-23be-4a4f-a58b-1f8b82a48cfe/Overall26052015.pdf?MOD=AJPERES ; https://www.bahamas.gov.bs/wps/wcm/connect/ffc62bef-f52d-4202-8b7c-ae0798e16817/RecurrentSummary26052015.pdf?MOD=AJPERES ; https://www.bahamas.gov.bs/wps/wcm/connect/97e6d1d3-8593-4eb0-b04c-41b69d80dad8/CapitalSummary26052015.pdf?MOD=AJPERES)
XGOVEXP.IMF,BHS,2015,Source,Data sources,UIS Dynamic Template (mined data) based on Total Expenditure 2016 - 2017 PDF ; Recurrent Expenditure Summary 2016 - 2017 PDF ; Capital Expenditure Summary 2016 - 2017 PDF (https://www.bahamas.gov.bs/wps/wcm/connect/310d69ed-c17b-4f66-b8bb-e9d2c6c6c9f9/TotalExpenditure+2016-2017.pdf?MOD=AJPERES ; https://www.bahamas.gov.bs/wps/wcm/connect/1cd5abbf-8511-4576-8846-772e2e3f982f/CapitalExpenditureSummary+2016-2017.pdf?MOD=AJPERES ; https://www.bahamas.gov.bs/wps/wcm/connect/a3bfe908-65ed-44a6-ac02-fcfa1ed9308f/RecurrentExpenditureSummary+2016-2017.pdf?MOD=AJPERES)
XGOVEXP.IMF,BHS,2016,Source,Data sources,UIS Dynamic Template (mined data) based on Draft Estimates Revenue and Expenditure 2017-2018 (https://www.bahamas.gov.bs/wps/wcm/connect/68e3a874-9bb9-4e87-a115-cbe3a023c525/Budget+2017%EF%80%A22018_Complete.pdf?MOD=AJPERES)
XGOVEXP.IMF,BHS,2017,Source,Data sources,UIS Dynamic Template (mined data) based on Draft Estimates Revenue and Expenditure 2018-2019 (https://www.bahamas.gov.bs/wps/wcm/connect/94c5874f-5a59-4900-b4bb-9c5c77628354/20_2019+BUDGET+DRAFT+OF+REV+reduced.pdf?MOD=AJPERES)
XGOVEXP.IMF,BHS,2018,Source,Data sources,UIS Dynamic Template (mined data) based on Draft Estimates Revenue and Expenditure 2019-2020 (https://www.bahamas.gov.bs/wps/wcm/connect/b98e387f-5471-4fb1-bb92-83fb56345f3d/Budget+Draft+Estimates.pdf?MOD=AJPERES)
XGOVEXP.IMF,BHS,2019,Source,Data sources,UIS Dynamic Template (mined data) based on Draft Estimates of Revenue and Expenditure 2020 (https://www.bahamas.gov.bs/wps/wcm/connect/25338711-9013-481f-87ea-2c3ca84bb69b/Draft+Estimates+of+Revenue+and+Expenditure+2020-compressed.pdf?MOD=AJPERES)
XGOVEXP.IMF,BHS,2020,Source,Data sources,UIS Dynamic Template (mined data) based on Draft Estimates Revenue and Expenditure 2021-2022 (https://www.bahamas.gov.bs/wps/wcm/connect/e519750c-c56a-4cf9-8e34-0ae99524533c/FY2021-22_BudgetBook_FINAL_05262021_430am.pdf?MOD=AJPERES)
XGOVEXP.IMF,BHS,2021,Source,Data sources,UIS Dynamic Template (mined data) based on Draft Estimates of Revenue and Expenditure 2022 - 2023 (https://www.bahamas.gov.bs/wps/wcm/connect/f3199d3d-c23e-4a54-b9b1-ee1ddc47a8ca/FY2022-23_Budget_20220525-055026_FINAL.pdf?MOD=AJPERES)
XGOVEXP.IMF,BHS,2022,Source,Data sources,UIS Dynamic Template (mined data) based on Draft Estimates of Revenue and Expenditure - 2023-2024 - 50th Independence Edition (https://www.bahamas.gov.bs/wps/wcm/connect/4702c666-cdce-4a4a-bccc-76f7bf31dd29/FY2023-24_Budget_20230531-FINAL_031300.pdf?MOD=AJPERES)
XGOVEXP.IMF,BHS,2023,Source,Data sources,UIS Dynamic Template (mined data) based on Draft Estimates of Revenue and Expenditure - 2024-2025 (https://bahamasbudget.gov.bs/media/filer_public/28/f1/28f19784-8795-4645-8849-e4d1f0479dec/fy2024-25_budget_book.pdf)
XGOVEXP.IMF,BHS,2024,Source,Data sources,UIS Dynamic Template (mined data) based on Draft Estimates of Revenue and Expenditure - 2024-2025 (https://bahamasbudget.gov.bs/media/filer_public/28/f1/28f19784-8795-4645-8849-e4d1f0479dec/fy2024-25_budget_book.pdf)
XGOVEXP.IMF,BHS,2025,Source,Data sources,UIS Dynamic Template (mined data) based on Draft Estimates of Revenue and Expenditure - 2024-2025 (https://bahamasbudget.gov.bs/media/filer_public/28/f1/28f19784-8795-4645-8849-e4d1f0479dec/fy2024-25_budget_book.pdf)
XGOVEXP.IMF,BIH,2016,Data Status,Data reporting,"FINANCE DATA: IMF, World Economic Outlook"
XGOVEXP.IMF,BIH,2016,Source,Data sources,Country's submission to UIS SFE Questionnaire B
XGOVEXP.IMF,BIH,2018,Data Status,Data reporting,"FINANCE DATA: IMF, World Economic Outlook"
XGOVEXP.IMF,BIH,2018,Source,Data sources,Country's submission to UIS SFE Questionnaire B
XGOVEXP.IMF,BIH,2019,Data Status,Data reporting,"FINANCE DATA: IMF, World Economic Outlook"
XGOVEXP.IMF,BIH,2019,Source,Data sources,Country's submission to UIS SFE Questionnaire B
XGOVEXP.IMF,BIH,2021,Data Status,Data reporting,"FINANCE DATA: IMF, World Economic Outlook"
XGOVEXP.IMF,BIH,2021,Source,Data sources,Country's submission to UIS SFE Questionnaire B
XGOVEXP.IMF,BLR,2000,Data Status,Data reporting,"FINANCE DATA: IMF, World Economic Outlook"
XGOVEXP.IMF,BLR,2000,Source,Data sources,Country's submission to UIS SFE Questionnaire B
XGOVEXP.IMF,BLR,2004,Data Status,Data reporting,"FINANCE DATA: IMF, World Economic Outlook"
XGOVEXP.IMF,BLR,2004,Source,Data sources,Country's submission to UIS SFE Questionnaire B
XGOVEXP.IMF,BLR,2005,Data Status,Data reporting,"FINANCE DATA: IMF, World Economic Outlook"
XGOVEXP.IMF,BLR,2005,Source,Data sources,Country's submission to UIS SFE Questionnaire B
XGOVEXP.IMF,BLR,2006,Data Status,Data reporting,"FINANCE DATA: IMF, World Economic Outlook"
XGOVEXP.IMF,BLR,2006,Source,Data sources,Country's submission to UIS SFE Questionnaire B
XGOVEXP.IMF,BLR,2007,Data Status,Data reporting,"FINANCE DATA: IMF, World Economic Outlook"
XGOVEXP.IMF,BLR,2007,Source,Data sources,Country's submission to UIS SFE Questionnaire B
XGOVEXP.IMF,BLR,2009,Data Status,Data reporting,"FINANCE DATA: IMF, World Economic Outlook"
XGOVEXP.IMF,BLR,2009,Source,Data sources,Country's submission to UIS SFE Questionnaire B
XGOVEXP.IMF,BLR,2010,Data Status,Data reporting,"FINANCE DATA: IMF, World Economic Outlook"
XGOVEXP.IMF,BLR,2010,Source,Data sources,Country's submission to UIS SFE Questionnaire B
XGOVEXP.IMF,BLR,2011,Data Status,Data reporting,"FINANCE DATA: IMF, World Economic Outlook"
XGOVEXP.IMF,BLR,2011,Source,Data sources,Country's submission to UIS SFE Questionnaire B
XGOVEXP.IMF,BLR,2012,Data Status,Data reporting,"FINANCE DATA: IMF, World Economic Outlook"
XGOVEXP.IMF,BLR,2012,Source,Data sources,Country's submission to UIS SFE Questionnaire B
XGOVEXP.IMF,BLR,2013,Data Status,Data reporting,"FINANCE DATA: IMF, World Economic Outlook"
XGOVEXP.IMF,BLR,2013,Source,Data sources,Country's submission to UIS SFE Questionnaire B
XGOVEXP.IMF,BLR,2014,Data Status,Data reporting,"FINANCE DATA: IMF, World Economic Outlook"
XGOVEXP.IMF,BLR,2014,Source,Data sources,Country's submission to UIS SFE Questionnaire B
XGOVEXP.IMF,BLR,2015,Data Status,Data reporting,"FINANCE DATA: IMF, World Economic Outlook"
XGOVEXP.IMF,BLR,2015,Source,Data sources,Country's submission to UIS SFE Questionnaire B
XGOVEXP.IMF,BLR,2016,Data Status,Data reporting,"FINANCE DATA: IMF, World Economic Outlook"
XGOVEXP.IMF,BLR,2016,Source,Data sources,Country's submission to UIS SFE Questionnaire B
XGOVEXP.IMF,BLR,2017,Data Status,Data reporting,"FINANCE DATA: IMF, World Economic Outlook"
XGOVEXP.IMF,BLR,2017,Source,Data sources,Country's submission to UIS SFE Questionnaire B
XGOVEXP.IMF,BLR,2018,Data Status,Data reporting,"FINANCE DATA: IMF, World Economic Outlook"
XGOVEXP.IMF,BLR,2018,Source,Data sources,Country's submission to UIS SFE Questionnaire B
XGOVEXP.IMF,BLR,2019,Data Status,Data reporting,"FINANCE DATA: IMF, World Economic Outlook"
XGOVEXP.IMF,BLR,2019,Source,Data sources,Country's submission to UIS SFE Questionnaire B
XGOVEXP.IMF,BLR,2020,Data Status,Data reporting,"FINANCE DATA: IMF, World Economic Outlook"
XGOVEXP.IMF,BLR,2020,Source,Data sources,Country's submission to UIS SFE Questionnaire B
XGOVEXP.IMF,BLR,2021,Data Status,Data reporting,"FINANCE DATA: IMF, World Economic Outlook"
XGOVEXP.IMF,BLR,2021,Source,Data sources,Country's submission to UIS SFE Questionnaire B
XGOVEXP.IMF,BLR,2022,Data Status,Data reporting,"FINANCE DATA: IMF, World Economic Outlook"
XGOVEXP.IMF,BLR,2022,Source,Data sources,Country's submission to UIS SFE Questionnaire B
XGOVEXP.IMF,BLR,2023,Data Status,Data reporting,"FINANCE DATA: IMF, World Economic Outlook"
XGOVEXP.IMF,BLR,2023,Source,Data sources,Country's submission to UIS SFE Questionnaire B
XGOVEXP.IMF,BLR,2024,Data Status,Data reporting,"FINANCE DATA: IMF, World Economic Outlook"
XGOVEXP.IMF,BLR,2024,Source,Data sources,Country's submission to UIS SFE Questionnaire B
XGOVEXP.IMF,BLZ,2000,Data Status,Data reporting,"FINANCE DATA: IMF, World Economic Outlook"
XGOVEXP.IMF,BLZ,2000,Source,Data sources,Country's submission to UIS SFE Questionnaire B
XGOVEXP.IMF,BLZ,2001,Data Status,Data reporting,"FINANCE DATA: IMF, World Economic Outlook"
XGOVEXP.IMF,BLZ,2001,Source,Data sources,Country's submission to UIS SFE Questionnaire B
XGOVEXP.IMF,BLZ,2003,Data Status,Data reporting,"FINANCE DATA: IMF, World Economic Outlook"
XGOVEXP.IMF,BLZ,2003,Source,Data sources,Country's submission to UIS SFE Questionnaire B
XGOVEXP.IMF,BLZ,2004,Data Status,Data reporting,"FINANCE DATA: IMF, World Economic Outlook"
XGOVEXP.IMF,BLZ,2004,Source,Data sources,Country's submission to UIS SFE Questionnaire B
XGOVEXP.IMF,BLZ,2008,Data Status,Data reporting,"FINANCE DATA: IMF, World Economic Outlook"
XGOVEXP.IMF,BLZ,2008,Source,Data sources,Country's submission to UIS SFE Questionnaire B
XGOVEXP.IMF,BLZ,2009,Data Status,Data reporting,"FINANCE DATA: IMF, World Economic Outlook"
XGOVEXP.IMF,BLZ,2009,Source,Data sources,Country's submission to UIS SFE Questionnaire B
XGOVEXP.IMF,BLZ,2010,Data Status,Data reporting,"FINANCE DATA: IMF, World Economic Outlook"
XGOVEXP.IMF,BLZ,2010,Source,Data sources,Country's submission to UIS SFE Questionnaire B
XGOVEXP.IMF,BLZ,2011,Source,Data sources,UIS Dynamic Template (mined data) based on APPROVED ESTIMATES OF REVENUE AND EXPENDITURE FOR FISCAL YEAR 2011 (https://mof.gov.bz/wp-content/uploads/2023/04/ed5ql4bp.pdf)
XGOVEXP.IMF,BLZ,2012,Source,Data sources,UIS Dynamic Template (mined data) based on APPROVED ESTIMATES OF REVENUE AND EXPENDITURE FOR FISCAL YEAR 2013 (https://www.youthpolicy.org/library/wp-content/uploads/library/2013_Belize_Approved_Estimates_Revenue_Expenditure_Eng.pdf)
XGOVEXP.IMF,BLZ,2013,Data Status,Data reporting,"FINANCE DATA: IMF, World Economic Outlook"
XGOVEXP.IMF,BLZ,2013,Source,Data sources,Country's submission to UIS SFE Questionnaire B
XGOVEXP.IMF,BLZ,2014,Data Status,Data reporting,"FINANCE DATA: IMF, World Economic Outlook"
XGOVEXP.IMF,BLZ,2014,Source,Data sources,Country's submission to UIS SFE Questionnaire B
XGOVEXP.IMF,BLZ,2015,Data Status,Data reporting,"FINANCE DATA: IMF, World Economic Outlook"
XGOVEXP.IMF,BLZ,2015,Source,Data sources,Country's submission to UIS SFE Questionnaire B
XGOVEXP.IMF,BLZ,2016,Data Status,Data reporting,"FINANCE DATA: IMF, World Economic Outlook"
XGOVEXP.IMF,BLZ,2016,Source,Data sources,Country's submission to UIS SFE Questionnaire B
XGOVEXP.IMF,BLZ,2017,Data Status,Data reporting,"FINANCE DATA: IMF, World Economic Outlook"
XGOVEXP.IMF,BLZ,2017,Source,Data sources,Country's submission to UIS SFE Questionnaire B
XGOVEXP.IMF,BLZ,2018,Data Status,Data reporting,"FINANCE DATA: IMF, World Economic Outlook"
XGOVEXP.IMF,BLZ,2018,Source,Data sources,Country's submission to UIS SFE Questionnaire B
XGOVEXP.IMF,BLZ,2019,Data Status,Data reporting,"FINANCE DATA: IMF, World Economic Outlook"
XGOVEXP.IMF,BLZ,2019,Source,Data sources,Country's submission to UIS SFE Questionnaire B
XGOVEXP.IMF,BLZ,2020,Data Status,Data reporting,"FINANCE DATA: IMF, World Economic Outlook"
XGOVEXP.IMF,BLZ,2020,Source,Data sources,Country's submission to UIS SFE Questionnaire B
XGOVEXP.IMF,BLZ,2021,Data Status,Data reporting,"FINANCE DATA: IMF, World Economic Outlook"
XGOVEXP.IMF,BLZ,2021,Source,Data sources,Country's submission to UIS SFE Questionnaire B
XGOVEXP.IMF,BLZ,2022,Data Status,Data reporting,"FINANCE DATA: IMF, World Economic Outlook"
XGOVEXP.IMF,BLZ,2022,Source,Data sources,Country's submission to UIS SFE Questionnaire B
XGOVEXP.IMF,BLZ,2023,Data Status,Data reporting,"FINANCE DATA: IMF, World Economic Outlook"
XGOVEXP.IMF,BLZ,2023,Source,Data sources,Country's submission to UIS SFE Questionnaire B
XGOVEXP.IMF,BLZ,2024,Source,Data sources,UIS Dynamic Template (mined data) based on Aproved estimates of revenue and expenditures for fiscal year 2024/2025 (https://mof.gov.bz/wp-content/uploads/2024/04/APPROVED-ESTIMATES-OF-REVENUE-AND-EXPENDITURE-FOR-FISCAL-YEAR-2024-25.pdf)
XGOVEXP.IMF,BMU,2003,Data Status,Data reporting,FINANCE DATA: National government expenditures data
XGOVEXP.IMF,BMU,2003,Source,Data sources,Country's submission to UIS SFE Questionnaire B
XGOVEXP.IMF,BMU,2004,Data Status,Data reporting,FINANCE DATA: National government expenditures data
XGOVEXP.IMF,BMU,2004,Source,Data sources,Country's submission to UIS SFE Questionnaire B
XGOVEXP.IMF,BMU,2005,Data Status,Data reporting,FINANCE DATA: National government expenditures data
XGOVEXP.IMF,BMU,2005,Source,Data sources,Country's submission to UIS SFE Questionnaire B
XGOVEXP.IMF,BMU,2009,Data Status,Data reporting,FINANCE DATA: National government expenditures data
XGOVEXP.IMF,BMU,2009,Source,Data sources,Country's submission to UIS SFE Questionnaire B
XGOVEXP.IMF,BMU,2010,Data Status,Data reporting,FINANCE DATA: National government expenditures data
XGOVEXP.IMF,BMU,2010,Source,Data sources,Country's submission to UIS SFE Questionnaire B
XGOVEXP.IMF,BMU,2014,Data Status,Data reporting,FINANCE DATA: National government expenditures data
XGOVEXP.IMF,BMU,2014,Source,Data sources,Country's submission to UIS SFE Questionnaire B
XGOVEXP.IMF,BMU,2015,Data Status,Data reporting,FINANCE DATA: National government expenditures data
XGOVEXP.IMF,BMU,2015,Source,Data sources,Country's submission to UIS SFE Questionnaire B
XGOVEXP.IMF,BMU,2017,Data Status,Data reporting,FINANCE DATA: National government expenditures data
XGOVEXP.IMF,BMU,2017,Source,Data sources,Country's submission to UIS SFE Questionnaire B
XGOVEXP.IMF,BOL,2006,Data Status,Data reporting,"FINANCE DATA: IMF, World Economic Outlook"
XGOVEXP.IMF,BOL,2006,Source,Data sources,Country's submission to UIS SFE Questionnaire B
XGOVEXP.IMF,BOL,2007,Data Status,Data reporting,"FINANCE DATA: IMF, World Economic Outlook"
XGOVEXP.IMF,BOL,2007,Source,Data sources,Country's submission to UIS SFE Questionnaire B
XGOVEXP.IMF,BOL,2008,Data Status,Data reporting,"FINANCE DATA: IMF, World Economic Outlook"
XGOVEXP.IMF,BOL,2008,Source,Data sources,Country's submission to UIS SFE Questionnaire B
XGOVEXP.IMF,BOL,2009,Data Status,Data reporting,"FINANCE DATA: IMF, World Economic Outlook"
XGOVEXP.IMF,BOL,2009,Source,Data sources,Country's submission to UIS SFE Questionnaire B
XGOVEXP.IMF,BOL,2010,Data Status,Data reporting,"FINANCE DATA: IMF, World Economic Outlook"
XGOVEXP.IMF,BOL,2010,Source,Data sources,Country's submission to UIS SFE Questionnaire B
XGOVEXP.IMF,BOL,2011,Data Status,Data reporting,"FINANCE DATA: IMF, World Economic Outlook"
XGOVEXP.IMF,BOL,2011,Source,Data sources,Country's submission to UIS SFE Questionnaire B
XGOVEXP.IMF,BOL,2012,Data Status,Data reporting,"FINANCE DATA: IMF, World Economic Outlook"
XGOVEXP.IMF,BOL,2012,Source,Data sources,Country's submission to UIS SFE Questionnaire B
XGOVEXP.IMF,BOL,2013,Data Status,Data reporting,"FINANCE DATA: IMF, World Economic Outlook"
XGOVEXP.IMF,BOL,2013,Source,Data sources,Country's submission to UIS SFE Questionnaire B
XGOVEXP.IMF,BOL,2014,Data Status,Data reporting,"FINANCE DATA: IMF, World Economic Outlook"
XGOVEXP.IMF,BOL,2014,Source,Data sources,Country's submission to UIS SFE Questionnaire B
XGOVEXP.IMF,BOL,2015,Data Status,Data reporting,"FINANCE DATA: IMF, World Economic Outlook"
XGOVEXP.IMF,BOL,2015,Source,Data sources,Country's submission to UIS SFE Questionnaire B
XGOVEXP.IMF,BOL,2016,Data Status,Data reporting,"FINANCE DATA: IMF, World Economic Outlook"
XGOVEXP.IMF,BOL,2016,Source,Data sources,Country's submission to UIS SFE Questionnaire B
XGOVEXP.IMF,BOL,2017,Data Status,Data reporting,"FINANCE DATA: IMF, World Economic Outlook"
XGOVEXP.IMF,BOL,2017,Source,Data sources,Country's submission to UIS SFE Questionnaire B
XGOVEXP.IMF,BOL,2018,Data Status,Data reporting,"FINANCE DATA: IMF, World Economic Outlook"
XGOVEXP.IMF,BOL,2018,Source,Data sources,Country's submission to UIS SFE Questionnaire B
XGOVEXP.IMF,BOL,2019,Data Status,Data reporting,"FINANCE DATA: IMF, World Economic Outlook"
XGOVEXP.IMF,BOL,2019,Source,Data sources,Country's submission to UIS SFE Questionnaire B
XGOVEXP.IMF,BOL,2020,Data Status,Data reporting,"FINANCE DATA: IMF, World Economic Outlook"
XGOVEXP.IMF,BOL,2020,Source,Data sources,Country's submission to UIS SFE Questionnaire B
XGOVEXP.IMF,BOL,2021,Data Status,Data reporting,"FINANCE DATA: IMF, World Economic Outlook"
XGOVEXP.IMF,BOL,2021,Source,Data sources,Country's submission to UIS SFE Questionnaire B
XGOVEXP.IMF,BOL,2022,Data Status,Data reporting,"FINANCE DATA: IMF, World Economic Outlook"
XGOVEXP.IMF,BOL,2022,Source,Data sources,Country's submission to UIS SFE Questionnaire B
XGOVEXP.IMF,BOL,2023,Data Status,Data reporting,"FINANCE DATA: IMF, World Economic Outlook"
XGOVEXP.IMF,BOL,2023,Source,Data sources,Country's submission to UIS SFE Questionnaire B
XGOVEXP.IMF,BOL,2024,Data Status,Data reporting,"FINANCE DATA: IMF, World Economic Outlook"
XGOVEXP.IMF,BOL,2024,Source,Data sources,Country's submission to UIS SFE Questionnaire B
XGOVEXP.IMF,BRA,2000,Data Status,Data reporting,"FINANCE DATA: IMF, World Economic Outlook"
XGOVEXP.IMF,BRA,2000,Source,Data sources,Country's submission to UNESCO OECD Eurostat (UOE) joint data collection
XGOVEXP.IMF,BRA,2001,Data Status,Data reporting,"FINANCE DATA: IMF, World Economic Outlook"
XGOVEXP.IMF,BRA,2001,Source,Data sources,Country's submission to UNESCO OECD Eurostat (UOE) joint data collection
XGOVEXP.IMF,BRA,2002,Data Status,Data reporting,"FINANCE DATA: IMF, World Economic Outlook"
XGOVEXP.IMF,BRA,2002,Source,Data sources,Country's submission to UNESCO OECD Eurostat (UOE) joint data collection
XGOVEXP.IMF,BRA,2004,Data Status,Data reporting,"FINANCE DATA: IMF, World Economic Outlook"
XGOVEXP.IMF,BRA,2004,Source,Data sources,Country's submission to UNESCO OECD Eurostat (UOE) joint data collection
XGOVEXP.IMF,BRA,2005,Data Status,Data reporting,"FINANCE DATA: IMF, World Economic Outlook"
XGOVEXP.IMF,BRA,2005,Source,Data sources,Country's submission to UNESCO OECD Eurostat (UOE) joint data collection
XGOVEXP.IMF,BRA,2006,Data Status,Data reporting,"FINANCE DATA: IMF, World Economic Outlook"
XGOVEXP.IMF,BRA,2006,Source,Data sources,Country's submission to UNESCO OECD Eurostat (UOE) joint data collection
XGOVEXP.IMF,BRA,2007,Data Status,Data reporting,"FINANCE DATA: IMF, World Economic Outlook"
XGOVEXP.IMF,BRA,2007,Source,Data sources,Country's submission to UNESCO OECD Eurostat (UOE) joint data collection
XGOVEXP.IMF,BRA,2008,Data Status,Data reporting,"FINANCE DATA: IMF, World Economic Outlook"
XGOVEXP.IMF,BRA,2008,Source,Data sources,Country's submission to UNESCO OECD Eurostat (UOE) joint data collection
XGOVEXP.IMF,BRA,2009,Data Status,Data reporting,"FINANCE DATA: IMF, World Economic Outlook"
XGOVEXP.IMF,BRA,2009,Source,Data sources,Country's submission to UNESCO OECD Eurostat (UOE) joint data collection
XGOVEXP.IMF,BRA,2010,Data Status,Data reporting,"FINANCE DATA: IMF, World Economic Outlook"
XGOVEXP.IMF,BRA,2010,Source,Data sources,Country's submission to UNESCO OECD Eurostat (UOE) joint data collection
XGOVEXP.IMF,BRA,2011,Data Status,Data reporting,"FINANCE DATA: IMF, World Economic Outlook"
XGOVEXP.IMF,BRA,2011,Source,Data sources,Country's submission to UNESCO OECD Eurostat (UOE) joint data collection
XGOVEXP.IMF,BRA,2012,Data Status,Data reporting,"FINANCE DATA: IMF, World Economic Outlook"
XGOVEXP.IMF,BRA,2012,Source,Data sources,Country's submission to UNESCO OECD Eurostat (UOE) joint data collection
XGOVEXP.IMF,BRA,2013,Data Status,Data reporting,"FINANCE DATA: IMF, World Economic Outlook"
XGOVEXP.IMF,BRA,2013,Source,Data sources,Country's submission to UNESCO OECD Eurostat (UOE) joint data collection
XGOVEXP.IMF,BRA,2014,Data Status,Data reporting,"FINANCE DATA: IMF, World Economic Outlook"
XGOVEXP.IMF,BRA,2014,Source,Data sources,Country's submission to UNESCO OECD Eurostat (UOE) joint data collection
XGOVEXP.IMF,BRA,2015,Data Status,Data reporting,"FINANCE DATA: IMF, World Economic Outlook"
XGOVEXP.IMF,BRA,2015,Source,Data sources,Country's submission to UNESCO OECD Eurostat (UOE) joint data collection
XGOVEXP.IMF,BRA,2016,Data Status,Data reporting,"FINANCE DATA: IMF, World Economic Outlook"
XGOVEXP.IMF,BRA,2016,Source,Data sources,Country's submission to UNESCO OECD Eurostat (UOE) joint data collection
XGOVEXP.IMF,BRA,2017,Data Status,Data reporting,"FINANCE DATA: IMF, World Economic Outlook"
XGOVEXP.IMF,BRA,2017,Source,Data sources,Country's submission to UNESCO OECD Eurostat (UOE) joint data collection
XGOVEXP.IMF,BRA,2018,Data Status,Data reporting,"FINANCE DATA: IMF, World Economic Outlook"
XGOVEXP.IMF,BRA,2018,Source,Data sources,Country's submission to UNESCO OECD Eurostat (UOE) joint data collection
XGOVEXP.IMF,BRA,2019,Data Status,Data reporting,"FINANCE DATA: IMF, World Economic Outlook"
XGOVEXP.IMF,BRA,2019,Source,Data sources,Country's submission to UNESCO OECD Eurostat (UOE) joint data collection
XGOVEXP.IMF,BRA,2020,Data Status,Data reporting,"FINANCE DATA: IMF, World Economic Outlook"
XGOVEXP.IMF,BRA,2020,Source,Data sources,Country's submission to UNESCO OECD Eurostat (UOE) joint data collection
XGOVEXP.IMF,BRA,2021,Data Status,Data reporting,"FINANCE DATA: IMF, World Economic Outlook"
XGOVEXP.IMF,BRA,2021,Source,Data sources,Country's submission to UNESCO OECD Eurostat (UOE) joint data collection
XGOVEXP.IMF,BRA,2022,Data Status,Data reporting,"FINANCE DATA: IMF, World Economic Outlook"
XGOVEXP.IMF,BRA,2022,Source,Data sources,Country's submission to UNESCO OECD Eurostat (UOE) joint data collection
XGOVEXP.IMF,BRB,2000,Data Status,Data reporting,"FINANCE DATA: IMF, World Economic Outlook"
XGOVEXP.IMF,BRB,2000,Source,Data sources,Country's submission to UIS SFE Questionnaire B
XGOVEXP.IMF,BRB,2001,Data Status,Data reporting,"FINANCE DATA: IMF, World Economic Outlook"
XGOVEXP.IMF,BRB,2001,Source,Data sources,Country's submission to UIS SFE Questionnaire B
XGOVEXP.IMF,BRB,2002,Data Status,Data reporting,"FINANCE DATA: IMF, World Economic Outlook"
XGOVEXP.IMF,BRB,2002,Source,Data sources,Country's submission to UIS SFE Questionnaire B
XGOVEXP.IMF,BRB,2003,Data Status,Data reporting,"FINANCE DATA: IMF, World Economic Outlook"
XGOVEXP.IMF,BRB,2003,Source,Data sources,Country's submission to UIS SFE Questionnaire B
XGOVEXP.IMF,BRB,2004,Data Status,Data reporting,"FINANCE DATA: IMF, World Economic Outlook"
XGOVEXP.IMF,BRB,2004,Source,Data sources,Country's submission to UIS SFE Questionnaire B
XGOVEXP.IMF,BRB,2005,Data Status,Data reporting,"FINANCE DATA: IMF, World Economic Outlook"
XGOVEXP.IMF,BRB,2005,Source,Data sources,Country's submission to UIS SFE Questionnaire B
XGOVEXP.IMF,BRB,2007,Data Status,Data reporting,"FINANCE DATA: IMF, World Economic Outlook"
XGOVEXP.IMF,BRB,2007,Source,Data sources,Country's submission to UIS SFE Questionnaire B
XGOVEXP.IMF,BRB,2008,Data Status,Data reporting,"FINANCE DATA: IMF, World Economic Outlook"
XGOVEXP.IMF,BRB,2008,Source,Data sources,Country's submission to UIS SFE Questionnaire B
XGOVEXP.IMF,BRB,2009,Data Status,Data reporting,"FINANCE DATA: IMF, World Economic Outlook"
XGOVEXP.IMF,BRB,2009,Source,Data sources,Country's submission to UIS SFE Questionnaire B
XGOVEXP.IMF,BRB,2010,Data Status,Data reporting,"FINANCE DATA: IMF, World Economic Outlook"
XGOVEXP.IMF,BRB,2010,Source,Data sources,Country's submission to UIS SFE Questionnaire B
XGOVEXP.IMF,BRB,2012,Data Status,Data reporting,"FINANCE DATA: IMF, World Economic Outlook"
XGOVEXP.IMF,BRB,2012,Source,Data sources,Country's submission to UIS SFE Questionnaire B
XGOVEXP.IMF,BRB,2013,Data Status,Data reporting,"FINANCE DATA: IMF, World Economic Outlook"
XGOVEXP.IMF,BRB,2013,Source,Data sources,Country's submission to UIS SFE Questionnaire B
XGOVEXP.IMF,BRB,2014,Data Status,Data reporting,"FINANCE DATA: IMF, World Economic Outlook"
XGOVEXP.IMF,BRB,2014,Source,Data sources,Country's submission to UIS SFE Questionnaire B
XGOVEXP.IMF,BRB,2015,Source,Data sources,UIS Dynamic Template (mined data) based on Estimates 2017 - 2018 (https://www.barbadosparliament.com/uploads/document/eb2d17288e33d24ec34a90fd04dca0d0.pdf)
XGOVEXP.IMF,BRB,2016,Data Status,Data reporting,"FINANCE DATA: IMF, World Economic Outlook"
XGOVEXP.IMF,BRB,2016,Source,Data sources,Country's submission to UIS SFE Questionnaire B
XGOVEXP.IMF,BRB,2017,Data Status,Data reporting,"FINANCE DATA: IMF, World Economic Outlook"
XGOVEXP.IMF,BRB,2017,Source,Data sources,Country's submission to UIS SFE Questionnaire B
XGOVEXP.IMF,BRB,2018,Source,Data sources,UIS Dynamic Template (mined data) based on Estimates 2020 - 2021 (https://www.barbadosparliament.com/uploads/document/2fff6b30f3fd955702c85c8244da87a0.pdf)
XGOVEXP.IMF,BRB,2019,Data Status,Data reporting,"FINANCE DATA: IMF, World Economic Outlook"
XGOVEXP.IMF,BRB,2019,Source,Data sources,Country's submission to UIS SFE Questionnaire B
XGOVEXP.IMF,BRB,2020,Data Status,Data reporting,"FINANCE DATA: IMF, World Economic Outlook"
XGOVEXP.IMF,BRB,2020,Source,Data sources,Country's submission to UIS SFE Questionnaire B
XGOVEXP.IMF,BRB,2021,Data Status,Data reporting,"FINANCE DATA: IMF, World Economic Outlook"
XGOVEXP.IMF,BRB,2021,Source,Data sources,Country's submission to UIS SFE Questionnaire B
XGOVEXP.IMF,BRB,2022,Data Status,Data reporting,"FINANCE DATA: IMF, World Economic Outlook"
XGOVEXP.IMF,BRB,2022,Source,Data sources,Country's submission to UIS SFE Questionnaire B
XGOVEXP.IMF,BRB,2023,Data Status,Data reporting,"FINANCE DATA: IMF, World Economic Outlook"
XGOVEXP.IMF,BRB,2023,Source,Data sources,Country's submission to UIS SFE Questionnaire B
XGOVEXP.IMF,BRB,2024,Source,Data sources,UIS Dynamic template based on UIS Education Survey
XGOVEXP.IMF,BRB,2025,Source,Data sources,UIS Dynamic Template (mined data) based on Draft Estimates 2025 - 2026 (http://gisbarbados.gov.bb/download/2025-2026-draft-estimates/)
XGOVEXP.IMF,BRN,2000,Data Status,Data reporting,"FINANCE DATA: IMF, World Economic Outlook"
XGOVEXP.IMF,BRN,2000,Source,Data sources,Country's submission to UIS SFE Questionnaire B
XGOVEXP.IMF,BRN,2010,Data Status,Data reporting,"FINANCE DATA: IMF, World Economic Outlook"
XGOVEXP.IMF,BRN,2010,Source,Data sources,Country's submission to UIS SFE Questionnaire B
XGOVEXP.IMF,BRN,2011,Data Status,Data reporting,"FINANCE DATA: IMF, World Economic Outlook"
XGOVEXP.IMF,BRN,2011,Source,Data sources,Country's submission to UIS SFE Questionnaire B
XGOVEXP.IMF,BRN,2012,Data Status,Data reporting,"FINANCE DATA: IMF, World Economic Outlook"
XGOVEXP.IMF,BRN,2012,Source,Data sources,Country's submission to UIS SFE Questionnaire B
XGOVEXP.IMF,BRN,2014,Data Status,Data reporting,"FINANCE DATA: IMF, World Economic Outlook"
XGOVEXP.IMF,BRN,2014,Source,Data sources,Country's submission to UIS SFE Questionnaire B
XGOVEXP.IMF,BRN,2016,Data Status,Data reporting,"FINANCE DATA: IMF, World Economic Outlook"
XGOVEXP.IMF,BRN,2016,Source,Data sources,Country's submission to UIS SFE Questionnaire B
XGOVEXP.IMF,BTN,2000,Data Status,Data reporting,"FINANCE DATA: IMF, World Economic Outlook"
XGOVEXP.IMF,BTN,2000,Source,Data sources,Country's submission to UIS SFE Questionnaire B
XGOVEXP.IMF,BTN,2001,Data Status,Data reporting,"FINANCE DATA: IMF, World Economic Outlook"
XGOVEXP.IMF,BTN,2001,Source,Data sources,Country's submission to UIS SFE Questionnaire B
XGOVEXP.IMF,BTN,2004,Data Status,Data reporting,"FINANCE DATA: IMF, World Economic Outlook"
XGOVEXP.IMF,BTN,2004,Source,Data sources,Country's submission to UIS SFE Questionnaire B
XGOVEXP.IMF,BTN,2005,Data Status,Data reporting,"FINANCE DATA: IMF, World Economic Outlook"
XGOVEXP.IMF,BTN,2005,Source,Data sources,Country's submission to UIS SFE Questionnaire B
XGOVEXP.IMF,BTN,2008,Data Status,Data reporting,"FINANCE DATA: IMF, World Economic Outlook"
XGOVEXP.IMF,BTN,2008,Source,Data sources,Country's submission to UIS SFE Questionnaire B
XGOVEXP.IMF,BTN,2009,Data Status,Data reporting,"FINANCE DATA: IMF, World Economic Outlook"
XGOVEXP.IMF,BTN,2009,Source,Data sources,Country's submission to UIS SFE Questionnaire B
XGOVEXP.IMF,BTN,2010,Data Status,Data reporting,"FINANCE DATA: IMF, World Economic Outlook"
XGOVEXP.IMF,BTN,2010,Source,Data sources,Country's submission to UIS SFE Questionnaire B
XGOVEXP.IMF,BTN,2011,Data Status,Data reporting,"FINANCE DATA: IMF, World Economic Outlook"
XGOVEXP.IMF,BTN,2011,Source,Data sources,Country's submission to UIS SFE Questionnaire B
XGOVEXP.IMF,BTN,2013,Data Status,Data reporting,"FINANCE DATA: IMF, World Economic Outlook"
XGOVEXP.IMF,BTN,2013,Source,Data sources,Country's submission to UIS SFE Questionnaire B
XGOVEXP.IMF,BTN,2014,Data Status,Data reporting,"FINANCE DATA: IMF, World Economic Outlook"
XGOVEXP.IMF,BTN,2014,Source,Data sources,Country's submission to UIS SFE Questionnaire B
XGOVEXP.IMF,BTN,2015,Data Status,Data reporting,"FINANCE DATA: IMF, World Economic Outlook"
XGOVEXP.IMF,BTN,2015,Source,Data sources,Country's submission to UIS SFE Questionnaire B
XGOVEXP.IMF,BTN,2016,Data Status,Data reporting,"FINANCE DATA: IMF, World Economic Outlook"
XGOVEXP.IMF,BTN,2016,Source,Data sources,Country's submission to UIS SFE Questionnaire B
XGOVEXP.IMF,BTN,2017,Data Status,Data reporting,"FINANCE DATA: IMF, World Economic Outlook"
XGOVEXP.IMF,BTN,2017,Source,Data sources,Country's submission to UIS SFE Questionnaire B
XGOVEXP.IMF,BTN,2018,Data Status,Data reporting,"FINANCE DATA: IMF, World Economic Outlook"
XGOVEXP.IMF,BTN,2018,Source,Data sources,Country's submission to UIS SFE Questionnaire B
XGOVEXP.IMF,BTN,2019,Source,Data sources,UIS Dynamic template based on ANNUAL FINANCIAL STATEMENTS of the ROYAL GOVERNMENT of BHUTAN for the YEAR ENDED 30 JUNE 2019 (https://www.mof.gov.bt/wp-content/uploads/2020/06/AFS_FY_2018-2019_English.pdf)
XGOVEXP.IMF,BTN,2020,Source,Data sources,UIS Dynamic template based on ANNUAL FINANCIAL STATEMENTS 2019-2020 (https://www.mof.gov.bt/wp-content/uploads/2021/05/AFS_FY_2019-2020.pdf`)
XGOVEXP.IMF,BTN,2021,Source,Data sources,UIS Dynamic template based on ANNUAL FINANCIAL STATEMENTS of the ROYAL GOVERNMENT of BHUTAN for the YEAR ENDED 30 JUNE 2021 (https://www.mof.gov.bt/wp-content/uploads/2022/01/AFS_FY_2020-2021.pdf)
XGOVEXP.IMF,BTN,2022,Source,Data sources,UIS Dynamic template based on data provided by country
XGOVEXP.IMF,BTN,2023,Data Status,Data reporting,"FINANCE DATA: IMF, World Economic Outlook"
XGOVEXP.IMF,BTN,2023,Source,Data sources,Country's submission to UIS SFE Questionnaire B
XGOVEXP.IMF,BTN,2024,Source,Data sources,UIS Dynamic template based on Budget report for FY 2023-24 (https://www.mof.gov.bt/wp-content/uploads/2023/06/Budget-Report-English2023-24.pdf)
XGOVEXP.IMF,BTN,2025,Source,Data sources,UIS Dynamic template based on Budget report for FY 2024-25 (https://www.mof.gov.bt/publications/reports/budget-reports/)
XGOVEXP.IMF,BWA,2005,Data Status,Data reporting,"FINANCE DATA: IMF, World Economic Outlook"
XGOVEXP.IMF,BWA,2005,Source,Data sources,Country's submission to UIS SFE Questionnaire B
XGOVEXP.IMF,BWA,2007,Data Status,Data reporting,"FINANCE DATA: IMF, World Economic Outlook"
XGOVEXP.IMF,BWA,2007,Source,Data sources,Country's submission to UIS SFE Questionnaire B
XGOVEXP.IMF,BWA,2009,Data Status,Data reporting,"FINANCE DATA: IMF, World Economic Outlook"
XGOVEXP.IMF,BWA,2009,Source,Data sources,Country's submission to UIS SFE Questionnaire B
XGOVEXP.IMF,BWA,2010,Source,Data sources,UIS Dynamic template based on 2019 FUNCTIONAL CLASSIFICATION OF EXPENDITURE AND NET LENDING (https://www.finance.gov.bw/images/Budget-Tables/2019-20/Table-VI-Functional-Classification-of-Expenditure-and-Net-Lending.pdf)
XGOVEXP.IMF,BWA,2011,Source,Data sources,UIS Dynamic template based on 2019 FUNCTIONAL CLASSIFICATION OF EXPENDITURE AND NET LENDING (https://www.finance.gov.bw/images/Budget-Tables/2019-20/Table-VI-Functional-Classification-of-Expenditure-and-Net-Lending.pdf)
XGOVEXP.IMF,BWA,2012,Source,Data sources,UIS Dynamic template based on 2019 FUNCTIONAL CLASSIFICATION OF EXPENDITURE AND NET LENDING (https://www.finance.gov.bw/images/Budget-Tables/2019-20/Table-VI-Functional-Classification-of-Expenditure-and-Net-Lending.pdf)
XGOVEXP.IMF,BWA,2013,Source,Data sources,UIS Dynamic template based on 2019 FUNCTIONAL CLASSIFICATION OF EXPENDITURE AND NET LENDING (https://www.finance.gov.bw/images/Budget-Tables/2019-20/Table-VI-Functional-Classification-of-Expenditure-and-Net-Lending.pdf)
XGOVEXP.IMF,BWA,2014,Source,Data sources,UIS Dynamic template based on 2019 FUNCTIONAL CLASSIFICATION OF EXPENDITURE AND NET LENDING (https://www.finance.gov.bw/images/Budget-Tables/2019-20/Table-VI-Functional-Classification-of-Expenditure-and-Net-Lending.pdf)
XGOVEXP.IMF,BWA,2015,Source,Data sources,UIS Dynamic template based on 2019 FUNCTIONAL CLASSIFICATION OF EXPENDITURE AND NET LENDING (https://www.finance.gov.bw/images/Budget-Tables/2019-20/Table-VI-Functional-Classification-of-Expenditure-and-Net-Lending.pdf)
XGOVEXP.IMF,BWA,2016,Source,Data sources,UIS Dynamic template based on 2019 FUNCTIONAL CLASSIFICATION OF EXPENDITURE AND NET LENDING (https://www.finance.gov.bw/images/Budget-Tables/2019-20/Table-VI-Functional-Classification-of-Expenditure-and-Net-Lending.pdf)
XGOVEXP.IMF,BWA,2017,Source,Data sources,UIS Dynamic template based on 2019 FUNCTIONAL CLASSIFICATION OF EXPENDITURE AND NET LENDING (https://www.finance.gov.bw/images/Budget-Tables/2019-20/Table-VI-Functional-Classification-of-Expenditure-and-Net-Lending.pdf)
XGOVEXP.IMF,BWA,2018,Source,Data sources,UIS Dynamic template based on 2019 FUNCTIONAL CLASSIFICATION OF EXPENDITURE AND NET LENDING (https://www.finance.gov.bw/images/Budget-Tables/2019-20/Table-VI-Functional-Classification-of-Expenditure-and-Net-Lending.pdf)
XGOVEXP.IMF,BWA,2019,Source,Data sources,UIS Dynamic template based on 2019 FUNCTIONAL CLASSIFICATION OF EXPENDITURE AND NET LENDING (https://www.finance.gov.bw/images/Budget-Tables/2019-20/Table-VI-Functional-Classification-of-Expenditure-and-Net-Lending.pdf)
XGOVEXP.IMF,BWA,2020,Source,Data sources,UIS Dynamic template based on 2019 FUNCTIONAL CLASSIFICATION OF EXPENDITURE AND NET LENDING (https://www.finance.gov.bw/images/Budget-Tables/2019-20/Table-VI-Functional-Classification-of-Expenditure-and-Net-Lending.pdf)
XGOVEXP.IMF,CAF,2000,Data Status,Data reporting,"FINANCE DATA: IMF, World Economic Outlook"
XGOVEXP.IMF,CAF,2000,Source,Data sources,Country's submission to UIS SFE Questionnaire B
XGOVEXP.IMF,CAF,2002,Data Status,Data reporting,"FINANCE DATA: IMF, World Economic Outlook"
XGOVEXP.IMF,CAF,2002,Source,Data sources,Country's submission to UIS SFE Questionnaire B
XGOVEXP.IMF,CAF,2003,Data Status,Data reporting,"FINANCE DATA: IMF, World Economic Outlook"
XGOVEXP.IMF,CAF,2003,Source,Data sources,Country's submission to UIS SFE Questionnaire B
XGOVEXP.IMF,CAF,2004,Data Status,Data reporting,"FINANCE DATA: IMF, World Economic Outlook"
XGOVEXP.IMF,CAF,2004,Source,Data sources,Country's submission to UIS SFE Questionnaire B
XGOVEXP.IMF,CAF,2005,Data Status,Data reporting,"FINANCE DATA: IMF, World Economic Outlook"
XGOVEXP.IMF,CAF,2005,Source,Data sources,Country's submission to UIS SFE Questionnaire B
XGOVEXP.IMF,CAF,2006,Data Status,Data reporting,"FINANCE DATA: IMF, World Economic Outlook"
XGOVEXP.IMF,CAF,2006,Source,Data sources,Country's submission to UIS SFE Questionnaire B
XGOVEXP.IMF,CAF,2007,Data Status,Data reporting,"FINANCE DATA: IMF, World Economic Outlook"
XGOVEXP.IMF,CAF,2007,Source,Data sources,Country's submission to UIS SFE Questionnaire B
XGOVEXP.IMF,CAF,2008,Data Status,Data reporting,"FINANCE DATA: IMF, World Economic Outlook"
XGOVEXP.IMF,CAF,2008,Source,Data sources,Country's submission to UIS SFE Questionnaire B
XGOVEXP.IMF,CAF,2009,Data Status,Data reporting,"FINANCE DATA: IMF, World Economic Outlook"
XGOVEXP.IMF,CAF,2009,Source,Data sources,Country's submission to UIS SFE Questionnaire B
XGOVEXP.IMF,CAF,2010,Data Status,Data reporting,"FINANCE DATA: IMF, World Economic Outlook"
XGOVEXP.IMF,CAF,2010,Source,Data sources,Country's submission to UIS SFE Questionnaire B
XGOVEXP.IMF,CAF,2011,Data Status,Data reporting,"FINANCE DATA: IMF, World Economic Outlook"
XGOVEXP.IMF,CAF,2011,Source,Data sources,Country's submission to UIS SFE Questionnaire B
XGOVEXP.IMF,CAF,2012,Source,Data sources,UIS Dynamic Template (mined data) based on Arretant le Budget de l'Etat 2012 (http://finances.gouv.cf/sites/default/files/2021-02/Loi%20de%20Finances%202012.pdf)
XGOVEXP.IMF,CAF,2013,Source,Data sources,UIS Dynamic Template (mined data) based on Arretant le Budget de l'Etat 2013 (http://finances.gouv.cf/sites/default/files/2021-02/Loi%20de%20Finances%202013.pdf)
XGOVEXP.IMF,CAF,2014,Source,Data sources,UIS Dynamic Template (mined data) based on Arretant le Budget de l'Etat 2014 (http://finances.gouv.cf/sites/default/files/2021-02/Loi%20de%20Finances%202014.pdf)
XGOVEXP.IMF,CAF,2015,Source,Data sources,UIS Dynamic Template (mined data) based on Arretant le Budget de l'Etat 2015 (https://www.finances.gouv.cf/sites/default/files/2021-02/Loi%20de%20Finances%202015.pdf)
XGOVEXP.IMF,CAF,2016,Source,Data sources,UIS Dynamic Template (mined data) based on Arretant le Budget de l'Etat 2016 (https://www.finances.gouv.cf/sites/default/files/2021-02/Loi%20de%20Finances%202016.pdf)
XGOVEXP.IMF,CAF,2017,Source,Data sources,UIS Dynamic Template (mined data) based on Arretant le Budget de l'Etat 2017 (https://www.finances.gouv.cf/sites/default/files/2021-02/Loi%20de%20Finances%202017.pdf)
XGOVEXP.IMF,CAF,2018,Source,Data sources,UIS Dynamic Template (mined data) based on Arretant le Budget de l'Etat 2018 (https://www.finances.gouv.cf/sites/default/files/2021-02/Loi%20de%20Finances%202018.pdf)
XGOVEXP.IMF,CAF,2019,Source,Data sources,UIS Dynamic Template (mined data) based on Arretant le Budget de l'Etat 2019 (https://www.finances.gouv.cf/sites/default/files/2021-02/Loi%20de%20Finances%202019.pdf)
XGOVEXP.IMF,CAF,2020,Source,Data sources,UIS Dynamic Template (mined data) based on Arretant le Budget de l'Etat 2020 (https://www.finances.gouv.cf/sites/default/files/2021-02/Loi%20de%20Finances%202020.pdf)
XGOVEXP.IMF,CAF,2021,Source,Data sources,UIS Dynamic Template (mined data) based on Arretant le Budget de l'Etat 2021 (https://www.finances.gouv.cf/sites/default/files/2021-02/Loi%20de%20Finances%202021.pdf)
XGOVEXP.IMF,CAF,2022,Source,Data sources,UIS Dynamic Template (mined data) based on Arretant le Budget de l'Etat 2022 (https://www.finances.gouv.cf/sites/default/files/2022-01/Loi%20Finances%20RCA%202022.pdf)
XGOVEXP.IMF,CAF,2023,Source,Data sources,UIS Dynamic Template (mined data) based on Arretant le Budget de l'Etat 2023 (https://www.finances.gouv.cf/sites/default/files/2023-01/LOI%20DE%20FINANCES%202023.pdf)
XGOVEXP.IMF,CAN,2000,Data Status,Data reporting,"FINANCE DATA: IMF, World Economic Outlook"
XGOVEXP.IMF,CAN,2000,Source,Data sources,Country's submission to UNESCO OECD Eurostat (UOE) joint data collection
XGOVEXP.IMF,CAN,2001,Data Status,Data reporting,"FINANCE DATA: IMF, World Economic Outlook"
XGOVEXP.IMF,CAN,2001,Source,Data sources,Country's submission to UNESCO OECD Eurostat (UOE) joint data collection
XGOVEXP.IMF,CAN,2002,Data Status,Data reporting,"FINANCE DATA: IMF, World Economic Outlook"
XGOVEXP.IMF,CAN,2002,Source,Data sources,Country's submission to UNESCO OECD Eurostat (UOE) joint data collection
XGOVEXP.IMF,CAN,2005,Data Status,Data reporting,"FINANCE DATA: IMF, World Economic Outlook"
XGOVEXP.IMF,CAN,2005,Source,Data sources,Country's submission to UNESCO OECD Eurostat (UOE) joint data collection
XGOVEXP.IMF,CAN,2007,Data Status,Data reporting,"FINANCE DATA: IMF, World Economic Outlook"
XGOVEXP.IMF,CAN,2007,Source,Data sources,Country's submission to UNESCO OECD Eurostat (UOE) joint data collection
XGOVEXP.IMF,CAN,2008,Data Status,Data reporting,"FINANCE DATA: IMF, World Economic Outlook"
XGOVEXP.IMF,CAN,2008,Source,Data sources,Country's submission to UNESCO OECD Eurostat (UOE) joint data collection
XGOVEXP.IMF,CAN,2009,Data Status,Data reporting,"FINANCE DATA: IMF, World Economic Outlook"
XGOVEXP.IMF,CAN,2009,Source,Data sources,Country's submission to UNESCO OECD Eurostat (UOE) joint data collection
XGOVEXP.IMF,CAN,2010,Data Status,Data reporting,"FINANCE DATA: IMF, World Economic Outlook"
XGOVEXP.IMF,CAN,2010,Source,Data sources,Country's submission to UNESCO OECD Eurostat (UOE) joint data collection
XGOVEXP.IMF,CAN,2011,Data Status,Data reporting,"FINANCE DATA: IMF, World Economic Outlook"
XGOVEXP.IMF,CAN,2011,Source,Data sources,Country's submission to UNESCO OECD Eurostat (UOE) joint data collection
XGOVEXP.IMF,CAN,2013,Data Status,Data reporting,"FINANCE DATA: IMF, World Economic Outlook"
XGOVEXP.IMF,CAN,2013,Source,Data sources,Country's submission to UNESCO OECD Eurostat (UOE) joint data collection
XGOVEXP.IMF,CAN,2014,Data Status,Data reporting,"FINANCE DATA: IMF, World Economic Outlook"
XGOVEXP.IMF,CAN,2014,Source,Data sources,Country's submission to UNESCO OECD Eurostat (UOE) joint data collection
XGOVEXP.IMF,CAN,2015,Data Status,Data reporting,"FINANCE DATA: IMF, World Economic Outlook"
XGOVEXP.IMF,CAN,2015,Source,Data sources,Country's submission to UNESCO OECD Eurostat (UOE) joint data collection
XGOVEXP.IMF,CAN,2016,Data Status,Data reporting,"FINANCE DATA: IMF, World Economic Outlook"
XGOVEXP.IMF,CAN,2016,Source,Data sources,Country's submission to UNESCO OECD Eurostat (UOE) joint data collection
XGOVEXP.IMF,CAN,2017,Data Status,Data reporting,"FINANCE DATA: IMF, World Economic Outlook"
XGOVEXP.IMF,CAN,2017,Source,Data sources,Country's submission to UNESCO OECD Eurostat (UOE) joint data collection
XGOVEXP.IMF,CAN,2018,Data Status,Data reporting,"FINANCE DATA: IMF, World Economic Outlook"
XGOVEXP.IMF,CAN,2018,Source,Data sources,Country's submission to UNESCO OECD Eurostat (UOE) joint data collection
XGOVEXP.IMF,CAN,2019,Data Status,Data reporting,"FINANCE DATA: IMF, World Economic Outlook"
XGOVEXP.IMF,CAN,2019,Source,Data sources,Country's submission to UNESCO OECD Eurostat (UOE) joint data collection
XGOVEXP.IMF,CAN,2020,Data Status,Data reporting,"FINANCE DATA: IMF, World Economic Outlook"
XGOVEXP.IMF,CAN,2020,Source,Data sources,Country's submission to UNESCO OECD Eurostat (UOE) joint data collection
XGOVEXP.IMF,CAN,2021,Data Status,Data reporting,"FINANCE DATA: IMF, World Economic Outlook"
XGOVEXP.IMF,CAN,2021,Source,Data sources,Country's submission to UNESCO OECD Eurostat (UOE) joint data collection
XGOVEXP.IMF,CAN,2022,Data Status,Data reporting,"FINANCE DATA: IMF, World Economic Outlook"
XGOVEXP.IMF,CAN,2022,Source,Data sources,Country's submission to UNESCO OECD Eurostat (UOE) joint data collection
XGOVEXP.IMF,CHE,2000,Data Status,Data reporting,"FINANCE DATA: IMF, World Economic Outlook"
XGOVEXP.IMF,CHE,2000,Source,Data sources,Country's submission to UNESCO OECD Eurostat (UOE) joint data collection
XGOVEXP.IMF,CHE,2001,Data Status,Data reporting,"FINANCE DATA: IMF, World Economic Outlook"
XGOVEXP.IMF,CHE,2001,Source,Data sources,Country's submission to UNESCO OECD Eurostat (UOE) joint data collection
XGOVEXP.IMF,CHE,2002,Data Status,Data reporting,"FINANCE DATA: IMF, World Economic Outlook"
XGOVEXP.IMF,CHE,2002,Source,Data sources,Country's submission to UNESCO OECD Eurostat (UOE) joint data collection
XGOVEXP.IMF,CHE,2003,Data Status,Data reporting,"FINANCE DATA: IMF, World Economic Outlook"
XGOVEXP.IMF,CHE,2003,Source,Data sources,Country's submission to UNESCO OECD Eurostat (UOE) joint data collection
XGOVEXP.IMF,CHE,2004,Data Status,Data reporting,"FINANCE DATA: IMF, World Economic Outlook"
XGOVEXP.IMF,CHE,2004,Source,Data sources,Country's submission to UNESCO OECD Eurostat (UOE) joint data collection
XGOVEXP.IMF,CHE,2005,Data Status,Data reporting,"FINANCE DATA: IMF, World Economic Outlook"
XGOVEXP.IMF,CHE,2005,Source,Data sources,Country's submission to UNESCO OECD Eurostat (UOE) joint data collection
XGOVEXP.IMF,CHE,2006,Data Status,Data reporting,"FINANCE DATA: IMF, World Economic Outlook"
XGOVEXP.IMF,CHE,2006,Source,Data sources,Country's submission to UNESCO OECD Eurostat (UOE) joint data collection
XGOVEXP.IMF,CHE,2007,Data Status,Data reporting,"FINANCE DATA: IMF, World Economic Outlook"
XGOVEXP.IMF,CHE,2007,Source,Data sources,Country's submission to UNESCO OECD Eurostat (UOE) joint data collection
XGOVEXP.IMF,CHE,2008,Data Status,Data reporting,"FINANCE DATA: IMF, World Economic Outlook"
XGOVEXP.IMF,CHE,2008,Source,Data sources,Country's submission to UNESCO OECD Eurostat (UOE) joint data collection
XGOVEXP.IMF,CHE,2009,Data Status,Data reporting,"FINANCE DATA: IMF, World Economic Outlook"
XGOVEXP.IMF,CHE,2009,Source,Data sources,Country's submission to UNESCO OECD Eurostat (UOE) joint data collection
XGOVEXP.IMF,CHE,2010,Data Status,Data reporting,"FINANCE DATA: IMF, World Economic Outlook"
XGOVEXP.IMF,CHE,2010,Source,Data sources,Country's submission to UNESCO OECD Eurostat (UOE) joint data collection
XGOVEXP.IMF,CHE,2011,Data Status,Data reporting,"FINANCE DATA: IMF, World Economic Outlook"
XGOVEXP.IMF,CHE,2011,Source,Data sources,Country's submission to UNESCO OECD Eurostat (UOE) joint data collection
XGOVEXP.IMF,CHE,2012,Data Status,Data reporting,"FINANCE DATA: IMF, World Economic Outlook"
XGOVEXP.IMF,CHE,2012,Source,Data sources,Country's submission to UNESCO OECD Eurostat (UOE) joint data collection
XGOVEXP.IMF,CHE,2013,Data Status,Data reporting,"FINANCE DATA: IMF, World Economic Outlook"
XGOVEXP.IMF,CHE,2013,Source,Data sources,Country's submission to UNESCO OECD Eurostat (UOE) joint data collection
XGOVEXP.IMF,CHE,2014,Data Status,Data reporting,"FINANCE DATA: IMF, World Economic Outlook"
XGOVEXP.IMF,CHE,2014,Source,Data sources,Country's submission to UNESCO OECD Eurostat (UOE) joint data collection
XGOVEXP.IMF,CHE,2015,Data Status,Data reporting,"FINANCE DATA: IMF, World Economic Outlook"
XGOVEXP.IMF,CHE,2015,Source,Data sources,Country's submission to UNESCO OECD Eurostat (UOE) joint data collection
XGOVEXP.IMF,CHE,2016,Data Status,Data reporting,"FINANCE DATA: IMF, World Economic Outlook"
XGOVEXP.IMF,CHE,2016,Source,Data sources,Country's submission to UNESCO OECD Eurostat (UOE) joint data collection
XGOVEXP.IMF,CHE,2017,Data Status,Data reporting,"FINANCE DATA: IMF, World Economic Outlook"
XGOVEXP.IMF,CHE,2017,Source,Data sources,Country's submission to UNESCO OECD Eurostat (UOE) joint data collection
XGOVEXP.IMF,CHE,2018,Data Status,Data reporting,"FINANCE DATA: IMF, World Economic Outlook"
XGOVEXP.IMF,CHE,2018,Source,Data sources,Country's submission to UNESCO OECD Eurostat (UOE) joint data collection
XGOVEXP.IMF,CHE,2019,Data Status,Data reporting,"FINANCE DATA: IMF, World Economic Outlook"
XGOVEXP.IMF,CHE,2019,Source,Data sources,Country's submission to UNESCO OECD Eurostat (UOE) joint data collection
XGOVEXP.IMF,CHE,2020,Data Status,Data reporting,"FINANCE DATA: IMF, World Economic Outlook"
XGOVEXP.IMF,CHE,2020,Source,Data sources,Country's submission to UNESCO OECD Eurostat (UOE) joint data collection
XGOVEXP.IMF,CHE,2021,Data Status,Data reporting,"FINANCE DATA: IMF, World Economic Outlook"
XGOVEXP.IMF,CHE,2021,Source,Data sources,Country's submission to UNESCO OECD Eurostat (UOE) joint data collection
XGOVEXP.IMF,CHE,2022,Data Status,Data reporting,"FINANCE DATA: IMF, World Economic Outlook"
XGOVEXP.IMF,CHE,2022,Source,Data sources,Country's submission to UNESCO OECD Eurostat (UOE) joint data collection
XGOVEXP.IMF,CHL,2000,Data Status,Data reporting,"FINANCE DATA: IMF, World Economic Outlook"
XGOVEXP.IMF,CHL,2000,Source,Data sources,Country's submission to UNESCO OECD Eurostat (UOE) joint data collection
XGOVEXP.IMF,CHL,2002,Data Status,Data reporting,"FINANCE DATA: IMF, World Economic Outlook"
XGOVEXP.IMF,CHL,2002,Source,Data sources,Country's submission to UNESCO OECD Eurostat (UOE) joint data collection
XGOVEXP.IMF,CHL,2003,Data Status,Data reporting,"FINANCE DATA: IMF, World Economic Outlook"
XGOVEXP.IMF,CHL,2003,Source,Data sources,Country's submission to UNESCO OECD Eurostat (UOE) joint data collection
XGOVEXP.IMF,CHL,2004,Data Status,Data reporting,"FINANCE DATA: IMF, World Economic Outlook"
XGOVEXP.IMF,CHL,2004,Source,Data sources,Country's submission to UNESCO OECD Eurostat (UOE) joint data collection
XGOVEXP.IMF,CHL,2005,Data Status,Data reporting,"FINANCE DATA: IMF, World Economic Outlook"
XGOVEXP.IMF,CHL,2005,Source,Data sources,Country's submission to UNESCO OECD Eurostat (UOE) joint data collection
XGOVEXP.IMF,CHL,2006,Data Status,Data reporting,"FINANCE DATA: IMF, World Economic Outlook"
XGOVEXP.IMF,CHL,2006,Source,Data sources,Country's submission to UNESCO OECD Eurostat (UOE) joint data collection
XGOVEXP.IMF,CHL,2007,Data Status,Data reporting,"FINANCE DATA: IMF, World Economic Outlook"
XGOVEXP.IMF,CHL,2007,Source,Data sources,Country's submission to UNESCO OECD Eurostat (UOE) joint data collection
XGOVEXP.IMF,CHL,2008,Data Status,Data reporting,"FINANCE DATA: IMF, World Economic Outlook"
XGOVEXP.IMF,CHL,2008,Source,Data sources,Country's submission to UNESCO OECD Eurostat (UOE) joint data collection
XGOVEXP.IMF,CHL,2009,Data Status,Data reporting,"FINANCE DATA: IMF, World Economic Outlook"
XGOVEXP.IMF,CHL,2009,Source,Data sources,Country's submission to UNESCO OECD Eurostat (UOE) joint data collection
XGOVEXP.IMF,CHL,2010,Data Status,Data reporting,"FINANCE DATA: IMF, World Economic Outlook"
XGOVEXP.IMF,CHL,2010,Source,Data sources,Country's submission to UNESCO OECD Eurostat (UOE) joint data collection
XGOVEXP.IMF,CHL,2011,Data Status,Data reporting,"FINANCE DATA: IMF, World Economic Outlook"
XGOVEXP.IMF,CHL,2011,Source,Data sources,Country's submission to UNESCO OECD Eurostat (UOE) joint data collection
XGOVEXP.IMF,CHL,2013,Data Status,Data reporting,"FINANCE DATA: IMF, World Economic Outlook"
XGOVEXP.IMF,CHL,2013,Source,Data sources,Country's submission to UNESCO OECD Eurostat (UOE) joint data collection
XGOVEXP.IMF,CHL,2014,Data Status,Data reporting,"FINANCE DATA: IMF, World Economic Outlook"
XGOVEXP.IMF,CHL,2014,Source,Data sources,Country's submission to UNESCO OECD Eurostat (UOE) joint data collection
XGOVEXP.IMF,CHL,2015,Data Status,Data reporting,"FINANCE DATA: IMF, World Economic Outlook"
XGOVEXP.IMF,CHL,2015,Source,Data sources,Country's submission to UNESCO OECD Eurostat (UOE) joint data collection
XGOVEXP.IMF,CHL,2016,Data Status,Data reporting,"FINANCE DATA: IMF, World Economic Outlook"
XGOVEXP.IMF,CHL,2016,Source,Data sources,Country's submission to UNESCO OECD Eurostat (UOE) joint data collection
XGOVEXP.IMF,CHL,2017,Data Status,Data reporting,"FINANCE DATA: IMF, World Economic Outlook"
XGOVEXP.IMF,CHL,2017,Source,Data sources,Country's submission to UNESCO OECD Eurostat (UOE) joint data collection
XGOVEXP.IMF,CHL,2018,Data Status,Data reporting,"FINANCE DATA: IMF, World Economic Outlook"
XGOVEXP.IMF,CHL,2018,Source,Data sources,Country's submission to UNESCO OECD Eurostat (UOE) joint data collection
XGOVEXP.IMF,CHL,2019,Data Status,Data reporting,"FINANCE DATA: IMF, World Economic Outlook"
XGOVEXP.IMF,CHL,2019,Source,Data sources,Country's submission to UNESCO OECD Eurostat (UOE) joint data collection
XGOVEXP.IMF,CHL,2020,Data Status,Data reporting,"FINANCE DATA: IMF, World Economic Outlook"
XGOVEXP.IMF,CHL,2020,Source,Data sources,Country's submission to UNESCO OECD Eurostat (UOE) joint data collection
XGOVEXP.IMF,CHL,2021,Data Status,Data reporting,"FINANCE DATA: IMF, World Economic Outlook"
XGOVEXP.IMF,CHL,2021,Source,Data sources,Country's submission to UNESCO OECD Eurostat (UOE) joint data collection
XGOVEXP.IMF,CHL,2022,Data Status,Data reporting,"FINANCE DATA: IMF, World Economic Outlook"
XGOVEXP.IMF,CHL,2022,Source,Data sources,Country's submission to UNESCO OECD Eurostat (UOE) joint data collection
XGOVEXP.IMF,CHN,2023,Data Status,Data reporting,"FINANCE DATA: IMF, World Economic Outlook"
XGOVEXP.IMF,CHN,2023,Source,Data sources,Country's submission to UIS SFE Questionnaire B
XGOVEXP.IMF,CIV,2000,Data Status,Data reporting,"FINANCE DATA: IMF, World Economic Outlook"
XGOVEXP.IMF,CIV,2000,Source,Data sources,Country's submission to UIS SFE Questionnaire B
XGOVEXP.IMF,CIV,2001,Data Status,Data reporting,"FINANCE DATA: IMF, World Economic Outlook"
XGOVEXP.IMF,CIV,2001,Source,Data sources,Country's submission to UIS SFE Questionnaire B
XGOVEXP.IMF,CIV,2002,Data Status,Data reporting,"FINANCE DATA: IMF, World Economic Outlook"
XGOVEXP.IMF,CIV,2002,Source,Data sources,Country's submission to UIS SFE Questionnaire B
XGOVEXP.IMF,CIV,2003,Data Status,Data reporting,"FINANCE DATA: IMF, World Economic Outlook"
XGOVEXP.IMF,CIV,2003,Source,Data sources,Country's submission to UIS SFE Questionnaire B
XGOVEXP.IMF,CIV,2004,Data Status,Data reporting,"FINANCE DATA: IMF, World Economic Outlook"
XGOVEXP.IMF,CIV,2004,Source,Data sources,Country's submission to UIS SFE Questionnaire B
XGOVEXP.IMF,CIV,2005,Data Status,Data reporting,"FINANCE DATA: IMF, World Economic Outlook"
XGOVEXP.IMF,CIV,2005,Source,Data sources,Country's submission to UIS SFE Questionnaire B
XGOVEXP.IMF,CIV,2006,Data Status,Data reporting,"FINANCE DATA: IMF, World Economic Outlook"
XGOVEXP.IMF,CIV,2006,Source,Data sources,Country's submission to UIS SFE Questionnaire B
XGOVEXP.IMF,CIV,2007,Data Status,Data reporting,"FINANCE DATA: IMF, World Economic Outlook"
XGOVEXP.IMF,CIV,2007,Source,Data sources,Country's submission to UIS SFE Questionnaire B
XGOVEXP.IMF,CIV,2008,Data Status,Data reporting,"FINANCE DATA: IMF, World Economic Outlook"
XGOVEXP.IMF,CIV,2008,Source,Data sources,Country's submission to UIS SFE Questionnaire B
XGOVEXP.IMF,CIV,2009,Data Status,Data reporting,"FINANCE DATA: IMF, World Economic Outlook"
XGOVEXP.IMF,CIV,2009,Source,Data sources,Country's submission to UIS SFE Questionnaire B
XGOVEXP.IMF,CIV,2010,Data Status,Data reporting,"FINANCE DATA: IMF, World Economic Outlook"
XGOVEXP.IMF,CIV,2010,Source,Data sources,Country's submission to UIS SFE Questionnaire B
XGOVEXP.IMF,CIV,2011,Data Status,Data reporting,"FINANCE DATA: IMF, World Economic Outlook"
XGOVEXP.IMF,CIV,2011,Source,Data sources,Country's submission to UIS SFE Questionnaire B
XGOVEXP.IMF,CIV,2012,Data Status,Data reporting,"FINANCE DATA: IMF, World Economic Outlook"
XGOVEXP.IMF,CIV,2012,Source,Data sources,Country's submission to UIS SFE Questionnaire B
XGOVEXP.IMF,CIV,2013,Data Status,Data reporting,"FINANCE DATA: IMF, World Economic Outlook"
XGOVEXP.IMF,CIV,2013,Source,Data sources,Country's submission to UIS SFE Questionnaire B
XGOVEXP.IMF,CIV,2014,Data Status,Data reporting,"FINANCE DATA: IMF, World Economic Outlook"
XGOVEXP.IMF,CIV,2014,Source,Data sources,Country's submission to UIS SFE Questionnaire B
XGOVEXP.IMF,CIV,2015,Data Status,Data reporting,"FINANCE DATA: IMF, World Economic Outlook"
XGOVEXP.IMF,CIV,2015,Source,Data sources,Country's submission to UIS SFE Questionnaire B
XGOVEXP.IMF,CIV,2016,Data Status,Data reporting,"FINANCE DATA: IMF, World Economic Outlook"
XGOVEXP.IMF,CIV,2016,Source,Data sources,Country's submission to UIS SFE Questionnaire B
XGOVEXP.IMF,CIV,2017,Data Status,Data reporting,"FINANCE DATA: IMF, World Economic Outlook"
XGOVEXP.IMF,CIV,2017,Source,Data sources,Country's submission to UIS SFE Questionnaire B
XGOVEXP.IMF,CIV,2018,Data Status,Data reporting,"FINANCE DATA: IMF, World Economic Outlook"
XGOVEXP.IMF,CIV,2018,Source,Data sources,Country's submission to UIS SFE Questionnaire B
XGOVEXP.IMF,CIV,2019,Data Status,Data reporting,"FINANCE DATA: IMF, World Economic Outlook"
XGOVEXP.IMF,CIV,2019,Source,Data sources,Country's submission to UIS SFE Questionnaire B
XGOVEXP.IMF,CIV,2020,Data Status,Data reporting,"FINANCE DATA: IMF, World Economic Outlook"
XGOVEXP.IMF,CIV,2020,Source,Data sources,Country's submission to UIS SFE Questionnaire B
XGOVEXP.IMF,CIV,2021,Data Status,Data reporting,"FINANCE DATA: IMF, World Economic Outlook"
XGOVEXP.IMF,CIV,2021,Source,Data sources,Country's submission to UIS SFE Questionnaire B
XGOVEXP.IMF,CIV,2022,Data Status,Data reporting,"FINANCE DATA: IMF, World Economic Outlook"
XGOVEXP.IMF,CIV,2022,Source,Data sources,Country's submission to UIS SFE Questionnaire B
XGOVEXP.IMF,CIV,2023,Data Status,Data reporting,"FINANCE DATA: IMF, World Economic Outlook"
XGOVEXP.IMF,CIV,2023,Source,Data sources,Country's submission to UIS SFE Questionnaire B
XGOVEXP.IMF,CIV,2024,Data Status,Data reporting,"FINANCE DATA: IMF, World Economic Outlook"
XGOVEXP.IMF,CIV,2024,Source,Data sources,Country's submission to UIS SFE Questionnaire B
XGOVEXP.IMF,CMR,2000,Data Status,Data reporting,"FINANCE DATA: IMF, World Economic Outlook"
XGOVEXP.IMF,CMR,2000,Source,Data sources,Country's submission to UIS SFE Questionnaire B
XGOVEXP.IMF,CMR,2001,Data Status,Data reporting,"FINANCE DATA: IMF, World Economic Outlook"
XGOVEXP.IMF,CMR,2001,Source,Data sources,Country's submission to UIS SFE Questionnaire B
XGOVEXP.IMF,CMR,2003,Data Status,Data reporting,"FINANCE DATA: IMF, World Economic Outlook"
XGOVEXP.IMF,CMR,2003,Source,Data sources,Country's submission to UIS SFE Questionnaire B
XGOVEXP.IMF,CMR,2004,Data Status,Data reporting,"FINANCE DATA: IMF, World Economic Outlook"
XGOVEXP.IMF,CMR,2004,Source,Data sources,Country's submission to UIS SFE Questionnaire B
XGOVEXP.IMF,CMR,2005,Data Status,Data reporting,"FINANCE DATA: IMF, World Economic Outlook"
XGOVEXP.IMF,CMR,2005,Source,Data sources,Country's submission to UIS SFE Questionnaire B
XGOVEXP.IMF,CMR,2006,Data Status,Data reporting,"FINANCE DATA: IMF, World Economic Outlook"
XGOVEXP.IMF,CMR,2006,Source,Data sources,Country's submission to UIS SFE Questionnaire B
XGOVEXP.IMF,CMR,2007,Data Status,Data reporting,"FINANCE DATA: IMF, World Economic Outlook"
XGOVEXP.IMF,CMR,2007,Source,Data sources,Country's submission to UIS SFE Questionnaire B
XGOVEXP.IMF,CMR,2008,Data Status,Data reporting,"FINANCE DATA: IMF, World Economic Outlook"
XGOVEXP.IMF,CMR,2008,Source,Data sources,Country's submission to UIS SFE Questionnaire B
XGOVEXP.IMF,CMR,2009,Data Status,Data reporting,"FINANCE DATA: IMF, World Economic Outlook"
XGOVEXP.IMF,CMR,2009,Source,Data sources,Country's submission to UIS SFE Questionnaire B
XGOVEXP.IMF,CMR,2010,Data Status,Data reporting,"FINANCE DATA: IMF, World Economic Outlook"
XGOVEXP.IMF,CMR,2010,Source,Data sources,Country's submission to UIS SFE Questionnaire B
XGOVEXP.IMF,CMR,2011,Data Status,Data reporting,"FINANCE DATA: IMF, World Economic Outlook"
XGOVEXP.IMF,CMR,2011,Source,Data sources,Country's submission to UIS SFE Questionnaire B
XGOVEXP.IMF,CMR,2012,Data Status,Data reporting,"FINANCE DATA: IMF, World Economic Outlook"
XGOVEXP.IMF,CMR,2012,Source,Data sources,Country's submission to UIS SFE Questionnaire B
XGOVEXP.IMF,CMR,2013,Data Status,Data reporting,"FINANCE DATA: IMF, World Economic Outlook"
XGOVEXP.IMF,CMR,2013,Source,Data sources,Country's submission to UIS SFE Questionnaire B
XGOVEXP.IMF,CMR,2014,Data Status,Data reporting,"FINANCE DATA: IMF, World Economic Outlook"
XGOVEXP.IMF,CMR,2014,Source,Data sources,Country's submission to UIS SFE Questionnaire B
XGOVEXP.IMF,CMR,2015,Data Status,Data reporting,"FINANCE DATA: IMF, World Economic Outlook"
XGOVEXP.IMF,CMR,2015,Source,Data sources,Country's submission to UIS SFE Questionnaire B
XGOVEXP.IMF,CMR,2016,Data Status,Data reporting,"FINANCE DATA: IMF, World Economic Outlook"
XGOVEXP.IMF,CMR,2016,Source,Data sources,Country's submission to UIS SFE Questionnaire B
XGOVEXP.IMF,CMR,2017,Data Status,Data reporting,"FINANCE DATA: IMF, World Economic Outlook"
XGOVEXP.IMF,CMR,2017,Source,Data sources,Country's submission to UIS SFE Questionnaire B
XGOVEXP.IMF,CMR,2018,Data Status,Data reporting,"FINANCE DATA: IMF, World Economic Outlook"
XGOVEXP.IMF,CMR,2018,Source,Data sources,Country's submission to UIS SFE Questionnaire B
XGOVEXP.IMF,CMR,2019,Source,Data sources,UIS Dynamic Template (mined data) based on Loi N2018/022 du 11 decembre 2018 portant loi de finances de la Republique du Cameroun pour lexercice 2019 (https://www.dgb.cm/zone-documentaire/#223-289-loi-de-finances-2019)
XGOVEXP.IMF,CMR,2020,Source,Data sources,UIS Dynamic Template (mined data) based on Loi N2019/023 du 24 decembre 2019 portant loi de finances de la Republique du Cameroun pour lexercice 2020 (https://www.dgb.cm/zone-documentaire/#223-648-loi-de-finances-2020)
XGOVEXP.IMF,CMR,2021,Source,Data sources,UIS Dynamic Template (mined data) based on Loi N2020/018 du 17 decembre 2020 portant loi de finances de la Republique du Cameroun pour lexercice 2021 (https://www.dgb.cm/zone-documentaire/#223-677-loi-de-finances-2021)
XGOVEXP.IMF,CMR,2022,Source,Data sources,UIS Dynamic Template (mined data) based on Loi N2021/026 du 16 decembre 2021 portant loi de finances de la Republique du Cameroun pour lexercice 2022 (https://www.dgb.cm/wp-admin/admin-ajax.php?juwpfisadmin=false&action=wpfd&task=file.download&wpfd_category_id=1648&wpfd_file_id=24030&token=&preview=1)
XGOVEXP.IMF,CMR,2023,Source,Data sources,UIS Dynamic Template (mined data) based on Loi N2022/020 du 27 decembre 2022 portant loi de finances de la Republique du Cameroun pour lexercice 2023 (https://www.dgb.cm/zone-documentaire/#all_0-1708-2023-lois-de-finance-et-annexes)
XGOVEXP.IMF,CMR,2024,Source,Data sources,"UIS Dynamic Template (mined data) based on LOI DE FINANCES 2024 - RAPPORT SUR LA SITUATION ET LES PERSPECTIVES ECONOMIQUES, SOCIALES ET FINANCIERES DE LA NATION
 (https://minfi.gov.cm/wp-content/uploads/2024/04/RAPPORT_V16_REPORT_ON_THE_NATION_S_ECONOMIC_SOCIAL_AND_FINANCIAL_SITUATION_AND_PROSPECTS_02_Web.pdf ; https://www.dgb.cm/wp-content/uploads/2024/01/MINFI-BUDGET-CITOYEN-2024_-BD_-Anglais_080124.pdf)"
XGOVEXP.IMF,COD,2010,Data Status,Data reporting,"FINANCE DATA: IMF, World Economic Outlook"
XGOVEXP.IMF,COD,2010,Source,Data sources,Country's submission to UIS SFE Questionnaire B
XGOVEXP.IMF,COD,2013,Data Status,Data reporting,"FINANCE DATA: IMF, World Economic Outlook"
XGOVEXP.IMF,COD,2013,Source,Data sources,Country's submission to UIS SFE Questionnaire B
XGOVEXP.IMF,COD,2014,Data Status,Data reporting,"FINANCE DATA: IMF, World Economic Outlook"
XGOVEXP.IMF,COD,2014,Source,Data sources,Country's submission to UIS SFE Questionnaire B
XGOVEXP.IMF,COD,2015,Data Status,Data reporting,"FINANCE DATA: IMF, World Economic Outlook"
XGOVEXP.IMF,COD,2015,Source,Data sources,Country's submission to UIS SFE Questionnaire B
XGOVEXP.IMF,COD,2016,Data Status,Data reporting,"FINANCE DATA: IMF, World Economic Outlook"
XGOVEXP.IMF,COD,2016,Source,Data sources,Country's submission to UIS SFE Questionnaire B
XGOVEXP.IMF,COD,2017,Data Status,Data reporting,"FINANCE DATA: IMF, World Economic Outlook"
XGOVEXP.IMF,COD,2017,Source,Data sources,Country's submission to UIS SFE Questionnaire B
XGOVEXP.IMF,COG,2002,Data Status,Data reporting,"FINANCE DATA: IMF, World Economic Outlook"
XGOVEXP.IMF,COG,2002,Source,Data sources,Country's submission to UIS SFE Questionnaire B
XGOVEXP.IMF,COG,2003,Data Status,Data reporting,"FINANCE DATA: IMF, World Economic Outlook"
XGOVEXP.IMF,COG,2003,Source,Data sources,Country's submission to UIS SFE Questionnaire B
XGOVEXP.IMF,COG,2004,Data Status,Data reporting,"FINANCE DATA: IMF, World Economic Outlook"
XGOVEXP.IMF,COG,2004,Source,Data sources,Country's submission to UIS SFE Questionnaire B
XGOVEXP.IMF,COG,2005,Data Status,Data reporting,"FINANCE DATA: IMF, World Economic Outlook"
XGOVEXP.IMF,COG,2005,Source,Data sources,Country's submission to UIS SFE Questionnaire B
XGOVEXP.IMF,COG,2010,Data Status,Data reporting,"FINANCE DATA: IMF, World Economic Outlook"
XGOVEXP.IMF,COG,2010,Source,Data sources,Country's submission to UIS SFE Questionnaire B
XGOVEXP.IMF,COG,2011,Source,Data sources,UIS Dynamic Template (mined data) based on Loi de Finances 2011 (https://www.finances.gouv.cg/fr/documentation?keys=&term_node_tid_depth=41&field_document_date_value%5Bmin%5D%5Bdate%5D=&field_document_date_value%5Bmax%5D%5Bdate%5D=)
XGOVEXP.IMF,COG,2013,Source,Data sources,UIS Dynamic Template (mined data) based on Loi de Finances 2013 (https://www.finances.gouv.cg/fr/loi-de-finances-2013)
XGOVEXP.IMF,COG,2014,Data Status,Data reporting,"FINANCE DATA: IMF, World Economic Outlook"
XGOVEXP.IMF,COG,2014,Source,Data sources,Country's submission to UIS SFE Questionnaire B
XGOVEXP.IMF,COG,2015,Data Status,Data reporting,"FINANCE DATA: IMF, World Economic Outlook"
XGOVEXP.IMF,COG,2015,Source,Data sources,Country's submission to UIS SFE Questionnaire B
XGOVEXP.IMF,COG,2016,Source,Data sources,UIS Dynamic Template (mined data) based on Loi de Finances Rectificative 2016 (https://www.finances.gouv.cg/sites/default/files/documents/LOI%20N%C2%B020%20-%202016%20DU%2021%20SEPT%202016.pdf)
XGOVEXP.IMF,COG,2017,Data Status,Data reporting,"FINANCE DATA: IMF, World Economic Outlook"
XGOVEXP.IMF,COG,2017,Source,Data sources,Country's submission to UIS SFE Questionnaire B
XGOVEXP.IMF,COG,2018,Data Status,Data reporting,"FINANCE DATA: IMF, World Economic Outlook"
XGOVEXP.IMF,COG,2018,Source,Data sources,Country's submission to UIS SFE Questionnaire B
XGOVEXP.IMF,COG,2019,Source,Data sources,UIS Dynamic Template (mined data) based on Loi de Finances 2019 (https://www.finances.gouv.cg/sites/default/files/documents/Loi%20n%C2%B0%2040-2018%20du%2028%20%20d%C3%A9cembre%202018%20portant%20loi%20de%20finances%20pour%20l%27ann%C3%A9e%202019.pdf)
XGOVEXP.IMF,COG,2020,Source,Data sources,UIS Dynamic Template (mined data) based on Loi de Finances Rectificative 2020 (https://www.finances.gouv.cg/sites/default/files/documents/Loi%20de%20finances%20rectificative%202020%20v2.pdf)
XGOVEXP.IMF,COG,2021,Source,Data sources,UIS Dynamic Template (mined data) based on Loi de Finances 2021 (https://www.finances.gouv.cg/sites/default/files/documents/Loi%20de%20finances%202021%20v2.pdf)
XGOVEXP.IMF,COG,2022,Source,Data sources,UIS Dynamic Template (mined data) based on Loi de Finances 2022 (https://www.finances.gouv.cg/sites/default/files/documents/Loi%20n%C2%B0%2051-2021%20du%2031%20d%C3%A9cembre%202021%20portant%20loi%20de%20finances%20pour%20l%27ann%C3%A9e%202022.pdf)
XGOVEXP.IMF,COG,2023,Source,Data sources,UIS Dynamic Template (mined data) based on Loi de Finances 2023 (https://www.finances.gouv.cg/sites/default/files/documents/LF%202023.pdf)
XGOVEXP.IMF,COK,2000,Data Status,Data reporting,FINANCE DATA: National government expenditures data
XGOVEXP.IMF,COK,2000,Source,Data sources,Country's submission to UIS SFE Questionnaire B
XGOVEXP.IMF,COK,2011,Data Status,Data reporting,FINANCE DATA: National government expenditures data
XGOVEXP.IMF,COK,2011,Source,Data sources,Country's submission to UIS SFE Questionnaire B
XGOVEXP.IMF,COK,2012,Data Status,Data reporting,FINANCE DATA: National government expenditures data
XGOVEXP.IMF,COK,2012,Source,Data sources,Country's submission to UIS SFE Questionnaire B
XGOVEXP.IMF,COK,2013,Data Status,Data reporting,FINANCE DATA: National government expenditures data
XGOVEXP.IMF,COK,2013,Source,Data sources,Country's submission to UIS SFE Questionnaire B
XGOVEXP.IMF,COK,2014,Data Status,Data reporting,FINANCE DATA: National government expenditures data
XGOVEXP.IMF,COK,2014,Source,Data sources,Country's submission to UIS SFE Questionnaire B
XGOVEXP.IMF,COK,2015,Source,Data sources,UIS Dynamic template based on Cook Islands Government Finance Statistics Table1 2014-2017; Cook Islands Government Finance Statistics Table2 2014-2017 (http://www.mfem.gov.ck/images/documents/Statistics_Docs/1.Economic/4.Government-Finance-Statistics/GFS_Statistics_Table1_2014-2017.pdf; http://www.mfem.gov.ck/images/documents/Statistics_Docs/1.Economic/4.Government-Finance-Statistics/GFS_Statistics_Table2_2014-2017.pdf)
XGOVEXP.IMF,COK,2016,Source,Data sources,UIS Dynamic template based on Cook Islands Government Finance Statistics Table1 2014-2017; Cook Islands Government Finance Statistics Table2 2014-2017 (http://www.mfem.gov.ck/images/documents/Statistics_Docs/1.Economic/4.Government-Finance-Statistics/GFS_Statistics_Table1_2014-2017.pdf; http://www.mfem.gov.ck/images/documents/Statistics_Docs/1.Economic/4.Government-Finance-Statistics/GFS_Statistics_Table2_2014-2017.pdf)
XGOVEXP.IMF,COK,2017,Source,Data sources,UIS Dynamic template based on Cook Islands Government Finance Statistics Table1 2014-2017; Cook Islands Government Finance Statistics Table2 2014-2017 (http://www.mfem.gov.ck/images/documents/Statistics_Docs/1.Economic/4.Government-Finance-Statistics/GFS_Statistics_Table1_2014-2017.pdf; http://www.mfem.gov.ck/images/documents/Statistics_Docs/1.Economic/4.Government-Finance-Statistics/GFS_Statistics_Table2_2014-2017.pdf)
XGOVEXP.IMF,COK,2018,Source,Data sources,UIS Dynamic template based on Cook Islands Government Finance Statistics Annual Tables 2018/2019 (http://www.mfem.gov.ck/images/documents/Statistics_Docs/1.Economic/4.Government-Finance-Statistics/Annual_Final_GFS_Tables.xlsx)
XGOVEXP.IMF,COK,2019,Source,Data sources,UIS Dynamic template based on Cook Islands Government Finance Statistics Annual Tables 2018/2019 (http://www.mfem.gov.ck/images/documents/Statistics_Docs/1.Economic/4.Government-Finance-Statistics/Annual_Final_GFS_Tables.xlsx)
XGOVEXP.IMF,COK,2020,Source,Data sources,UIS Dynamic template based on Half Year Economic Fiscal Update 2020-2021 (http://www.mfem.gov.ck/images/ECON/2020-21-HYEFU-Web.pdf)
XGOVEXP.IMF,COK,2021,Source,Data sources,"UIS Dynamic template based on 2021/22 Half-Year Economic and
Fiscal Update (http://www.mfem.gov.ck/images/MFEM_Documents/Budget_Books/2021-22/2021-22_HYEFU_v.2.pdf)"
XGOVEXP.IMF,COK,2022,Source,Data sources,"UIS Dynamic template based on 2022/23 Half-Year Economic and
Fiscal Update (https://www.mfem.gov.ck/images/MFEM_Documents/Budget_Books/2022-23/2022-23_HYEFU_final.pdf)"
XGOVEXP.IMF,COK,2023,Source,Data sources,UIS Dynamic template based on COOK ISLANDS GOVERNMENT BUDGET ESTIMATES 2024/25 (https://www.mfem.gov.ck/_files/ugd/dbdf40_6700e9ded04245718b9dd9880b319f77.pdf)
XGOVEXP.IMF,COK,2024,Source,Data sources,UIS Dynamic template based on MoE Internal Report
XGOVEXP.IMF,COK,2025,Source,Data sources,UIS Dynamic template based on MoE Internal Report
XGOVEXP.IMF,COM,2002,Data Status,Data reporting,"FINANCE DATA: IMF, World Economic Outlook"
XGOVEXP.IMF,COM,2002,Source,Data sources,Country's submission to UIS SFE Questionnaire B
XGOVEXP.IMF,COM,2008,Data Status,Data reporting,"FINANCE DATA: IMF, World Economic Outlook"
XGOVEXP.IMF,COM,2008,Source,Data sources,Country's submission to UIS SFE Questionnaire B
XGOVEXP.IMF,COM,2011,Data Status,Data reporting,"FINANCE DATA: IMF, World Economic Outlook"
XGOVEXP.IMF,COM,2011,Source,Data sources,Country's submission to UIS SFE Questionnaire B
XGOVEXP.IMF,COM,2012,Data Status,Data reporting,"FINANCE DATA: IMF, World Economic Outlook"
XGOVEXP.IMF,COM,2012,Source,Data sources,Country's submission to UIS SFE Questionnaire B
XGOVEXP.IMF,COM,2013,Data Status,Data reporting,"FINANCE DATA: IMF, World Economic Outlook"
XGOVEXP.IMF,COM,2013,Source,Data sources,Country's submission to UIS SFE Questionnaire B
XGOVEXP.IMF,COM,2014,Data Status,Data reporting,"FINANCE DATA: IMF, World Economic Outlook"
XGOVEXP.IMF,COM,2014,Source,Data sources,Country's submission to UIS SFE Questionnaire B
XGOVEXP.IMF,COM,2015,Data Status,Data reporting,"FINANCE DATA: IMF, World Economic Outlook"
XGOVEXP.IMF,COM,2015,Source,Data sources,Country's submission to UIS SFE Questionnaire B
XGOVEXP.IMF,COM,2020,Source,Data sources,UIS Dynamic Template (mined data) based on Loi de Finances 2021 (http://finances.gouv.km/docs/loi-des-finances-2021/)
XGOVEXP.IMF,COM,2021,Source,Data sources,UIS Dynamic Template (mined data) based on Loi de Finances 2021 (http://finances.gouv.km/docs/loi-des-finances-2021/)
XGOVEXP.IMF,COM,2022,Source,Data sources,UIS Dynamic Template (mined data) based on Loi de Finances 2022 (http://finances.gouv.km/docs/loi-des-finances-rectificative-2022/)
XGOVEXP.IMF,COM,2023,Source,Data sources,UIS Dynamic Template (mined data) based on Loi de Finances 2023 (https://finances.gouv.km/wp-content/uploads/2024/12/Decret_N23-064PR_portant_Promulgation_de_la_loi_de_Finances_Rectificative_2023.pdf)
XGOVEXP.IMF,COM,2024,Source,Data sources,UIS Dynamic Template (mined data) based on Loi de Finances 2025 (https://finances.gouv.km/wp-content/uploads/2024/12/Decret-N24-186PR-du-19-decembre-2024-portant-promulgation-loi-N24-016PR-Portant-Loi-de-Finances-2025.pdf)
XGOVEXP.IMF,COM,2025,Source,Data sources,UIS Dynamic Template (mined data) based on Loi de Finances 2025 (https://finances.gouv.km/wp-content/uploads/2024/12/Decret-N24-186PR-du-19-decembre-2024-portant-promulgation-loi-N24-016PR-Portant-Loi-de-Finances-2025.pdf)
XGOVEXP.IMF,CPV,2002,Data Status,Data reporting,"FINANCE DATA: IMF, World Economic Outlook"
XGOVEXP.IMF,CPV,2002,Source,Data sources,Country's submission to UIS SFE Questionnaire B
XGOVEXP.IMF,CPV,2004,Data Status,Data reporting,"FINANCE DATA: IMF, World Economic Outlook"
XGOVEXP.IMF,CPV,2004,Source,Data sources,Country's submission to UIS SFE Questionnaire B
XGOVEXP.IMF,CPV,2006,Data Status,Data reporting,"FINANCE DATA: IMF, World Economic Outlook"
XGOVEXP.IMF,CPV,2006,Source,Data sources,Country's submission to UIS SFE Questionnaire B
XGOVEXP.IMF,CPV,2007,Data Status,Data reporting,"FINANCE DATA: IMF, World Economic Outlook"
XGOVEXP.IMF,CPV,2007,Source,Data sources,Country's submission to UIS SFE Questionnaire B
XGOVEXP.IMF,CPV,2008,Data Status,Data reporting,"FINANCE DATA: IMF, World Economic Outlook"
XGOVEXP.IMF,CPV,2008,Source,Data sources,Country's submission to UIS SFE Questionnaire B
XGOVEXP.IMF,CPV,2009,Data Status,Data reporting,"FINANCE DATA: IMF, World Economic Outlook"
XGOVEXP.IMF,CPV,2009,Source,Data sources,Country's submission to UIS SFE Questionnaire B
XGOVEXP.IMF,CPV,2010,Data Status,Data reporting,"FINANCE DATA: IMF, World Economic Outlook"
XGOVEXP.IMF,CPV,2010,Source,Data sources,Country's submission to UIS SFE Questionnaire B
XGOVEXP.IMF,CPV,2011,Data Status,Data reporting,"FINANCE DATA: IMF, World Economic Outlook"
XGOVEXP.IMF,CPV,2011,Source,Data sources,Country's submission to UIS SFE Questionnaire B
XGOVEXP.IMF,CPV,2012,Source,Data sources,UIS Dynamic Template (mined data) based on Conta Geral do Estado 2012 (https://www.mf.gov.cv/web/dnocp/contas-geral-estado/-/document_library/0cIRfiy8xN0Z/view_file/302612?_com_liferay_document_library_web_portlet_DLPortlet_INSTANCE_0cIRfiy8xN0Z_redirect=https%3A%2F%2Fwww.mf.gov.cv%2Fweb%2Fdnocp%2Fcontas-geral-estado%2F-%2Fdocument_library%2F0cIRfiy8xN0Z%2Fview%2F302388%3F_com_liferay_document_library_web_portlet_DLPortlet_INSTANCE_0cIRfiy8xN0Z_redirect%3Dhttps%253A%252F%252Fwww.mf.gov.cv%252Fweb%252Fdnocp%252Fcontas-geral-estado%253Fp_p_id%253Dcom_liferay_document_library_web_portlet_DLPortlet_INSTANCE_0cIRfiy8xN0Z%2526p_p_lifecycle%253D0%2526p_p_state%253Dnormal%2526p_p_mode%253Dview)
XGOVEXP.IMF,CPV,2013,Data Status,Data reporting,"FINANCE DATA: IMF, World Economic Outlook"
XGOVEXP.IMF,CPV,2013,Source,Data sources,Country's submission to UIS SFE Questionnaire B
XGOVEXP.IMF,CPV,2014,Data Status,Data reporting,"FINANCE DATA: IMF, World Economic Outlook"
XGOVEXP.IMF,CPV,2014,Source,Data sources,Country's submission to UIS SFE Questionnaire B
XGOVEXP.IMF,CPV,2015,Data Status,Data reporting,"FINANCE DATA: IMF, World Economic Outlook"
XGOVEXP.IMF,CPV,2015,Source,Data sources,Country's submission to UIS SFE Questionnaire B
XGOVEXP.IMF,CPV,2016,Data Status,Data reporting,"FINANCE DATA: IMF, World Economic Outlook"
XGOVEXP.IMF,CPV,2016,Source,Data sources,Country's submission to UIS SFE Questionnaire B
XGOVEXP.IMF,CPV,2017,Data Status,Data reporting,"FINANCE DATA: IMF, World Economic Outlook"
XGOVEXP.IMF,CPV,2017,Source,Data sources,Country's submission to UIS SFE Questionnaire B
XGOVEXP.IMF,CPV,2018,Source,Data sources,UIS Dynamic Template (mined data) based on Conta Geral do Estado 2018 (https://www.mf.gov.cv/web/dnocp/contas-geral-estado/-/document_library/0cIRfiy8xN0Z/view_file/647987?_com_liferay_document_library_web_portlet_DLPortlet_INSTANCE_0cIRfiy8xN0Z_redirect=https%3A%2F%2Fwww.mf.gov.cv%2Fweb%2Fdnocp%2Fcontas-geral-estado%2F-%2Fdocument_library%2F0cIRfiy8xN0Z%2Fview%2F647984%3F_com_liferay_document_library_web_portlet_DLPortlet_INSTANCE_0cIRfiy8xN0Z_redirect%3Dhttps%253A%252F%252Fwww.mf.gov.cv%252Fweb%252Fdnocp%252Fcontas-geral-estado%253Fp_p_id%253Dcom_liferay_document_library_web_portlet_DLPortlet_INSTANCE_0cIRfiy8xN0Z%2526p_p_lifecycle%253D0%2526p_p_state%253Dnormal%2526p_p_mode%253Dview)
XGOVEXP.IMF,CPV,2019,Data Status,Data reporting,"FINANCE DATA: IMF, World Economic Outlook"
XGOVEXP.IMF,CPV,2019,Source,Data sources,Country's submission to UIS SFE Questionnaire B
XGOVEXP.IMF,CPV,2020,Source,Data sources,UIS Dynamic Template (mined data) based on Conta Geral do Estado 2020 (https://www.mf.gov.cv/web/dnocp/contas-geral-estado/-/document_library/0cIRfiy8xN0Z/view_file/2323164?_com_liferay_document_library_web_portlet_DLPortlet_INSTANCE_0cIRfiy8xN0Z_redirect=https%3A%2F%2Fwww.mf.gov.cv%2Fweb%2Fdnocp%2Fcontas-geral-estado%2F-%2Fdocument_library%2F0cIRfiy8xN0Z%2Fview%2F2323161%3F_com_liferay_document_library_web_portlet_DLPortlet_INSTANCE_0cIRfiy8xN0Z_redirect%3Dhttps%253A%252F%252Fwww.mf.gov.cv%252Fweb%252Fdnocp%252Fcontas-geral-estado%253Fp_p_id%253Dcom_liferay_document_library_web_portlet_DLPortlet_INSTANCE_0cIRfiy8xN0Z%2526p_p_lifecycle%253D0%2526p_p_state%253Dnormal%2526p_p_mode%253Dview)
XGOVEXP.IMF,CPV,2021,Source,Data sources,UIS Dynamic Template (mined data) based on Conta Geral do Estado 2021 (https://www.mf.gov.cv/web/dnocp/contas-geral-estado/-/document_library/0cIRfiy8xN0Z/view_file/2971204?_com_liferay_document_library_web_portlet_DLPortlet_INSTANCE_0cIRfiy8xN0Z_redirect=https%3A%2F%2Fwww.mf.gov.cv%2Fweb%2Fdnocp%2Fcontas-geral-estado%2F-%2Fdocument_library%2F0cIRfiy8xN0Z%2Fview%2F2421316%3F_com_liferay_document_library_web_portlet_DLPortlet_INSTANCE_0cIRfiy8xN0Z_redirect%3Dhttps%253A%252F%252Fwww.mf.gov.cv%252Fweb%252Fdnocp%252Fcontas-geral-estado%253Fp_p_id%253Dcom_liferay_document_library_web_portlet_DLPortlet_INSTANCE_0cIRfiy8xN0Z%2526p_p_lifecycle%253D0%2526p_p_state%253Dnormal%2526p_p_mode%253Dview)
XGOVEXP.IMF,CPV,2022,Source,Data sources,UIS Dynamic Template (mined data) based on Lei n 16/X/2022: Aprova o Oramento do Estado para o ano economico de 2023 (https://www.mf.gov.cv/web/dnocp/or%C3%A7amento-do-estado/-/document_library/CCgzagQ0WG8I/view_file/2332294?_com_liferay_document_library_web_portlet_DLPortlet_INSTANCE_CCgzagQ0WG8I_redirect=https%3A%2F%2Fwww.mf.gov.cv%2Fweb%2Fdnocp%2For%25C3%25A7amento-do-estado%2F-%2Fdocument_library%2FCCgzagQ0WG8I%2Fview%2F2116889%3F_com_liferay_document_library_web_portlet_DLPortlet_INSTANCE_CCgzagQ0WG8I_redirect%3Dhttps%253A%252F%252Fwww.mf.gov.cv%252Fweb%252Fdnocp%252For%2525C3%2525A7amento-do-estado%252F-%252Fdocument_library%252FCCgzagQ0WG8I%252Fview%252F2116867%253F_com_liferay_document_library_web_portlet_DLPortlet_INSTANCE_CCgzagQ0WG8I_redirect%253Dhttps%25253A%25252F%25252Fwww.mf.gov.cv%25252Fweb%25252Fdnocp%25252For%252525C3%252525A7amento-do-estado%25252F-%25252Fdocument_library%25252FCCgzagQ0WG8I%25252Fview%25252F2116864#_com_liferay_document_library_web_portlet_DLPortlet_INSTANCE_CCgzagQ0WG8I_infoPanelId)
XGOVEXP.IMF,CPV,2023,Source,Data sources,UIS Dynamic Template (mined data) based on Lei n 4/X/2021: Aprova o Oramento do Estado para o ano economico de 2022 (https://www.mf.gov.cv/documents/198414/3220052/LEI+que++aprova+o+OE+de+2023+-bo_30-12-2022..pdf/c15f67ae-f3c8-188b-c3e1-19c3ae00fa08?version=1.0&t=1673287031373&download=true)
XGOVEXP.IMF,CPV,2024,Source,Data sources,UIS Dynamic Template (mined data) based on Lei n 35/X/2023: Aprova o Oramento do Estado para o ano economico de 2024 (https://www.mf.gov.cv/web/dnocp/or%C3%A7amento-do-estado/-/document_library/CCgzagQ0WG8I/view_file/4235483?_com_liferay_document_library_web_portlet_DLPortlet_INSTANCE_CCgzagQ0WG8I_redirect=https%3A%2F%2Fwww.mf.gov.cv%2Fweb%2Fdnocp%2For%25C3%25A7amento-do-estado%2F-%2Fdocument_library%2FCCgzagQ0WG8I%2Fview%2F3832853%3F_com_liferay_document_library_web_portlet_DLPortlet_INSTANCE_CCgzagQ0WG8I_redirect%3Dhttps%253A%252F%252Fwww.mf.gov.cv%252Fweb%252Fdnocp%252For%2525C3%2525A7amento-do-estado%253Fp_p_id%253Dcom_liferay_document_library_web_portlet_DLPortlet_INSTANCE_CCgzagQ0WG8I%2526p_p_lifecycle%253D0%2526p_p_state%253Dnormal%2526p_p_mode%253Dview#_com_liferay_document_library_web_portlet_DLPortlet_INSTANCE_CCgzagQ0WG8I_infoPanelId)
XGOVEXP.IMF,CRI,2000,Data Status,Data reporting,FINANCE DATA: National government expenditures data
XGOVEXP.IMF,CRI,2000,Source,Data sources,Country's submission to UNESCO OECD Eurostat (UOE) joint data collection
XGOVEXP.IMF,CRI,2001,Data Status,Data reporting,FINANCE DATA: National government expenditures data
XGOVEXP.IMF,CRI,2001,Source,Data sources,Country's submission to UNESCO OECD Eurostat (UOE) joint data collection
XGOVEXP.IMF,CRI,2002,Data Status,Data reporting,FINANCE DATA: National government expenditures data
XGOVEXP.IMF,CRI,2002,Source,Data sources,Country's submission to UNESCO OECD Eurostat (UOE) joint data collection
XGOVEXP.IMF,CRI,2003,Data Status,Data reporting,FINANCE DATA: National government expenditures data
XGOVEXP.IMF,CRI,2003,Source,Data sources,Country's submission to UNESCO OECD Eurostat (UOE) joint data collection
XGOVEXP.IMF,CRI,2004,Data Status,Data reporting,FINANCE DATA: National government expenditures data
XGOVEXP.IMF,CRI,2004,Source,Data sources,Country's submission to UNESCO OECD Eurostat (UOE) joint data collection
XGOVEXP.IMF,CRI,2006,Data Status,Data reporting,FINANCE DATA: National government expenditures data
XGOVEXP.IMF,CRI,2006,Source,Data sources,Country's submission to UNESCO OECD Eurostat (UOE) joint data collection
XGOVEXP.IMF,CRI,2007,Data Status,Data reporting,FINANCE DATA: National government expenditures data
XGOVEXP.IMF,CRI,2007,Source,Data sources,Country's submission to UNESCO OECD Eurostat (UOE) joint data collection
XGOVEXP.IMF,CRI,2008,Data Status,Data reporting,FINANCE DATA: National government expenditures data
XGOVEXP.IMF,CRI,2008,Source,Data sources,Country's submission to UNESCO OECD Eurostat (UOE) joint data collection
XGOVEXP.IMF,CRI,2009,Data Status,Data reporting,FINANCE DATA: National government expenditures data
XGOVEXP.IMF,CRI,2009,Source,Data sources,Country's submission to UNESCO OECD Eurostat (UOE) joint data collection
XGOVEXP.IMF,CRI,2010,Data Status,Data reporting,FINANCE DATA: National government expenditures data
XGOVEXP.IMF,CRI,2010,Source,Data sources,Country's submission to UNESCO OECD Eurostat (UOE) joint data collection
XGOVEXP.IMF,CRI,2011,Data Status,Data reporting,FINANCE DATA: National government expenditures data
XGOVEXP.IMF,CRI,2011,Source,Data sources,Country's submission to UNESCO OECD Eurostat (UOE) joint data collection
XGOVEXP.IMF,CRI,2012,Data Status,Data reporting,FINANCE DATA: National government expenditures data
XGOVEXP.IMF,CRI,2012,Source,Data sources,Country's submission to UNESCO OECD Eurostat (UOE) joint data collection
XGOVEXP.IMF,CRI,2013,Data Status,Data reporting,FINANCE DATA: National government expenditures data
XGOVEXP.IMF,CRI,2013,Source,Data sources,Country's submission to UNESCO OECD Eurostat (UOE) joint data collection
XGOVEXP.IMF,CRI,2014,Data Status,Data reporting,FINANCE DATA: National government expenditures data
XGOVEXP.IMF,CRI,2014,Source,Data sources,Country's submission to UNESCO OECD Eurostat (UOE) joint data collection
XGOVEXP.IMF,CRI,2015,Data Status,Data reporting,FINANCE DATA: National government expenditures data
XGOVEXP.IMF,CRI,2015,Source,Data sources,Country's submission to UNESCO OECD Eurostat (UOE) joint data collection
XGOVEXP.IMF,CRI,2016,Data Status,Data reporting,FINANCE DATA: National government expenditures data
XGOVEXP.IMF,CRI,2016,Source,Data sources,Country's submission to UNESCO OECD Eurostat (UOE) joint data collection
XGOVEXP.IMF,CRI,2017,Data Status,Data reporting,FINANCE DATA: National government expenditures data
XGOVEXP.IMF,CRI,2017,Source,Data sources,Country's submission to UNESCO OECD Eurostat (UOE) joint data collection
XGOVEXP.IMF,CRI,2018,Data Status,Data reporting,FINANCE DATA: National government expenditures data
XGOVEXP.IMF,CRI,2018,Source,Data sources,Country's submission to UNESCO OECD Eurostat (UOE) joint data collection
XGOVEXP.IMF,CRI,2019,Data Status,Data reporting,FINANCE DATA: National government expenditures data
XGOVEXP.IMF,CRI,2019,Source,Data sources,Country's submission to UNESCO OECD Eurostat (UOE) joint data collection
XGOVEXP.IMF,CRI,2020,Data Status,Data reporting,FINANCE DATA: National government expenditures data
XGOVEXP.IMF,CRI,2020,Source,Data sources,Country's submission to UNESCO OECD Eurostat (UOE) joint data collection
XGOVEXP.IMF,CRI,2021,Data Status,Data reporting,FINANCE DATA: National government expenditures data
XGOVEXP.IMF,CRI,2021,Source,Data sources,Country's submission to UNESCO OECD Eurostat (UOE) joint data collection
XGOVEXP.IMF,CRI,2022,Data Status,Data reporting,FINANCE DATA: National government expenditures data
XGOVEXP.IMF,CRI,2022,Source,Data sources,Country's submission to UNESCO OECD Eurostat (UOE) joint data collection
XGOVEXP.IMF,CRI,2023,Data Status,Data reporting,FINANCE DATA: National government expenditures data
XGOVEXP.IMF,CRI,2023,Source,Data sources,Country's submission to UNESCO OECD Eurostat (UOE) joint data collection
XGOVEXP.IMF,CUB,2012,Source,Data sources,UIS Dynamic Template (mined data) based on Series Estadisticas Cuentas Nacionales 1985-2018 (http://www.onei.gob.cu/sites/default/files/05series_0.rar)
XGOVEXP.IMF,CUB,2013,Source,Data sources,UIS Dynamic Template (mined data) based on Series Estadisticas Cuentas Nacionales 1985-2018 (http://www.onei.gob.cu/sites/default/files/05series_0.rar)
XGOVEXP.IMF,CUB,2014,Source,Data sources,UIS Dynamic Template (mined data) based on Series Estadisticas Cuentas Nacionales 1985-2018 (http://www.onei.gob.cu/sites/default/files/05series_0.rar)
XGOVEXP.IMF,CUB,2015,Source,Data sources,UIS Dynamic Template (mined data) based on Series Estadisticas Cuentas Nacionales 1985-2018; Series Estadisticas Cuentas Nacionales Enero-Diciembre 2020 (http://www.onei.gob.cu/sites/default/files/05series_0.rar; http://www.onei.gob.cu/node/15762)
XGOVEXP.IMF,CUB,2016,Source,Data sources,UIS Dynamic Template (mined data) based on Series Estadisticas Cuentas Nacionales 1985-2018; Anuario Estadistico de Cuba 2020 (http://www.onei.gob.cu/sites/default/files/05series_0.rar; https://www.presidencia.gob.cu/es/)
XGOVEXP.IMF,CUB,2017,Source,Data sources,UIS Dynamic Template (mined data) based on Series Estadisticas Cuentas Nacionales 1985-2018; Anuario Estadistico de Cuba 2020 (http://www.onei.gob.cu/sites/default/files/05series_0.rar; https://www.presidencia.gob.cu/es/)
XGOVEXP.IMF,CUB,2018,Source,Data sources,UIS Dynamic Template (mined data) based on Series Estadisticas Cuentas Nacionales 1985-2018; Anuario Estadistico de Cuba 2020 (http://www.onei.gob.cu/sites/default/files/05series_0.rar; https://www.presidencia.gob.cu/es/)
XGOVEXP.IMF,CUB,2019,Source,Data sources,UIS Dynamic Template (mined data) based on Anuario Estadistico de Cuba 2022 (https://www.onei.gob.cu/sites/default/files/publicaciones/2023-11/aec-2022_1.pdf)
XGOVEXP.IMF,CUB,2020,Source,Data sources,UIS Dynamic Template (mined data) based on Anuario Estadistico de Cuba 2022 (https://www.onei.gob.cu/sites/default/files/publicaciones/2023-11/aec-2022_1.pdf)
XGOVEXP.IMF,CUB,2021,Source,Data sources,UIS Dynamic Template (mined data) based on Anuario Estadistico de Cuba 2022 (https://www.onei.gob.cu/sites/default/files/publicaciones/2023-11/aec-2022_1.pdf)
XGOVEXP.IMF,CUB,2022,Source,Data sources,UIS Dynamic Template (mined data) based on Anuario Estadistico de Cuba 2022 (https://www.onei.gob.cu/sites/default/files/publicaciones/2023-11/aec-2022_1.pdf)
XGOVEXP.IMF,CUW,2010,Source,Data sources,UIS Dynamic template based on Jaarrekening 2010 (*75._Jaarrekening__2010.pdf)
XGOVEXP.IMF,CUW,2011,Source,Data sources,UIS Dynamic template based on Jaarrekening 2011 (80.-Jaarrekening_2011.pdf)
XGOVEXP.IMF,CUW,2012,Source,Data sources,"UIS Dynamic template based on Revenues and expenditures of the Government of Curacao, 2011-2020; Begroting van Curacao voor het dienstjaar 2014 (https://www.cbs.cw/economy-0; https://minfin.cw/wp-content/uploads/2019/04/45._Begroting_van_Cura__ao_voor_het_dienstjaar_2014.pdf)"
XGOVEXP.IMF,CUW,2013,Source,Data sources,"UIS Dynamic template based on Revenues and expenditures of the Government of Curacao, 2011-2020; Begroting van Curacao voor het dienstjaar 2015 (https://www.cbs.cw/economy-0; https://minfin.cw/wp-content/uploads/2019/04/59._Begroting_van_Cura__ao_voor_het_dienstjaar_2015.pdf)"
XGOVEXP.IMF,CUW,2014,Source,Data sources,"UIS Dynamic template based on Revenues and expenditures of the Government of Curacao, 2011-2020 (https://www.cbs.cw/economy-0)"
XGOVEXP.IMF,CUW,2015,Source,Data sources,"UIS Dynamic template based on Revenues and expenditures of the Government of Curacao, 2011-2020 (https://www.cbs.cw/economy-0)"
XGOVEXP.IMF,CUW,2016,Source,Data sources,UIS Dynamic template based on Jaarrekening-2016.pdf (https://www.cbs.cw/economy-0)
XGOVEXP.IMF,CUW,2017,Source,Data sources,"UIS Dynamic template based on Revenues and expenditures of the Government of Curacao, 2011-2020 (https://www.cbs.cw/economy-0)"
XGOVEXP.IMF,CUW,2018,Source,Data sources,"UIS Dynamic template based on Revenues and expenditures of the Government of Curacao, 2011-2020 (https://www.cbs.cw/economy-0)"
XGOVEXP.IMF,CUW,2019,Source,Data sources,"UIS Dynamic template based on Financiele Management Rapportage december 2019 ; Revenues and expenditures of the Government of Curacao, 2011-2020 (https://minfin.cw/wp-content/uploads/2020/11/001-URQ04-FMR12-2019-complet-def..pdf; https://www.cbs.cw/economy-0)"
XGOVEXP.IMF,CUW,2020,Source,Data sources,"UIS Dynamic template based on Begroting van Curacao voor het dienstjaar 2022; Consumer Prices of Curacao; Revenues and expenditures of the Government of Curacao, 2011-2020 (https://minfin.cw/wp-content/uploads/2022/05/01-15.-Lv.-vaststelling-begroting-Land-Curacao-dienstjaar-2022.pdf; https://www.cbs.cw/consumentenprijzen-curacao-december-2020-en-inflatiecijfer-2020; https://www.cbs.cw/economy-0)"
XGOVEXP.IMF,CUW,2021,Source,Data sources,UIS Dynamic template based on Annual consumer price index and inflation rates for Curacao since 1970 (https://www.cbs.cw/_flysystem/media/annual-consumer-price-index-and-inflation-rates-since-1970.pdf)
XGOVEXP.IMF,CUW,2022,Source,Data sources,UIS Dynamic template based on jaarrekening 2022
XGOVEXP.IMF,CUW,2023,Source,Data sources,UIS Dynamic template based on Jaarrekening 2023
XGOVEXP.IMF,CUW,2024,Source,Data sources,UIS Dynamic template based on Begroting  van Curacao voor het dienstjaar 2024 (20.-Lv.-ter-vaststelling-begroting-land-Curacao-2024.pdf)
XGOVEXP.IMF,CYM,2018,Source,Data sources,UIS Dynamic Template (mined data) based on Plan and Estimates 2018-2019 (https://caribbeanmigration.org/repository/cayman-islands-government-2018-2019-plan-estimates)
XGOVEXP.IMF,CYM,2019,Source,Data sources,UIS Dynamic Template (mined data) based on Plan and Estimates 2018-2019 (https://caribbeanmigration.org/repository/cayman-islands-government-2018-2019-plan-estimates)
XGOVEXP.IMF,CYP,2000,Data Status,Data reporting,"FINANCE DATA: IMF, World Economic Outlook"
XGOVEXP.IMF,CYP,2000,Source,Data sources,Country's submission to UNESCO OECD Eurostat (UOE) joint data collection
XGOVEXP.IMF,CYP,2001,Data Status,Data reporting,"FINANCE DATA: IMF, World Economic Outlook"
XGOVEXP.IMF,CYP,2001,Source,Data sources,Country's submission to UNESCO OECD Eurostat (UOE) joint data collection
XGOVEXP.IMF,CYP,2002,Data Status,Data reporting,"FINANCE DATA: IMF, World Economic Outlook"
XGOVEXP.IMF,CYP,2002,Source,Data sources,Country's submission to UNESCO OECD Eurostat (UOE) joint data collection
XGOVEXP.IMF,CYP,2003,Data Status,Data reporting,"FINANCE DATA: IMF, World Economic Outlook"
XGOVEXP.IMF,CYP,2003,Source,Data sources,Country's submission to UNESCO OECD Eurostat (UOE) joint data collection
XGOVEXP.IMF,CYP,2004,Data Status,Data reporting,"FINANCE DATA: IMF, World Economic Outlook"
XGOVEXP.IMF,CYP,2004,Source,Data sources,Country's submission to UNESCO OECD Eurostat (UOE) joint data collection
XGOVEXP.IMF,CYP,2005,Data Status,Data reporting,"FINANCE DATA: IMF, World Economic Outlook"
XGOVEXP.IMF,CYP,2005,Source,Data sources,Country's submission to UNESCO OECD Eurostat (UOE) joint data collection
XGOVEXP.IMF,CYP,2006,Data Status,Data reporting,"FINANCE DATA: IMF, World Economic Outlook"
XGOVEXP.IMF,CYP,2006,Source,Data sources,Country's submission to UNESCO OECD Eurostat (UOE) joint data collection
XGOVEXP.IMF,CYP,2007,Data Status,Data reporting,"FINANCE DATA: IMF, World Economic Outlook"
XGOVEXP.IMF,CYP,2007,Source,Data sources,Country's submission to UNESCO OECD Eurostat (UOE) joint data collection
XGOVEXP.IMF,CYP,2008,Data Status,Data reporting,"FINANCE DATA: IMF, World Economic Outlook"
XGOVEXP.IMF,CYP,2008,Source,Data sources,Country's submission to UNESCO OECD Eurostat (UOE) joint data collection
XGOVEXP.IMF,CYP,2009,Data Status,Data reporting,"FINANCE DATA: IMF, World Economic Outlook"
XGOVEXP.IMF,CYP,2009,Source,Data sources,Country's submission to UNESCO OECD Eurostat (UOE) joint data collection
XGOVEXP.IMF,CYP,2010,Data Status,Data reporting,"FINANCE DATA: IMF, World Economic Outlook"
XGOVEXP.IMF,CYP,2010,Source,Data sources,Country's submission to UNESCO OECD Eurostat (UOE) joint data collection
XGOVEXP.IMF,CYP,2011,Data Status,Data reporting,"FINANCE DATA: IMF, World Economic Outlook"
XGOVEXP.IMF,CYP,2011,Source,Data sources,Country's submission to UNESCO OECD Eurostat (UOE) joint data collection
XGOVEXP.IMF,CYP,2013,Data Status,Data reporting,"FINANCE DATA: IMF, World Economic Outlook"
XGOVEXP.IMF,CYP,2013,Source,Data sources,Country's submission to UNESCO OECD Eurostat (UOE) joint data collection
XGOVEXP.IMF,CYP,2014,Data Status,Data reporting,"FINANCE DATA: IMF, World Economic Outlook"
XGOVEXP.IMF,CYP,2014,Source,Data sources,Country's submission to UNESCO OECD Eurostat (UOE) joint data collection
XGOVEXP.IMF,CYP,2015,Data Status,Data reporting,"FINANCE DATA: IMF, World Economic Outlook"
XGOVEXP.IMF,CYP,2015,Source,Data sources,Country's submission to UNESCO OECD Eurostat (UOE) joint data collection
XGOVEXP.IMF,CYP,2016,Data Status,Data reporting,"FINANCE DATA: IMF, World Economic Outlook"
XGOVEXP.IMF,CYP,2016,Source,Data sources,Country's submission to UNESCO OECD Eurostat (UOE) joint data collection
XGOVEXP.IMF,CYP,2017,Data Status,Data reporting,"FINANCE DATA: IMF, World Economic Outlook"
XGOVEXP.IMF,CYP,2017,Source,Data sources,Country's submission to UNESCO OECD Eurostat (UOE) joint data collection
XGOVEXP.IMF,CYP,2019,Data Status,Data reporting,"FINANCE DATA: IMF, World Economic Outlook"
XGOVEXP.IMF,CYP,2019,Source,Data sources,Country's submission to UNESCO OECD Eurostat (UOE) joint data collection
XGOVEXP.IMF,CYP,2020,Data Status,Data reporting,"FINANCE DATA: IMF, World Economic Outlook"
XGOVEXP.IMF,CYP,2020,Source,Data sources,Country's submission to UNESCO OECD Eurostat (UOE) joint data collection
XGOVEXP.IMF,CYP,2021,Data Status,Data reporting,"FINANCE DATA: IMF, World Economic Outlook"
XGOVEXP.IMF,CYP,2021,Source,Data sources,Country's submission to UNESCO OECD Eurostat (UOE) joint data collection
XGOVEXP.IMF,CYP,2022,Data Status,Data reporting,"FINANCE DATA: IMF, World Economic Outlook"
XGOVEXP.IMF,CYP,2022,Source,Data sources,Country's submission to UNESCO OECD Eurostat (UOE) joint data collection
XGOVEXP.IMF,CZE,2000,Data Status,Data reporting,"FINANCE DATA: IMF, World Economic Outlook"
XGOVEXP.IMF,CZE,2000,Source,Data sources,Country's submission to UNESCO OECD Eurostat (UOE) joint data collection
XGOVEXP.IMF,CZE,2001,Data Status,Data reporting,"FINANCE DATA: IMF, World Economic Outlook"
XGOVEXP.IMF,CZE,2001,Source,Data sources,Country's submission to UNESCO OECD Eurostat (UOE) joint data collection
XGOVEXP.IMF,CZE,2002,Data Status,Data reporting,"FINANCE DATA: IMF, World Economic Outlook"
XGOVEXP.IMF,CZE,2002,Source,Data sources,Country's submission to UNESCO OECD Eurostat (UOE) joint data collection
XGOVEXP.IMF,CZE,2003,Data Status,Data reporting,"FINANCE DATA: IMF, World Economic Outlook"
XGOVEXP.IMF,CZE,2003,Source,Data sources,Country's submission to UNESCO OECD Eurostat (UOE) joint data collection
XGOVEXP.IMF,CZE,2004,Data Status,Data reporting,"FINANCE DATA: IMF, World Economic Outlook"
XGOVEXP.IMF,CZE,2004,Source,Data sources,Country's submission to UNESCO OECD Eurostat (UOE) joint data collection
XGOVEXP.IMF,CZE,2005,Data Status,Data reporting,"FINANCE DATA: IMF, World Economic Outlook"
XGOVEXP.IMF,CZE,2005,Source,Data sources,Country's submission to UNESCO OECD Eurostat (UOE) joint data collection
XGOVEXP.IMF,CZE,2006,Data Status,Data reporting,"FINANCE DATA: IMF, World Economic Outlook"
XGOVEXP.IMF,CZE,2006,Source,Data sources,Country's submission to UNESCO OECD Eurostat (UOE) joint data collection
XGOVEXP.IMF,CZE,2007,Data Status,Data reporting,"FINANCE DATA: IMF, World Economic Outlook"
XGOVEXP.IMF,CZE,2007,Source,Data sources,Country's submission to UNESCO OECD Eurostat (UOE) joint data collection
XGOVEXP.IMF,CZE,2008,Data Status,Data reporting,"FINANCE DATA: IMF, World Economic Outlook"
XGOVEXP.IMF,CZE,2008,Source,Data sources,Country's submission to UNESCO OECD Eurostat (UOE) joint data collection
XGOVEXP.IMF,CZE,2009,Data Status,Data reporting,"FINANCE DATA: IMF, World Economic Outlook"
XGOVEXP.IMF,CZE,2009,Source,Data sources,Country's submission to UNESCO OECD Eurostat (UOE) joint data collection
XGOVEXP.IMF,CZE,2010,Data Status,Data reporting,"FINANCE DATA: IMF, World Economic Outlook"
XGOVEXP.IMF,CZE,2010,Source,Data sources,Country's submission to UNESCO OECD Eurostat (UOE) joint data collection
XGOVEXP.IMF,CZE,2011,Data Status,Data reporting,"FINANCE DATA: IMF, World Economic Outlook"
XGOVEXP.IMF,CZE,2011,Source,Data sources,Country's submission to UNESCO OECD Eurostat (UOE) joint data collection
XGOVEXP.IMF,CZE,2012,Data Status,Data reporting,"FINANCE DATA: IMF, World Economic Outlook"
XGOVEXP.IMF,CZE,2012,Source,Data sources,Country's submission to UNESCO OECD Eurostat (UOE) joint data collection
XGOVEXP.IMF,CZE,2013,Data Status,Data reporting,"FINANCE DATA: IMF, World Economic Outlook"
XGOVEXP.IMF,CZE,2013,Source,Data sources,Country's submission to UNESCO OECD Eurostat (UOE) joint data collection
XGOVEXP.IMF,CZE,2014,Data Status,Data reporting,"FINANCE DATA: IMF, World Economic Outlook"
XGOVEXP.IMF,CZE,2014,Source,Data sources,Country's submission to UNESCO OECD Eurostat (UOE) joint data collection
XGOVEXP.IMF,CZE,2015,Data Status,Data reporting,"FINANCE DATA: IMF, World Economic Outlook"
XGOVEXP.IMF,CZE,2015,Source,Data sources,Country's submission to UNESCO OECD Eurostat (UOE) joint data collection
XGOVEXP.IMF,CZE,2016,Data Status,Data reporting,"FINANCE DATA: IMF, World Economic Outlook"
XGOVEXP.IMF,CZE,2016,Source,Data sources,Country's submission to UNESCO OECD Eurostat (UOE) joint data collection
XGOVEXP.IMF,CZE,2017,Data Status,Data reporting,"FINANCE DATA: IMF, World Economic Outlook"
XGOVEXP.IMF,CZE,2017,Source,Data sources,Country's submission to UNESCO OECD Eurostat (UOE) joint data collection
XGOVEXP.IMF,CZE,2018,Data Status,Data reporting,"FINANCE DATA: IMF, World Economic Outlook"
XGOVEXP.IMF,CZE,2018,Source,Data sources,Country's submission to UNESCO OECD Eurostat (UOE) joint data collection
XGOVEXP.IMF,CZE,2019,Data Status,Data reporting,"FINANCE DATA: IMF, World Economic Outlook"
XGOVEXP.IMF,CZE,2019,Source,Data sources,Country's submission to UNESCO OECD Eurostat (UOE) joint data collection
XGOVEXP.IMF,CZE,2020,Data Status,Data reporting,"FINANCE DATA: IMF, World Economic Outlook"
XGOVEXP.IMF,CZE,2020,Source,Data sources,Country's submission to UNESCO OECD Eurostat (UOE) joint data collection
XGOVEXP.IMF,CZE,2021,Data Status,Data reporting,"FINANCE DATA: IMF, World Economic Outlook"
XGOVEXP.IMF,CZE,2021,Source,Data sources,Country's submission to UNESCO OECD Eurostat (UOE) joint data collection
XGOVEXP.IMF,CZE,2022,Data Status,Data reporting,"FINANCE DATA: IMF, World Economic Outlook"
XGOVEXP.IMF,CZE,2022,Source,Data sources,Country's submission to UNESCO OECD Eurostat (UOE) joint data collection
XGOVEXP.IMF,DEU,2008,Data Status,Data reporting,"FINANCE DATA: IMF, World Economic Outlook"
XGOVEXP.IMF,DEU,2008,Source,Data sources,Country's submission to UNESCO OECD Eurostat (UOE) joint data collection
XGOVEXP.IMF,DEU,2010,Data Status,Data reporting,"FINANCE DATA: IMF, World Economic Outlook"
XGOVEXP.IMF,DEU,2010,Source,Data sources,Country's submission to UNESCO OECD Eurostat (UOE) joint data collection
XGOVEXP.IMF,DEU,2011,Data Status,Data reporting,"FINANCE DATA: IMF, World Economic Outlook"
XGOVEXP.IMF,DEU,2011,Source,Data sources,Country's submission to UNESCO OECD Eurostat (UOE) joint data collection
XGOVEXP.IMF,DEU,2012,Data Status,Data reporting,"FINANCE DATA: IMF, World Economic Outlook"
XGOVEXP.IMF,DEU,2012,Source,Data sources,Country's submission to UNESCO OECD Eurostat (UOE) joint data collection
XGOVEXP.IMF,DEU,2013,Data Status,Data reporting,"FINANCE DATA: IMF, World Economic Outlook"
XGOVEXP.IMF,DEU,2013,Source,Data sources,Country's submission to UNESCO OECD Eurostat (UOE) joint data collection
XGOVEXP.IMF,DEU,2014,Data Status,Data reporting,"FINANCE DATA: IMF, World Economic Outlook"
XGOVEXP.IMF,DEU,2014,Source,Data sources,Country's submission to UNESCO OECD Eurostat (UOE) joint data collection
XGOVEXP.IMF,DEU,2015,Data Status,Data reporting,"FINANCE DATA: IMF, World Economic Outlook"
XGOVEXP.IMF,DEU,2015,Source,Data sources,Country's submission to UNESCO OECD Eurostat (UOE) joint data collection
XGOVEXP.IMF,DEU,2016,Data Status,Data reporting,"FINANCE DATA: IMF, World Economic Outlook"
XGOVEXP.IMF,DEU,2016,Source,Data sources,Country's submission to UNESCO OECD Eurostat (UOE) joint data collection
XGOVEXP.IMF,DEU,2017,Data Status,Data reporting,"FINANCE DATA: IMF, World Economic Outlook"
XGOVEXP.IMF,DEU,2017,Source,Data sources,Country's submission to UNESCO OECD Eurostat (UOE) joint data collection
XGOVEXP.IMF,DEU,2018,Data Status,Data reporting,"FINANCE DATA: IMF, World Economic Outlook"
XGOVEXP.IMF,DEU,2018,Source,Data sources,Country's submission to UNESCO OECD Eurostat (UOE) joint data collection
XGOVEXP.IMF,DEU,2019,Data Status,Data reporting,"FINANCE DATA: IMF, World Economic Outlook"
XGOVEXP.IMF,DEU,2019,Source,Data sources,Country's submission to UNESCO OECD Eurostat (UOE) joint data collection
XGOVEXP.IMF,DEU,2020,Data Status,Data reporting,"FINANCE DATA: IMF, World Economic Outlook"
XGOVEXP.IMF,DEU,2020,Source,Data sources,Country's submission to UNESCO OECD Eurostat (UOE) joint data collection
XGOVEXP.IMF,DEU,2021,Data Status,Data reporting,"FINANCE DATA: IMF, World Economic Outlook"
XGOVEXP.IMF,DEU,2021,Source,Data sources,Country's submission to UNESCO OECD Eurostat (UOE) joint data collection
XGOVEXP.IMF,DEU,2022,Data Status,Data reporting,"FINANCE DATA: IMF, World Economic Outlook"
XGOVEXP.IMF,DEU,2022,Source,Data sources,Country's submission to UNESCO OECD Eurostat (UOE) joint data collection
XGOVEXP.IMF,DJI,2000,Data Status,Data reporting,"FINANCE DATA: IMF, World Economic Outlook"
XGOVEXP.IMF,DJI,2000,Source,Data sources,Country's submission to UIS SFE Questionnaire B
XGOVEXP.IMF,DJI,2001,Data Status,Data reporting,"FINANCE DATA: IMF, World Economic Outlook"
XGOVEXP.IMF,DJI,2001,Source,Data sources,Country's submission to UIS SFE Questionnaire B
XGOVEXP.IMF,DJI,2002,Data Status,Data reporting,"FINANCE DATA: IMF, World Economic Outlook"
XGOVEXP.IMF,DJI,2002,Source,Data sources,Country's submission to UIS SFE Questionnaire B
XGOVEXP.IMF,DJI,2003,Data Status,Data reporting,"FINANCE DATA: IMF, World Economic Outlook"
XGOVEXP.IMF,DJI,2003,Source,Data sources,Country's submission to UIS SFE Questionnaire B
XGOVEXP.IMF,DJI,2004,Data Status,Data reporting,"FINANCE DATA: IMF, World Economic Outlook"
XGOVEXP.IMF,DJI,2004,Source,Data sources,Country's submission to UIS SFE Questionnaire B
XGOVEXP.IMF,DJI,2005,Data Status,Data reporting,"FINANCE DATA: IMF, World Economic Outlook"
XGOVEXP.IMF,DJI,2005,Source,Data sources,Country's submission to UIS SFE Questionnaire B
XGOVEXP.IMF,DJI,2006,Data Status,Data reporting,"FINANCE DATA: IMF, World Economic Outlook"
XGOVEXP.IMF,DJI,2006,Source,Data sources,Country's submission to UIS SFE Questionnaire B
XGOVEXP.IMF,DJI,2007,Data Status,Data reporting,"FINANCE DATA: IMF, World Economic Outlook"
XGOVEXP.IMF,DJI,2007,Source,Data sources,Country's submission to UIS SFE Questionnaire B
XGOVEXP.IMF,DJI,2010,Data Status,Data reporting,"FINANCE DATA: IMF, World Economic Outlook"
XGOVEXP.IMF,DJI,2010,Source,Data sources,Country's submission to UIS SFE Questionnaire B
XGOVEXP.IMF,DJI,2015,Data Status,Data reporting,"FINANCE DATA: IMF, World Economic Outlook"
XGOVEXP.IMF,DJI,2015,Source,Data sources,Country's submission to UIS SFE Questionnaire B
XGOVEXP.IMF,DJI,2016,Data Status,Data reporting,"FINANCE DATA: IMF, World Economic Outlook"
XGOVEXP.IMF,DJI,2016,Source,Data sources,Country's submission to UIS SFE Questionnaire B
XGOVEXP.IMF,DJI,2017,Data Status,Data reporting,"FINANCE DATA: IMF, World Economic Outlook"
XGOVEXP.IMF,DJI,2017,Source,Data sources,Country's submission to UIS SFE Questionnaire B
XGOVEXP.IMF,DJI,2018,Data Status,Data reporting,"FINANCE DATA: IMF, World Economic Outlook"
XGOVEXP.IMF,DJI,2018,Source,Data sources,Country's submission to UIS SFE Questionnaire B
XGOVEXP.IMF,DMA,2015,Data Status,Data reporting,"FINANCE DATA: IMF, World Economic Outlook"
XGOVEXP.IMF,DMA,2015,Source,Data sources,Country's submission to UIS SFE Questionnaire B
XGOVEXP.IMF,DMA,2016,Source,Data sources,UIS Dynamic template based on Budget Address for Fiscal Year (https://finance.gov.dm/budget/budget-addresses/file/22-budget-address-2015-2016-keeping-it-real-by-honourable-roosevelt-skerrit-july-24-2015)
XGOVEXP.IMF,DMA,2017,Source,Data sources,UIS Dynamic template based on 2018/2019 Estimates of the Commonwealth of Dominica (https://finance.gov.dm/images/documents/estimates/2018_2019_approved_estimates.pdf)
XGOVEXP.IMF,DMA,2018,Source,Data sources,UIS Dynamic template based on Budget Address for Fiscal Year (https://finance.gov.dm/budget/budget-addresses/file/25-budget-address-2017-2018-realising-a-modern-prosperous-dominica-by-honourable-roosevelt-skerrit-july-27-2017)
XGOVEXP.IMF,DMA,2019,Data Status,Data reporting,"FINANCE DATA: IMF, World Economic Outlook"
XGOVEXP.IMF,DMA,2019,Source,Data sources,Country's submission to UIS SFE Questionnaire B
XGOVEXP.IMF,DMA,2020,Data Status,Data reporting,"FINANCE DATA: IMF, World Economic Outlook"
XGOVEXP.IMF,DMA,2020,Source,Data sources,Country's submission to UIS SFE Questionnaire B
XGOVEXP.IMF,DMA,2021,Source,Data sources,UIS Dynamic template based on Budget Address for Fiscal Year 2022/23 (https://finance.gov.dm/budget/budget-addresses/file/40-budget-address-2022-2023)
XGOVEXP.IMF,DMA,2022,Source,Data sources,UIS Dynamic template based on Budget Address for Fiscal Year 2021/22 (https://finance.gov.dm/en/budget/budget-addresses?download=33:budget-address-2021-2022)
XGOVEXP.IMF,DMA,2023,Source,Data sources,UIS Dynamic template based on Budget Address for Fiscal Year 2022/23 (https://finance.gov.dm/budget/budget-addresses/file/40-budget-address-2022-2023)
XGOVEXP.IMF,DMA,2024,Source,Data sources,UIS Dynamic template based on Budget Address for Fiscal Year 2023/24 ; Draft estimates 2023/2024 (https://finance.gov.dm/budget/budget-addresses/file/42-budget-address-2023-2024-resetting-to-ensure-the-judicious-use-of-government-s-limited-resources ; https://associatestimes.com/dominica-all-you-need-to-know-about-a-whopping-1-2-billion-fiscal-budget/ ;  https://finance.gov.dm/budget/budget-addresses/file/42-budget-address-2023-2024-resetting-to-ensure-the-judicious-use-of-government-s-limited-resources ; https://finance.gov.dm/images/documents/estimates/Estimates_2023-2024_compressed.pdf)
XGOVEXP.IMF,DMA,2025,Source,Data sources,UIS Dynamic template based on Budget Address for Fiscal Year 2024/25 (https://finance.gov.dm/en/publications/budget-addresses/40-budget-address-2024-2025)
XGOVEXP.IMF,DNK,2000,Data Status,Data reporting,"FINANCE DATA: IMF, World Economic Outlook"
XGOVEXP.IMF,DNK,2000,Source,Data sources,Country's submission to UNESCO OECD Eurostat (UOE) joint data collection
XGOVEXP.IMF,DNK,2001,Data Status,Data reporting,"FINANCE DATA: IMF, World Economic Outlook"
XGOVEXP.IMF,DNK,2001,Source,Data sources,Country's submission to UNESCO OECD Eurostat (UOE) joint data collection
XGOVEXP.IMF,DNK,2002,Data Status,Data reporting,"FINANCE DATA: IMF, World Economic Outlook"
XGOVEXP.IMF,DNK,2002,Source,Data sources,Country's submission to UNESCO OECD Eurostat (UOE) joint data collection
XGOVEXP.IMF,DNK,2003,Data Status,Data reporting,"FINANCE DATA: IMF, World Economic Outlook"
XGOVEXP.IMF,DNK,2003,Source,Data sources,Country's submission to UNESCO OECD Eurostat (UOE) joint data collection
XGOVEXP.IMF,DNK,2004,Data Status,Data reporting,"FINANCE DATA: IMF, World Economic Outlook"
XGOVEXP.IMF,DNK,2004,Source,Data sources,Country's submission to UNESCO OECD Eurostat (UOE) joint data collection
XGOVEXP.IMF,DNK,2005,Data Status,Data reporting,"FINANCE DATA: IMF, World Economic Outlook"
XGOVEXP.IMF,DNK,2005,Source,Data sources,Country's submission to UNESCO OECD Eurostat (UOE) joint data collection
XGOVEXP.IMF,DNK,2006,Data Status,Data reporting,"FINANCE DATA: IMF, World Economic Outlook"
XGOVEXP.IMF,DNK,2006,Source,Data sources,Country's submission to UNESCO OECD Eurostat (UOE) joint data collection
XGOVEXP.IMF,DNK,2007,Data Status,Data reporting,"FINANCE DATA: IMF, World Economic Outlook"
XGOVEXP.IMF,DNK,2007,Source,Data sources,Country's submission to UNESCO OECD Eurostat (UOE) joint data collection
XGOVEXP.IMF,DNK,2008,Data Status,Data reporting,"FINANCE DATA: IMF, World Economic Outlook"
XGOVEXP.IMF,DNK,2008,Source,Data sources,Country's submission to UNESCO OECD Eurostat (UOE) joint data collection
XGOVEXP.IMF,DNK,2009,Data Status,Data reporting,"FINANCE DATA: IMF, World Economic Outlook"
XGOVEXP.IMF,DNK,2009,Source,Data sources,Country's submission to UNESCO OECD Eurostat (UOE) joint data collection
XGOVEXP.IMF,DNK,2010,Data Status,Data reporting,"FINANCE DATA: IMF, World Economic Outlook"
XGOVEXP.IMF,DNK,2010,Source,Data sources,Country's submission to UNESCO OECD Eurostat (UOE) joint data collection
XGOVEXP.IMF,DNK,2011,Data Status,Data reporting,"FINANCE DATA: IMF, World Economic Outlook"
XGOVEXP.IMF,DNK,2011,Source,Data sources,Country's submission to UNESCO OECD Eurostat (UOE) joint data collection
XGOVEXP.IMF,DNK,2012,Data Status,Data reporting,"FINANCE DATA: IMF, World Economic Outlook"
XGOVEXP.IMF,DNK,2012,Source,Data sources,Country's submission to UNESCO OECD Eurostat (UOE) joint data collection
XGOVEXP.IMF,DNK,2013,Data Status,Data reporting,"FINANCE DATA: IMF, World Economic Outlook"
XGOVEXP.IMF,DNK,2013,Source,Data sources,Country's submission to UNESCO OECD Eurostat (UOE) joint data collection
XGOVEXP.IMF,DNK,2014,Data Status,Data reporting,"FINANCE DATA: IMF, World Economic Outlook"
XGOVEXP.IMF,DNK,2014,Source,Data sources,Country's submission to UNESCO OECD Eurostat (UOE) joint data collection
XGOVEXP.IMF,DNK,2016,Data Status,Data reporting,"FINANCE DATA: IMF, World Economic Outlook"
XGOVEXP.IMF,DNK,2016,Source,Data sources,Country's submission to UNESCO OECD Eurostat (UOE) joint data collection
XGOVEXP.IMF,DNK,2017,Data Status,Data reporting,"FINANCE DATA: IMF, World Economic Outlook"
XGOVEXP.IMF,DNK,2017,Source,Data sources,Country's submission to UNESCO OECD Eurostat (UOE) joint data collection
XGOVEXP.IMF,DNK,2018,Data Status,Data reporting,"FINANCE DATA: IMF, World Economic Outlook"
XGOVEXP.IMF,DNK,2018,Source,Data sources,Country's submission to UNESCO OECD Eurostat (UOE) joint data collection
XGOVEXP.IMF,DNK,2019,Data Status,Data reporting,"FINANCE DATA: IMF, World Economic Outlook"
XGOVEXP.IMF,DNK,2019,Source,Data sources,Country's submission to UNESCO OECD Eurostat (UOE) joint data collection
XGOVEXP.IMF,DNK,2020,Data Status,Data reporting,"FINANCE DATA: IMF, World Economic Outlook"
XGOVEXP.IMF,DNK,2020,Source,Data sources,Country's submission to UNESCO OECD Eurostat (UOE) joint data collection
XGOVEXP.IMF,DNK,2021,Data Status,Data reporting,"FINANCE DATA: IMF, World Economic Outlook"
XGOVEXP.IMF,DNK,2021,Source,Data sources,Country's submission to UNESCO OECD Eurostat (UOE) joint data collection
XGOVEXP.IMF,DNK,2022,Data Status,Data reporting,"FINANCE DATA: IMF, World Economic Outlook"
XGOVEXP.IMF,DNK,2022,Source,Data sources,Country's submission to UNESCO OECD Eurostat (UOE) joint data collection
XGOVEXP.IMF,DOM,2000,Data Status,Data reporting,"FINANCE DATA: IMF, World Economic Outlook"
XGOVEXP.IMF,DOM,2000,Source,Data sources,Country's submission to UIS SFE Questionnaire B
XGOVEXP.IMF,DOM,2001,Data Status,Data reporting,"FINANCE DATA: IMF, World Economic Outlook"
XGOVEXP.IMF,DOM,2001,Source,Data sources,Country's submission to UIS SFE Questionnaire B
XGOVEXP.IMF,DOM,2002,Data Status,Data reporting,"FINANCE DATA: IMF, World Economic Outlook"
XGOVEXP.IMF,DOM,2002,Source,Data sources,Country's submission to UIS SFE Questionnaire B
XGOVEXP.IMF,DOM,2003,Data Status,Data reporting,"FINANCE DATA: IMF, World Economic Outlook"
XGOVEXP.IMF,DOM,2003,Source,Data sources,Country's submission to UIS SFE Questionnaire B
XGOVEXP.IMF,DOM,2007,Data Status,Data reporting,"FINANCE DATA: IMF, World Economic Outlook"
XGOVEXP.IMF,DOM,2007,Source,Data sources,Country's submission to UIS SFE Questionnaire B
XGOVEXP.IMF,DOM,2010,Source,Data sources,UIS Dynamic Template (mined data) based on Reporte de Ejecucion Presupuestaria (I (digepres.gob.do))
XGOVEXP.IMF,DOM,2011,Source,Data sources,UIS Dynamic Template (mined data) based on Reporte de Ejecucion Presupuestaria (I (digepres.gob.do))
XGOVEXP.IMF,DOM,2013,Source,Data sources,UIS Dynamic Template (mined data) based on Reporte de Ejecucion Presupuestaria (https://www.digepres.gob.do/wp-content/uploads/2019/08/Informe-de-Ejecucion-Gobierno-Central-Enero-Diciembre-2013-DIGEPRES.pdf)
XGOVEXP.IMF,DOM,2014,Source,Data sources,UIS Dynamic Template (mined data) based on Reporte de Ejecucion Presupuestaria (https://www.digepres.gob.do/wp-content/uploads/2019/08/Informe-Ejecucion-Presupuestaria-Enero-Diciembre-2014-DIGEPRES.pdf)
XGOVEXP.IMF,DOM,2015,Source,Data sources,UIS Dynamic Template (mined data) based on Reporte de Ejecucion Presupuestaria (https://www.digepres.gob.do/wp-content/uploads/2019/08/Informe-Ejecucion-Presupuestaria-2015-DIGEPRES.pdf)
XGOVEXP.IMF,DOM,2016,Source,Data sources,UIS Dynamic Template (mined data) based on Reporte de Ejecucion Presupuestaria (https://www.digepres.gob.do/wp-content/uploads/2019/08/Informe-anual-de-ejecucion-presupuestaria-2016-DIGEPRES.pdf)
XGOVEXP.IMF,DOM,2017,Source,Data sources,UIS Dynamic Template (mined data) based on Reporte de Ejecucion Presupuestaria (https://www.digepres.gob.do/wp-content/uploads/2019/08/instituciones-descentralizadas-seguridad%20social-enero-diciembre%202017.pdf)
XGOVEXP.IMF,DOM,2018,Source,Data sources,UIS Dynamic Template (mined data) based on Reporte de Ejecucion Presupuestaria (https://www.digepres.gob.do/wp-content/uploads/2019/08/Informe-de-la-Ejecucion-Presupuestaria-2018.pdf)
XGOVEXP.IMF,DOM,2019,Source,Data sources,UIS Dynamic Template (mined data) based on Reporte de Ejecucion Presupuestaria (https://www.digepres.gob.do/wp-content/uploads/2020/03/Informe-Enero-Diciembre-2019-version-Web.pdf)
XGOVEXP.IMF,DOM,2020,Source,Data sources,UIS Dynamic Template (mined data) based on Informe de Ejecucion Enero-Diciembre (https://www.digepres.gob.do/wp-content/uploads/2021/04/Informe-de-ejecucion-Enero-Diciembre-2020-vf1.pdf)
XGOVEXP.IMF,DOM,2021,Source,Data sources,UIS Dynamic Template (mined data) based on Informe de Ejecucion Enero-Diciembre (https://www.digepres.gob.do/wp-content/uploads/2022/04/Informe-de-Ejecuci%C3%B3n-Enero-Diciembre-2021-VFweb.pdf; https://www.bancentral.gov.do/a/d/2534-precios)
XGOVEXP.IMF,DOM,2022,Source,Data sources,UIS Dynamic Template (mined data) based on Informe de Ejecucion Enero-Diciembre (Informe-de-Ejecucion-Enero-Diciembre-2022-VF-WEB.pdf (digepres.gob.do))
XGOVEXP.IMF,DOM,2023,Source,Data sources,UIS Dynamic Template (mined data) based on Informe de Ejecucion Enero-Diciembre 2023 (https://www.digepres.gob.do/wp-content/uploads/2024/03/Informe-Enero-Diciembre-VF-1.pdf)
XGOVEXP.IMF,DOM,2024,Source,Data sources,UIS Dynamic Template (mined data) based on Proyecto de Ley de Presupuesto del Estado 2024 (https://www.digepres.gob.do/wp-content/uploads/2023/10/1.-Proyecto-de-Ley-de-Presupuesto-del-Estado-2024-1.pdf)
XGOVEXP.IMF,DOM,2025,Source,Data sources,UIS Dynamic Template (mined data) based on Proyecto de Ley de Presupuesto del Estado 2025 (https://www.digepres.gob.do/wp-content/uploads/2024/10/01.-Proyecto-de-Ley-de-Presupuesto-Completo-con-Recibo.pdf)
XGOVEXP.IMF,DZA,2008,Data Status,Data reporting,"FINANCE DATA: IMF, World Economic Outlook"
XGOVEXP.IMF,DZA,2008,Source,Data sources,Country's submission to UIS SFE Questionnaire B
XGOVEXP.IMF,DZA,2010,Source,Data sources,UIS Dynamic Template (mined data) based on Loi de finances complementaire -  Journal officiel de la republique algerienne -  Numero 49 - 29 aout 2010 (https://www.mf.gov.dz/pdf/texte/lois_finances_complementaire/upl-46e2741180a449864d198a7c5c93d61e.pdf)
XGOVEXP.IMF,DZA,2011,Source,Data sources,UIS Dynamic Template (mined data) based on Loi de finances complementaire -  Journal officiel de la republique algerienne -  Numero 40 - 20 juillet 2011 (https://www.mf.gov.dz/pdf/texte/lois_finances_complementaire/upl-f4ab700f22f1d7347c5717ebace48b69.pdf)
XGOVEXP.IMF,DZA,2012,Source,Data sources,UIS Dynamic Template (mined data) based on Loi de finances complementaire -  Journal officiel de la republique algerienne -  Numero 08 - 15 fevrier 2012 (https://www.mf.gov.dz/pdf/texte/lois_finances_complementaire/upl-3b87c0b32f90de001474f2bdbe6f153b.pdf)
XGOVEXP.IMF,DZA,2013,Source,Data sources,UIS Dynamic Template (mined data) based on Loi de finances  -  Journal officiel de la republique algerienne democratique et populaire -  Numero 72 - 30 decembre 2012 (https://www.mf.gov.dz/pdf/texte/lois_finances/upl-37bf45efdf8412a00de028b8d7e5427c.pdf)
XGOVEXP.IMF,DZA,2014,Source,Data sources,UIS Dynamic Template (mined data) based on Loi de finances  -  Journal officiel de la republique algerienne democratique et populaire -  Numero 68 - 31 decembre 2013 (https://www.mf.gov.dz/pdf/texte/lois_finances/lf%202014.pdf)
XGOVEXP.IMF,DZA,2015,Source,Data sources,UIS Dynamic Template (mined data) based on (https://www.mf.gov.dz/images/pdf/publication/Bulletin_1er_sem_2018_MFinance_Fr.pdf)
XGOVEXP.IMF,DZA,2016,Source,Data sources,UIS Dynamic Template (mined data) based on Loi de finances  -  Journal officiel de la republique algerienne democratique et populaire -  Numero 72 - 31 decembre 2015 (https://www.mf.gov.dz/pdf/texte/lois_finances/F2015072.pdf)
XGOVEXP.IMF,DZA,2017,Source,Data sources,UIS Dynamic Template (mined data) based on Loi de finances  -  Journal officiel de la republique algerienne democratique et populaire -  Numero 77 - 29 decembre 2016 (https://www.mf.gov.dz/pdf/texte/lois_finances/F2016077.pdf)
XGOVEXP.IMF,DZA,2018,Source,Data sources,UIS Dynamic Template (mined data) based on Bulletin officiel du Ministere des Finances du premier semestre 2021 (https://www.mf.gov.dz/images/pdf/publication/BO_2021_S1_BIS.pdf)
XGOVEXP.IMF,DZA,2019,Source,Data sources,UIS Dynamic Template (mined data) based on Bulletin officiel du Ministere des Finances du premier semestre 2022 (https://www.mf.gov.dz/images/pdf/publication/2022_S1.pdf)
XGOVEXP.IMF,DZA,2020,Source,Data sources,UIS Dynamic Template (mined data) based on Loi de finances  -  Journal officiel de la republique algerienne democratique et populaire -  Numero 81 - 30 decembre 2019 (https://www.mf.gov.dz/images/pdf/Algerie-LF-2020.pdf)
XGOVEXP.IMF,DZA,2021,Source,Data sources,UIS Dynamic Template (mined data) based on Loi de finances complementaire -  Journal officiel de la republique algerienne democratique et populaire -  Numero 44 - 8 juin 2021 (https://www.mf.gov.dz/images/pdf/F2021044.pdf)
XGOVEXP.IMF,DZA,2022,Source,Data sources,UIS Dynamic Template (mined data) based on Loi de finances complementaire -  Ordonnances - Journal officiel de la republique algerienne democratique et populaire - Numero 53 - 4 aout 2022 (https://www.mf.gov.dz/images/pdf/loidefinancecomplementaire/F2022F53.pdf)
XGOVEXP.IMF,DZA,2023,Source,Data sources,UIS Dynamic Template (mined data) based on Loi de finances -  Journal officiel de la republique algerienne democratique et populaire - Numero 89 - 29 decembre 2022 (https://www.mf.gov.dz/images/pdf/loidefinancecomplementaire/F2022089.pdf)
XGOVEXP.IMF,DZA,2024,Data Status,Data reporting,"FINANCE DATA: IMF, World Economic Outlook"
XGOVEXP.IMF,DZA,2024,Source,Data sources,Country's submission to UIS SFE Questionnaire B
XGOVEXP.IMF,DZA,2025,Source,Data sources,UIS Dynamic Template (mined data) based on Loi de finances - Journal officiel de la republique algerienne democratique et populaire - Numero 84 - 26 decembre 2024 (https://www.mf.gov.dz/images/pdf/loidefinance/Loi_de_finance_2025_FR.pdf)
XGOVEXP.IMF,ECU,2000,Data Status,Data reporting,"FINANCE DATA: IMF, World Economic Outlook"
XGOVEXP.IMF,ECU,2000,Source,Data sources,Country's submission to UIS SFE Questionnaire B
XGOVEXP.IMF,ECU,2009,Data Status,Data reporting,"FINANCE DATA: IMF, World Economic Outlook"
XGOVEXP.IMF,ECU,2009,Source,Data sources,Country's submission to UIS SFE Questionnaire B
XGOVEXP.IMF,ECU,2010,Data Status,Data reporting,"FINANCE DATA: IMF, World Economic Outlook"
XGOVEXP.IMF,ECU,2010,Source,Data sources,Country's submission to UIS SFE Questionnaire B
XGOVEXP.IMF,ECU,2011,Data Status,Data reporting,"FINANCE DATA: IMF, World Economic Outlook"
XGOVEXP.IMF,ECU,2011,Source,Data sources,Country's submission to UIS SFE Questionnaire B
XGOVEXP.IMF,ECU,2012,Data Status,Data reporting,"FINANCE DATA: IMF, World Economic Outlook"
XGOVEXP.IMF,ECU,2012,Source,Data sources,Country's submission to UIS SFE Questionnaire B
XGOVEXP.IMF,ECU,2013,Data Status,Data reporting,"FINANCE DATA: IMF, World Economic Outlook"
XGOVEXP.IMF,ECU,2013,Source,Data sources,Country's submission to UIS SFE Questionnaire B
XGOVEXP.IMF,ECU,2014,Data Status,Data reporting,"FINANCE DATA: IMF, World Economic Outlook"
XGOVEXP.IMF,ECU,2014,Source,Data sources,Country's submission to UIS SFE Questionnaire B
XGOVEXP.IMF,ECU,2015,Data Status,Data reporting,"FINANCE DATA: IMF, World Economic Outlook"
XGOVEXP.IMF,ECU,2015,Source,Data sources,Country's submission to UIS SFE Questionnaire B
XGOVEXP.IMF,ECU,2019,Data Status,Data reporting,"FINANCE DATA: IMF, World Economic Outlook"
XGOVEXP.IMF,ECU,2019,Source,Data sources,Country's submission to UIS SFE Questionnaire B
XGOVEXP.IMF,ECU,2020,Data Status,Data reporting,"FINANCE DATA: IMF, World Economic Outlook"
XGOVEXP.IMF,ECU,2020,Source,Data sources,Country's submission to UIS SFE Questionnaire B
XGOVEXP.IMF,ECU,2021,Data Status,Data reporting,"FINANCE DATA: IMF, World Economic Outlook"
XGOVEXP.IMF,ECU,2021,Source,Data sources,Country's submission to UIS SFE Questionnaire B
XGOVEXP.IMF,ECU,2022,Data Status,Data reporting,"FINANCE DATA: IMF, World Economic Outlook"
XGOVEXP.IMF,ECU,2022,Source,Data sources,Country's submission to UIS SFE Questionnaire B
XGOVEXP.IMF,ECU,2023,Data Status,Data reporting,"FINANCE DATA: IMF, World Economic Outlook"
XGOVEXP.IMF,ECU,2023,Source,Data sources,Country's submission to UIS SFE Questionnaire B
XGOVEXP.IMF,ECU,2024,Data Status,Data reporting,"FINANCE DATA: IMF, World Economic Outlook"
XGOVEXP.IMF,ECU,2024,Source,Data sources,Country's submission to UIS SFE Questionnaire B
XGOVEXP.IMF,ECU,2025,Source,Data sources,UIS Dynamic Template (mined data) based on Presupuesto General del Estado (https://www.finanzas.gob.ec/wp-content/uploads/downloads/2025/01/por_sectorial_entidad_egresos-1.pdf)
XGOVEXP.IMF,EGY,2003,Data Status,Data reporting,"FINANCE DATA: IMF, World Economic Outlook"
XGOVEXP.IMF,EGY,2003,Source,Data sources,Country's submission to UIS SFE Questionnaire B
XGOVEXP.IMF,EGY,2004,Data Status,Data reporting,"FINANCE DATA: IMF, World Economic Outlook"
XGOVEXP.IMF,EGY,2004,Source,Data sources,Country's submission to UIS SFE Questionnaire B
XGOVEXP.IMF,EGY,2005,Data Status,Data reporting,"FINANCE DATA: IMF, World Economic Outlook"
XGOVEXP.IMF,EGY,2005,Source,Data sources,Country's submission to UIS SFE Questionnaire B
XGOVEXP.IMF,EGY,2006,Data Status,Data reporting,"FINANCE DATA: IMF, World Economic Outlook"
XGOVEXP.IMF,EGY,2006,Source,Data sources,Country's submission to UIS SFE Questionnaire B
XGOVEXP.IMF,EGY,2007,Data Status,Data reporting,"FINANCE DATA: IMF, World Economic Outlook"
XGOVEXP.IMF,EGY,2007,Source,Data sources,Country's submission to UIS SFE Questionnaire B
XGOVEXP.IMF,EGY,2008,Data Status,Data reporting,"FINANCE DATA: IMF, World Economic Outlook"
XGOVEXP.IMF,EGY,2008,Source,Data sources,Country's submission to UIS SFE Questionnaire B
XGOVEXP.IMF,ERI,2001,Data Status,Data reporting,"FINANCE DATA: IMF, World Economic Outlook"
XGOVEXP.IMF,ERI,2001,Source,Data sources,Country's submission to UIS SFE Questionnaire B
XGOVEXP.IMF,ERI,2002,Data Status,Data reporting,"FINANCE DATA: IMF, World Economic Outlook"
XGOVEXP.IMF,ERI,2002,Source,Data sources,Country's submission to UIS SFE Questionnaire B
XGOVEXP.IMF,ERI,2004,Data Status,Data reporting,"FINANCE DATA: IMF, World Economic Outlook"
XGOVEXP.IMF,ERI,2004,Source,Data sources,Country's submission to UIS SFE Questionnaire B
XGOVEXP.IMF,ERI,2006,Data Status,Data reporting,"FINANCE DATA: IMF, World Economic Outlook"
XGOVEXP.IMF,ERI,2006,Source,Data sources,Country's submission to UIS SFE Questionnaire B
XGOVEXP.IMF,ESP,2000,Data Status,Data reporting,"FINANCE DATA: IMF, World Economic Outlook"
XGOVEXP.IMF,ESP,2000,Source,Data sources,Country's submission to UNESCO OECD Eurostat (UOE) joint data collection
XGOVEXP.IMF,ESP,2001,Data Status,Data reporting,"FINANCE DATA: IMF, World Economic Outlook"
XGOVEXP.IMF,ESP,2001,Source,Data sources,Country's submission to UNESCO OECD Eurostat (UOE) joint data collection
XGOVEXP.IMF,ESP,2002,Data Status,Data reporting,"FINANCE DATA: IMF, World Economic Outlook"
XGOVEXP.IMF,ESP,2002,Source,Data sources,Country's submission to UNESCO OECD Eurostat (UOE) joint data collection
XGOVEXP.IMF,ESP,2003,Data Status,Data reporting,"FINANCE DATA: IMF, World Economic Outlook"
XGOVEXP.IMF,ESP,2003,Source,Data sources,Country's submission to UNESCO OECD Eurostat (UOE) joint data collection
XGOVEXP.IMF,ESP,2004,Data Status,Data reporting,"FINANCE DATA: IMF, World Economic Outlook"
XGOVEXP.IMF,ESP,2004,Source,Data sources,Country's submission to UNESCO OECD Eurostat (UOE) joint data collection
XGOVEXP.IMF,ESP,2005,Data Status,Data reporting,"FINANCE DATA: IMF, World Economic Outlook"
XGOVEXP.IMF,ESP,2005,Source,Data sources,Country's submission to UNESCO OECD Eurostat (UOE) joint data collection
XGOVEXP.IMF,ESP,2006,Data Status,Data reporting,"FINANCE DATA: IMF, World Economic Outlook"
XGOVEXP.IMF,ESP,2006,Source,Data sources,Country's submission to UNESCO OECD Eurostat (UOE) joint data collection
XGOVEXP.IMF,ESP,2007,Data Status,Data reporting,"FINANCE DATA: IMF, World Economic Outlook"
XGOVEXP.IMF,ESP,2007,Source,Data sources,Country's submission to UNESCO OECD Eurostat (UOE) joint data collection
XGOVEXP.IMF,ESP,2008,Data Status,Data reporting,"FINANCE DATA: IMF, World Economic Outlook"
XGOVEXP.IMF,ESP,2008,Source,Data sources,Country's submission to UNESCO OECD Eurostat (UOE) joint data collection
XGOVEXP.IMF,ESP,2009,Data Status,Data reporting,"FINANCE DATA: IMF, World Economic Outlook"
XGOVEXP.IMF,ESP,2009,Source,Data sources,Country's submission to UNESCO OECD Eurostat (UOE) joint data collection
XGOVEXP.IMF,ESP,2010,Data Status,Data reporting,"FINANCE DATA: IMF, World Economic Outlook"
XGOVEXP.IMF,ESP,2010,Source,Data sources,Country's submission to UNESCO OECD Eurostat (UOE) joint data collection
XGOVEXP.IMF,ESP,2011,Data Status,Data reporting,"FINANCE DATA: IMF, World Economic Outlook"
XGOVEXP.IMF,ESP,2011,Source,Data sources,Country's submission to UNESCO OECD Eurostat (UOE) joint data collection
XGOVEXP.IMF,ESP,2012,Data Status,Data reporting,"FINANCE DATA: IMF, World Economic Outlook"
XGOVEXP.IMF,ESP,2012,Source,Data sources,Country's submission to UNESCO OECD Eurostat (UOE) joint data collection
XGOVEXP.IMF,ESP,2013,Data Status,Data reporting,"FINANCE DATA: IMF, World Economic Outlook"
XGOVEXP.IMF,ESP,2013,Source,Data sources,Country's submission to UNESCO OECD Eurostat (UOE) joint data collection
XGOVEXP.IMF,ESP,2014,Data Status,Data reporting,"FINANCE DATA: IMF, World Economic Outlook"
XGOVEXP.IMF,ESP,2014,Source,Data sources,Country's submission to UNESCO OECD Eurostat (UOE) joint data collection
XGOVEXP.IMF,ESP,2015,Data Status,Data reporting,"FINANCE DATA: IMF, World Economic Outlook"
XGOVEXP.IMF,ESP,2015,Source,Data sources,Country's submission to UNESCO OECD Eurostat (UOE) joint data collection
XGOVEXP.IMF,ESP,2016,Data Status,Data reporting,"FINANCE DATA: IMF, World Economic Outlook"
XGOVEXP.IMF,ESP,2016,Source,Data sources,Country's submission to UNESCO OECD Eurostat (UOE) joint data collection
XGOVEXP.IMF,ESP,2017,Data Status,Data reporting,"FINANCE DATA: IMF, World Economic Outlook"
XGOVEXP.IMF,ESP,2017,Source,Data sources,Country's submission to UNESCO OECD Eurostat (UOE) joint data collection
XGOVEXP.IMF,ESP,2018,Data Status,Data reporting,"FINANCE DATA: IMF, World Economic Outlook"
XGOVEXP.IMF,ESP,2018,Source,Data sources,Country's submission to UNESCO OECD Eurostat (UOE) joint data collection
XGOVEXP.IMF,ESP,2019,Data Status,Data reporting,"FINANCE DATA: IMF, World Economic Outlook"
XGOVEXP.IMF,ESP,2019,Source,Data sources,Country's submission to UNESCO OECD Eurostat (UOE) joint data collection
XGOVEXP.IMF,ESP,2020,Data Status,Data reporting,"FINANCE DATA: IMF, World Economic Outlook"
XGOVEXP.IMF,ESP,2020,Source,Data sources,Country's submission to UNESCO OECD Eurostat (UOE) joint data collection
XGOVEXP.IMF,ESP,2021,Data Status,Data reporting,"FINANCE DATA: IMF, World Economic Outlook"
XGOVEXP.IMF,ESP,2021,Source,Data sources,Country's submission to UNESCO OECD Eurostat (UOE) joint data collection
XGOVEXP.IMF,ESP,2022,Data Status,Data reporting,"FINANCE DATA: IMF, World Economic Outlook"
XGOVEXP.IMF,ESP,2022,Source,Data sources,Country's submission to UNESCO OECD Eurostat (UOE) joint data collection
XGOVEXP.IMF,EST,2000,Data Status,Data reporting,"FINANCE DATA: IMF, World Economic Outlook"
XGOVEXP.IMF,EST,2000,Source,Data sources,Country's submission to UNESCO OECD Eurostat (UOE) joint data collection
XGOVEXP.IMF,EST,2001,Data Status,Data reporting,"FINANCE DATA: IMF, World Economic Outlook"
XGOVEXP.IMF,EST,2001,Source,Data sources,Country's submission to UNESCO OECD Eurostat (UOE) joint data collection
XGOVEXP.IMF,EST,2002,Data Status,Data reporting,"FINANCE DATA: IMF, World Economic Outlook"
XGOVEXP.IMF,EST,2002,Source,Data sources,Country's submission to UNESCO OECD Eurostat (UOE) joint data collection
XGOVEXP.IMF,EST,2003,Data Status,Data reporting,"FINANCE DATA: IMF, World Economic Outlook"
XGOVEXP.IMF,EST,2003,Source,Data sources,Country's submission to UNESCO OECD Eurostat (UOE) joint data collection
XGOVEXP.IMF,EST,2004,Data Status,Data reporting,"FINANCE DATA: IMF, World Economic Outlook"
XGOVEXP.IMF,EST,2004,Source,Data sources,Country's submission to UNESCO OECD Eurostat (UOE) joint data collection
XGOVEXP.IMF,EST,2005,Data Status,Data reporting,"FINANCE DATA: IMF, World Economic Outlook"
XGOVEXP.IMF,EST,2005,Source,Data sources,Country's submission to UNESCO OECD Eurostat (UOE) joint data collection
XGOVEXP.IMF,EST,2007,Data Status,Data reporting,"FINANCE DATA: IMF, World Economic Outlook"
XGOVEXP.IMF,EST,2007,Source,Data sources,Country's submission to UNESCO OECD Eurostat (UOE) joint data collection
XGOVEXP.IMF,EST,2008,Data Status,Data reporting,"FINANCE DATA: IMF, World Economic Outlook"
XGOVEXP.IMF,EST,2008,Source,Data sources,Country's submission to UNESCO OECD Eurostat (UOE) joint data collection
XGOVEXP.IMF,EST,2009,Data Status,Data reporting,"FINANCE DATA: IMF, World Economic Outlook"
XGOVEXP.IMF,EST,2009,Source,Data sources,Country's submission to UNESCO OECD Eurostat (UOE) joint data collection
XGOVEXP.IMF,EST,2010,Data Status,Data reporting,"FINANCE DATA: IMF, World Economic Outlook"
XGOVEXP.IMF,EST,2010,Source,Data sources,Country's submission to UNESCO OECD Eurostat (UOE) joint data collection
XGOVEXP.IMF,EST,2011,Data Status,Data reporting,"FINANCE DATA: IMF, World Economic Outlook"
XGOVEXP.IMF,EST,2011,Source,Data sources,Country's submission to UNESCO OECD Eurostat (UOE) joint data collection
XGOVEXP.IMF,EST,2012,Data Status,Data reporting,"FINANCE DATA: IMF, World Economic Outlook"
XGOVEXP.IMF,EST,2012,Source,Data sources,Country's submission to UNESCO OECD Eurostat (UOE) joint data collection
XGOVEXP.IMF,EST,2013,Data Status,Data reporting,"FINANCE DATA: IMF, World Economic Outlook"
XGOVEXP.IMF,EST,2013,Source,Data sources,Country's submission to UNESCO OECD Eurostat (UOE) joint data collection
XGOVEXP.IMF,EST,2014,Data Status,Data reporting,"FINANCE DATA: IMF, World Economic Outlook"
XGOVEXP.IMF,EST,2014,Source,Data sources,Country's submission to UNESCO OECD Eurostat (UOE) joint data collection
XGOVEXP.IMF,EST,2015,Data Status,Data reporting,"FINANCE DATA: IMF, World Economic Outlook"
XGOVEXP.IMF,EST,2015,Source,Data sources,Country's submission to UNESCO OECD Eurostat (UOE) joint data collection
XGOVEXP.IMF,EST,2016,Data Status,Data reporting,"FINANCE DATA: IMF, World Economic Outlook"
XGOVEXP.IMF,EST,2016,Source,Data sources,Country's submission to UNESCO OECD Eurostat (UOE) joint data collection
XGOVEXP.IMF,EST,2017,Data Status,Data reporting,"FINANCE DATA: IMF, World Economic Outlook"
XGOVEXP.IMF,EST,2017,Source,Data sources,Country's submission to UNESCO OECD Eurostat (UOE) joint data collection
XGOVEXP.IMF,EST,2018,Data Status,Data reporting,"FINANCE DATA: IMF, World Economic Outlook"
XGOVEXP.IMF,EST,2018,Source,Data sources,Country's submission to UNESCO OECD Eurostat (UOE) joint data collection
XGOVEXP.IMF,EST,2019,Data Status,Data reporting,"FINANCE DATA: IMF, World Economic Outlook"
XGOVEXP.IMF,EST,2019,Source,Data sources,Country's submission to UNESCO OECD Eurostat (UOE) joint data collection
XGOVEXP.IMF,EST,2020,Data Status,Data reporting,"FINANCE DATA: IMF, World Economic Outlook"
XGOVEXP.IMF,EST,2020,Source,Data sources,Country's submission to UNESCO OECD Eurostat (UOE) joint data collection
XGOVEXP.IMF,EST,2021,Data Status,Data reporting,"FINANCE DATA: IMF, World Economic Outlook"
XGOVEXP.IMF,EST,2021,Source,Data sources,Country's submission to UNESCO OECD Eurostat (UOE) joint data collection
XGOVEXP.IMF,EST,2022,Data Status,Data reporting,"FINANCE DATA: IMF, World Economic Outlook"
XGOVEXP.IMF,EST,2022,Source,Data sources,Country's submission to UNESCO OECD Eurostat (UOE) joint data collection
XGOVEXP.IMF,ETH,2000,Data Status,Data reporting,"FINANCE DATA: IMF, World Economic Outlook"
XGOVEXP.IMF,ETH,2000,Source,Data sources,Country's submission to UIS SFE Questionnaire B
XGOVEXP.IMF,ETH,2001,Data Status,Data reporting,"FINANCE DATA: IMF, World Economic Outlook"
XGOVEXP.IMF,ETH,2001,Source,Data sources,Country's submission to UIS SFE Questionnaire B
XGOVEXP.IMF,ETH,2002,Data Status,Data reporting,"FINANCE DATA: IMF, World Economic Outlook"
XGOVEXP.IMF,ETH,2002,Source,Data sources,Country's submission to UIS SFE Questionnaire B
XGOVEXP.IMF,ETH,2006,Data Status,Data reporting,"FINANCE DATA: IMF, World Economic Outlook"
XGOVEXP.IMF,ETH,2006,Source,Data sources,Country's submission to UIS SFE Questionnaire B
XGOVEXP.IMF,ETH,2007,Data Status,Data reporting,"FINANCE DATA: IMF, World Economic Outlook"
XGOVEXP.IMF,ETH,2007,Source,Data sources,Country's submission to UIS SFE Questionnaire B
XGOVEXP.IMF,ETH,2008,Data Status,Data reporting,"FINANCE DATA: IMF, World Economic Outlook"
XGOVEXP.IMF,ETH,2008,Source,Data sources,Country's submission to UIS SFE Questionnaire B
XGOVEXP.IMF,ETH,2009,Data Status,Data reporting,"FINANCE DATA: IMF, World Economic Outlook"
XGOVEXP.IMF,ETH,2009,Source,Data sources,Country's submission to UIS SFE Questionnaire B
XGOVEXP.IMF,ETH,2010,Data Status,Data reporting,"FINANCE DATA: IMF, World Economic Outlook"
XGOVEXP.IMF,ETH,2010,Source,Data sources,Country's submission to UIS SFE Questionnaire B
XGOVEXP.IMF,ETH,2011,Data Status,Data reporting,"FINANCE DATA: IMF, World Economic Outlook"
XGOVEXP.IMF,ETH,2011,Source,Data sources,Country's submission to UIS SFE Questionnaire B
XGOVEXP.IMF,ETH,2012,Data Status,Data reporting,"FINANCE DATA: IMF, World Economic Outlook"
XGOVEXP.IMF,ETH,2012,Source,Data sources,Country's submission to UIS SFE Questionnaire B
XGOVEXP.IMF,ETH,2013,Data Status,Data reporting,"FINANCE DATA: IMF, World Economic Outlook"
XGOVEXP.IMF,ETH,2013,Source,Data sources,Country's submission to UIS SFE Questionnaire B
XGOVEXP.IMF,ETH,2014,Data Status,Data reporting,"FINANCE DATA: IMF, World Economic Outlook"
XGOVEXP.IMF,ETH,2014,Source,Data sources,Country's submission to UIS SFE Questionnaire B
XGOVEXP.IMF,ETH,2015,Source,Data sources,UIS Dynamic template based on UIS Education Survey
XGOVEXP.IMF,ETH,2016,Source,Data sources,UIS Dynamic Template (mined data) based on Education Budget Brief (updated with national data for 2017/18) (https://www.unicef.org/ethiopia/media/3816/file/Education%20Budget%20Brief%202017-18.pdf)
XGOVEXP.IMF,ETH,2017,Source,Data sources,UIS Dynamic Template (mined data) based on Budget Brief 2020/21 (https://www.unicef.org/ethiopia/media/4981/file/UPHOLDING%20PUBLIC%20INVESTMENT%20COMMITMENTS%20FOR%20EDUCATION%20AMIDST%20COVID-19.pdf)
XGOVEXP.IMF,ETH,2018,Source,Data sources,UIS Dynamic Template (mined data) based on National Education Budget 2021/22 (https://www.unicef.org/ethiopia/media/7041/file/National%20education%20budget.pdf)
XGOVEXP.IMF,ETH,2019,Source,Data sources,UIS Dynamic Template (mined data) based on National Education Budget 2021/22 (https://www.unicef.org/ethiopia/media/7041/file/National%20education%20budget.pdf)
XGOVEXP.IMF,ETH,2020,Source,Data sources,UIS Dynamic Template (mined data) based on National Education Budget 2021/22 (https://www.unicef.org/ethiopia/media/7041/file/National%20education%20budget.pdf)
XGOVEXP.IMF,ETH,2021,Source,Data sources,UIS Dynamic Template (mined data) based on National Education Budget 2021/22 (https://www.unicef.org/ethiopia/media/7041/file/National%20education%20budget.pdf)
XGOVEXP.IMF,ETH,2022,Source,Data sources,UIS Dynamic Template (mined data) based on National Education Budget 2021/22 (https://www.unicef.org/ethiopia/media/7041/file/National%20education%20budget.pdf)
XGOVEXP.IMF,ETH,2023,Source,Data sources,UIS Dynamic Template (mined data) based on National Education Budget 2023/24 (https://www.unicef.org/ethiopia/media/10601/file/National%20Education%20Budget%20Brief%202024.pdf.pdf)
XGOVEXP.IMF,ETH,2024,Source,Data sources,UIS Dynamic Template (mined data) based on National Education Budget 2023/24 (https://www.unicef.org/ethiopia/media/10601/file/National%20Education%20Budget%20Brief%202024.pdf.pdf)
XGOVEXP.IMF,FIN,2000,Data Status,Data reporting,"FINANCE DATA: IMF, World Economic Outlook"
XGOVEXP.IMF,FIN,2000,Source,Data sources,Country's submission to UNESCO OECD Eurostat (UOE) joint data collection
XGOVEXP.IMF,FIN,2001,Data Status,Data reporting,"FINANCE DATA: IMF, World Economic Outlook"
XGOVEXP.IMF,FIN,2001,Source,Data sources,Country's submission to UNESCO OECD Eurostat (UOE) joint data collection
XGOVEXP.IMF,FIN,2002,Data Status,Data reporting,"FINANCE DATA: IMF, World Economic Outlook"
XGOVEXP.IMF,FIN,2002,Source,Data sources,Country's submission to UNESCO OECD Eurostat (UOE) joint data collection
XGOVEXP.IMF,FIN,2003,Data Status,Data reporting,"FINANCE DATA: IMF, World Economic Outlook"
XGOVEXP.IMF,FIN,2003,Source,Data sources,Country's submission to UNESCO OECD Eurostat (UOE) joint data collection
XGOVEXP.IMF,FIN,2004,Data Status,Data reporting,"FINANCE DATA: IMF, World Economic Outlook"
XGOVEXP.IMF,FIN,2004,Source,Data sources,Country's submission to UNESCO OECD Eurostat (UOE) joint data collection
XGOVEXP.IMF,FIN,2005,Data Status,Data reporting,"FINANCE DATA: IMF, World Economic Outlook"
XGOVEXP.IMF,FIN,2005,Source,Data sources,Country's submission to UNESCO OECD Eurostat (UOE) joint data collection
XGOVEXP.IMF,FIN,2006,Data Status,Data reporting,"FINANCE DATA: IMF, World Economic Outlook"
XGOVEXP.IMF,FIN,2006,Source,Data sources,Country's submission to UNESCO OECD Eurostat (UOE) joint data collection
XGOVEXP.IMF,FIN,2007,Data Status,Data reporting,"FINANCE DATA: IMF, World Economic Outlook"
XGOVEXP.IMF,FIN,2007,Source,Data sources,Country's submission to UNESCO OECD Eurostat (UOE) joint data collection
XGOVEXP.IMF,FIN,2008,Data Status,Data reporting,"FINANCE DATA: IMF, World Economic Outlook"
XGOVEXP.IMF,FIN,2008,Source,Data sources,Country's submission to UNESCO OECD Eurostat (UOE) joint data collection
XGOVEXP.IMF,FIN,2009,Data Status,Data reporting,"FINANCE DATA: IMF, World Economic Outlook"
XGOVEXP.IMF,FIN,2009,Source,Data sources,Country's submission to UNESCO OECD Eurostat (UOE) joint data collection
XGOVEXP.IMF,FIN,2010,Data Status,Data reporting,"FINANCE DATA: IMF, World Economic Outlook"
XGOVEXP.IMF,FIN,2010,Source,Data sources,Country's submission to UNESCO OECD Eurostat (UOE) joint data collection
XGOVEXP.IMF,FIN,2011,Data Status,Data reporting,"FINANCE DATA: IMF, World Economic Outlook"
XGOVEXP.IMF,FIN,2011,Source,Data sources,Country's submission to UNESCO OECD Eurostat (UOE) joint data collection
XGOVEXP.IMF,FIN,2012,Data Status,Data reporting,"FINANCE DATA: IMF, World Economic Outlook"
XGOVEXP.IMF,FIN,2012,Source,Data sources,Country's submission to UNESCO OECD Eurostat (UOE) joint data collection
XGOVEXP.IMF,FIN,2013,Data Status,Data reporting,"FINANCE DATA: IMF, World Economic Outlook"
XGOVEXP.IMF,FIN,2013,Source,Data sources,Country's submission to UNESCO OECD Eurostat (UOE) joint data collection
XGOVEXP.IMF,FIN,2014,Data Status,Data reporting,"FINANCE DATA: IMF, World Economic Outlook"
XGOVEXP.IMF,FIN,2014,Source,Data sources,Country's submission to UNESCO OECD Eurostat (UOE) joint data collection
XGOVEXP.IMF,FIN,2015,Data Status,Data reporting,"FINANCE DATA: IMF, World Economic Outlook"
XGOVEXP.IMF,FIN,2015,Source,Data sources,Country's submission to UNESCO OECD Eurostat (UOE) joint data collection
XGOVEXP.IMF,FIN,2016,Data Status,Data reporting,"FINANCE DATA: IMF, World Economic Outlook"
XGOVEXP.IMF,FIN,2016,Source,Data sources,Country's submission to UNESCO OECD Eurostat (UOE) joint data collection
XGOVEXP.IMF,FIN,2017,Data Status,Data reporting,"FINANCE DATA: IMF, World Economic Outlook"
XGOVEXP.IMF,FIN,2017,Source,Data sources,Country's submission to UNESCO OECD Eurostat (UOE) joint data collection
XGOVEXP.IMF,FIN,2018,Data Status,Data reporting,"FINANCE DATA: IMF, World Economic Outlook"
XGOVEXP.IMF,FIN,2018,Source,Data sources,Country's submission to UNESCO OECD Eurostat (UOE) joint data collection
XGOVEXP.IMF,FIN,2019,Data Status,Data reporting,"FINANCE DATA: IMF, World Economic Outlook"
XGOVEXP.IMF,FIN,2019,Source,Data sources,Country's submission to UNESCO OECD Eurostat (UOE) joint data collection
XGOVEXP.IMF,FIN,2020,Data Status,Data reporting,"FINANCE DATA: IMF, World Economic Outlook"
XGOVEXP.IMF,FIN,2020,Source,Data sources,Country's submission to UNESCO OECD Eurostat (UOE) joint data collection
XGOVEXP.IMF,FIN,2021,Data Status,Data reporting,"FINANCE DATA: IMF, World Economic Outlook"
XGOVEXP.IMF,FIN,2021,Source,Data sources,Country's submission to UNESCO OECD Eurostat (UOE) joint data collection
XGOVEXP.IMF,FIN,2022,Data Status,Data reporting,"FINANCE DATA: IMF, World Economic Outlook"
XGOVEXP.IMF,FIN,2022,Source,Data sources,Country's submission to UNESCO OECD Eurostat (UOE) joint data collection
XGOVEXP.IMF,FJI,2000,Data Status,Data reporting,"FINANCE DATA: IMF, World Economic Outlook"
XGOVEXP.IMF,FJI,2000,Source,Data sources,Country's submission to UIS SFE Questionnaire B
XGOVEXP.IMF,FJI,2001,Data Status,Data reporting,"FINANCE DATA: IMF, World Economic Outlook"
XGOVEXP.IMF,FJI,2001,Source,Data sources,Country's submission to UIS SFE Questionnaire B
XGOVEXP.IMF,FJI,2002,Data Status,Data reporting,"FINANCE DATA: IMF, World Economic Outlook"
XGOVEXP.IMF,FJI,2002,Source,Data sources,Country's submission to UIS SFE Questionnaire B
XGOVEXP.IMF,FJI,2004,Data Status,Data reporting,"FINANCE DATA: IMF, World Economic Outlook"
XGOVEXP.IMF,FJI,2004,Source,Data sources,Country's submission to UIS SFE Questionnaire B
XGOVEXP.IMF,FJI,2005,Data Status,Data reporting,"FINANCE DATA: IMF, World Economic Outlook"
XGOVEXP.IMF,FJI,2005,Source,Data sources,Country's submission to UIS SFE Questionnaire B
XGOVEXP.IMF,FJI,2006,Data Status,Data reporting,"FINANCE DATA: IMF, World Economic Outlook"
XGOVEXP.IMF,FJI,2006,Source,Data sources,Country's submission to UIS SFE Questionnaire B
XGOVEXP.IMF,FJI,2007,Data Status,Data reporting,"FINANCE DATA: IMF, World Economic Outlook"
XGOVEXP.IMF,FJI,2007,Source,Data sources,Country's submission to UIS SFE Questionnaire B
XGOVEXP.IMF,FJI,2008,Data Status,Data reporting,"FINANCE DATA: IMF, World Economic Outlook"
XGOVEXP.IMF,FJI,2008,Source,Data sources,Country's submission to UIS SFE Questionnaire B
XGOVEXP.IMF,FJI,2009,Data Status,Data reporting,"FINANCE DATA: IMF, World Economic Outlook"
XGOVEXP.IMF,FJI,2009,Source,Data sources,Country's submission to UIS SFE Questionnaire B
XGOVEXP.IMF,FJI,2011,Data Status,Data reporting,"FINANCE DATA: IMF, World Economic Outlook"
XGOVEXP.IMF,FJI,2011,Source,Data sources,Country's submission to UIS SFE Questionnaire B
XGOVEXP.IMF,FJI,2012,Source,Data sources,UIS Dynamic template based on Budget Estimates 2013 (https://www.economy.gov.fj/images/Budget/budgetdocuments/estimates/2013_fiji_budget_estimates.pdf)
XGOVEXP.IMF,FJI,2013,Data Status,Data reporting,"FINANCE DATA: IMF, World Economic Outlook"
XGOVEXP.IMF,FJI,2013,Source,Data sources,Country's submission to UIS SFE Questionnaire B
XGOVEXP.IMF,FJI,2014,Source,Data sources,UIS Dynamic template based on Budget Estimates 2015 (https://www.economy.gov.fj/images/Budget/budgetdocuments/estimates/2015%20budget%20estimate.pdf)
XGOVEXP.IMF,FJI,2015,Source,Data sources,UIS Dynamic template based on Budget Estimates 2016-2017 (https://www.economy.gov.fj/images/Budget/budgetdocuments/estimates/2016-2017_budget_estimates.pdf)
XGOVEXP.IMF,FJI,2016,Source,Data sources,UIS Dynamic template based on Budget Estimates 2017-2018 (https://www.economy.gov.fj/images/Budget/budgetdocuments/estimates/2017-2018-Budget-Estimate.pdf)
XGOVEXP.IMF,FJI,2017,Source,Data sources,UIS Dynamic template based on Budget Estimates 2018-2019 (https://www.economy.gov.fj/images/Budget/budgetdocuments/estimates/2018-2019-Budget-Estimates.pdf)
XGOVEXP.IMF,FJI,2018,Source,Data sources,UIS Dynamic template based on Budget Estimates 2019-2020 (https://www.economy.gov.fj/images/Budget/budgetdocuments/estimates/2019-2020-Budget-Estimates-As-Approved-by-Parliament.pdf)
XGOVEXP.IMF,FJI,2019,Source,Data sources,UIS Dynamic template based on Budget Estimates 2020-2021 (https://www.economy.gov.fj/images/Budget/budgetdocuments/estimates/Budget-Estimates-2020-2021_1.pdf)
XGOVEXP.IMF,FJI,2020,Source,Data sources,UIS Dynamic template based on Budget Estimates 2021-2022 (https://www.economy.gov.fj/images/Budget/budgetdocuments/estimates/BUDGET_ESTIMATES_2021-2022_Web.pdf)
XGOVEXP.IMF,FJI,2021,Source,Data sources,UIS Dynamic template based on data provided by country
XGOVEXP.IMF,FJI,2022,Source,Data sources,UIS Dynamic template based on data provided by country
XGOVEXP.IMF,FJI,2023,Source,Data sources,UIS Dynamic template based on data provided by country
XGOVEXP.IMF,FJI,2024,Source,Data sources,UIS Dynamic template based on UIS Dynamic template
XGOVEXP.IMF,FJI,2025,Source,Data sources,UIS Dynamic template based on UIS Dynamic template
XGOVEXP.IMF,FRA,2017,Data Status,Data reporting,"FINANCE DATA: IMF, World Economic Outlook"
XGOVEXP.IMF,FRA,2017,Source,Data sources,Country's submission to UNESCO OECD Eurostat (UOE) joint data collection
XGOVEXP.IMF,FRA,2018,Data Status,Data reporting,"FINANCE DATA: IMF, World Economic Outlook"
XGOVEXP.IMF,FRA,2018,Source,Data sources,Country's submission to UNESCO OECD Eurostat (UOE) joint data collection
XGOVEXP.IMF,FRA,2019,Data Status,Data reporting,"FINANCE DATA: IMF, World Economic Outlook"
XGOVEXP.IMF,FRA,2019,Source,Data sources,Country's submission to UNESCO OECD Eurostat (UOE) joint data collection
XGOVEXP.IMF,FRA,2020,Data Status,Data reporting,"FINANCE DATA: IMF, World Economic Outlook"
XGOVEXP.IMF,FRA,2020,Source,Data sources,Country's submission to UNESCO OECD Eurostat (UOE) joint data collection
XGOVEXP.IMF,FRA,2021,Data Status,Data reporting,"FINANCE DATA: IMF, World Economic Outlook"
XGOVEXP.IMF,FRA,2021,Source,Data sources,Country's submission to UNESCO OECD Eurostat (UOE) joint data collection
XGOVEXP.IMF,FRA,2022,Data Status,Data reporting,"FINANCE DATA: IMF, World Economic Outlook"
XGOVEXP.IMF,FRA,2022,Source,Data sources,Country's submission to UNESCO OECD Eurostat (UOE) joint data collection
XGOVEXP.IMF,FSM,2000,Data Status,Data reporting,"FINANCE DATA: IMF, World Economic Outlook"
XGOVEXP.IMF,FSM,2000,Source,Data sources,Country's submission to UIS SFE Questionnaire B
XGOVEXP.IMF,FSM,2012,Source,Data sources,UIS Dynamic template based on Combined Financial Statements (http://www.fsmopa.fm/files/fy13/FSM_compiled%20fs12%20[FINAL%2007.20.13].pdf)
XGOVEXP.IMF,FSM,2013,Source,Data sources,UIS Dynamic template based on Combined Financial Statements (http://www.fsmopa.fm/files/fy2014/FSM_compiled%20fs13%20[Final%20Aug%2013%202014].pdf)
XGOVEXP.IMF,FSM,2014,Source,Data sources,UIS Dynamic template based on Combined Financial Statements (http://www.fsmopa.fm/files/fy2015/FSM_compiled%20fs14%20[FINAL%2008.25.15].pdf)
XGOVEXP.IMF,FSM,2015,Data Status,Data reporting,"FINANCE DATA: IMF, World Economic Outlook"
XGOVEXP.IMF,FSM,2015,Source,Data sources,Country's submission to UIS SFE Questionnaire B
XGOVEXP.IMF,FSM,2016,Source,Data sources,UIS Dynamic template based on Combined Financial Statements (http://www.fsmopa.fm/files/fy2017/FSM%20Compiled%20FS2016%20(Final%20Aug%2016%202017).pdf)
XGOVEXP.IMF,FSM,2017,Source,Data sources,UIS Dynamic template based on Combined Financial Statements (http://www.fsmopa.fm/files/fy2018/FSM_compiled%20fs17%20Final%20Aug%208%202018.pdf)
XGOVEXP.IMF,FSM,2018,Source,Data sources,UIS Dynamic template based on Combined Financial Statements (http://www.fsmopa.fm/files/fy2019/FSM_compiled%20fs18%20[Final%20Aug%202%202019].pdf)
XGOVEXP.IMF,FSM,2019,Source,Data sources,UIS Dynamic template based on Combined Financial Statements (http://www.fsmopa.fm/files/FY%202020/FSM_compiled%20fs19%20[Final%20Feb%2024%202021].pdf)
XGOVEXP.IMF,FSM,2020,Source,Data sources,UIS Dynamic template based on Direct country submission
XGOVEXP.IMF,GAB,2000,Data Status,Data reporting,"FINANCE DATA: IMF, World Economic Outlook"
XGOVEXP.IMF,GAB,2000,Source,Data sources,Country's submission to UIS SFE Questionnaire B
XGOVEXP.IMF,GAB,2010,Data Status,Data reporting,"FINANCE DATA: IMF, World Economic Outlook"
XGOVEXP.IMF,GAB,2010,Source,Data sources,Country's submission to UIS SFE Questionnaire B
XGOVEXP.IMF,GAB,2011,Data Status,Data reporting,"FINANCE DATA: IMF, World Economic Outlook"
XGOVEXP.IMF,GAB,2011,Source,Data sources,Country's submission to UIS SFE Questionnaire B
XGOVEXP.IMF,GAB,2012,Data Status,Data reporting,"FINANCE DATA: IMF, World Economic Outlook"
XGOVEXP.IMF,GAB,2012,Source,Data sources,Country's submission to UIS SFE Questionnaire B
XGOVEXP.IMF,GAB,2013,Data Status,Data reporting,"FINANCE DATA: IMF, World Economic Outlook"
XGOVEXP.IMF,GAB,2013,Source,Data sources,Country's submission to UIS SFE Questionnaire B
XGOVEXP.IMF,GAB,2014,Data Status,Data reporting,"FINANCE DATA: IMF, World Economic Outlook"
XGOVEXP.IMF,GAB,2014,Source,Data sources,Country's submission to UIS SFE Questionnaire B
XGOVEXP.IMF,GAB,2015,Source,Data sources,UIS Dynamic Template (mined data) based on PROJET DE LOI DE FINANCES DE LANNEE 2016 (https://www.mays-mouissi.com/wp-content/uploads/2015/03/Pojet-Loi-de-Finances-Gabon-2016.pdf)
XGOVEXP.IMF,GAB,2016,Source,Data sources,UIS Dynamic Template (mined data) based on PROJET DE LOI DE FINANCES DE LANNEE 2017 (https://www.mays-mouissi.com/wp-content/uploads/2018/06/Loi-de-finances-2017-PLF-2017-TEXTES-DE-LOI.pdf)
XGOVEXP.IMF,GAB,2017,Source,Data sources,UIS Dynamic Template (mined data) based on PROJET DE LOI DE FINANCES DE LANNEE 2018 (https://www.mays-mouissi.com/wp-content/uploads/2018/06/PLFR-2018-18-06-2018-Gabon-Budget-Loi-de-finances-rectificatives-2018.pdf)
XGOVEXP.IMF,GAB,2018,Source,Data sources,UIS Dynamic Template (mined data) based on PROJET DE LOI DE FINANCES DE LANNEE 2019 (https://www.mays-mouissi.com/wp-content/uploads/2019/03/LOI-DE-FINANCES-2019-Gabon.pdf)
XGOVEXP.IMF,GAB,2019,Source,Data sources,UIS Dynamic Template (mined data) based on PROJET DE LOI DE FINANCES DE LANNEE 2020 (https://www.mays-mouissi.com/wp-content/uploads/2019/10/Projet-de-loi-de-finance-PLF-2020-Gabon.pdf)
XGOVEXP.IMF,GAB,2020,Source,Data sources,UIS Dynamic Template (mined data) based on PROJET DE LOI DE FINANCES DE LANNEE 2021 (https://www.mays-mouissi.com/wp-content/uploads/2020/10/Gabon_Projet-de-loi-des-finances-2021-VF.pdf)
XGOVEXP.IMF,GAB,2021,Source,Data sources,UIS Dynamic Template (mined data) based on PROJET DE LOI DE FINANCES DE LANNEE 2022 (https://www.mays-mouissi.com/wp-content/uploads/2022/03/Journal-Officiel_n%C2%B0155-Bis-du-23-mars-2022__LOI-FIN-2022_Valide-OK.pdf)
XGOVEXP.IMF,GAB,2022,Source,Data sources,UIS Dynamic Template (mined data) based on PROJET DE LOI DE FINANCES DE LANNEE 2023 (https://www.mays-mouissi.com/wp-content/uploads/2022/11/PLF-2023.pdf)
XGOVEXP.IMF,GAB,2023,Source,Data sources,UIS Dynamic Template (mined data) based on PROJET DE LOI DE FINANCES DE LANNEE 2023 (https://www.mays-mouissi.com/wp-content/uploads/2022/11/PLF-2023.pdf)
XGOVEXP.IMF,GBR,2000,Data Status,Data reporting,"FINANCE DATA: IMF, World Economic Outlook"
XGOVEXP.IMF,GBR,2000,Source,Data sources,Country's submission to UNESCO OECD Eurostat (UOE) joint data collection
XGOVEXP.IMF,GBR,2001,Data Status,Data reporting,"FINANCE DATA: IMF, World Economic Outlook"
XGOVEXP.IMF,GBR,2001,Source,Data sources,Country's submission to UNESCO OECD Eurostat (UOE) joint data collection
XGOVEXP.IMF,GBR,2002,Data Status,Data reporting,"FINANCE DATA: IMF, World Economic Outlook"
XGOVEXP.IMF,GBR,2002,Source,Data sources,Country's submission to UNESCO OECD Eurostat (UOE) joint data collection
XGOVEXP.IMF,GBR,2003,Data Status,Data reporting,"FINANCE DATA: IMF, World Economic Outlook"
XGOVEXP.IMF,GBR,2003,Source,Data sources,Country's submission to UNESCO OECD Eurostat (UOE) joint data collection
XGOVEXP.IMF,GBR,2004,Data Status,Data reporting,"FINANCE DATA: IMF, World Economic Outlook"
XGOVEXP.IMF,GBR,2004,Source,Data sources,Country's submission to UNESCO OECD Eurostat (UOE) joint data collection
XGOVEXP.IMF,GBR,2005,Data Status,Data reporting,"FINANCE DATA: IMF, World Economic Outlook"
XGOVEXP.IMF,GBR,2005,Source,Data sources,Country's submission to UNESCO OECD Eurostat (UOE) joint data collection
XGOVEXP.IMF,GBR,2006,Data Status,Data reporting,"FINANCE DATA: IMF, World Economic Outlook"
XGOVEXP.IMF,GBR,2006,Source,Data sources,Country's submission to UNESCO OECD Eurostat (UOE) joint data collection
XGOVEXP.IMF,GBR,2007,Data Status,Data reporting,"FINANCE DATA: IMF, World Economic Outlook"
XGOVEXP.IMF,GBR,2007,Source,Data sources,Country's submission to UNESCO OECD Eurostat (UOE) joint data collection
XGOVEXP.IMF,GBR,2008,Data Status,Data reporting,"FINANCE DATA: IMF, World Economic Outlook"
XGOVEXP.IMF,GBR,2008,Source,Data sources,Country's submission to UNESCO OECD Eurostat (UOE) joint data collection
XGOVEXP.IMF,GBR,2009,Data Status,Data reporting,"FINANCE DATA: IMF, World Economic Outlook"
XGOVEXP.IMF,GBR,2009,Source,Data sources,Country's submission to UNESCO OECD Eurostat (UOE) joint data collection
XGOVEXP.IMF,GBR,2010,Data Status,Data reporting,"FINANCE DATA: IMF, World Economic Outlook"
XGOVEXP.IMF,GBR,2010,Source,Data sources,Country's submission to UNESCO OECD Eurostat (UOE) joint data collection
XGOVEXP.IMF,GBR,2011,Data Status,Data reporting,"FINANCE DATA: IMF, World Economic Outlook"
XGOVEXP.IMF,GBR,2011,Source,Data sources,Country's submission to UNESCO OECD Eurostat (UOE) joint data collection
XGOVEXP.IMF,GBR,2013,Data Status,Data reporting,"FINANCE DATA: IMF, World Economic Outlook"
XGOVEXP.IMF,GBR,2013,Source,Data sources,Country's submission to UNESCO OECD Eurostat (UOE) joint data collection
XGOVEXP.IMF,GBR,2014,Data Status,Data reporting,"FINANCE DATA: IMF, World Economic Outlook"
XGOVEXP.IMF,GBR,2014,Source,Data sources,Country's submission to UNESCO OECD Eurostat (UOE) joint data collection
XGOVEXP.IMF,GBR,2015,Data Status,Data reporting,"FINANCE DATA: IMF, World Economic Outlook"
XGOVEXP.IMF,GBR,2015,Source,Data sources,Country's submission to UNESCO OECD Eurostat (UOE) joint data collection
XGOVEXP.IMF,GBR,2016,Data Status,Data reporting,"FINANCE DATA: IMF, World Economic Outlook"
XGOVEXP.IMF,GBR,2016,Source,Data sources,Country's submission to UNESCO OECD Eurostat (UOE) joint data collection
XGOVEXP.IMF,GBR,2017,Data Status,Data reporting,"FINANCE DATA: IMF, World Economic Outlook"
XGOVEXP.IMF,GBR,2017,Source,Data sources,Country's submission to UNESCO OECD Eurostat (UOE) joint data collection
XGOVEXP.IMF,GBR,2018,Data Status,Data reporting,"FINANCE DATA: IMF, World Economic Outlook"
XGOVEXP.IMF,GBR,2018,Source,Data sources,Country's submission to UNESCO OECD Eurostat (UOE) joint data collection
XGOVEXP.IMF,GBR,2019,Data Status,Data reporting,"FINANCE DATA: IMF, World Economic Outlook"
XGOVEXP.IMF,GBR,2019,Source,Data sources,Country's submission to UNESCO OECD Eurostat (UOE) joint data collection
XGOVEXP.IMF,GBR,2020,Data Status,Data reporting,"FINANCE DATA: IMF, World Economic Outlook"
XGOVEXP.IMF,GBR,2020,Source,Data sources,Country's submission to UNESCO OECD Eurostat (UOE) joint data collection
XGOVEXP.IMF,GBR,2021,Data Status,Data reporting,"FINANCE DATA: IMF, World Economic Outlook"
XGOVEXP.IMF,GBR,2021,Source,Data sources,Country's submission to UNESCO OECD Eurostat (UOE) joint data collection
XGOVEXP.IMF,GEO,2000,Data Status,Data reporting,"FINANCE DATA: IMF, World Economic Outlook"
XGOVEXP.IMF,GEO,2000,Source,Data sources,Country's submission to UIS SFE Questionnaire B
XGOVEXP.IMF,GEO,2001,Data Status,Data reporting,"FINANCE DATA: IMF, World Economic Outlook"
XGOVEXP.IMF,GEO,2001,Source,Data sources,Country's submission to UIS SFE Questionnaire B
XGOVEXP.IMF,GEO,2002,Data Status,Data reporting,"FINANCE DATA: IMF, World Economic Outlook"
XGOVEXP.IMF,GEO,2002,Source,Data sources,Country's submission to UIS SFE Questionnaire B
XGOVEXP.IMF,GEO,2003,Data Status,Data reporting,"FINANCE DATA: IMF, World Economic Outlook"
XGOVEXP.IMF,GEO,2003,Source,Data sources,Country's submission to UIS SFE Questionnaire B
XGOVEXP.IMF,GEO,2004,Data Status,Data reporting,"FINANCE DATA: IMF, World Economic Outlook"
XGOVEXP.IMF,GEO,2004,Source,Data sources,Country's submission to UIS SFE Questionnaire B
XGOVEXP.IMF,GEO,2005,Data Status,Data reporting,"FINANCE DATA: IMF, World Economic Outlook"
XGOVEXP.IMF,GEO,2005,Source,Data sources,Country's submission to UIS SFE Questionnaire B
XGOVEXP.IMF,GEO,2006,Data Status,Data reporting,"FINANCE DATA: IMF, World Economic Outlook"
XGOVEXP.IMF,GEO,2006,Source,Data sources,Country's submission to UIS SFE Questionnaire B
XGOVEXP.IMF,GEO,2007,Data Status,Data reporting,"FINANCE DATA: IMF, World Economic Outlook"
XGOVEXP.IMF,GEO,2007,Source,Data sources,Country's submission to UIS SFE Questionnaire B
XGOVEXP.IMF,GEO,2008,Data Status,Data reporting,"FINANCE DATA: IMF, World Economic Outlook"
XGOVEXP.IMF,GEO,2008,Source,Data sources,Country's submission to UIS SFE Questionnaire B
XGOVEXP.IMF,GEO,2009,Data Status,Data reporting,"FINANCE DATA: IMF, World Economic Outlook"
XGOVEXP.IMF,GEO,2009,Source,Data sources,Country's submission to UIS SFE Questionnaire B
XGOVEXP.IMF,GEO,2010,Source,Data sources,UIS Dynamic template based on UIS Education Survey
XGOVEXP.IMF,GEO,2011,Data Status,Data reporting,"FINANCE DATA: IMF, World Economic Outlook"
XGOVEXP.IMF,GEO,2011,Source,Data sources,Country's submission to UIS SFE Questionnaire B
XGOVEXP.IMF,GEO,2012,Data Status,Data reporting,"FINANCE DATA: IMF, World Economic Outlook"
XGOVEXP.IMF,GEO,2012,Source,Data sources,Country's submission to UIS SFE Questionnaire B
XGOVEXP.IMF,GEO,2013,Source,Data sources,UIS Dynamic template based on UIS Education Survey
XGOVEXP.IMF,GEO,2014,Source,Data sources,UIS Dynamic template based on UIS Education Survey
XGOVEXP.IMF,GEO,2015,Source,Data sources,UIS Dynamic template based on UIS Education Survey
XGOVEXP.IMF,GEO,2016,Data Status,Data reporting,"FINANCE DATA: IMF, World Economic Outlook"
XGOVEXP.IMF,GEO,2016,Source,Data sources,Country's submission to UIS SFE Questionnaire B
XGOVEXP.IMF,GEO,2017,Data Status,Data reporting,"FINANCE DATA: IMF, World Economic Outlook"
XGOVEXP.IMF,GEO,2017,Source,Data sources,Country's submission to UIS SFE Questionnaire B
XGOVEXP.IMF,GEO,2018,Data Status,Data reporting,"FINANCE DATA: IMF, World Economic Outlook"
XGOVEXP.IMF,GEO,2018,Source,Data sources,Country's submission to UIS SFE Questionnaire B
XGOVEXP.IMF,GEO,2019,Data Status,Data reporting,"FINANCE DATA: IMF, World Economic Outlook"
XGOVEXP.IMF,GEO,2019,Source,Data sources,Country's submission to UIS SFE Questionnaire B
XGOVEXP.IMF,GEO,2020,Source,Data sources,UIS Dynamic template based on UIS Dynamic template
XGOVEXP.IMF,GEO,2021,Data Status,Data reporting,"FINANCE DATA: IMF, World Economic Outlook"
XGOVEXP.IMF,GEO,2021,Source,Data sources,Country's submission to UIS SFE Questionnaire B
XGOVEXP.IMF,GEO,2022,Data Status,Data reporting,"FINANCE DATA: IMF, World Economic Outlook"
XGOVEXP.IMF,GEO,2022,Source,Data sources,Country's submission to UIS SFE Questionnaire B
XGOVEXP.IMF,GEO,2023,Data Status,Data reporting,"FINANCE DATA: IMF, World Economic Outlook"
XGOVEXP.IMF,GEO,2023,Source,Data sources,Country's submission to UIS SFE Questionnaire B
XGOVEXP.IMF,GEO,2024,Source,Data sources,UIS Dynamic template based on data provided by country
XGOVEXP.IMF,GHA,2001,Data Status,Data reporting,"FINANCE DATA: IMF, World Economic Outlook"
XGOVEXP.IMF,GHA,2001,Source,Data sources,Country's submission to UIS SFE Questionnaire B
XGOVEXP.IMF,GHA,2004,Data Status,Data reporting,"FINANCE DATA: IMF, World Economic Outlook"
XGOVEXP.IMF,GHA,2004,Source,Data sources,Country's submission to UIS SFE Questionnaire B
XGOVEXP.IMF,GHA,2005,Data Status,Data reporting,"FINANCE DATA: IMF, World Economic Outlook"
XGOVEXP.IMF,GHA,2005,Source,Data sources,Country's submission to UIS SFE Questionnaire B
XGOVEXP.IMF,GHA,2006,Data Status,Data reporting,"FINANCE DATA: IMF, World Economic Outlook"
XGOVEXP.IMF,GHA,2006,Source,Data sources,Country's submission to UIS SFE Questionnaire B
XGOVEXP.IMF,GHA,2007,Data Status,Data reporting,"FINANCE DATA: IMF, World Economic Outlook"
XGOVEXP.IMF,GHA,2007,Source,Data sources,Country's submission to UIS SFE Questionnaire B
XGOVEXP.IMF,GHA,2008,Data Status,Data reporting,"FINANCE DATA: IMF, World Economic Outlook"
XGOVEXP.IMF,GHA,2008,Source,Data sources,Country's submission to UIS SFE Questionnaire B
XGOVEXP.IMF,GHA,2009,Data Status,Data reporting,"FINANCE DATA: IMF, World Economic Outlook"
XGOVEXP.IMF,GHA,2009,Source,Data sources,Country's submission to UIS SFE Questionnaire B
XGOVEXP.IMF,GHA,2010,Data Status,Data reporting,"FINANCE DATA: IMF, World Economic Outlook"
XGOVEXP.IMF,GHA,2010,Source,Data sources,Country's submission to UIS SFE Questionnaire B
XGOVEXP.IMF,GHA,2011,Data Status,Data reporting,"FINANCE DATA: IMF, World Economic Outlook"
XGOVEXP.IMF,GHA,2011,Source,Data sources,Country's submission to UIS SFE Questionnaire B
XGOVEXP.IMF,GHA,2012,Data Status,Data reporting,"FINANCE DATA: IMF, World Economic Outlook"
XGOVEXP.IMF,GHA,2012,Source,Data sources,Country's submission to UIS SFE Questionnaire B
XGOVEXP.IMF,GHA,2013,Data Status,Data reporting,"FINANCE DATA: IMF, World Economic Outlook"
XGOVEXP.IMF,GHA,2013,Source,Data sources,Country's submission to UIS SFE Questionnaire B
XGOVEXP.IMF,GHA,2014,Data Status,Data reporting,"FINANCE DATA: IMF, World Economic Outlook"
XGOVEXP.IMF,GHA,2014,Source,Data sources,Country's submission to UIS SFE Questionnaire B
XGOVEXP.IMF,GHA,2015,Data Status,Data reporting,"FINANCE DATA: IMF, World Economic Outlook"
XGOVEXP.IMF,GHA,2015,Source,Data sources,Country's submission to UIS SFE Questionnaire B
XGOVEXP.IMF,GHA,2016,Data Status,Data reporting,"FINANCE DATA: IMF, World Economic Outlook"
XGOVEXP.IMF,GHA,2016,Source,Data sources,Country's submission to UIS SFE Questionnaire B
XGOVEXP.IMF,GHA,2017,Data Status,Data reporting,"FINANCE DATA: IMF, World Economic Outlook"
XGOVEXP.IMF,GHA,2017,Source,Data sources,Country's submission to UIS SFE Questionnaire B
XGOVEXP.IMF,GHA,2018,Data Status,Data reporting,"FINANCE DATA: IMF, World Economic Outlook"
XGOVEXP.IMF,GHA,2018,Source,Data sources,Country's submission to UIS SFE Questionnaire B
XGOVEXP.IMF,GHA,2019,Source,Data sources,UIS Dynamic Template (mined data) based on The Budget Statement and Economic Policy of the Government of Ghana for the 2019 Financial Year (https://www.mofep.gov.gh/publications/budget-statements)
XGOVEXP.IMF,GHA,2020,Source,Data sources,UIS Dynamic Template (mined data) based on The Budget Statement and Economic Policy of the Government of Ghana for the 2020 Financial Year (https://www.mofep.gov.gh/publications/budget-statements)
XGOVEXP.IMF,GHA,2021,Source,Data sources,UIS Dynamic Template (mined data) based on The Budget Statement and Economic Policy of the Government of Ghana for the 2021 Financial Year (https://www.mofep.gov.gh/publications/budget-statements)
XGOVEXP.IMF,GHA,2022,Source,Data sources,UIS Dynamic Template (mined data) based on The Budget Statement and Economic Policy of the Government of Ghana for the 2022 Financial Year (https://mofep.gov.gh/sites/default/files/budget-statements/2022_Budget_Statement_v3.pdf)
XGOVEXP.IMF,GIB,2010,Source,Data sources,UIS Dynamic Template (mined data) based on GOVERNMENT OF GIBRALTAR ESTIMATES 2011/2012 (https://www.gibraltar.gov.gi/uploads/files/estimates/Estimates_2011-12.pdf)
XGOVEXP.IMF,GIB,2011,Source,Data sources,UIS Dynamic Template (mined data) based on GOVERNMENT OF GIBRALTAR ESTIMATES 2012/2013 (https://www.gibraltar.gov.gi/uploads/files/estimates/Estimates_2012-13.pdf)
XGOVEXP.IMF,GIB,2012,Source,Data sources,UIS Dynamic Template (mined data) based on GOVERNMENT OF GIBRALTAR ESTIMATES 2013/2014 (https://www.gibraltar.gov.gi/uploads/files/estimates/Estimates_2013-14.pdf)
XGOVEXP.IMF,GIB,2013,Source,Data sources,UIS Dynamic Template (mined data) based on GOVERNMENT OF GIBRALTAR ESTIMATES 2014/2015 (https://www.gibraltar.gov.gi/uploads/files/estimates/Estimates_2014-15.pdf)
XGOVEXP.IMF,GIB,2014,Source,Data sources,UIS Dynamic Template (mined data) based on GOVERNMENT OF GIBRALTAR ESTIMATES 2015/2016 (https://www.gibraltar.gov.gi/uploads/files/estimates/Estimates_2015-16.pdf)
XGOVEXP.IMF,GIB,2015,Source,Data sources,UIS Dynamic Template (mined data) based on GOVERNMENT OF GIBRALTAR ESTIMATES 2016/2017 (https://www.gibraltar.gov.gi/uploads/files/estimates/Estimates_2016-17.pdf)
XGOVEXP.IMF,GIB,2016,Source,Data sources,UIS Dynamic Template (mined data) based on GOVERNMENT OF GIBRALTAR ESTIMATES 2017/2018 (https://www.gibraltar.gov.gi/uploads/files/estimates/Estimates_2017-18.pdf)
XGOVEXP.IMF,GIB,2017,Source,Data sources,UIS Dynamic Template (mined data) based on GOVERNMENT OF GIBRALTAR ESTIMATES 2018/2019 (https://www.gibraltar.gov.gi/uploads/files/estimates/Estimates_2018-19.pdf)
XGOVEXP.IMF,GIB,2018,Source,Data sources,UIS Dynamic Template (mined data) based on GOVERNMENT OF GIBRALTAR ESTIMATES 2019/2020 (https://www.gibraltar.gov.gi/uploads/files/estimates/Estimates_2019-20.pdf)
XGOVEXP.IMF,GIB,2019,Source,Data sources,UIS Dynamic Template (mined data) based on GOVERNMENT OF GIBRALTAR ESTIMATES 2021/2022 (https://www.gibraltar.gov.gi/uploads/files/estimates/Estimates_2021-22.pdf)
XGOVEXP.IMF,GIB,2020,Source,Data sources,UIS Dynamic Template (mined data) based on GOVERNMENT OF GIBRALTAR ESTIMATES 2019/2020 (https://www.gibraltar.gov.gi/uploads/files/estimates/Estimates_2019-20.pdf)
XGOVEXP.IMF,GIB,2021,Source,Data sources,UIS Dynamic Template (mined data) based on GOVERNMENT OF GIBRALTAR ESTIMATES 2022/2023 (https://www.gibraltar.gov.gi/uploads/Budget%202022/Final%20-%20Draft%20Estimates.pdf)
XGOVEXP.IMF,GIB,2022,Source,Data sources,UIS Dynamic Template (mined data) based on GOVERNMENT OF GIBRALTAR ESTIMATES 2021/2022 (https://www.gibraltar.gov.gi/uploads/files/estimates/Estimates_2021-22.pdf)
XGOVEXP.IMF,GIB,2023,Source,Data sources,UIS Dynamic Template (mined data) based on
XGOVEXP.IMF,GIB,2024,Source,Data sources,UIS Dynamic Template (mined data) based on
XGOVEXP.IMF,GIB,2025,Source,Data sources,UIS Dynamic Template (mined data) based on
XGOVEXP.IMF,GIN,2000,Data Status,Data reporting,"FINANCE DATA: IMF, World Economic Outlook"
XGOVEXP.IMF,GIN,2000,Source,Data sources,Country's submission to UIS SFE Questionnaire B
XGOVEXP.IMF,GIN,2001,Data Status,Data reporting,"FINANCE DATA: IMF, World Economic Outlook"
XGOVEXP.IMF,GIN,2001,Source,Data sources,Country's submission to UIS SFE Questionnaire B
XGOVEXP.IMF,GIN,2002,Data Status,Data reporting,"FINANCE DATA: IMF, World Economic Outlook"
XGOVEXP.IMF,GIN,2002,Source,Data sources,Country's submission to UIS SFE Questionnaire B
XGOVEXP.IMF,GIN,2003,Data Status,Data reporting,"FINANCE DATA: IMF, World Economic Outlook"
XGOVEXP.IMF,GIN,2003,Source,Data sources,Country's submission to UIS SFE Questionnaire B
XGOVEXP.IMF,GIN,2004,Data Status,Data reporting,"FINANCE DATA: IMF, World Economic Outlook"
XGOVEXP.IMF,GIN,2004,Source,Data sources,Country's submission to UIS SFE Questionnaire B
XGOVEXP.IMF,GIN,2005,Data Status,Data reporting,"FINANCE DATA: IMF, World Economic Outlook"
XGOVEXP.IMF,GIN,2005,Source,Data sources,Country's submission to UIS SFE Questionnaire B
XGOVEXP.IMF,GIN,2008,Data Status,Data reporting,"FINANCE DATA: IMF, World Economic Outlook"
XGOVEXP.IMF,GIN,2008,Source,Data sources,Country's submission to UIS SFE Questionnaire B
XGOVEXP.IMF,GIN,2009,Data Status,Data reporting,"FINANCE DATA: IMF, World Economic Outlook"
XGOVEXP.IMF,GIN,2009,Source,Data sources,Country's submission to UIS SFE Questionnaire B
XGOVEXP.IMF,GIN,2010,Data Status,Data reporting,"FINANCE DATA: IMF, World Economic Outlook"
XGOVEXP.IMF,GIN,2010,Source,Data sources,Country's submission to UIS SFE Questionnaire B
XGOVEXP.IMF,GIN,2011,Data Status,Data reporting,"FINANCE DATA: IMF, World Economic Outlook"
XGOVEXP.IMF,GIN,2011,Source,Data sources,Country's submission to UIS SFE Questionnaire B
XGOVEXP.IMF,GIN,2012,Data Status,Data reporting,"FINANCE DATA: IMF, World Economic Outlook"
XGOVEXP.IMF,GIN,2012,Source,Data sources,Country's submission to UIS SFE Questionnaire B
XGOVEXP.IMF,GIN,2013,Data Status,Data reporting,"FINANCE DATA: IMF, World Economic Outlook"
XGOVEXP.IMF,GIN,2013,Source,Data sources,Country's submission to UIS SFE Questionnaire B
XGOVEXP.IMF,GIN,2014,Data Status,Data reporting,"FINANCE DATA: IMF, World Economic Outlook"
XGOVEXP.IMF,GIN,2014,Source,Data sources,Country's submission to UIS SFE Questionnaire B
XGOVEXP.IMF,GIN,2015,Data Status,Data reporting,"FINANCE DATA: IMF, World Economic Outlook"
XGOVEXP.IMF,GIN,2015,Source,Data sources,Country's submission to UIS SFE Questionnaire B
XGOVEXP.IMF,GIN,2016,Data Status,Data reporting,"FINANCE DATA: IMF, World Economic Outlook"
XGOVEXP.IMF,GIN,2016,Source,Data sources,Country's submission to UIS SFE Questionnaire B
XGOVEXP.IMF,GIN,2017,Data Status,Data reporting,"FINANCE DATA: IMF, World Economic Outlook"
XGOVEXP.IMF,GIN,2017,Source,Data sources,Country's submission to UIS SFE Questionnaire B
XGOVEXP.IMF,GIN,2018,Data Status,Data reporting,"FINANCE DATA: IMF, World Economic Outlook"
XGOVEXP.IMF,GIN,2018,Source,Data sources,Country's submission to UIS SFE Questionnaire B
XGOVEXP.IMF,GIN,2019,Data Status,Data reporting,"FINANCE DATA: IMF, World Economic Outlook"
XGOVEXP.IMF,GIN,2019,Source,Data sources,Country's submission to UIS SFE Questionnaire B
XGOVEXP.IMF,GIN,2020,Data Status,Data reporting,"FINANCE DATA: IMF, World Economic Outlook"
XGOVEXP.IMF,GIN,2020,Source,Data sources,Country's submission to UIS SFE Questionnaire B
XGOVEXP.IMF,GIN,2021,Source,Data sources,UIS Dynamic Template (mined data) based on Ordonnance O/2021/0011/PRG/CNRD/SGG portant loi de Finances pour l'annee 2022 (http://www.droit-afrique.com/uploads/Guinee-LF-2022.pdf)
XGOVEXP.IMF,GIN,2022,Source,Data sources,UIS Dynamic Template (mined data) based on Loi L/2022/0016/CNT portant loi de Finances pour l'annee 2023 (https://mbudget.gov.gn/wp-content/uploads/2022/12/Texte-de-Loi-Et-Decret-de-promulgation-LF2023_221229_133628_removed.pdf)
XGOVEXP.IMF,GIN,2023,Source,Data sources,UIS Dynamic Template (mined data) based on Loi L/2022/0016/CNT portant loi de Finances pour l'annee 2023 (https://mbudget.gov.gn/wp-content/uploads/2022/12/Texte-de-Loi-Et-Decret-de-promulgation-LF2023_221229_133628_removed.pdf)
XGOVEXP.IMF,GIN,2024,Source,Data sources,UIS Dynamic Template (mined data) based on Loi de finances 2024 (https://mbudget.gov.gn/wp-content/uploads/loi-de-finances-2024-1.pdf)
XGOVEXP.IMF,GIN,2025,Source,Data sources,UIS Dynamic Template (mined data) based on Loi de finances 2025 (https://dgi.gov.gn/wp-content/uploads/2025/01/LOI-DE-FINANCES-INITIALE-2025_compressed.pdf)
XGOVEXP.IMF,GMB,2000,Data Status,Data reporting,"FINANCE DATA: IMF, World Economic Outlook"
XGOVEXP.IMF,GMB,2000,Source,Data sources,Country's submission to UIS SFE Questionnaire B
XGOVEXP.IMF,GMB,2001,Data Status,Data reporting,"FINANCE DATA: IMF, World Economic Outlook"
XGOVEXP.IMF,GMB,2001,Source,Data sources,Country's submission to UIS SFE Questionnaire B
XGOVEXP.IMF,GMB,2002,Data Status,Data reporting,"FINANCE DATA: IMF, World Economic Outlook"
XGOVEXP.IMF,GMB,2002,Source,Data sources,Country's submission to UIS SFE Questionnaire B
XGOVEXP.IMF,GMB,2003,Data Status,Data reporting,"FINANCE DATA: IMF, World Economic Outlook"
XGOVEXP.IMF,GMB,2003,Source,Data sources,Country's submission to UIS SFE Questionnaire B
XGOVEXP.IMF,GMB,2004,Data Status,Data reporting,"FINANCE DATA: IMF, World Economic Outlook"
XGOVEXP.IMF,GMB,2004,Source,Data sources,Country's submission to UIS SFE Questionnaire B
XGOVEXP.IMF,GMB,2005,Data Status,Data reporting,"FINANCE DATA: IMF, World Economic Outlook"
XGOVEXP.IMF,GMB,2005,Source,Data sources,Country's submission to UIS SFE Questionnaire B
XGOVEXP.IMF,GMB,2006,Data Status,Data reporting,"FINANCE DATA: IMF, World Economic Outlook"
XGOVEXP.IMF,GMB,2006,Source,Data sources,Country's submission to UIS SFE Questionnaire B
XGOVEXP.IMF,GMB,2007,Data Status,Data reporting,"FINANCE DATA: IMF, World Economic Outlook"
XGOVEXP.IMF,GMB,2007,Source,Data sources,Country's submission to UIS SFE Questionnaire B
XGOVEXP.IMF,GMB,2008,Data Status,Data reporting,"FINANCE DATA: IMF, World Economic Outlook"
XGOVEXP.IMF,GMB,2008,Source,Data sources,Country's submission to UIS SFE Questionnaire B
XGOVEXP.IMF,GMB,2009,Data Status,Data reporting,"FINANCE DATA: IMF, World Economic Outlook"
XGOVEXP.IMF,GMB,2009,Source,Data sources,Country's submission to UIS SFE Questionnaire B
XGOVEXP.IMF,GMB,2010,Data Status,Data reporting,"FINANCE DATA: IMF, World Economic Outlook"
XGOVEXP.IMF,GMB,2010,Source,Data sources,Country's submission to UIS SFE Questionnaire B
XGOVEXP.IMF,GMB,2011,Data Status,Data reporting,"FINANCE DATA: IMF, World Economic Outlook"
XGOVEXP.IMF,GMB,2011,Source,Data sources,Country's submission to UIS SFE Questionnaire B
XGOVEXP.IMF,GMB,2012,Data Status,Data reporting,"FINANCE DATA: IMF, World Economic Outlook"
XGOVEXP.IMF,GMB,2012,Source,Data sources,Country's submission to UIS SFE Questionnaire B
XGOVEXP.IMF,GMB,2013,Data Status,Data reporting,"FINANCE DATA: IMF, World Economic Outlook"
XGOVEXP.IMF,GMB,2013,Source,Data sources,Country's submission to UIS SFE Questionnaire B
XGOVEXP.IMF,GMB,2014,Data Status,Data reporting,"FINANCE DATA: IMF, World Economic Outlook"
XGOVEXP.IMF,GMB,2014,Source,Data sources,Country's submission to UIS SFE Questionnaire B
XGOVEXP.IMF,GMB,2015,Data Status,Data reporting,"FINANCE DATA: IMF, World Economic Outlook"
XGOVEXP.IMF,GMB,2015,Source,Data sources,Country's submission to UIS SFE Questionnaire B
XGOVEXP.IMF,GMB,2016,Data Status,Data reporting,"FINANCE DATA: IMF, World Economic Outlook"
XGOVEXP.IMF,GMB,2016,Source,Data sources,Country's submission to UIS SFE Questionnaire B
XGOVEXP.IMF,GMB,2017,Source,Data sources,UIS Dynamic template based on Expenditure Brief 2018 (https://mofea.gm/directorates/budget)
XGOVEXP.IMF,GMB,2018,Data Status,Data reporting,"FINANCE DATA: IMF, World Economic Outlook"
XGOVEXP.IMF,GMB,2018,Source,Data sources,Country's submission to UIS SFE Questionnaire B
XGOVEXP.IMF,GMB,2019,Source,Data sources,UIS Dynamic template based on Expenditure Brief 2020 (https://mofea.gm/directorates/budget)
XGOVEXP.IMF,GMB,2020,Source,Data sources,UIS Dynamic template based on Expenditure Brief 2021 (https://mofea.gm/directorates/budget)
XGOVEXP.IMF,GMB,2021,Source,Data sources,UIS Dynamic template based on Budget Appropriation Report 2023 (https://mofea.gm/directorates/budget)
XGOVEXP.IMF,GMB,2022,Source,Data sources,UIS Dynamic template based on Estimate of Revenue and expenditure 2024 (https://mofea.gm/directorates/budget)
XGOVEXP.IMF,GMB,2023,Source,Data sources,UIS Dynamic template based on Estimate of Revenue and expenditure 2025 (https://mofea.gm/directorates/budget)
XGOVEXP.IMF,GMB,2024,Source,Data sources,UIS Dynamic template based on data provided by country
XGOVEXP.IMF,GMB,2025,Source,Data sources,UIS Dynamic Template (mined data) based on Budget Appropriation Report 2025 (https://mofea.gov.gm/wp-content/uploads/2025/01/2025_Approved_Budget-Final.pdf)
XGOVEXP.IMF,GNB,2010,Data Status,Data reporting,"FINANCE DATA: IMF, World Economic Outlook"
XGOVEXP.IMF,GNB,2010,Source,Data sources,Country's submission to UIS SFE Questionnaire B
XGOVEXP.IMF,GNB,2011,Data Status,Data reporting,"FINANCE DATA: IMF, World Economic Outlook"
XGOVEXP.IMF,GNB,2011,Source,Data sources,Country's submission to UIS SFE Questionnaire B
XGOVEXP.IMF,GNB,2012,Data Status,Data reporting,"FINANCE DATA: IMF, World Economic Outlook"
XGOVEXP.IMF,GNB,2012,Source,Data sources,Country's submission to UIS SFE Questionnaire B
XGOVEXP.IMF,GNB,2013,Data Status,Data reporting,"FINANCE DATA: IMF, World Economic Outlook"
XGOVEXP.IMF,GNB,2013,Source,Data sources,Country's submission to UIS SFE Questionnaire B
XGOVEXP.IMF,GRC,2000,Data Status,Data reporting,"FINANCE DATA: IMF, World Economic Outlook"
XGOVEXP.IMF,GRC,2000,Source,Data sources,Country's submission to UNESCO OECD Eurostat (UOE) joint data collection
XGOVEXP.IMF,GRC,2001,Data Status,Data reporting,"FINANCE DATA: IMF, World Economic Outlook"
XGOVEXP.IMF,GRC,2001,Source,Data sources,Country's submission to UNESCO OECD Eurostat (UOE) joint data collection
XGOVEXP.IMF,GRC,2002,Data Status,Data reporting,"FINANCE DATA: IMF, World Economic Outlook"
XGOVEXP.IMF,GRC,2002,Source,Data sources,Country's submission to UNESCO OECD Eurostat (UOE) joint data collection
XGOVEXP.IMF,GRC,2003,Data Status,Data reporting,"FINANCE DATA: IMF, World Economic Outlook"
XGOVEXP.IMF,GRC,2003,Source,Data sources,Country's submission to UNESCO OECD Eurostat (UOE) joint data collection
XGOVEXP.IMF,GRC,2004,Data Status,Data reporting,"FINANCE DATA: IMF, World Economic Outlook"
XGOVEXP.IMF,GRC,2004,Source,Data sources,Country's submission to UNESCO OECD Eurostat (UOE) joint data collection
XGOVEXP.IMF,GRC,2005,Data Status,Data reporting,"FINANCE DATA: IMF, World Economic Outlook"
XGOVEXP.IMF,GRC,2005,Source,Data sources,Country's submission to UNESCO OECD Eurostat (UOE) joint data collection
XGOVEXP.IMF,GRC,2015,Data Status,Data reporting,"FINANCE DATA: IMF, World Economic Outlook"
XGOVEXP.IMF,GRC,2015,Source,Data sources,Country's submission to UNESCO OECD Eurostat (UOE) joint data collection
XGOVEXP.IMF,GRC,2017,Data Status,Data reporting,"FINANCE DATA: IMF, World Economic Outlook"
XGOVEXP.IMF,GRC,2017,Source,Data sources,Country's submission to UNESCO OECD Eurostat (UOE) joint data collection
XGOVEXP.IMF,GRC,2018,Data Status,Data reporting,"FINANCE DATA: IMF, World Economic Outlook"
XGOVEXP.IMF,GRC,2018,Source,Data sources,Country's submission to UNESCO OECD Eurostat (UOE) joint data collection
XGOVEXP.IMF,GRC,2019,Data Status,Data reporting,"FINANCE DATA: IMF, World Economic Outlook"
XGOVEXP.IMF,GRC,2019,Source,Data sources,Country's submission to UNESCO OECD Eurostat (UOE) joint data collection
XGOVEXP.IMF,GRC,2022,Data Status,Data reporting,"FINANCE DATA: IMF, World Economic Outlook"
XGOVEXP.IMF,GRC,2022,Source,Data sources,Country's submission to UNESCO OECD Eurostat (UOE) joint data collection
XGOVEXP.IMF,GRD,2003,Data Status,Data reporting,"FINANCE DATA: IMF, World Economic Outlook"
XGOVEXP.IMF,GRD,2003,Source,Data sources,Country's submission to UIS SFE Questionnaire B
XGOVEXP.IMF,GRD,2010,Source,Data sources,UIS Dynamic template based on Budget Statment 2010 (https://www.finance.gd/images/Budget%20statement%202010%20indesign[1].pdf)
XGOVEXP.IMF,GRD,2011,Source,Data sources,UIS Dynamic template based on Budget Statment 2011 (https://www.finance.gd/images/Budget%20statement%202011%20indesign.pdf)
XGOVEXP.IMF,GRD,2012,Source,Data sources,UIS Dynamic template based on Budget Statment 2012 (https://www.finance.gd/images/budget%20statement%202012.pdf)
XGOVEXP.IMF,GRD,2014,Source,Data sources,UIS Dynamic template based on Budget Statment 2014 (https://www.finance.gd/images/budget%20statement%202014%20with%20cover.pdf)
XGOVEXP.IMF,GRD,2015,Source,Data sources,UIS Dynamic template based on Budget Statment 2015 (http://www.finance.gd/images/budget%20statement%202015%20Final.pdf)
XGOVEXP.IMF,GRD,2017,Data Status,Data reporting,"FINANCE DATA: IMF, World Economic Outlook"
XGOVEXP.IMF,GRD,2017,Source,Data sources,Country's submission to UIS SFE Questionnaire B
XGOVEXP.IMF,GRD,2018,Source,Data sources,UIS Dynamic template based on Budget Statment 2018 (https://www.finance.gd/docs/Budget%20statement%202018.pdf)
XGOVEXP.IMF,GRD,2021,Source,Data sources,UIS Dynamic template based on Budget Statment 2021 (https://www.finance.gd/docs/BudgetStatement2021.pdf)
XGOVEXP.IMF,GRD,2022,Source,Data sources,UIS Dynamic template based on Budget Statment 2022 (https://www.finance.gd/docs/2022BudgetStatement.pdf)
XGOVEXP.IMF,GRD,2023,Source,Data sources,UIS Dynamic template based on Estimates 2024 (https://www.finance.gd/docs/2023/Budget%20Statement%202024_1.pdf ; https://www.finance.gd/docs/2023/Estimates%202024%20Final.pdf)
XGOVEXP.IMF,GRD,2024,Source,Data sources,UIS Dynamic template based on Budget Statment 2024 ; Estimates 2024 (https://www.finance.gd/docs/2023/Budget%20Statement%202024_1.pdf ; https://www.finance.gd/docs/2023/Estimates%202024%20Final.pdf)
XGOVEXP.IMF,GRD,2025,Source,Data sources,UIS Dynamic template based on Government of Grenada: Estimates of Revenue and Expenditure - 2025 - 2027 (https://grenadagov.openbook.questica.com/#/budget-book/f4105641-3f6e-4870-abd0-edd7f624b4f1/97135fa2-688f-429c-9efe-f3c09afc06e91)
XGOVEXP.IMF,GTM,2006,Data Status,Data reporting,"FINANCE DATA: IMF, World Economic Outlook"
XGOVEXP.IMF,GTM,2006,Source,Data sources,Country's submission to UIS SFE Questionnaire B
XGOVEXP.IMF,GTM,2007,Data Status,Data reporting,"FINANCE DATA: IMF, World Economic Outlook"
XGOVEXP.IMF,GTM,2007,Source,Data sources,Country's submission to UIS SFE Questionnaire B
XGOVEXP.IMF,GTM,2008,Data Status,Data reporting,"FINANCE DATA: IMF, World Economic Outlook"
XGOVEXP.IMF,GTM,2008,Source,Data sources,Country's submission to UIS SFE Questionnaire B
XGOVEXP.IMF,GTM,2010,Data Status,Data reporting,"FINANCE DATA: IMF, World Economic Outlook"
XGOVEXP.IMF,GTM,2010,Source,Data sources,Country's submission to UIS SFE Questionnaire B
XGOVEXP.IMF,GTM,2011,Data Status,Data reporting,"FINANCE DATA: IMF, World Economic Outlook"
XGOVEXP.IMF,GTM,2011,Source,Data sources,Country's submission to UIS SFE Questionnaire B
XGOVEXP.IMF,GTM,2012,Data Status,Data reporting,"FINANCE DATA: IMF, World Economic Outlook"
XGOVEXP.IMF,GTM,2012,Source,Data sources,Country's submission to UIS SFE Questionnaire B
XGOVEXP.IMF,GTM,2013,Data Status,Data reporting,"FINANCE DATA: IMF, World Economic Outlook"
XGOVEXP.IMF,GTM,2013,Source,Data sources,Country's submission to UIS SFE Questionnaire B
XGOVEXP.IMF,GTM,2014,Data Status,Data reporting,"FINANCE DATA: IMF, World Economic Outlook"
XGOVEXP.IMF,GTM,2014,Source,Data sources,Country's submission to UIS SFE Questionnaire B
XGOVEXP.IMF,GTM,2015,Data Status,Data reporting,"FINANCE DATA: IMF, World Economic Outlook"
XGOVEXP.IMF,GTM,2015,Source,Data sources,Country's submission to UIS SFE Questionnaire B
XGOVEXP.IMF,GTM,2016,Data Status,Data reporting,"FINANCE DATA: IMF, World Economic Outlook"
XGOVEXP.IMF,GTM,2016,Source,Data sources,Country's submission to UIS SFE Questionnaire B
XGOVEXP.IMF,GTM,2017,Data Status,Data reporting,"FINANCE DATA: IMF, World Economic Outlook"
XGOVEXP.IMF,GTM,2017,Source,Data sources,Country's submission to UIS SFE Questionnaire B
XGOVEXP.IMF,GTM,2018,Data Status,Data reporting,"FINANCE DATA: IMF, World Economic Outlook"
XGOVEXP.IMF,GTM,2018,Source,Data sources,Country's submission to UIS SFE Questionnaire B
XGOVEXP.IMF,GTM,2019,Data Status,Data reporting,"FINANCE DATA: IMF, World Economic Outlook"
XGOVEXP.IMF,GTM,2019,Source,Data sources,Country's submission to UIS SFE Questionnaire B
XGOVEXP.IMF,GTM,2020,Data Status,Data reporting,"FINANCE DATA: IMF, World Economic Outlook"
XGOVEXP.IMF,GTM,2020,Source,Data sources,Country's submission to UIS SFE Questionnaire B
XGOVEXP.IMF,GTM,2021,Data Status,Data reporting,"FINANCE DATA: IMF, World Economic Outlook"
XGOVEXP.IMF,GTM,2021,Source,Data sources,Country's submission to UIS SFE Questionnaire B
XGOVEXP.IMF,GTM,2022,Data Status,Data reporting,"FINANCE DATA: IMF, World Economic Outlook"
XGOVEXP.IMF,GTM,2022,Source,Data sources,Country's submission to UIS SFE Questionnaire B
XGOVEXP.IMF,GTM,2023,Data Status,Data reporting,"FINANCE DATA: IMF, World Economic Outlook"
XGOVEXP.IMF,GTM,2023,Source,Data sources,Country's submission to UIS SFE Questionnaire B
XGOVEXP.IMF,GTM,2024,Data Status,Data reporting,"FINANCE DATA: IMF, World Economic Outlook"
XGOVEXP.IMF,GTM,2024,Source,Data sources,Country's submission to UIS SFE Questionnaire B
XGOVEXP.IMF,GTM,2025,Source,Data sources,UIS Dynamic Template (mined data) based on Presupuesto General de Ingresos y Egresos del Estado - Ejercicio Fiscal 2025 (https://www.minfin.gob.gt/images/archivos/presua2025/Inicio%201.htm)
XGOVEXP.IMF,GUY,2000,Data Status,Data reporting,"FINANCE DATA: IMF, World Economic Outlook"
XGOVEXP.IMF,GUY,2000,Source,Data sources,Country's submission to UIS SFE Questionnaire B
XGOVEXP.IMF,GUY,2001,Data Status,Data reporting,"FINANCE DATA: IMF, World Economic Outlook"
XGOVEXP.IMF,GUY,2001,Source,Data sources,Country's submission to UIS SFE Questionnaire B
XGOVEXP.IMF,GUY,2002,Data Status,Data reporting,"FINANCE DATA: IMF, World Economic Outlook"
XGOVEXP.IMF,GUY,2002,Source,Data sources,Country's submission to UIS SFE Questionnaire B
XGOVEXP.IMF,GUY,2003,Data Status,Data reporting,"FINANCE DATA: IMF, World Economic Outlook"
XGOVEXP.IMF,GUY,2003,Source,Data sources,Country's submission to UIS SFE Questionnaire B
XGOVEXP.IMF,GUY,2004,Data Status,Data reporting,"FINANCE DATA: IMF, World Economic Outlook"
XGOVEXP.IMF,GUY,2004,Source,Data sources,Country's submission to UIS SFE Questionnaire B
XGOVEXP.IMF,GUY,2005,Data Status,Data reporting,"FINANCE DATA: IMF, World Economic Outlook"
XGOVEXP.IMF,GUY,2005,Source,Data sources,Country's submission to UIS SFE Questionnaire B
XGOVEXP.IMF,GUY,2006,Data Status,Data reporting,"FINANCE DATA: IMF, World Economic Outlook"
XGOVEXP.IMF,GUY,2006,Source,Data sources,Country's submission to UIS SFE Questionnaire B
XGOVEXP.IMF,GUY,2007,Data Status,Data reporting,"FINANCE DATA: IMF, World Economic Outlook"
XGOVEXP.IMF,GUY,2007,Source,Data sources,Country's submission to UIS SFE Questionnaire B
XGOVEXP.IMF,GUY,2009,Data Status,Data reporting,"FINANCE DATA: IMF, World Economic Outlook"
XGOVEXP.IMF,GUY,2009,Source,Data sources,Country's submission to UIS SFE Questionnaire B
XGOVEXP.IMF,GUY,2010,Data Status,Data reporting,"FINANCE DATA: IMF, World Economic Outlook"
XGOVEXP.IMF,GUY,2010,Source,Data sources,Country's submission to UIS SFE Questionnaire B
XGOVEXP.IMF,GUY,2011,Data Status,Data reporting,"FINANCE DATA: IMF, World Economic Outlook"
XGOVEXP.IMF,GUY,2011,Source,Data sources,Country's submission to UIS SFE Questionnaire B
XGOVEXP.IMF,GUY,2012,Data Status,Data reporting,"FINANCE DATA: IMF, World Economic Outlook"
XGOVEXP.IMF,GUY,2012,Source,Data sources,Country's submission to UIS SFE Questionnaire B
XGOVEXP.IMF,GUY,2014,Data Status,Data reporting,"FINANCE DATA: IMF, World Economic Outlook"
XGOVEXP.IMF,GUY,2014,Source,Data sources,Country's submission to UIS SFE Questionnaire B
XGOVEXP.IMF,GUY,2015,Data Status,Data reporting,"FINANCE DATA: IMF, World Economic Outlook"
XGOVEXP.IMF,GUY,2015,Source,Data sources,Country's submission to UIS SFE Questionnaire B
XGOVEXP.IMF,GUY,2016,Data Status,Data reporting,"FINANCE DATA: IMF, World Economic Outlook"
XGOVEXP.IMF,GUY,2016,Source,Data sources,Country's submission to UIS SFE Questionnaire B
XGOVEXP.IMF,GUY,2017,Data Status,Data reporting,"FINANCE DATA: IMF, World Economic Outlook"
XGOVEXP.IMF,GUY,2017,Source,Data sources,Country's submission to UIS SFE Questionnaire B
XGOVEXP.IMF,GUY,2018,Data Status,Data reporting,"FINANCE DATA: IMF, World Economic Outlook"
XGOVEXP.IMF,GUY,2018,Source,Data sources,Country's submission to UIS SFE Questionnaire B
XGOVEXP.IMF,GUY,2025,Source,Data sources,UIS Dynamic Template (mined data) based on Estimates of the Public Sector 2025 (https://pciudadano.sefin.gob.hn/wp-content/uploads/2024/09/Proyecto-Presupuesto-Ciudadano-2025.pdf)
XGOVEXP.IMF,HKG,2001,Data Status,Data reporting,"FINANCE DATA: IMF, World Economic Outlook"
XGOVEXP.IMF,HKG,2001,Source,Data sources,Country's submission to UIS SFE Questionnaire B
XGOVEXP.IMF,HKG,2002,Data Status,Data reporting,"FINANCE DATA: IMF, World Economic Outlook"
XGOVEXP.IMF,HKG,2002,Source,Data sources,Country's submission to UIS SFE Questionnaire B
XGOVEXP.IMF,HKG,2003,Data Status,Data reporting,"FINANCE DATA: IMF, World Economic Outlook"
XGOVEXP.IMF,HKG,2003,Source,Data sources,Country's submission to UIS SFE Questionnaire B
XGOVEXP.IMF,HKG,2004,Data Status,Data reporting,"FINANCE DATA: IMF, World Economic Outlook"
XGOVEXP.IMF,HKG,2004,Source,Data sources,Country's submission to UIS SFE Questionnaire B
XGOVEXP.IMF,HKG,2005,Data Status,Data reporting,"FINANCE DATA: IMF, World Economic Outlook"
XGOVEXP.IMF,HKG,2005,Source,Data sources,Country's submission to UIS SFE Questionnaire B
XGOVEXP.IMF,HKG,2006,Data Status,Data reporting,"FINANCE DATA: IMF, World Economic Outlook"
XGOVEXP.IMF,HKG,2006,Source,Data sources,Country's submission to UIS SFE Questionnaire B
XGOVEXP.IMF,HKG,2007,Data Status,Data reporting,"FINANCE DATA: IMF, World Economic Outlook"
XGOVEXP.IMF,HKG,2007,Source,Data sources,Country's submission to UIS SFE Questionnaire B
XGOVEXP.IMF,HKG,2008,Data Status,Data reporting,"FINANCE DATA: IMF, World Economic Outlook"
XGOVEXP.IMF,HKG,2008,Source,Data sources,Country's submission to UIS SFE Questionnaire B
XGOVEXP.IMF,HKG,2009,Data Status,Data reporting,"FINANCE DATA: IMF, World Economic Outlook"
XGOVEXP.IMF,HKG,2009,Source,Data sources,Country's submission to UIS SFE Questionnaire B
XGOVEXP.IMF,HKG,2010,Data Status,Data reporting,"FINANCE DATA: IMF, World Economic Outlook"
XGOVEXP.IMF,HKG,2010,Source,Data sources,Country's submission to UIS SFE Questionnaire B
XGOVEXP.IMF,HKG,2011,Data Status,Data reporting,"FINANCE DATA: IMF, World Economic Outlook"
XGOVEXP.IMF,HKG,2011,Source,Data sources,Country's submission to UIS SFE Questionnaire B
XGOVEXP.IMF,HKG,2012,Data Status,Data reporting,"FINANCE DATA: IMF, World Economic Outlook"
XGOVEXP.IMF,HKG,2012,Source,Data sources,Country's submission to UIS SFE Questionnaire B
XGOVEXP.IMF,HKG,2013,Data Status,Data reporting,"FINANCE DATA: IMF, World Economic Outlook"
XGOVEXP.IMF,HKG,2013,Source,Data sources,Country's submission to UIS SFE Questionnaire B
XGOVEXP.IMF,HKG,2014,Data Status,Data reporting,"FINANCE DATA: IMF, World Economic Outlook"
XGOVEXP.IMF,HKG,2014,Source,Data sources,Country's submission to UIS SFE Questionnaire B
XGOVEXP.IMF,HKG,2015,Data Status,Data reporting,"FINANCE DATA: IMF, World Economic Outlook"
XGOVEXP.IMF,HKG,2015,Source,Data sources,Country's submission to UIS SFE Questionnaire B
XGOVEXP.IMF,HKG,2016,Data Status,Data reporting,"FINANCE DATA: IMF, World Economic Outlook"
XGOVEXP.IMF,HKG,2016,Source,Data sources,Country's submission to UIS SFE Questionnaire B
XGOVEXP.IMF,HKG,2017,Data Status,Data reporting,"FINANCE DATA: IMF, World Economic Outlook"
XGOVEXP.IMF,HKG,2017,Source,Data sources,Country's submission to UIS SFE Questionnaire B
XGOVEXP.IMF,HKG,2018,Data Status,Data reporting,"FINANCE DATA: IMF, World Economic Outlook"
XGOVEXP.IMF,HKG,2018,Source,Data sources,Country's submission to UIS SFE Questionnaire B
XGOVEXP.IMF,HKG,2019,Data Status,Data reporting,"FINANCE DATA: IMF, World Economic Outlook"
XGOVEXP.IMF,HKG,2019,Source,Data sources,Country's submission to UIS SFE Questionnaire B
XGOVEXP.IMF,HKG,2020,Data Status,Data reporting,"FINANCE DATA: IMF, World Economic Outlook"
XGOVEXP.IMF,HKG,2020,Source,Data sources,Country's submission to UIS SFE Questionnaire B
XGOVEXP.IMF,HKG,2021,Data Status,Data reporting,"FINANCE DATA: IMF, World Economic Outlook"
XGOVEXP.IMF,HKG,2021,Source,Data sources,Country's submission to UIS SFE Questionnaire B
XGOVEXP.IMF,HKG,2022,Data Status,Data reporting,"FINANCE DATA: IMF, World Economic Outlook"
XGOVEXP.IMF,HKG,2022,Source,Data sources,Country's submission to UIS SFE Questionnaire B
XGOVEXP.IMF,HKG,2023,Data Status,Data reporting,"FINANCE DATA: IMF, World Economic Outlook"
XGOVEXP.IMF,HKG,2023,Source,Data sources,Country's submission to UIS SFE Questionnaire B
XGOVEXP.IMF,HKG,2024,Data Status,Data reporting,"FINANCE DATA: IMF, World Economic Outlook"
XGOVEXP.IMF,HKG,2024,Source,Data sources,Country's submission to UIS SFE Questionnaire B
XGOVEXP.IMF,HND,2013,Data Status,Data reporting,"FINANCE DATA: IMF, World Economic Outlook"
XGOVEXP.IMF,HND,2013,Source,Data sources,Country's submission to UIS SFE Questionnaire B
XGOVEXP.IMF,HND,2014,Data Status,Data reporting,"FINANCE DATA: IMF, World Economic Outlook"
XGOVEXP.IMF,HND,2014,Source,Data sources,Country's submission to UIS SFE Questionnaire B
XGOVEXP.IMF,HND,2015,Data Status,Data reporting,"FINANCE DATA: IMF, World Economic Outlook"
XGOVEXP.IMF,HND,2015,Source,Data sources,Country's submission to UIS SFE Questionnaire B
XGOVEXP.IMF,HND,2018,Data Status,Data reporting,"FINANCE DATA: IMF, World Economic Outlook"
XGOVEXP.IMF,HND,2018,Source,Data sources,Country's submission to UIS SFE Questionnaire B
XGOVEXP.IMF,HRV,2002,Data Status,Data reporting,"FINANCE DATA: IMF, World Economic Outlook"
XGOVEXP.IMF,HRV,2002,Source,Data sources,Country's submission to UNESCO OECD Eurostat (UOE) joint data collection
XGOVEXP.IMF,HRV,2003,Data Status,Data reporting,"FINANCE DATA: IMF, World Economic Outlook"
XGOVEXP.IMF,HRV,2003,Source,Data sources,Country's submission to UNESCO OECD Eurostat (UOE) joint data collection
XGOVEXP.IMF,HRV,2004,Data Status,Data reporting,"FINANCE DATA: IMF, World Economic Outlook"
XGOVEXP.IMF,HRV,2004,Source,Data sources,Country's submission to UNESCO OECD Eurostat (UOE) joint data collection
XGOVEXP.IMF,HRV,2007,Data Status,Data reporting,"FINANCE DATA: IMF, World Economic Outlook"
XGOVEXP.IMF,HRV,2007,Source,Data sources,Country's submission to UNESCO OECD Eurostat (UOE) joint data collection
XGOVEXP.IMF,HRV,2008,Data Status,Data reporting,"FINANCE DATA: IMF, World Economic Outlook"
XGOVEXP.IMF,HRV,2008,Source,Data sources,Country's submission to UNESCO OECD Eurostat (UOE) joint data collection
XGOVEXP.IMF,HRV,2009,Data Status,Data reporting,"FINANCE DATA: IMF, World Economic Outlook"
XGOVEXP.IMF,HRV,2009,Source,Data sources,Country's submission to UNESCO OECD Eurostat (UOE) joint data collection
XGOVEXP.IMF,HRV,2010,Data Status,Data reporting,"FINANCE DATA: IMF, World Economic Outlook"
XGOVEXP.IMF,HRV,2010,Source,Data sources,Country's submission to UNESCO OECD Eurostat (UOE) joint data collection
XGOVEXP.IMF,HRV,2011,Data Status,Data reporting,"FINANCE DATA: IMF, World Economic Outlook"
XGOVEXP.IMF,HRV,2011,Source,Data sources,Country's submission to UNESCO OECD Eurostat (UOE) joint data collection
XGOVEXP.IMF,HRV,2013,Data Status,Data reporting,"FINANCE DATA: IMF, World Economic Outlook"
XGOVEXP.IMF,HRV,2013,Source,Data sources,Country's submission to UNESCO OECD Eurostat (UOE) joint data collection
XGOVEXP.IMF,HRV,2017,Data Status,Data reporting,"FINANCE DATA: IMF, World Economic Outlook"
XGOVEXP.IMF,HRV,2017,Source,Data sources,Country's submission to UNESCO OECD Eurostat (UOE) joint data collection
XGOVEXP.IMF,HRV,2018,Data Status,Data reporting,"FINANCE DATA: IMF, World Economic Outlook"
XGOVEXP.IMF,HRV,2018,Source,Data sources,Country's submission to UNESCO OECD Eurostat (UOE) joint data collection
XGOVEXP.IMF,HRV,2019,Data Status,Data reporting,"FINANCE DATA: IMF, World Economic Outlook"
XGOVEXP.IMF,HRV,2019,Source,Data sources,Country's submission to UNESCO OECD Eurostat (UOE) joint data collection
XGOVEXP.IMF,HRV,2020,Data Status,Data reporting,"FINANCE DATA: IMF, World Economic Outlook"
XGOVEXP.IMF,HRV,2020,Source,Data sources,Country's submission to UNESCO OECD Eurostat (UOE) joint data collection
XGOVEXP.IMF,HRV,2021,Data Status,Data reporting,"FINANCE DATA: IMF, World Economic Outlook"
XGOVEXP.IMF,HRV,2021,Source,Data sources,Country's submission to UNESCO OECD Eurostat (UOE) joint data collection
XGOVEXP.IMF,HTI,2014,Data Status,Data reporting,"FINANCE DATA: IMF, World Economic Outlook"
XGOVEXP.IMF,HTI,2014,Source,Data sources,Country's submission to UIS SFE Questionnaire B
XGOVEXP.IMF,HTI,2015,Data Status,Data reporting,"FINANCE DATA: IMF, World Economic Outlook"
XGOVEXP.IMF,HTI,2015,Source,Data sources,Country's submission to UIS SFE Questionnaire B
XGOVEXP.IMF,HTI,2016,Data Status,Data reporting,"FINANCE DATA: IMF, World Economic Outlook"
XGOVEXP.IMF,HTI,2016,Source,Data sources,Country's submission to UIS SFE Questionnaire B
XGOVEXP.IMF,HTI,2017,Data Status,Data reporting,"FINANCE DATA: IMF, World Economic Outlook"
XGOVEXP.IMF,HTI,2017,Source,Data sources,Country's submission to UIS SFE Questionnaire B
XGOVEXP.IMF,HTI,2018,Data Status,Data reporting,"FINANCE DATA: IMF, World Economic Outlook"
XGOVEXP.IMF,HTI,2018,Source,Data sources,Country's submission to UIS SFE Questionnaire B
XGOVEXP.IMF,HTI,2019,Source,Data sources,UIS Dynamic Template (mined data) based on Projet de Loi de Finances de L'Exercice 2018-2019 (https://www.mef.gouv.ht/index.php?page=Budget1819)
XGOVEXP.IMF,HTI,2020,Source,Data sources,UIS Dynamic Template (mined data) based on General Budget for the Fiscal Year; Variation de lindice des prix a la consommation par groupe de depenses Decembre 2020 (https://www.mef.gouv.ht/index.php?page=Budget; https://www.brh.ht/variation-de-lindice-des-prix-a-la-consommation-par-groupe-de-depenses-decembre-2020/)
XGOVEXP.IMF,HTI,2021,Source,Data sources,UIS Dynamic Template (mined data) based on Budget General De L'Exercice 2020-2021 ; Documents Annexes Au Budget General de L'Exercice Fiscal 2020-2021 (https://www.mef.gouv.ht/index.php?page=Budget2021; https://www.mef.gouv.ht/docs/budget-2020-2021-documents-annexes.pdf)
XGOVEXP.IMF,HTI,2022,Source,Data sources,UIS Dynamic Template (mined data) based on Budget General de L'Exercice 2021-2022 (https://www.mef.gouv.ht/docs/budget-2021-2022.pdf)
XGOVEXP.IMF,HTI,2023,Source,Data sources,UIS Dynamic Template (mined data) based on Decret Etablissant Le Budget General de la Republique DHaiti Exercise 2022-2023. (https://www.mef.gouv.ht/storage/app/uploads/public/63b/68d/a00/63b68da001719033471622.pdf)
XGOVEXP.IMF,HTI,2024,Source,Data sources,UIS Dynamic Template (mined data) based on Decret Etablissant - Le Budget General de la Republique DHaiti 2023-2024 (https://www.mef.gouv.ht/storage/app/uploads/public/651/d95/d25/651d95d2551d4087702362.pdf)
XGOVEXP.IMF,HTI,2025,Source,Data sources,UIS Dynamic Template (mined data) based on Decret Etablissant - Le Budget General de la Republique DHaiti 2024-2025 (https://budget.gouv.ht/storage/app/uploads/public/670/674/437/670674437c131298193458.pdf)
XGOVEXP.IMF,HUN,2000,Data Status,Data reporting,"FINANCE DATA: IMF, World Economic Outlook"
XGOVEXP.IMF,HUN,2000,Source,Data sources,Country's submission to UNESCO OECD Eurostat (UOE) joint data collection
XGOVEXP.IMF,HUN,2001,Data Status,Data reporting,"FINANCE DATA: IMF, World Economic Outlook"
XGOVEXP.IMF,HUN,2001,Source,Data sources,Country's submission to UNESCO OECD Eurostat (UOE) joint data collection
XGOVEXP.IMF,HUN,2002,Data Status,Data reporting,"FINANCE DATA: IMF, World Economic Outlook"
XGOVEXP.IMF,HUN,2002,Source,Data sources,Country's submission to UNESCO OECD Eurostat (UOE) joint data collection
XGOVEXP.IMF,HUN,2003,Data Status,Data reporting,"FINANCE DATA: IMF, World Economic Outlook"
XGOVEXP.IMF,HUN,2003,Source,Data sources,Country's submission to UNESCO OECD Eurostat (UOE) joint data collection
XGOVEXP.IMF,HUN,2004,Data Status,Data reporting,"FINANCE DATA: IMF, World Economic Outlook"
XGOVEXP.IMF,HUN,2004,Source,Data sources,Country's submission to UNESCO OECD Eurostat (UOE) joint data collection
XGOVEXP.IMF,HUN,2005,Data Status,Data reporting,"FINANCE DATA: IMF, World Economic Outlook"
XGOVEXP.IMF,HUN,2005,Source,Data sources,Country's submission to UNESCO OECD Eurostat (UOE) joint data collection
XGOVEXP.IMF,HUN,2006,Data Status,Data reporting,"FINANCE DATA: IMF, World Economic Outlook"
XGOVEXP.IMF,HUN,2006,Source,Data sources,Country's submission to UNESCO OECD Eurostat (UOE) joint data collection
XGOVEXP.IMF,HUN,2007,Data Status,Data reporting,"FINANCE DATA: IMF, World Economic Outlook"
XGOVEXP.IMF,HUN,2007,Source,Data sources,Country's submission to UNESCO OECD Eurostat (UOE) joint data collection
XGOVEXP.IMF,HUN,2008,Data Status,Data reporting,"FINANCE DATA: IMF, World Economic Outlook"
XGOVEXP.IMF,HUN,2008,Source,Data sources,Country's submission to UNESCO OECD Eurostat (UOE) joint data collection
XGOVEXP.IMF,HUN,2009,Data Status,Data reporting,"FINANCE DATA: IMF, World Economic Outlook"
XGOVEXP.IMF,HUN,2009,Source,Data sources,Country's submission to UNESCO OECD Eurostat (UOE) joint data collection
XGOVEXP.IMF,HUN,2010,Data Status,Data reporting,"FINANCE DATA: IMF, World Economic Outlook"
XGOVEXP.IMF,HUN,2010,Source,Data sources,Country's submission to UNESCO OECD Eurostat (UOE) joint data collection
XGOVEXP.IMF,HUN,2011,Data Status,Data reporting,"FINANCE DATA: IMF, World Economic Outlook"
XGOVEXP.IMF,HUN,2011,Source,Data sources,Country's submission to UNESCO OECD Eurostat (UOE) joint data collection
XGOVEXP.IMF,HUN,2012,Data Status,Data reporting,"FINANCE DATA: IMF, World Economic Outlook"
XGOVEXP.IMF,HUN,2012,Source,Data sources,Country's submission to UNESCO OECD Eurostat (UOE) joint data collection
XGOVEXP.IMF,HUN,2013,Data Status,Data reporting,"FINANCE DATA: IMF, World Economic Outlook"
XGOVEXP.IMF,HUN,2013,Source,Data sources,Country's submission to UNESCO OECD Eurostat (UOE) joint data collection
XGOVEXP.IMF,HUN,2014,Data Status,Data reporting,"FINANCE DATA: IMF, World Economic Outlook"
XGOVEXP.IMF,HUN,2014,Source,Data sources,Country's submission to UNESCO OECD Eurostat (UOE) joint data collection
XGOVEXP.IMF,HUN,2015,Data Status,Data reporting,"FINANCE DATA: IMF, World Economic Outlook"
XGOVEXP.IMF,HUN,2015,Source,Data sources,Country's submission to UNESCO OECD Eurostat (UOE) joint data collection
XGOVEXP.IMF,HUN,2016,Data Status,Data reporting,"FINANCE DATA: IMF, World Economic Outlook"
XGOVEXP.IMF,HUN,2016,Source,Data sources,Country's submission to UNESCO OECD Eurostat (UOE) joint data collection
XGOVEXP.IMF,HUN,2017,Data Status,Data reporting,"FINANCE DATA: IMF, World Economic Outlook"
XGOVEXP.IMF,HUN,2017,Source,Data sources,Country's submission to UNESCO OECD Eurostat (UOE) joint data collection
XGOVEXP.IMF,HUN,2018,Data Status,Data reporting,"FINANCE DATA: IMF, World Economic Outlook"
XGOVEXP.IMF,HUN,2018,Source,Data sources,Country's submission to UNESCO OECD Eurostat (UOE) joint data collection
XGOVEXP.IMF,HUN,2019,Data Status,Data reporting,"FINANCE DATA: IMF, World Economic Outlook"
XGOVEXP.IMF,HUN,2019,Source,Data sources,Country's submission to UNESCO OECD Eurostat (UOE) joint data collection
XGOVEXP.IMF,HUN,2020,Data Status,Data reporting,"FINANCE DATA: IMF, World Economic Outlook"
XGOVEXP.IMF,HUN,2020,Source,Data sources,Country's submission to UNESCO OECD Eurostat (UOE) joint data collection
XGOVEXP.IMF,HUN,2021,Data Status,Data reporting,"FINANCE DATA: IMF, World Economic Outlook"
XGOVEXP.IMF,HUN,2021,Source,Data sources,Country's submission to UNESCO OECD Eurostat (UOE) joint data collection
XGOVEXP.IMF,HUN,2022,Data Status,Data reporting,"FINANCE DATA: IMF, World Economic Outlook"
XGOVEXP.IMF,HUN,2022,Source,Data sources,Country's submission to UNESCO OECD Eurostat (UOE) joint data collection
XGOVEXP.IMF,IDN,2001,Data Status,Data reporting,"FINANCE DATA: IMF, World Economic Outlook"
XGOVEXP.IMF,IDN,2001,Source,Data sources,Country's submission to UIS SFE Questionnaire B
XGOVEXP.IMF,IDN,2002,Data Status,Data reporting,"FINANCE DATA: IMF, World Economic Outlook"
XGOVEXP.IMF,IDN,2002,Source,Data sources,Country's submission to UIS SFE Questionnaire B
XGOVEXP.IMF,IDN,2003,Data Status,Data reporting,"FINANCE DATA: IMF, World Economic Outlook"
XGOVEXP.IMF,IDN,2003,Source,Data sources,Country's submission to UIS SFE Questionnaire B
XGOVEXP.IMF,IDN,2004,Data Status,Data reporting,"FINANCE DATA: IMF, World Economic Outlook"
XGOVEXP.IMF,IDN,2004,Source,Data sources,Country's submission to UIS SFE Questionnaire B
XGOVEXP.IMF,IDN,2005,Data Status,Data reporting,"FINANCE DATA: IMF, World Economic Outlook"
XGOVEXP.IMF,IDN,2005,Source,Data sources,Country's submission to UIS SFE Questionnaire B
XGOVEXP.IMF,IDN,2007,Data Status,Data reporting,"FINANCE DATA: IMF, World Economic Outlook"
XGOVEXP.IMF,IDN,2007,Source,Data sources,Country's submission to UIS SFE Questionnaire B
XGOVEXP.IMF,IDN,2008,Data Status,Data reporting,"FINANCE DATA: IMF, World Economic Outlook"
XGOVEXP.IMF,IDN,2008,Source,Data sources,Country's submission to UIS SFE Questionnaire B
XGOVEXP.IMF,IDN,2009,Data Status,Data reporting,"FINANCE DATA: IMF, World Economic Outlook"
XGOVEXP.IMF,IDN,2009,Source,Data sources,Country's submission to UIS SFE Questionnaire B
XGOVEXP.IMF,IDN,2010,Data Status,Data reporting,"FINANCE DATA: IMF, World Economic Outlook"
XGOVEXP.IMF,IDN,2010,Source,Data sources,Country's submission to UIS SFE Questionnaire B
XGOVEXP.IMF,IDN,2011,Data Status,Data reporting,"FINANCE DATA: IMF, World Economic Outlook"
XGOVEXP.IMF,IDN,2011,Source,Data sources,Country's submission to UIS SFE Questionnaire B
XGOVEXP.IMF,IDN,2012,Data Status,Data reporting,"FINANCE DATA: IMF, World Economic Outlook"
XGOVEXP.IMF,IDN,2012,Source,Data sources,Country's submission to UIS SFE Questionnaire B
XGOVEXP.IMF,IDN,2013,Data Status,Data reporting,"FINANCE DATA: IMF, World Economic Outlook"
XGOVEXP.IMF,IDN,2013,Source,Data sources,Country's submission to UIS SFE Questionnaire B
XGOVEXP.IMF,IDN,2014,Data Status,Data reporting,"FINANCE DATA: IMF, World Economic Outlook"
XGOVEXP.IMF,IDN,2014,Source,Data sources,Country's submission to UIS SFE Questionnaire B
XGOVEXP.IMF,IDN,2015,Data Status,Data reporting,"FINANCE DATA: IMF, World Economic Outlook"
XGOVEXP.IMF,IDN,2015,Source,Data sources,Country's submission to UIS SFE Questionnaire B
XGOVEXP.IMF,IDN,2016,Source,Data sources,UIS Dynamic template based on Statistical Yearbook of Indonesia 2017 (https://www.bps.go.id/publication/2017/07/26/b598fa587f5112432533a656/statistik-indonesia-2017.html)
XGOVEXP.IMF,IDN,2017,Source,Data sources,UIS Dynamic template based on Statistical Yearbook of Indonesia 2017 (https://www.bps.go.id/publication/2017/07/26/b598fa587f5112432533a656/statistik-indonesia-2017.html)
XGOVEXP.IMF,IDN,2018,Source,Data sources,UIS Dynamic template based on Statistical Yearbook of Indonesia 2018 (https://www.bps.go.id/publication/2018/07/03/5a963c1ea9b0fed6497d0845/statistik-indonesia-2018.html)
XGOVEXP.IMF,IDN,2019,Source,Data sources,UIS Dynamic template based on Statistical Yearbook of Indonesia 2020 (https://www.bps.go.id/publication/2020/04/29/e9011b3155d45d70823c141f/statistik-indonesia-2020.html)
XGOVEXP.IMF,IDN,2020,Source,Data sources,UIS Dynamic template based on Statistical Yearbook of Indonesia 2020 (https://www.bps.go.id/publication/2020/04/29/e9011b3155d45d70823c141f/statistik-indonesia-2020.html)
XGOVEXP.IMF,IDN,2021,Source,Data sources,UIS Dynamic template based on Statistical Yearbook of Indonesia 2021 (https://www.bps.go.id/publication/2021/02/26/938316574c78772f27e9b477/statistik-indonesia-2021.html)
XGOVEXP.IMF,IDN,2022,Source,Data sources,UIS Dynamic template based on Statistical Yearbook of Indonesia 2022 (https://www.bps.go.id/publication/2022/02/25/0a2afea4fab72a5d052cb315/statistik-indonesia-2022.html)
XGOVEXP.IMF,IDN,2025,Source,Data sources,UIS Dynamic template based on Statistical Yearbook of Indonesia 2025 (https://www.bps.go.id/en/publication/2025/02/28/8cfe1a589ad3693396d3db9f/statistical-yearbook-of-indonesia-2025.html)
XGOVEXP.IMF,IND,2000,Data Status,Data reporting,"FINANCE DATA: IMF, World Economic Outlook"
XGOVEXP.IMF,IND,2000,Source,Data sources,Country's submission to UIS SFE Questionnaire B
XGOVEXP.IMF,IND,2003,Data Status,Data reporting,"FINANCE DATA: IMF, World Economic Outlook"
XGOVEXP.IMF,IND,2003,Source,Data sources,Country's submission to UIS SFE Questionnaire B
XGOVEXP.IMF,IND,2004,Data Status,Data reporting,"FINANCE DATA: IMF, World Economic Outlook"
XGOVEXP.IMF,IND,2004,Source,Data sources,Country's submission to UIS SFE Questionnaire B
XGOVEXP.IMF,IND,2005,Data Status,Data reporting,"FINANCE DATA: IMF, World Economic Outlook"
XGOVEXP.IMF,IND,2005,Source,Data sources,Country's submission to UIS SFE Questionnaire B
XGOVEXP.IMF,IND,2006,Data Status,Data reporting,"FINANCE DATA: IMF, World Economic Outlook"
XGOVEXP.IMF,IND,2006,Source,Data sources,Country's submission to UIS SFE Questionnaire B
XGOVEXP.IMF,IND,2009,Data Status,Data reporting,"FINANCE DATA: IMF, World Economic Outlook"
XGOVEXP.IMF,IND,2009,Source,Data sources,Country's submission to UIS SFE Questionnaire B
XGOVEXP.IMF,IND,2010,Data Status,Data reporting,"FINANCE DATA: IMF, World Economic Outlook"
XGOVEXP.IMF,IND,2010,Source,Data sources,Country's submission to UIS SFE Questionnaire B
XGOVEXP.IMF,IND,2011,Data Status,Data reporting,"FINANCE DATA: IMF, World Economic Outlook"
XGOVEXP.IMF,IND,2011,Source,Data sources,Country's submission to UIS SFE Questionnaire B
XGOVEXP.IMF,IND,2012,Data Status,Data reporting,"FINANCE DATA: IMF, World Economic Outlook"
XGOVEXP.IMF,IND,2012,Source,Data sources,Country's submission to UIS SFE Questionnaire B
XGOVEXP.IMF,IND,2013,Data Status,Data reporting,"FINANCE DATA: IMF, World Economic Outlook"
XGOVEXP.IMF,IND,2013,Source,Data sources,Country's submission to UIS SFE Questionnaire B
XGOVEXP.IMF,IND,2014,Source,Data sources,"UIS Dynamic template based on Analysis of Budgeted Expenditure on Education, 2013-14 to 2015-16 (https://www.education.gov.in/sites/upload_files/mhrd/files/statistics-new/ABE2013-16.pdf)"
XGOVEXP.IMF,IND,2015,Data Status,Data reporting,"FINANCE DATA: IMF, World Economic Outlook"
XGOVEXP.IMF,IND,2015,Source,Data sources,Country's submission to UIS SFE Questionnaire B
XGOVEXP.IMF,IND,2016,Data Status,Data reporting,"FINANCE DATA: IMF, World Economic Outlook"
XGOVEXP.IMF,IND,2016,Source,Data sources,Country's submission to UIS SFE Questionnaire B
XGOVEXP.IMF,IND,2017,Data Status,Data reporting,"FINANCE DATA: IMF, World Economic Outlook"
XGOVEXP.IMF,IND,2017,Source,Data sources,Country's submission to UIS SFE Questionnaire B
XGOVEXP.IMF,IND,2018,Data Status,Data reporting,"FINANCE DATA: IMF, World Economic Outlook"
XGOVEXP.IMF,IND,2018,Source,Data sources,Country's submission to UIS SFE Questionnaire B
XGOVEXP.IMF,IND,2019,Data Status,Data reporting,"FINANCE DATA: IMF, World Economic Outlook"
XGOVEXP.IMF,IND,2019,Source,Data sources,Country's submission to UIS SFE Questionnaire B
XGOVEXP.IMF,IND,2020,Data Status,Data reporting,"FINANCE DATA: IMF, World Economic Outlook"
XGOVEXP.IMF,IND,2020,Source,Data sources,Country's submission to UIS SFE Questionnaire B
XGOVEXP.IMF,IND,2021,Data Status,Data reporting,"FINANCE DATA: IMF, World Economic Outlook"
XGOVEXP.IMF,IND,2021,Source,Data sources,Country's submission to UIS SFE Questionnaire B
XGOVEXP.IMF,IND,2022,Source,Data sources,UIS Dynamic template based on data provided by country
XGOVEXP.IMF,IRL,2000,Data Status,Data reporting,"FINANCE DATA: IMF, World Economic Outlook"
XGOVEXP.IMF,IRL,2000,Source,Data sources,Country's submission to UNESCO OECD Eurostat (UOE) joint data collection
XGOVEXP.IMF,IRL,2001,Data Status,Data reporting,"FINANCE DATA: IMF, World Economic Outlook"
XGOVEXP.IMF,IRL,2001,Source,Data sources,Country's submission to UNESCO OECD Eurostat (UOE) joint data collection
XGOVEXP.IMF,IRL,2002,Data Status,Data reporting,"FINANCE DATA: IMF, World Economic Outlook"
XGOVEXP.IMF,IRL,2002,Source,Data sources,Country's submission to UNESCO OECD Eurostat (UOE) joint data collection
XGOVEXP.IMF,IRL,2003,Data Status,Data reporting,"FINANCE DATA: IMF, World Economic Outlook"
XGOVEXP.IMF,IRL,2003,Source,Data sources,Country's submission to UNESCO OECD Eurostat (UOE) joint data collection
XGOVEXP.IMF,IRL,2004,Data Status,Data reporting,"FINANCE DATA: IMF, World Economic Outlook"
XGOVEXP.IMF,IRL,2004,Source,Data sources,Country's submission to UNESCO OECD Eurostat (UOE) joint data collection
XGOVEXP.IMF,IRL,2005,Data Status,Data reporting,"FINANCE DATA: IMF, World Economic Outlook"
XGOVEXP.IMF,IRL,2005,Source,Data sources,Country's submission to UNESCO OECD Eurostat (UOE) joint data collection
XGOVEXP.IMF,IRL,2006,Data Status,Data reporting,"FINANCE DATA: IMF, World Economic Outlook"
XGOVEXP.IMF,IRL,2006,Source,Data sources,Country's submission to UNESCO OECD Eurostat (UOE) joint data collection
XGOVEXP.IMF,IRL,2007,Data Status,Data reporting,"FINANCE DATA: IMF, World Economic Outlook"
XGOVEXP.IMF,IRL,2007,Source,Data sources,Country's submission to UNESCO OECD Eurostat (UOE) joint data collection
XGOVEXP.IMF,IRL,2008,Data Status,Data reporting,"FINANCE DATA: IMF, World Economic Outlook"
XGOVEXP.IMF,IRL,2008,Source,Data sources,Country's submission to UNESCO OECD Eurostat (UOE) joint data collection
XGOVEXP.IMF,IRL,2009,Data Status,Data reporting,"FINANCE DATA: IMF, World Economic Outlook"
XGOVEXP.IMF,IRL,2009,Source,Data sources,Country's submission to UNESCO OECD Eurostat (UOE) joint data collection
XGOVEXP.IMF,IRL,2010,Data Status,Data reporting,"FINANCE DATA: IMF, World Economic Outlook"
XGOVEXP.IMF,IRL,2010,Source,Data sources,Country's submission to UNESCO OECD Eurostat (UOE) joint data collection
XGOVEXP.IMF,IRL,2011,Data Status,Data reporting,"FINANCE DATA: IMF, World Economic Outlook"
XGOVEXP.IMF,IRL,2011,Source,Data sources,Country's submission to UNESCO OECD Eurostat (UOE) joint data collection
XGOVEXP.IMF,IRL,2012,Data Status,Data reporting,"FINANCE DATA: IMF, World Economic Outlook"
XGOVEXP.IMF,IRL,2012,Source,Data sources,Country's submission to UNESCO OECD Eurostat (UOE) joint data collection
XGOVEXP.IMF,IRL,2013,Data Status,Data reporting,"FINANCE DATA: IMF, World Economic Outlook"
XGOVEXP.IMF,IRL,2013,Source,Data sources,Country's submission to UNESCO OECD Eurostat (UOE) joint data collection
XGOVEXP.IMF,IRL,2014,Data Status,Data reporting,"FINANCE DATA: IMF, World Economic Outlook"
XGOVEXP.IMF,IRL,2014,Source,Data sources,Country's submission to UNESCO OECD Eurostat (UOE) joint data collection
XGOVEXP.IMF,IRL,2015,Data Status,Data reporting,"FINANCE DATA: IMF, World Economic Outlook"
XGOVEXP.IMF,IRL,2015,Source,Data sources,Country's submission to UNESCO OECD Eurostat (UOE) joint data collection
XGOVEXP.IMF,IRL,2016,Data Status,Data reporting,"FINANCE DATA: IMF, World Economic Outlook"
XGOVEXP.IMF,IRL,2016,Source,Data sources,Country's submission to UNESCO OECD Eurostat (UOE) joint data collection
XGOVEXP.IMF,IRL,2017,Data Status,Data reporting,"FINANCE DATA: IMF, World Economic Outlook"
XGOVEXP.IMF,IRL,2017,Source,Data sources,Country's submission to UNESCO OECD Eurostat (UOE) joint data collection
XGOVEXP.IMF,IRL,2018,Data Status,Data reporting,"FINANCE DATA: IMF, World Economic Outlook"
XGOVEXP.IMF,IRL,2018,Source,Data sources,Country's submission to UNESCO OECD Eurostat (UOE) joint data collection
XGOVEXP.IMF,IRL,2019,Data Status,Data reporting,"FINANCE DATA: IMF, World Economic Outlook"
XGOVEXP.IMF,IRL,2019,Source,Data sources,Country's submission to UNESCO OECD Eurostat (UOE) joint data collection
XGOVEXP.IMF,IRL,2020,Data Status,Data reporting,"FINANCE DATA: IMF, World Economic Outlook"
XGOVEXP.IMF,IRL,2020,Source,Data sources,Country's submission to UNESCO OECD Eurostat (UOE) joint data collection
XGOVEXP.IMF,IRL,2021,Data Status,Data reporting,"FINANCE DATA: IMF, World Economic Outlook"
XGOVEXP.IMF,IRL,2021,Source,Data sources,Country's submission to UNESCO OECD Eurostat (UOE) joint data collection
XGOVEXP.IMF,IRN,2000,Data Status,Data reporting,"FINANCE DATA: IMF, World Economic Outlook"
XGOVEXP.IMF,IRN,2000,Source,Data sources,Country's submission to UIS SFE Questionnaire B
XGOVEXP.IMF,IRN,2001,Data Status,Data reporting,"FINANCE DATA: IMF, World Economic Outlook"
XGOVEXP.IMF,IRN,2001,Source,Data sources,Country's submission to UIS SFE Questionnaire B
XGOVEXP.IMF,IRN,2002,Data Status,Data reporting,"FINANCE DATA: IMF, World Economic Outlook"
XGOVEXP.IMF,IRN,2002,Source,Data sources,Country's submission to UIS SFE Questionnaire B
XGOVEXP.IMF,IRN,2003,Data Status,Data reporting,"FINANCE DATA: IMF, World Economic Outlook"
XGOVEXP.IMF,IRN,2003,Source,Data sources,Country's submission to UIS SFE Questionnaire B
XGOVEXP.IMF,IRN,2004,Data Status,Data reporting,"FINANCE DATA: IMF, World Economic Outlook"
XGOVEXP.IMF,IRN,2004,Source,Data sources,Country's submission to UIS SFE Questionnaire B
XGOVEXP.IMF,IRN,2005,Data Status,Data reporting,"FINANCE DATA: IMF, World Economic Outlook"
XGOVEXP.IMF,IRN,2005,Source,Data sources,Country's submission to UIS SFE Questionnaire B
XGOVEXP.IMF,IRN,2006,Data Status,Data reporting,"FINANCE DATA: IMF, World Economic Outlook"
XGOVEXP.IMF,IRN,2006,Source,Data sources,Country's submission to UIS SFE Questionnaire B
XGOVEXP.IMF,IRN,2007,Data Status,Data reporting,"FINANCE DATA: IMF, World Economic Outlook"
XGOVEXP.IMF,IRN,2007,Source,Data sources,Country's submission to UIS SFE Questionnaire B
XGOVEXP.IMF,IRN,2008,Data Status,Data reporting,"FINANCE DATA: IMF, World Economic Outlook"
XGOVEXP.IMF,IRN,2008,Source,Data sources,Country's submission to UIS SFE Questionnaire B
XGOVEXP.IMF,IRN,2009,Data Status,Data reporting,"FINANCE DATA: IMF, World Economic Outlook"
XGOVEXP.IMF,IRN,2009,Source,Data sources,Country's submission to UIS SFE Questionnaire B
XGOVEXP.IMF,IRN,2010,Data Status,Data reporting,"FINANCE DATA: IMF, World Economic Outlook"
XGOVEXP.IMF,IRN,2010,Source,Data sources,Country's submission to UIS SFE Questionnaire B
XGOVEXP.IMF,IRN,2011,Data Status,Data reporting,"FINANCE DATA: IMF, World Economic Outlook"
XGOVEXP.IMF,IRN,2011,Source,Data sources,Country's submission to UIS SFE Questionnaire B
XGOVEXP.IMF,IRN,2012,Data Status,Data reporting,"FINANCE DATA: IMF, World Economic Outlook"
XGOVEXP.IMF,IRN,2012,Source,Data sources,Country's submission to UIS SFE Questionnaire B
XGOVEXP.IMF,IRN,2013,Data Status,Data reporting,"FINANCE DATA: IMF, World Economic Outlook"
XGOVEXP.IMF,IRN,2013,Source,Data sources,Country's submission to UIS SFE Questionnaire B
XGOVEXP.IMF,IRN,2014,Data Status,Data reporting,"FINANCE DATA: IMF, World Economic Outlook"
XGOVEXP.IMF,IRN,2014,Source,Data sources,Country's submission to UIS SFE Questionnaire B
XGOVEXP.IMF,IRN,2015,Data Status,Data reporting,"FINANCE DATA: IMF, World Economic Outlook"
XGOVEXP.IMF,IRN,2015,Source,Data sources,Country's submission to UIS SFE Questionnaire B
XGOVEXP.IMF,IRN,2016,Data Status,Data reporting,"FINANCE DATA: IMF, World Economic Outlook"
XGOVEXP.IMF,IRN,2016,Source,Data sources,Country's submission to UIS SFE Questionnaire B
XGOVEXP.IMF,IRN,2017,Data Status,Data reporting,"FINANCE DATA: IMF, World Economic Outlook"
XGOVEXP.IMF,IRN,2017,Source,Data sources,Country's submission to UIS SFE Questionnaire B
XGOVEXP.IMF,IRN,2018,Data Status,Data reporting,"FINANCE DATA: IMF, World Economic Outlook"
XGOVEXP.IMF,IRN,2018,Source,Data sources,Country's submission to UIS SFE Questionnaire B
XGOVEXP.IMF,IRN,2019,Data Status,Data reporting,"FINANCE DATA: IMF, World Economic Outlook"
XGOVEXP.IMF,IRN,2019,Source,Data sources,Country's submission to UIS SFE Questionnaire B
XGOVEXP.IMF,IRN,2020,Data Status,Data reporting,"FINANCE DATA: IMF, World Economic Outlook"
XGOVEXP.IMF,IRN,2020,Source,Data sources,Country's submission to UIS SFE Questionnaire B
XGOVEXP.IMF,IRN,2022,Data Status,Data reporting,"FINANCE DATA: IMF, World Economic Outlook"
XGOVEXP.IMF,IRN,2022,Source,Data sources,Country's submission to UIS SFE Questionnaire B
XGOVEXP.IMF,ISL,2000,Data Status,Data reporting,"FINANCE DATA: IMF, World Economic Outlook"
XGOVEXP.IMF,ISL,2000,Source,Data sources,Country's submission to UNESCO OECD Eurostat (UOE) joint data collection
XGOVEXP.IMF,ISL,2001,Data Status,Data reporting,"FINANCE DATA: IMF, World Economic Outlook"
XGOVEXP.IMF,ISL,2001,Source,Data sources,Country's submission to UNESCO OECD Eurostat (UOE) joint data collection
XGOVEXP.IMF,ISL,2002,Data Status,Data reporting,"FINANCE DATA: IMF, World Economic Outlook"
XGOVEXP.IMF,ISL,2002,Source,Data sources,Country's submission to UNESCO OECD Eurostat (UOE) joint data collection
XGOVEXP.IMF,ISL,2003,Data Status,Data reporting,"FINANCE DATA: IMF, World Economic Outlook"
XGOVEXP.IMF,ISL,2003,Source,Data sources,Country's submission to UNESCO OECD Eurostat (UOE) joint data collection
XGOVEXP.IMF,ISL,2004,Data Status,Data reporting,"FINANCE DATA: IMF, World Economic Outlook"
XGOVEXP.IMF,ISL,2004,Source,Data sources,Country's submission to UNESCO OECD Eurostat (UOE) joint data collection
XGOVEXP.IMF,ISL,2005,Data Status,Data reporting,"FINANCE DATA: IMF, World Economic Outlook"
XGOVEXP.IMF,ISL,2005,Source,Data sources,Country's submission to UNESCO OECD Eurostat (UOE) joint data collection
XGOVEXP.IMF,ISL,2006,Data Status,Data reporting,"FINANCE DATA: IMF, World Economic Outlook"
XGOVEXP.IMF,ISL,2006,Source,Data sources,Country's submission to UNESCO OECD Eurostat (UOE) joint data collection
XGOVEXP.IMF,ISL,2007,Data Status,Data reporting,"FINANCE DATA: IMF, World Economic Outlook"
XGOVEXP.IMF,ISL,2007,Source,Data sources,Country's submission to UNESCO OECD Eurostat (UOE) joint data collection
XGOVEXP.IMF,ISL,2008,Data Status,Data reporting,"FINANCE DATA: IMF, World Economic Outlook"
XGOVEXP.IMF,ISL,2008,Source,Data sources,Country's submission to UNESCO OECD Eurostat (UOE) joint data collection
XGOVEXP.IMF,ISL,2009,Data Status,Data reporting,"FINANCE DATA: IMF, World Economic Outlook"
XGOVEXP.IMF,ISL,2009,Source,Data sources,Country's submission to UNESCO OECD Eurostat (UOE) joint data collection
XGOVEXP.IMF,ISL,2010,Data Status,Data reporting,"FINANCE DATA: IMF, World Economic Outlook"
XGOVEXP.IMF,ISL,2010,Source,Data sources,Country's submission to UNESCO OECD Eurostat (UOE) joint data collection
XGOVEXP.IMF,ISL,2011,Data Status,Data reporting,"FINANCE DATA: IMF, World Economic Outlook"
XGOVEXP.IMF,ISL,2011,Source,Data sources,Country's submission to UNESCO OECD Eurostat (UOE) joint data collection
XGOVEXP.IMF,ISL,2012,Data Status,Data reporting,"FINANCE DATA: IMF, World Economic Outlook"
XGOVEXP.IMF,ISL,2012,Source,Data sources,Country's submission to UNESCO OECD Eurostat (UOE) joint data collection
XGOVEXP.IMF,ISL,2013,Data Status,Data reporting,"FINANCE DATA: IMF, World Economic Outlook"
XGOVEXP.IMF,ISL,2013,Source,Data sources,Country's submission to UNESCO OECD Eurostat (UOE) joint data collection
XGOVEXP.IMF,ISL,2014,Data Status,Data reporting,"FINANCE DATA: IMF, World Economic Outlook"
XGOVEXP.IMF,ISL,2014,Source,Data sources,Country's submission to UNESCO OECD Eurostat (UOE) joint data collection
XGOVEXP.IMF,ISL,2015,Data Status,Data reporting,"FINANCE DATA: IMF, World Economic Outlook"
XGOVEXP.IMF,ISL,2015,Source,Data sources,Country's submission to UNESCO OECD Eurostat (UOE) joint data collection
XGOVEXP.IMF,ISL,2016,Data Status,Data reporting,"FINANCE DATA: IMF, World Economic Outlook"
XGOVEXP.IMF,ISL,2016,Source,Data sources,Country's submission to UNESCO OECD Eurostat (UOE) joint data collection
XGOVEXP.IMF,ISL,2017,Data Status,Data reporting,"FINANCE DATA: IMF, World Economic Outlook"
XGOVEXP.IMF,ISL,2017,Source,Data sources,Country's submission to UNESCO OECD Eurostat (UOE) joint data collection
XGOVEXP.IMF,ISL,2018,Data Status,Data reporting,"FINANCE DATA: IMF, World Economic Outlook"
XGOVEXP.IMF,ISL,2018,Source,Data sources,Country's submission to UNESCO OECD Eurostat (UOE) joint data collection
XGOVEXP.IMF,ISL,2019,Data Status,Data reporting,"FINANCE DATA: IMF, World Economic Outlook"
XGOVEXP.IMF,ISL,2019,Source,Data sources,Country's submission to UNESCO OECD Eurostat (UOE) joint data collection
XGOVEXP.IMF,ISL,2020,Data Status,Data reporting,"FINANCE DATA: IMF, World Economic Outlook"
XGOVEXP.IMF,ISL,2020,Source,Data sources,Country's submission to UNESCO OECD Eurostat (UOE) joint data collection
XGOVEXP.IMF,ISL,2021,Data Status,Data reporting,"FINANCE DATA: IMF, World Economic Outlook"
XGOVEXP.IMF,ISL,2021,Source,Data sources,Country's submission to UNESCO OECD Eurostat (UOE) joint data collection
XGOVEXP.IMF,ISL,2022,Data Status,Data reporting,"FINANCE DATA: IMF, World Economic Outlook"
XGOVEXP.IMF,ISL,2022,Source,Data sources,Country's submission to UNESCO OECD Eurostat (UOE) joint data collection
XGOVEXP.IMF,ISR,2000,Data Status,Data reporting,"FINANCE DATA: IMF, World Economic Outlook"
XGOVEXP.IMF,ISR,2000,Source,Data sources,Country's submission to UNESCO OECD Eurostat (UOE) joint data collection
XGOVEXP.IMF,ISR,2001,Data Status,Data reporting,"FINANCE DATA: IMF, World Economic Outlook"
XGOVEXP.IMF,ISR,2001,Source,Data sources,Country's submission to UNESCO OECD Eurostat (UOE) joint data collection
XGOVEXP.IMF,ISR,2002,Data Status,Data reporting,"FINANCE DATA: IMF, World Economic Outlook"
XGOVEXP.IMF,ISR,2002,Source,Data sources,Country's submission to UNESCO OECD Eurostat (UOE) joint data collection
XGOVEXP.IMF,ISR,2003,Data Status,Data reporting,"FINANCE DATA: IMF, World Economic Outlook"
XGOVEXP.IMF,ISR,2003,Source,Data sources,Country's submission to UNESCO OECD Eurostat (UOE) joint data collection
XGOVEXP.IMF,ISR,2004,Data Status,Data reporting,"FINANCE DATA: IMF, World Economic Outlook"
XGOVEXP.IMF,ISR,2004,Source,Data sources,Country's submission to UNESCO OECD Eurostat (UOE) joint data collection
XGOVEXP.IMF,ISR,2005,Data Status,Data reporting,"FINANCE DATA: IMF, World Economic Outlook"
XGOVEXP.IMF,ISR,2005,Source,Data sources,Country's submission to UNESCO OECD Eurostat (UOE) joint data collection
XGOVEXP.IMF,ISR,2006,Data Status,Data reporting,"FINANCE DATA: IMF, World Economic Outlook"
XGOVEXP.IMF,ISR,2006,Source,Data sources,Country's submission to UNESCO OECD Eurostat (UOE) joint data collection
XGOVEXP.IMF,ISR,2007,Data Status,Data reporting,"FINANCE DATA: IMF, World Economic Outlook"
XGOVEXP.IMF,ISR,2007,Source,Data sources,Country's submission to UNESCO OECD Eurostat (UOE) joint data collection
XGOVEXP.IMF,ISR,2008,Data Status,Data reporting,"FINANCE DATA: IMF, World Economic Outlook"
XGOVEXP.IMF,ISR,2008,Source,Data sources,Country's submission to UNESCO OECD Eurostat (UOE) joint data collection
XGOVEXP.IMF,ISR,2009,Data Status,Data reporting,"FINANCE DATA: IMF, World Economic Outlook"
XGOVEXP.IMF,ISR,2009,Source,Data sources,Country's submission to UNESCO OECD Eurostat (UOE) joint data collection
XGOVEXP.IMF,ISR,2010,Data Status,Data reporting,"FINANCE DATA: IMF, World Economic Outlook"
XGOVEXP.IMF,ISR,2010,Source,Data sources,Country's submission to UNESCO OECD Eurostat (UOE) joint data collection
XGOVEXP.IMF,ISR,2011,Data Status,Data reporting,"FINANCE DATA: IMF, World Economic Outlook"
XGOVEXP.IMF,ISR,2011,Source,Data sources,Country's submission to UNESCO OECD Eurostat (UOE) joint data collection
XGOVEXP.IMF,ISR,2012,Data Status,Data reporting,"FINANCE DATA: IMF, World Economic Outlook"
XGOVEXP.IMF,ISR,2012,Source,Data sources,Country's submission to UNESCO OECD Eurostat (UOE) joint data collection
XGOVEXP.IMF,ISR,2013,Data Status,Data reporting,"FINANCE DATA: IMF, World Economic Outlook"
XGOVEXP.IMF,ISR,2013,Source,Data sources,Country's submission to UNESCO OECD Eurostat (UOE) joint data collection
XGOVEXP.IMF,ISR,2014,Data Status,Data reporting,"FINANCE DATA: IMF, World Economic Outlook"
XGOVEXP.IMF,ISR,2014,Source,Data sources,Country's submission to UNESCO OECD Eurostat (UOE) joint data collection
XGOVEXP.IMF,ISR,2015,Data Status,Data reporting,"FINANCE DATA: IMF, World Economic Outlook"
XGOVEXP.IMF,ISR,2015,Source,Data sources,Country's submission to UNESCO OECD Eurostat (UOE) joint data collection
XGOVEXP.IMF,ISR,2016,Data Status,Data reporting,"FINANCE DATA: IMF, World Economic Outlook"
XGOVEXP.IMF,ISR,2016,Source,Data sources,Country's submission to UNESCO OECD Eurostat (UOE) joint data collection
XGOVEXP.IMF,ISR,2017,Data Status,Data reporting,"FINANCE DATA: IMF, World Economic Outlook"
XGOVEXP.IMF,ISR,2017,Source,Data sources,Country's submission to UNESCO OECD Eurostat (UOE) joint data collection
XGOVEXP.IMF,ISR,2018,Data Status,Data reporting,"FINANCE DATA: IMF, World Economic Outlook"
XGOVEXP.IMF,ISR,2018,Source,Data sources,Country's submission to UNESCO OECD Eurostat (UOE) joint data collection
XGOVEXP.IMF,ISR,2019,Data Status,Data reporting,"FINANCE DATA: IMF, World Economic Outlook"
XGOVEXP.IMF,ISR,2019,Source,Data sources,Country's submission to UNESCO OECD Eurostat (UOE) joint data collection
XGOVEXP.IMF,ISR,2020,Data Status,Data reporting,"FINANCE DATA: IMF, World Economic Outlook"
XGOVEXP.IMF,ISR,2020,Source,Data sources,Country's submission to UNESCO OECD Eurostat (UOE) joint data collection
XGOVEXP.IMF,ISR,2021,Data Status,Data reporting,"FINANCE DATA: IMF, World Economic Outlook"
XGOVEXP.IMF,ISR,2021,Source,Data sources,Country's submission to UNESCO OECD Eurostat (UOE) joint data collection
XGOVEXP.IMF,ISR,2022,Data Status,Data reporting,"FINANCE DATA: IMF, World Economic Outlook"
XGOVEXP.IMF,ISR,2022,Source,Data sources,Country's submission to UNESCO OECD Eurostat (UOE) joint data collection
XGOVEXP.IMF,ITA,2000,Data Status,Data reporting,"FINANCE DATA: IMF, World Economic Outlook"
XGOVEXP.IMF,ITA,2000,Source,Data sources,Country's submission to UNESCO OECD Eurostat (UOE) joint data collection
XGOVEXP.IMF,ITA,2001,Data Status,Data reporting,"FINANCE DATA: IMF, World Economic Outlook"
XGOVEXP.IMF,ITA,2001,Source,Data sources,Country's submission to UNESCO OECD Eurostat (UOE) joint data collection
XGOVEXP.IMF,ITA,2002,Data Status,Data reporting,"FINANCE DATA: IMF, World Economic Outlook"
XGOVEXP.IMF,ITA,2002,Source,Data sources,Country's submission to UNESCO OECD Eurostat (UOE) joint data collection
XGOVEXP.IMF,ITA,2003,Data Status,Data reporting,"FINANCE DATA: IMF, World Economic Outlook"
XGOVEXP.IMF,ITA,2003,Source,Data sources,Country's submission to UNESCO OECD Eurostat (UOE) joint data collection
XGOVEXP.IMF,ITA,2004,Data Status,Data reporting,"FINANCE DATA: IMF, World Economic Outlook"
XGOVEXP.IMF,ITA,2004,Source,Data sources,Country's submission to UNESCO OECD Eurostat (UOE) joint data collection
XGOVEXP.IMF,ITA,2005,Data Status,Data reporting,"FINANCE DATA: IMF, World Economic Outlook"
XGOVEXP.IMF,ITA,2005,Source,Data sources,Country's submission to UNESCO OECD Eurostat (UOE) joint data collection
XGOVEXP.IMF,ITA,2006,Data Status,Data reporting,"FINANCE DATA: IMF, World Economic Outlook"
XGOVEXP.IMF,ITA,2006,Source,Data sources,Country's submission to UNESCO OECD Eurostat (UOE) joint data collection
XGOVEXP.IMF,ITA,2007,Data Status,Data reporting,"FINANCE DATA: IMF, World Economic Outlook"
XGOVEXP.IMF,ITA,2007,Source,Data sources,Country's submission to UNESCO OECD Eurostat (UOE) joint data collection
XGOVEXP.IMF,ITA,2008,Data Status,Data reporting,"FINANCE DATA: IMF, World Economic Outlook"
XGOVEXP.IMF,ITA,2008,Source,Data sources,Country's submission to UNESCO OECD Eurostat (UOE) joint data collection
XGOVEXP.IMF,ITA,2009,Data Status,Data reporting,"FINANCE DATA: IMF, World Economic Outlook"
XGOVEXP.IMF,ITA,2009,Source,Data sources,Country's submission to UNESCO OECD Eurostat (UOE) joint data collection
XGOVEXP.IMF,ITA,2010,Data Status,Data reporting,"FINANCE DATA: IMF, World Economic Outlook"
XGOVEXP.IMF,ITA,2010,Source,Data sources,Country's submission to UNESCO OECD Eurostat (UOE) joint data collection
XGOVEXP.IMF,ITA,2011,Data Status,Data reporting,"FINANCE DATA: IMF, World Economic Outlook"
XGOVEXP.IMF,ITA,2011,Source,Data sources,Country's submission to UNESCO OECD Eurostat (UOE) joint data collection
XGOVEXP.IMF,ITA,2012,Data Status,Data reporting,"FINANCE DATA: IMF, World Economic Outlook"
XGOVEXP.IMF,ITA,2012,Source,Data sources,Country's submission to UNESCO OECD Eurostat (UOE) joint data collection
XGOVEXP.IMF,ITA,2013,Data Status,Data reporting,"FINANCE DATA: IMF, World Economic Outlook"
XGOVEXP.IMF,ITA,2013,Source,Data sources,Country's submission to UNESCO OECD Eurostat (UOE) joint data collection
XGOVEXP.IMF,ITA,2014,Data Status,Data reporting,"FINANCE DATA: IMF, World Economic Outlook"
XGOVEXP.IMF,ITA,2014,Source,Data sources,Country's submission to UNESCO OECD Eurostat (UOE) joint data collection
XGOVEXP.IMF,ITA,2015,Data Status,Data reporting,"FINANCE DATA: IMF, World Economic Outlook"
XGOVEXP.IMF,ITA,2015,Source,Data sources,Country's submission to UNESCO OECD Eurostat (UOE) joint data collection
XGOVEXP.IMF,ITA,2016,Data Status,Data reporting,"FINANCE DATA: IMF, World Economic Outlook"
XGOVEXP.IMF,ITA,2016,Source,Data sources,Country's submission to UNESCO OECD Eurostat (UOE) joint data collection
XGOVEXP.IMF,ITA,2017,Data Status,Data reporting,"FINANCE DATA: IMF, World Economic Outlook"
XGOVEXP.IMF,ITA,2017,Source,Data sources,Country's submission to UNESCO OECD Eurostat (UOE) joint data collection
XGOVEXP.IMF,ITA,2018,Data Status,Data reporting,"FINANCE DATA: IMF, World Economic Outlook"
XGOVEXP.IMF,ITA,2018,Source,Data sources,Country's submission to UNESCO OECD Eurostat (UOE) joint data collection
XGOVEXP.IMF,ITA,2019,Data Status,Data reporting,"FINANCE DATA: IMF, World Economic Outlook"
XGOVEXP.IMF,ITA,2019,Source,Data sources,Country's submission to UNESCO OECD Eurostat (UOE) joint data collection
XGOVEXP.IMF,ITA,2020,Data Status,Data reporting,"FINANCE DATA: IMF, World Economic Outlook"
XGOVEXP.IMF,ITA,2020,Source,Data sources,Country's submission to UNESCO OECD Eurostat (UOE) joint data collection
XGOVEXP.IMF,ITA,2021,Data Status,Data reporting,"FINANCE DATA: IMF, World Economic Outlook"
XGOVEXP.IMF,ITA,2021,Source,Data sources,Country's submission to UNESCO OECD Eurostat (UOE) joint data collection
XGOVEXP.IMF,ITA,2022,Data Status,Data reporting,"FINANCE DATA: IMF, World Economic Outlook"
XGOVEXP.IMF,ITA,2022,Source,Data sources,Country's submission to UNESCO OECD Eurostat (UOE) joint data collection
XGOVEXP.IMF,JAM,2000,Data Status,Data reporting,"FINANCE DATA: IMF, World Economic Outlook"
XGOVEXP.IMF,JAM,2000,Source,Data sources,Country's submission to UIS SFE Questionnaire B
XGOVEXP.IMF,JAM,2001,Data Status,Data reporting,"FINANCE DATA: IMF, World Economic Outlook"
XGOVEXP.IMF,JAM,2001,Source,Data sources,Country's submission to UIS SFE Questionnaire B
XGOVEXP.IMF,JAM,2002,Data Status,Data reporting,"FINANCE DATA: IMF, World Economic Outlook"
XGOVEXP.IMF,JAM,2002,Source,Data sources,Country's submission to UIS SFE Questionnaire B
XGOVEXP.IMF,JAM,2003,Data Status,Data reporting,"FINANCE DATA: IMF, World Economic Outlook"
XGOVEXP.IMF,JAM,2003,Source,Data sources,Country's submission to UIS SFE Questionnaire B
XGOVEXP.IMF,JAM,2004,Data Status,Data reporting,"FINANCE DATA: IMF, World Economic Outlook"
XGOVEXP.IMF,JAM,2004,Source,Data sources,Country's submission to UIS SFE Questionnaire B
XGOVEXP.IMF,JAM,2005,Data Status,Data reporting,"FINANCE DATA: IMF, World Economic Outlook"
XGOVEXP.IMF,JAM,2005,Source,Data sources,Country's submission to UIS SFE Questionnaire B
XGOVEXP.IMF,JAM,2007,Data Status,Data reporting,"FINANCE DATA: IMF, World Economic Outlook"
XGOVEXP.IMF,JAM,2007,Source,Data sources,Country's submission to UIS SFE Questionnaire B
XGOVEXP.IMF,JAM,2008,Data Status,Data reporting,"FINANCE DATA: IMF, World Economic Outlook"
XGOVEXP.IMF,JAM,2008,Source,Data sources,Country's submission to UIS SFE Questionnaire B
XGOVEXP.IMF,JAM,2009,Data Status,Data reporting,"FINANCE DATA: IMF, World Economic Outlook"
XGOVEXP.IMF,JAM,2009,Source,Data sources,Country's submission to UIS SFE Questionnaire B
XGOVEXP.IMF,JAM,2010,Data Status,Data reporting,"FINANCE DATA: IMF, World Economic Outlook"
XGOVEXP.IMF,JAM,2010,Source,Data sources,Country's submission to UIS SFE Questionnaire B
XGOVEXP.IMF,JAM,2011,Data Status,Data reporting,"FINANCE DATA: IMF, World Economic Outlook"
XGOVEXP.IMF,JAM,2011,Source,Data sources,Country's submission to UIS SFE Questionnaire B
XGOVEXP.IMF,JAM,2012,Data Status,Data reporting,"FINANCE DATA: IMF, World Economic Outlook"
XGOVEXP.IMF,JAM,2012,Source,Data sources,Country's submission to UIS SFE Questionnaire B
XGOVEXP.IMF,JAM,2013,Data Status,Data reporting,"FINANCE DATA: IMF, World Economic Outlook"
XGOVEXP.IMF,JAM,2013,Source,Data sources,Country's submission to UIS SFE Questionnaire B
XGOVEXP.IMF,JAM,2014,Data Status,Data reporting,"FINANCE DATA: IMF, World Economic Outlook"
XGOVEXP.IMF,JAM,2014,Source,Data sources,Country's submission to UIS SFE Questionnaire B
XGOVEXP.IMF,JAM,2015,Data Status,Data reporting,"FINANCE DATA: IMF, World Economic Outlook"
XGOVEXP.IMF,JAM,2015,Source,Data sources,Country's submission to UIS SFE Questionnaire B
XGOVEXP.IMF,JAM,2016,Data Status,Data reporting,"FINANCE DATA: IMF, World Economic Outlook"
XGOVEXP.IMF,JAM,2016,Source,Data sources,Country's submission to UIS SFE Questionnaire B
XGOVEXP.IMF,JAM,2017,Data Status,Data reporting,"FINANCE DATA: IMF, World Economic Outlook"
XGOVEXP.IMF,JAM,2017,Source,Data sources,Country's submission to UIS SFE Questionnaire B
XGOVEXP.IMF,JAM,2018,Data Status,Data reporting,"FINANCE DATA: IMF, World Economic Outlook"
XGOVEXP.IMF,JAM,2018,Source,Data sources,Country's submission to UIS SFE Questionnaire B
XGOVEXP.IMF,JAM,2019,Data Status,Data reporting,"FINANCE DATA: IMF, World Economic Outlook"
XGOVEXP.IMF,JAM,2019,Source,Data sources,Country's submission to UIS SFE Questionnaire B
XGOVEXP.IMF,JAM,2021,Data Status,Data reporting,"FINANCE DATA: IMF, World Economic Outlook"
XGOVEXP.IMF,JAM,2021,Source,Data sources,Country's submission to UIS SFE Questionnaire B
XGOVEXP.IMF,JAM,2022,Data Status,Data reporting,"FINANCE DATA: IMF, World Economic Outlook"
XGOVEXP.IMF,JAM,2022,Source,Data sources,Country's submission to UIS SFE Questionnaire B
XGOVEXP.IMF,JAM,2024,Data Status,Data reporting,"FINANCE DATA: IMF, World Economic Outlook"
XGOVEXP.IMF,JAM,2024,Source,Data sources,Country's submission to UIS SFE Questionnaire B
XGOVEXP.IMF,JOR,2010,Source,Data sources,UIS Dynamic template based on UIS Education Survey
XGOVEXP.IMF,JOR,2011,Source,Data sources,UIS Dynamic template based on UIS Education Survey
XGOVEXP.IMF,JOR,2012,Source,Data sources,UIS Dynamic template based on UIS Education Survey
XGOVEXP.IMF,JOR,2013,Source,Data sources,UIS Dynamic template based on UIS Dynamic template
XGOVEXP.IMF,JOR,2014,Source,Data sources,UIS Dynamic template based on UIS Dynamic template
XGOVEXP.IMF,JOR,2015,Source,Data sources,UIS Dynamic template based on UIS Dynamic template
XGOVEXP.IMF,JOR,2016,Data Status,Data reporting,"FINANCE DATA: IMF, World Economic Outlook"
XGOVEXP.IMF,JOR,2016,Source,Data sources,Country's submission to UIS SFE Questionnaire B
XGOVEXP.IMF,JOR,2017,Data Status,Data reporting,"FINANCE DATA: IMF, World Economic Outlook"
XGOVEXP.IMF,JOR,2017,Source,Data sources,Country's submission to UIS SFE Questionnaire B
XGOVEXP.IMF,JOR,2018,Data Status,Data reporting,"FINANCE DATA: IMF, World Economic Outlook"
XGOVEXP.IMF,JOR,2018,Source,Data sources,Country's submission to UIS SFE Questionnaire B
XGOVEXP.IMF,JOR,2019,Data Status,Data reporting,"FINANCE DATA: IMF, World Economic Outlook"
XGOVEXP.IMF,JOR,2019,Source,Data sources,Country's submission to UIS SFE Questionnaire B
XGOVEXP.IMF,JOR,2020,Source,Data sources,UIS Dynamic template based on UIS Dynamic template
XGOVEXP.IMF,JOR,2021,Data Status,Data reporting,"FINANCE DATA: IMF, World Economic Outlook"
XGOVEXP.IMF,JOR,2021,Source,Data sources,Country's submission to UIS SFE Questionnaire B
XGOVEXP.IMF,JOR,2022,Data Status,Data reporting,"FINANCE DATA: IMF, World Economic Outlook"
XGOVEXP.IMF,JOR,2022,Source,Data sources,Country's submission to UIS SFE Questionnaire B
XGOVEXP.IMF,JOR,2023,Source,Data sources,UIS Dynamic template based on UIS Dynamic template
XGOVEXP.IMF,JOR,2024,Data Status,Data reporting,"FINANCE DATA: IMF, World Economic Outlook"
XGOVEXP.IMF,JOR,2024,Source,Data sources,Country's submission to UIS SFE Questionnaire B
XGOVEXP.IMF,KAZ,2000,Data Status,Data reporting,"FINANCE DATA: IMF, World Economic Outlook"
XGOVEXP.IMF,KAZ,2000,Source,Data sources,Country's submission to UIS SFE Questionnaire B
XGOVEXP.IMF,KAZ,2002,Data Status,Data reporting,"FINANCE DATA: IMF, World Economic Outlook"
XGOVEXP.IMF,KAZ,2002,Source,Data sources,Country's submission to UIS SFE Questionnaire B
XGOVEXP.IMF,KAZ,2004,Data Status,Data reporting,"FINANCE DATA: IMF, World Economic Outlook"
XGOVEXP.IMF,KAZ,2004,Source,Data sources,Country's submission to UIS SFE Questionnaire B
XGOVEXP.IMF,KAZ,2005,Data Status,Data reporting,"FINANCE DATA: IMF, World Economic Outlook"
XGOVEXP.IMF,KAZ,2005,Source,Data sources,Country's submission to UIS SFE Questionnaire B
XGOVEXP.IMF,KAZ,2006,Data Status,Data reporting,"FINANCE DATA: IMF, World Economic Outlook"
XGOVEXP.IMF,KAZ,2006,Source,Data sources,Country's submission to UIS SFE Questionnaire B
XGOVEXP.IMF,KAZ,2007,Data Status,Data reporting,"FINANCE DATA: IMF, World Economic Outlook"
XGOVEXP.IMF,KAZ,2007,Source,Data sources,Country's submission to UIS SFE Questionnaire B
XGOVEXP.IMF,KAZ,2008,Data Status,Data reporting,"FINANCE DATA: IMF, World Economic Outlook"
XGOVEXP.IMF,KAZ,2008,Source,Data sources,Country's submission to UIS SFE Questionnaire B
XGOVEXP.IMF,KAZ,2009,Data Status,Data reporting,"FINANCE DATA: IMF, World Economic Outlook"
XGOVEXP.IMF,KAZ,2009,Source,Data sources,Country's submission to UIS SFE Questionnaire B
XGOVEXP.IMF,KAZ,2010,Source,Data sources,UIS Dynamic template based on Country submission
XGOVEXP.IMF,KAZ,2011,Source,Data sources,UIS Dynamic template based on Country submission
XGOVEXP.IMF,KAZ,2012,Source,Data sources,UIS Dynamic template based on Socio-economic development of the Republic of Kazakhstan 2013 (https://stat.gov.kz/api/getFile/?docId=WC16200033925 )
XGOVEXP.IMF,KAZ,2013,Source,Data sources,UIS Dynamic template based on Socio-economic development of the Republic of Kazakhstan 2014 (https://stat.gov.kz/api/getFile/?docId=ESTAT075513)
XGOVEXP.IMF,KAZ,2014,Source,Data sources,UIS Dynamic template based on Socio-economic development of the Republic of Kazakhstan 2015 (https://stat.gov.kz/api/getFile/?docId=ESTAT095718)
XGOVEXP.IMF,KAZ,2015,Data Status,Data reporting,"FINANCE DATA: IMF, World Economic Outlook"
XGOVEXP.IMF,KAZ,2015,Source,Data sources,Country's submission to UIS SFE Questionnaire B
XGOVEXP.IMF,KAZ,2016,Data Status,Data reporting,"FINANCE DATA: IMF, World Economic Outlook"
XGOVEXP.IMF,KAZ,2016,Source,Data sources,Country's submission to UIS SFE Questionnaire B
XGOVEXP.IMF,KAZ,2017,Data Status,Data reporting,"FINANCE DATA: IMF, World Economic Outlook"
XGOVEXP.IMF,KAZ,2017,Source,Data sources,Country's submission to UIS SFE Questionnaire B
XGOVEXP.IMF,KAZ,2018,Data Status,Data reporting,"FINANCE DATA: IMF, World Economic Outlook"
XGOVEXP.IMF,KAZ,2018,Source,Data sources,Country's submission to UIS SFE Questionnaire B
XGOVEXP.IMF,KAZ,2019,Data Status,Data reporting,"FINANCE DATA: IMF, World Economic Outlook"
XGOVEXP.IMF,KAZ,2019,Source,Data sources,Country's submission to UIS SFE Questionnaire B
XGOVEXP.IMF,KAZ,2020,Source,Data sources,UIS Dynamic template based on Socio-economic development of the Republic of Kazakhstan 2021 (https://stat.gov.kz/api/getFile/?docId=ESTAT404919)
XGOVEXP.IMF,KAZ,2021,Source,Data sources,UIS Dynamic template based on Budget Execution 2021 (https://www.gov.kz/memleket/entities/minfin/documents/details/256114?lang=ru)
XGOVEXP.IMF,KAZ,2022,Source,Data sources,UIS Dynamic template based on Country submission
XGOVEXP.IMF,KAZ,2023,Data Status,Data reporting,"FINANCE DATA: IMF, World Economic Outlook"
XGOVEXP.IMF,KAZ,2023,Source,Data sources,Country's submission to UIS SFE Questionnaire B
XGOVEXP.IMF,KAZ,2024,Source,Data sources,UIS Dynamic template based on Country submission
XGOVEXP.IMF,KEN,2000,Data Status,Data reporting,"FINANCE DATA: IMF, World Economic Outlook"
XGOVEXP.IMF,KEN,2000,Source,Data sources,Country's submission to UIS SFE Questionnaire B
XGOVEXP.IMF,KEN,2001,Data Status,Data reporting,"FINANCE DATA: IMF, World Economic Outlook"
XGOVEXP.IMF,KEN,2001,Source,Data sources,Country's submission to UIS SFE Questionnaire B
XGOVEXP.IMF,KEN,2002,Data Status,Data reporting,"FINANCE DATA: IMF, World Economic Outlook"
XGOVEXP.IMF,KEN,2002,Source,Data sources,Country's submission to UIS SFE Questionnaire B
XGOVEXP.IMF,KEN,2003,Data Status,Data reporting,"FINANCE DATA: IMF, World Economic Outlook"
XGOVEXP.IMF,KEN,2003,Source,Data sources,Country's submission to UIS SFE Questionnaire B
XGOVEXP.IMF,KEN,2004,Data Status,Data reporting,"FINANCE DATA: IMF, World Economic Outlook"
XGOVEXP.IMF,KEN,2004,Source,Data sources,Country's submission to UIS SFE Questionnaire B
XGOVEXP.IMF,KEN,2005,Data Status,Data reporting,"FINANCE DATA: IMF, World Economic Outlook"
XGOVEXP.IMF,KEN,2005,Source,Data sources,Country's submission to UIS SFE Questionnaire B
XGOVEXP.IMF,KEN,2006,Data Status,Data reporting,"FINANCE DATA: IMF, World Economic Outlook"
XGOVEXP.IMF,KEN,2006,Source,Data sources,Country's submission to UIS SFE Questionnaire B
XGOVEXP.IMF,KEN,2010,Data Status,Data reporting,"FINANCE DATA: IMF, World Economic Outlook"
XGOVEXP.IMF,KEN,2010,Source,Data sources,Country's submission to UIS SFE Questionnaire B
XGOVEXP.IMF,KEN,2011,Data Status,Data reporting,"FINANCE DATA: IMF, World Economic Outlook"
XGOVEXP.IMF,KEN,2011,Source,Data sources,Country's submission to UIS SFE Questionnaire B
XGOVEXP.IMF,KEN,2012,Data Status,Data reporting,"FINANCE DATA: IMF, World Economic Outlook"
XGOVEXP.IMF,KEN,2012,Source,Data sources,Country's submission to UIS SFE Questionnaire B
XGOVEXP.IMF,KEN,2013,Data Status,Data reporting,"FINANCE DATA: IMF, World Economic Outlook"
XGOVEXP.IMF,KEN,2013,Source,Data sources,Country's submission to UIS SFE Questionnaire B
XGOVEXP.IMF,KEN,2014,Data Status,Data reporting,"FINANCE DATA: IMF, World Economic Outlook"
XGOVEXP.IMF,KEN,2014,Source,Data sources,Country's submission to UIS SFE Questionnaire B
XGOVEXP.IMF,KEN,2015,Data Status,Data reporting,"FINANCE DATA: IMF, World Economic Outlook"
XGOVEXP.IMF,KEN,2015,Source,Data sources,Country's submission to UIS SFE Questionnaire B
XGOVEXP.IMF,KEN,2016,Data Status,Data reporting,"FINANCE DATA: IMF, World Economic Outlook"
XGOVEXP.IMF,KEN,2016,Source,Data sources,Country's submission to UIS SFE Questionnaire B
XGOVEXP.IMF,KEN,2017,Data Status,Data reporting,"FINANCE DATA: IMF, World Economic Outlook"
XGOVEXP.IMF,KEN,2017,Source,Data sources,Country's submission to UIS SFE Questionnaire B
XGOVEXP.IMF,KEN,2018,Data Status,Data reporting,"FINANCE DATA: IMF, World Economic Outlook"
XGOVEXP.IMF,KEN,2018,Source,Data sources,Country's submission to UIS SFE Questionnaire B
XGOVEXP.IMF,KEN,2019,Source,Data sources,UIS Dynamic Template (mined data) based on 2018/2019 PROGRAMME BASED BUDGET OF THE NATIONAL GOVERNMENT OF KENYA (https://www.treasury.go.ke/wp-content/uploads/2021/05/FY2018-19-Programme-Based-Budget.pdf)
XGOVEXP.IMF,KEN,2020,Source,Data sources,UIS Dynamic Template (mined data) based on 2019/2020 PROGRAMME BASED BUDGET OF THE NATIONAL GOVERNMENT OF KENYA (https://www.treasury.go.ke/wp-content/uploads/2021/05/FY2019-20-Programme-Based-Budget.pdf)
XGOVEXP.IMF,KEN,2021,Source,Data sources,UIS Dynamic Template (mined data) based on 2020/2021 PROGRAMME BASED BUDGET OF THE NATIONAL GOVERNMENT OF KENYA (https://www.treasury.go.ke/wp-content/uploads/2021/05/FY2020-21-Programme-Based-Budget.pdf)
XGOVEXP.IMF,KEN,2022,Source,Data sources,UIS Dynamic Template (mined data) based on 2021/2022 PROGRAMME BASED BUDGET OF THE NATIONAL GOVERNMENT OF KENYA (https://www.treasury.go.ke/wp-content/uploads/2021/07/PBB_July2021_Approved.pdf)
XGOVEXP.IMF,KEN,2023,Source,Data sources,UIS Dynamic Template (mined data) based on 2022/2023 PROGRAMME BASED BUDGET OF THE NATIONAL GOVERNMENT OF KENYA (https://www.treasury.go.ke/wp-content/uploads/2022/06/FY-2022-23-Programme-Based-Budget-Book.pdf)
XGOVEXP.IMF,KEN,2024,Source,Data sources,UIS Dynamic Template (mined data) based on 2023/2024 PROGRAMME BASED BUDGET OF THE NATIONAL GOVERNMENT OF KENYA (https://www.treasury.go.ke/wp-content/uploads/2023/05/FY-2023-24-Program-Based-Budget-Book.pdf)
XGOVEXP.IMF,KEN,2025,Source,Data sources,UIS Dynamic Template (mined data) based on 2024/2025 PROGRAMME BASED BUDGET OF THE NATIONAL GOVERNMENT OF KENYA (http://www.parliament.go.ke/sites/default/files/2024-05/FY%202024-2025-Programme%20Based%20Budget-1011-2141.pdf)
XGOVEXP.IMF,KGZ,2000,Data Status,Data reporting,"FINANCE DATA: IMF, World Economic Outlook"
XGOVEXP.IMF,KGZ,2000,Source,Data sources,Country's submission to UIS SFE Questionnaire B
XGOVEXP.IMF,KGZ,2001,Data Status,Data reporting,"FINANCE DATA: IMF, World Economic Outlook"
XGOVEXP.IMF,KGZ,2001,Source,Data sources,Country's submission to UIS SFE Questionnaire B
XGOVEXP.IMF,KGZ,2002,Data Status,Data reporting,"FINANCE DATA: IMF, World Economic Outlook"
XGOVEXP.IMF,KGZ,2002,Source,Data sources,Country's submission to UIS SFE Questionnaire B
XGOVEXP.IMF,KGZ,2003,Data Status,Data reporting,"FINANCE DATA: IMF, World Economic Outlook"
XGOVEXP.IMF,KGZ,2003,Source,Data sources,Country's submission to UIS SFE Questionnaire B
XGOVEXP.IMF,KGZ,2004,Data Status,Data reporting,"FINANCE DATA: IMF, World Economic Outlook"
XGOVEXP.IMF,KGZ,2004,Source,Data sources,Country's submission to UIS SFE Questionnaire B
XGOVEXP.IMF,KGZ,2005,Data Status,Data reporting,"FINANCE DATA: IMF, World Economic Outlook"
XGOVEXP.IMF,KGZ,2005,Source,Data sources,Country's submission to UIS SFE Questionnaire B
XGOVEXP.IMF,KGZ,2006,Data Status,Data reporting,"FINANCE DATA: IMF, World Economic Outlook"
XGOVEXP.IMF,KGZ,2006,Source,Data sources,Country's submission to UIS SFE Questionnaire B
XGOVEXP.IMF,KGZ,2007,Data Status,Data reporting,"FINANCE DATA: IMF, World Economic Outlook"
XGOVEXP.IMF,KGZ,2007,Source,Data sources,Country's submission to UIS SFE Questionnaire B
XGOVEXP.IMF,KGZ,2008,Data Status,Data reporting,"FINANCE DATA: IMF, World Economic Outlook"
XGOVEXP.IMF,KGZ,2008,Source,Data sources,Country's submission to UIS SFE Questionnaire B
XGOVEXP.IMF,KGZ,2009,Data Status,Data reporting,"FINANCE DATA: IMF, World Economic Outlook"
XGOVEXP.IMF,KGZ,2009,Source,Data sources,Country's submission to UIS SFE Questionnaire B
XGOVEXP.IMF,KGZ,2010,Data Status,Data reporting,"FINANCE DATA: IMF, World Economic Outlook"
XGOVEXP.IMF,KGZ,2010,Source,Data sources,Country's submission to UIS SFE Questionnaire B
XGOVEXP.IMF,KGZ,2011,Data Status,Data reporting,"FINANCE DATA: IMF, World Economic Outlook"
XGOVEXP.IMF,KGZ,2011,Source,Data sources,Country's submission to UIS SFE Questionnaire B
XGOVEXP.IMF,KGZ,2012,Data Status,Data reporting,"FINANCE DATA: IMF, World Economic Outlook"
XGOVEXP.IMF,KGZ,2012,Source,Data sources,Country's submission to UIS SFE Questionnaire B
XGOVEXP.IMF,KGZ,2013,Data Status,Data reporting,"FINANCE DATA: IMF, World Economic Outlook"
XGOVEXP.IMF,KGZ,2013,Source,Data sources,Country's submission to UIS SFE Questionnaire B
XGOVEXP.IMF,KGZ,2014,Data Status,Data reporting,"FINANCE DATA: IMF, World Economic Outlook"
XGOVEXP.IMF,KGZ,2014,Source,Data sources,Country's submission to UIS SFE Questionnaire B
XGOVEXP.IMF,KGZ,2015,Data Status,Data reporting,"FINANCE DATA: IMF, World Economic Outlook"
XGOVEXP.IMF,KGZ,2015,Source,Data sources,Country's submission to UIS SFE Questionnaire B
XGOVEXP.IMF,KGZ,2016,Data Status,Data reporting,"FINANCE DATA: IMF, World Economic Outlook"
XGOVEXP.IMF,KGZ,2016,Source,Data sources,Country's submission to UIS SFE Questionnaire B
XGOVEXP.IMF,KGZ,2017,Data Status,Data reporting,"FINANCE DATA: IMF, World Economic Outlook"
XGOVEXP.IMF,KGZ,2017,Source,Data sources,Country's submission to UIS SFE Questionnaire B
XGOVEXP.IMF,KGZ,2018,Data Status,Data reporting,"FINANCE DATA: IMF, World Economic Outlook"
XGOVEXP.IMF,KGZ,2018,Source,Data sources,Country's submission to UIS SFE Questionnaire B
XGOVEXP.IMF,KGZ,2019,Data Status,Data reporting,"FINANCE DATA: IMF, World Economic Outlook"
XGOVEXP.IMF,KGZ,2019,Source,Data sources,Country's submission to UIS SFE Questionnaire B
XGOVEXP.IMF,KGZ,2020,Data Status,Data reporting,"FINANCE DATA: IMF, World Economic Outlook"
XGOVEXP.IMF,KGZ,2020,Source,Data sources,Country's submission to UIS SFE Questionnaire B
XGOVEXP.IMF,KGZ,2021,Data Status,Data reporting,"FINANCE DATA: IMF, World Economic Outlook"
XGOVEXP.IMF,KGZ,2021,Source,Data sources,Country's submission to UIS SFE Questionnaire B
XGOVEXP.IMF,KGZ,2022,Source,Data sources,UIS Dynamic template based on Direct representation of the country (Central Treasury Ministry of Finance of the Kyrgyz Republic)
XGOVEXP.IMF,KGZ,2023,Source,Data sources,UIS Dynamic template based on (Central Treasury of the Ministry of Finance of the Kyrgyz Republic)
XGOVEXP.IMF,KGZ,2024,Source,Data sources,UIS Dynamic template based on (Central Treasury of the Ministry of Finance of the Kyrgyz Republic)
XGOVEXP.IMF,KHM,2000,Data Status,Data reporting,"FINANCE DATA: IMF, World Economic Outlook"
XGOVEXP.IMF,KHM,2000,Source,Data sources,Country's submission to UIS SFE Questionnaire B
XGOVEXP.IMF,KHM,2001,Data Status,Data reporting,"FINANCE DATA: IMF, World Economic Outlook"
XGOVEXP.IMF,KHM,2001,Source,Data sources,Country's submission to UIS SFE Questionnaire B
XGOVEXP.IMF,KHM,2002,Data Status,Data reporting,"FINANCE DATA: IMF, World Economic Outlook"
XGOVEXP.IMF,KHM,2002,Source,Data sources,Country's submission to UIS SFE Questionnaire B
XGOVEXP.IMF,KHM,2004,Data Status,Data reporting,"FINANCE DATA: IMF, World Economic Outlook"
XGOVEXP.IMF,KHM,2004,Source,Data sources,Country's submission to UIS SFE Questionnaire B
XGOVEXP.IMF,KHM,2007,Data Status,Data reporting,"FINANCE DATA: IMF, World Economic Outlook"
XGOVEXP.IMF,KHM,2007,Source,Data sources,Country's submission to UIS SFE Questionnaire B
XGOVEXP.IMF,KHM,2009,Data Status,Data reporting,"FINANCE DATA: IMF, World Economic Outlook"
XGOVEXP.IMF,KHM,2009,Source,Data sources,Country's submission to UIS SFE Questionnaire B
XGOVEXP.IMF,KHM,2010,Data Status,Data reporting,"FINANCE DATA: IMF, World Economic Outlook"
XGOVEXP.IMF,KHM,2010,Source,Data sources,Country's submission to UIS SFE Questionnaire B
XGOVEXP.IMF,KHM,2011,Data Status,Data reporting,"FINANCE DATA: IMF, World Economic Outlook"
XGOVEXP.IMF,KHM,2011,Source,Data sources,Country's submission to UIS SFE Questionnaire B
XGOVEXP.IMF,KHM,2012,Data Status,Data reporting,"FINANCE DATA: IMF, World Economic Outlook"
XGOVEXP.IMF,KHM,2012,Source,Data sources,Country's submission to UIS SFE Questionnaire B
XGOVEXP.IMF,KHM,2013,Data Status,Data reporting,"FINANCE DATA: IMF, World Economic Outlook"
XGOVEXP.IMF,KHM,2013,Source,Data sources,Country's submission to UIS SFE Questionnaire B
XGOVEXP.IMF,KHM,2014,Data Status,Data reporting,"FINANCE DATA: IMF, World Economic Outlook"
XGOVEXP.IMF,KHM,2014,Source,Data sources,Country's submission to UIS SFE Questionnaire B
XGOVEXP.IMF,KHM,2018,Data Status,Data reporting,"FINANCE DATA: IMF, World Economic Outlook"
XGOVEXP.IMF,KHM,2018,Source,Data sources,Country's submission to UIS SFE Questionnaire B
XGOVEXP.IMF,KHM,2019,Source,Data sources,UIS Dynamic template based on DOF of MOEYs - Country submission
XGOVEXP.IMF,KHM,2020,Source,Data sources,UIS Dynamic template based on DOF of MOEYs - Country submission
XGOVEXP.IMF,KHM,2021,Source,Data sources,UIS Dynamic template based on DOF of MOEYs - Country submission
XGOVEXP.IMF,KHM,2022,Source,Data sources,UIS Dynamic template based on data provided by country
XGOVEXP.IMF,KHM,2023,Source,Data sources,UIS Dynamic template based on data provided by country
XGOVEXP.IMF,KHM,2024,Source,Data sources,UIS Dynamic template based on data provided by country
XGOVEXP.IMF,KHM,2025,Source,Data sources,UIS Dynamic template based on data provided by country
XGOVEXP.IMF,KIR,2000,Data Status,Data reporting,"FINANCE DATA: IMF, World Economic Outlook"
XGOVEXP.IMF,KIR,2000,Source,Data sources,Country's submission to UIS SFE Questionnaire B
XGOVEXP.IMF,KIR,2001,Data Status,Data reporting,"FINANCE DATA: IMF, World Economic Outlook"
XGOVEXP.IMF,KIR,2001,Source,Data sources,Country's submission to UIS SFE Questionnaire B
XGOVEXP.IMF,KIR,2012,Source,Data sources,UIS Dynamic template based on 2012 BUDGET ; 2013 BUDGET (http://www.mfed.gov.ki/sites/default/files/2012-Budget.pdf; http://www.mfed.gov.ki/sites/default/files/Budget-2013-Final.pdf)
XGOVEXP.IMF,KIR,2013,Source,Data sources,UIS Dynamic template based on 2012 BUDGET ; 2013 BUDGET (http://www.mfed.gov.ki/sites/default/files/2012-Budget.pdf; http://www.mfed.gov.ki/sites/default/files/Budget-2013-Final.pdf)
XGOVEXP.IMF,KIR,2014,Source,Data sources,UIS Dynamic template based on 2013 BUDGET; 2014 BUDGET (http://www.mfed.gov.ki/sites/default/files/Budget-2013-Final.pdf; http://www.mfed.gov.ki/sites/default/files/2014-Budget.pdf)
XGOVEXP.IMF,KIR,2015,Source,Data sources,UIS Dynamic template based on 2014 BUDGET; 2015 BUDGET (http://www.mfed.gov.ki/sites/default/files/2014-Budget.pdf; http://www.mfed.gov.ki/sites/default/files/2015-Budget-Final.pdf)
XGOVEXP.IMF,KIR,2016,Source,Data sources,UIS Dynamic template based on 2015 BUDGET; 2016 BUDGET (http://www.mfed.gov.ki/sites/default/files/2015-Budget-Final.pdf; http://www.mfed.gov.ki/sites/default/files/2016%20Kiribati%20National%20Budget_1.pdf)
XGOVEXP.IMF,KIR,2017,Source,Data sources,UIS Dynamic template based on 2016 BUDGET; 2017 Budget (http://www.mfed.gov.ki/sites/default/files/2016%20Kiribati%20National%20Budget_1.pdf; http://www.mfed.gov.ki/sites/default/files/Government%20of%20Kiribati%202017%20Budget.pdf)
XGOVEXP.IMF,KIR,2018,Source,Data sources,UIS Dynamic template based on 2017 Budget; 2018 Budget (http://www.mfed.gov.ki/sites/default/files/Government%20of%20Kiribati%202017%20Budget.pdf; http://www.mfed.gov.ki/sites/default/files/Government%20of%20Kiribati%202018%20Budget%20-%20as%20presented%205%20Dec.pdf)
XGOVEXP.IMF,KIR,2019,Source,Data sources,UIS Dynamic template based on 2018 Budget (http://www.mfed.gov.ki/sites/default/files/Government%20of%20Kiribati%202018%20Budget%20-%20as%20presented%205%20Dec.pdf)
XGOVEXP.IMF,KIR,2020,Source,Data sources,UIS Dynamic template based on 2020 Recurrent Budget (http://www.mfed.gov.ki/sites/default/files/FINAL%20BOOK%20AS%20APPROVED_V2.pdf)
XGOVEXP.IMF,KIR,2021,Source,Data sources,UIS Dynamic template based on 2020 Recurrent Budget (http://www.mfed.gov.ki/sites/default/files/FINAL%20BOOK%20AS%20APPROVED_V2.pdf)
XGOVEXP.IMF,KIR,2022,Source,Data sources,UIS Dynamic template based on 2021 Recurrent Budget (http://www.mfed.gov.ki/sites/default/files/FINAL%20RB2021_AS%20APPROVED%20BY%20THE%20MM_03.12.2020.pdf)
XGOVEXP.IMF,KIR,2023,Source,Data sources,UIS Dynamic template based on 2022 RECURRENT BUDGET (https://www.mfed.gov.ki/sites/default/files/2022%20RB%20FINAL%20AS%20APPROVED%2001.12.21.pdf)
XGOVEXP.IMF,KIR,2024,Source,Data sources,UIS Dynamic template based on 2023 Recurrent Budget (https://www.mfed.gov.ki/sites/default/files/2023%20RB%20AS%20APPROVED%2015.12.2022V2_0.pdf)
XGOVEXP.IMF,KNA,2000,Data Status,Data reporting,"FINANCE DATA: IMF, World Economic Outlook"
XGOVEXP.IMF,KNA,2000,Source,Data sources,Country's submission to UIS SFE Questionnaire B
XGOVEXP.IMF,KNA,2001,Data Status,Data reporting,"FINANCE DATA: IMF, World Economic Outlook"
XGOVEXP.IMF,KNA,2001,Source,Data sources,Country's submission to UIS SFE Questionnaire B
XGOVEXP.IMF,KNA,2002,Data Status,Data reporting,"FINANCE DATA: IMF, World Economic Outlook"
XGOVEXP.IMF,KNA,2002,Source,Data sources,Country's submission to UIS SFE Questionnaire B
XGOVEXP.IMF,KNA,2003,Data Status,Data reporting,"FINANCE DATA: IMF, World Economic Outlook"
XGOVEXP.IMF,KNA,2003,Source,Data sources,Country's submission to UIS SFE Questionnaire B
XGOVEXP.IMF,KNA,2004,Data Status,Data reporting,"FINANCE DATA: IMF, World Economic Outlook"
XGOVEXP.IMF,KNA,2004,Source,Data sources,Country's submission to UIS SFE Questionnaire B
XGOVEXP.IMF,KNA,2005,Data Status,Data reporting,"FINANCE DATA: IMF, World Economic Outlook"
XGOVEXP.IMF,KNA,2005,Source,Data sources,Country's submission to UIS SFE Questionnaire B
XGOVEXP.IMF,KNA,2006,Data Status,Data reporting,"FINANCE DATA: IMF, World Economic Outlook"
XGOVEXP.IMF,KNA,2006,Source,Data sources,Country's submission to UIS SFE Questionnaire B
XGOVEXP.IMF,KNA,2007,Data Status,Data reporting,"FINANCE DATA: IMF, World Economic Outlook"
XGOVEXP.IMF,KNA,2007,Source,Data sources,Country's submission to UIS SFE Questionnaire B
XGOVEXP.IMF,KNA,2010,Source,Data sources,UIS Dynamic template based on Goverment expenditures and revenue plans 2012 - Volume 1 & 2. (https://mof.gov.kn/wp-content/uploads/2016/02/VOLUME-1-2012-1.pdf ; https://mof.gov.kn/wp-content/uploads/2016/02/VOLUME-2-2012.pdf)
XGOVEXP.IMF,KNA,2011,Source,Data sources,UIS Dynamic template based on Goverment expenditures and revenue plans 2013 - Volume 1 & 2. (https://mof.gov.kn/wp-content/uploads/2016/02/2013-Volume-1.pdf ; https://mof.gov.kn/wp-content/uploads/2016/02/2013-Volume-2.pdf)
XGOVEXP.IMF,KNA,2012,Source,Data sources,UIS Dynamic template based on Goverment expenditures and revenue plans 2014 - Volume 1 & 2. (https://mof.gov.kn/wp-content/uploads/2016/02/2014-Budget_Estimates-Volume-1.pdf ; https://mof.gov.kn/wp-content/uploads/2016/02/2014-Budget_Estimates-Volume2.compressed.pdf)
XGOVEXP.IMF,KNA,2013,Source,Data sources,UIS Dynamic template based on Goverment expenditures and revenue plans 2015 - Volume 1 & 2. (https://mof.gov.kn/wp-content/uploads/2016/02/Estimates-2015-Volume-Ibk.pdf ; https://mof.gov.kn/wp-content/uploads/2016/02/ESTIMATES-2015-VOLUME-II-bk.pdf)
XGOVEXP.IMF,KNA,2014,Source,Data sources,UIS Dynamic template based on Goverment expenditures and revenue plans 2016 - Volume 1 & 2. (https://mof.gov.kn/wp-content/uploads/2016/02/2016-Budget_Estimates-Volume1.pdf ; https://mof.gov.kn/wp-content/uploads/2016/02/2016-Budget_Estimates-Volume2.pdf)
XGOVEXP.IMF,KNA,2015,Data Status,Data reporting,"FINANCE DATA: IMF, World Economic Outlook"
XGOVEXP.IMF,KNA,2015,Source,Data sources,Country's submission to UIS SFE Questionnaire B
XGOVEXP.IMF,KNA,2016,Source,Data sources,UIS Dynamic template based on Goverment expenditures and revenue plans 2018 - Volume 1 & 2. (https://mof.gov.kn/wp-content/uploads/2017/12/Estimtates-2018-Volume-I-Final-Website.pdf ; https://mof.gov.kn/wp-content/uploads/2017/12/Estimates-2018-Volume-II-Final-Website.pdf)
XGOVEXP.IMF,KNA,2017,Source,Data sources,UIS Dynamic template based on Goverment expenditures and revenue plans 2019 - Volume 1 & 2. (https://mof.gov.kn/wp-content/uploads/2019/01/ESTIMATES-2019-VOLUME-I-1.pdf ; https://mof.gov.kn/wp-content/uploads/2019/01/ESTIMATES-2019-VOLUME-II.pdf)
XGOVEXP.IMF,KNA,2018,Source,Data sources,UIS Dynamic template based on Goverment expenditures and revenue plans 2020 - Volume 1 & 2. (https://mof.gov.kn/wp-content/uploads/2020/11/VOLUME-second.pdf)
XGOVEXP.IMF,KNA,2019,Source,Data sources,UIS Dynamic template based on Goverment expenditures and revenue plans 2021 - Volume 1 & 2. (https://www.mof.gov.kn/wp-content/uploads/2022/12/2023-ESTIMATES-VOLUME-1-WEBSITE-1.pdf ; https://www.mof.gov.kn/wp-content/uploads/2023/01/2023-ESTIMATES-VOLUME-2-WEBSITE-2.pdf)
XGOVEXP.IMF,KNA,2020,Source,Data sources,UIS Dynamic template based on Goverment expenditures and revenue plans 2022 - Volume 1 & 2. (https://mof.gov.kn/wp-content/uploads/2022/01/Volume-I-FOR-WEBSITE-1.pdf ; https://mof.gov.kn/wp-content/uploads/2022/01/VOLUME-II-FOR-WEBSITE.pdf)
XGOVEXP.IMF,KNA,2021,Data Status,Data reporting,"FINANCE DATA: IMF, World Economic Outlook"
XGOVEXP.IMF,KNA,2021,Source,Data sources,Country's submission to UIS SFE Questionnaire B
XGOVEXP.IMF,KNA,2022,Source,Data sources,UIS Dynamic template based on Goverment expenditures and revenue plans 2024 - Volume 1 & 2. (https://www.mof.gov.kn/wp-content/uploads/2023/03/2024-ESTIMATES-VOLUME-1-final.pdf ; https://www.mof.gov.kn/wp-content/uploads/2023/03/2024-ESTIMATES-VOLUME-II-final.pdf)
XGOVEXP.IMF,KNA,2023,Source,Data sources,UIS Dynamic template based on Goverment expenditures and revenue plans 2025 - Volume 1 & 2. (https://www.mof.gov.kn/wp-content/uploads/2025/01/VOLUME-2-WEBSITE-2.pdf)
XGOVEXP.IMF,KNA,2024,Source,Data sources,UIS Dynamic template based on Goverment expenditures and revenue plans 2024 - Volume 1 & 2. (https://www.mof.gov.kn/wp-content/uploads/2023/03/2024-ESTIMATES-VOLUME-1-final.pdf ; https://www.mof.gov.kn/wp-content/uploads/2023/03/2024-ESTIMATES-VOLUME-II-final.pdf)
XGOVEXP.IMF,KNA,2025,Source,Data sources,UIS Dynamic template based on Goverment expenditures and revenue plans 2025 - Volume 1 & 2. (https://www.mof.gov.kn/wp-content/uploads/2025/01/VOLUME-2-WEBSITE-2.pdf)
XGOVEXP.IMF,KWT,2001,Data Status,Data reporting,"FINANCE DATA: IMF, World Economic Outlook"
XGOVEXP.IMF,KWT,2001,Source,Data sources,Country's submission to UIS SFE Questionnaire B
XGOVEXP.IMF,KWT,2002,Data Status,Data reporting,"FINANCE DATA: IMF, World Economic Outlook"
XGOVEXP.IMF,KWT,2002,Source,Data sources,Country's submission to UIS SFE Questionnaire B
XGOVEXP.IMF,KWT,2004,Data Status,Data reporting,"FINANCE DATA: IMF, World Economic Outlook"
XGOVEXP.IMF,KWT,2004,Source,Data sources,Country's submission to UIS SFE Questionnaire B
XGOVEXP.IMF,KWT,2005,Data Status,Data reporting,"FINANCE DATA: IMF, World Economic Outlook"
XGOVEXP.IMF,KWT,2005,Source,Data sources,Country's submission to UIS SFE Questionnaire B
XGOVEXP.IMF,KWT,2006,Data Status,Data reporting,"FINANCE DATA: IMF, World Economic Outlook"
XGOVEXP.IMF,KWT,2006,Source,Data sources,Country's submission to UIS SFE Questionnaire B
XGOVEXP.IMF,KWT,2016,Source,Data sources,UIS Dynamic Template (mined data) based on         2017/2018 - The final account of the states financial administration for the fiscal year 2017/2018 (https://www.mof.gov.kw/FinancialData/PeriodRvwReport/PDF/FinalAccountPDF/Total2017-2018.pdf#view=fit)
XGOVEXP.IMF,KWT,2017,Source,Data sources,UIS Dynamic Template (mined data) based on         2017/2018 - The final account of the states financial administration for the fiscal year 2017/2018 (https://www.mof.gov.kw/FinancialData/PeriodRvwReport/PDF/FinalAccountPDF/Total2017-2018.pdf#view=fit)
XGOVEXP.IMF,KWT,2018,Source,Data sources,UIS Dynamic Template (mined data) based on         2017/2018 - The final account of the states financial administration for the fiscal year 2017/2018 (https://www.mof.gov.kw/FinancialData/PeriodRvwReport/PDF/FinalAccountPDF/Total2017-2018.pdf#view=fit)
XGOVEXP.IMF,KWT,2019,Source,Data sources,UIS Dynamic Template (mined data) based on         2018/2019 - The final account of the states financial administration for the fiscal year 2018/2019 (https://www.mof.gov.kw/FinancialData/PeriodRvwReport/PDF/FinalAccountPDF/Total2018-2019.pdf#view=fit)
XGOVEXP.IMF,KWT,2020,Source,Data sources,UIS Dynamic Template (mined data) based on         2019/2020 - The final account of the states financial administration for the fiscal year 2019/2020 (https://www.mof.gov.kw/FinancialData/PeriodRvwReport/PDF/FinalAccountPDF/Total2019-2020.pdf#view=fit)
XGOVEXP.IMF,KWT,2021,Source,Data sources,UIS Dynamic Template (mined data) based on         2020/2021 - The final account of the states financial administration for the fiscal year 2020/2021 (https://www.mof.gov.kw/FinancialData/PeriodRvwReport/PDF/FinalAccountPDF/Total2021-2020.pdf#view=fit)
XGOVEXP.IMF,KWT,2022,Source,Data sources,UIS Dynamic Template (mined data) based on         2021/2022 - The final account of the states financial administration for the fiscal year 2021/2022 (https://www.mof.gov.kw/FinancialData/PeriodRvwReport/PDF/FinalAccountPDF/Total2022-2021_1.pdf#view=fit)
XGOVEXP.IMF,KWT,2023,Source,Data sources,UIS Dynamic Template (mined data) based on         2022/2023 - The final account of the states financial administration for the fiscal year 2022/2023 (https://www.mof.gov.kw/FinancialData/PeriodRvwReport/PDF/FinalAccountPDF/Total2023-2022.pdf#view=fit)
XGOVEXP.IMF,KWT,2024,Source,Data sources,UIS Dynamic Template (mined data) based on         2023/2024 - The final account of the states financial administration for the fiscal year 2023/2024 (https://www.mof.gov.kw/FinancialData/PeriodRvwReport/PDF/FinalAccountPDF/Total2024-2023.pdf#view=fit)
XGOVEXP.IMF,KWT,2025,Source,Data sources,UIS Dynamic Template (mined data) based on State budget for the fiscal year 2024/2025 (https://www.mof.gov.kw/MofBudget/PDF/Budget25-24Eng.pdf)
XGOVEXP.IMF,LAO,2000,Data Status,Data reporting,"FINANCE DATA: IMF, World Economic Outlook"
XGOVEXP.IMF,LAO,2000,Source,Data sources,Country's submission to UIS SFE Questionnaire B
XGOVEXP.IMF,LAO,2001,Data Status,Data reporting,"FINANCE DATA: IMF, World Economic Outlook"
XGOVEXP.IMF,LAO,2001,Source,Data sources,Country's submission to UIS SFE Questionnaire B
XGOVEXP.IMF,LAO,2002,Data Status,Data reporting,"FINANCE DATA: IMF, World Economic Outlook"
XGOVEXP.IMF,LAO,2002,Source,Data sources,Country's submission to UIS SFE Questionnaire B
XGOVEXP.IMF,LAO,2004,Data Status,Data reporting,"FINANCE DATA: IMF, World Economic Outlook"
XGOVEXP.IMF,LAO,2004,Source,Data sources,Country's submission to UIS SFE Questionnaire B
XGOVEXP.IMF,LAO,2005,Data Status,Data reporting,"FINANCE DATA: IMF, World Economic Outlook"
XGOVEXP.IMF,LAO,2005,Source,Data sources,Country's submission to UIS SFE Questionnaire B
XGOVEXP.IMF,LAO,2006,Data Status,Data reporting,"FINANCE DATA: IMF, World Economic Outlook"
XGOVEXP.IMF,LAO,2006,Source,Data sources,Country's submission to UIS SFE Questionnaire B
XGOVEXP.IMF,LAO,2007,Data Status,Data reporting,"FINANCE DATA: IMF, World Economic Outlook"
XGOVEXP.IMF,LAO,2007,Source,Data sources,Country's submission to UIS SFE Questionnaire B
XGOVEXP.IMF,LAO,2008,Data Status,Data reporting,"FINANCE DATA: IMF, World Economic Outlook"
XGOVEXP.IMF,LAO,2008,Source,Data sources,Country's submission to UIS SFE Questionnaire B
XGOVEXP.IMF,LAO,2009,Data Status,Data reporting,"FINANCE DATA: IMF, World Economic Outlook"
XGOVEXP.IMF,LAO,2009,Source,Data sources,Country's submission to UIS SFE Questionnaire B
XGOVEXP.IMF,LAO,2010,Data Status,Data reporting,"FINANCE DATA: IMF, World Economic Outlook"
XGOVEXP.IMF,LAO,2010,Source,Data sources,Country's submission to UIS SFE Questionnaire B
XGOVEXP.IMF,LAO,2011,Data Status,Data reporting,"FINANCE DATA: IMF, World Economic Outlook"
XGOVEXP.IMF,LAO,2011,Source,Data sources,Country's submission to UIS SFE Questionnaire B
XGOVEXP.IMF,LAO,2012,Data Status,Data reporting,"FINANCE DATA: IMF, World Economic Outlook"
XGOVEXP.IMF,LAO,2012,Source,Data sources,Country's submission to UIS SFE Questionnaire B
XGOVEXP.IMF,LAO,2013,Data Status,Data reporting,"FINANCE DATA: IMF, World Economic Outlook"
XGOVEXP.IMF,LAO,2013,Source,Data sources,Country's submission to UIS SFE Questionnaire B
XGOVEXP.IMF,LAO,2014,Data Status,Data reporting,"FINANCE DATA: IMF, World Economic Outlook"
XGOVEXP.IMF,LAO,2014,Source,Data sources,Country's submission to UIS SFE Questionnaire B
XGOVEXP.IMF,LAO,2015,Source,Data sources,UIS Dynamic template based on Central Government Operations (https://www.mof.gov.la/wp-content/uploads/2019/10/CGO_Lao-PDR-updated-OCT-2019.xlsx)
XGOVEXP.IMF,LAO,2016,Source,Data sources,UIS Dynamic template based on Central Government Operations (https://www.mof.gov.la/wp-content/uploads/2019/10/CGO_Lao-PDR-updated-OCT-2019.xlsx)
XGOVEXP.IMF,LAO,2017,Source,Data sources,UIS Dynamic template based on Central Government Operations (https://www.mof.gov.la/wp-content/uploads/2019/10/CGO_Lao-PDR-updated-OCT-2019.xlsx)
XGOVEXP.IMF,LAO,2018,Source,Data sources,UIS Dynamic template based on Central Government Operations (https://www.mof.gov.la/wp-content/uploads/2019/10/CGO_Lao-PDR-updated-OCT-2019.xlsx)
XGOVEXP.IMF,LAO,2019,Source,Data sources,UIS Dynamic template based on Budget Plan 2017  2020 (https://www.mof.gov.la/index.php/en/budget-plan-2017-2020/)
XGOVEXP.IMF,LAO,2020,Source,Data sources,UIS Dynamic template based on Country submission (https://www.mof.gov.la/wp-content/uploads/2023/10/Government-Annual-Report-2022-English.pdf)
XGOVEXP.IMF,LAO,2021,Source,Data sources,UIS Dynamic template based on Government Finance Statistics Annual Report 2022 (https://www.mof.gov.la/wp-content/uploads/2023/10/Government-Annual-Report-2022-English.pdf)
XGOVEXP.IMF,LAO,2022,Source,Data sources,UIS Dynamic template based on Ministry of Education and Sports and Government Finance Statistics Annual Report 2022 (https://www.mof.gov.la/wp-content/uploads/2023/10/Government-Annual-Report-2022-English.pdf)
XGOVEXP.IMF,LAO,2023,Source,Data sources,UIS Dynamic template based on data provided by country
XGOVEXP.IMF,LAO,2024,Source,Data sources,UIS Dynamic template based on UIS Dynamic template
XGOVEXP.IMF,LBN,2001,Data Status,Data reporting,"FINANCE DATA: IMF, World Economic Outlook"
XGOVEXP.IMF,LBN,2001,Source,Data sources,Country's submission to UIS SFE Questionnaire B
XGOVEXP.IMF,LBN,2002,Data Status,Data reporting,"FINANCE DATA: IMF, World Economic Outlook"
XGOVEXP.IMF,LBN,2002,Source,Data sources,Country's submission to UIS SFE Questionnaire B
XGOVEXP.IMF,LBN,2004,Data Status,Data reporting,"FINANCE DATA: IMF, World Economic Outlook"
XGOVEXP.IMF,LBN,2004,Source,Data sources,Country's submission to UIS SFE Questionnaire B
XGOVEXP.IMF,LBN,2005,Data Status,Data reporting,"FINANCE DATA: IMF, World Economic Outlook"
XGOVEXP.IMF,LBN,2005,Source,Data sources,Country's submission to UIS SFE Questionnaire B
XGOVEXP.IMF,LBN,2006,Data Status,Data reporting,"FINANCE DATA: IMF, World Economic Outlook"
XGOVEXP.IMF,LBN,2006,Source,Data sources,Country's submission to UIS SFE Questionnaire B
XGOVEXP.IMF,LBN,2007,Data Status,Data reporting,"FINANCE DATA: IMF, World Economic Outlook"
XGOVEXP.IMF,LBN,2007,Source,Data sources,Country's submission to UIS SFE Questionnaire B
XGOVEXP.IMF,LBN,2008,Data Status,Data reporting,"FINANCE DATA: IMF, World Economic Outlook"
XGOVEXP.IMF,LBN,2008,Source,Data sources,Country's submission to UIS SFE Questionnaire B
XGOVEXP.IMF,LBN,2009,Data Status,Data reporting,"FINANCE DATA: IMF, World Economic Outlook"
XGOVEXP.IMF,LBN,2009,Source,Data sources,Country's submission to UIS SFE Questionnaire B
XGOVEXP.IMF,LBN,2010,Data Status,Data reporting,"FINANCE DATA: IMF, World Economic Outlook"
XGOVEXP.IMF,LBN,2010,Source,Data sources,Country's submission to UIS SFE Questionnaire B
XGOVEXP.IMF,LBN,2011,Data Status,Data reporting,"FINANCE DATA: IMF, World Economic Outlook"
XGOVEXP.IMF,LBN,2011,Source,Data sources,Country's submission to UIS SFE Questionnaire B
XGOVEXP.IMF,LBN,2012,Data Status,Data reporting,"FINANCE DATA: IMF, World Economic Outlook"
XGOVEXP.IMF,LBN,2012,Source,Data sources,Country's submission to UIS SFE Questionnaire B
XGOVEXP.IMF,LBN,2013,Data Status,Data reporting,"FINANCE DATA: IMF, World Economic Outlook"
XGOVEXP.IMF,LBN,2013,Source,Data sources,Country's submission to UIS SFE Questionnaire B
XGOVEXP.IMF,LBN,2016,Source,Data sources,UIS Dynamic Template (mined data) based on Citizen Budget 2019 (http://www.finance.gov.lb/en-us/Finance/BI/ABDP/)
XGOVEXP.IMF,LBN,2017,Source,Data sources,UIS Dynamic Template (mined data) based on Citizen Budget 2019 (http://www.finance.gov.lb/en-us/Finance/BI/ABDP/)
XGOVEXP.IMF,LBN,2018,Source,Data sources,UIS Dynamic Template (mined data) based on Citizen Budget 2020 (http://www.finance.gov.lb/en-us/Finance/BI/ABDP/)
XGOVEXP.IMF,LBN,2019,Source,Data sources,UIS Dynamic Template (mined data) based on Citizen Budget 2020 (http://www.finance.gov.lb/en-us/Finance/BI/ABDP/)
XGOVEXP.IMF,LBN,2020,Source,Data sources,UIS Dynamic Template (mined data) based on Citizen Budget 2020 (http://www.finance.gov.lb/en-us/Finance/BI/ABDP/)
XGOVEXP.IMF,LBN,2022,Source,Data sources,UIS Dynamic Template (mined data) based on Citizen budget - Budget law 2024 (https://www.finance.gov.lb/en-us/Finance/BI/ABDP/Annual%20Budget%20Documents%20and%20Process/Citizen%20Budget%202024-ENG.pdf)
XGOVEXP.IMF,LBN,2024,Source,Data sources,UIS Dynamic Template (mined data) based on Citizen budget - Budget law 2024 (https://www.finance.gov.lb/en-us/Finance/BI/ABDP/Annual%20Budget%20Documents%20and%20Process/Citizen%20Budget%202024-ENG.pdf)
XGOVEXP.IMF,LBN,2025,Source,Data sources,UIS Dynamic Template (mined data) based on Journal officiel (13 Mars 2025) - Budget 2025 (https://www.finance.gov.lb/en-us/Finance/BI/ABDP/Annual%20Budget%20Documents%20and%20Process/Budget%202025.pdf)
XGOVEXP.IMF,LBR,2008,Data Status,Data reporting,"FINANCE DATA: IMF, World Economic Outlook"
XGOVEXP.IMF,LBR,2008,Source,Data sources,Country's submission to UIS SFE Questionnaire B
XGOVEXP.IMF,LBR,2012,Data Status,Data reporting,"FINANCE DATA: IMF, World Economic Outlook"
XGOVEXP.IMF,LBR,2012,Source,Data sources,Country's submission to UIS SFE Questionnaire B
XGOVEXP.IMF,LBR,2013,Data Status,Data reporting,"FINANCE DATA: IMF, World Economic Outlook"
XGOVEXP.IMF,LBR,2013,Source,Data sources,Country's submission to UIS SFE Questionnaire B
XGOVEXP.IMF,LBR,2014,Data Status,Data reporting,"FINANCE DATA: IMF, World Economic Outlook"
XGOVEXP.IMF,LBR,2014,Source,Data sources,Country's submission to UIS SFE Questionnaire B
XGOVEXP.IMF,LBR,2017,Data Status,Data reporting,"FINANCE DATA: IMF, World Economic Outlook"
XGOVEXP.IMF,LBR,2017,Source,Data sources,Country's submission to UIS SFE Questionnaire B
XGOVEXP.IMF,LBR,2018,Data Status,Data reporting,"FINANCE DATA: IMF, World Economic Outlook"
XGOVEXP.IMF,LBR,2018,Source,Data sources,Country's submission to UIS SFE Questionnaire B
XGOVEXP.IMF,LBR,2021,Data Status,Data reporting,"FINANCE DATA: IMF, World Economic Outlook"
XGOVEXP.IMF,LBR,2021,Source,Data sources,Country's submission to UIS SFE Questionnaire B
XGOVEXP.IMF,LCA,2001,Data Status,Data reporting,"FINANCE DATA: IMF, World Economic Outlook"
XGOVEXP.IMF,LCA,2001,Source,Data sources,Country's submission to UIS SFE Questionnaire B
XGOVEXP.IMF,LCA,2003,Data Status,Data reporting,"FINANCE DATA: IMF, World Economic Outlook"
XGOVEXP.IMF,LCA,2003,Source,Data sources,Country's submission to UIS SFE Questionnaire B
XGOVEXP.IMF,LCA,2004,Data Status,Data reporting,"FINANCE DATA: IMF, World Economic Outlook"
XGOVEXP.IMF,LCA,2004,Source,Data sources,Country's submission to UIS SFE Questionnaire B
XGOVEXP.IMF,LCA,2005,Data Status,Data reporting,"FINANCE DATA: IMF, World Economic Outlook"
XGOVEXP.IMF,LCA,2005,Source,Data sources,Country's submission to UIS SFE Questionnaire B
XGOVEXP.IMF,LCA,2006,Data Status,Data reporting,"FINANCE DATA: IMF, World Economic Outlook"
XGOVEXP.IMF,LCA,2006,Source,Data sources,Country's submission to UIS SFE Questionnaire B
XGOVEXP.IMF,LCA,2008,Data Status,Data reporting,"FINANCE DATA: IMF, World Economic Outlook"
XGOVEXP.IMF,LCA,2008,Source,Data sources,Country's submission to UIS SFE Questionnaire B
XGOVEXP.IMF,LCA,2009,Data Status,Data reporting,"FINANCE DATA: IMF, World Economic Outlook"
XGOVEXP.IMF,LCA,2009,Source,Data sources,Country's submission to UIS SFE Questionnaire B
XGOVEXP.IMF,LCA,2010,Data Status,Data reporting,"FINANCE DATA: IMF, World Economic Outlook"
XGOVEXP.IMF,LCA,2010,Source,Data sources,Country's submission to UIS SFE Questionnaire B
XGOVEXP.IMF,LCA,2011,Data Status,Data reporting,"FINANCE DATA: IMF, World Economic Outlook"
XGOVEXP.IMF,LCA,2011,Source,Data sources,Country's submission to UIS SFE Questionnaire B
XGOVEXP.IMF,LCA,2012,Data Status,Data reporting,"FINANCE DATA: IMF, World Economic Outlook"
XGOVEXP.IMF,LCA,2012,Source,Data sources,Country's submission to UIS SFE Questionnaire B
XGOVEXP.IMF,LCA,2013,Data Status,Data reporting,"FINANCE DATA: IMF, World Economic Outlook"
XGOVEXP.IMF,LCA,2013,Source,Data sources,Country's submission to UIS SFE Questionnaire B
XGOVEXP.IMF,LCA,2014,Data Status,Data reporting,"FINANCE DATA: IMF, World Economic Outlook"
XGOVEXP.IMF,LCA,2014,Source,Data sources,Country's submission to UIS SFE Questionnaire B
XGOVEXP.IMF,LCA,2015,Data Status,Data reporting,"FINANCE DATA: IMF, World Economic Outlook"
XGOVEXP.IMF,LCA,2015,Source,Data sources,Country's submission to UIS SFE Questionnaire B
XGOVEXP.IMF,LCA,2016,Data Status,Data reporting,"FINANCE DATA: IMF, World Economic Outlook"
XGOVEXP.IMF,LCA,2016,Source,Data sources,Country's submission to UIS SFE Questionnaire B
XGOVEXP.IMF,LCA,2017,Source,Data sources,UIS Dynamic template based on Estimates of Revenue and Expenditure (https://www.stats.gov.lc/wp-content/uploads/2018/06/Estimates_rev_exp_2016_2017.pdf)
XGOVEXP.IMF,LCA,2018,Data Status,Data reporting,"FINANCE DATA: IMF, World Economic Outlook"
XGOVEXP.IMF,LCA,2018,Source,Data sources,Country's submission to UIS SFE Questionnaire B
XGOVEXP.IMF,LCA,2019,Data Status,Data reporting,"FINANCE DATA: IMF, World Economic Outlook"
XGOVEXP.IMF,LCA,2019,Source,Data sources,Country's submission to UIS SFE Questionnaire B
XGOVEXP.IMF,LCA,2020,Data Status,Data reporting,"FINANCE DATA: IMF, World Economic Outlook"
XGOVEXP.IMF,LCA,2020,Source,Data sources,Country's submission to UIS SFE Questionnaire B
XGOVEXP.IMF,LCA,2021,Source,Data sources,UIS Dynamic template based on Estimates of Revenue and Expenditure (https://www.finance.gov.lc/resources/download/2140)
XGOVEXP.IMF,LCA,2022,Data Status,Data reporting,"FINANCE DATA: IMF, World Economic Outlook"
XGOVEXP.IMF,LCA,2022,Source,Data sources,Country's submission to UIS SFE Questionnaire B
XGOVEXP.IMF,LCA,2023,Data Status,Data reporting,"FINANCE DATA: IMF, World Economic Outlook"
XGOVEXP.IMF,LCA,2023,Source,Data sources,Country's submission to UIS SFE Questionnaire B
XGOVEXP.IMF,LCA,2024,Source,Data sources,UIS Dynamic template based on Estimates of Revenue and Expenditure for FY 2022-2023 - Draft Copy (https://www.finance.gov.lc/resources/download/2246)
XGOVEXP.IMF,LCA,2025,Source,Data sources,UIS Dynamic template based on UIS Dynamic template
XGOVEXP.IMF,LKA,2009,Data Status,Data reporting,"FINANCE DATA: IMF, World Economic Outlook"
XGOVEXP.IMF,LKA,2009,Source,Data sources,Country's submission to UIS SFE Questionnaire B
XGOVEXP.IMF,LKA,2010,Data Status,Data reporting,"FINANCE DATA: IMF, World Economic Outlook"
XGOVEXP.IMF,LKA,2010,Source,Data sources,Country's submission to UIS SFE Questionnaire B
XGOVEXP.IMF,LKA,2011,Data Status,Data reporting,"FINANCE DATA: IMF, World Economic Outlook"
XGOVEXP.IMF,LKA,2011,Source,Data sources,Country's submission to UIS SFE Questionnaire B
XGOVEXP.IMF,LKA,2012,Data Status,Data reporting,"FINANCE DATA: IMF, World Economic Outlook"
XGOVEXP.IMF,LKA,2012,Source,Data sources,Country's submission to UIS SFE Questionnaire B
XGOVEXP.IMF,LKA,2013,Data Status,Data reporting,"FINANCE DATA: IMF, World Economic Outlook"
XGOVEXP.IMF,LKA,2013,Source,Data sources,Country's submission to UIS SFE Questionnaire B
XGOVEXP.IMF,LKA,2014,Data Status,Data reporting,"FINANCE DATA: IMF, World Economic Outlook"
XGOVEXP.IMF,LKA,2014,Source,Data sources,Country's submission to UIS SFE Questionnaire B
XGOVEXP.IMF,LKA,2015,Data Status,Data reporting,"FINANCE DATA: IMF, World Economic Outlook"
XGOVEXP.IMF,LKA,2015,Source,Data sources,Country's submission to UIS SFE Questionnaire B
XGOVEXP.IMF,LKA,2016,Data Status,Data reporting,"FINANCE DATA: IMF, World Economic Outlook"
XGOVEXP.IMF,LKA,2016,Source,Data sources,Country's submission to UIS SFE Questionnaire B
XGOVEXP.IMF,LKA,2017,Data Status,Data reporting,"FINANCE DATA: IMF, World Economic Outlook"
XGOVEXP.IMF,LKA,2017,Source,Data sources,Country's submission to UIS SFE Questionnaire B
XGOVEXP.IMF,LKA,2018,Data Status,Data reporting,"FINANCE DATA: IMF, World Economic Outlook"
XGOVEXP.IMF,LKA,2018,Source,Data sources,Country's submission to UIS SFE Questionnaire B
XGOVEXP.IMF,LKA,2020,Source,Data sources,UIS Dynamic template based on Budget Estimates 2023 Volume 2 (https://www.treasury.gov.lk/api/file/c2669230-60ee-480f-9943-7266658a3e55)
XGOVEXP.IMF,LKA,2021,Source,Data sources,UIS Dynamic template based on FISCAL MANAGEMENT REPORT 202021 (https://www.treasury.gov.lk/documents/budget/2021/FMRP-Report-2020-21-(English).pdf)
XGOVEXP.IMF,LKA,2022,Source,Data sources,UIS Dynamic template based on Budget Estimates 2023 Volume 2 (https://www.treasury.gov.lk/api/file/c2669230-60ee-480f-9943-7266658a3e55)
XGOVEXP.IMF,LKA,2023,Source,Data sources,UIS Dynamic template based on Budget speech 2023 (https://www.treasury.gov.lk/api/file/ed037ac8-9727-4292-ae9b-edac08c7a314)
XGOVEXP.IMF,LKA,2024,Source,Data sources,UIS Dynamic template based on Budget speech 2024 and Budget highlight (https://www.treasury.gov.lk/web/budget-highlights-2023/section/budget%20proposal%20-%202023)
XGOVEXP.IMF,LSO,2000,Data Status,Data reporting,"FINANCE DATA: IMF, World Economic Outlook"
XGOVEXP.IMF,LSO,2000,Source,Data sources,Country's submission to UIS SFE Questionnaire B
XGOVEXP.IMF,LSO,2001,Data Status,Data reporting,"FINANCE DATA: IMF, World Economic Outlook"
XGOVEXP.IMF,LSO,2001,Source,Data sources,Country's submission to UIS SFE Questionnaire B
XGOVEXP.IMF,LSO,2002,Data Status,Data reporting,"FINANCE DATA: IMF, World Economic Outlook"
XGOVEXP.IMF,LSO,2002,Source,Data sources,Country's submission to UIS SFE Questionnaire B
XGOVEXP.IMF,LSO,2003,Data Status,Data reporting,"FINANCE DATA: IMF, World Economic Outlook"
XGOVEXP.IMF,LSO,2003,Source,Data sources,Country's submission to UIS SFE Questionnaire B
XGOVEXP.IMF,LSO,2004,Data Status,Data reporting,"FINANCE DATA: IMF, World Economic Outlook"
XGOVEXP.IMF,LSO,2004,Source,Data sources,Country's submission to UIS SFE Questionnaire B
XGOVEXP.IMF,LSO,2005,Data Status,Data reporting,"FINANCE DATA: IMF, World Economic Outlook"
XGOVEXP.IMF,LSO,2005,Source,Data sources,Country's submission to UIS SFE Questionnaire B
XGOVEXP.IMF,LSO,2006,Data Status,Data reporting,"FINANCE DATA: IMF, World Economic Outlook"
XGOVEXP.IMF,LSO,2006,Source,Data sources,Country's submission to UIS SFE Questionnaire B
XGOVEXP.IMF,LSO,2008,Data Status,Data reporting,"FINANCE DATA: IMF, World Economic Outlook"
XGOVEXP.IMF,LSO,2008,Source,Data sources,Country's submission to UIS SFE Questionnaire B
XGOVEXP.IMF,LSO,2015,Source,Data sources,"UIS Dynamic Template (mined data) based on Education Budget Brief 2019/20, National Budget Brief 2019/20 (http://www.finance.gov.ls/documents/Budget%20Evaluation/19-20%20Lesotho%20Education%20Budget%20Brief.pdf, http://www.finance.gov.ls/documents/Budget%20Evaluation/19-20%20Lesotho%20National%20Budget%20Brief.pdf)"
XGOVEXP.IMF,LSO,2016,Source,Data sources,"UIS Dynamic Template (mined data) based on Education Budget Brief 2019/20, National Budget Brief 2019/20 (http://www.finance.gov.ls/documents/Budget%20Evaluation/19-20%20Lesotho%20Education%20Budget%20Brief.pdf, http://www.finance.gov.ls/documents/Budget%20Evaluation/19-20%20Lesotho%20National%20Budget%20Brief.pdf)"
XGOVEXP.IMF,LSO,2017,Data Status,Data reporting,"FINANCE DATA: IMF, World Economic Outlook"
XGOVEXP.IMF,LSO,2017,Source,Data sources,Country's submission to UIS SFE Questionnaire B
XGOVEXP.IMF,LSO,2018,Data Status,Data reporting,"FINANCE DATA: IMF, World Economic Outlook"
XGOVEXP.IMF,LSO,2018,Source,Data sources,Country's submission to UIS SFE Questionnaire B
XGOVEXP.IMF,LSO,2023,Source,Data sources,UIS Dynamic Template (mined data) based on DRAFT BUDGET ESTIMATES FOR THE FINANCIAL YEAR 2022/2023 (http://www.finance.gov.ls/documents/Budget%20Formulation/budget%20book/Draft%20Budget%20Estimates%20Book%202022-23.pdf ; https://www.gov.ls/download/budget-book-2023-2024/)
XGOVEXP.IMF,LSO,2024,Source,Data sources,UIS Dynamic Template (mined data) based on BUDGET PREPARATION FOR 2024/2025 FISCAL YEAR (http://www.finance.gov.ls/documents/Budget%20Formulation/Budget%20Strategy%20Paper/Post%202023-24%20Budget%20and%20Pre-2024_25%20Budget%20Consultations%20Presentation%20English%20version%20.pdf)
XGOVEXP.IMF,LTU,2001,Data Status,Data reporting,"FINANCE DATA: IMF, World Economic Outlook"
XGOVEXP.IMF,LTU,2001,Source,Data sources,Country's submission to UNESCO OECD Eurostat (UOE) joint data collection
XGOVEXP.IMF,LTU,2002,Data Status,Data reporting,"FINANCE DATA: IMF, World Economic Outlook"
XGOVEXP.IMF,LTU,2002,Source,Data sources,Country's submission to UNESCO OECD Eurostat (UOE) joint data collection
XGOVEXP.IMF,LTU,2003,Data Status,Data reporting,"FINANCE DATA: IMF, World Economic Outlook"
XGOVEXP.IMF,LTU,2003,Source,Data sources,Country's submission to UNESCO OECD Eurostat (UOE) joint data collection
XGOVEXP.IMF,LTU,2004,Data Status,Data reporting,"FINANCE DATA: IMF, World Economic Outlook"
XGOVEXP.IMF,LTU,2004,Source,Data sources,Country's submission to UNESCO OECD Eurostat (UOE) joint data collection
XGOVEXP.IMF,LTU,2005,Data Status,Data reporting,"FINANCE DATA: IMF, World Economic Outlook"
XGOVEXP.IMF,LTU,2005,Source,Data sources,Country's submission to UNESCO OECD Eurostat (UOE) joint data collection
XGOVEXP.IMF,LTU,2006,Data Status,Data reporting,"FINANCE DATA: IMF, World Economic Outlook"
XGOVEXP.IMF,LTU,2006,Source,Data sources,Country's submission to UNESCO OECD Eurostat (UOE) joint data collection
XGOVEXP.IMF,LTU,2007,Data Status,Data reporting,"FINANCE DATA: IMF, World Economic Outlook"
XGOVEXP.IMF,LTU,2007,Source,Data sources,Country's submission to UNESCO OECD Eurostat (UOE) joint data collection
XGOVEXP.IMF,LTU,2008,Data Status,Data reporting,"FINANCE DATA: IMF, World Economic Outlook"
XGOVEXP.IMF,LTU,2008,Source,Data sources,Country's submission to UNESCO OECD Eurostat (UOE) joint data collection
XGOVEXP.IMF,LTU,2009,Data Status,Data reporting,"FINANCE DATA: IMF, World Economic Outlook"
XGOVEXP.IMF,LTU,2009,Source,Data sources,Country's submission to UNESCO OECD Eurostat (UOE) joint data collection
XGOVEXP.IMF,LTU,2010,Data Status,Data reporting,"FINANCE DATA: IMF, World Economic Outlook"
XGOVEXP.IMF,LTU,2010,Source,Data sources,Country's submission to UNESCO OECD Eurostat (UOE) joint data collection
XGOVEXP.IMF,LTU,2011,Data Status,Data reporting,"FINANCE DATA: IMF, World Economic Outlook"
XGOVEXP.IMF,LTU,2011,Source,Data sources,Country's submission to UNESCO OECD Eurostat (UOE) joint data collection
XGOVEXP.IMF,LTU,2012,Data Status,Data reporting,"FINANCE DATA: IMF, World Economic Outlook"
XGOVEXP.IMF,LTU,2012,Source,Data sources,Country's submission to UNESCO OECD Eurostat (UOE) joint data collection
XGOVEXP.IMF,LTU,2013,Data Status,Data reporting,"FINANCE DATA: IMF, World Economic Outlook"
XGOVEXP.IMF,LTU,2013,Source,Data sources,Country's submission to UNESCO OECD Eurostat (UOE) joint data collection
XGOVEXP.IMF,LTU,2014,Data Status,Data reporting,"FINANCE DATA: IMF, World Economic Outlook"
XGOVEXP.IMF,LTU,2014,Source,Data sources,Country's submission to UNESCO OECD Eurostat (UOE) joint data collection
XGOVEXP.IMF,LTU,2015,Data Status,Data reporting,"FINANCE DATA: IMF, World Economic Outlook"
XGOVEXP.IMF,LTU,2015,Source,Data sources,Country's submission to UNESCO OECD Eurostat (UOE) joint data collection
XGOVEXP.IMF,LTU,2016,Data Status,Data reporting,"FINANCE DATA: IMF, World Economic Outlook"
XGOVEXP.IMF,LTU,2016,Source,Data sources,Country's submission to UNESCO OECD Eurostat (UOE) joint data collection
XGOVEXP.IMF,LTU,2017,Data Status,Data reporting,"FINANCE DATA: IMF, World Economic Outlook"
XGOVEXP.IMF,LTU,2017,Source,Data sources,Country's submission to UNESCO OECD Eurostat (UOE) joint data collection
XGOVEXP.IMF,LTU,2018,Data Status,Data reporting,"FINANCE DATA: IMF, World Economic Outlook"
XGOVEXP.IMF,LTU,2018,Source,Data sources,Country's submission to UNESCO OECD Eurostat (UOE) joint data collection
XGOVEXP.IMF,LTU,2019,Data Status,Data reporting,"FINANCE DATA: IMF, World Economic Outlook"
XGOVEXP.IMF,LTU,2019,Source,Data sources,Country's submission to UNESCO OECD Eurostat (UOE) joint data collection
XGOVEXP.IMF,LTU,2020,Data Status,Data reporting,"FINANCE DATA: IMF, World Economic Outlook"
XGOVEXP.IMF,LTU,2020,Source,Data sources,Country's submission to UNESCO OECD Eurostat (UOE) joint data collection
XGOVEXP.IMF,LTU,2021,Data Status,Data reporting,"FINANCE DATA: IMF, World Economic Outlook"
XGOVEXP.IMF,LTU,2021,Source,Data sources,Country's submission to UNESCO OECD Eurostat (UOE) joint data collection
XGOVEXP.IMF,LTU,2022,Data Status,Data reporting,"FINANCE DATA: IMF, World Economic Outlook"
XGOVEXP.IMF,LTU,2022,Source,Data sources,Country's submission to UNESCO OECD Eurostat (UOE) joint data collection
XGOVEXP.IMF,LUX,2001,Data Status,Data reporting,"FINANCE DATA: IMF, World Economic Outlook"
XGOVEXP.IMF,LUX,2001,Source,Data sources,Country's submission to UNESCO OECD Eurostat (UOE) joint data collection
XGOVEXP.IMF,LUX,2012,Data Status,Data reporting,"FINANCE DATA: IMF, World Economic Outlook"
XGOVEXP.IMF,LUX,2012,Source,Data sources,Country's submission to UNESCO OECD Eurostat (UOE) joint data collection
XGOVEXP.IMF,LUX,2014,Data Status,Data reporting,"FINANCE DATA: IMF, World Economic Outlook"
XGOVEXP.IMF,LUX,2014,Source,Data sources,Country's submission to UNESCO OECD Eurostat (UOE) joint data collection
XGOVEXP.IMF,LUX,2015,Data Status,Data reporting,"FINANCE DATA: IMF, World Economic Outlook"
XGOVEXP.IMF,LUX,2015,Source,Data sources,Country's submission to UNESCO OECD Eurostat (UOE) joint data collection
XGOVEXP.IMF,LUX,2017,Data Status,Data reporting,"FINANCE DATA: IMF, World Economic Outlook"
XGOVEXP.IMF,LUX,2017,Source,Data sources,Country's submission to UNESCO OECD Eurostat (UOE) joint data collection
XGOVEXP.IMF,LUX,2018,Data Status,Data reporting,"FINANCE DATA: IMF, World Economic Outlook"
XGOVEXP.IMF,LUX,2018,Source,Data sources,Country's submission to UNESCO OECD Eurostat (UOE) joint data collection
XGOVEXP.IMF,LUX,2019,Data Status,Data reporting,"FINANCE DATA: IMF, World Economic Outlook"
XGOVEXP.IMF,LUX,2019,Source,Data sources,Country's submission to UNESCO OECD Eurostat (UOE) joint data collection
XGOVEXP.IMF,LUX,2020,Data Status,Data reporting,"FINANCE DATA: IMF, World Economic Outlook"
XGOVEXP.IMF,LUX,2020,Source,Data sources,Country's submission to UNESCO OECD Eurostat (UOE) joint data collection
XGOVEXP.IMF,LUX,2021,Data Status,Data reporting,"FINANCE DATA: IMF, World Economic Outlook"
XGOVEXP.IMF,LUX,2021,Source,Data sources,Country's submission to UNESCO OECD Eurostat (UOE) joint data collection
XGOVEXP.IMF,LUX,2022,Data Status,Data reporting,"FINANCE DATA: IMF, World Economic Outlook"
XGOVEXP.IMF,LUX,2022,Source,Data sources,Country's submission to UNESCO OECD Eurostat (UOE) joint data collection
XGOVEXP.IMF,LVA,2000,Data Status,Data reporting,"FINANCE DATA: IMF, World Economic Outlook"
XGOVEXP.IMF,LVA,2000,Source,Data sources,Country's submission to UNESCO OECD Eurostat (UOE) joint data collection
XGOVEXP.IMF,LVA,2001,Data Status,Data reporting,"FINANCE DATA: IMF, World Economic Outlook"
XGOVEXP.IMF,LVA,2001,Source,Data sources,Country's submission to UNESCO OECD Eurostat (UOE) joint data collection
XGOVEXP.IMF,LVA,2002,Data Status,Data reporting,"FINANCE DATA: IMF, World Economic Outlook"
XGOVEXP.IMF,LVA,2002,Source,Data sources,Country's submission to UNESCO OECD Eurostat (UOE) joint data collection
XGOVEXP.IMF,LVA,2003,Data Status,Data reporting,"FINANCE DATA: IMF, World Economic Outlook"
XGOVEXP.IMF,LVA,2003,Source,Data sources,Country's submission to UNESCO OECD Eurostat (UOE) joint data collection
XGOVEXP.IMF,LVA,2004,Data Status,Data reporting,"FINANCE DATA: IMF, World Economic Outlook"
XGOVEXP.IMF,LVA,2004,Source,Data sources,Country's submission to UNESCO OECD Eurostat (UOE) joint data collection
XGOVEXP.IMF,LVA,2006,Data Status,Data reporting,"FINANCE DATA: IMF, World Economic Outlook"
XGOVEXP.IMF,LVA,2006,Source,Data sources,Country's submission to UNESCO OECD Eurostat (UOE) joint data collection
XGOVEXP.IMF,LVA,2007,Data Status,Data reporting,"FINANCE DATA: IMF, World Economic Outlook"
XGOVEXP.IMF,LVA,2007,Source,Data sources,Country's submission to UNESCO OECD Eurostat (UOE) joint data collection
XGOVEXP.IMF,LVA,2008,Data Status,Data reporting,"FINANCE DATA: IMF, World Economic Outlook"
XGOVEXP.IMF,LVA,2008,Source,Data sources,Country's submission to UNESCO OECD Eurostat (UOE) joint data collection
XGOVEXP.IMF,LVA,2009,Data Status,Data reporting,"FINANCE DATA: IMF, World Economic Outlook"
XGOVEXP.IMF,LVA,2009,Source,Data sources,Country's submission to UNESCO OECD Eurostat (UOE) joint data collection
XGOVEXP.IMF,LVA,2010,Data Status,Data reporting,"FINANCE DATA: IMF, World Economic Outlook"
XGOVEXP.IMF,LVA,2010,Source,Data sources,Country's submission to UNESCO OECD Eurostat (UOE) joint data collection
XGOVEXP.IMF,LVA,2011,Data Status,Data reporting,"FINANCE DATA: IMF, World Economic Outlook"
XGOVEXP.IMF,LVA,2011,Source,Data sources,Country's submission to UNESCO OECD Eurostat (UOE) joint data collection
XGOVEXP.IMF,LVA,2012,Data Status,Data reporting,"FINANCE DATA: IMF, World Economic Outlook"
XGOVEXP.IMF,LVA,2012,Source,Data sources,Country's submission to UNESCO OECD Eurostat (UOE) joint data collection
XGOVEXP.IMF,LVA,2013,Data Status,Data reporting,"FINANCE DATA: IMF, World Economic Outlook"
XGOVEXP.IMF,LVA,2013,Source,Data sources,Country's submission to UNESCO OECD Eurostat (UOE) joint data collection
XGOVEXP.IMF,LVA,2014,Data Status,Data reporting,"FINANCE DATA: IMF, World Economic Outlook"
XGOVEXP.IMF,LVA,2014,Source,Data sources,Country's submission to UNESCO OECD Eurostat (UOE) joint data collection
XGOVEXP.IMF,LVA,2015,Data Status,Data reporting,"FINANCE DATA: IMF, World Economic Outlook"
XGOVEXP.IMF,LVA,2015,Source,Data sources,Country's submission to UNESCO OECD Eurostat (UOE) joint data collection
XGOVEXP.IMF,LVA,2016,Data Status,Data reporting,"FINANCE DATA: IMF, World Economic Outlook"
XGOVEXP.IMF,LVA,2016,Source,Data sources,Country's submission to UNESCO OECD Eurostat (UOE) joint data collection
XGOVEXP.IMF,LVA,2017,Data Status,Data reporting,"FINANCE DATA: IMF, World Economic Outlook"
XGOVEXP.IMF,LVA,2017,Source,Data sources,Country's submission to UNESCO OECD Eurostat (UOE) joint data collection
XGOVEXP.IMF,LVA,2018,Data Status,Data reporting,"FINANCE DATA: IMF, World Economic Outlook"
XGOVEXP.IMF,LVA,2018,Source,Data sources,Country's submission to UNESCO OECD Eurostat (UOE) joint data collection
XGOVEXP.IMF,LVA,2019,Data Status,Data reporting,"FINANCE DATA: IMF, World Economic Outlook"
XGOVEXP.IMF,LVA,2019,Source,Data sources,Country's submission to UNESCO OECD Eurostat (UOE) joint data collection
XGOVEXP.IMF,LVA,2020,Data Status,Data reporting,"FINANCE DATA: IMF, World Economic Outlook"
XGOVEXP.IMF,LVA,2020,Source,Data sources,Country's submission to UNESCO OECD Eurostat (UOE) joint data collection
XGOVEXP.IMF,LVA,2021,Data Status,Data reporting,"FINANCE DATA: IMF, World Economic Outlook"
XGOVEXP.IMF,LVA,2021,Source,Data sources,Country's submission to UNESCO OECD Eurostat (UOE) joint data collection
XGOVEXP.IMF,LVA,2022,Data Status,Data reporting,"FINANCE DATA: IMF, World Economic Outlook"
XGOVEXP.IMF,LVA,2022,Source,Data sources,Country's submission to UNESCO OECD Eurostat (UOE) joint data collection
XGOVEXP.IMF,MAC,2000,Data Status,Data reporting,FINANCE DATA: National government expenditures data
XGOVEXP.IMF,MAC,2000,Source,Data sources,Country's submission to UIS SFE Questionnaire B
XGOVEXP.IMF,MAC,2001,Data Status,Data reporting,FINANCE DATA: National government expenditures data
XGOVEXP.IMF,MAC,2001,Source,Data sources,Country's submission to UIS SFE Questionnaire B
XGOVEXP.IMF,MAC,2002,Data Status,Data reporting,FINANCE DATA: National government expenditures data
XGOVEXP.IMF,MAC,2002,Source,Data sources,Country's submission to UIS SFE Questionnaire B
XGOVEXP.IMF,MAC,2003,Data Status,Data reporting,FINANCE DATA: National government expenditures data
XGOVEXP.IMF,MAC,2003,Source,Data sources,Country's submission to UIS SFE Questionnaire B
XGOVEXP.IMF,MAC,2004,Data Status,Data reporting,FINANCE DATA: National government expenditures data
XGOVEXP.IMF,MAC,2004,Source,Data sources,Country's submission to UIS SFE Questionnaire B
XGOVEXP.IMF,MAC,2005,Data Status,Data reporting,FINANCE DATA: National government expenditures data
XGOVEXP.IMF,MAC,2005,Source,Data sources,Country's submission to UIS SFE Questionnaire B
XGOVEXP.IMF,MAC,2006,Data Status,Data reporting,FINANCE DATA: National government expenditures data
XGOVEXP.IMF,MAC,2006,Source,Data sources,Country's submission to UIS SFE Questionnaire B
XGOVEXP.IMF,MAC,2007,Data Status,Data reporting,FINANCE DATA: National government expenditures data
XGOVEXP.IMF,MAC,2007,Source,Data sources,Country's submission to UIS SFE Questionnaire B
XGOVEXP.IMF,MAC,2008,Data Status,Data reporting,FINANCE DATA: National government expenditures data
XGOVEXP.IMF,MAC,2008,Source,Data sources,Country's submission to UIS SFE Questionnaire B
XGOVEXP.IMF,MAC,2009,Data Status,Data reporting,FINANCE DATA: National government expenditures data
XGOVEXP.IMF,MAC,2009,Source,Data sources,Country's submission to UIS SFE Questionnaire B
XGOVEXP.IMF,MAC,2010,Data Status,Data reporting,FINANCE DATA: National government expenditures data
XGOVEXP.IMF,MAC,2010,Source,Data sources,Country's submission to UIS SFE Questionnaire B
XGOVEXP.IMF,MAC,2011,Data Status,Data reporting,FINANCE DATA: National government expenditures data
XGOVEXP.IMF,MAC,2011,Source,Data sources,Country's submission to UIS SFE Questionnaire B
XGOVEXP.IMF,MAC,2012,Data Status,Data reporting,FINANCE DATA: National government expenditures data
XGOVEXP.IMF,MAC,2012,Source,Data sources,Country's submission to UIS SFE Questionnaire B
XGOVEXP.IMF,MAC,2013,Data Status,Data reporting,FINANCE DATA: National government expenditures data
XGOVEXP.IMF,MAC,2013,Source,Data sources,Country's submission to UIS SFE Questionnaire B
XGOVEXP.IMF,MAC,2014,Data Status,Data reporting,FINANCE DATA: National government expenditures data
XGOVEXP.IMF,MAC,2014,Source,Data sources,Country's submission to UIS SFE Questionnaire B
XGOVEXP.IMF,MAC,2015,Data Status,Data reporting,FINANCE DATA: National government expenditures data
XGOVEXP.IMF,MAC,2015,Source,Data sources,Country's submission to UIS SFE Questionnaire B
XGOVEXP.IMF,MAC,2016,Data Status,Data reporting,FINANCE DATA: National government expenditures data
XGOVEXP.IMF,MAC,2016,Source,Data sources,Country's submission to UIS SFE Questionnaire B
XGOVEXP.IMF,MAC,2017,Data Status,Data reporting,FINANCE DATA: National government expenditures data
XGOVEXP.IMF,MAC,2017,Source,Data sources,Country's submission to UIS SFE Questionnaire B
XGOVEXP.IMF,MAC,2018,Data Status,Data reporting,FINANCE DATA: National government expenditures data
XGOVEXP.IMF,MAC,2018,Source,Data sources,Country's submission to UIS SFE Questionnaire B
XGOVEXP.IMF,MAC,2019,Data Status,Data reporting,FINANCE DATA: National government expenditures data
XGOVEXP.IMF,MAC,2019,Source,Data sources,Country's submission to UIS SFE Questionnaire B
XGOVEXP.IMF,MAC,2020,Data Status,Data reporting,FINANCE DATA: National government expenditures data
XGOVEXP.IMF,MAC,2020,Source,Data sources,Country's submission to UIS SFE Questionnaire B
XGOVEXP.IMF,MAC,2021,Data Status,Data reporting,FINANCE DATA: National government expenditures data
XGOVEXP.IMF,MAC,2021,Source,Data sources,Country's submission to UIS SFE Questionnaire B
XGOVEXP.IMF,MAC,2022,Data Status,Data reporting,FINANCE DATA: National government expenditures data
XGOVEXP.IMF,MAC,2022,Source,Data sources,Country's submission to UIS SFE Questionnaire B
XGOVEXP.IMF,MAR,2008,Data Status,Data reporting,"FINANCE DATA: IMF, World Economic Outlook"
XGOVEXP.IMF,MAR,2008,Source,Data sources,Country's submission to UIS SFE Questionnaire B
XGOVEXP.IMF,MAR,2009,Data Status,Data reporting,"FINANCE DATA: IMF, World Economic Outlook"
XGOVEXP.IMF,MAR,2009,Source,Data sources,Country's submission to UIS SFE Questionnaire B
XGOVEXP.IMF,MAR,2012,Source,Data sources,UIS Dynamic Template (mined data) based on Loi de Finances 2012 (http://droit-afrique.com/upload/doc/maroc/Maroc-LF-2012.pdf)
XGOVEXP.IMF,MAR,2014,Source,Data sources,UIS Dynamic Template (mined data) based on Loi de Finances 2014 (http://droit-afrique.com/upload/doc/maroc/Maroc-LF-2014.pdf)
XGOVEXP.IMF,MAR,2015,Source,Data sources,UIS Dynamic Template (mined data) based on Loi de Finances 2015 (http://droit-afrique.com/upload/doc/maroc/Maroc-LF-2015.pdf)
XGOVEXP.IMF,MAR,2016,Source,Data sources,UIS Dynamic Template (mined data) based on Loi de Finances 2016 (https://www.cabri-sbo.org/en/documents/finance-act-for-the-financial-year-2016-1)
XGOVEXP.IMF,MAR,2017,Source,Data sources,UIS Dynamic Template (mined data) based on Loi de Finances 2017 (https://www.cabri-sbo.org/en/documents/finance-act-for-the-financial-year-2017)
XGOVEXP.IMF,MAR,2018,Source,Data sources,UIS Dynamic Template (mined data) based on Loi de Finances 2018 (https://www.cabri-sbo.org/en/documents/finance-act-for-the-2018-budget-year)
XGOVEXP.IMF,MAR,2019,Source,Data sources,UIS Dynamic Template (mined data) based on Loi de Finances 2019 (https://www.cabri-sbo.org/en/documents/body-of-the-finance-act-2019)
XGOVEXP.IMF,MAR,2020,Source,Data sources,UIS Dynamic Template (mined data) based on Loi de Finances 2020 (https://www.cabri-sbo.org/en/documents/body-of-the-finance-law-2020)
XGOVEXP.IMF,MAR,2021,Source,Data sources,UIS Dynamic Template (mined data) based on Loi de Finances 2021 (https://www.cabri-sbo.org/en/documents/finance-law-for-the-2021-budget-year)
XGOVEXP.IMF,MAR,2022,Source,Data sources,UIS Dynamic Template (mined data) based on Loi de Finances 2022 (https://www.finances.gov.ma/fr/vous-orientez/Pages/plf2022.aspx)
XGOVEXP.IMF,MAR,2023,Source,Data sources,UIS Dynamic Template (mined data) based on Loi de Finances 2023 (https://www.finances.gov.ma/Publication/db/2023/BO_7154-bis_Fr.pdf)
XGOVEXP.IMF,MAR,2024,Source,Data sources,UIS Dynamic Template (mined data) based on Loi de Finances 2024 (https://www.finances.gov.ma/Publication/db/2023/BO_7259-bis_fr.pdf)
XGOVEXP.IMF,MCO,2000,Data Status,Data reporting,FINANCE DATA: National government expenditures data
XGOVEXP.IMF,MCO,2000,Source,Data sources,Country's submission to UIS SFE Questionnaire B
XGOVEXP.IMF,MCO,2004,Data Status,Data reporting,FINANCE DATA: National government expenditures data
XGOVEXP.IMF,MCO,2004,Source,Data sources,Country's submission to UIS SFE Questionnaire B
XGOVEXP.IMF,MCO,2009,Data Status,Data reporting,FINANCE DATA: National government expenditures data
XGOVEXP.IMF,MCO,2009,Source,Data sources,Country's submission to UIS SFE Questionnaire B
XGOVEXP.IMF,MCO,2010,Data Status,Data reporting,FINANCE DATA: National government expenditures data
XGOVEXP.IMF,MCO,2010,Source,Data sources,Country's submission to UIS SFE Questionnaire B
XGOVEXP.IMF,MCO,2011,Data Status,Data reporting,FINANCE DATA: National government expenditures data
XGOVEXP.IMF,MCO,2011,Source,Data sources,Country's submission to UIS SFE Questionnaire B
XGOVEXP.IMF,MCO,2012,Data Status,Data reporting,FINANCE DATA: National government expenditures data
XGOVEXP.IMF,MCO,2012,Source,Data sources,Country's submission to UIS SFE Questionnaire B
XGOVEXP.IMF,MCO,2013,Data Status,Data reporting,FINANCE DATA: National government expenditures data
XGOVEXP.IMF,MCO,2013,Source,Data sources,Country's submission to UIS SFE Questionnaire B
XGOVEXP.IMF,MCO,2014,Data Status,Data reporting,FINANCE DATA: National government expenditures data
XGOVEXP.IMF,MCO,2014,Source,Data sources,Country's submission to UIS SFE Questionnaire B
XGOVEXP.IMF,MCO,2016,Data Status,Data reporting,FINANCE DATA: National government expenditures data
XGOVEXP.IMF,MCO,2016,Source,Data sources,Country's submission to UIS SFE Questionnaire B
XGOVEXP.IMF,MCO,2017,Data Status,Data reporting,FINANCE DATA: National government expenditures data
XGOVEXP.IMF,MCO,2017,Source,Data sources,Country's submission to UIS SFE Questionnaire B
XGOVEXP.IMF,MCO,2019,Data Status,Data reporting,FINANCE DATA: National government expenditures data
XGOVEXP.IMF,MCO,2019,Source,Data sources,Country's submission to UIS SFE Questionnaire B
XGOVEXP.IMF,MCO,2021,Data Status,Data reporting,FINANCE DATA: National government expenditures data
XGOVEXP.IMF,MCO,2021,Source,Data sources,Country's submission to UIS SFE Questionnaire B
XGOVEXP.IMF,MCO,2022,Data Status,Data reporting,FINANCE DATA: National government expenditures data
XGOVEXP.IMF,MCO,2022,Source,Data sources,Country's submission to UIS SFE Questionnaire B
XGOVEXP.IMF,MCO,2023,Data Status,Data reporting,FINANCE DATA: National government expenditures data
XGOVEXP.IMF,MCO,2023,Source,Data sources,Country's submission to UIS SFE Questionnaire B
XGOVEXP.IMF,MDA,2000,Data Status,Data reporting,"FINANCE DATA: IMF, World Economic Outlook"
XGOVEXP.IMF,MDA,2000,Source,Data sources,Country's submission to UIS SFE Questionnaire B
XGOVEXP.IMF,MDA,2001,Data Status,Data reporting,"FINANCE DATA: IMF, World Economic Outlook"
XGOVEXP.IMF,MDA,2001,Source,Data sources,Country's submission to UIS SFE Questionnaire B
XGOVEXP.IMF,MDA,2002,Data Status,Data reporting,"FINANCE DATA: IMF, World Economic Outlook"
XGOVEXP.IMF,MDA,2002,Source,Data sources,Country's submission to UIS SFE Questionnaire B
XGOVEXP.IMF,MDA,2003,Data Status,Data reporting,"FINANCE DATA: IMF, World Economic Outlook"
XGOVEXP.IMF,MDA,2003,Source,Data sources,Country's submission to UIS SFE Questionnaire B
XGOVEXP.IMF,MDA,2004,Data Status,Data reporting,"FINANCE DATA: IMF, World Economic Outlook"
XGOVEXP.IMF,MDA,2004,Source,Data sources,Country's submission to UIS SFE Questionnaire B
XGOVEXP.IMF,MDA,2005,Data Status,Data reporting,"FINANCE DATA: IMF, World Economic Outlook"
XGOVEXP.IMF,MDA,2005,Source,Data sources,Country's submission to UIS SFE Questionnaire B
XGOVEXP.IMF,MDA,2006,Data Status,Data reporting,"FINANCE DATA: IMF, World Economic Outlook"
XGOVEXP.IMF,MDA,2006,Source,Data sources,Country's submission to UIS SFE Questionnaire B
XGOVEXP.IMF,MDA,2007,Data Status,Data reporting,"FINANCE DATA: IMF, World Economic Outlook"
XGOVEXP.IMF,MDA,2007,Source,Data sources,Country's submission to UIS SFE Questionnaire B
XGOVEXP.IMF,MDA,2008,Data Status,Data reporting,"FINANCE DATA: IMF, World Economic Outlook"
XGOVEXP.IMF,MDA,2008,Source,Data sources,Country's submission to UIS SFE Questionnaire B
XGOVEXP.IMF,MDA,2009,Data Status,Data reporting,"FINANCE DATA: IMF, World Economic Outlook"
XGOVEXP.IMF,MDA,2009,Source,Data sources,Country's submission to UIS SFE Questionnaire B
XGOVEXP.IMF,MDA,2010,Data Status,Data reporting,"FINANCE DATA: IMF, World Economic Outlook"
XGOVEXP.IMF,MDA,2010,Source,Data sources,Country's submission to UIS SFE Questionnaire B
XGOVEXP.IMF,MDA,2011,Data Status,Data reporting,"FINANCE DATA: IMF, World Economic Outlook"
XGOVEXP.IMF,MDA,2011,Source,Data sources,Country's submission to UIS SFE Questionnaire B
XGOVEXP.IMF,MDA,2012,Data Status,Data reporting,"FINANCE DATA: IMF, World Economic Outlook"
XGOVEXP.IMF,MDA,2012,Source,Data sources,Country's submission to UIS SFE Questionnaire B
XGOVEXP.IMF,MDA,2013,Source,Data sources,UIS Dynamic Template (mined data) based on 2016 STATISTICAL YEARBOOK OF THE REPUBLIC OF MOLDOVA (https://statistica.gov.md/en/statistical-yearbook-of-the-republic-of-moldova-editions-2002-2021-9877_59482.html)
XGOVEXP.IMF,MDA,2014,Data Status,Data reporting,"FINANCE DATA: IMF, World Economic Outlook"
XGOVEXP.IMF,MDA,2014,Source,Data sources,Country's submission to UIS SFE Questionnaire B
XGOVEXP.IMF,MDA,2015,Source,Data sources,UIS Dynamic Template (mined data) based on 2016 STATISTICAL YEARBOOK OF THE REPUBLIC OF MOLDOVA (https://statistica.gov.md/en/statistical-yearbook-of-the-republic-of-moldova-editions-2002-2021-9877_59482.html)
XGOVEXP.IMF,MDA,2016,Data Status,Data reporting,"FINANCE DATA: IMF, World Economic Outlook"
XGOVEXP.IMF,MDA,2016,Source,Data sources,Country's submission to UIS SFE Questionnaire B
XGOVEXP.IMF,MDA,2017,Data Status,Data reporting,"FINANCE DATA: IMF, World Economic Outlook"
XGOVEXP.IMF,MDA,2017,Source,Data sources,Country's submission to UIS SFE Questionnaire B
XGOVEXP.IMF,MDA,2018,Data Status,Data reporting,"FINANCE DATA: IMF, World Economic Outlook"
XGOVEXP.IMF,MDA,2018,Source,Data sources,Country's submission to UIS SFE Questionnaire B
XGOVEXP.IMF,MDA,2019,Data Status,Data reporting,"FINANCE DATA: IMF, World Economic Outlook"
XGOVEXP.IMF,MDA,2019,Source,Data sources,Country's submission to UIS SFE Questionnaire B
XGOVEXP.IMF,MDA,2020,Data Status,Data reporting,"FINANCE DATA: IMF, World Economic Outlook"
XGOVEXP.IMF,MDA,2020,Source,Data sources,Country's submission to UIS SFE Questionnaire B
XGOVEXP.IMF,MDA,2021,Data Status,Data reporting,"FINANCE DATA: IMF, World Economic Outlook"
XGOVEXP.IMF,MDA,2021,Source,Data sources,Country's submission to UIS SFE Questionnaire B
XGOVEXP.IMF,MDA,2022,Data Status,Data reporting,"FINANCE DATA: IMF, World Economic Outlook"
XGOVEXP.IMF,MDA,2022,Source,Data sources,Country's submission to UIS SFE Questionnaire B
XGOVEXP.IMF,MDA,2023,Data Status,Data reporting,"FINANCE DATA: IMF, World Economic Outlook"
XGOVEXP.IMF,MDA,2023,Source,Data sources,Country's submission to UIS SFE Questionnaire B
XGOVEXP.IMF,MDA,2024,Source,Data sources,UIS Dynamic Template (mined data) based on MOLDOVA IN FIGURES 2025 (https://statistica.gov.md/files/files/publicatii_electronice/Moldova_in_cifre/2025/breviar_ro_2025.pdf)
XGOVEXP.IMF,MDG,2000,Data Status,Data reporting,"FINANCE DATA: IMF, World Economic Outlook"
XGOVEXP.IMF,MDG,2000,Source,Data sources,Country's submission to UIS SFE Questionnaire B
XGOVEXP.IMF,MDG,2001,Data Status,Data reporting,"FINANCE DATA: IMF, World Economic Outlook"
XGOVEXP.IMF,MDG,2001,Source,Data sources,Country's submission to UIS SFE Questionnaire B
XGOVEXP.IMF,MDG,2002,Data Status,Data reporting,"FINANCE DATA: IMF, World Economic Outlook"
XGOVEXP.IMF,MDG,2002,Source,Data sources,Country's submission to UIS SFE Questionnaire B
XGOVEXP.IMF,MDG,2003,Data Status,Data reporting,"FINANCE DATA: IMF, World Economic Outlook"
XGOVEXP.IMF,MDG,2003,Source,Data sources,Country's submission to UIS SFE Questionnaire B
XGOVEXP.IMF,MDG,2004,Data Status,Data reporting,"FINANCE DATA: IMF, World Economic Outlook"
XGOVEXP.IMF,MDG,2004,Source,Data sources,Country's submission to UIS SFE Questionnaire B
XGOVEXP.IMF,MDG,2005,Data Status,Data reporting,"FINANCE DATA: IMF, World Economic Outlook"
XGOVEXP.IMF,MDG,2005,Source,Data sources,Country's submission to UIS SFE Questionnaire B
XGOVEXP.IMF,MDG,2006,Data Status,Data reporting,"FINANCE DATA: IMF, World Economic Outlook"
XGOVEXP.IMF,MDG,2006,Source,Data sources,Country's submission to UIS SFE Questionnaire B
XGOVEXP.IMF,MDG,2007,Data Status,Data reporting,"FINANCE DATA: IMF, World Economic Outlook"
XGOVEXP.IMF,MDG,2007,Source,Data sources,Country's submission to UIS SFE Questionnaire B
XGOVEXP.IMF,MDG,2008,Data Status,Data reporting,"FINANCE DATA: IMF, World Economic Outlook"
XGOVEXP.IMF,MDG,2008,Source,Data sources,Country's submission to UIS SFE Questionnaire B
XGOVEXP.IMF,MDG,2009,Data Status,Data reporting,"FINANCE DATA: IMF, World Economic Outlook"
XGOVEXP.IMF,MDG,2009,Source,Data sources,Country's submission to UIS SFE Questionnaire B
XGOVEXP.IMF,MDG,2010,Source,Data sources,UIS Dynamic template based on UIS Education Survey
XGOVEXP.IMF,MDG,2011,Data Status,Data reporting,"FINANCE DATA: IMF, World Economic Outlook"
XGOVEXP.IMF,MDG,2011,Source,Data sources,Country's submission to UIS SFE Questionnaire B
XGOVEXP.IMF,MDG,2012,Data Status,Data reporting,"FINANCE DATA: IMF, World Economic Outlook"
XGOVEXP.IMF,MDG,2012,Source,Data sources,Country's submission to UIS SFE Questionnaire B
XGOVEXP.IMF,MDG,2013,Data Status,Data reporting,"FINANCE DATA: IMF, World Economic Outlook"
XGOVEXP.IMF,MDG,2013,Source,Data sources,Country's submission to UIS SFE Questionnaire B
XGOVEXP.IMF,MDG,2014,Data Status,Data reporting,"FINANCE DATA: IMF, World Economic Outlook"
XGOVEXP.IMF,MDG,2014,Source,Data sources,Country's submission to UIS SFE Questionnaire B
XGOVEXP.IMF,MDG,2015,Data Status,Data reporting,"FINANCE DATA: IMF, World Economic Outlook"
XGOVEXP.IMF,MDG,2015,Source,Data sources,Country's submission to UIS SFE Questionnaire B
XGOVEXP.IMF,MDG,2016,Data Status,Data reporting,"FINANCE DATA: IMF, World Economic Outlook"
XGOVEXP.IMF,MDG,2016,Source,Data sources,Country's submission to UIS SFE Questionnaire B
XGOVEXP.IMF,MDG,2018,Data Status,Data reporting,"FINANCE DATA: IMF, World Economic Outlook"
XGOVEXP.IMF,MDG,2018,Source,Data sources,Country's submission to UIS SFE Questionnaire B
XGOVEXP.IMF,MDG,2019,Source,Data sources,UIS Dynamic Template (mined data) based on ORDONNANCE N2018-001 PORTANT LOI DE FINANCES POUR 2019 (https://www.droit-afrique.com/uploads/Madagascar-LF-2019.pdf)
XGOVEXP.IMF,MDV,2002,Data Status,Data reporting,"FINANCE DATA: IMF, World Economic Outlook"
XGOVEXP.IMF,MDV,2002,Source,Data sources,Country's submission to UIS SFE Questionnaire B
XGOVEXP.IMF,MDV,2003,Data Status,Data reporting,"FINANCE DATA: IMF, World Economic Outlook"
XGOVEXP.IMF,MDV,2003,Source,Data sources,Country's submission to UIS SFE Questionnaire B
XGOVEXP.IMF,MDV,2004,Data Status,Data reporting,"FINANCE DATA: IMF, World Economic Outlook"
XGOVEXP.IMF,MDV,2004,Source,Data sources,Country's submission to UIS SFE Questionnaire B
XGOVEXP.IMF,MDV,2005,Data Status,Data reporting,"FINANCE DATA: IMF, World Economic Outlook"
XGOVEXP.IMF,MDV,2005,Source,Data sources,Country's submission to UIS SFE Questionnaire B
XGOVEXP.IMF,MDV,2006,Data Status,Data reporting,"FINANCE DATA: IMF, World Economic Outlook"
XGOVEXP.IMF,MDV,2006,Source,Data sources,Country's submission to UIS SFE Questionnaire B
XGOVEXP.IMF,MDV,2007,Data Status,Data reporting,"FINANCE DATA: IMF, World Economic Outlook"
XGOVEXP.IMF,MDV,2007,Source,Data sources,Country's submission to UIS SFE Questionnaire B
XGOVEXP.IMF,MDV,2008,Data Status,Data reporting,"FINANCE DATA: IMF, World Economic Outlook"
XGOVEXP.IMF,MDV,2008,Source,Data sources,Country's submission to UIS SFE Questionnaire B
XGOVEXP.IMF,MDV,2009,Data Status,Data reporting,"FINANCE DATA: IMF, World Economic Outlook"
XGOVEXP.IMF,MDV,2009,Source,Data sources,Country's submission to UIS SFE Questionnaire B
XGOVEXP.IMF,MDV,2010,Data Status,Data reporting,"FINANCE DATA: IMF, World Economic Outlook"
XGOVEXP.IMF,MDV,2010,Source,Data sources,Country's submission to UIS SFE Questionnaire B
XGOVEXP.IMF,MDV,2011,Data Status,Data reporting,"FINANCE DATA: IMF, World Economic Outlook"
XGOVEXP.IMF,MDV,2011,Source,Data sources,Country's submission to UIS SFE Questionnaire B
XGOVEXP.IMF,MDV,2012,Data Status,Data reporting,"FINANCE DATA: IMF, World Economic Outlook"
XGOVEXP.IMF,MDV,2012,Source,Data sources,Country's submission to UIS SFE Questionnaire B
XGOVEXP.IMF,MDV,2013,Data Status,Data reporting,"FINANCE DATA: IMF, World Economic Outlook"
XGOVEXP.IMF,MDV,2013,Source,Data sources,Country's submission to UIS SFE Questionnaire B
XGOVEXP.IMF,MDV,2014,Data Status,Data reporting,"FINANCE DATA: IMF, World Economic Outlook"
XGOVEXP.IMF,MDV,2014,Source,Data sources,Country's submission to UIS SFE Questionnaire B
XGOVEXP.IMF,MDV,2015,Data Status,Data reporting,"FINANCE DATA: IMF, World Economic Outlook"
XGOVEXP.IMF,MDV,2015,Source,Data sources,Country's submission to UIS SFE Questionnaire B
XGOVEXP.IMF,MDV,2016,Data Status,Data reporting,"FINANCE DATA: IMF, World Economic Outlook"
XGOVEXP.IMF,MDV,2016,Source,Data sources,Country's submission to UIS SFE Questionnaire B
XGOVEXP.IMF,MDV,2017,Source,Data sources,UIS Dynamic template based on School Statistics (https://www.moe.gov.mv/en/category/view/14)
XGOVEXP.IMF,MDV,2018,Source,Data sources,UIS Dynamic template based on School Statistics (https://www.moe.gov.mv/en/category/view/14)
XGOVEXP.IMF,MDV,2019,Source,Data sources,UIS Dynamic template based on School Statistics (https://www.moe.gov.mv/en/category/view/14)
XGOVEXP.IMF,MDV,2020,Source,Data sources,UIS Dynamic template based on Madldives in Figures (https://statisticsmaldives.gov.mv/maldives-in-figures-may-2022/)
XGOVEXP.IMF,MDV,2021,Source,Data sources,UIS Dynamic template based on data provided by country
XGOVEXP.IMF,MDV,2022,Source,Data sources,UIS Dynamic template based on data provided by country
XGOVEXP.IMF,MDV,2023,Source,Data sources,UIS Dynamic template based on data provided by country
XGOVEXP.IMF,MDV,2024,Source,Data sources,UIS Dynamic template based on data provided by country (https://statisticsmaldives.gov.mv/mbs/wp-content/uploads/2024/10/Statistical-Pocketbook-of-Maldives-2024-Updated.pdf)
XGOVEXP.IMF,MDV,2025,Source,Data sources,UIS Dynamic template based on (https://statisticsmaldives.gov.mv/yearbook/2024/wp-content/uploads/sites/11/2024/07/13.5.pdf)
XGOVEXP.IMF,MEX,2000,Data Status,Data reporting,"FINANCE DATA: IMF, World Economic Outlook"
XGOVEXP.IMF,MEX,2000,Source,Data sources,Country's submission to UNESCO OECD Eurostat (UOE) joint data collection
XGOVEXP.IMF,MEX,2001,Data Status,Data reporting,"FINANCE DATA: IMF, World Economic Outlook"
XGOVEXP.IMF,MEX,2001,Source,Data sources,Country's submission to UNESCO OECD Eurostat (UOE) joint data collection
XGOVEXP.IMF,MEX,2002,Data Status,Data reporting,"FINANCE DATA: IMF, World Economic Outlook"
XGOVEXP.IMF,MEX,2002,Source,Data sources,Country's submission to UNESCO OECD Eurostat (UOE) joint data collection
XGOVEXP.IMF,MEX,2003,Data Status,Data reporting,"FINANCE DATA: IMF, World Economic Outlook"
XGOVEXP.IMF,MEX,2003,Source,Data sources,Country's submission to UNESCO OECD Eurostat (UOE) joint data collection
XGOVEXP.IMF,MEX,2004,Data Status,Data reporting,"FINANCE DATA: IMF, World Economic Outlook"
XGOVEXP.IMF,MEX,2004,Source,Data sources,Country's submission to UNESCO OECD Eurostat (UOE) joint data collection
XGOVEXP.IMF,MEX,2005,Data Status,Data reporting,"FINANCE DATA: IMF, World Economic Outlook"
XGOVEXP.IMF,MEX,2005,Source,Data sources,Country's submission to UNESCO OECD Eurostat (UOE) joint data collection
XGOVEXP.IMF,MEX,2006,Data Status,Data reporting,"FINANCE DATA: IMF, World Economic Outlook"
XGOVEXP.IMF,MEX,2006,Source,Data sources,Country's submission to UNESCO OECD Eurostat (UOE) joint data collection
XGOVEXP.IMF,MEX,2007,Data Status,Data reporting,"FINANCE DATA: IMF, World Economic Outlook"
XGOVEXP.IMF,MEX,2007,Source,Data sources,Country's submission to UNESCO OECD Eurostat (UOE) joint data collection
XGOVEXP.IMF,MEX,2008,Data Status,Data reporting,"FINANCE DATA: IMF, World Economic Outlook"
XGOVEXP.IMF,MEX,2008,Source,Data sources,Country's submission to UNESCO OECD Eurostat (UOE) joint data collection
XGOVEXP.IMF,MEX,2009,Data Status,Data reporting,"FINANCE DATA: IMF, World Economic Outlook"
XGOVEXP.IMF,MEX,2009,Source,Data sources,Country's submission to UNESCO OECD Eurostat (UOE) joint data collection
XGOVEXP.IMF,MEX,2010,Data Status,Data reporting,"FINANCE DATA: IMF, World Economic Outlook"
XGOVEXP.IMF,MEX,2010,Source,Data sources,Country's submission to UNESCO OECD Eurostat (UOE) joint data collection
XGOVEXP.IMF,MEX,2011,Data Status,Data reporting,"FINANCE DATA: IMF, World Economic Outlook"
XGOVEXP.IMF,MEX,2011,Source,Data sources,Country's submission to UNESCO OECD Eurostat (UOE) joint data collection
XGOVEXP.IMF,MEX,2012,Data Status,Data reporting,"FINANCE DATA: IMF, World Economic Outlook"
XGOVEXP.IMF,MEX,2012,Source,Data sources,Country's submission to UNESCO OECD Eurostat (UOE) joint data collection
XGOVEXP.IMF,MEX,2013,Data Status,Data reporting,"FINANCE DATA: IMF, World Economic Outlook"
XGOVEXP.IMF,MEX,2013,Source,Data sources,Country's submission to UNESCO OECD Eurostat (UOE) joint data collection
XGOVEXP.IMF,MEX,2014,Data Status,Data reporting,"FINANCE DATA: IMF, World Economic Outlook"
XGOVEXP.IMF,MEX,2014,Source,Data sources,Country's submission to UNESCO OECD Eurostat (UOE) joint data collection
XGOVEXP.IMF,MEX,2015,Data Status,Data reporting,"FINANCE DATA: IMF, World Economic Outlook"
XGOVEXP.IMF,MEX,2015,Source,Data sources,Country's submission to UNESCO OECD Eurostat (UOE) joint data collection
XGOVEXP.IMF,MEX,2016,Data Status,Data reporting,"FINANCE DATA: IMF, World Economic Outlook"
XGOVEXP.IMF,MEX,2016,Source,Data sources,Country's submission to UNESCO OECD Eurostat (UOE) joint data collection
XGOVEXP.IMF,MEX,2017,Data Status,Data reporting,"FINANCE DATA: IMF, World Economic Outlook"
XGOVEXP.IMF,MEX,2017,Source,Data sources,Country's submission to UNESCO OECD Eurostat (UOE) joint data collection
XGOVEXP.IMF,MEX,2018,Data Status,Data reporting,"FINANCE DATA: IMF, World Economic Outlook"
XGOVEXP.IMF,MEX,2018,Source,Data sources,Country's submission to UNESCO OECD Eurostat (UOE) joint data collection
XGOVEXP.IMF,MEX,2020,Data Status,Data reporting,"FINANCE DATA: IMF, World Economic Outlook"
XGOVEXP.IMF,MEX,2020,Source,Data sources,Country's submission to UNESCO OECD Eurostat (UOE) joint data collection
XGOVEXP.IMF,MEX,2021,Data Status,Data reporting,"FINANCE DATA: IMF, World Economic Outlook"
XGOVEXP.IMF,MEX,2021,Source,Data sources,Country's submission to UNESCO OECD Eurostat (UOE) joint data collection
XGOVEXP.IMF,MEX,2022,Data Status,Data reporting,"FINANCE DATA: IMF, World Economic Outlook"
XGOVEXP.IMF,MEX,2022,Source,Data sources,Country's submission to UNESCO OECD Eurostat (UOE) joint data collection
XGOVEXP.IMF,MHL,2002,Data Status,Data reporting,"FINANCE DATA: IMF, World Economic Outlook"
XGOVEXP.IMF,MHL,2002,Source,Data sources,Country's submission to UIS SFE Questionnaire B
XGOVEXP.IMF,MHL,2003,Data Status,Data reporting,"FINANCE DATA: IMF, World Economic Outlook"
XGOVEXP.IMF,MHL,2003,Source,Data sources,Country's submission to UIS SFE Questionnaire B
XGOVEXP.IMF,MHL,2013,Source,Data sources,UIS Dynamic Template (mined data) based on Basic Financial Statements 2013 (http://rmi-mof.com/wp-content/uploads/2017/02/RMI-fs14-Final-Feb-24-2016.pdf)
XGOVEXP.IMF,MHL,2014,Source,Data sources,UIS Dynamic Template (mined data) based on Basic Financial Statements 2014 (http://rmi-mof.com/wp-content/uploads/2017/02/RMI-fs14-Final-Feb-24-2016.pdf)
XGOVEXP.IMF,MHL,2015,Source,Data sources,UIS Dynamic Template (mined data) based on Basic Financial Statements 2015 (http://rmi-mof.com/wp-content/uploads/2017/02/RMI_fs16-FINAL-06.29.17.pdf)
XGOVEXP.IMF,MHL,2016,Source,Data sources,UIS Dynamic Template (mined data) based on Basic Financial Statements 2016 (http://rmi-mof.com/wp-content/uploads/2017/02/RMI_fs16-FINAL-06.29.17.pdf)
XGOVEXP.IMF,MHL,2017,Source,Data sources,UIS Dynamic Template (mined data) based on Basic Financial Statements 2017 (http://www.rmioag.com/wp-content/uploads/2020/01/RMI_fs17-FINAL-06.29.18r-1.pdf)
XGOVEXP.IMF,MHL,2018,Source,Data sources,UIS Dynamic Template (mined data) based on Basic Financial Statements 2018 (http://www.rmioag.com/wp-content/uploads/2020/01/RMI_fs18-FINAL-06.28.19.pdf)
XGOVEXP.IMF,MHL,2019,Data Status,Data reporting,"FINANCE DATA: IMF, World Economic Outlook"
XGOVEXP.IMF,MHL,2019,Source,Data sources,Country's submission to UIS SFE Questionnaire B
XGOVEXP.IMF,MHL,2020,Source,Data sources,UIS Dynamic Template (mined data) based on Appropriation (Financial Year 2020) Act 2019 (https://rmiparliament.org/cms/images/LEGISLATION/BILLS/2019/2019-0170/AppropriationFinancialYear2020Act2019.pdf)
XGOVEXP.IMF,MHL,2021,Source,Data sources,"UIS Dynamic Template (mined data) based on Appropriation (Financial Year 2021) Act 2020 (https://rmiparliament.org/cms/library/public-laws/category/46-2020.html?download=548:p-l-2020-14-appropriation-financial-year-2021-act,-2020)"
XGOVEXP.IMF,MHL,2022,Data Status,Data reporting,"FINANCE DATA: IMF, World Economic Outlook"
XGOVEXP.IMF,MHL,2022,Source,Data sources,Country's submission to UIS SFE Questionnaire B
XGOVEXP.IMF,MKD,2002,Data Status,Data reporting,"FINANCE DATA: IMF, World Economic Outlook"
XGOVEXP.IMF,MKD,2002,Source,Data sources,Country's submission to UNESCO OECD Eurostat (UOE) joint data collection
XGOVEXP.IMF,MLI,2000,Data Status,Data reporting,"FINANCE DATA: IMF, World Economic Outlook"
XGOVEXP.IMF,MLI,2000,Source,Data sources,Country's submission to UIS SFE Questionnaire B
XGOVEXP.IMF,MLI,2001,Data Status,Data reporting,"FINANCE DATA: IMF, World Economic Outlook"
XGOVEXP.IMF,MLI,2001,Source,Data sources,Country's submission to UIS SFE Questionnaire B
XGOVEXP.IMF,MLI,2002,Data Status,Data reporting,"FINANCE DATA: IMF, World Economic Outlook"
XGOVEXP.IMF,MLI,2002,Source,Data sources,Country's submission to UIS SFE Questionnaire B
XGOVEXP.IMF,MLI,2003,Data Status,Data reporting,"FINANCE DATA: IMF, World Economic Outlook"
XGOVEXP.IMF,MLI,2003,Source,Data sources,Country's submission to UIS SFE Questionnaire B
XGOVEXP.IMF,MLI,2004,Data Status,Data reporting,"FINANCE DATA: IMF, World Economic Outlook"
XGOVEXP.IMF,MLI,2004,Source,Data sources,Country's submission to UIS SFE Questionnaire B
XGOVEXP.IMF,MLI,2005,Data Status,Data reporting,"FINANCE DATA: IMF, World Economic Outlook"
XGOVEXP.IMF,MLI,2005,Source,Data sources,Country's submission to UIS SFE Questionnaire B
XGOVEXP.IMF,MLI,2008,Data Status,Data reporting,"FINANCE DATA: IMF, World Economic Outlook"
XGOVEXP.IMF,MLI,2008,Source,Data sources,Country's submission to UIS SFE Questionnaire B
XGOVEXP.IMF,MLI,2009,Data Status,Data reporting,"FINANCE DATA: IMF, World Economic Outlook"
XGOVEXP.IMF,MLI,2009,Source,Data sources,Country's submission to UIS SFE Questionnaire B
XGOVEXP.IMF,MLI,2010,Data Status,Data reporting,"FINANCE DATA: IMF, World Economic Outlook"
XGOVEXP.IMF,MLI,2010,Source,Data sources,Country's submission to UIS SFE Questionnaire B
XGOVEXP.IMF,MLI,2011,Data Status,Data reporting,"FINANCE DATA: IMF, World Economic Outlook"
XGOVEXP.IMF,MLI,2011,Source,Data sources,Country's submission to UIS SFE Questionnaire B
XGOVEXP.IMF,MLI,2012,Data Status,Data reporting,"FINANCE DATA: IMF, World Economic Outlook"
XGOVEXP.IMF,MLI,2012,Source,Data sources,Country's submission to UIS SFE Questionnaire B
XGOVEXP.IMF,MLI,2013,Data Status,Data reporting,"FINANCE DATA: IMF, World Economic Outlook"
XGOVEXP.IMF,MLI,2013,Source,Data sources,Country's submission to UIS SFE Questionnaire B
XGOVEXP.IMF,MLI,2014,Data Status,Data reporting,"FINANCE DATA: IMF, World Economic Outlook"
XGOVEXP.IMF,MLI,2014,Source,Data sources,Country's submission to UIS SFE Questionnaire B
XGOVEXP.IMF,MLI,2015,Data Status,Data reporting,"FINANCE DATA: IMF, World Economic Outlook"
XGOVEXP.IMF,MLI,2015,Source,Data sources,Country's submission to UIS SFE Questionnaire B
XGOVEXP.IMF,MLI,2016,Data Status,Data reporting,"FINANCE DATA: IMF, World Economic Outlook"
XGOVEXP.IMF,MLI,2016,Source,Data sources,Country's submission to UIS SFE Questionnaire B
XGOVEXP.IMF,MLI,2017,Data Status,Data reporting,"FINANCE DATA: IMF, World Economic Outlook"
XGOVEXP.IMF,MLI,2017,Source,Data sources,Country's submission to UIS SFE Questionnaire B
XGOVEXP.IMF,MLI,2018,Data Status,Data reporting,"FINANCE DATA: IMF, World Economic Outlook"
XGOVEXP.IMF,MLI,2018,Source,Data sources,Country's submission to UIS SFE Questionnaire B
XGOVEXP.IMF,MLI,2019,Data Status,Data reporting,"FINANCE DATA: IMF, World Economic Outlook"
XGOVEXP.IMF,MLI,2019,Source,Data sources,Country's submission to UIS SFE Questionnaire B
XGOVEXP.IMF,MLI,2020,Data Status,Data reporting,"FINANCE DATA: IMF, World Economic Outlook"
XGOVEXP.IMF,MLI,2020,Source,Data sources,Country's submission to UIS SFE Questionnaire B
XGOVEXP.IMF,MLI,2021,Data Status,Data reporting,"FINANCE DATA: IMF, World Economic Outlook"
XGOVEXP.IMF,MLI,2021,Source,Data sources,Country's submission to UIS SFE Questionnaire B
XGOVEXP.IMF,MLI,2022,Source,Data sources,UIS Dynamic Template (mined data) based on Loi de Finances 2022 (https://finances.ml/sites/default/files/2022-01/LF%202022_v_01-01-2022.pdf)
XGOVEXP.IMF,MLI,2023,Source,Data sources,UIS Dynamic Template (mined data) based on Loi de Finances 2023 (https://finances.ml/sites/default/files/2023-01/LFI%202023_v_02-01-2023.pdf)
XGOVEXP.IMF,MLI,2024,Source,Data sources,UIS Dynamic Template (mined data) based on Loi de Finances 2024 (https://finances.ml/sites/default/files/2024-01/Loi%20de%20Finances%202024_v_31-12-2023pdf.pdf)
XGOVEXP.IMF,MLT,2002,Data Status,Data reporting,"FINANCE DATA: IMF, World Economic Outlook"
XGOVEXP.IMF,MLT,2002,Source,Data sources,Country's submission to UNESCO OECD Eurostat (UOE) joint data collection
XGOVEXP.IMF,MLT,2004,Data Status,Data reporting,"FINANCE DATA: IMF, World Economic Outlook"
XGOVEXP.IMF,MLT,2004,Source,Data sources,Country's submission to UNESCO OECD Eurostat (UOE) joint data collection
XGOVEXP.IMF,MLT,2007,Data Status,Data reporting,"FINANCE DATA: IMF, World Economic Outlook"
XGOVEXP.IMF,MLT,2007,Source,Data sources,Country's submission to UNESCO OECD Eurostat (UOE) joint data collection
XGOVEXP.IMF,MLT,2008,Data Status,Data reporting,"FINANCE DATA: IMF, World Economic Outlook"
XGOVEXP.IMF,MLT,2008,Source,Data sources,Country's submission to UNESCO OECD Eurostat (UOE) joint data collection
XGOVEXP.IMF,MLT,2009,Data Status,Data reporting,"FINANCE DATA: IMF, World Economic Outlook"
XGOVEXP.IMF,MLT,2009,Source,Data sources,Country's submission to UNESCO OECD Eurostat (UOE) joint data collection
XGOVEXP.IMF,MLT,2010,Data Status,Data reporting,"FINANCE DATA: IMF, World Economic Outlook"
XGOVEXP.IMF,MLT,2010,Source,Data sources,Country's submission to UNESCO OECD Eurostat (UOE) joint data collection
XGOVEXP.IMF,MLT,2011,Data Status,Data reporting,"FINANCE DATA: IMF, World Economic Outlook"
XGOVEXP.IMF,MLT,2011,Source,Data sources,Country's submission to UNESCO OECD Eurostat (UOE) joint data collection
XGOVEXP.IMF,MLT,2012,Data Status,Data reporting,"FINANCE DATA: IMF, World Economic Outlook"
XGOVEXP.IMF,MLT,2012,Source,Data sources,Country's submission to UNESCO OECD Eurostat (UOE) joint data collection
XGOVEXP.IMF,MLT,2013,Data Status,Data reporting,"FINANCE DATA: IMF, World Economic Outlook"
XGOVEXP.IMF,MLT,2013,Source,Data sources,Country's submission to UNESCO OECD Eurostat (UOE) joint data collection
XGOVEXP.IMF,MLT,2014,Data Status,Data reporting,"FINANCE DATA: IMF, World Economic Outlook"
XGOVEXP.IMF,MLT,2014,Source,Data sources,Country's submission to UNESCO OECD Eurostat (UOE) joint data collection
XGOVEXP.IMF,MLT,2015,Data Status,Data reporting,"FINANCE DATA: IMF, World Economic Outlook"
XGOVEXP.IMF,MLT,2015,Source,Data sources,Country's submission to UNESCO OECD Eurostat (UOE) joint data collection
XGOVEXP.IMF,MLT,2016,Data Status,Data reporting,"FINANCE DATA: IMF, World Economic Outlook"
XGOVEXP.IMF,MLT,2016,Source,Data sources,Country's submission to UNESCO OECD Eurostat (UOE) joint data collection
XGOVEXP.IMF,MLT,2017,Data Status,Data reporting,"FINANCE DATA: IMF, World Economic Outlook"
XGOVEXP.IMF,MLT,2017,Source,Data sources,Country's submission to UNESCO OECD Eurostat (UOE) joint data collection
XGOVEXP.IMF,MLT,2019,Data Status,Data reporting,"FINANCE DATA: IMF, World Economic Outlook"
XGOVEXP.IMF,MLT,2019,Source,Data sources,Country's submission to UNESCO OECD Eurostat (UOE) joint data collection
XGOVEXP.IMF,MLT,2021,Data Status,Data reporting,"FINANCE DATA: IMF, World Economic Outlook"
XGOVEXP.IMF,MLT,2021,Source,Data sources,Country's submission to UNESCO OECD Eurostat (UOE) joint data collection
XGOVEXP.IMF,MLT,2022,Data Status,Data reporting,"FINANCE DATA: IMF, World Economic Outlook"
XGOVEXP.IMF,MLT,2022,Source,Data sources,Country's submission to UNESCO OECD Eurostat (UOE) joint data collection
XGOVEXP.IMF,MMR,2011,Data Status,Data reporting,"FINANCE DATA: IMF, World Economic Outlook"
XGOVEXP.IMF,MMR,2011,Source,Data sources,Country's submission to UIS SFE Questionnaire B
XGOVEXP.IMF,MMR,2017,Data Status,Data reporting,"FINANCE DATA: IMF, World Economic Outlook"
XGOVEXP.IMF,MMR,2017,Source,Data sources,Country's submission to UIS SFE Questionnaire B
XGOVEXP.IMF,MMR,2018,Data Status,Data reporting,"FINANCE DATA: IMF, World Economic Outlook"
XGOVEXP.IMF,MMR,2018,Source,Data sources,Country's submission to UIS SFE Questionnaire B
XGOVEXP.IMF,MMR,2019,Data Status,Data reporting,"FINANCE DATA: IMF, World Economic Outlook"
XGOVEXP.IMF,MMR,2019,Source,Data sources,Country's submission to UIS SFE Questionnaire B
XGOVEXP.IMF,MNG,2000,Data Status,Data reporting,"FINANCE DATA: IMF, World Economic Outlook"
XGOVEXP.IMF,MNG,2000,Source,Data sources,Country's submission to UIS SFE Questionnaire B
XGOVEXP.IMF,MNG,2002,Data Status,Data reporting,"FINANCE DATA: IMF, World Economic Outlook"
XGOVEXP.IMF,MNG,2002,Source,Data sources,Country's submission to UIS SFE Questionnaire B
XGOVEXP.IMF,MNG,2004,Data Status,Data reporting,"FINANCE DATA: IMF, World Economic Outlook"
XGOVEXP.IMF,MNG,2004,Source,Data sources,Country's submission to UIS SFE Questionnaire B
XGOVEXP.IMF,MNG,2007,Data Status,Data reporting,"FINANCE DATA: IMF, World Economic Outlook"
XGOVEXP.IMF,MNG,2007,Source,Data sources,Country's submission to UIS SFE Questionnaire B
XGOVEXP.IMF,MNG,2009,Data Status,Data reporting,"FINANCE DATA: IMF, World Economic Outlook"
XGOVEXP.IMF,MNG,2009,Source,Data sources,Country's submission to UIS SFE Questionnaire B
XGOVEXP.IMF,MNG,2010,Data Status,Data reporting,"FINANCE DATA: IMF, World Economic Outlook"
XGOVEXP.IMF,MNG,2010,Source,Data sources,Country's submission to UIS SFE Questionnaire B
XGOVEXP.IMF,MNG,2011,Data Status,Data reporting,"FINANCE DATA: IMF, World Economic Outlook"
XGOVEXP.IMF,MNG,2011,Source,Data sources,Country's submission to UIS SFE Questionnaire B
XGOVEXP.IMF,MNG,2012,Data Status,Data reporting,"FINANCE DATA: IMF, World Economic Outlook"
XGOVEXP.IMF,MNG,2012,Source,Data sources,Country's submission to UIS SFE Questionnaire B
XGOVEXP.IMF,MNG,2013,Data Status,Data reporting,"FINANCE DATA: IMF, World Economic Outlook"
XGOVEXP.IMF,MNG,2013,Source,Data sources,Country's submission to UIS SFE Questionnaire B
XGOVEXP.IMF,MNG,2014,Data Status,Data reporting,"FINANCE DATA: IMF, World Economic Outlook"
XGOVEXP.IMF,MNG,2014,Source,Data sources,Country's submission to UIS SFE Questionnaire B
XGOVEXP.IMF,MNG,2015,Data Status,Data reporting,"FINANCE DATA: IMF, World Economic Outlook"
XGOVEXP.IMF,MNG,2015,Source,Data sources,Country's submission to UIS SFE Questionnaire B
XGOVEXP.IMF,MNG,2016,Data Status,Data reporting,"FINANCE DATA: IMF, World Economic Outlook"
XGOVEXP.IMF,MNG,2016,Source,Data sources,Country's submission to UIS SFE Questionnaire B
XGOVEXP.IMF,MNG,2017,Data Status,Data reporting,"FINANCE DATA: IMF, World Economic Outlook"
XGOVEXP.IMF,MNG,2017,Source,Data sources,Country's submission to UIS SFE Questionnaire B
XGOVEXP.IMF,MNG,2018,Source,Data sources,UIS Dynamic template based on data provided by country
XGOVEXP.IMF,MNG,2019,Source,Data sources,UIS Dynamic template based on data provided by country
XGOVEXP.IMF,MNG,2020,Source,Data sources,UIS Dynamic template based on data provided by country
XGOVEXP.IMF,MNG,2021,Source,Data sources,UIS Dynamic template based on data provided by country
XGOVEXP.IMF,MNG,2022,Source,Data sources,UIS Dynamic template based on data provided by country
XGOVEXP.IMF,MNG,2023,Data Status,Data reporting,"FINANCE DATA: IMF, World Economic Outlook"
XGOVEXP.IMF,MNG,2023,Source,Data sources,Country's submission to UIS SFE Questionnaire B
XGOVEXP.IMF,MNG,2024,Data Status,Data reporting,"FINANCE DATA: IMF, World Economic Outlook"
XGOVEXP.IMF,MNG,2024,Source,Data sources,Country's submission to UIS SFE Questionnaire B
XGOVEXP.IMF,MOZ,2004,Data Status,Data reporting,"FINANCE DATA: IMF, World Economic Outlook"
XGOVEXP.IMF,MOZ,2004,Source,Data sources,Country's submission to UIS SFE Questionnaire B
XGOVEXP.IMF,MOZ,2005,Data Status,Data reporting,"FINANCE DATA: IMF, World Economic Outlook"
XGOVEXP.IMF,MOZ,2005,Source,Data sources,Country's submission to UIS SFE Questionnaire B
XGOVEXP.IMF,MOZ,2006,Data Status,Data reporting,"FINANCE DATA: IMF, World Economic Outlook"
XGOVEXP.IMF,MOZ,2006,Source,Data sources,Country's submission to UIS SFE Questionnaire B
XGOVEXP.IMF,MOZ,2010,Source,Data sources,UIS Dynamic Template (mined data) based on RELATORIO DE EXECUCAO DO ORCAMENTO DO ESTADO 2010 (https://www.cabri-sbo.org/uploads/bia/mozambique_2010_execution_external_in-year_report_ministry_of_finance_sadc_portuguese_1.pdf)
XGOVEXP.IMF,MOZ,2011,Source,Data sources,UIS Dynamic Template (mined data) based on RELATORIO DE EXECUCAO DO ORCAMENTO DO ESTADO 2011 (https://www.cabri-sbo.org/uploads/bia/mozambique_2011_execution_external_in-year_report_ministry_of_finance_sadc_portuguese_1.pdf)
XGOVEXP.IMF,MOZ,2012,Data Status,Data reporting,"FINANCE DATA: IMF, World Economic Outlook"
XGOVEXP.IMF,MOZ,2012,Source,Data sources,Country's submission to UIS SFE Questionnaire B
XGOVEXP.IMF,MOZ,2013,Data Status,Data reporting,"FINANCE DATA: IMF, World Economic Outlook"
XGOVEXP.IMF,MOZ,2013,Source,Data sources,Country's submission to UIS SFE Questionnaire B
XGOVEXP.IMF,MOZ,2014,Source,Data sources,UIS Dynamic Template (mined data) based on RELATORIO DE EXECUCAO DO ORCAMENTO DO ESTADO 2014 (https://www.mef.gov.mz/)
XGOVEXP.IMF,MOZ,2015,Source,Data sources,UIS Dynamic Template (mined data) based on RELATORIO DE EXECUCAO DO ORCAMENTO DO ESTADO 2015 (https://www.mef.gov.mz/)
XGOVEXP.IMF,MOZ,2016,Data Status,Data reporting,"FINANCE DATA: IMF, World Economic Outlook"
XGOVEXP.IMF,MOZ,2016,Source,Data sources,Country's submission to UIS SFE Questionnaire B
XGOVEXP.IMF,MOZ,2017,Data Status,Data reporting,"FINANCE DATA: IMF, World Economic Outlook"
XGOVEXP.IMF,MOZ,2017,Source,Data sources,Country's submission to UIS SFE Questionnaire B
XGOVEXP.IMF,MOZ,2018,Data Status,Data reporting,"FINANCE DATA: IMF, World Economic Outlook"
XGOVEXP.IMF,MOZ,2018,Source,Data sources,Country's submission to UIS SFE Questionnaire B
XGOVEXP.IMF,MOZ,2019,Source,Data sources,UIS Dynamic Template (mined data) based on RELATORIO DE EXECUCAO DO ORCAMENTO DO ESTADO 2019 (https://www.mef.gov.mz/)
XGOVEXP.IMF,MOZ,2020,Source,Data sources,UIS Dynamic Template (mined data) based on RELATORIO DE EXECUCAO DO ORCAMENTO DO ESTADO 2020 (https://www.mef.gov.mz/)
XGOVEXP.IMF,MOZ,2021,Source,Data sources,UIS Dynamic Template (mined data) based on RELATORIO DE EXECUCAO DO ORCAMENTO DO ESTADO 2021 (https://www.mef.gov.mz/)
XGOVEXP.IMF,MRT,2001,Data Status,Data reporting,"FINANCE DATA: IMF, World Economic Outlook"
XGOVEXP.IMF,MRT,2001,Source,Data sources,Country's submission to UIS SFE Questionnaire B
XGOVEXP.IMF,MRT,2002,Data Status,Data reporting,"FINANCE DATA: IMF, World Economic Outlook"
XGOVEXP.IMF,MRT,2002,Source,Data sources,Country's submission to UIS SFE Questionnaire B
XGOVEXP.IMF,MRT,2003,Data Status,Data reporting,"FINANCE DATA: IMF, World Economic Outlook"
XGOVEXP.IMF,MRT,2003,Source,Data sources,Country's submission to UIS SFE Questionnaire B
XGOVEXP.IMF,MRT,2004,Data Status,Data reporting,"FINANCE DATA: IMF, World Economic Outlook"
XGOVEXP.IMF,MRT,2004,Source,Data sources,Country's submission to UIS SFE Questionnaire B
XGOVEXP.IMF,MRT,2006,Data Status,Data reporting,"FINANCE DATA: IMF, World Economic Outlook"
XGOVEXP.IMF,MRT,2006,Source,Data sources,Country's submission to UIS SFE Questionnaire B
XGOVEXP.IMF,MRT,2011,Data Status,Data reporting,"FINANCE DATA: IMF, World Economic Outlook"
XGOVEXP.IMF,MRT,2011,Source,Data sources,Country's submission to UIS SFE Questionnaire B
XGOVEXP.IMF,MRT,2012,Data Status,Data reporting,"FINANCE DATA: IMF, World Economic Outlook"
XGOVEXP.IMF,MRT,2012,Source,Data sources,Country's submission to UIS SFE Questionnaire B
XGOVEXP.IMF,MRT,2013,Data Status,Data reporting,"FINANCE DATA: IMF, World Economic Outlook"
XGOVEXP.IMF,MRT,2013,Source,Data sources,Country's submission to UIS SFE Questionnaire B
XGOVEXP.IMF,MRT,2014,Source,Data sources,UIS Dynamic Template (mined data) based on LOI DE FINANCES RECTIFICATIVE POUR LANNEE 2014 (https://www.cabri-sbo.org/en/documents/amending-finance-law-national-budget-for-2014)
XGOVEXP.IMF,MRT,2015,Source,Data sources,UIS Dynamic Template (mined data) based on LOI DE FINANCES INITIALE POUR LANNEE 2015 (https://www.cabri-sbo.org/en/documents/initial-finance-act-state-budget-for-the-financial-year-2015)
XGOVEXP.IMF,MRT,2016,Data Status,Data reporting,"FINANCE DATA: IMF, World Economic Outlook"
XGOVEXP.IMF,MRT,2016,Source,Data sources,Country's submission to UIS SFE Questionnaire B
XGOVEXP.IMF,MRT,2019,Data Status,Data reporting,"FINANCE DATA: IMF, World Economic Outlook"
XGOVEXP.IMF,MRT,2019,Source,Data sources,Country's submission to UIS SFE Questionnaire B
XGOVEXP.IMF,MRT,2020,Data Status,Data reporting,"FINANCE DATA: IMF, World Economic Outlook"
XGOVEXP.IMF,MRT,2020,Source,Data sources,Country's submission to UIS SFE Questionnaire B
XGOVEXP.IMF,MRT,2021,Data Status,Data reporting,"FINANCE DATA: IMF, World Economic Outlook"
XGOVEXP.IMF,MRT,2021,Source,Data sources,Country's submission to UIS SFE Questionnaire B
XGOVEXP.IMF,MRT,2022,Data Status,Data reporting,"FINANCE DATA: IMF, World Economic Outlook"
XGOVEXP.IMF,MRT,2022,Source,Data sources,Country's submission to UIS SFE Questionnaire B
XGOVEXP.IMF,MRT,2023,Data Status,Data reporting,"FINANCE DATA: IMF, World Economic Outlook"
XGOVEXP.IMF,MRT,2023,Source,Data sources,Country's submission to UIS SFE Questionnaire B
XGOVEXP.IMF,MRT,2024,Data Status,Data reporting,"FINANCE DATA: IMF, World Economic Outlook"
XGOVEXP.IMF,MRT,2024,Source,Data sources,Country's submission to UIS SFE Questionnaire B
XGOVEXP.IMF,MSR,2010,Source,Data sources,UIS Dynamic template based on CONSOLIDATED FUND REVISED ESTIMATES FOR 2010/2011 & APPROVED ESTIMATES FOR 2011/2012 (http://finance.gov.ms/wp-content/uploads/2011/03/2011-12_EST.pdf)
XGOVEXP.IMF,MSR,2011,Source,Data sources,UIS Dynamic template based on Budget estimates for 2013/2014 (http://finance.gov.ms/wp-content/uploads/2009/01/2013-14-Budget-Estimates.pdf)
XGOVEXP.IMF,MSR,2012,Source,Data sources,UIS Dynamic template based on BUDGET ESTIMATES FOR 2014/2015 (http://www.caribbeanelections.com/eDocs/budget/ms_budget/ms_budget_estimates_2014_2015.pdf)
XGOVEXP.IMF,MSR,2013,Source,Data sources,UIS Dynamic template based on Budget Statement 2016/2017 (http://www.caribbeanelections.com/eDocs/budget/ms_budget/ms_budget_estimates_2016_2017.pdf)
XGOVEXP.IMF,MSR,2014,Source,Data sources,UIS Dynamic template based on Budget Statement 2016/2017 (http://www.caribbeanelections.com/eDocs/budget/ms_budget/ms_budget_estimates_2016_2017.pdf)
XGOVEXP.IMF,MSR,2015,Source,Data sources,UIS Dynamic template based on 2017-2018 Budget Statement & Estimates of Revenue & Expenditure and Development Fund (http://finance.gov.ms/wp-content/uploads/2013/06/Budget-2017-20.pdf)
XGOVEXP.IMF,MSR,2016,Source,Data sources,UIS Dynamic template based on 2018-2019 Budget Statement & Estimates of Revenue & Expenditure and Development Fund (http://www.caribbeanelections.com/eDocs/budget/ms_budget/ms_budget_estimates_2018_2021.pdf)
XGOVEXP.IMF,MSR,2017,Source,Data sources,UIS Dynamic template based on Budget Estimates for 2019/2020 (https://www.gov.ms/wp-content/uploads/2020/10/2019-20-Budget-EstimatesA.pdf)
XGOVEXP.IMF,MSR,2018,Source,Data sources,UIS Dynamic template based on Budget Estimates for 2019/2020-2022 (https://www.gov.ms/wp-content/uploads/2020/10/Draft-Estimates-2019-22-for-LA.pdf)
XGOVEXP.IMF,MSR,2019,Source,Data sources,UIS Dynamic template based on Budget Statement 2020/21 (https://www.gov.ms/wp-content/uploads/2020/10/Budget-Estimates-2020-21-v2.pdf)
XGOVEXP.IMF,MSR,2020,Source,Data sources,UIS Dynamic template based on Budget Statement 2021/2022 (https://www.gov.ms/wp-content/uploads/2021/07/Budget-Estimates-21-22-Complete.pdf)
XGOVEXP.IMF,MSR,2021,Source,Data sources,UIS Dynamic template based on Budget Statemenet 2023/2024 ( https://www.gov.ms/wp-content/uploads/2023/04/Draft-Estimates-2023-24-Structural-Scenario-2-LEGASSv2.pdf)
XGOVEXP.IMF,MSR,2022,Source,Data sources,UIS Dynamic template based on Budget Statement 2022/2023 & 2023/2024 (https://www.gov.ms/wp-content/uploads/2022/07/Budget-Speech-and-Estimates-FY-2022-23.pdf ;  https://www.gov.ms/wp-content/uploads/2023/04/Draft-Estimates-2023-24-Structural-Scenario-2-LEGASSv2.pdf)
XGOVEXP.IMF,MSR,2023,Source,Data sources,UIS Dynamic template based on Budget Statemenet 2023/2024 (https://www.gov.ms/wp-content/uploads/2023/04/Budget-Statement-2023-2024-1.pdf ; https://www.gov.ms/wp-content/uploads/2023/04/Draft-Estimates-2023-24-Structural-Scenario-2-LEGASSv2.pdf)
XGOVEXP.IMF,MSR,2024,Source,Data sources,UIS Dynamic template based on Budget Statemenet 2024/2025 (https://www.gov.ms/wp-content/uploads/2024/04/Budget-Speech-2024-Publish-PDF.pdf ; https://www.gov.ms/wp-content/uploads/2024/05/Budget-Estimates-2024-27-FINAL.pdf)
XGOVEXP.IMF,MSR,2025,Source,Data sources,UIS Dynamic Template (mined data) based on Budget Presentation 2025 (https://www.gov.ms/wp-content/uploads/2025/04/2025-26-Budget-Speech-FINAL.pdf)
XGOVEXP.IMF,MUS,2000,Data Status,Data reporting,"FINANCE DATA: IMF, World Economic Outlook"
XGOVEXP.IMF,MUS,2000,Source,Data sources,Country's submission to UIS SFE Questionnaire B
XGOVEXP.IMF,MUS,2001,Data Status,Data reporting,"FINANCE DATA: IMF, World Economic Outlook"
XGOVEXP.IMF,MUS,2001,Source,Data sources,Country's submission to UIS SFE Questionnaire B
XGOVEXP.IMF,MUS,2002,Data Status,Data reporting,"FINANCE DATA: IMF, World Economic Outlook"
XGOVEXP.IMF,MUS,2002,Source,Data sources,Country's submission to UIS SFE Questionnaire B
XGOVEXP.IMF,MUS,2003,Data Status,Data reporting,"FINANCE DATA: IMF, World Economic Outlook"
XGOVEXP.IMF,MUS,2003,Source,Data sources,Country's submission to UIS SFE Questionnaire B
XGOVEXP.IMF,MUS,2004,Data Status,Data reporting,"FINANCE DATA: IMF, World Economic Outlook"
XGOVEXP.IMF,MUS,2004,Source,Data sources,Country's submission to UIS SFE Questionnaire B
XGOVEXP.IMF,MUS,2005,Data Status,Data reporting,"FINANCE DATA: IMF, World Economic Outlook"
XGOVEXP.IMF,MUS,2005,Source,Data sources,Country's submission to UIS SFE Questionnaire B
XGOVEXP.IMF,MUS,2006,Data Status,Data reporting,"FINANCE DATA: IMF, World Economic Outlook"
XGOVEXP.IMF,MUS,2006,Source,Data sources,Country's submission to UIS SFE Questionnaire B
XGOVEXP.IMF,MUS,2007,Data Status,Data reporting,"FINANCE DATA: IMF, World Economic Outlook"
XGOVEXP.IMF,MUS,2007,Source,Data sources,Country's submission to UIS SFE Questionnaire B
XGOVEXP.IMF,MUS,2008,Data Status,Data reporting,"FINANCE DATA: IMF, World Economic Outlook"
XGOVEXP.IMF,MUS,2008,Source,Data sources,Country's submission to UIS SFE Questionnaire B
XGOVEXP.IMF,MUS,2009,Data Status,Data reporting,"FINANCE DATA: IMF, World Economic Outlook"
XGOVEXP.IMF,MUS,2009,Source,Data sources,Country's submission to UIS SFE Questionnaire B
XGOVEXP.IMF,MUS,2010,Data Status,Data reporting,"FINANCE DATA: IMF, World Economic Outlook"
XGOVEXP.IMF,MUS,2010,Source,Data sources,Country's submission to UIS SFE Questionnaire B
XGOVEXP.IMF,MUS,2011,Data Status,Data reporting,"FINANCE DATA: IMF, World Economic Outlook"
XGOVEXP.IMF,MUS,2011,Source,Data sources,Country's submission to UIS SFE Questionnaire B
XGOVEXP.IMF,MUS,2012,Data Status,Data reporting,"FINANCE DATA: IMF, World Economic Outlook"
XGOVEXP.IMF,MUS,2012,Source,Data sources,Country's submission to UIS SFE Questionnaire B
XGOVEXP.IMF,MUS,2013,Data Status,Data reporting,"FINANCE DATA: IMF, World Economic Outlook"
XGOVEXP.IMF,MUS,2013,Source,Data sources,Country's submission to UIS SFE Questionnaire B
XGOVEXP.IMF,MUS,2014,Data Status,Data reporting,"FINANCE DATA: IMF, World Economic Outlook"
XGOVEXP.IMF,MUS,2014,Source,Data sources,Country's submission to UIS SFE Questionnaire B
XGOVEXP.IMF,MUS,2015,Data Status,Data reporting,"FINANCE DATA: IMF, World Economic Outlook"
XGOVEXP.IMF,MUS,2015,Source,Data sources,Country's submission to UIS SFE Questionnaire B
XGOVEXP.IMF,MUS,2016,Data Status,Data reporting,"FINANCE DATA: IMF, World Economic Outlook"
XGOVEXP.IMF,MUS,2016,Source,Data sources,Country's submission to UIS SFE Questionnaire B
XGOVEXP.IMF,MUS,2017,Data Status,Data reporting,"FINANCE DATA: IMF, World Economic Outlook"
XGOVEXP.IMF,MUS,2017,Source,Data sources,Country's submission to UIS SFE Questionnaire B
XGOVEXP.IMF,MUS,2018,Data Status,Data reporting,"FINANCE DATA: IMF, World Economic Outlook"
XGOVEXP.IMF,MUS,2018,Source,Data sources,Country's submission to UIS SFE Questionnaire B
XGOVEXP.IMF,MUS,2019,Data Status,Data reporting,"FINANCE DATA: IMF, World Economic Outlook"
XGOVEXP.IMF,MUS,2019,Source,Data sources,Country's submission to UIS SFE Questionnaire B
XGOVEXP.IMF,MUS,2020,Data Status,Data reporting,"FINANCE DATA: IMF, World Economic Outlook"
XGOVEXP.IMF,MUS,2020,Source,Data sources,Country's submission to UIS SFE Questionnaire B
XGOVEXP.IMF,MUS,2021,Data Status,Data reporting,"FINANCE DATA: IMF, World Economic Outlook"
XGOVEXP.IMF,MUS,2021,Source,Data sources,Country's submission to UIS SFE Questionnaire B
XGOVEXP.IMF,MUS,2022,Data Status,Data reporting,"FINANCE DATA: IMF, World Economic Outlook"
XGOVEXP.IMF,MUS,2022,Source,Data sources,Country's submission to UIS SFE Questionnaire B
XGOVEXP.IMF,MUS,2023,Data Status,Data reporting,"FINANCE DATA: IMF, World Economic Outlook"
XGOVEXP.IMF,MUS,2023,Source,Data sources,Country's submission to UIS SFE Questionnaire B
XGOVEXP.IMF,MUS,2024,Data Status,Data reporting,"FINANCE DATA: IMF, World Economic Outlook"
XGOVEXP.IMF,MUS,2024,Source,Data sources,Country's submission to UIS SFE Questionnaire B
XGOVEXP.IMF,MWI,2000,Data Status,Data reporting,"FINANCE DATA: IMF, World Economic Outlook"
XGOVEXP.IMF,MWI,2000,Source,Data sources,Country's submission to UIS SFE Questionnaire B
XGOVEXP.IMF,MWI,2001,Data Status,Data reporting,"FINANCE DATA: IMF, World Economic Outlook"
XGOVEXP.IMF,MWI,2001,Source,Data sources,Country's submission to UIS SFE Questionnaire B
XGOVEXP.IMF,MWI,2003,Data Status,Data reporting,"FINANCE DATA: IMF, World Economic Outlook"
XGOVEXP.IMF,MWI,2003,Source,Data sources,Country's submission to UIS SFE Questionnaire B
XGOVEXP.IMF,MWI,2010,Data Status,Data reporting,"FINANCE DATA: IMF, World Economic Outlook"
XGOVEXP.IMF,MWI,2010,Source,Data sources,Country's submission to UIS SFE Questionnaire B
XGOVEXP.IMF,MWI,2011,Data Status,Data reporting,"FINANCE DATA: IMF, World Economic Outlook"
XGOVEXP.IMF,MWI,2011,Source,Data sources,Country's submission to UIS SFE Questionnaire B
XGOVEXP.IMF,MWI,2012,Source,Data sources,UIS Dynamic Template (mined data) based on Statistical Yearbook 2017 (http://www.nsomalawi.mw/images/stories/data_on_line/general/yearbook/2017%20Statistical%20Yearbook.pdf)
XGOVEXP.IMF,MWI,2013,Data Status,Data reporting,"FINANCE DATA: IMF, World Economic Outlook"
XGOVEXP.IMF,MWI,2013,Source,Data sources,Country's submission to UIS SFE Questionnaire B
XGOVEXP.IMF,MWI,2014,Data Status,Data reporting,"FINANCE DATA: IMF, World Economic Outlook"
XGOVEXP.IMF,MWI,2014,Source,Data sources,Country's submission to UIS SFE Questionnaire B
XGOVEXP.IMF,MWI,2015,Data Status,Data reporting,"FINANCE DATA: IMF, World Economic Outlook"
XGOVEXP.IMF,MWI,2015,Source,Data sources,Country's submission to UIS SFE Questionnaire B
XGOVEXP.IMF,MWI,2016,Data Status,Data reporting,"FINANCE DATA: IMF, World Economic Outlook"
XGOVEXP.IMF,MWI,2016,Source,Data sources,Country's submission to UIS SFE Questionnaire B
XGOVEXP.IMF,MWI,2017,Data Status,Data reporting,"FINANCE DATA: IMF, World Economic Outlook"
XGOVEXP.IMF,MWI,2017,Source,Data sources,Country's submission to UIS SFE Questionnaire B
XGOVEXP.IMF,MWI,2018,Data Status,Data reporting,"FINANCE DATA: IMF, World Economic Outlook"
XGOVEXP.IMF,MWI,2018,Source,Data sources,Country's submission to UIS SFE Questionnaire B
XGOVEXP.IMF,MWI,2020,Source,Data sources,UIS Dynamic Template (mined data) based on DRAFT 2020/21 FINANCIAL STATEMENT (https://www.finance.gov.mw/index.php/our-documents/budget-statements?download=97:draft-financial-statement-2020-21-9-9-20-final)
XGOVEXP.IMF,MWI,2021,Source,Data sources,UIS Dynamic Template (mined data) based on DRAFT 2020/21 FINANCIAL STATEMENT (https://www.finance.gov.mw/index.php/our-documents/budget-statements?download=97:draft-financial-statement-2020-21-9-9-20-final)
XGOVEXP.IMF,MWI,2023,Source,Data sources,UIS Dynamic Template (mined data) based on Citizen budget 2024/25 (https://www.unicef.org/malawi/media/11516/file/GoM_Citizen's_Budget_2024-25_Brochure_ENG_Web.pdf.pdf)
XGOVEXP.IMF,MWI,2024,Source,Data sources,UIS Dynamic Template (mined data) based on Citizen budget 2024/25 (https://www.unicef.org/malawi/media/11516/file/GoM_Citizen's_Budget_2024-25_Brochure_ENG_Web.pdf.pdf)
XGOVEXP.IMF,MYS,2000,Data Status,Data reporting,"FINANCE DATA: IMF, World Economic Outlook"
XGOVEXP.IMF,MYS,2000,Source,Data sources,Country's submission to UIS SFE Questionnaire B
XGOVEXP.IMF,MYS,2001,Data Status,Data reporting,"FINANCE DATA: IMF, World Economic Outlook"
XGOVEXP.IMF,MYS,2001,Source,Data sources,Country's submission to UIS SFE Questionnaire B
XGOVEXP.IMF,MYS,2002,Data Status,Data reporting,"FINANCE DATA: IMF, World Economic Outlook"
XGOVEXP.IMF,MYS,2002,Source,Data sources,Country's submission to UIS SFE Questionnaire B
XGOVEXP.IMF,MYS,2003,Data Status,Data reporting,"FINANCE DATA: IMF, World Economic Outlook"
XGOVEXP.IMF,MYS,2003,Source,Data sources,Country's submission to UIS SFE Questionnaire B
XGOVEXP.IMF,MYS,2004,Data Status,Data reporting,"FINANCE DATA: IMF, World Economic Outlook"
XGOVEXP.IMF,MYS,2004,Source,Data sources,Country's submission to UIS SFE Questionnaire B
XGOVEXP.IMF,MYS,2006,Data Status,Data reporting,"FINANCE DATA: IMF, World Economic Outlook"
XGOVEXP.IMF,MYS,2006,Source,Data sources,Country's submission to UIS SFE Questionnaire B
XGOVEXP.IMF,MYS,2007,Data Status,Data reporting,"FINANCE DATA: IMF, World Economic Outlook"
XGOVEXP.IMF,MYS,2007,Source,Data sources,Country's submission to UIS SFE Questionnaire B
XGOVEXP.IMF,MYS,2008,Data Status,Data reporting,"FINANCE DATA: IMF, World Economic Outlook"
XGOVEXP.IMF,MYS,2008,Source,Data sources,Country's submission to UIS SFE Questionnaire B
XGOVEXP.IMF,MYS,2009,Data Status,Data reporting,"FINANCE DATA: IMF, World Economic Outlook"
XGOVEXP.IMF,MYS,2009,Source,Data sources,Country's submission to UIS SFE Questionnaire B
XGOVEXP.IMF,MYS,2010,Data Status,Data reporting,"FINANCE DATA: IMF, World Economic Outlook"
XGOVEXP.IMF,MYS,2010,Source,Data sources,Country's submission to UIS SFE Questionnaire B
XGOVEXP.IMF,MYS,2011,Data Status,Data reporting,"FINANCE DATA: IMF, World Economic Outlook"
XGOVEXP.IMF,MYS,2011,Source,Data sources,Country's submission to UIS SFE Questionnaire B
XGOVEXP.IMF,MYS,2012,Data Status,Data reporting,"FINANCE DATA: IMF, World Economic Outlook"
XGOVEXP.IMF,MYS,2012,Source,Data sources,Country's submission to UIS SFE Questionnaire B
XGOVEXP.IMF,MYS,2013,Data Status,Data reporting,"FINANCE DATA: IMF, World Economic Outlook"
XGOVEXP.IMF,MYS,2013,Source,Data sources,Country's submission to UIS SFE Questionnaire B
XGOVEXP.IMF,MYS,2014,Data Status,Data reporting,"FINANCE DATA: IMF, World Economic Outlook"
XGOVEXP.IMF,MYS,2014,Source,Data sources,Country's submission to UIS SFE Questionnaire B
XGOVEXP.IMF,MYS,2015,Data Status,Data reporting,"FINANCE DATA: IMF, World Economic Outlook"
XGOVEXP.IMF,MYS,2015,Source,Data sources,Country's submission to UIS SFE Questionnaire B
XGOVEXP.IMF,MYS,2016,Data Status,Data reporting,"FINANCE DATA: IMF, World Economic Outlook"
XGOVEXP.IMF,MYS,2016,Source,Data sources,Country's submission to UIS SFE Questionnaire B
XGOVEXP.IMF,MYS,2017,Data Status,Data reporting,"FINANCE DATA: IMF, World Economic Outlook"
XGOVEXP.IMF,MYS,2017,Source,Data sources,Country's submission to UIS SFE Questionnaire B
XGOVEXP.IMF,MYS,2018,Data Status,Data reporting,"FINANCE DATA: IMF, World Economic Outlook"
XGOVEXP.IMF,MYS,2018,Source,Data sources,Country's submission to UIS SFE Questionnaire B
XGOVEXP.IMF,MYS,2019,Data Status,Data reporting,"FINANCE DATA: IMF, World Economic Outlook"
XGOVEXP.IMF,MYS,2019,Source,Data sources,Country's submission to UIS SFE Questionnaire B
XGOVEXP.IMF,MYS,2020,Data Status,Data reporting,"FINANCE DATA: IMF, World Economic Outlook"
XGOVEXP.IMF,MYS,2020,Source,Data sources,Country's submission to UIS SFE Questionnaire B
XGOVEXP.IMF,MYS,2021,Source,Data sources,UIS Dynamic template based on Budget Speech 2021 (https://www.mof.gov.my/portal/arkib/budget/2021/bs21.pdf)
XGOVEXP.IMF,MYS,2022,Source,Data sources,UIS Dynamic template based on data provided by country
XGOVEXP.IMF,MYS,2023,Data Status,Data reporting,"FINANCE DATA: IMF, World Economic Outlook"
XGOVEXP.IMF,MYS,2023,Source,Data sources,Country's submission to UIS SFE Questionnaire B
XGOVEXP.IMF,NAM,2000,Data Status,Data reporting,"FINANCE DATA: IMF, World Economic Outlook"
XGOVEXP.IMF,NAM,2000,Source,Data sources,Country's submission to UIS SFE Questionnaire B
XGOVEXP.IMF,NAM,2001,Data Status,Data reporting,"FINANCE DATA: IMF, World Economic Outlook"
XGOVEXP.IMF,NAM,2001,Source,Data sources,Country's submission to UIS SFE Questionnaire B
XGOVEXP.IMF,NAM,2002,Data Status,Data reporting,"FINANCE DATA: IMF, World Economic Outlook"
XGOVEXP.IMF,NAM,2002,Source,Data sources,Country's submission to UIS SFE Questionnaire B
XGOVEXP.IMF,NAM,2003,Data Status,Data reporting,"FINANCE DATA: IMF, World Economic Outlook"
XGOVEXP.IMF,NAM,2003,Source,Data sources,Country's submission to UIS SFE Questionnaire B
XGOVEXP.IMF,NAM,2006,Data Status,Data reporting,"FINANCE DATA: IMF, World Economic Outlook"
XGOVEXP.IMF,NAM,2006,Source,Data sources,Country's submission to UIS SFE Questionnaire B
XGOVEXP.IMF,NAM,2008,Data Status,Data reporting,"FINANCE DATA: IMF, World Economic Outlook"
XGOVEXP.IMF,NAM,2008,Source,Data sources,Country's submission to UIS SFE Questionnaire B
XGOVEXP.IMF,NAM,2010,Data Status,Data reporting,"FINANCE DATA: IMF, World Economic Outlook"
XGOVEXP.IMF,NAM,2010,Source,Data sources,Country's submission to UIS SFE Questionnaire B
XGOVEXP.IMF,NAM,2011,Source,Data sources,UIS Dynamic Template (mined data) based on Estimates of Revenue and Expenditure 1 April 2012 to 31 March 2015 (https://www.cabri-sbo.org/en/documents/estimates-of-revenue-and-expenditure-1-april-2012-to-31-march-2015)
XGOVEXP.IMF,NAM,2012,Source,Data sources,UIS Dynamic Template (mined data) based on Estimates of Revenue and Expenditure 1 April 2013 to 31 March 2016 (https://www.cabri-sbo.org/en/documents/estimates-of-revenue-and-expenditure-april-2013-to-31-march-2016)
XGOVEXP.IMF,NAM,2013,Source,Data sources,"UIS Dynamic Template (mined data) based on Estimates of Revenue, Income and Expenditure 01 April 2014 to 31 March 2017 (https://mof.gov.na/documents/35641/36556/Esimates+2014-15.pdf/49962665-f32e-e85f-b918-ee35599e88db)"
XGOVEXP.IMF,NAM,2014,Source,Data sources,"UIS Dynamic Template (mined data) based on Estimates of Revenue, Income and Expenditure 01 April 2015 to 31 March 2018 (https://mof.gov.na/documents/35641/36556/Estmates+2015-2016.pdf/711ce4d9-1e71-17f8-f6d6-2534416f640d)"
XGOVEXP.IMF,NAM,2015,Source,Data sources,"UIS Dynamic Template (mined data) based on Estimates of Revenue, Income and Expenditure 01 April 2016 to 31 March 2019 (https://mof.gov.na/documents/35641/36556/Estimates+2016+17.pdf/4eb1f160-f65b-e276-d7b4-0b0aa78cd53a)"
XGOVEXP.IMF,NAM,2016,Source,Data sources,"UIS Dynamic Template (mined data) based on Estimates of Revenue, Income and Expenditure 01 April 2017 to 31 March 2020 (https://mof.gov.na/documents/35641/36556/Estimates++2017-18.pdf/5016fba7-5fc0-80cf-31ed-579562168122)"
XGOVEXP.IMF,NAM,2017,Source,Data sources,"UIS Dynamic Template (mined data) based on Estimates of Revenue, Income and Expenditure 01 April 2018 to 31 March 2021 (https://mof.gov.na/documents/35641/36556/Estimates+2018-19+%282%29.pdf/c3ac5462-03ad-27b0-0e4a-7b391cab122b)"
XGOVEXP.IMF,NAM,2018,Source,Data sources,"UIS Dynamic Template (mined data) based on Estimates of Revenue, Income and Expenditure 01 April 2019 to 31 March 2022 (https://mof.gov.na/documents/35641/36556/%2312843+MoF+ESTIMATE+2019+-+20.pdf/be9467a4-05bb-aa99-bd8e-ef02f1d1bf0a)"
XGOVEXP.IMF,NAM,2019,Source,Data sources,"UIS Dynamic Template (mined data) based on Estimates of Revenue, Income and Expenditure for the 2020/21 Financial Year (https://mof.gov.na/documents/35641/36556/FINAL+ESTIMATES_2020-2117H59.pdf/7044459b-4726-f4e4-c870-1f78012755f0)"
XGOVEXP.IMF,NAM,2020,Source,Data sources,"UIS Dynamic Template (mined data) based on Estimates of Revenue, Income and Expenditure for the 2021/2022 - 2023/2024 Financial Year (https://mof.gov.na/documents/35641/36556/ESTIMATES+2021_22.pdf/27eaa667-d142-0376-2d05-d3641786262d)"
XGOVEXP.IMF,NAM,2021,Source,Data sources,"UIS Dynamic Template (mined data) based on Estimates of Revenue, Income and Expenditure 2022/23  2024/25 (https://mof.gov.na/documents/35641/36556/ESTIMATES+2022_23.pdf/eadb299c-5d81-69c9-4a77-a85c1f682c25)"
XGOVEXP.IMF,NAM,2022,Source,Data sources,"UIS Dynamic Template (mined data) based on Estimates of Revenue, Income and Expenditure 2022/23  2024/25 (https://mof.gov.na/documents/35641/36556/ESTIMATES+2022_23.pdf/eadb299c-5d81-69c9-4a77-a85c1f682c25)"
XGOVEXP.IMF,NAM,2024,Source,Data sources,"UIS Dynamic Template (mined data) based on ESTIMATES OF REVENUE, INCOME & EXPENDITURE 01 APRIL 2023 TO 31 MARCH 2026 (https://mfpe.gov.na/documents/76368/3387132/FINAL+ESTIMATES+202324+-2025-26+%28+25+FEB+2023%29.pdf/fbe7a81c-5360-1cfc-3124-c91c575aacee?version=1.0&t=1709718483333&download=true)"
XGOVEXP.IMF,NAM,2025,Source,Data sources,"UIS Dynamic Template (mined data) based on ESTIMATES OF REVENUE, INCOME & EXPENDITURE 01 APRIL 2023 TO 31 MARCH 2026 (https://mfpe.gov.na/documents/76368/3387132/FINAL+ESTIMATES+202324+-2025-26+%28+25+FEB+2023%29.pdf/fbe7a81c-5360-1cfc-3124-c91c575aacee?version=1.0&t=1709718483333&download=true)"
XGOVEXP.IMF,NER,2000,Data Status,Data reporting,"FINANCE DATA: IMF, World Economic Outlook"
XGOVEXP.IMF,NER,2000,Source,Data sources,Country's submission to UIS SFE Questionnaire B
XGOVEXP.IMF,NER,2001,Data Status,Data reporting,"FINANCE DATA: IMF, World Economic Outlook"
XGOVEXP.IMF,NER,2001,Source,Data sources,Country's submission to UIS SFE Questionnaire B
XGOVEXP.IMF,NER,2002,Data Status,Data reporting,"FINANCE DATA: IMF, World Economic Outlook"
XGOVEXP.IMF,NER,2002,Source,Data sources,Country's submission to UIS SFE Questionnaire B
XGOVEXP.IMF,NER,2003,Data Status,Data reporting,"FINANCE DATA: IMF, World Economic Outlook"
XGOVEXP.IMF,NER,2003,Source,Data sources,Country's submission to UIS SFE Questionnaire B
XGOVEXP.IMF,NER,2006,Data Status,Data reporting,"FINANCE DATA: IMF, World Economic Outlook"
XGOVEXP.IMF,NER,2006,Source,Data sources,Country's submission to UIS SFE Questionnaire B
XGOVEXP.IMF,NER,2007,Data Status,Data reporting,"FINANCE DATA: IMF, World Economic Outlook"
XGOVEXP.IMF,NER,2007,Source,Data sources,Country's submission to UIS SFE Questionnaire B
XGOVEXP.IMF,NER,2008,Data Status,Data reporting,"FINANCE DATA: IMF, World Economic Outlook"
XGOVEXP.IMF,NER,2008,Source,Data sources,Country's submission to UIS SFE Questionnaire B
XGOVEXP.IMF,NER,2009,Data Status,Data reporting,"FINANCE DATA: IMF, World Economic Outlook"
XGOVEXP.IMF,NER,2009,Source,Data sources,Country's submission to UIS SFE Questionnaire B
XGOVEXP.IMF,NER,2010,Data Status,Data reporting,"FINANCE DATA: IMF, World Economic Outlook"
XGOVEXP.IMF,NER,2010,Source,Data sources,Country's submission to UIS SFE Questionnaire B
XGOVEXP.IMF,NER,2011,Data Status,Data reporting,"FINANCE DATA: IMF, World Economic Outlook"
XGOVEXP.IMF,NER,2011,Source,Data sources,Country's submission to UIS SFE Questionnaire B
XGOVEXP.IMF,NER,2012,Data Status,Data reporting,"FINANCE DATA: IMF, World Economic Outlook"
XGOVEXP.IMF,NER,2012,Source,Data sources,Country's submission to UIS SFE Questionnaire B
XGOVEXP.IMF,NER,2013,Data Status,Data reporting,"FINANCE DATA: IMF, World Economic Outlook"
XGOVEXP.IMF,NER,2013,Source,Data sources,Country's submission to UIS SFE Questionnaire B
XGOVEXP.IMF,NER,2014,Data Status,Data reporting,"FINANCE DATA: IMF, World Economic Outlook"
XGOVEXP.IMF,NER,2014,Source,Data sources,Country's submission to UIS SFE Questionnaire B
XGOVEXP.IMF,NER,2015,Data Status,Data reporting,"FINANCE DATA: IMF, World Economic Outlook"
XGOVEXP.IMF,NER,2015,Source,Data sources,Country's submission to UIS SFE Questionnaire B
XGOVEXP.IMF,NER,2016,Data Status,Data reporting,"FINANCE DATA: IMF, World Economic Outlook"
XGOVEXP.IMF,NER,2016,Source,Data sources,Country's submission to UIS SFE Questionnaire B
XGOVEXP.IMF,NER,2017,Data Status,Data reporting,"FINANCE DATA: IMF, World Economic Outlook"
XGOVEXP.IMF,NER,2017,Source,Data sources,Country's submission to UIS SFE Questionnaire B
XGOVEXP.IMF,NER,2018,Data Status,Data reporting,"FINANCE DATA: IMF, World Economic Outlook"
XGOVEXP.IMF,NER,2018,Source,Data sources,Country's submission to UIS SFE Questionnaire B
XGOVEXP.IMF,NER,2019,Source,Data sources,UIS Dynamic Template (mined data) based on Loi de finances 2019 (http://www.finances.gouv.ne/index.php/lois-de-finances/category/118-loi-de-finances-2019)
XGOVEXP.IMF,NER,2020,Source,Data sources,UIS Dynamic Template (mined data) based on Loi de finances 2020 (http://www.finances.gouv.ne/index.php/lois-de-finances/category/129-loi-de-finances-2020)
XGOVEXP.IMF,NER,2021,Source,Data sources,UIS Dynamic Template (mined data) based on Loi de finances 2021 (http://www.finances.gouv.ne/index.php/lois-de-finances/category/135-loi-de-finances-2021)
XGOVEXP.IMF,NER,2022,Source,Data sources,UIS Dynamic Template (mined data) based on Loi de finances 2022 (http://www.finances.gouv.ne/index.php/lois-de-finances/category/140-loi-de-finances-2022)
XGOVEXP.IMF,NER,2023,Source,Data sources,UIS Dynamic Template (mined data) based on Loi de finances 2023 (http://www.finances.gouv.ne/index.php/lois-de-finances/category/152-loi-de-finances-2023)
XGOVEXP.IMF,NGA,2012,Source,Data sources,UIS Dynamic Template (mined data) based on REVISED 2012 APPROPRIATION BILL (https://www.budgetoffice.gov.ng/index.php/2012-budget?start=30)
XGOVEXP.IMF,NGA,2013,Source,Data sources,UIS Dynamic Template (mined data) based on APPROPRIATION BILL 2013 (http://library.procurementmonitor.org/backend/files/BILL%202013%20FINAL%20SUPER.pdf)
XGOVEXP.IMF,NGA,2014,Source,Data sources,UIS Dynamic Template (mined data) based on APPROPRIATION BILL 2014 (https://www.budgetoffice.gov.ng/index.php/2014-budget?start=45)
XGOVEXP.IMF,NGA,2015,Source,Data sources,UIS Dynamic Template (mined data) based on APPROPRIATION BILL 2015 (https://www.yourbudgit.com/wp-content/uploads/2015/05/2015-APPROPRIATION-ACT.pdf)
XGOVEXP.IMF,NGA,2016,Source,Data sources,UIS Dynamic Template (mined data) based on APPROPRIATION ACT 2016 (https://www.budgetoffice.gov.ng/index.php/2016-budget?task=document.viewdoc&id=11)
XGOVEXP.IMF,NGA,2017,Source,Data sources,UIS Dynamic Template (mined data) based on APPROPRIATION BILL 2017 (https://www.budgetoffice.gov.ng/index.php/fgn-2017-budget-proposal-appropriation-bill)
XGOVEXP.IMF,NGA,2018,Source,Data sources,UIS Dynamic Template (mined data) based on APPROPRIATION BILL 2018 (https://www.budgetoffice.gov.ng/index.php/2018-budget)
XGOVEXP.IMF,NGA,2019,Source,Data sources,UIS Dynamic Template (mined data) based on APPROPRIATION BILL 2019 (https://www.budgetoffice.gov.ng/index.php/resources/internal-resources/budget-documents/2019-budget)
XGOVEXP.IMF,NGA,2020,Source,Data sources,UIS Dynamic Template (mined data) based on APPROPRIATION BILL 2020 (https://www.budgetoffice.gov.ng/index.php/resources/internal-resources/budget-documents/2020-budget/2020-revised-budget)
XGOVEXP.IMF,NGA,2021,Source,Data sources,UIS Dynamic Template (mined data) based on APPROPRIATION BILL 2021 (https://www.budgetoffice.gov.ng/index.php/resources/internal-resources/budget-documents/2021-budget)
XGOVEXP.IMF,NGA,2022,Source,Data sources,UIS Dynamic Template (mined data) based on APPROPRIATION BILL 2022 (https://www.budgetoffice.gov.ng/index.php/2022-appropriation-bill?task=document.viewdoc&id=951)
XGOVEXP.IMF,NGA,2023,Source,Data sources,UIS Dynamic Template (mined data) based on APPROPRIATION BILL 2023 (https://budgetoffice.gov.ng/index.php/appropriation-bill-2023/appropriation-bill-2023/download)
XGOVEXP.IMF,NGA,2024,Source,Data sources,UIS Dynamic Template (mined data) based on APPROPRIATION BILL 2024 (https://budgetoffice.gov.ng/index.php/2024-appropriation-act/2024-appropriation-act/download )
XGOVEXP.IMF,NIC,2000,Data Status,Data reporting,FINANCE DATA: National government expenditures data
XGOVEXP.IMF,NIC,2000,Source,Data sources,Country's submission to UIS SFE Questionnaire B
XGOVEXP.IMF,NIC,2002,Data Status,Data reporting,FINANCE DATA: National government expenditures data
XGOVEXP.IMF,NIC,2002,Source,Data sources,Country's submission to UIS SFE Questionnaire B
XGOVEXP.IMF,NIC,2003,Data Status,Data reporting,FINANCE DATA: National government expenditures data
XGOVEXP.IMF,NIC,2003,Source,Data sources,Country's submission to UIS SFE Questionnaire B
XGOVEXP.IMF,NIC,2010,Data Status,Data reporting,FINANCE DATA: National government expenditures data
XGOVEXP.IMF,NIC,2010,Source,Data sources,Country's submission to UIS SFE Questionnaire B
XGOVEXP.IMF,NIC,2014,Data Status,Data reporting,FINANCE DATA: National government expenditures data
XGOVEXP.IMF,NIC,2014,Source,Data sources,Country's submission to UIS SFE Questionnaire B
XGOVEXP.IMF,NIC,2015,Data Status,Data reporting,FINANCE DATA: National government expenditures data
XGOVEXP.IMF,NIC,2015,Source,Data sources,Country's submission to UIS SFE Questionnaire B
XGOVEXP.IMF,NIC,2016,Data Status,Data reporting,FINANCE DATA: National government expenditures data
XGOVEXP.IMF,NIC,2016,Source,Data sources,Country's submission to UIS SFE Questionnaire B
XGOVEXP.IMF,NIC,2017,Data Status,Data reporting,FINANCE DATA: National government expenditures data
XGOVEXP.IMF,NIC,2017,Source,Data sources,Country's submission to UIS SFE Questionnaire B
XGOVEXP.IMF,NIC,2018,Source,Data sources,UIS Dynamic Template (mined data) based on Informe de Liquidacion del Presupuesto General de la Republica 2018 (http://www.hacienda.gob.ni/documentos/presupuesto/informes)
XGOVEXP.IMF,NIC,2019,Source,Data sources,UIS Dynamic Template (mined data) based on Informe de Liquidacion del Presupuesto General de la Republica 2019 (http://www.hacienda.gob.ni/documentos/presupuesto/informes)
XGOVEXP.IMF,NIC,2020,Source,Data sources,UIS Dynamic Template (mined data) based on Informe de Liquidacion del Presupuesto General de la Republica 2020; Cuadros de Estadisticas del IPC - Junio 2022 (http://www.hacienda.gob.ni/documentos/presupuesto/informes; https://www.inide.gob.ni/Home/ipc)
XGOVEXP.IMF,NIC,2021,Source,Data sources,UIS Dynamic Template (mined data) based on Informe de Liquidacion del Presupuesto General de la Republica 2020; Cuadros de Estadisticas del IPC - Junio 2022 (http://www.hacienda.gob.ni/documentos/presupuesto/informes; https://www.inide.gob.ni/Home/ipc)
XGOVEXP.IMF,NIC,2022,Source,Data sources,UIS Dynamic Template (mined data) based on Informe de Liquidacion del Presupuesto General de la Republica 2022 (http://www.hacienda.gob.ni/documentos/presupuesto/informes/2022/Informe%20de%20Liqudacion%20del%20Presupuesto%20General%20de%20la%20Republica%202022.pdf/at_download/file)
XGOVEXP.IMF,NIC,2023,Data Status,Data reporting,FINANCE DATA: National government expenditures data
XGOVEXP.IMF,NIC,2023,Source,Data sources,Country's submission to UIS SFE Questionnaire B
XGOVEXP.IMF,NIC,2024,Source,Data sources,UIS Dynamic Template (mined data) based on Presupuesto. Clasificacion por Institucion (http://www.hacienda.gob.ni/hacienda/presupuesto2024/pgr/4.ClasificacionInstitucion.pdf)
XGOVEXP.IMF,NIU,2020,Source,Data sources,UIS Dynamic Template (mined data) based on FISCAL STRATEGY AND NATIONAL BUDGET OVERVIEW FINANCIAL YEAR 2023 - 2024 - Book 1 (https://mof.gov.nu/wp-content/uploads/2024/04/Book-1-Budget-FY-2023_24.pdf)
XGOVEXP.IMF,NIU,2021,Source,Data sources,UIS Dynamic Template (mined data) based on FISCAL STRATEGY AND NATIONAL BUDGET OVERVIEW FINANCIAL YEAR 2023 - 2024 - Book 1 (https://mof.gov.nu/wp-content/uploads/2024/04/Book-1-Budget-FY-2023_24.pdf)
XGOVEXP.IMF,NIU,2022,Source,Data sources,UIS Dynamic Template (mined data) based on FISCAL STRATEGY AND NATIONAL BUDGET OVERVIEW FINANCIAL YEAR 2023 - 2024 - Book 1 (https://mof.gov.nu/wp-content/uploads/2024/04/Book-1-Budget-FY-2023_24.pdf)
XGOVEXP.IMF,NIU,2023,Source,Data sources,UIS Dynamic Template (mined data) based on FISCAL STRATEGY AND NATIONAL BUDGET OVERVIEW FINANCIAL YEAR 2023 - 2024 - Book 1 (https://mof.gov.nu/wp-content/uploads/2024/04/Book-1-Budget-FY-2023_24.pdf)
XGOVEXP.IMF,NIU,2024,Source,Data sources,UIS Dynamic Template (mined data) based on FISCAL STRATEGY AND NATIONAL BUDGET OVERVIEW FINANCIAL YEAR 2024 - 2025 (https://mof.gov.nu/wp-content/uploads/2024/07/Budget-FY-2024_25-Book1-FINAL.pdf)
XGOVEXP.IMF,NIU,2025,Source,Data sources,UIS Dynamic Template (mined data) based on FISCAL STRATEGY AND NATIONAL BUDGET OVERVIEW FINANCIAL YEAR 2024 - 2025 (https://mof.gov.nu/wp-content/uploads/2024/07/Budget-FY-2024_25-Book1-FINAL.pdf)
XGOVEXP.IMF,NLD,2000,Data Status,Data reporting,"FINANCE DATA: IMF, World Economic Outlook"
XGOVEXP.IMF,NLD,2000,Source,Data sources,Country's submission to UNESCO OECD Eurostat (UOE) joint data collection
XGOVEXP.IMF,NLD,2001,Data Status,Data reporting,"FINANCE DATA: IMF, World Economic Outlook"
XGOVEXP.IMF,NLD,2001,Source,Data sources,Country's submission to UNESCO OECD Eurostat (UOE) joint data collection
XGOVEXP.IMF,NLD,2002,Data Status,Data reporting,"FINANCE DATA: IMF, World Economic Outlook"
XGOVEXP.IMF,NLD,2002,Source,Data sources,Country's submission to UNESCO OECD Eurostat (UOE) joint data collection
XGOVEXP.IMF,NLD,2003,Data Status,Data reporting,"FINANCE DATA: IMF, World Economic Outlook"
XGOVEXP.IMF,NLD,2003,Source,Data sources,Country's submission to UNESCO OECD Eurostat (UOE) joint data collection
XGOVEXP.IMF,NLD,2004,Data Status,Data reporting,"FINANCE DATA: IMF, World Economic Outlook"
XGOVEXP.IMF,NLD,2004,Source,Data sources,Country's submission to UNESCO OECD Eurostat (UOE) joint data collection
XGOVEXP.IMF,NLD,2005,Data Status,Data reporting,"FINANCE DATA: IMF, World Economic Outlook"
XGOVEXP.IMF,NLD,2005,Source,Data sources,Country's submission to UNESCO OECD Eurostat (UOE) joint data collection
XGOVEXP.IMF,NLD,2006,Data Status,Data reporting,"FINANCE DATA: IMF, World Economic Outlook"
XGOVEXP.IMF,NLD,2006,Source,Data sources,Country's submission to UNESCO OECD Eurostat (UOE) joint data collection
XGOVEXP.IMF,NLD,2007,Data Status,Data reporting,"FINANCE DATA: IMF, World Economic Outlook"
XGOVEXP.IMF,NLD,2007,Source,Data sources,Country's submission to UNESCO OECD Eurostat (UOE) joint data collection
XGOVEXP.IMF,NLD,2008,Data Status,Data reporting,"FINANCE DATA: IMF, World Economic Outlook"
XGOVEXP.IMF,NLD,2008,Source,Data sources,Country's submission to UNESCO OECD Eurostat (UOE) joint data collection
XGOVEXP.IMF,NLD,2009,Data Status,Data reporting,"FINANCE DATA: IMF, World Economic Outlook"
XGOVEXP.IMF,NLD,2009,Source,Data sources,Country's submission to UNESCO OECD Eurostat (UOE) joint data collection
XGOVEXP.IMF,NLD,2010,Data Status,Data reporting,"FINANCE DATA: IMF, World Economic Outlook"
XGOVEXP.IMF,NLD,2010,Source,Data sources,Country's submission to UNESCO OECD Eurostat (UOE) joint data collection
XGOVEXP.IMF,NLD,2011,Data Status,Data reporting,"FINANCE DATA: IMF, World Economic Outlook"
XGOVEXP.IMF,NLD,2011,Source,Data sources,Country's submission to UNESCO OECD Eurostat (UOE) joint data collection
XGOVEXP.IMF,NLD,2012,Data Status,Data reporting,"FINANCE DATA: IMF, World Economic Outlook"
XGOVEXP.IMF,NLD,2012,Source,Data sources,Country's submission to UNESCO OECD Eurostat (UOE) joint data collection
XGOVEXP.IMF,NLD,2013,Data Status,Data reporting,"FINANCE DATA: IMF, World Economic Outlook"
XGOVEXP.IMF,NLD,2013,Source,Data sources,Country's submission to UNESCO OECD Eurostat (UOE) joint data collection
XGOVEXP.IMF,NLD,2014,Data Status,Data reporting,"FINANCE DATA: IMF, World Economic Outlook"
XGOVEXP.IMF,NLD,2014,Source,Data sources,Country's submission to UNESCO OECD Eurostat (UOE) joint data collection
XGOVEXP.IMF,NLD,2015,Data Status,Data reporting,"FINANCE DATA: IMF, World Economic Outlook"
XGOVEXP.IMF,NLD,2015,Source,Data sources,Country's submission to UNESCO OECD Eurostat (UOE) joint data collection
XGOVEXP.IMF,NLD,2016,Data Status,Data reporting,"FINANCE DATA: IMF, World Economic Outlook"
XGOVEXP.IMF,NLD,2016,Source,Data sources,Country's submission to UNESCO OECD Eurostat (UOE) joint data collection
XGOVEXP.IMF,NLD,2017,Data Status,Data reporting,"FINANCE DATA: IMF, World Economic Outlook"
XGOVEXP.IMF,NLD,2017,Source,Data sources,Country's submission to UNESCO OECD Eurostat (UOE) joint data collection
XGOVEXP.IMF,NLD,2018,Data Status,Data reporting,"FINANCE DATA: IMF, World Economic Outlook"
XGOVEXP.IMF,NLD,2018,Source,Data sources,Country's submission to UNESCO OECD Eurostat (UOE) joint data collection
XGOVEXP.IMF,NLD,2019,Data Status,Data reporting,"FINANCE DATA: IMF, World Economic Outlook"
XGOVEXP.IMF,NLD,2019,Source,Data sources,Country's submission to UNESCO OECD Eurostat (UOE) joint data collection
XGOVEXP.IMF,NLD,2020,Data Status,Data reporting,"FINANCE DATA: IMF, World Economic Outlook"
XGOVEXP.IMF,NLD,2020,Source,Data sources,Country's submission to UNESCO OECD Eurostat (UOE) joint data collection
XGOVEXP.IMF,NLD,2021,Data Status,Data reporting,"FINANCE DATA: IMF, World Economic Outlook"
XGOVEXP.IMF,NLD,2021,Source,Data sources,Country's submission to UNESCO OECD Eurostat (UOE) joint data collection
XGOVEXP.IMF,NLD,2022,Data Status,Data reporting,"FINANCE DATA: IMF, World Economic Outlook"
XGOVEXP.IMF,NLD,2022,Source,Data sources,Country's submission to UNESCO OECD Eurostat (UOE) joint data collection
XGOVEXP.IMF,NOR,2000,Data Status,Data reporting,"FINANCE DATA: IMF, World Economic Outlook"
XGOVEXP.IMF,NOR,2000,Source,Data sources,Country's submission to UNESCO OECD Eurostat (UOE) joint data collection
XGOVEXP.IMF,NOR,2001,Data Status,Data reporting,"FINANCE DATA: IMF, World Economic Outlook"
XGOVEXP.IMF,NOR,2001,Source,Data sources,Country's submission to UNESCO OECD Eurostat (UOE) joint data collection
XGOVEXP.IMF,NOR,2002,Data Status,Data reporting,"FINANCE DATA: IMF, World Economic Outlook"
XGOVEXP.IMF,NOR,2002,Source,Data sources,Country's submission to UNESCO OECD Eurostat (UOE) joint data collection
XGOVEXP.IMF,NOR,2003,Data Status,Data reporting,"FINANCE DATA: IMF, World Economic Outlook"
XGOVEXP.IMF,NOR,2003,Source,Data sources,Country's submission to UNESCO OECD Eurostat (UOE) joint data collection
XGOVEXP.IMF,NOR,2004,Data Status,Data reporting,"FINANCE DATA: IMF, World Economic Outlook"
XGOVEXP.IMF,NOR,2004,Source,Data sources,Country's submission to UNESCO OECD Eurostat (UOE) joint data collection
XGOVEXP.IMF,NOR,2005,Data Status,Data reporting,"FINANCE DATA: IMF, World Economic Outlook"
XGOVEXP.IMF,NOR,2005,Source,Data sources,Country's submission to UNESCO OECD Eurostat (UOE) joint data collection
XGOVEXP.IMF,NOR,2006,Data Status,Data reporting,"FINANCE DATA: IMF, World Economic Outlook"
XGOVEXP.IMF,NOR,2006,Source,Data sources,Country's submission to UNESCO OECD Eurostat (UOE) joint data collection
XGOVEXP.IMF,NOR,2007,Data Status,Data reporting,"FINANCE DATA: IMF, World Economic Outlook"
XGOVEXP.IMF,NOR,2007,Source,Data sources,Country's submission to UNESCO OECD Eurostat (UOE) joint data collection
XGOVEXP.IMF,NOR,2008,Data Status,Data reporting,"FINANCE DATA: IMF, World Economic Outlook"
XGOVEXP.IMF,NOR,2008,Source,Data sources,Country's submission to UNESCO OECD Eurostat (UOE) joint data collection
XGOVEXP.IMF,NOR,2009,Data Status,Data reporting,"FINANCE DATA: IMF, World Economic Outlook"
XGOVEXP.IMF,NOR,2009,Source,Data sources,Country's submission to UNESCO OECD Eurostat (UOE) joint data collection
XGOVEXP.IMF,NOR,2010,Data Status,Data reporting,"FINANCE DATA: IMF, World Economic Outlook"
XGOVEXP.IMF,NOR,2010,Source,Data sources,Country's submission to UNESCO OECD Eurostat (UOE) joint data collection
XGOVEXP.IMF,NOR,2011,Data Status,Data reporting,"FINANCE DATA: IMF, World Economic Outlook"
XGOVEXP.IMF,NOR,2011,Source,Data sources,Country's submission to UNESCO OECD Eurostat (UOE) joint data collection
XGOVEXP.IMF,NOR,2012,Data Status,Data reporting,"FINANCE DATA: IMF, World Economic Outlook"
XGOVEXP.IMF,NOR,2012,Source,Data sources,Country's submission to UNESCO OECD Eurostat (UOE) joint data collection
XGOVEXP.IMF,NOR,2013,Data Status,Data reporting,"FINANCE DATA: IMF, World Economic Outlook"
XGOVEXP.IMF,NOR,2013,Source,Data sources,Country's submission to UNESCO OECD Eurostat (UOE) joint data collection
XGOVEXP.IMF,NOR,2014,Data Status,Data reporting,"FINANCE DATA: IMF, World Economic Outlook"
XGOVEXP.IMF,NOR,2014,Source,Data sources,Country's submission to UNESCO OECD Eurostat (UOE) joint data collection
XGOVEXP.IMF,NOR,2015,Data Status,Data reporting,"FINANCE DATA: IMF, World Economic Outlook"
XGOVEXP.IMF,NOR,2015,Source,Data sources,Country's submission to UNESCO OECD Eurostat (UOE) joint data collection
XGOVEXP.IMF,NOR,2016,Data Status,Data reporting,"FINANCE DATA: IMF, World Economic Outlook"
XGOVEXP.IMF,NOR,2016,Source,Data sources,Country's submission to UNESCO OECD Eurostat (UOE) joint data collection
XGOVEXP.IMF,NOR,2017,Data Status,Data reporting,"FINANCE DATA: IMF, World Economic Outlook"
XGOVEXP.IMF,NOR,2017,Source,Data sources,Country's submission to UNESCO OECD Eurostat (UOE) joint data collection
XGOVEXP.IMF,NOR,2018,Data Status,Data reporting,"FINANCE DATA: IMF, World Economic Outlook"
XGOVEXP.IMF,NOR,2018,Source,Data sources,Country's submission to UNESCO OECD Eurostat (UOE) joint data collection
XGOVEXP.IMF,NOR,2019,Data Status,Data reporting,"FINANCE DATA: IMF, World Economic Outlook"
XGOVEXP.IMF,NOR,2019,Source,Data sources,Country's submission to UNESCO OECD Eurostat (UOE) joint data collection
XGOVEXP.IMF,NOR,2020,Data Status,Data reporting,"FINANCE DATA: IMF, World Economic Outlook"
XGOVEXP.IMF,NOR,2020,Source,Data sources,Country's submission to UNESCO OECD Eurostat (UOE) joint data collection
XGOVEXP.IMF,NOR,2021,Data Status,Data reporting,"FINANCE DATA: IMF, World Economic Outlook"
XGOVEXP.IMF,NOR,2021,Source,Data sources,Country's submission to UNESCO OECD Eurostat (UOE) joint data collection
XGOVEXP.IMF,NOR,2022,Data Status,Data reporting,"FINANCE DATA: IMF, World Economic Outlook"
XGOVEXP.IMF,NOR,2022,Source,Data sources,Country's submission to UNESCO OECD Eurostat (UOE) joint data collection
XGOVEXP.IMF,NPL,2000,Data Status,Data reporting,"FINANCE DATA: IMF, World Economic Outlook"
XGOVEXP.IMF,NPL,2000,Source,Data sources,Country's submission to UIS SFE Questionnaire B
XGOVEXP.IMF,NPL,2001,Data Status,Data reporting,"FINANCE DATA: IMF, World Economic Outlook"
XGOVEXP.IMF,NPL,2001,Source,Data sources,Country's submission to UIS SFE Questionnaire B
XGOVEXP.IMF,NPL,2002,Data Status,Data reporting,"FINANCE DATA: IMF, World Economic Outlook"
XGOVEXP.IMF,NPL,2002,Source,Data sources,Country's submission to UIS SFE Questionnaire B
XGOVEXP.IMF,NPL,2003,Data Status,Data reporting,"FINANCE DATA: IMF, World Economic Outlook"
XGOVEXP.IMF,NPL,2003,Source,Data sources,Country's submission to UIS SFE Questionnaire B
XGOVEXP.IMF,NPL,2004,Data Status,Data reporting,"FINANCE DATA: IMF, World Economic Outlook"
XGOVEXP.IMF,NPL,2004,Source,Data sources,Country's submission to UIS SFE Questionnaire B
XGOVEXP.IMF,NPL,2005,Data Status,Data reporting,"FINANCE DATA: IMF, World Economic Outlook"
XGOVEXP.IMF,NPL,2005,Source,Data sources,Country's submission to UIS SFE Questionnaire B
XGOVEXP.IMF,NPL,2006,Data Status,Data reporting,"FINANCE DATA: IMF, World Economic Outlook"
XGOVEXP.IMF,NPL,2006,Source,Data sources,Country's submission to UIS SFE Questionnaire B
XGOVEXP.IMF,NPL,2007,Data Status,Data reporting,"FINANCE DATA: IMF, World Economic Outlook"
XGOVEXP.IMF,NPL,2007,Source,Data sources,Country's submission to UIS SFE Questionnaire B
XGOVEXP.IMF,NPL,2008,Data Status,Data reporting,"FINANCE DATA: IMF, World Economic Outlook"
XGOVEXP.IMF,NPL,2008,Source,Data sources,Country's submission to UIS SFE Questionnaire B
XGOVEXP.IMF,NPL,2009,Data Status,Data reporting,"FINANCE DATA: IMF, World Economic Outlook"
XGOVEXP.IMF,NPL,2009,Source,Data sources,Country's submission to UIS SFE Questionnaire B
XGOVEXP.IMF,NPL,2010,Data Status,Data reporting,"FINANCE DATA: IMF, World Economic Outlook"
XGOVEXP.IMF,NPL,2010,Source,Data sources,Country's submission to UIS SFE Questionnaire B
XGOVEXP.IMF,NPL,2011,Data Status,Data reporting,"FINANCE DATA: IMF, World Economic Outlook"
XGOVEXP.IMF,NPL,2011,Source,Data sources,Country's submission to UIS SFE Questionnaire B
XGOVEXP.IMF,NPL,2012,Data Status,Data reporting,"FINANCE DATA: IMF, World Economic Outlook"
XGOVEXP.IMF,NPL,2012,Source,Data sources,Country's submission to UIS SFE Questionnaire B
XGOVEXP.IMF,NPL,2013,Data Status,Data reporting,"FINANCE DATA: IMF, World Economic Outlook"
XGOVEXP.IMF,NPL,2013,Source,Data sources,Country's submission to UIS SFE Questionnaire B
XGOVEXP.IMF,NPL,2014,Data Status,Data reporting,"FINANCE DATA: IMF, World Economic Outlook"
XGOVEXP.IMF,NPL,2014,Source,Data sources,Country's submission to UIS SFE Questionnaire B
XGOVEXP.IMF,NPL,2015,Data Status,Data reporting,"FINANCE DATA: IMF, World Economic Outlook"
XGOVEXP.IMF,NPL,2015,Source,Data sources,Country's submission to UIS SFE Questionnaire B
XGOVEXP.IMF,NPL,2016,Data Status,Data reporting,"FINANCE DATA: IMF, World Economic Outlook"
XGOVEXP.IMF,NPL,2016,Source,Data sources,Country's submission to UIS SFE Questionnaire B
XGOVEXP.IMF,NPL,2017,Data Status,Data reporting,"FINANCE DATA: IMF, World Economic Outlook"
XGOVEXP.IMF,NPL,2017,Source,Data sources,Country's submission to UIS SFE Questionnaire B
XGOVEXP.IMF,NPL,2018,Data Status,Data reporting,"FINANCE DATA: IMF, World Economic Outlook"
XGOVEXP.IMF,NPL,2018,Source,Data sources,Country's submission to UIS SFE Questionnaire B
XGOVEXP.IMF,NPL,2019,Source,Data sources,UIS Dynamic template based on Red Book (https://www.mof.gov.np/site/publication-category/28)
XGOVEXP.IMF,NPL,2020,Source,Data sources,UIS Dynamic template based on Red Book (https://www.mof.gov.np/site/publication-category/28)
XGOVEXP.IMF,NPL,2021,Source,Data sources,UIS Dynamic template based on Red Book (https://www.mof.gov.np/site/publication-category/28)
XGOVEXP.IMF,NPL,2022,Source,Data sources,"UIS Dynamic template based on Education Sector plan, 2021-2030 in Nepali Page: 203 (https://moe.gov.np/assets/uploads/files/ESP-full_draft-V1-March_29_-_Copy.pdf) (2017-18, 2018-19 and 2019-20 education expenditure)"
XGOVEXP.IMF,NPL,2023,Source,Data sources,"UIS Dynamic template based on Red Book- 2080/81 (2023/24) in Nepali, Plage: 494-95 (https://www.mof.gov.np/site/publication-category/28)"
XGOVEXP.IMF,NPL,2024,Source,Data sources,UIS Dynamic template based on data provided by country
XGOVEXP.IMF,NPL,2025,Source,Data sources,UIS Dynamic template based on data provided by country
XGOVEXP.IMF,NRU,2002,Data Status,Data reporting,"FINANCE DATA: IMF, World Economic Outlook"
XGOVEXP.IMF,NRU,2002,Source,Data sources,Country's submission to UIS SFE Questionnaire B
XGOVEXP.IMF,NRU,2007,Data Status,Data reporting,"FINANCE DATA: IMF, World Economic Outlook"
XGOVEXP.IMF,NRU,2007,Source,Data sources,Country's submission to UIS SFE Questionnaire B
XGOVEXP.IMF,NRU,2014,Source,Data sources,UIS Dynamic template based on FINANCIAL STATEMENTS 2013-2014 (https://naurufinance.info/wp-content/uploads/2020/08/Final-GoN-Statuatory-Financial-Statments-for-FY2013-14.pdf)
XGOVEXP.IMF,NRU,2015,Source,Data sources,UIS Dynamic template based on Financial Statements 2016 (https://naurufinance.info/wp-content/uploads/2020/08/Annual-Financials-2015-16.pdf)
XGOVEXP.IMF,NRU,2016,Source,Data sources,UIS Dynamic template based on Financial Statements 2016 (https://naurufinance.info/wp-content/uploads/2020/08/Annual-Financials-2015-16.pdf)
XGOVEXP.IMF,NRU,2017,Source,Data sources,UIS Dynamic template based on Budget Paper 2018-2019 (https://naurufinance.info/wp-content/uploads/2020/06/Budget-Paper-1-2018-19-Final.pdf)
XGOVEXP.IMF,NRU,2018,Source,Data sources,UIS Dynamic template based on ESTIMATES OF REVENUE AND EXPENDITURE (https://naurufinance.info/wp-content/uploads/2020/07/Budget-Paper-1-2019-20-FINAL.pdf)
XGOVEXP.IMF,NRU,2019,Source,Data sources,UIS Dynamic template based on Appropriation Bill 2020-21 (https://naurufinance.info/wp-content/uploads/2020/08/2020-21-Appropriation-Bill-Final-20200603.pdf)
XGOVEXP.IMF,NRU,2020,Source,Data sources,UIS Dynamic template based on Appropriation Bill 2021-22 (https://naurufinance.info/wp-content/uploads/2021/06/Appropriation-Bill-2021-2022_FINAL.pdf)
XGOVEXP.IMF,NRU,2021,Source,Data sources,UIS Dynamic template based on Appropriation Bill 2021-22 (https://naurufinance.info/wp-content/uploads/2021/06/Appropriation-Bill-2021-2022_FINAL.pdf)
XGOVEXP.IMF,NRU,2022,Source,Data sources,UIS Dynamic template based on Appropriation Bill 2023-2024 (https://naurufinance.info/wp-content/uploads/2023/06/2023-24-Appropriation-Bill_Final.docx.pdf)
XGOVEXP.IMF,NRU,2023,Data Status,Data reporting,"FINANCE DATA: IMF, World Economic Outlook"
XGOVEXP.IMF,NRU,2023,Source,Data sources,Country's submission to UIS SFE Questionnaire B
XGOVEXP.IMF,NRU,2024,Source,Data sources,UIS Dynamic template based on 2024-25 Budget (https://naurufinance.info/wp-content/uploads/2024/08/BP-1-2024-25-1.pdf)
XGOVEXP.IMF,NRU,2025,Source,Data sources,UIS Dynamic Template (mined data) based on 2024-25 Budget - BUDGET PAPER NO 1 (https://naurufinance.info/wp-content/uploads/2024/08/BP-1-2024-25-1.pdf)
XGOVEXP.IMF,NZL,2000,Data Status,Data reporting,"FINANCE DATA: IMF, World Economic Outlook"
XGOVEXP.IMF,NZL,2000,Source,Data sources,Country's submission to UNESCO OECD Eurostat (UOE) joint data collection
XGOVEXP.IMF,NZL,2013,Data Status,Data reporting,"FINANCE DATA: IMF, World Economic Outlook"
XGOVEXP.IMF,NZL,2013,Source,Data sources,Country's submission to UNESCO OECD Eurostat (UOE) joint data collection
XGOVEXP.IMF,NZL,2014,Data Status,Data reporting,"FINANCE DATA: IMF, World Economic Outlook"
XGOVEXP.IMF,NZL,2014,Source,Data sources,Country's submission to UNESCO OECD Eurostat (UOE) joint data collection
XGOVEXP.IMF,NZL,2015,Data Status,Data reporting,"FINANCE DATA: IMF, World Economic Outlook"
XGOVEXP.IMF,NZL,2015,Source,Data sources,Country's submission to UNESCO OECD Eurostat (UOE) joint data collection
XGOVEXP.IMF,NZL,2016,Data Status,Data reporting,"FINANCE DATA: IMF, World Economic Outlook"
XGOVEXP.IMF,NZL,2016,Source,Data sources,Country's submission to UNESCO OECD Eurostat (UOE) joint data collection
XGOVEXP.IMF,NZL,2017,Data Status,Data reporting,"FINANCE DATA: IMF, World Economic Outlook"
XGOVEXP.IMF,NZL,2017,Source,Data sources,Country's submission to UNESCO OECD Eurostat (UOE) joint data collection
XGOVEXP.IMF,NZL,2018,Data Status,Data reporting,"FINANCE DATA: IMF, World Economic Outlook"
XGOVEXP.IMF,NZL,2018,Source,Data sources,Country's submission to UNESCO OECD Eurostat (UOE) joint data collection
XGOVEXP.IMF,NZL,2019,Data Status,Data reporting,"FINANCE DATA: IMF, World Economic Outlook"
XGOVEXP.IMF,NZL,2019,Source,Data sources,Country's submission to UNESCO OECD Eurostat (UOE) joint data collection
XGOVEXP.IMF,NZL,2020,Data Status,Data reporting,"FINANCE DATA: IMF, World Economic Outlook"
XGOVEXP.IMF,NZL,2020,Source,Data sources,Country's submission to UNESCO OECD Eurostat (UOE) joint data collection
XGOVEXP.IMF,NZL,2021,Data Status,Data reporting,"FINANCE DATA: IMF, World Economic Outlook"
XGOVEXP.IMF,NZL,2021,Source,Data sources,Country's submission to UNESCO OECD Eurostat (UOE) joint data collection
XGOVEXP.IMF,NZL,2022,Data Status,Data reporting,"FINANCE DATA: IMF, World Economic Outlook"
XGOVEXP.IMF,NZL,2022,Source,Data sources,Country's submission to UNESCO OECD Eurostat (UOE) joint data collection
XGOVEXP.IMF,NZL,2023,Data Status,Data reporting,"FINANCE DATA: IMF, World Economic Outlook"
XGOVEXP.IMF,NZL,2023,Source,Data sources,Country's submission to UNESCO OECD Eurostat (UOE) joint data collection
XGOVEXP.IMF,OMN,2000,Data Status,Data reporting,"FINANCE DATA: IMF, World Economic Outlook"
XGOVEXP.IMF,OMN,2000,Source,Data sources,Country's submission to UIS SFE Questionnaire B
XGOVEXP.IMF,OMN,2001,Data Status,Data reporting,"FINANCE DATA: IMF, World Economic Outlook"
XGOVEXP.IMF,OMN,2001,Source,Data sources,Country's submission to UIS SFE Questionnaire B
XGOVEXP.IMF,OMN,2002,Data Status,Data reporting,"FINANCE DATA: IMF, World Economic Outlook"
XGOVEXP.IMF,OMN,2002,Source,Data sources,Country's submission to UIS SFE Questionnaire B
XGOVEXP.IMF,OMN,2003,Data Status,Data reporting,"FINANCE DATA: IMF, World Economic Outlook"
XGOVEXP.IMF,OMN,2003,Source,Data sources,Country's submission to UIS SFE Questionnaire B
XGOVEXP.IMF,OMN,2004,Data Status,Data reporting,"FINANCE DATA: IMF, World Economic Outlook"
XGOVEXP.IMF,OMN,2004,Source,Data sources,Country's submission to UIS SFE Questionnaire B
XGOVEXP.IMF,OMN,2005,Data Status,Data reporting,"FINANCE DATA: IMF, World Economic Outlook"
XGOVEXP.IMF,OMN,2005,Source,Data sources,Country's submission to UIS SFE Questionnaire B
XGOVEXP.IMF,OMN,2006,Data Status,Data reporting,"FINANCE DATA: IMF, World Economic Outlook"
XGOVEXP.IMF,OMN,2006,Source,Data sources,Country's submission to UIS SFE Questionnaire B
XGOVEXP.IMF,OMN,2009,Data Status,Data reporting,"FINANCE DATA: IMF, World Economic Outlook"
XGOVEXP.IMF,OMN,2009,Source,Data sources,Country's submission to UIS SFE Questionnaire B
XGOVEXP.IMF,OMN,2013,Data Status,Data reporting,"FINANCE DATA: IMF, World Economic Outlook"
XGOVEXP.IMF,OMN,2013,Source,Data sources,Country's submission to UIS SFE Questionnaire B
XGOVEXP.IMF,OMN,2017,Data Status,Data reporting,"FINANCE DATA: IMF, World Economic Outlook"
XGOVEXP.IMF,OMN,2017,Source,Data sources,Country's submission to UIS SFE Questionnaire B
XGOVEXP.IMF,OMN,2018,Data Status,Data reporting,"FINANCE DATA: IMF, World Economic Outlook"
XGOVEXP.IMF,OMN,2018,Source,Data sources,Country's submission to UIS SFE Questionnaire B
XGOVEXP.IMF,OMN,2019,Data Status,Data reporting,"FINANCE DATA: IMF, World Economic Outlook"
XGOVEXP.IMF,OMN,2019,Source,Data sources,Country's submission to UIS SFE Questionnaire B
XGOVEXP.IMF,OMN,2020,Data Status,Data reporting,"FINANCE DATA: IMF, World Economic Outlook"
XGOVEXP.IMF,OMN,2020,Source,Data sources,Country's submission to UIS SFE Questionnaire B
XGOVEXP.IMF,OMN,2022,Data Status,Data reporting,"FINANCE DATA: IMF, World Economic Outlook"
XGOVEXP.IMF,OMN,2022,Source,Data sources,Country's submission to UIS SFE Questionnaire B
XGOVEXP.IMF,PAK,2000,Data Status,Data reporting,"FINANCE DATA: IMF, World Economic Outlook"
XGOVEXP.IMF,PAK,2000,Source,Data sources,Country's submission to UIS SFE Questionnaire B
XGOVEXP.IMF,PAK,2004,Data Status,Data reporting,"FINANCE DATA: IMF, World Economic Outlook"
XGOVEXP.IMF,PAK,2004,Source,Data sources,Country's submission to UIS SFE Questionnaire B
XGOVEXP.IMF,PAK,2005,Data Status,Data reporting,"FINANCE DATA: IMF, World Economic Outlook"
XGOVEXP.IMF,PAK,2005,Source,Data sources,Country's submission to UIS SFE Questionnaire B
XGOVEXP.IMF,PAK,2006,Data Status,Data reporting,"FINANCE DATA: IMF, World Economic Outlook"
XGOVEXP.IMF,PAK,2006,Source,Data sources,Country's submission to UIS SFE Questionnaire B
XGOVEXP.IMF,PAK,2007,Data Status,Data reporting,"FINANCE DATA: IMF, World Economic Outlook"
XGOVEXP.IMF,PAK,2007,Source,Data sources,Country's submission to UIS SFE Questionnaire B
XGOVEXP.IMF,PAK,2008,Data Status,Data reporting,"FINANCE DATA: IMF, World Economic Outlook"
XGOVEXP.IMF,PAK,2008,Source,Data sources,Country's submission to UIS SFE Questionnaire B
XGOVEXP.IMF,PAK,2009,Data Status,Data reporting,"FINANCE DATA: IMF, World Economic Outlook"
XGOVEXP.IMF,PAK,2009,Source,Data sources,Country's submission to UIS SFE Questionnaire B
XGOVEXP.IMF,PAK,2010,Data Status,Data reporting,"FINANCE DATA: IMF, World Economic Outlook"
XGOVEXP.IMF,PAK,2010,Source,Data sources,Country's submission to UIS SFE Questionnaire B
XGOVEXP.IMF,PAK,2011,Data Status,Data reporting,"FINANCE DATA: IMF, World Economic Outlook"
XGOVEXP.IMF,PAK,2011,Source,Data sources,Country's submission to UIS SFE Questionnaire B
XGOVEXP.IMF,PAK,2012,Data Status,Data reporting,"FINANCE DATA: IMF, World Economic Outlook"
XGOVEXP.IMF,PAK,2012,Source,Data sources,Country's submission to UIS SFE Questionnaire B
XGOVEXP.IMF,PAK,2013,Data Status,Data reporting,"FINANCE DATA: IMF, World Economic Outlook"
XGOVEXP.IMF,PAK,2013,Source,Data sources,Country's submission to UIS SFE Questionnaire B
XGOVEXP.IMF,PAK,2014,Data Status,Data reporting,"FINANCE DATA: IMF, World Economic Outlook"
XGOVEXP.IMF,PAK,2014,Source,Data sources,Country's submission to UIS SFE Questionnaire B
XGOVEXP.IMF,PAK,2015,Data Status,Data reporting,"FINANCE DATA: IMF, World Economic Outlook"
XGOVEXP.IMF,PAK,2015,Source,Data sources,Country's submission to UIS SFE Questionnaire B
XGOVEXP.IMF,PAK,2016,Data Status,Data reporting,"FINANCE DATA: IMF, World Economic Outlook"
XGOVEXP.IMF,PAK,2016,Source,Data sources,Country's submission to UIS SFE Questionnaire B
XGOVEXP.IMF,PAK,2017,Data Status,Data reporting,"FINANCE DATA: IMF, World Economic Outlook"
XGOVEXP.IMF,PAK,2017,Source,Data sources,Country's submission to UIS SFE Questionnaire B
XGOVEXP.IMF,PAK,2018,Source,Data sources,UIS Dynamic template based on Pakistan Economic Survey 2021-2022 (https://www.finance.gov.pk/survey/chapter_22/Economic%20Survey%202021-22.pdf)
XGOVEXP.IMF,PAK,2019,Data Status,Data reporting,"FINANCE DATA: IMF, World Economic Outlook"
XGOVEXP.IMF,PAK,2019,Source,Data sources,Country's submission to UIS SFE Questionnaire B
XGOVEXP.IMF,PAK,2020,Source,Data sources,UIS Dynamic template based on Pakistan Economic Survey 2021-2022 (https://www.finance.gov.pk/survey/chapter_22/Economic%20Survey%202021-22.pdf)
XGOVEXP.IMF,PAK,2021,Source,Data sources,UIS Dynamic template based on Pakistan Economic Survey 2021-2022 (https://www.finance.gov.pk/survey/chapter_22/Economic%20Survey%202021-22.pdf)
XGOVEXP.IMF,PAK,2022,Source,Data sources,UIS Dynamic template based on Pakistan Economic Survey 2023-2024 (https://www.finance.gov.pk/survey/chapter_24/Economic_Survey_2023_24.pdf)
XGOVEXP.IMF,PAK,2023,Data Status,Data reporting,"FINANCE DATA: IMF, World Economic Outlook"
XGOVEXP.IMF,PAK,2023,Source,Data sources,Country's submission to UIS SFE Questionnaire B
XGOVEXP.IMF,PAN,2000,Data Status,Data reporting,"FINANCE DATA: IMF, World Economic Outlook"
XGOVEXP.IMF,PAN,2000,Source,Data sources,Country's submission to UIS SFE Questionnaire B
XGOVEXP.IMF,PAN,2001,Data Status,Data reporting,"FINANCE DATA: IMF, World Economic Outlook"
XGOVEXP.IMF,PAN,2001,Source,Data sources,Country's submission to UIS SFE Questionnaire B
XGOVEXP.IMF,PAN,2002,Data Status,Data reporting,"FINANCE DATA: IMF, World Economic Outlook"
XGOVEXP.IMF,PAN,2002,Source,Data sources,Country's submission to UIS SFE Questionnaire B
XGOVEXP.IMF,PAN,2003,Data Status,Data reporting,"FINANCE DATA: IMF, World Economic Outlook"
XGOVEXP.IMF,PAN,2003,Source,Data sources,Country's submission to UIS SFE Questionnaire B
XGOVEXP.IMF,PAN,2004,Data Status,Data reporting,"FINANCE DATA: IMF, World Economic Outlook"
XGOVEXP.IMF,PAN,2004,Source,Data sources,Country's submission to UIS SFE Questionnaire B
XGOVEXP.IMF,PAN,2008,Data Status,Data reporting,"FINANCE DATA: IMF, World Economic Outlook"
XGOVEXP.IMF,PAN,2008,Source,Data sources,Country's submission to UIS SFE Questionnaire B
XGOVEXP.IMF,PAN,2011,Data Status,Data reporting,"FINANCE DATA: IMF, World Economic Outlook"
XGOVEXP.IMF,PAN,2011,Source,Data sources,Country's submission to UIS SFE Questionnaire B
XGOVEXP.IMF,PAN,2014,Data Status,Data reporting,"FINANCE DATA: IMF, World Economic Outlook"
XGOVEXP.IMF,PAN,2014,Source,Data sources,Country's submission to UIS SFE Questionnaire B
XGOVEXP.IMF,PAN,2015,Data Status,Data reporting,"FINANCE DATA: IMF, World Economic Outlook"
XGOVEXP.IMF,PAN,2015,Source,Data sources,Country's submission to UIS SFE Questionnaire B
XGOVEXP.IMF,PAN,2016,Data Status,Data reporting,"FINANCE DATA: IMF, World Economic Outlook"
XGOVEXP.IMF,PAN,2016,Source,Data sources,Country's submission to UIS SFE Questionnaire B
XGOVEXP.IMF,PAN,2017,Data Status,Data reporting,"FINANCE DATA: IMF, World Economic Outlook"
XGOVEXP.IMF,PAN,2017,Source,Data sources,Country's submission to UIS SFE Questionnaire B
XGOVEXP.IMF,PAN,2018,Data Status,Data reporting,"FINANCE DATA: IMF, World Economic Outlook"
XGOVEXP.IMF,PAN,2018,Source,Data sources,Country's submission to UIS SFE Questionnaire B
XGOVEXP.IMF,PAN,2019,Source,Data sources,UIS Dynamic template based on UIS Education Survey
XGOVEXP.IMF,PAN,2020,Data Status,Data reporting,"FINANCE DATA: IMF, World Economic Outlook"
XGOVEXP.IMF,PAN,2020,Source,Data sources,Country's submission to UIS SFE Questionnaire B
XGOVEXP.IMF,PAN,2021,Data Status,Data reporting,"FINANCE DATA: IMF, World Economic Outlook"
XGOVEXP.IMF,PAN,2021,Source,Data sources,Country's submission to UIS SFE Questionnaire B
XGOVEXP.IMF,PAN,2022,Data Status,Data reporting,"FINANCE DATA: IMF, World Economic Outlook"
XGOVEXP.IMF,PAN,2022,Source,Data sources,Country's submission to UIS SFE Questionnaire B
XGOVEXP.IMF,PAN,2023,Data Status,Data reporting,"FINANCE DATA: IMF, World Economic Outlook"
XGOVEXP.IMF,PAN,2023,Source,Data sources,Country's submission to UIS SFE Questionnaire B
XGOVEXP.IMF,PAN,2024,Source,Data sources,UIS Dynamic Template (mined data) based on Presupuesto para el periodo fiscal 2024 (MEF presenta presupuesto para la vigencia fiscal 2024 - Ministerio de Economia y Finanzas de Panama ; https://www.gacetaoficial.gob.pa/pdfTemp/29940_B/102214.pdf)
XGOVEXP.IMF,PER,2000,Data Status,Data reporting,"FINANCE DATA: IMF, World Economic Outlook"
XGOVEXP.IMF,PER,2000,Source,Data sources,Country's submission to UNESCO OECD Eurostat (UOE) joint data collection
XGOVEXP.IMF,PER,2001,Data Status,Data reporting,"FINANCE DATA: IMF, World Economic Outlook"
XGOVEXP.IMF,PER,2001,Source,Data sources,Country's submission to UNESCO OECD Eurostat (UOE) joint data collection
XGOVEXP.IMF,PER,2002,Data Status,Data reporting,"FINANCE DATA: IMF, World Economic Outlook"
XGOVEXP.IMF,PER,2002,Source,Data sources,Country's submission to UNESCO OECD Eurostat (UOE) joint data collection
XGOVEXP.IMF,PER,2003,Data Status,Data reporting,"FINANCE DATA: IMF, World Economic Outlook"
XGOVEXP.IMF,PER,2003,Source,Data sources,Country's submission to UNESCO OECD Eurostat (UOE) joint data collection
XGOVEXP.IMF,PER,2004,Data Status,Data reporting,"FINANCE DATA: IMF, World Economic Outlook"
XGOVEXP.IMF,PER,2004,Source,Data sources,Country's submission to UNESCO OECD Eurostat (UOE) joint data collection
XGOVEXP.IMF,PER,2005,Data Status,Data reporting,"FINANCE DATA: IMF, World Economic Outlook"
XGOVEXP.IMF,PER,2005,Source,Data sources,Country's submission to UNESCO OECD Eurostat (UOE) joint data collection
XGOVEXP.IMF,PER,2006,Data Status,Data reporting,"FINANCE DATA: IMF, World Economic Outlook"
XGOVEXP.IMF,PER,2006,Source,Data sources,Country's submission to UNESCO OECD Eurostat (UOE) joint data collection
XGOVEXP.IMF,PER,2007,Data Status,Data reporting,"FINANCE DATA: IMF, World Economic Outlook"
XGOVEXP.IMF,PER,2007,Source,Data sources,Country's submission to UNESCO OECD Eurostat (UOE) joint data collection
XGOVEXP.IMF,PER,2008,Data Status,Data reporting,"FINANCE DATA: IMF, World Economic Outlook"
XGOVEXP.IMF,PER,2008,Source,Data sources,Country's submission to UNESCO OECD Eurostat (UOE) joint data collection
XGOVEXP.IMF,PER,2009,Data Status,Data reporting,"FINANCE DATA: IMF, World Economic Outlook"
XGOVEXP.IMF,PER,2009,Source,Data sources,Country's submission to UNESCO OECD Eurostat (UOE) joint data collection
XGOVEXP.IMF,PER,2010,Data Status,Data reporting,"FINANCE DATA: IMF, World Economic Outlook"
XGOVEXP.IMF,PER,2010,Source,Data sources,Country's submission to UNESCO OECD Eurostat (UOE) joint data collection
XGOVEXP.IMF,PER,2011,Data Status,Data reporting,"FINANCE DATA: IMF, World Economic Outlook"
XGOVEXP.IMF,PER,2011,Source,Data sources,Country's submission to UNESCO OECD Eurostat (UOE) joint data collection
XGOVEXP.IMF,PER,2012,Data Status,Data reporting,"FINANCE DATA: IMF, World Economic Outlook"
XGOVEXP.IMF,PER,2012,Source,Data sources,Country's submission to UNESCO OECD Eurostat (UOE) joint data collection
XGOVEXP.IMF,PER,2013,Data Status,Data reporting,"FINANCE DATA: IMF, World Economic Outlook"
XGOVEXP.IMF,PER,2013,Source,Data sources,Country's submission to UNESCO OECD Eurostat (UOE) joint data collection
XGOVEXP.IMF,PER,2014,Data Status,Data reporting,"FINANCE DATA: IMF, World Economic Outlook"
XGOVEXP.IMF,PER,2014,Source,Data sources,Country's submission to UNESCO OECD Eurostat (UOE) joint data collection
XGOVEXP.IMF,PER,2015,Data Status,Data reporting,"FINANCE DATA: IMF, World Economic Outlook"
XGOVEXP.IMF,PER,2015,Source,Data sources,Country's submission to UNESCO OECD Eurostat (UOE) joint data collection
XGOVEXP.IMF,PER,2016,Data Status,Data reporting,"FINANCE DATA: IMF, World Economic Outlook"
XGOVEXP.IMF,PER,2016,Source,Data sources,Country's submission to UNESCO OECD Eurostat (UOE) joint data collection
XGOVEXP.IMF,PER,2017,Data Status,Data reporting,"FINANCE DATA: IMF, World Economic Outlook"
XGOVEXP.IMF,PER,2017,Source,Data sources,Country's submission to UNESCO OECD Eurostat (UOE) joint data collection
XGOVEXP.IMF,PER,2018,Data Status,Data reporting,"FINANCE DATA: IMF, World Economic Outlook"
XGOVEXP.IMF,PER,2018,Source,Data sources,Country's submission to UNESCO OECD Eurostat (UOE) joint data collection
XGOVEXP.IMF,PER,2019,Data Status,Data reporting,"FINANCE DATA: IMF, World Economic Outlook"
XGOVEXP.IMF,PER,2019,Source,Data sources,Country's submission to UNESCO OECD Eurostat (UOE) joint data collection
XGOVEXP.IMF,PER,2020,Data Status,Data reporting,"FINANCE DATA: IMF, World Economic Outlook"
XGOVEXP.IMF,PER,2020,Source,Data sources,Country's submission to UNESCO OECD Eurostat (UOE) joint data collection
XGOVEXP.IMF,PER,2021,Data Status,Data reporting,"FINANCE DATA: IMF, World Economic Outlook"
XGOVEXP.IMF,PER,2021,Source,Data sources,Country's submission to UNESCO OECD Eurostat (UOE) joint data collection
XGOVEXP.IMF,PER,2022,Data Status,Data reporting,"FINANCE DATA: IMF, World Economic Outlook"
XGOVEXP.IMF,PER,2022,Source,Data sources,Country's submission to UNESCO OECD Eurostat (UOE) joint data collection
XGOVEXP.IMF,PER,2023,Data Status,Data reporting,"FINANCE DATA: IMF, World Economic Outlook"
XGOVEXP.IMF,PER,2023,Source,Data sources,Country's submission to UNESCO OECD Eurostat (UOE) joint data collection
XGOVEXP.IMF,PER,2024,Data Status,Data reporting,"FINANCE DATA: IMF, World Economic Outlook"
XGOVEXP.IMF,PER,2024,Source,Data sources,Country's submission to UNESCO OECD Eurostat (UOE) joint data collection
XGOVEXP.IMF,PHL,2000,Data Status,Data reporting,"FINANCE DATA: IMF, World Economic Outlook"
XGOVEXP.IMF,PHL,2000,Source,Data sources,Country's submission to UIS SFE Questionnaire B
XGOVEXP.IMF,PHL,2001,Data Status,Data reporting,"FINANCE DATA: IMF, World Economic Outlook"
XGOVEXP.IMF,PHL,2001,Source,Data sources,Country's submission to UIS SFE Questionnaire B
XGOVEXP.IMF,PHL,2002,Data Status,Data reporting,"FINANCE DATA: IMF, World Economic Outlook"
XGOVEXP.IMF,PHL,2002,Source,Data sources,Country's submission to UIS SFE Questionnaire B
XGOVEXP.IMF,PHL,2003,Data Status,Data reporting,"FINANCE DATA: IMF, World Economic Outlook"
XGOVEXP.IMF,PHL,2003,Source,Data sources,Country's submission to UIS SFE Questionnaire B
XGOVEXP.IMF,PHL,2004,Data Status,Data reporting,"FINANCE DATA: IMF, World Economic Outlook"
XGOVEXP.IMF,PHL,2004,Source,Data sources,Country's submission to UIS SFE Questionnaire B
XGOVEXP.IMF,PHL,2005,Data Status,Data reporting,"FINANCE DATA: IMF, World Economic Outlook"
XGOVEXP.IMF,PHL,2005,Source,Data sources,Country's submission to UIS SFE Questionnaire B
XGOVEXP.IMF,PHL,2006,Data Status,Data reporting,"FINANCE DATA: IMF, World Economic Outlook"
XGOVEXP.IMF,PHL,2006,Source,Data sources,Country's submission to UIS SFE Questionnaire B
XGOVEXP.IMF,PHL,2007,Data Status,Data reporting,"FINANCE DATA: IMF, World Economic Outlook"
XGOVEXP.IMF,PHL,2007,Source,Data sources,Country's submission to UIS SFE Questionnaire B
XGOVEXP.IMF,PHL,2008,Data Status,Data reporting,"FINANCE DATA: IMF, World Economic Outlook"
XGOVEXP.IMF,PHL,2008,Source,Data sources,Country's submission to UIS SFE Questionnaire B
XGOVEXP.IMF,PHL,2009,Data Status,Data reporting,"FINANCE DATA: IMF, World Economic Outlook"
XGOVEXP.IMF,PHL,2009,Source,Data sources,Country's submission to UIS SFE Questionnaire B
XGOVEXP.IMF,PHL,2014,Source,Data sources,UIS Dynamic template based on data provided by country
XGOVEXP.IMF,PHL,2015,Source,Data sources,UIS Dynamic template based on data provided by country
XGOVEXP.IMF,PHL,2016,Source,Data sources,UIS Dynamic template based on data provided by country
XGOVEXP.IMF,PHL,2017,Source,Data sources,UIS Dynamic template based on data provided by country
XGOVEXP.IMF,PHL,2018,Source,Data sources,UIS Dynamic template based on data provided by country
XGOVEXP.IMF,PHL,2019,Source,Data sources,UIS Dynamic template based on data provided by country
XGOVEXP.IMF,PHL,2020,Source,Data sources,UIS Dynamic template based on data provided by country
XGOVEXP.IMF,PHL,2021,Source,Data sources,UIS Dynamic template based on data provided by country
XGOVEXP.IMF,PHL,2022,Source,Data sources,UIS Dynamic template based on data provided by country
XGOVEXP.IMF,PHL,2023,Source,Data sources,UIS Dynamic template based on data provided by country
XGOVEXP.IMF,PHL,2024,Source,Data sources,UIS Dynamic template based on data provided by country
XGOVEXP.IMF,PHL,2025,Source,Data sources,UIS Dynamic template based on data provided by country
XGOVEXP.IMF,PLW,2000,Data Status,Data reporting,"FINANCE DATA: IMF, World Economic Outlook"
XGOVEXP.IMF,PLW,2000,Source,Data sources,Country's submission to UIS SFE Questionnaire B
XGOVEXP.IMF,PLW,2001,Data Status,Data reporting,"FINANCE DATA: IMF, World Economic Outlook"
XGOVEXP.IMF,PLW,2001,Source,Data sources,Country's submission to UIS SFE Questionnaire B
XGOVEXP.IMF,PLW,2002,Data Status,Data reporting,"FINANCE DATA: IMF, World Economic Outlook"
XGOVEXP.IMF,PLW,2002,Source,Data sources,Country's submission to UIS SFE Questionnaire B
XGOVEXP.IMF,PLW,2020,Source,Data sources,UIS Dynamic template based on data provided by country
XGOVEXP.IMF,PLW,2021,Source,Data sources,UIS Dynamic template based on data provided by country
XGOVEXP.IMF,PLW,2022,Source,Data sources,UIS Dynamic template based on data provided by country (https://www.palaugov.pw/wp-content/uploads/2022-4th-Quarter.pdf)
XGOVEXP.IMF,PLW,2023,Source,Data sources,UIS Dynamic template based on data provided by country (https://www.palaugov.pw/wp-content/uploads/2023-4th-Quarter.pdf)
XGOVEXP.IMF,PLW,2024,Source,Data sources,UIS Dynamic template based on (https://www.palaugov.pw/wp-content/uploads/2024-4th-Quarter.pdf)
XGOVEXP.IMF,PLW,2025,Source,Data sources,UIS Dynamic template based on RPPL 12-1 FY2025 Supplemental Budget
XGOVEXP.IMF,PNG,2015,Source,Data sources,UIS Dynamic template based on FINAL BUDGET OUTCOME 2015 (https://www.treasury.gov.pg/wp-content/uploads/2023/10/2015-Final-Budget-Outcome.pdf)
XGOVEXP.IMF,PNG,2016,Source,Data sources,UIS Dynamic template based on FINAL BUDGET OUTCOME 2016 (https://www.treasury.gov.pg/wp-content/uploads/2023/10/2016-Final-Budget-Outcome.pdf)
XGOVEXP.IMF,PNG,2017,Data Status,Data reporting,"FINANCE DATA: IMF, World Economic Outlook"
XGOVEXP.IMF,PNG,2017,Source,Data sources,Country's submission to UIS SFE Questionnaire B
XGOVEXP.IMF,PNG,2018,Data Status,Data reporting,"FINANCE DATA: IMF, World Economic Outlook"
XGOVEXP.IMF,PNG,2018,Source,Data sources,Country's submission to UIS SFE Questionnaire B
XGOVEXP.IMF,PNG,2019,Source,Data sources,UIS Dynamic template based on FINAL BUDGET OUTCOME 2019 (https://www.treasury.gov.pg/wp-content/uploads/2023/10/2019-Final-Budget-Outcome.pdf)
XGOVEXP.IMF,PNG,2020,Source,Data sources,UIS Dynamic template based on FINAL BUDGET OUTCOME 2020 (https://www.treasury.gov.pg/wp-content/uploads/2023/10/2020-Final-Budget-Outcome.pdf)
XGOVEXP.IMF,PNG,2021,Source,Data sources,UIS Dynamic template based on FINAL BUDGET OUTCOME 2021 (https://www.treasury.gov.pg/wp-content/uploads/2023/10/2021-Final-Budget-Outcome.pdf)
XGOVEXP.IMF,PNG,2022,Source,Data sources,UIS Dynamic template based on FINAL BUDGET OUTCOME 2022 (https://www.treasury.gov.pg/wp-content/uploads/2023/10/2022-Final-Budget-Outcome.pdf)
XGOVEXP.IMF,PNG,2023,Source,Data sources,UIS Dynamic template based on FINAL BUDGET OUTCOME 2023 (https://www.treasury.gov.pg/wp-content/uploads/2024/05/2023-Final-Budget-Outcome-Report.pdf)
XGOVEXP.IMF,POL,2000,Data Status,Data reporting,"FINANCE DATA: IMF, World Economic Outlook"
XGOVEXP.IMF,POL,2000,Source,Data sources,Country's submission to UNESCO OECD Eurostat (UOE) joint data collection
XGOVEXP.IMF,POL,2001,Data Status,Data reporting,"FINANCE DATA: IMF, World Economic Outlook"
XGOVEXP.IMF,POL,2001,Source,Data sources,Country's submission to UNESCO OECD Eurostat (UOE) joint data collection
XGOVEXP.IMF,POL,2002,Data Status,Data reporting,"FINANCE DATA: IMF, World Economic Outlook"
XGOVEXP.IMF,POL,2002,Source,Data sources,Country's submission to UNESCO OECD Eurostat (UOE) joint data collection
XGOVEXP.IMF,POL,2003,Data Status,Data reporting,"FINANCE DATA: IMF, World Economic Outlook"
XGOVEXP.IMF,POL,2003,Source,Data sources,Country's submission to UNESCO OECD Eurostat (UOE) joint data collection
XGOVEXP.IMF,POL,2004,Data Status,Data reporting,"FINANCE DATA: IMF, World Economic Outlook"
XGOVEXP.IMF,POL,2004,Source,Data sources,Country's submission to UNESCO OECD Eurostat (UOE) joint data collection
XGOVEXP.IMF,POL,2005,Data Status,Data reporting,"FINANCE DATA: IMF, World Economic Outlook"
XGOVEXP.IMF,POL,2005,Source,Data sources,Country's submission to UNESCO OECD Eurostat (UOE) joint data collection
XGOVEXP.IMF,POL,2006,Data Status,Data reporting,"FINANCE DATA: IMF, World Economic Outlook"
XGOVEXP.IMF,POL,2006,Source,Data sources,Country's submission to UNESCO OECD Eurostat (UOE) joint data collection
XGOVEXP.IMF,POL,2007,Data Status,Data reporting,"FINANCE DATA: IMF, World Economic Outlook"
XGOVEXP.IMF,POL,2007,Source,Data sources,Country's submission to UNESCO OECD Eurostat (UOE) joint data collection
XGOVEXP.IMF,POL,2008,Data Status,Data reporting,"FINANCE DATA: IMF, World Economic Outlook"
XGOVEXP.IMF,POL,2008,Source,Data sources,Country's submission to UNESCO OECD Eurostat (UOE) joint data collection
XGOVEXP.IMF,POL,2009,Data Status,Data reporting,"FINANCE DATA: IMF, World Economic Outlook"
XGOVEXP.IMF,POL,2009,Source,Data sources,Country's submission to UNESCO OECD Eurostat (UOE) joint data collection
XGOVEXP.IMF,POL,2010,Data Status,Data reporting,"FINANCE DATA: IMF, World Economic Outlook"
XGOVEXP.IMF,POL,2010,Source,Data sources,Country's submission to UNESCO OECD Eurostat (UOE) joint data collection
XGOVEXP.IMF,POL,2011,Data Status,Data reporting,"FINANCE DATA: IMF, World Economic Outlook"
XGOVEXP.IMF,POL,2011,Source,Data sources,Country's submission to UNESCO OECD Eurostat (UOE) joint data collection
XGOVEXP.IMF,POL,2012,Data Status,Data reporting,"FINANCE DATA: IMF, World Economic Outlook"
XGOVEXP.IMF,POL,2012,Source,Data sources,Country's submission to UNESCO OECD Eurostat (UOE) joint data collection
XGOVEXP.IMF,POL,2013,Data Status,Data reporting,"FINANCE DATA: IMF, World Economic Outlook"
XGOVEXP.IMF,POL,2013,Source,Data sources,Country's submission to UNESCO OECD Eurostat (UOE) joint data collection
XGOVEXP.IMF,POL,2014,Data Status,Data reporting,"FINANCE DATA: IMF, World Economic Outlook"
XGOVEXP.IMF,POL,2014,Source,Data sources,Country's submission to UNESCO OECD Eurostat (UOE) joint data collection
XGOVEXP.IMF,POL,2015,Data Status,Data reporting,"FINANCE DATA: IMF, World Economic Outlook"
XGOVEXP.IMF,POL,2015,Source,Data sources,Country's submission to UNESCO OECD Eurostat (UOE) joint data collection
XGOVEXP.IMF,POL,2016,Data Status,Data reporting,"FINANCE DATA: IMF, World Economic Outlook"
XGOVEXP.IMF,POL,2016,Source,Data sources,Country's submission to UNESCO OECD Eurostat (UOE) joint data collection
XGOVEXP.IMF,POL,2017,Data Status,Data reporting,"FINANCE DATA: IMF, World Economic Outlook"
XGOVEXP.IMF,POL,2017,Source,Data sources,Country's submission to UNESCO OECD Eurostat (UOE) joint data collection
XGOVEXP.IMF,POL,2018,Data Status,Data reporting,"FINANCE DATA: IMF, World Economic Outlook"
XGOVEXP.IMF,POL,2018,Source,Data sources,Country's submission to UNESCO OECD Eurostat (UOE) joint data collection
XGOVEXP.IMF,POL,2019,Data Status,Data reporting,"FINANCE DATA: IMF, World Economic Outlook"
XGOVEXP.IMF,POL,2019,Source,Data sources,Country's submission to UNESCO OECD Eurostat (UOE) joint data collection
XGOVEXP.IMF,POL,2020,Data Status,Data reporting,"FINANCE DATA: IMF, World Economic Outlook"
XGOVEXP.IMF,POL,2020,Source,Data sources,Country's submission to UNESCO OECD Eurostat (UOE) joint data collection
XGOVEXP.IMF,POL,2021,Data Status,Data reporting,"FINANCE DATA: IMF, World Economic Outlook"
XGOVEXP.IMF,POL,2021,Source,Data sources,Country's submission to UNESCO OECD Eurostat (UOE) joint data collection
XGOVEXP.IMF,POL,2022,Data Status,Data reporting,"FINANCE DATA: IMF, World Economic Outlook"
XGOVEXP.IMF,POL,2022,Source,Data sources,Country's submission to UNESCO OECD Eurostat (UOE) joint data collection
XGOVEXP.IMF,PRI,2013,Data Status,Data reporting,"FINANCE DATA: IMF, World Economic Outlook"
XGOVEXP.IMF,PRI,2013,Source,Data sources,Country's submission to UIS SFE Questionnaire B
XGOVEXP.IMF,PRI,2014,Data Status,Data reporting,"FINANCE DATA: IMF, World Economic Outlook"
XGOVEXP.IMF,PRI,2014,Source,Data sources,Country's submission to UIS SFE Questionnaire B
XGOVEXP.IMF,PRI,2015,Source,Data sources,UIS Dynamic template based on UIS Dynamic template
XGOVEXP.IMF,PRI,2016,Source,Data sources,UIS Dynamic template based on UIS Dynamic template
XGOVEXP.IMF,PRI,2017,Source,Data sources,UIS Dynamic template based on UIS Dynamic template
XGOVEXP.IMF,PRI,2018,Source,Data sources,UIS Dynamic template based on UIS Dynamic template
XGOVEXP.IMF,PRI,2019,Source,Data sources,UIS Dynamic template based on UIS Dynamic template
XGOVEXP.IMF,PRI,2020,Source,Data sources,UIS Dynamic template based on UIS Dynamic template
XGOVEXP.IMF,PRI,2021,Source,Data sources,UIS Dynamic template based on UIS Dynamic template
XGOVEXP.IMF,PRI,2022,Source,Data sources,UIS Dynamic template based on UIS Dynamic template
XGOVEXP.IMF,PRI,2023,Source,Data sources,UIS Dynamic template based on UIS Dynamic template
XGOVEXP.IMF,PRI,2024,Source,Data sources,UIS Dynamic template based on UIS Dynamic template
XGOVEXP.IMF,PRI,2025,Source,Data sources,UIS Dynamic template based on UIS Dynamic template
XGOVEXP.IMF,PRK,2010,Source,Data sources,UIS Dynamic Template (mined data) based on Open Fiscal Data (https://www.openfiscaldata.go.kr/op/en/sm/UOPENSMA09 ; https://www.openfiscaldata.go.kr/op/en/sm/UOPENSMA08?acntYrFr=2020&acntYrTo=2024&langCd=en)
XGOVEXP.IMF,PRK,2011,Source,Data sources,UIS Dynamic Template (mined data) based on Open Fiscal Data (https://www.openfiscaldata.go.kr/op/en/sm/UOPENSMA09 ; https://www.openfiscaldata.go.kr/op/en/sm/UOPENSMA08?acntYrFr=2020&acntYrTo=2024&langCd=en)
XGOVEXP.IMF,PRK,2012,Source,Data sources,UIS Dynamic Template (mined data) based on Open Fiscal Data (https://www.openfiscaldata.go.kr/op/en/sm/UOPENSMA09 ; https://www.openfiscaldata.go.kr/op/en/sm/UOPENSMA08?acntYrFr=2020&acntYrTo=2024&langCd=en)
XGOVEXP.IMF,PRK,2013,Source,Data sources,UIS Dynamic Template (mined data) based on Open Fiscal Data (https://www.openfiscaldata.go.kr/op/en/sm/UOPENSMA09 ; https://www.openfiscaldata.go.kr/op/en/sm/UOPENSMA08?acntYrFr=2020&acntYrTo=2024&langCd=en)
XGOVEXP.IMF,PRK,2014,Source,Data sources,UIS Dynamic Template (mined data) based on Open Fiscal Data (https://www.openfiscaldata.go.kr/op/en/sm/UOPENSMA09 ; https://www.openfiscaldata.go.kr/op/en/sm/UOPENSMA08?acntYrFr=2020&acntYrTo=2024&langCd=en)
XGOVEXP.IMF,PRK,2015,Source,Data sources,UIS Dynamic Template (mined data) based on Open Fiscal Data (https://www.openfiscaldata.go.kr/op/en/sm/UOPENSMA09 ; https://www.openfiscaldata.go.kr/op/en/sm/UOPENSMA08?acntYrFr=2020&acntYrTo=2024&langCd=en)
XGOVEXP.IMF,PRK,2016,Source,Data sources,UIS Dynamic Template (mined data) based on Open Fiscal Data (https://www.openfiscaldata.go.kr/op/en/sm/UOPENSMA09 ; https://www.openfiscaldata.go.kr/op/en/sm/UOPENSMA08?acntYrFr=2020&acntYrTo=2024&langCd=en)
XGOVEXP.IMF,PRK,2017,Source,Data sources,UIS Dynamic Template (mined data) based on Open Fiscal Data (https://www.openfiscaldata.go.kr/op/en/sm/UOPENSMA09 ; https://www.openfiscaldata.go.kr/op/en/sm/UOPENSMA08?acntYrFr=2020&acntYrTo=2024&langCd=en)
XGOVEXP.IMF,PRK,2018,Source,Data sources,UIS Dynamic Template (mined data) based on Open Fiscal Data (https://www.openfiscaldata.go.kr/op/en/sm/UOPENSMA09 ; https://www.openfiscaldata.go.kr/op/en/sm/UOPENSMA08?acntYrFr=2020&acntYrTo=2024&langCd=en)
XGOVEXP.IMF,PRK,2019,Source,Data sources,UIS Dynamic Template (mined data) based on Open Fiscal Data (https://www.openfiscaldata.go.kr/op/en/sm/UOPENSMA09 ; https://www.openfiscaldata.go.kr/op/en/sm/UOPENSMA08?acntYrFr=2020&acntYrTo=2024&langCd=en)
XGOVEXP.IMF,PRK,2020,Source,Data sources,UIS Dynamic Template (mined data) based on Open Fiscal Data (https://www.openfiscaldata.go.kr/op/en/sm/UOPENSMA09 ; https://www.openfiscaldata.go.kr/op/en/sm/UOPENSMA08?acntYrFr=2020&acntYrTo=2024&langCd=en)
XGOVEXP.IMF,PRK,2021,Source,Data sources,UIS Dynamic Template (mined data) based on Open Fiscal Data (https://www.openfiscaldata.go.kr/op/en/sm/UOPENSMA09 ; https://www.openfiscaldata.go.kr/op/en/sm/UOPENSMA08?acntYrFr=2020&acntYrTo=2024&langCd=en)
XGOVEXP.IMF,PRK,2022,Source,Data sources,UIS Dynamic Template (mined data) based on 2023 BUDGET PASSED (https://english.moef.go.kr/pc/selectTbPressCenterDtl.do?boardCd=N0001&seq=5478#fn_download)
XGOVEXP.IMF,PRK,2023,Source,Data sources,UIS Dynamic Template (mined data) based on 2023 BUDGET PASSED (https://english.moef.go.kr/pc/selectTbPressCenterDtl.do?boardCd=N0001&seq=5478#fn_download)
XGOVEXP.IMF,PRK,2024,Source,Data sources,UIS Dynamic Template (mined data) based on Open Fiscal Data (https://www.openfiscaldata.go.kr/op/en/sm/UOPENSMA09 ; https://www.openfiscaldata.go.kr/op/en/sm/UOPENSMA08?acntYrFr=2020&acntYrTo=2024&langCd=en)
XGOVEXP.IMF,PRK,2025,Source,Data sources,UIS Dynamic Template (mined data) based on Open Fiscal Data (https://www.openfiscaldata.go.kr/op/en/sm/UOPENSMA09)
XGOVEXP.IMF,PRT,2000,Data Status,Data reporting,"FINANCE DATA: IMF, World Economic Outlook"
XGOVEXP.IMF,PRT,2000,Source,Data sources,Country's submission to UNESCO OECD Eurostat (UOE) joint data collection
XGOVEXP.IMF,PRT,2001,Data Status,Data reporting,"FINANCE DATA: IMF, World Economic Outlook"
XGOVEXP.IMF,PRT,2001,Source,Data sources,Country's submission to UNESCO OECD Eurostat (UOE) joint data collection
XGOVEXP.IMF,PRT,2002,Data Status,Data reporting,"FINANCE DATA: IMF, World Economic Outlook"
XGOVEXP.IMF,PRT,2002,Source,Data sources,Country's submission to UNESCO OECD Eurostat (UOE) joint data collection
XGOVEXP.IMF,PRT,2003,Data Status,Data reporting,"FINANCE DATA: IMF, World Economic Outlook"
XGOVEXP.IMF,PRT,2003,Source,Data sources,Country's submission to UNESCO OECD Eurostat (UOE) joint data collection
XGOVEXP.IMF,PRT,2004,Data Status,Data reporting,"FINANCE DATA: IMF, World Economic Outlook"
XGOVEXP.IMF,PRT,2004,Source,Data sources,Country's submission to UNESCO OECD Eurostat (UOE) joint data collection
XGOVEXP.IMF,PRT,2005,Data Status,Data reporting,"FINANCE DATA: IMF, World Economic Outlook"
XGOVEXP.IMF,PRT,2005,Source,Data sources,Country's submission to UNESCO OECD Eurostat (UOE) joint data collection
XGOVEXP.IMF,PRT,2006,Data Status,Data reporting,"FINANCE DATA: IMF, World Economic Outlook"
XGOVEXP.IMF,PRT,2006,Source,Data sources,Country's submission to UNESCO OECD Eurostat (UOE) joint data collection
XGOVEXP.IMF,PRT,2007,Data Status,Data reporting,"FINANCE DATA: IMF, World Economic Outlook"
XGOVEXP.IMF,PRT,2007,Source,Data sources,Country's submission to UNESCO OECD Eurostat (UOE) joint data collection
XGOVEXP.IMF,PRT,2008,Data Status,Data reporting,"FINANCE DATA: IMF, World Economic Outlook"
XGOVEXP.IMF,PRT,2008,Source,Data sources,Country's submission to UNESCO OECD Eurostat (UOE) joint data collection
XGOVEXP.IMF,PRT,2009,Data Status,Data reporting,"FINANCE DATA: IMF, World Economic Outlook"
XGOVEXP.IMF,PRT,2009,Source,Data sources,Country's submission to UNESCO OECD Eurostat (UOE) joint data collection
XGOVEXP.IMF,PRT,2010,Data Status,Data reporting,"FINANCE DATA: IMF, World Economic Outlook"
XGOVEXP.IMF,PRT,2010,Source,Data sources,Country's submission to UNESCO OECD Eurostat (UOE) joint data collection
XGOVEXP.IMF,PRT,2011,Data Status,Data reporting,"FINANCE DATA: IMF, World Economic Outlook"
XGOVEXP.IMF,PRT,2011,Source,Data sources,Country's submission to UNESCO OECD Eurostat (UOE) joint data collection
XGOVEXP.IMF,PRT,2012,Data Status,Data reporting,"FINANCE DATA: IMF, World Economic Outlook"
XGOVEXP.IMF,PRT,2012,Source,Data sources,Country's submission to UNESCO OECD Eurostat (UOE) joint data collection
XGOVEXP.IMF,PRT,2013,Data Status,Data reporting,"FINANCE DATA: IMF, World Economic Outlook"
XGOVEXP.IMF,PRT,2013,Source,Data sources,Country's submission to UNESCO OECD Eurostat (UOE) joint data collection
XGOVEXP.IMF,PRT,2014,Data Status,Data reporting,"FINANCE DATA: IMF, World Economic Outlook"
XGOVEXP.IMF,PRT,2014,Source,Data sources,Country's submission to UNESCO OECD Eurostat (UOE) joint data collection
XGOVEXP.IMF,PRT,2015,Data Status,Data reporting,"FINANCE DATA: IMF, World Economic Outlook"
XGOVEXP.IMF,PRT,2015,Source,Data sources,Country's submission to UNESCO OECD Eurostat (UOE) joint data collection
XGOVEXP.IMF,PRT,2017,Data Status,Data reporting,"FINANCE DATA: IMF, World Economic Outlook"
XGOVEXP.IMF,PRT,2017,Source,Data sources,Country's submission to UNESCO OECD Eurostat (UOE) joint data collection
XGOVEXP.IMF,PRT,2018,Data Status,Data reporting,"FINANCE DATA: IMF, World Economic Outlook"
XGOVEXP.IMF,PRT,2018,Source,Data sources,Country's submission to UNESCO OECD Eurostat (UOE) joint data collection
XGOVEXP.IMF,PRT,2019,Data Status,Data reporting,"FINANCE DATA: IMF, World Economic Outlook"
XGOVEXP.IMF,PRT,2019,Source,Data sources,Country's submission to UNESCO OECD Eurostat (UOE) joint data collection
XGOVEXP.IMF,PRT,2020,Data Status,Data reporting,"FINANCE DATA: IMF, World Economic Outlook"
XGOVEXP.IMF,PRT,2020,Source,Data sources,Country's submission to UNESCO OECD Eurostat (UOE) joint data collection
XGOVEXP.IMF,PRT,2021,Data Status,Data reporting,"FINANCE DATA: IMF, World Economic Outlook"
XGOVEXP.IMF,PRT,2021,Source,Data sources,Country's submission to UNESCO OECD Eurostat (UOE) joint data collection
XGOVEXP.IMF,PRT,2022,Data Status,Data reporting,"FINANCE DATA: IMF, World Economic Outlook"
XGOVEXP.IMF,PRT,2022,Source,Data sources,Country's submission to UNESCO OECD Eurostat (UOE) joint data collection
XGOVEXP.IMF,PRY,2000,Data Status,Data reporting,FINANCE DATA: National government expenditures data
XGOVEXP.IMF,PRY,2000,Source,Data sources,Country's submission to UIS SFE Questionnaire B
XGOVEXP.IMF,PRY,2001,Data Status,Data reporting,FINANCE DATA: National government expenditures data
XGOVEXP.IMF,PRY,2001,Source,Data sources,Country's submission to UIS SFE Questionnaire B
XGOVEXP.IMF,PRY,2002,Data Status,Data reporting,FINANCE DATA: National government expenditures data
XGOVEXP.IMF,PRY,2002,Source,Data sources,Country's submission to UIS SFE Questionnaire B
XGOVEXP.IMF,PRY,2003,Data Status,Data reporting,FINANCE DATA: National government expenditures data
XGOVEXP.IMF,PRY,2003,Source,Data sources,Country's submission to UIS SFE Questionnaire B
XGOVEXP.IMF,PRY,2004,Data Status,Data reporting,FINANCE DATA: National government expenditures data
XGOVEXP.IMF,PRY,2004,Source,Data sources,Country's submission to UIS SFE Questionnaire B
XGOVEXP.IMF,PRY,2007,Data Status,Data reporting,FINANCE DATA: National government expenditures data
XGOVEXP.IMF,PRY,2007,Source,Data sources,Country's submission to UIS SFE Questionnaire B
XGOVEXP.IMF,PRY,2010,Data Status,Data reporting,FINANCE DATA: National government expenditures data
XGOVEXP.IMF,PRY,2010,Source,Data sources,Country's submission to UIS SFE Questionnaire B
XGOVEXP.IMF,PRY,2011,Data Status,Data reporting,FINANCE DATA: National government expenditures data
XGOVEXP.IMF,PRY,2011,Source,Data sources,Country's submission to UIS SFE Questionnaire B
XGOVEXP.IMF,PRY,2012,Data Status,Data reporting,FINANCE DATA: National government expenditures data
XGOVEXP.IMF,PRY,2012,Source,Data sources,Country's submission to UIS SFE Questionnaire B
XGOVEXP.IMF,PRY,2016,Data Status,Data reporting,FINANCE DATA: National government expenditures data
XGOVEXP.IMF,PRY,2016,Source,Data sources,Country's submission to UIS SFE Questionnaire B
XGOVEXP.IMF,PRY,2020,Data Status,Data reporting,FINANCE DATA: National government expenditures data
XGOVEXP.IMF,PRY,2020,Source,Data sources,Country's submission to UIS SFE Questionnaire B
XGOVEXP.IMF,PRY,2021,Data Status,Data reporting,FINANCE DATA: National government expenditures data
XGOVEXP.IMF,PRY,2021,Source,Data sources,Country's submission to UIS SFE Questionnaire B
XGOVEXP.IMF,PRY,2022,Data Status,Data reporting,FINANCE DATA: National government expenditures data
XGOVEXP.IMF,PRY,2022,Source,Data sources,Country's submission to UIS SFE Questionnaire B
XGOVEXP.IMF,PRY,2023,Data Status,Data reporting,FINANCE DATA: National government expenditures data
XGOVEXP.IMF,PRY,2023,Source,Data sources,Country's submission to UIS SFE Questionnaire B
XGOVEXP.IMF,PRY,2024,Data Status,Data reporting,FINANCE DATA: National government expenditures data
XGOVEXP.IMF,PRY,2024,Source,Data sources,Country's submission to UIS SFE Questionnaire B
XGOVEXP.IMF,PRY,2025,Source,Data sources,UIS Dynamic Template (mined data) based on Presupuesto General de la Nacion para el Ejercicio Fiscal 2025  (https://www2.mef.gov.py/pgn-2025/)
XGOVEXP.IMF,QAT,2000,Data Status,Data reporting,"FINANCE DATA: IMF, World Economic Outlook"
XGOVEXP.IMF,QAT,2000,Source,Data sources,Country's submission to UIS SFE Questionnaire B
XGOVEXP.IMF,QAT,2001,Data Status,Data reporting,"FINANCE DATA: IMF, World Economic Outlook"
XGOVEXP.IMF,QAT,2001,Source,Data sources,Country's submission to UIS SFE Questionnaire B
XGOVEXP.IMF,QAT,2002,Data Status,Data reporting,"FINANCE DATA: IMF, World Economic Outlook"
XGOVEXP.IMF,QAT,2002,Source,Data sources,Country's submission to UIS SFE Questionnaire B
XGOVEXP.IMF,QAT,2003,Data Status,Data reporting,"FINANCE DATA: IMF, World Economic Outlook"
XGOVEXP.IMF,QAT,2003,Source,Data sources,Country's submission to UIS SFE Questionnaire B
XGOVEXP.IMF,QAT,2004,Data Status,Data reporting,"FINANCE DATA: IMF, World Economic Outlook"
XGOVEXP.IMF,QAT,2004,Source,Data sources,Country's submission to UIS SFE Questionnaire B
XGOVEXP.IMF,QAT,2005,Data Status,Data reporting,"FINANCE DATA: IMF, World Economic Outlook"
XGOVEXP.IMF,QAT,2005,Source,Data sources,Country's submission to UIS SFE Questionnaire B
XGOVEXP.IMF,QAT,2008,Data Status,Data reporting,"FINANCE DATA: IMF, World Economic Outlook"
XGOVEXP.IMF,QAT,2008,Source,Data sources,Country's submission to UIS SFE Questionnaire B
XGOVEXP.IMF,QAT,2009,Data Status,Data reporting,"FINANCE DATA: IMF, World Economic Outlook"
XGOVEXP.IMF,QAT,2009,Source,Data sources,Country's submission to UIS SFE Questionnaire B
XGOVEXP.IMF,QAT,2010,Data Status,Data reporting,"FINANCE DATA: IMF, World Economic Outlook"
XGOVEXP.IMF,QAT,2010,Source,Data sources,Country's submission to UIS SFE Questionnaire B
XGOVEXP.IMF,QAT,2011,Data Status,Data reporting,"FINANCE DATA: IMF, World Economic Outlook"
XGOVEXP.IMF,QAT,2011,Source,Data sources,Country's submission to UIS SFE Questionnaire B
XGOVEXP.IMF,QAT,2012,Data Status,Data reporting,"FINANCE DATA: IMF, World Economic Outlook"
XGOVEXP.IMF,QAT,2012,Source,Data sources,Country's submission to UIS SFE Questionnaire B
XGOVEXP.IMF,QAT,2013,Data Status,Data reporting,"FINANCE DATA: IMF, World Economic Outlook"
XGOVEXP.IMF,QAT,2013,Source,Data sources,Country's submission to UIS SFE Questionnaire B
XGOVEXP.IMF,QAT,2014,Data Status,Data reporting,"FINANCE DATA: IMF, World Economic Outlook"
XGOVEXP.IMF,QAT,2014,Source,Data sources,Country's submission to UIS SFE Questionnaire B
XGOVEXP.IMF,QAT,2017,Data Status,Data reporting,"FINANCE DATA: IMF, World Economic Outlook"
XGOVEXP.IMF,QAT,2017,Source,Data sources,Country's submission to UIS SFE Questionnaire B
XGOVEXP.IMF,QAT,2019,Data Status,Data reporting,"FINANCE DATA: IMF, World Economic Outlook"
XGOVEXP.IMF,QAT,2019,Source,Data sources,Country's submission to UIS SFE Questionnaire B
XGOVEXP.IMF,QAT,2020,Data Status,Data reporting,"FINANCE DATA: IMF, World Economic Outlook"
XGOVEXP.IMF,QAT,2020,Source,Data sources,Country's submission to UIS SFE Questionnaire B
XGOVEXP.IMF,ROU,2000,Data Status,Data reporting,"FINANCE DATA: IMF, World Economic Outlook"
XGOVEXP.IMF,ROU,2000,Source,Data sources,Country's submission to UNESCO OECD Eurostat (UOE) joint data collection
XGOVEXP.IMF,ROU,2001,Data Status,Data reporting,"FINANCE DATA: IMF, World Economic Outlook"
XGOVEXP.IMF,ROU,2001,Source,Data sources,Country's submission to UNESCO OECD Eurostat (UOE) joint data collection
XGOVEXP.IMF,ROU,2002,Data Status,Data reporting,"FINANCE DATA: IMF, World Economic Outlook"
XGOVEXP.IMF,ROU,2002,Source,Data sources,Country's submission to UNESCO OECD Eurostat (UOE) joint data collection
XGOVEXP.IMF,ROU,2003,Data Status,Data reporting,"FINANCE DATA: IMF, World Economic Outlook"
XGOVEXP.IMF,ROU,2003,Source,Data sources,Country's submission to UNESCO OECD Eurostat (UOE) joint data collection
XGOVEXP.IMF,ROU,2004,Data Status,Data reporting,"FINANCE DATA: IMF, World Economic Outlook"
XGOVEXP.IMF,ROU,2004,Source,Data sources,Country's submission to UNESCO OECD Eurostat (UOE) joint data collection
XGOVEXP.IMF,ROU,2005,Data Status,Data reporting,"FINANCE DATA: IMF, World Economic Outlook"
XGOVEXP.IMF,ROU,2005,Source,Data sources,Country's submission to UNESCO OECD Eurostat (UOE) joint data collection
XGOVEXP.IMF,ROU,2006,Data Status,Data reporting,"FINANCE DATA: IMF, World Economic Outlook"
XGOVEXP.IMF,ROU,2006,Source,Data sources,Country's submission to UNESCO OECD Eurostat (UOE) joint data collection
XGOVEXP.IMF,ROU,2007,Data Status,Data reporting,"FINANCE DATA: IMF, World Economic Outlook"
XGOVEXP.IMF,ROU,2007,Source,Data sources,Country's submission to UNESCO OECD Eurostat (UOE) joint data collection
XGOVEXP.IMF,ROU,2008,Data Status,Data reporting,"FINANCE DATA: IMF, World Economic Outlook"
XGOVEXP.IMF,ROU,2008,Source,Data sources,Country's submission to UNESCO OECD Eurostat (UOE) joint data collection
XGOVEXP.IMF,ROU,2009,Data Status,Data reporting,"FINANCE DATA: IMF, World Economic Outlook"
XGOVEXP.IMF,ROU,2009,Source,Data sources,Country's submission to UNESCO OECD Eurostat (UOE) joint data collection
XGOVEXP.IMF,ROU,2010,Data Status,Data reporting,"FINANCE DATA: IMF, World Economic Outlook"
XGOVEXP.IMF,ROU,2010,Source,Data sources,Country's submission to UNESCO OECD Eurostat (UOE) joint data collection
XGOVEXP.IMF,ROU,2011,Data Status,Data reporting,"FINANCE DATA: IMF, World Economic Outlook"
XGOVEXP.IMF,ROU,2011,Source,Data sources,Country's submission to UNESCO OECD Eurostat (UOE) joint data collection
XGOVEXP.IMF,ROU,2012,Data Status,Data reporting,"FINANCE DATA: IMF, World Economic Outlook"
XGOVEXP.IMF,ROU,2012,Source,Data sources,Country's submission to UNESCO OECD Eurostat (UOE) joint data collection
XGOVEXP.IMF,ROU,2013,Data Status,Data reporting,"FINANCE DATA: IMF, World Economic Outlook"
XGOVEXP.IMF,ROU,2013,Source,Data sources,Country's submission to UNESCO OECD Eurostat (UOE) joint data collection
XGOVEXP.IMF,ROU,2014,Data Status,Data reporting,"FINANCE DATA: IMF, World Economic Outlook"
XGOVEXP.IMF,ROU,2014,Source,Data sources,Country's submission to UNESCO OECD Eurostat (UOE) joint data collection
XGOVEXP.IMF,ROU,2015,Data Status,Data reporting,"FINANCE DATA: IMF, World Economic Outlook"
XGOVEXP.IMF,ROU,2015,Source,Data sources,Country's submission to UNESCO OECD Eurostat (UOE) joint data collection
XGOVEXP.IMF,ROU,2016,Data Status,Data reporting,"FINANCE DATA: IMF, World Economic Outlook"
XGOVEXP.IMF,ROU,2016,Source,Data sources,Country's submission to UNESCO OECD Eurostat (UOE) joint data collection
XGOVEXP.IMF,ROU,2017,Data Status,Data reporting,"FINANCE DATA: IMF, World Economic Outlook"
XGOVEXP.IMF,ROU,2017,Source,Data sources,Country's submission to UNESCO OECD Eurostat (UOE) joint data collection
XGOVEXP.IMF,ROU,2018,Data Status,Data reporting,"FINANCE DATA: IMF, World Economic Outlook"
XGOVEXP.IMF,ROU,2018,Source,Data sources,Country's submission to UNESCO OECD Eurostat (UOE) joint data collection
XGOVEXP.IMF,ROU,2019,Data Status,Data reporting,"FINANCE DATA: IMF, World Economic Outlook"
XGOVEXP.IMF,ROU,2019,Source,Data sources,Country's submission to UNESCO OECD Eurostat (UOE) joint data collection
XGOVEXP.IMF,ROU,2020,Data Status,Data reporting,"FINANCE DATA: IMF, World Economic Outlook"
XGOVEXP.IMF,ROU,2020,Source,Data sources,Country's submission to UNESCO OECD Eurostat (UOE) joint data collection
XGOVEXP.IMF,ROU,2021,Data Status,Data reporting,"FINANCE DATA: IMF, World Economic Outlook"
XGOVEXP.IMF,ROU,2021,Source,Data sources,Country's submission to UNESCO OECD Eurostat (UOE) joint data collection
XGOVEXP.IMF,ROU,2022,Data Status,Data reporting,"FINANCE DATA: IMF, World Economic Outlook"
XGOVEXP.IMF,ROU,2022,Source,Data sources,Country's submission to UNESCO OECD Eurostat (UOE) joint data collection
XGOVEXP.IMF,RUS,2000,Data Status,Data reporting,"FINANCE DATA: IMF, World Economic Outlook"
XGOVEXP.IMF,RUS,2000,Source,Data sources,Country's submission to UIS SFE Questionnaire B
XGOVEXP.IMF,RUS,2001,Data Status,Data reporting,"FINANCE DATA: IMF, World Economic Outlook"
XGOVEXP.IMF,RUS,2001,Source,Data sources,Country's submission to UIS SFE Questionnaire B
XGOVEXP.IMF,RUS,2002,Data Status,Data reporting,"FINANCE DATA: IMF, World Economic Outlook"
XGOVEXP.IMF,RUS,2002,Source,Data sources,Country's submission to UIS SFE Questionnaire B
XGOVEXP.IMF,RUS,2003,Data Status,Data reporting,"FINANCE DATA: IMF, World Economic Outlook"
XGOVEXP.IMF,RUS,2003,Source,Data sources,Country's submission to UIS SFE Questionnaire B
XGOVEXP.IMF,RUS,2004,Data Status,Data reporting,"FINANCE DATA: IMF, World Economic Outlook"
XGOVEXP.IMF,RUS,2004,Source,Data sources,Country's submission to UIS SFE Questionnaire B
XGOVEXP.IMF,RUS,2005,Data Status,Data reporting,"FINANCE DATA: IMF, World Economic Outlook"
XGOVEXP.IMF,RUS,2005,Source,Data sources,Country's submission to UIS SFE Questionnaire B
XGOVEXP.IMF,RUS,2006,Data Status,Data reporting,"FINANCE DATA: IMF, World Economic Outlook"
XGOVEXP.IMF,RUS,2006,Source,Data sources,Country's submission to UIS SFE Questionnaire B
XGOVEXP.IMF,RUS,2008,Data Status,Data reporting,"FINANCE DATA: IMF, World Economic Outlook"
XGOVEXP.IMF,RUS,2008,Source,Data sources,Country's submission to UIS SFE Questionnaire B
XGOVEXP.IMF,RUS,2012,Data Status,Data reporting,"FINANCE DATA: IMF, World Economic Outlook"
XGOVEXP.IMF,RUS,2012,Source,Data sources,Country's submission to UIS SFE Questionnaire B
XGOVEXP.IMF,RUS,2013,Data Status,Data reporting,"FINANCE DATA: IMF, World Economic Outlook"
XGOVEXP.IMF,RUS,2013,Source,Data sources,Country's submission to UIS SFE Questionnaire B
XGOVEXP.IMF,RUS,2014,Data Status,Data reporting,"FINANCE DATA: IMF, World Economic Outlook"
XGOVEXP.IMF,RUS,2014,Source,Data sources,Country's submission to UIS SFE Questionnaire B
XGOVEXP.IMF,RUS,2015,Data Status,Data reporting,"FINANCE DATA: IMF, World Economic Outlook"
XGOVEXP.IMF,RUS,2015,Source,Data sources,Country's submission to UIS SFE Questionnaire B
XGOVEXP.IMF,RUS,2016,Data Status,Data reporting,"FINANCE DATA: IMF, World Economic Outlook"
XGOVEXP.IMF,RUS,2016,Source,Data sources,Country's submission to UIS SFE Questionnaire B
XGOVEXP.IMF,RUS,2017,Data Status,Data reporting,"FINANCE DATA: IMF, World Economic Outlook"
XGOVEXP.IMF,RUS,2017,Source,Data sources,Country's submission to UIS SFE Questionnaire B
XGOVEXP.IMF,RUS,2018,Data Status,Data reporting,"FINANCE DATA: IMF, World Economic Outlook"
XGOVEXP.IMF,RUS,2018,Source,Data sources,Country's submission to UIS SFE Questionnaire B
XGOVEXP.IMF,RWA,2000,Data Status,Data reporting,"FINANCE DATA: IMF, World Economic Outlook"
XGOVEXP.IMF,RWA,2000,Source,Data sources,Country's submission to UIS SFE Questionnaire B
XGOVEXP.IMF,RWA,2001,Data Status,Data reporting,"FINANCE DATA: IMF, World Economic Outlook"
XGOVEXP.IMF,RWA,2001,Source,Data sources,Country's submission to UIS SFE Questionnaire B
XGOVEXP.IMF,RWA,2007,Data Status,Data reporting,"FINANCE DATA: IMF, World Economic Outlook"
XGOVEXP.IMF,RWA,2007,Source,Data sources,Country's submission to UIS SFE Questionnaire B
XGOVEXP.IMF,RWA,2008,Data Status,Data reporting,"FINANCE DATA: IMF, World Economic Outlook"
XGOVEXP.IMF,RWA,2008,Source,Data sources,Country's submission to UIS SFE Questionnaire B
XGOVEXP.IMF,RWA,2010,Data Status,Data reporting,"FINANCE DATA: IMF, World Economic Outlook"
XGOVEXP.IMF,RWA,2010,Source,Data sources,Country's submission to UIS SFE Questionnaire B
XGOVEXP.IMF,RWA,2011,Data Status,Data reporting,"FINANCE DATA: IMF, World Economic Outlook"
XGOVEXP.IMF,RWA,2011,Source,Data sources,Country's submission to UIS SFE Questionnaire B
XGOVEXP.IMF,RWA,2012,Data Status,Data reporting,"FINANCE DATA: IMF, World Economic Outlook"
XGOVEXP.IMF,RWA,2012,Source,Data sources,Country's submission to UIS SFE Questionnaire B
XGOVEXP.IMF,RWA,2013,Data Status,Data reporting,"FINANCE DATA: IMF, World Economic Outlook"
XGOVEXP.IMF,RWA,2013,Source,Data sources,Country's submission to UIS SFE Questionnaire B
XGOVEXP.IMF,RWA,2014,Data Status,Data reporting,"FINANCE DATA: IMF, World Economic Outlook"
XGOVEXP.IMF,RWA,2014,Source,Data sources,Country's submission to UIS SFE Questionnaire B
XGOVEXP.IMF,RWA,2015,Data Status,Data reporting,"FINANCE DATA: IMF, World Economic Outlook"
XGOVEXP.IMF,RWA,2015,Source,Data sources,Country's submission to UIS SFE Questionnaire B
XGOVEXP.IMF,RWA,2016,Data Status,Data reporting,"FINANCE DATA: IMF, World Economic Outlook"
XGOVEXP.IMF,RWA,2016,Source,Data sources,Country's submission to UIS SFE Questionnaire B
XGOVEXP.IMF,RWA,2017,Data Status,Data reporting,"FINANCE DATA: IMF, World Economic Outlook"
XGOVEXP.IMF,RWA,2017,Source,Data sources,Country's submission to UIS SFE Questionnaire B
XGOVEXP.IMF,RWA,2018,Data Status,Data reporting,"FINANCE DATA: IMF, World Economic Outlook"
XGOVEXP.IMF,RWA,2018,Source,Data sources,Country's submission to UIS SFE Questionnaire B
XGOVEXP.IMF,RWA,2019,Source,Data sources,UIS Dynamic Template (mined data) based on ANNEX II-8 2019-21 STATE EXPENDITURE BY DIVISION AND GROUPS (https://www.cabri-sbo.org/uploads/bia/Rwanda_2018_Approval_External_EnactedBudget_MinFin_COMESAEAC_English_8.pdf)
XGOVEXP.IMF,RWA,2020,Source,Data sources,UIS Dynamic Template (mined data) based on ANNEX II-8 2019-21 STATE EXPENDITURE BY DIVISION AND GROUPS (https://www.cabri-sbo.org/uploads/bia/Rwanda_2018_Approval_External_EnactedBudget_MinFin_COMESAEAC_English_8.pdf)
XGOVEXP.IMF,RWA,2021,Data Status,Data reporting,"FINANCE DATA: IMF, World Economic Outlook"
XGOVEXP.IMF,RWA,2021,Source,Data sources,Country's submission to UIS SFE Questionnaire B
XGOVEXP.IMF,RWA,2022,Data Status,Data reporting,"FINANCE DATA: IMF, World Economic Outlook"
XGOVEXP.IMF,RWA,2022,Source,Data sources,Country's submission to UIS SFE Questionnaire B
XGOVEXP.IMF,RWA,2023,Data Status,Data reporting,"FINANCE DATA: IMF, World Economic Outlook"
XGOVEXP.IMF,RWA,2023,Source,Data sources,Country's submission to UIS SFE Questionnaire B
XGOVEXP.IMF,RWA,2024,Data Status,Data reporting,"FINANCE DATA: IMF, World Economic Outlook"
XGOVEXP.IMF,RWA,2024,Source,Data sources,Country's submission to UIS SFE Questionnaire B
XGOVEXP.IMF,RWA,2025,Source,Data sources,UIS Dynamic Template (mined data) based on 2024/2025 National Budget (https://www.minecofin.gov.rw/index.php?eID=dumpFile&t=f&f=102602&token=8bf954c6e8ec3ff8ed4ced482877d1a9f526bb77)
XGOVEXP.IMF,SAU,2000,Data Status,Data reporting,"FINANCE DATA: IMF, World Economic Outlook"
XGOVEXP.IMF,SAU,2000,Source,Data sources,Country's submission to UIS SFE Questionnaire B
XGOVEXP.IMF,SAU,2001,Data Status,Data reporting,"FINANCE DATA: IMF, World Economic Outlook"
XGOVEXP.IMF,SAU,2001,Source,Data sources,Country's submission to UIS SFE Questionnaire B
XGOVEXP.IMF,SAU,2002,Data Status,Data reporting,"FINANCE DATA: IMF, World Economic Outlook"
XGOVEXP.IMF,SAU,2002,Source,Data sources,Country's submission to UIS SFE Questionnaire B
XGOVEXP.IMF,SAU,2003,Data Status,Data reporting,"FINANCE DATA: IMF, World Economic Outlook"
XGOVEXP.IMF,SAU,2003,Source,Data sources,Country's submission to UIS SFE Questionnaire B
XGOVEXP.IMF,SAU,2004,Data Status,Data reporting,"FINANCE DATA: IMF, World Economic Outlook"
XGOVEXP.IMF,SAU,2004,Source,Data sources,Country's submission to UIS SFE Questionnaire B
XGOVEXP.IMF,SAU,2005,Data Status,Data reporting,"FINANCE DATA: IMF, World Economic Outlook"
XGOVEXP.IMF,SAU,2005,Source,Data sources,Country's submission to UIS SFE Questionnaire B
XGOVEXP.IMF,SAU,2006,Data Status,Data reporting,"FINANCE DATA: IMF, World Economic Outlook"
XGOVEXP.IMF,SAU,2006,Source,Data sources,Country's submission to UIS SFE Questionnaire B
XGOVEXP.IMF,SAU,2008,Data Status,Data reporting,"FINANCE DATA: IMF, World Economic Outlook"
XGOVEXP.IMF,SAU,2008,Source,Data sources,Country's submission to UIS SFE Questionnaire B
XGOVEXP.IMF,SAU,2023,Source,Data sources,UIS Dynamic template based on UIS Education Survey
XGOVEXP.IMF,SAU,2024,Source,Data sources,UIS Dynamic template based on UIS Education Survey
XGOVEXP.IMF,SDN,2000,Data Status,Data reporting,"FINANCE DATA: IMF, World Economic Outlook"
XGOVEXP.IMF,SDN,2000,Source,Data sources,Country's submission to UIS SFE Questionnaire B
XGOVEXP.IMF,SDN,2002,Data Status,Data reporting,"FINANCE DATA: IMF, World Economic Outlook"
XGOVEXP.IMF,SDN,2002,Source,Data sources,Country's submission to UIS SFE Questionnaire B
XGOVEXP.IMF,SDN,2004,Data Status,Data reporting,"FINANCE DATA: IMF, World Economic Outlook"
XGOVEXP.IMF,SDN,2004,Source,Data sources,Country's submission to UIS SFE Questionnaire B
XGOVEXP.IMF,SDN,2005,Data Status,Data reporting,"FINANCE DATA: IMF, World Economic Outlook"
XGOVEXP.IMF,SDN,2005,Source,Data sources,Country's submission to UIS SFE Questionnaire B
XGOVEXP.IMF,SDN,2006,Data Status,Data reporting,"FINANCE DATA: IMF, World Economic Outlook"
XGOVEXP.IMF,SDN,2006,Source,Data sources,Country's submission to UIS SFE Questionnaire B
XGOVEXP.IMF,SDN,2008,Data Status,Data reporting,"FINANCE DATA: IMF, World Economic Outlook"
XGOVEXP.IMF,SDN,2008,Source,Data sources,Country's submission to UIS SFE Questionnaire B
XGOVEXP.IMF,SDN,2009,Data Status,Data reporting,"FINANCE DATA: IMF, World Economic Outlook"
XGOVEXP.IMF,SDN,2009,Source,Data sources,Country's submission to UIS SFE Questionnaire B
XGOVEXP.IMF,SEN,2000,Data Status,Data reporting,"FINANCE DATA: IMF, World Economic Outlook"
XGOVEXP.IMF,SEN,2000,Source,Data sources,Country's submission to UIS SFE Questionnaire B
XGOVEXP.IMF,SEN,2001,Data Status,Data reporting,"FINANCE DATA: IMF, World Economic Outlook"
XGOVEXP.IMF,SEN,2001,Source,Data sources,Country's submission to UIS SFE Questionnaire B
XGOVEXP.IMF,SEN,2002,Data Status,Data reporting,"FINANCE DATA: IMF, World Economic Outlook"
XGOVEXP.IMF,SEN,2002,Source,Data sources,Country's submission to UIS SFE Questionnaire B
XGOVEXP.IMF,SEN,2003,Data Status,Data reporting,"FINANCE DATA: IMF, World Economic Outlook"
XGOVEXP.IMF,SEN,2003,Source,Data sources,Country's submission to UIS SFE Questionnaire B
XGOVEXP.IMF,SEN,2004,Data Status,Data reporting,"FINANCE DATA: IMF, World Economic Outlook"
XGOVEXP.IMF,SEN,2004,Source,Data sources,Country's submission to UIS SFE Questionnaire B
XGOVEXP.IMF,SEN,2005,Data Status,Data reporting,"FINANCE DATA: IMF, World Economic Outlook"
XGOVEXP.IMF,SEN,2005,Source,Data sources,Country's submission to UIS SFE Questionnaire B
XGOVEXP.IMF,SEN,2006,Data Status,Data reporting,"FINANCE DATA: IMF, World Economic Outlook"
XGOVEXP.IMF,SEN,2006,Source,Data sources,Country's submission to UIS SFE Questionnaire B
XGOVEXP.IMF,SEN,2008,Data Status,Data reporting,"FINANCE DATA: IMF, World Economic Outlook"
XGOVEXP.IMF,SEN,2008,Source,Data sources,Country's submission to UIS SFE Questionnaire B
XGOVEXP.IMF,SEN,2009,Data Status,Data reporting,"FINANCE DATA: IMF, World Economic Outlook"
XGOVEXP.IMF,SEN,2009,Source,Data sources,Country's submission to UIS SFE Questionnaire B
XGOVEXP.IMF,SEN,2010,Data Status,Data reporting,"FINANCE DATA: IMF, World Economic Outlook"
XGOVEXP.IMF,SEN,2010,Source,Data sources,Country's submission to UIS SFE Questionnaire B
XGOVEXP.IMF,SEN,2011,Data Status,Data reporting,"FINANCE DATA: IMF, World Economic Outlook"
XGOVEXP.IMF,SEN,2011,Source,Data sources,Country's submission to UIS SFE Questionnaire B
XGOVEXP.IMF,SEN,2012,Data Status,Data reporting,"FINANCE DATA: IMF, World Economic Outlook"
XGOVEXP.IMF,SEN,2012,Source,Data sources,Country's submission to UIS SFE Questionnaire B
XGOVEXP.IMF,SEN,2013,Data Status,Data reporting,"FINANCE DATA: IMF, World Economic Outlook"
XGOVEXP.IMF,SEN,2013,Source,Data sources,Country's submission to UIS SFE Questionnaire B
XGOVEXP.IMF,SEN,2014,Data Status,Data reporting,"FINANCE DATA: IMF, World Economic Outlook"
XGOVEXP.IMF,SEN,2014,Source,Data sources,Country's submission to UIS SFE Questionnaire B
XGOVEXP.IMF,SEN,2015,Data Status,Data reporting,"FINANCE DATA: IMF, World Economic Outlook"
XGOVEXP.IMF,SEN,2015,Source,Data sources,Country's submission to UIS SFE Questionnaire B
XGOVEXP.IMF,SEN,2016,Data Status,Data reporting,"FINANCE DATA: IMF, World Economic Outlook"
XGOVEXP.IMF,SEN,2016,Source,Data sources,Country's submission to UIS SFE Questionnaire B
XGOVEXP.IMF,SEN,2017,Data Status,Data reporting,"FINANCE DATA: IMF, World Economic Outlook"
XGOVEXP.IMF,SEN,2017,Source,Data sources,Country's submission to UIS SFE Questionnaire B
XGOVEXP.IMF,SEN,2018,Data Status,Data reporting,"FINANCE DATA: IMF, World Economic Outlook"
XGOVEXP.IMF,SEN,2018,Source,Data sources,Country's submission to UIS SFE Questionnaire B
XGOVEXP.IMF,SEN,2019,Data Status,Data reporting,"FINANCE DATA: IMF, World Economic Outlook"
XGOVEXP.IMF,SEN,2019,Source,Data sources,Country's submission to UIS SFE Questionnaire B
XGOVEXP.IMF,SEN,2020,Data Status,Data reporting,"FINANCE DATA: IMF, World Economic Outlook"
XGOVEXP.IMF,SEN,2020,Source,Data sources,Country's submission to UIS SFE Questionnaire B
XGOVEXP.IMF,SEN,2021,Data Status,Data reporting,"FINANCE DATA: IMF, World Economic Outlook"
XGOVEXP.IMF,SEN,2021,Source,Data sources,Country's submission to UIS SFE Questionnaire B
XGOVEXP.IMF,SEN,2022,Data Status,Data reporting,"FINANCE DATA: IMF, World Economic Outlook"
XGOVEXP.IMF,SEN,2022,Source,Data sources,Country's submission to UIS SFE Questionnaire B
XGOVEXP.IMF,SEN,2023,Source,Data sources,UIS Dynamic Template (mined data) based on PROJET DE LOI DE FINANCES POUR L'ANNEE 2023 (http://www.finances.gouv.sn/wp-content/uploads/2022/10/www.budget.gouv_.sn_projet_de_loi_de_finances_pour_l_annee_2023_2022-10-17_12-22.pdf)
XGOVEXP.IMF,SEN,2025,Source,Data sources,UIS Dynamic Template (mined data) based on
XGOVEXP.IMF,SGP,2000,Data Status,Data reporting,"FINANCE DATA: IMF, World Economic Outlook"
XGOVEXP.IMF,SGP,2000,Source,Data sources,Country's submission to UIS SFE Questionnaire B
XGOVEXP.IMF,SGP,2001,Data Status,Data reporting,"FINANCE DATA: IMF, World Economic Outlook"
XGOVEXP.IMF,SGP,2001,Source,Data sources,Country's submission to UIS SFE Questionnaire B
XGOVEXP.IMF,SGP,2002,Data Status,Data reporting,"FINANCE DATA: IMF, World Economic Outlook"
XGOVEXP.IMF,SGP,2002,Source,Data sources,Country's submission to UIS SFE Questionnaire B
XGOVEXP.IMF,SGP,2003,Data Status,Data reporting,"FINANCE DATA: IMF, World Economic Outlook"
XGOVEXP.IMF,SGP,2003,Source,Data sources,Country's submission to UIS SFE Questionnaire B
XGOVEXP.IMF,SGP,2004,Data Status,Data reporting,"FINANCE DATA: IMF, World Economic Outlook"
XGOVEXP.IMF,SGP,2004,Source,Data sources,Country's submission to UIS SFE Questionnaire B
XGOVEXP.IMF,SGP,2005,Data Status,Data reporting,"FINANCE DATA: IMF, World Economic Outlook"
XGOVEXP.IMF,SGP,2005,Source,Data sources,Country's submission to UIS SFE Questionnaire B
XGOVEXP.IMF,SGP,2006,Data Status,Data reporting,"FINANCE DATA: IMF, World Economic Outlook"
XGOVEXP.IMF,SGP,2006,Source,Data sources,Country's submission to UIS SFE Questionnaire B
XGOVEXP.IMF,SGP,2007,Data Status,Data reporting,"FINANCE DATA: IMF, World Economic Outlook"
XGOVEXP.IMF,SGP,2007,Source,Data sources,Country's submission to UIS SFE Questionnaire B
XGOVEXP.IMF,SGP,2008,Data Status,Data reporting,"FINANCE DATA: IMF, World Economic Outlook"
XGOVEXP.IMF,SGP,2008,Source,Data sources,Country's submission to UIS SFE Questionnaire B
XGOVEXP.IMF,SGP,2009,Data Status,Data reporting,"FINANCE DATA: IMF, World Economic Outlook"
XGOVEXP.IMF,SGP,2009,Source,Data sources,Country's submission to UIS SFE Questionnaire B
XGOVEXP.IMF,SGP,2010,Data Status,Data reporting,"FINANCE DATA: IMF, World Economic Outlook"
XGOVEXP.IMF,SGP,2010,Source,Data sources,Country's submission to UIS SFE Questionnaire B
XGOVEXP.IMF,SGP,2011,Data Status,Data reporting,"FINANCE DATA: IMF, World Economic Outlook"
XGOVEXP.IMF,SGP,2011,Source,Data sources,Country's submission to UIS SFE Questionnaire B
XGOVEXP.IMF,SGP,2012,Data Status,Data reporting,"FINANCE DATA: IMF, World Economic Outlook"
XGOVEXP.IMF,SGP,2012,Source,Data sources,Country's submission to UIS SFE Questionnaire B
XGOVEXP.IMF,SGP,2013,Data Status,Data reporting,"FINANCE DATA: IMF, World Economic Outlook"
XGOVEXP.IMF,SGP,2013,Source,Data sources,Country's submission to UIS SFE Questionnaire B
XGOVEXP.IMF,SGP,2014,Source,Data sources,UIS Dynamic Template (mined data) based on Government Revenue and Expenditure (https://tablebuilder.singstat.gov.sg/statistical-tables/downloadMultiple/CnW2V6hZj0G2wQjZN4FFXw)
XGOVEXP.IMF,SGP,2015,Source,Data sources,UIS Dynamic Template (mined data) based on Analysis Of Revenue And Expenditure (https://www.mof.gov.sg/docs/librariesprovider3/budget2021/download/xls/fy2021_analysis_of_revenue_and_expenditure.xlsx)
XGOVEXP.IMF,SGP,2016,Source,Data sources,UIS Dynamic Template (mined data) based on Analysis Of Revenue And Expenditure (https://www.mof.gov.sg/docs/librariesprovider3/budget2021/download/xls/fy2021_analysis_of_revenue_and_expenditure.xlsx)
XGOVEXP.IMF,SGP,2017,Source,Data sources,UIS Dynamic Template (mined data) based on Analysis Of Revenue And Expenditure (https://www.mof.gov.sg/docs/librariesprovider3/budget2021/download/xls/fy2021_analysis_of_revenue_and_expenditure.xlsx)
XGOVEXP.IMF,SGP,2018,Data Status,Data reporting,"FINANCE DATA: IMF, World Economic Outlook"
XGOVEXP.IMF,SGP,2018,Source,Data sources,Country's submission to UIS SFE Questionnaire B
XGOVEXP.IMF,SGP,2019,Data Status,Data reporting,"FINANCE DATA: IMF, World Economic Outlook"
XGOVEXP.IMF,SGP,2019,Source,Data sources,Country's submission to UIS SFE Questionnaire B
XGOVEXP.IMF,SGP,2020,Data Status,Data reporting,"FINANCE DATA: IMF, World Economic Outlook"
XGOVEXP.IMF,SGP,2020,Source,Data sources,Country's submission to UIS SFE Questionnaire B
XGOVEXP.IMF,SGP,2021,Data Status,Data reporting,"FINANCE DATA: IMF, World Economic Outlook"
XGOVEXP.IMF,SGP,2021,Source,Data sources,Country's submission to UIS SFE Questionnaire B
XGOVEXP.IMF,SGP,2022,Data Status,Data reporting,"FINANCE DATA: IMF, World Economic Outlook"
XGOVEXP.IMF,SGP,2022,Source,Data sources,Country's submission to UIS SFE Questionnaire B
XGOVEXP.IMF,SGP,2023,Data Status,Data reporting,"FINANCE DATA: IMF, World Economic Outlook"
XGOVEXP.IMF,SGP,2023,Source,Data sources,Country's submission to UIS SFE Questionnaire B
XGOVEXP.IMF,SGP,2024,Source,Data sources,"UIS Dynamic Template (mined data) based on REVENUE AND EXPENDITURE ESTIMATES FOR THE FINANCIAL YEAR 2024/2025
 (https://www.mof.gov.sg/docs/librariesprovider3/budget2024/download/pdf/revenue-and-expenditure-estimates-for-fy2024-2025.pdf)"
XGOVEXP.IMF,SGP,2025,Source,Data sources,UIS Dynamic Template (mined data) based on REVENUE AND EXPENDITURE ESTIMATES FOR THE FINANCIAL YEAR 2025/2026 (https://www.mof.gov.sg/docs/librariesprovider3/budget2025/download/pdf/revenue-and-expenditure-estimates-for-fy2025-2026.pdf)
XGOVEXP.IMF,SLB,2007,Data Status,Data reporting,"FINANCE DATA: IMF, World Economic Outlook"
XGOVEXP.IMF,SLB,2007,Source,Data sources,Country's submission to UIS SFE Questionnaire B
XGOVEXP.IMF,SLB,2008,Data Status,Data reporting,"FINANCE DATA: IMF, World Economic Outlook"
XGOVEXP.IMF,SLB,2008,Source,Data sources,Country's submission to UIS SFE Questionnaire B
XGOVEXP.IMF,SLB,2009,Data Status,Data reporting,"FINANCE DATA: IMF, World Economic Outlook"
XGOVEXP.IMF,SLB,2009,Source,Data sources,Country's submission to UIS SFE Questionnaire B
XGOVEXP.IMF,SLB,2010,Data Status,Data reporting,"FINANCE DATA: IMF, World Economic Outlook"
XGOVEXP.IMF,SLB,2010,Source,Data sources,Country's submission to UIS SFE Questionnaire B
XGOVEXP.IMF,SLB,2020,Source,Data sources,UIS Dynamic template based on GOVERNMENT OF SOLOMON ISLANDS: 2021 Final budget outcomes (https://solomons.gov.sb/wp-content/uploads/2023/01/2021-Final-Budget-Outcome-Report_Final.pdf)
XGOVEXP.IMF,SLB,2021,Source,Data sources,UIS Dynamic template based on GOVERNMENT OF SOLOMON ISLANDS: 2021 Final budget outcomes (https://solomons.gov.sb/wp-content/uploads/2023/01/2021-Final-Budget-Outcome-Report_Final.pdf)
XGOVEXP.IMF,SLB,2022,Source,Data sources,UIS Dynamic template based on data provided by country
XGOVEXP.IMF,SLB,2023,Source,Data sources,UIS Dynamic template based on data provided by country
XGOVEXP.IMF,SLB,2024,Source,Data sources,UIS Dynamic template based on data provided by country
XGOVEXP.IMF,SLE,2000,Data Status,Data reporting,"FINANCE DATA: IMF, World Economic Outlook"
XGOVEXP.IMF,SLE,2000,Source,Data sources,Country's submission to UIS SFE Questionnaire B
XGOVEXP.IMF,SLE,2001,Data Status,Data reporting,"FINANCE DATA: IMF, World Economic Outlook"
XGOVEXP.IMF,SLE,2001,Source,Data sources,Country's submission to UIS SFE Questionnaire B
XGOVEXP.IMF,SLE,2002,Data Status,Data reporting,"FINANCE DATA: IMF, World Economic Outlook"
XGOVEXP.IMF,SLE,2002,Source,Data sources,Country's submission to UIS SFE Questionnaire B
XGOVEXP.IMF,SLE,2003,Data Status,Data reporting,"FINANCE DATA: IMF, World Economic Outlook"
XGOVEXP.IMF,SLE,2003,Source,Data sources,Country's submission to UIS SFE Questionnaire B
XGOVEXP.IMF,SLE,2004,Data Status,Data reporting,"FINANCE DATA: IMF, World Economic Outlook"
XGOVEXP.IMF,SLE,2004,Source,Data sources,Country's submission to UIS SFE Questionnaire B
XGOVEXP.IMF,SLE,2005,Data Status,Data reporting,"FINANCE DATA: IMF, World Economic Outlook"
XGOVEXP.IMF,SLE,2005,Source,Data sources,Country's submission to UIS SFE Questionnaire B
XGOVEXP.IMF,SLE,2007,Data Status,Data reporting,"FINANCE DATA: IMF, World Economic Outlook"
XGOVEXP.IMF,SLE,2007,Source,Data sources,Country's submission to UIS SFE Questionnaire B
XGOVEXP.IMF,SLE,2008,Data Status,Data reporting,"FINANCE DATA: IMF, World Economic Outlook"
XGOVEXP.IMF,SLE,2008,Source,Data sources,Country's submission to UIS SFE Questionnaire B
XGOVEXP.IMF,SLE,2009,Data Status,Data reporting,"FINANCE DATA: IMF, World Economic Outlook"
XGOVEXP.IMF,SLE,2009,Source,Data sources,Country's submission to UIS SFE Questionnaire B
XGOVEXP.IMF,SLE,2010,Data Status,Data reporting,"FINANCE DATA: IMF, World Economic Outlook"
XGOVEXP.IMF,SLE,2010,Source,Data sources,Country's submission to UIS SFE Questionnaire B
XGOVEXP.IMF,SLE,2011,Data Status,Data reporting,"FINANCE DATA: IMF, World Economic Outlook"
XGOVEXP.IMF,SLE,2011,Source,Data sources,Country's submission to UIS SFE Questionnaire B
XGOVEXP.IMF,SLE,2012,Data Status,Data reporting,"FINANCE DATA: IMF, World Economic Outlook"
XGOVEXP.IMF,SLE,2012,Source,Data sources,Country's submission to UIS SFE Questionnaire B
XGOVEXP.IMF,SLE,2013,Data Status,Data reporting,"FINANCE DATA: IMF, World Economic Outlook"
XGOVEXP.IMF,SLE,2013,Source,Data sources,Country's submission to UIS SFE Questionnaire B
XGOVEXP.IMF,SLE,2014,Data Status,Data reporting,"FINANCE DATA: IMF, World Economic Outlook"
XGOVEXP.IMF,SLE,2014,Source,Data sources,Country's submission to UIS SFE Questionnaire B
XGOVEXP.IMF,SLE,2016,Data Status,Data reporting,"FINANCE DATA: IMF, World Economic Outlook"
XGOVEXP.IMF,SLE,2016,Source,Data sources,Country's submission to UIS SFE Questionnaire B
XGOVEXP.IMF,SLE,2017,Data Status,Data reporting,"FINANCE DATA: IMF, World Economic Outlook"
XGOVEXP.IMF,SLE,2017,Source,Data sources,Country's submission to UIS SFE Questionnaire B
XGOVEXP.IMF,SLE,2018,Data Status,Data reporting,"FINANCE DATA: IMF, World Economic Outlook"
XGOVEXP.IMF,SLE,2018,Source,Data sources,Country's submission to UIS SFE Questionnaire B
XGOVEXP.IMF,SLE,2019,Data Status,Data reporting,"FINANCE DATA: IMF, World Economic Outlook"
XGOVEXP.IMF,SLE,2019,Source,Data sources,Country's submission to UIS SFE Questionnaire B
XGOVEXP.IMF,SLE,2020,Data Status,Data reporting,"FINANCE DATA: IMF, World Economic Outlook"
XGOVEXP.IMF,SLE,2020,Source,Data sources,Country's submission to UIS SFE Questionnaire B
XGOVEXP.IMF,SLE,2021,Data Status,Data reporting,"FINANCE DATA: IMF, World Economic Outlook"
XGOVEXP.IMF,SLE,2021,Source,Data sources,Country's submission to UIS SFE Questionnaire B
XGOVEXP.IMF,SLE,2022,Data Status,Data reporting,"FINANCE DATA: IMF, World Economic Outlook"
XGOVEXP.IMF,SLE,2022,Source,Data sources,Country's submission to UIS SFE Questionnaire B
XGOVEXP.IMF,SLE,2024,Source,Data sources,UIS Dynamic Template (mined data) based on Government Budget and Statement of Economic and Financial Policies 2024 (https://mof.gov.sl/wp-content/uploads/2023/11/BUDGET-SPEECH-2024.pdf)
XGOVEXP.IMF,SLE,2025,Source,Data sources,UIS Dynamic Template (mined data) based on Government Budget and Statement of Economic and Financial Policies 2025 (https://mof.gov.sl/wp-content/uploads/2024/11/Budget-Speech-and-Annexes-2025.pdf)
XGOVEXP.IMF,SLV,2000,Data Status,Data reporting,"FINANCE DATA: IMF, World Economic Outlook"
XGOVEXP.IMF,SLV,2000,Source,Data sources,Country's submission to UIS SFE Questionnaire B
XGOVEXP.IMF,SLV,2002,Data Status,Data reporting,"FINANCE DATA: IMF, World Economic Outlook"
XGOVEXP.IMF,SLV,2002,Source,Data sources,Country's submission to UIS SFE Questionnaire B
XGOVEXP.IMF,SLV,2003,Data Status,Data reporting,"FINANCE DATA: IMF, World Economic Outlook"
XGOVEXP.IMF,SLV,2003,Source,Data sources,Country's submission to UIS SFE Questionnaire B
XGOVEXP.IMF,SLV,2005,Data Status,Data reporting,"FINANCE DATA: IMF, World Economic Outlook"
XGOVEXP.IMF,SLV,2005,Source,Data sources,Country's submission to UIS SFE Questionnaire B
XGOVEXP.IMF,SLV,2006,Data Status,Data reporting,"FINANCE DATA: IMF, World Economic Outlook"
XGOVEXP.IMF,SLV,2006,Source,Data sources,Country's submission to UIS SFE Questionnaire B
XGOVEXP.IMF,SLV,2007,Data Status,Data reporting,"FINANCE DATA: IMF, World Economic Outlook"
XGOVEXP.IMF,SLV,2007,Source,Data sources,Country's submission to UIS SFE Questionnaire B
XGOVEXP.IMF,SLV,2008,Data Status,Data reporting,"FINANCE DATA: IMF, World Economic Outlook"
XGOVEXP.IMF,SLV,2008,Source,Data sources,Country's submission to UIS SFE Questionnaire B
XGOVEXP.IMF,SLV,2009,Data Status,Data reporting,"FINANCE DATA: IMF, World Economic Outlook"
XGOVEXP.IMF,SLV,2009,Source,Data sources,Country's submission to UIS SFE Questionnaire B
XGOVEXP.IMF,SLV,2010,Data Status,Data reporting,"FINANCE DATA: IMF, World Economic Outlook"
XGOVEXP.IMF,SLV,2010,Source,Data sources,Country's submission to UIS SFE Questionnaire B
XGOVEXP.IMF,SLV,2011,Data Status,Data reporting,"FINANCE DATA: IMF, World Economic Outlook"
XGOVEXP.IMF,SLV,2011,Source,Data sources,Country's submission to UIS SFE Questionnaire B
XGOVEXP.IMF,SLV,2012,Data Status,Data reporting,"FINANCE DATA: IMF, World Economic Outlook"
XGOVEXP.IMF,SLV,2012,Source,Data sources,Country's submission to UIS SFE Questionnaire B
XGOVEXP.IMF,SLV,2013,Data Status,Data reporting,"FINANCE DATA: IMF, World Economic Outlook"
XGOVEXP.IMF,SLV,2013,Source,Data sources,Country's submission to UIS SFE Questionnaire B
XGOVEXP.IMF,SLV,2014,Data Status,Data reporting,"FINANCE DATA: IMF, World Economic Outlook"
XGOVEXP.IMF,SLV,2014,Source,Data sources,Country's submission to UIS SFE Questionnaire B
XGOVEXP.IMF,SLV,2015,Data Status,Data reporting,"FINANCE DATA: IMF, World Economic Outlook"
XGOVEXP.IMF,SLV,2015,Source,Data sources,Country's submission to UIS SFE Questionnaire B
XGOVEXP.IMF,SLV,2016,Data Status,Data reporting,"FINANCE DATA: IMF, World Economic Outlook"
XGOVEXP.IMF,SLV,2016,Source,Data sources,Country's submission to UIS SFE Questionnaire B
XGOVEXP.IMF,SLV,2017,Data Status,Data reporting,"FINANCE DATA: IMF, World Economic Outlook"
XGOVEXP.IMF,SLV,2017,Source,Data sources,Country's submission to UIS SFE Questionnaire B
XGOVEXP.IMF,SLV,2018,Data Status,Data reporting,"FINANCE DATA: IMF, World Economic Outlook"
XGOVEXP.IMF,SLV,2018,Source,Data sources,Country's submission to UIS SFE Questionnaire B
XGOVEXP.IMF,SLV,2019,Data Status,Data reporting,"FINANCE DATA: IMF, World Economic Outlook"
XGOVEXP.IMF,SLV,2019,Source,Data sources,Country's submission to UIS SFE Questionnaire B
XGOVEXP.IMF,SLV,2020,Data Status,Data reporting,"FINANCE DATA: IMF, World Economic Outlook"
XGOVEXP.IMF,SLV,2020,Source,Data sources,Country's submission to UIS SFE Questionnaire B
XGOVEXP.IMF,SLV,2021,Data Status,Data reporting,"FINANCE DATA: IMF, World Economic Outlook"
XGOVEXP.IMF,SLV,2021,Source,Data sources,Country's submission to UIS SFE Questionnaire B
XGOVEXP.IMF,SLV,2022,Data Status,Data reporting,"FINANCE DATA: IMF, World Economic Outlook"
XGOVEXP.IMF,SLV,2022,Source,Data sources,Country's submission to UIS SFE Questionnaire B
XGOVEXP.IMF,SLV,2023,Data Status,Data reporting,"FINANCE DATA: IMF, World Economic Outlook"
XGOVEXP.IMF,SLV,2023,Source,Data sources,Country's submission to UIS SFE Questionnaire B
XGOVEXP.IMF,SLV,2024,Data Status,Data reporting,"FINANCE DATA: IMF, World Economic Outlook"
XGOVEXP.IMF,SLV,2024,Source,Data sources,Country's submission to UIS SFE Questionnaire B
XGOVEXP.IMF,SLV,2025,Source,Data sources,"UIS Dynamic Template (mined data) based on Presupuesto General del Estado - gastos del gobierno central ; Presupuesto General del Estado - Ramo Educacion, Ciencia y Tecnologia (https://www.transparenciafiscal.gob.sv/downloads/pdf/PrePro2025GC047.pdf ; https://www.transparenciafiscal.gob.sv/downloads/pdf/SumPro2025GC004.pdf)"
XGOVEXP.IMF,SMR,2010,Data Status,Data reporting,"FINANCE DATA: IMF, World Economic Outlook"
XGOVEXP.IMF,SMR,2010,Source,Data sources,Country's submission to UIS SFE Questionnaire B
XGOVEXP.IMF,SMR,2011,Data Status,Data reporting,"FINANCE DATA: IMF, World Economic Outlook"
XGOVEXP.IMF,SMR,2011,Source,Data sources,Country's submission to UIS SFE Questionnaire B
XGOVEXP.IMF,SMR,2017,Data Status,Data reporting,"FINANCE DATA: IMF, World Economic Outlook"
XGOVEXP.IMF,SMR,2017,Source,Data sources,Country's submission to UIS SFE Questionnaire B
XGOVEXP.IMF,SMR,2018,Data Status,Data reporting,"FINANCE DATA: IMF, World Economic Outlook"
XGOVEXP.IMF,SMR,2018,Source,Data sources,Country's submission to UIS SFE Questionnaire B
XGOVEXP.IMF,SMR,2019,Data Status,Data reporting,"FINANCE DATA: IMF, World Economic Outlook"
XGOVEXP.IMF,SMR,2019,Source,Data sources,Country's submission to UIS SFE Questionnaire B
XGOVEXP.IMF,SMR,2020,Source,Data sources,UIS Dynamic template based on UIS Education Survey
XGOVEXP.IMF,SMR,2021,Data Status,Data reporting,"FINANCE DATA: IMF, World Economic Outlook"
XGOVEXP.IMF,SMR,2021,Source,Data sources,Country's submission to UIS SFE Questionnaire B
XGOVEXP.IMF,SMR,2022,Data Status,Data reporting,"FINANCE DATA: IMF, World Economic Outlook"
XGOVEXP.IMF,SMR,2022,Source,Data sources,Country's submission to UIS SFE Questionnaire B
XGOVEXP.IMF,SMR,2023,Data Status,Data reporting,"FINANCE DATA: IMF, World Economic Outlook"
XGOVEXP.IMF,SMR,2023,Source,Data sources,Country's submission to UIS SFE Questionnaire B
XGOVEXP.IMF,SOM,2015,Source,Data sources,UIS Dynamic Template (mined data) based on Appropriation Act for 2015 Revised Budget (https://www.cabri-sbo.org/uploads/bia/somalia_2015_approval_external_enacted_budget_ministry_of_finance_cen-sad_igad_english_.pdf)
XGOVEXP.IMF,SOM,2016,Source,Data sources,UIS Dynamic Template (mined data) based on Appropriation Act for 2016 Budget (https://www.cabri-sbo.org/en/documents/appropriation-act-for-2016-budget)
XGOVEXP.IMF,SOM,2017,Source,Data sources,UIS Dynamic Template (mined data) based on Appropriation Act for 2017 Budget (https://www.cabri-sbo.org/en/documents/appropriation-act-for-2017-budget)
XGOVEXP.IMF,SOM,2018,Source,Data sources,UIS Dynamic Template (mined data) based on Appropriation Act for 2020 Budget (https://mof.gov.so/index.php/publications/appropriation-act-2020-budget)
XGOVEXP.IMF,SOM,2019,Source,Data sources,UIS Dynamic Template (mined data) based on Appropriation Act for 2021 Budget (https://mof.gov.so/index.php/publications/appropriation-act-2021)
XGOVEXP.IMF,SOM,2020,Source,Data sources,UIS Dynamic Template (mined data) based on Appropriation Act for 2022 Budget (https://mof.gov.so/index.php/publications/appropriation-act-2022-budget-english-version)
XGOVEXP.IMF,SOM,2021,Source,Data sources,UIS Dynamic Template (mined data) based on Appropriation Act for 2023 Budget (https://mof.gov.so/publications/appropriation-act-2023-budget)
XGOVEXP.IMF,SOM,2022,Source,Data sources,UIS Dynamic Template (mined data) based on Appropriation Act for 2024 Budget (https://mof.gov.so/sites/default/files/Publications/Appropriation%20Act.%20for%202024%20budget.pdf)
XGOVEXP.IMF,SOM,2023,Source,Data sources,UIS Dynamic Template (mined data) based on Appropriation Act for 2025 Budget (https://mof.gov.so/sites/default/files/Publications/Appropriation%20Act.%20for%202025%20budget.pdf)
XGOVEXP.IMF,SOM,2024,Source,Data sources,UIS Dynamic Template (mined data) based on Appropriation Act for 2024 Budget (https://mof.gov.so/sites/default/files/Publications/Appropriation%20Act.%20for%202024%20budget.pdf)
XGOVEXP.IMF,SOM,2025,Source,Data sources,UIS Dynamic Template (mined data) based on Appropriation Act for 2025 Budget (https://mof.gov.so/sites/default/files/Publications/Appropriation%20Act.%20for%202025%20budget.pdf)
XGOVEXP.IMF,SRB,2007,Data Status,Data reporting,"FINANCE DATA: IMF, World Economic Outlook"
XGOVEXP.IMF,SRB,2007,Source,Data sources,Country's submission to UNESCO OECD Eurostat (UOE) joint data collection
XGOVEXP.IMF,SRB,2009,Data Status,Data reporting,"FINANCE DATA: IMF, World Economic Outlook"
XGOVEXP.IMF,SRB,2009,Source,Data sources,Country's submission to UNESCO OECD Eurostat (UOE) joint data collection
XGOVEXP.IMF,SRB,2011,Data Status,Data reporting,"FINANCE DATA: IMF, World Economic Outlook"
XGOVEXP.IMF,SRB,2011,Source,Data sources,Country's submission to UNESCO OECD Eurostat (UOE) joint data collection
XGOVEXP.IMF,SRB,2016,Data Status,Data reporting,"FINANCE DATA: IMF, World Economic Outlook"
XGOVEXP.IMF,SRB,2016,Source,Data sources,Country's submission to UNESCO OECD Eurostat (UOE) joint data collection
XGOVEXP.IMF,SRB,2017,Data Status,Data reporting,"FINANCE DATA: IMF, World Economic Outlook"
XGOVEXP.IMF,SRB,2017,Source,Data sources,Country's submission to UNESCO OECD Eurostat (UOE) joint data collection
XGOVEXP.IMF,SRB,2018,Data Status,Data reporting,"FINANCE DATA: IMF, World Economic Outlook"
XGOVEXP.IMF,SRB,2018,Source,Data sources,Country's submission to UNESCO OECD Eurostat (UOE) joint data collection
XGOVEXP.IMF,SRB,2019,Data Status,Data reporting,"FINANCE DATA: IMF, World Economic Outlook"
XGOVEXP.IMF,SRB,2019,Source,Data sources,Country's submission to UNESCO OECD Eurostat (UOE) joint data collection
XGOVEXP.IMF,SRB,2021,Data Status,Data reporting,"FINANCE DATA: IMF, World Economic Outlook"
XGOVEXP.IMF,SRB,2021,Source,Data sources,Country's submission to UNESCO OECD Eurostat (UOE) joint data collection
XGOVEXP.IMF,SRB,2022,Data Status,Data reporting,"FINANCE DATA: IMF, World Economic Outlook"
XGOVEXP.IMF,SRB,2022,Source,Data sources,Country's submission to UNESCO OECD Eurostat (UOE) joint data collection
XGOVEXP.IMF,SRB,2023,Data Status,Data reporting,"FINANCE DATA: IMF, World Economic Outlook"
XGOVEXP.IMF,SRB,2023,Source,Data sources,Country's submission to UNESCO OECD Eurostat (UOE) joint data collection
XGOVEXP.IMF,SSD,2011,Data Status,Data reporting,"FINANCE DATA: IMF, World Economic Outlook"
XGOVEXP.IMF,SSD,2011,Source,Data sources,Country's submission to UIS SFE Questionnaire B
XGOVEXP.IMF,SSD,2013,Data Status,Data reporting,"FINANCE DATA: IMF, World Economic Outlook"
XGOVEXP.IMF,SSD,2013,Source,Data sources,Country's submission to UIS SFE Questionnaire B
XGOVEXP.IMF,SSD,2014,Data Status,Data reporting,"FINANCE DATA: IMF, World Economic Outlook"
XGOVEXP.IMF,SSD,2014,Source,Data sources,Country's submission to UIS SFE Questionnaire B
XGOVEXP.IMF,SSD,2015,Data Status,Data reporting,"FINANCE DATA: IMF, World Economic Outlook"
XGOVEXP.IMF,SSD,2015,Source,Data sources,Country's submission to UIS SFE Questionnaire B
XGOVEXP.IMF,SSD,2024,Data Status,Data reporting,"FINANCE DATA: IMF, World Economic Outlook"
XGOVEXP.IMF,SSD,2024,Source,Data sources,Country's submission to UIS SFE Questionnaire B
XGOVEXP.IMF,STP,2002,Data Status,Data reporting,"FINANCE DATA: IMF, World Economic Outlook"
XGOVEXP.IMF,STP,2002,Source,Data sources,Country's submission to UIS SFE Questionnaire B
XGOVEXP.IMF,STP,2003,Data Status,Data reporting,"FINANCE DATA: IMF, World Economic Outlook"
XGOVEXP.IMF,STP,2003,Source,Data sources,Country's submission to UIS SFE Questionnaire B
XGOVEXP.IMF,STP,2004,Data Status,Data reporting,"FINANCE DATA: IMF, World Economic Outlook"
XGOVEXP.IMF,STP,2004,Source,Data sources,Country's submission to UIS SFE Questionnaire B
XGOVEXP.IMF,STP,2005,Data Status,Data reporting,"FINANCE DATA: IMF, World Economic Outlook"
XGOVEXP.IMF,STP,2005,Source,Data sources,Country's submission to UIS SFE Questionnaire B
XGOVEXP.IMF,STP,2006,Data Status,Data reporting,"FINANCE DATA: IMF, World Economic Outlook"
XGOVEXP.IMF,STP,2006,Source,Data sources,Country's submission to UIS SFE Questionnaire B
XGOVEXP.IMF,STP,2007,Data Status,Data reporting,"FINANCE DATA: IMF, World Economic Outlook"
XGOVEXP.IMF,STP,2007,Source,Data sources,Country's submission to UIS SFE Questionnaire B
XGOVEXP.IMF,STP,2008,Data Status,Data reporting,"FINANCE DATA: IMF, World Economic Outlook"
XGOVEXP.IMF,STP,2008,Source,Data sources,Country's submission to UIS SFE Questionnaire B
XGOVEXP.IMF,STP,2009,Data Status,Data reporting,"FINANCE DATA: IMF, World Economic Outlook"
XGOVEXP.IMF,STP,2009,Source,Data sources,Country's submission to UIS SFE Questionnaire B
XGOVEXP.IMF,STP,2010,Data Status,Data reporting,"FINANCE DATA: IMF, World Economic Outlook"
XGOVEXP.IMF,STP,2010,Source,Data sources,Country's submission to UIS SFE Questionnaire B
XGOVEXP.IMF,STP,2011,Source,Data sources,UIS Dynamic Template (mined data) based on ORCAMENTO GERAL DO ESTADO 2011 (https://financas.gov.st/index.php/publicacoes/documentos/file/476-repositorios)
XGOVEXP.IMF,STP,2012,Data Status,Data reporting,"FINANCE DATA: IMF, World Economic Outlook"
XGOVEXP.IMF,STP,2012,Source,Data sources,Country's submission to UIS SFE Questionnaire B
XGOVEXP.IMF,STP,2013,Data Status,Data reporting,"FINANCE DATA: IMF, World Economic Outlook"
XGOVEXP.IMF,STP,2013,Source,Data sources,Country's submission to UIS SFE Questionnaire B
XGOVEXP.IMF,STP,2014,Data Status,Data reporting,"FINANCE DATA: IMF, World Economic Outlook"
XGOVEXP.IMF,STP,2014,Source,Data sources,Country's submission to UIS SFE Questionnaire B
XGOVEXP.IMF,STP,2015,Data Status,Data reporting,"FINANCE DATA: IMF, World Economic Outlook"
XGOVEXP.IMF,STP,2015,Source,Data sources,Country's submission to UIS SFE Questionnaire B
XGOVEXP.IMF,STP,2016,Data Status,Data reporting,"FINANCE DATA: IMF, World Economic Outlook"
XGOVEXP.IMF,STP,2016,Source,Data sources,Country's submission to UIS SFE Questionnaire B
XGOVEXP.IMF,STP,2017,Data Status,Data reporting,"FINANCE DATA: IMF, World Economic Outlook"
XGOVEXP.IMF,STP,2017,Source,Data sources,Country's submission to UIS SFE Questionnaire B
XGOVEXP.IMF,STP,2018,Data Status,Data reporting,"FINANCE DATA: IMF, World Economic Outlook"
XGOVEXP.IMF,STP,2018,Source,Data sources,Country's submission to UIS SFE Questionnaire B
XGOVEXP.IMF,STP,2019,Source,Data sources,"UIS Dynamic Template (mined data) based on RESUMO DA DESPESAS POR FUNCAO, SUBFUNCAO E PROGRMA 2019 (https://financas.gov.st/index.php/publicacoes/documentos/file/888-6-oge2019-global-fun-prog-pdf)"
XGOVEXP.IMF,STP,2020,Source,Data sources,"UIS Dynamic Template (mined data) based on RESUMO DA DESPESAS POR FUNCAO, SUBFUNCAO E PROGRMA 2020 (https://financas.gov.st/index.php/publicacoes/documentos/file/949-6-stp-oge-2020-despesas-por-programas)"
XGOVEXP.IMF,STP,2021,Source,Data sources,"UIS Dynamic Template (mined data) based on RESUMO DA DESPESAS POR FUNCAO, SUBFUNCAO E PROGRMA 2021 (https://financas.gov.st/index.php/publicacoes/documentos/file/1254-5-stp-oge-2021-funcao-e-programa)"
XGOVEXP.IMF,STP,2022,Source,Data sources,"UIS Dynamic Template (mined data) based on RESUMO DA DESPESAS POR FUNCAO, SUBFUNCAO E PROGRMA (https://financas.gov.st/index.php/publicacoes/documentos/file/1392-6-stp-oge-2022-funcao-e-programa)"
XGOVEXP.IMF,STP,2023,Source,Data sources,"UIS Dynamic Template (mined data) based on RESUMO DA DESPESAS POR FUNCAO, SUBFUNCAO E PROGRMA (https://financas.gov.st/index.php/publicacoes/documentos/file/1632-6-stp-oge-2023-funcao-e-programa)"
XGOVEXP.IMF,STP,2024,Source,Data sources,"UIS Dynamic Template (mined data) based on RESUMO DA DESPESAS POR FUNCAO, SUBFUNCAO E PROGRMA 2024 (https://financas.gov.st/index.php/publicacoes/documentos/file/1736-6-stp-oge-2024-funcao-e-programa)"
XGOVEXP.IMF,SUR,2015,Source,Data sources,UIS Dynamic template based on Financial Note (http://finance.gov.sr/media/1031/cd-fin-nota-2015-pdf.pdf)
XGOVEXP.IMF,SUR,2016,Source,Data sources,UIS Dynamic template based on Financial Note (http://finance.gov.sr/media/1030/cd-fin-nota-2016-pdf.pdf)
XGOVEXP.IMF,SUR,2017,Source,Data sources,UIS Dynamic template based on Financial Note (http://finance.gov.sr/media/1035/cd-fin-nota-2017-pdf.pdf)
XGOVEXP.IMF,SUR,2018,Source,Data sources,UIS Dynamic template based on Financial Note (http://finance.gov.sr/media/1034/cd-fin-nota-2018-pdf.pdf)
XGOVEXP.IMF,SUR,2019,Source,Data sources,UIS Dynamic template based on Financial Note (http://finance.gov.sr/media/1033/cd-fin-nota-2019-pdf.pdf)
XGOVEXP.IMF,SUR,2020,Source,Data sources,UIS Dynamic template based on Financial Note; Consumer Price Index (http://finance.gov.sr/media/1065/financi%C3%ABle-nota-2020.pdf; https://statistics-suriname.org/wp-content/uploads/2021/01/CPI-dec-2020.pdf)
XGOVEXP.IMF,SUR,2021,Source,Data sources,UIS Dynamic template based on data provided by country
XGOVEXP.IMF,SUR,2022,Source,Data sources,UIS Dynamic template based on data provided by country
XGOVEXP.IMF,SUR,2023,Source,Data sources,UIS Dynamic template based on data provided by country
XGOVEXP.IMF,SUR,2024,Source,Data sources,UIS Dynamic template based on data provided by country
XGOVEXP.IMF,SVK,2000,Data Status,Data reporting,"FINANCE DATA: IMF, World Economic Outlook"
XGOVEXP.IMF,SVK,2000,Source,Data sources,Country's submission to UNESCO OECD Eurostat (UOE) joint data collection
XGOVEXP.IMF,SVK,2001,Data Status,Data reporting,"FINANCE DATA: IMF, World Economic Outlook"
XGOVEXP.IMF,SVK,2001,Source,Data sources,Country's submission to UNESCO OECD Eurostat (UOE) joint data collection
XGOVEXP.IMF,SVK,2002,Data Status,Data reporting,"FINANCE DATA: IMF, World Economic Outlook"
XGOVEXP.IMF,SVK,2002,Source,Data sources,Country's submission to UNESCO OECD Eurostat (UOE) joint data collection
XGOVEXP.IMF,SVK,2003,Data Status,Data reporting,"FINANCE DATA: IMF, World Economic Outlook"
XGOVEXP.IMF,SVK,2003,Source,Data sources,Country's submission to UNESCO OECD Eurostat (UOE) joint data collection
XGOVEXP.IMF,SVK,2004,Data Status,Data reporting,"FINANCE DATA: IMF, World Economic Outlook"
XGOVEXP.IMF,SVK,2004,Source,Data sources,Country's submission to UNESCO OECD Eurostat (UOE) joint data collection
XGOVEXP.IMF,SVK,2005,Data Status,Data reporting,"FINANCE DATA: IMF, World Economic Outlook"
XGOVEXP.IMF,SVK,2005,Source,Data sources,Country's submission to UNESCO OECD Eurostat (UOE) joint data collection
XGOVEXP.IMF,SVK,2006,Data Status,Data reporting,"FINANCE DATA: IMF, World Economic Outlook"
XGOVEXP.IMF,SVK,2006,Source,Data sources,Country's submission to UNESCO OECD Eurostat (UOE) joint data collection
XGOVEXP.IMF,SVK,2007,Data Status,Data reporting,"FINANCE DATA: IMF, World Economic Outlook"
XGOVEXP.IMF,SVK,2007,Source,Data sources,Country's submission to UNESCO OECD Eurostat (UOE) joint data collection
XGOVEXP.IMF,SVK,2008,Data Status,Data reporting,"FINANCE DATA: IMF, World Economic Outlook"
XGOVEXP.IMF,SVK,2008,Source,Data sources,Country's submission to UNESCO OECD Eurostat (UOE) joint data collection
XGOVEXP.IMF,SVK,2009,Data Status,Data reporting,"FINANCE DATA: IMF, World Economic Outlook"
XGOVEXP.IMF,SVK,2009,Source,Data sources,Country's submission to UNESCO OECD Eurostat (UOE) joint data collection
XGOVEXP.IMF,SVK,2010,Data Status,Data reporting,"FINANCE DATA: IMF, World Economic Outlook"
XGOVEXP.IMF,SVK,2010,Source,Data sources,Country's submission to UNESCO OECD Eurostat (UOE) joint data collection
XGOVEXP.IMF,SVK,2011,Data Status,Data reporting,"FINANCE DATA: IMF, World Economic Outlook"
XGOVEXP.IMF,SVK,2011,Source,Data sources,Country's submission to UNESCO OECD Eurostat (UOE) joint data collection
XGOVEXP.IMF,SVK,2012,Data Status,Data reporting,"FINANCE DATA: IMF, World Economic Outlook"
XGOVEXP.IMF,SVK,2012,Source,Data sources,Country's submission to UNESCO OECD Eurostat (UOE) joint data collection
XGOVEXP.IMF,SVK,2013,Data Status,Data reporting,"FINANCE DATA: IMF, World Economic Outlook"
XGOVEXP.IMF,SVK,2013,Source,Data sources,Country's submission to UNESCO OECD Eurostat (UOE) joint data collection
XGOVEXP.IMF,SVK,2014,Data Status,Data reporting,"FINANCE DATA: IMF, World Economic Outlook"
XGOVEXP.IMF,SVK,2014,Source,Data sources,Country's submission to UNESCO OECD Eurostat (UOE) joint data collection
XGOVEXP.IMF,SVK,2015,Data Status,Data reporting,"FINANCE DATA: IMF, World Economic Outlook"
XGOVEXP.IMF,SVK,2015,Source,Data sources,Country's submission to UNESCO OECD Eurostat (UOE) joint data collection
XGOVEXP.IMF,SVK,2016,Data Status,Data reporting,"FINANCE DATA: IMF, World Economic Outlook"
XGOVEXP.IMF,SVK,2016,Source,Data sources,Country's submission to UNESCO OECD Eurostat (UOE) joint data collection
XGOVEXP.IMF,SVK,2017,Data Status,Data reporting,"FINANCE DATA: IMF, World Economic Outlook"
XGOVEXP.IMF,SVK,2017,Source,Data sources,Country's submission to UNESCO OECD Eurostat (UOE) joint data collection
XGOVEXP.IMF,SVK,2018,Data Status,Data reporting,"FINANCE DATA: IMF, World Economic Outlook"
XGOVEXP.IMF,SVK,2018,Source,Data sources,Country's submission to UNESCO OECD Eurostat (UOE) joint data collection
XGOVEXP.IMF,SVK,2019,Data Status,Data reporting,"FINANCE DATA: IMF, World Economic Outlook"
XGOVEXP.IMF,SVK,2019,Source,Data sources,Country's submission to UNESCO OECD Eurostat (UOE) joint data collection
XGOVEXP.IMF,SVK,2020,Data Status,Data reporting,"FINANCE DATA: IMF, World Economic Outlook"
XGOVEXP.IMF,SVK,2020,Source,Data sources,Country's submission to UNESCO OECD Eurostat (UOE) joint data collection
XGOVEXP.IMF,SVK,2021,Data Status,Data reporting,"FINANCE DATA: IMF, World Economic Outlook"
XGOVEXP.IMF,SVK,2021,Source,Data sources,Country's submission to UNESCO OECD Eurostat (UOE) joint data collection
XGOVEXP.IMF,SVK,2022,Data Status,Data reporting,"FINANCE DATA: IMF, World Economic Outlook"
XGOVEXP.IMF,SVK,2022,Source,Data sources,Country's submission to UNESCO OECD Eurostat (UOE) joint data collection
XGOVEXP.IMF,SVN,2001,Data Status,Data reporting,"FINANCE DATA: IMF, World Economic Outlook"
XGOVEXP.IMF,SVN,2001,Source,Data sources,Country's submission to UNESCO OECD Eurostat (UOE) joint data collection
XGOVEXP.IMF,SVN,2002,Data Status,Data reporting,"FINANCE DATA: IMF, World Economic Outlook"
XGOVEXP.IMF,SVN,2002,Source,Data sources,Country's submission to UNESCO OECD Eurostat (UOE) joint data collection
XGOVEXP.IMF,SVN,2003,Data Status,Data reporting,"FINANCE DATA: IMF, World Economic Outlook"
XGOVEXP.IMF,SVN,2003,Source,Data sources,Country's submission to UNESCO OECD Eurostat (UOE) joint data collection
XGOVEXP.IMF,SVN,2004,Data Status,Data reporting,"FINANCE DATA: IMF, World Economic Outlook"
XGOVEXP.IMF,SVN,2004,Source,Data sources,Country's submission to UNESCO OECD Eurostat (UOE) joint data collection
XGOVEXP.IMF,SVN,2005,Data Status,Data reporting,"FINANCE DATA: IMF, World Economic Outlook"
XGOVEXP.IMF,SVN,2005,Source,Data sources,Country's submission to UNESCO OECD Eurostat (UOE) joint data collection
XGOVEXP.IMF,SVN,2006,Data Status,Data reporting,"FINANCE DATA: IMF, World Economic Outlook"
XGOVEXP.IMF,SVN,2006,Source,Data sources,Country's submission to UNESCO OECD Eurostat (UOE) joint data collection
XGOVEXP.IMF,SVN,2007,Data Status,Data reporting,"FINANCE DATA: IMF, World Economic Outlook"
XGOVEXP.IMF,SVN,2007,Source,Data sources,Country's submission to UNESCO OECD Eurostat (UOE) joint data collection
XGOVEXP.IMF,SVN,2008,Data Status,Data reporting,"FINANCE DATA: IMF, World Economic Outlook"
XGOVEXP.IMF,SVN,2008,Source,Data sources,Country's submission to UNESCO OECD Eurostat (UOE) joint data collection
XGOVEXP.IMF,SVN,2009,Data Status,Data reporting,"FINANCE DATA: IMF, World Economic Outlook"
XGOVEXP.IMF,SVN,2009,Source,Data sources,Country's submission to UNESCO OECD Eurostat (UOE) joint data collection
XGOVEXP.IMF,SVN,2010,Data Status,Data reporting,"FINANCE DATA: IMF, World Economic Outlook"
XGOVEXP.IMF,SVN,2010,Source,Data sources,Country's submission to UNESCO OECD Eurostat (UOE) joint data collection
XGOVEXP.IMF,SVN,2011,Data Status,Data reporting,"FINANCE DATA: IMF, World Economic Outlook"
XGOVEXP.IMF,SVN,2011,Source,Data sources,Country's submission to UNESCO OECD Eurostat (UOE) joint data collection
XGOVEXP.IMF,SVN,2012,Data Status,Data reporting,"FINANCE DATA: IMF, World Economic Outlook"
XGOVEXP.IMF,SVN,2012,Source,Data sources,Country's submission to UNESCO OECD Eurostat (UOE) joint data collection
XGOVEXP.IMF,SVN,2013,Data Status,Data reporting,"FINANCE DATA: IMF, World Economic Outlook"
XGOVEXP.IMF,SVN,2013,Source,Data sources,Country's submission to UNESCO OECD Eurostat (UOE) joint data collection
XGOVEXP.IMF,SVN,2014,Data Status,Data reporting,"FINANCE DATA: IMF, World Economic Outlook"
XGOVEXP.IMF,SVN,2014,Source,Data sources,Country's submission to UNESCO OECD Eurostat (UOE) joint data collection
XGOVEXP.IMF,SVN,2015,Data Status,Data reporting,"FINANCE DATA: IMF, World Economic Outlook"
XGOVEXP.IMF,SVN,2015,Source,Data sources,Country's submission to UNESCO OECD Eurostat (UOE) joint data collection
XGOVEXP.IMF,SVN,2016,Data Status,Data reporting,"FINANCE DATA: IMF, World Economic Outlook"
XGOVEXP.IMF,SVN,2016,Source,Data sources,Country's submission to UNESCO OECD Eurostat (UOE) joint data collection
XGOVEXP.IMF,SVN,2017,Data Status,Data reporting,"FINANCE DATA: IMF, World Economic Outlook"
XGOVEXP.IMF,SVN,2017,Source,Data sources,Country's submission to UNESCO OECD Eurostat (UOE) joint data collection
XGOVEXP.IMF,SVN,2018,Data Status,Data reporting,"FINANCE DATA: IMF, World Economic Outlook"
XGOVEXP.IMF,SVN,2018,Source,Data sources,Country's submission to UNESCO OECD Eurostat (UOE) joint data collection
XGOVEXP.IMF,SVN,2019,Data Status,Data reporting,"FINANCE DATA: IMF, World Economic Outlook"
XGOVEXP.IMF,SVN,2019,Source,Data sources,Country's submission to UNESCO OECD Eurostat (UOE) joint data collection
XGOVEXP.IMF,SVN,2020,Data Status,Data reporting,"FINANCE DATA: IMF, World Economic Outlook"
XGOVEXP.IMF,SVN,2020,Source,Data sources,Country's submission to UNESCO OECD Eurostat (UOE) joint data collection
XGOVEXP.IMF,SVN,2021,Data Status,Data reporting,"FINANCE DATA: IMF, World Economic Outlook"
XGOVEXP.IMF,SVN,2021,Source,Data sources,Country's submission to UNESCO OECD Eurostat (UOE) joint data collection
XGOVEXP.IMF,SVN,2022,Data Status,Data reporting,"FINANCE DATA: IMF, World Economic Outlook"
XGOVEXP.IMF,SVN,2022,Source,Data sources,Country's submission to UNESCO OECD Eurostat (UOE) joint data collection
XGOVEXP.IMF,SWE,2000,Data Status,Data reporting,"FINANCE DATA: IMF, World Economic Outlook"
XGOVEXP.IMF,SWE,2000,Source,Data sources,Country's submission to UNESCO OECD Eurostat (UOE) joint data collection
XGOVEXP.IMF,SWE,2001,Data Status,Data reporting,"FINANCE DATA: IMF, World Economic Outlook"
XGOVEXP.IMF,SWE,2001,Source,Data sources,Country's submission to UNESCO OECD Eurostat (UOE) joint data collection
XGOVEXP.IMF,SWE,2002,Data Status,Data reporting,"FINANCE DATA: IMF, World Economic Outlook"
XGOVEXP.IMF,SWE,2002,Source,Data sources,Country's submission to UNESCO OECD Eurostat (UOE) joint data collection
XGOVEXP.IMF,SWE,2003,Data Status,Data reporting,"FINANCE DATA: IMF, World Economic Outlook"
XGOVEXP.IMF,SWE,2003,Source,Data sources,Country's submission to UNESCO OECD Eurostat (UOE) joint data collection
XGOVEXP.IMF,SWE,2004,Data Status,Data reporting,"FINANCE DATA: IMF, World Economic Outlook"
XGOVEXP.IMF,SWE,2004,Source,Data sources,Country's submission to UNESCO OECD Eurostat (UOE) joint data collection
XGOVEXP.IMF,SWE,2005,Data Status,Data reporting,"FINANCE DATA: IMF, World Economic Outlook"
XGOVEXP.IMF,SWE,2005,Source,Data sources,Country's submission to UNESCO OECD Eurostat (UOE) joint data collection
XGOVEXP.IMF,SWE,2006,Data Status,Data reporting,"FINANCE DATA: IMF, World Economic Outlook"
XGOVEXP.IMF,SWE,2006,Source,Data sources,Country's submission to UNESCO OECD Eurostat (UOE) joint data collection
XGOVEXP.IMF,SWE,2007,Data Status,Data reporting,"FINANCE DATA: IMF, World Economic Outlook"
XGOVEXP.IMF,SWE,2007,Source,Data sources,Country's submission to UNESCO OECD Eurostat (UOE) joint data collection
XGOVEXP.IMF,SWE,2008,Data Status,Data reporting,"FINANCE DATA: IMF, World Economic Outlook"
XGOVEXP.IMF,SWE,2008,Source,Data sources,Country's submission to UNESCO OECD Eurostat (UOE) joint data collection
XGOVEXP.IMF,SWE,2009,Data Status,Data reporting,"FINANCE DATA: IMF, World Economic Outlook"
XGOVEXP.IMF,SWE,2009,Source,Data sources,Country's submission to UNESCO OECD Eurostat (UOE) joint data collection
XGOVEXP.IMF,SWE,2010,Data Status,Data reporting,"FINANCE DATA: IMF, World Economic Outlook"
XGOVEXP.IMF,SWE,2010,Source,Data sources,Country's submission to UNESCO OECD Eurostat (UOE) joint data collection
XGOVEXP.IMF,SWE,2011,Data Status,Data reporting,"FINANCE DATA: IMF, World Economic Outlook"
XGOVEXP.IMF,SWE,2011,Source,Data sources,Country's submission to UNESCO OECD Eurostat (UOE) joint data collection
XGOVEXP.IMF,SWE,2012,Data Status,Data reporting,"FINANCE DATA: IMF, World Economic Outlook"
XGOVEXP.IMF,SWE,2012,Source,Data sources,Country's submission to UNESCO OECD Eurostat (UOE) joint data collection
XGOVEXP.IMF,SWE,2013,Data Status,Data reporting,"FINANCE DATA: IMF, World Economic Outlook"
XGOVEXP.IMF,SWE,2013,Source,Data sources,Country's submission to UNESCO OECD Eurostat (UOE) joint data collection
XGOVEXP.IMF,SWE,2014,Data Status,Data reporting,"FINANCE DATA: IMF, World Economic Outlook"
XGOVEXP.IMF,SWE,2014,Source,Data sources,Country's submission to UNESCO OECD Eurostat (UOE) joint data collection
XGOVEXP.IMF,SWE,2015,Data Status,Data reporting,"FINANCE DATA: IMF, World Economic Outlook"
XGOVEXP.IMF,SWE,2015,Source,Data sources,Country's submission to UNESCO OECD Eurostat (UOE) joint data collection
XGOVEXP.IMF,SWE,2016,Data Status,Data reporting,"FINANCE DATA: IMF, World Economic Outlook"
XGOVEXP.IMF,SWE,2016,Source,Data sources,Country's submission to UNESCO OECD Eurostat (UOE) joint data collection
XGOVEXP.IMF,SWE,2017,Data Status,Data reporting,"FINANCE DATA: IMF, World Economic Outlook"
XGOVEXP.IMF,SWE,2017,Source,Data sources,Country's submission to UNESCO OECD Eurostat (UOE) joint data collection
XGOVEXP.IMF,SWE,2018,Data Status,Data reporting,"FINANCE DATA: IMF, World Economic Outlook"
XGOVEXP.IMF,SWE,2018,Source,Data sources,Country's submission to UNESCO OECD Eurostat (UOE) joint data collection
XGOVEXP.IMF,SWE,2019,Data Status,Data reporting,"FINANCE DATA: IMF, World Economic Outlook"
XGOVEXP.IMF,SWE,2019,Source,Data sources,Country's submission to UNESCO OECD Eurostat (UOE) joint data collection
XGOVEXP.IMF,SWE,2020,Data Status,Data reporting,"FINANCE DATA: IMF, World Economic Outlook"
XGOVEXP.IMF,SWE,2020,Source,Data sources,Country's submission to UNESCO OECD Eurostat (UOE) joint data collection
XGOVEXP.IMF,SWE,2021,Data Status,Data reporting,"FINANCE DATA: IMF, World Economic Outlook"
XGOVEXP.IMF,SWE,2021,Source,Data sources,Country's submission to UNESCO OECD Eurostat (UOE) joint data collection
XGOVEXP.IMF,SWE,2022,Data Status,Data reporting,"FINANCE DATA: IMF, World Economic Outlook"
XGOVEXP.IMF,SWE,2022,Source,Data sources,Country's submission to UNESCO OECD Eurostat (UOE) joint data collection
XGOVEXP.IMF,SWZ,2000,Data Status,Data reporting,"FINANCE DATA: IMF, World Economic Outlook"
XGOVEXP.IMF,SWZ,2000,Source,Data sources,Country's submission to UIS SFE Questionnaire B
XGOVEXP.IMF,SWZ,2001,Data Status,Data reporting,"FINANCE DATA: IMF, World Economic Outlook"
XGOVEXP.IMF,SWZ,2001,Source,Data sources,Country's submission to UIS SFE Questionnaire B
XGOVEXP.IMF,SWZ,2002,Data Status,Data reporting,"FINANCE DATA: IMF, World Economic Outlook"
XGOVEXP.IMF,SWZ,2002,Source,Data sources,Country's submission to UIS SFE Questionnaire B
XGOVEXP.IMF,SWZ,2003,Data Status,Data reporting,"FINANCE DATA: IMF, World Economic Outlook"
XGOVEXP.IMF,SWZ,2003,Source,Data sources,Country's submission to UIS SFE Questionnaire B
XGOVEXP.IMF,SWZ,2004,Data Status,Data reporting,"FINANCE DATA: IMF, World Economic Outlook"
XGOVEXP.IMF,SWZ,2004,Source,Data sources,Country's submission to UIS SFE Questionnaire B
XGOVEXP.IMF,SWZ,2005,Data Status,Data reporting,"FINANCE DATA: IMF, World Economic Outlook"
XGOVEXP.IMF,SWZ,2005,Source,Data sources,Country's submission to UIS SFE Questionnaire B
XGOVEXP.IMF,SWZ,2006,Data Status,Data reporting,"FINANCE DATA: IMF, World Economic Outlook"
XGOVEXP.IMF,SWZ,2006,Source,Data sources,Country's submission to UIS SFE Questionnaire B
XGOVEXP.IMF,SWZ,2008,Data Status,Data reporting,"FINANCE DATA: IMF, World Economic Outlook"
XGOVEXP.IMF,SWZ,2008,Source,Data sources,Country's submission to UIS SFE Questionnaire B
XGOVEXP.IMF,SWZ,2009,Data Status,Data reporting,"FINANCE DATA: IMF, World Economic Outlook"
XGOVEXP.IMF,SWZ,2009,Source,Data sources,Country's submission to UIS SFE Questionnaire B
XGOVEXP.IMF,SWZ,2010,Data Status,Data reporting,"FINANCE DATA: IMF, World Economic Outlook"
XGOVEXP.IMF,SWZ,2010,Source,Data sources,Country's submission to UIS SFE Questionnaire B
XGOVEXP.IMF,SWZ,2011,Data Status,Data reporting,"FINANCE DATA: IMF, World Economic Outlook"
XGOVEXP.IMF,SWZ,2011,Source,Data sources,Country's submission to UIS SFE Questionnaire B
XGOVEXP.IMF,SWZ,2012,Source,Data sources,UIS Dynamic Template (mined data) based on Estimates for the years from 2013 to 2016 (http://www.gov.sz/images/FinanceDocuments/Budget-Estimates2013_16.pdf)
XGOVEXP.IMF,SWZ,2013,Source,Data sources,UIS Dynamic Template (mined data) based on Estimates for the years from 2013 to 2016 (http://www.gov.sz/images/FinanceDocuments/Budget-Estimates2013_16.pdf)
XGOVEXP.IMF,SWZ,2014,Data Status,Data reporting,"FINANCE DATA: IMF, World Economic Outlook"
XGOVEXP.IMF,SWZ,2014,Source,Data sources,Country's submission to UIS SFE Questionnaire B
XGOVEXP.IMF,SWZ,2015,Source,Data sources,UIS Dynamic Template (mined data) based on Estimates for the years from 2016 to 2019 (http://www.gov.sz/images/FinanceDocuments/Budget-Estimates2016_19.pdf)
XGOVEXP.IMF,SWZ,2016,Source,Data sources,UIS Dynamic Template (mined data) based on Estimates for the years from 2017 to 2020 (http://www.gov.sz/images/FinanceDocuments/Budget-Estimates2017_20.pdf)
XGOVEXP.IMF,SWZ,2017,Source,Data sources,UIS Dynamic Template (mined data) based on Estimates for the years from 2018 to 2021 (http://www.gov.sz/images/FinanceDocuments/Budget-Draft-Estimates2018.pdf)
XGOVEXP.IMF,SWZ,2018,Source,Data sources,UIS Dynamic Template (mined data) based on Estimates for the years from 2019 to 2022 (http://www.gov.sz/images/FinanceDocuments/Budget-Estimates2019_22.pdf)
XGOVEXP.IMF,SWZ,2019,Source,Data sources,UIS Dynamic Template (mined data) based on Estimates for the years from 2020 to 2023 (http://www.gov.sz/images/FinanceDocuments/Estimate-Book-Final-Draft-2020-21.pdf)
XGOVEXP.IMF,SWZ,2020,Source,Data sources,UIS Dynamic Template (mined data) based on Estimates for the years from 2021 to 2024 (http://www.gov.sz/images/FinanceDocuments/Estimate-Book-2021_22_final_print.pdf)
XGOVEXP.IMF,SWZ,2021,Source,Data sources,UIS Dynamic Template (mined data) based on Estimates for the years from 2022 to 2025 (https://www.gov.sz/images/FinanceDocuments/Estimates-Book-2022-23----FINAL-1.pdf)
XGOVEXP.IMF,SWZ,2022,Source,Data sources,UIS Dynamic Template (mined data) based on Estimates for the years from 2022 to 2025 (https://www.gov.sz/images/FinanceDocuments/Estimates-Book-2022-23----FINAL-1.pdf)
XGOVEXP.IMF,SWZ,2023,Source,Data sources,UIS Dynamic Template (mined data) based on Estimates for the years from 2022 to 2025 (https://www.gov.sz/images/FinanceDocuments/Estimates-Book-2022-23----FINAL-1.pdf)
XGOVEXP.IMF,SWZ,2024,Source,Data sources,UIS Dynamic Template (mined data) based on Estimates for the years from 2023 to 2026 (https://www.gov.sz/images/FinanceDocuments/Budget-Estimates-Book-23-02-23-FINAL.pdf)
XGOVEXP.IMF,SWZ,2025,Source,Data sources,UIS Dynamic Template (mined data) based on Estimates for the years from 2024 to 2027 (https://www.gov.sz/images/FinanceDocuments/Budget-Estimates-2024-25-Final-Print-Version.pdf)
XGOVEXP.IMF,SXM,2022,Source,Data sources,UIS Dynamic Template (mined data) based on Goverment of Sint Maarten Budget 2023 ; Goverment of Sint Maarten Budget 2022 (http://www.sxmparliament.org/wp-content/uploads/2023/03/IS-570-dd-13mrt23-MinFIN-Explanatory-note-Draft-Budget-2023.pdf ; http://www.sxmparliament.org/wp-content/uploads/2022/01/IS-359-dd-09dec2021-MinFin-Budget-2022-English-version.pdf)
XGOVEXP.IMF,SXM,2023,Source,Data sources,UIS Dynamic Template (mined data) based on Goverment of Sint Maarten Budget 2023 (http://www.sxmparliament.org/wp-content/uploads/2023/03/IS-570-dd-13mrt23-MinFIN-Explanatory-note-Draft-Budget-2023.pdf)
XGOVEXP.IMF,SYC,2002,Data Status,Data reporting,"FINANCE DATA: IMF, World Economic Outlook"
XGOVEXP.IMF,SYC,2002,Source,Data sources,Country's submission to UIS SFE Questionnaire B
XGOVEXP.IMF,SYC,2003,Data Status,Data reporting,"FINANCE DATA: IMF, World Economic Outlook"
XGOVEXP.IMF,SYC,2003,Source,Data sources,Country's submission to UIS SFE Questionnaire B
XGOVEXP.IMF,SYC,2006,Data Status,Data reporting,"FINANCE DATA: IMF, World Economic Outlook"
XGOVEXP.IMF,SYC,2006,Source,Data sources,Country's submission to UIS SFE Questionnaire B
XGOVEXP.IMF,SYC,2011,Data Status,Data reporting,"FINANCE DATA: IMF, World Economic Outlook"
XGOVEXP.IMF,SYC,2011,Source,Data sources,Country's submission to UIS SFE Questionnaire B
XGOVEXP.IMF,SYC,2012,Data Status,Data reporting,"FINANCE DATA: IMF, World Economic Outlook"
XGOVEXP.IMF,SYC,2012,Source,Data sources,Country's submission to UIS SFE Questionnaire B
XGOVEXP.IMF,SYC,2013,Data Status,Data reporting,"FINANCE DATA: IMF, World Economic Outlook"
XGOVEXP.IMF,SYC,2013,Source,Data sources,Country's submission to UIS SFE Questionnaire B
XGOVEXP.IMF,SYC,2014,Data Status,Data reporting,"FINANCE DATA: IMF, World Economic Outlook"
XGOVEXP.IMF,SYC,2014,Source,Data sources,Country's submission to UIS SFE Questionnaire B
XGOVEXP.IMF,SYC,2015,Data Status,Data reporting,"FINANCE DATA: IMF, World Economic Outlook"
XGOVEXP.IMF,SYC,2015,Source,Data sources,Country's submission to UIS SFE Questionnaire B
XGOVEXP.IMF,SYC,2016,Data Status,Data reporting,"FINANCE DATA: IMF, World Economic Outlook"
XGOVEXP.IMF,SYC,2016,Source,Data sources,Country's submission to UIS SFE Questionnaire B
XGOVEXP.IMF,SYC,2017,Source,Data sources,UIS Dynamic Template (mined data) based on Estimated Revenue and Expenditure 2017 (http://www.finance.gov.sc/national-budget/15)
XGOVEXP.IMF,SYC,2018,Source,Data sources,UIS Dynamic Template (mined data) based on Estimated Revenue and Expenditure 2018 (http://www.finance.gov.sc/national-budget/17)
XGOVEXP.IMF,SYC,2019,Source,Data sources,UIS Dynamic Template (mined data) based on Estimated Revenue and Expenditure 2019 (http://www.finance.gov.sc/national-budget/25)
XGOVEXP.IMF,SYC,2020,Source,Data sources,UIS Dynamic Template (mined data) based on Estimated Revenue and Expenditure 2020 (http://www.finance.gov.sc/national-budget/41)
XGOVEXP.IMF,SYC,2021,Source,Data sources,UIS Dynamic Template (mined data) based on Estimated Revenue and Expenditure 2021  (http://www.finance.gov.sc/national-budget/43 ; http://www.finance.gov.sc/uploads/national_budget/2021%20BUDGET%20BOOK%20PART%201-%20ESTIMATES%20OF%20REVENUE%20AND%20EXPENDITURE%20%20FOR%20THE%20FISCAL%20YEAR%20ENDING%2031ST%20DECEMBER%202021.pdf)
XGOVEXP.IMF,SYC,2022,Source,Data sources,"UIS Dynamic Template (mined data) based on APPROPRIATION ACT, 2022 ; 2022 BUDGET  (http://www.finance.gov.sc/uploads/national_budget/Act%201%20-%202022%20-%20Appropriation%20Act%202022.pdf ; http://www.finance.gov.sc/uploads/national_budget/2022%20Budget%20Book%20Part%202-%20Budget%20Estimates%20of%20Revenue%20and%20Expenditure%20for%20the%20Fiscal%20Year%20ending%2031st%20December%202022.pdf)"
XGOVEXP.IMF,SYC,2023,Source,Data sources,"UIS Dynamic Template (mined data) based on APPROPRIATION BILL, 2023 ; 2023 BUDGET - ESTIMATES OF REVENUE AND EXPENDITURE
FOR THE FISCAL YEAR ENDED 31ST DECEMBER 2023 (http://www.finance.gov.sc/uploads/national_budget/Bill-26-2022-Appropriation-Bill-2022.pdf ; http://www.finance.gov.sc/uploads/national_budget/2023-BUDGET-ESTIMATES-OF-REVENUE-AND-EXPENDITURE-FOR-THE-FISCAL-YEAR-ENDING-31ST-DECEMBER-2023-PART-2.pdf)"
XGOVEXP.IMF,SYC,2024,Source,Data sources,"UIS Dynamic Template (mined data) based on APPROPRIATION BILL, 2024 ; 2024 BUDGET - ESTIMATES OF REVENUE AND EXPENDITURE
FOR THE FISCAL YEAR ENDED 31ST DECEMBER 2024
PART 2 (http://www.finance.gov.sc/uploads/national_budget/Bill-21-2023-Appropriation-Bill-2024.pdf ; http://www.finance.gov.sc/uploads/national_budget/2024-Budget-Estimates-of-Revenue-and-Expenditure-for-the-Fiscal-Year-Ending-31st-December-2024-Part%202.pdf)"
XGOVEXP.IMF,SYC,2025,Source,Data sources,UIS Dynamic Template (mined data) based on 2025 BUDGET - ESTIMATES OF REVENUE AND EXPENDITURE (http://www.finance.gov.sc/uploads/national_budget/2025-Budget-Estimates-of-Revenue-and-Expenditure-for-the-Fiscal-Year-Ending-31st-December-2025-Part%202.pdf)
XGOVEXP.IMF,SYR,2001,Data Status,Data reporting,"FINANCE DATA: IMF, World Economic Outlook"
XGOVEXP.IMF,SYR,2001,Source,Data sources,Country's submission to UIS SFE Questionnaire B
XGOVEXP.IMF,SYR,2002,Data Status,Data reporting,"FINANCE DATA: IMF, World Economic Outlook"
XGOVEXP.IMF,SYR,2002,Source,Data sources,Country's submission to UIS SFE Questionnaire B
XGOVEXP.IMF,SYR,2003,Data Status,Data reporting,"FINANCE DATA: IMF, World Economic Outlook"
XGOVEXP.IMF,SYR,2003,Source,Data sources,Country's submission to UIS SFE Questionnaire B
XGOVEXP.IMF,SYR,2004,Data Status,Data reporting,"FINANCE DATA: IMF, World Economic Outlook"
XGOVEXP.IMF,SYR,2004,Source,Data sources,Country's submission to UIS SFE Questionnaire B
XGOVEXP.IMF,SYR,2006,Data Status,Data reporting,"FINANCE DATA: IMF, World Economic Outlook"
XGOVEXP.IMF,SYR,2006,Source,Data sources,Country's submission to UIS SFE Questionnaire B
XGOVEXP.IMF,SYR,2007,Data Status,Data reporting,"FINANCE DATA: IMF, World Economic Outlook"
XGOVEXP.IMF,SYR,2007,Source,Data sources,Country's submission to UIS SFE Questionnaire B
XGOVEXP.IMF,SYR,2008,Data Status,Data reporting,"FINANCE DATA: IMF, World Economic Outlook"
XGOVEXP.IMF,SYR,2008,Source,Data sources,Country's submission to UIS SFE Questionnaire B
XGOVEXP.IMF,SYR,2009,Data Status,Data reporting,"FINANCE DATA: IMF, World Economic Outlook"
XGOVEXP.IMF,SYR,2009,Source,Data sources,Country's submission to UIS SFE Questionnaire B
XGOVEXP.IMF,TCA,2000,Data Status,Data reporting,FINANCE DATA: National government expenditures data
XGOVEXP.IMF,TCA,2000,Source,Data sources,Country's submission to UIS SFE Questionnaire B
XGOVEXP.IMF,TCA,2001,Data Status,Data reporting,FINANCE DATA: National government expenditures data
XGOVEXP.IMF,TCA,2001,Source,Data sources,Country's submission to UIS SFE Questionnaire B
XGOVEXP.IMF,TCA,2002,Data Status,Data reporting,FINANCE DATA: National government expenditures data
XGOVEXP.IMF,TCA,2002,Source,Data sources,Country's submission to UIS SFE Questionnaire B
XGOVEXP.IMF,TCA,2003,Data Status,Data reporting,FINANCE DATA: National government expenditures data
XGOVEXP.IMF,TCA,2003,Source,Data sources,Country's submission to UIS SFE Questionnaire B
XGOVEXP.IMF,TCA,2005,Data Status,Data reporting,FINANCE DATA: National government expenditures data
XGOVEXP.IMF,TCA,2005,Source,Data sources,Country's submission to UIS SFE Questionnaire B
XGOVEXP.IMF,TCA,2011,Source,Data sources,UIS Dynamic template based on Approved Budget 2013/2014 (https://drive.google.com/file/d/1Uwud8NQGeFZoL_qJrdaTnT7Wm97BTVGH/view?usp=drive_web)
XGOVEXP.IMF,TCA,2012,Source,Data sources,UIS Dynamic template based on Approved Budget 2014/2015 (https://drive.google.com/file/d/1upS9O5lkXKi3LuRFukONeQ8spd0Qd1uC/view?usp=drive_web)
XGOVEXP.IMF,TCA,2013,Source,Data sources,UIS Dynamic template based on Approved Budget 2015/2016 (https://drive.google.com/file/d/1WFjQe6UyV7aKfg-e2_myofadEWiRpNtO/view?usp=drive_web)
XGOVEXP.IMF,TCA,2014,Source,Data sources,UIS Dynamic template based on Approved Budget 2016/2017 (https://drive.google.com/file/d/1n-R5wKfPKq1bfVwViVxDzxnRzsUdVMlp/view?usp=drive_web)
XGOVEXP.IMF,TCA,2015,Data Status,Data reporting,FINANCE DATA: National government expenditures data
XGOVEXP.IMF,TCA,2015,Source,Data sources,Country's submission to UIS SFE Questionnaire B
XGOVEXP.IMF,TCA,2016,Source,Data sources,UIS Dynamic template based on Approved Budget 2018/2019 (https://drive.google.com/file/d/19uNYFdaqviDcM3USwd4gCAa4wZrbbe-p/view)
XGOVEXP.IMF,TCA,2017,Source,Data sources,UIS Dynamic template based on Approved Budget 2018/2019 (https://drive.google.com/file/d/19uNYFdaqviDcM3USwd4gCAa4wZrbbe-p/view)
XGOVEXP.IMF,TCA,2018,Data Status,Data reporting,FINANCE DATA: National government expenditures data
XGOVEXP.IMF,TCA,2018,Source,Data sources,Country's submission to UIS SFE Questionnaire B
XGOVEXP.IMF,TCA,2019,Data Status,Data reporting,FINANCE DATA: National government expenditures data
XGOVEXP.IMF,TCA,2019,Source,Data sources,Country's submission to UIS SFE Questionnaire B
XGOVEXP.IMF,TCA,2020,Source,Data sources,UIS Dynamic template based on Approved Budget 2021/2022; Inflation Rate 2005 - 2020 (https://drive.google.com/file/d/13tT-4iAjByMaVzDkM2yjsMvLJTkLh4Mi/view; https://www.gov.tc/stats/statistics/economic/38-inflation-rate-2005-2017)
XGOVEXP.IMF,TCA,2021,Data Status,Data reporting,FINANCE DATA: National government expenditures data
XGOVEXP.IMF,TCA,2021,Source,Data sources,Country's submission to UIS SFE Questionnaire B
XGOVEXP.IMF,TCA,2022,Data Status,Data reporting,FINANCE DATA: National government expenditures data
XGOVEXP.IMF,TCA,2022,Source,Data sources,Country's submission to UIS SFE Questionnaire B
XGOVEXP.IMF,TCA,2023,Source,Data sources,UIS Dynamic template based on Approved Budget 2023/2025 (https://drive.google.com/file/d/1V7kbgkt4Jnb3PWnwZMzSPHkAVm56YN-H/view?usp=drive_web)
XGOVEXP.IMF,TCA,2024,Source,Data sources,UIS Dynamic template based on Approved Budget 2023/2024 (https://drive.google.com/file/d/1V7kbgkt4Jnb3PWnwZMzSPHkAVm56YN-H/view?usp=drive_web)
XGOVEXP.IMF,TCA,2025,Source,Data sources,UIS Dynamic template based on UIS Dynamic template
XGOVEXP.IMF,TCD,2000,Data Status,Data reporting,"FINANCE DATA: IMF, World Economic Outlook"
XGOVEXP.IMF,TCD,2000,Source,Data sources,Country's submission to UIS SFE Questionnaire B
XGOVEXP.IMF,TCD,2001,Data Status,Data reporting,"FINANCE DATA: IMF, World Economic Outlook"
XGOVEXP.IMF,TCD,2001,Source,Data sources,Country's submission to UIS SFE Questionnaire B
XGOVEXP.IMF,TCD,2004,Data Status,Data reporting,"FINANCE DATA: IMF, World Economic Outlook"
XGOVEXP.IMF,TCD,2004,Source,Data sources,Country's submission to UIS SFE Questionnaire B
XGOVEXP.IMF,TCD,2005,Data Status,Data reporting,"FINANCE DATA: IMF, World Economic Outlook"
XGOVEXP.IMF,TCD,2005,Source,Data sources,Country's submission to UIS SFE Questionnaire B
XGOVEXP.IMF,TCD,2009,Data Status,Data reporting,"FINANCE DATA: IMF, World Economic Outlook"
XGOVEXP.IMF,TCD,2009,Source,Data sources,Country's submission to UIS SFE Questionnaire B
XGOVEXP.IMF,TCD,2010,Data Status,Data reporting,"FINANCE DATA: IMF, World Economic Outlook"
XGOVEXP.IMF,TCD,2010,Source,Data sources,Country's submission to UIS SFE Questionnaire B
XGOVEXP.IMF,TCD,2011,Data Status,Data reporting,"FINANCE DATA: IMF, World Economic Outlook"
XGOVEXP.IMF,TCD,2011,Source,Data sources,Country's submission to UIS SFE Questionnaire B
XGOVEXP.IMF,TCD,2012,Data Status,Data reporting,"FINANCE DATA: IMF, World Economic Outlook"
XGOVEXP.IMF,TCD,2012,Source,Data sources,Country's submission to UIS SFE Questionnaire B
XGOVEXP.IMF,TCD,2013,Data Status,Data reporting,"FINANCE DATA: IMF, World Economic Outlook"
XGOVEXP.IMF,TCD,2013,Source,Data sources,Country's submission to UIS SFE Questionnaire B
XGOVEXP.IMF,TCD,2017,Data Status,Data reporting,"FINANCE DATA: IMF, World Economic Outlook"
XGOVEXP.IMF,TCD,2017,Source,Data sources,Country's submission to UIS SFE Questionnaire B
XGOVEXP.IMF,TCD,2019,Source,Data sources,UIS Dynamic Template (mined data) based on Budget general de l'Etat - 2019 (http://finances.gouv.td/index.php/publications/budget-general-de-l-etat?view=simplefilemanager&id=155)
XGOVEXP.IMF,TCD,2020,Source,Data sources,UIS Dynamic Template (mined data) based on Budget general de l'Etat - 2020 (http://finances.gouv.td/index.php/publications/budget-general-de-l-etat?view=simplefilemanager&id=173)
XGOVEXP.IMF,TCD,2021,Data Status,Data reporting,"FINANCE DATA: IMF, World Economic Outlook"
XGOVEXP.IMF,TCD,2021,Source,Data sources,Country's submission to UIS SFE Questionnaire B
XGOVEXP.IMF,TCD,2022,Source,Data sources,UIS Dynamic Template (mined data) based on Budget general de l'Etat - 2022 (https://observatoire.td/upload/publications/2022/FASCICULE%20BUDGETAIRE%202022%20PARAPHE%20SMP%20VF.pdf)
XGOVEXP.IMF,TCD,2023,Source,Data sources,UIS Dynamic Template (mined data) based on Budget general de l'Etat - 2023 (https://www.finances.gouv.td/index.php/publications/lois-des-finances?view=simplefilemanager&id=191)
XGOVEXP.IMF,TGO,2000,Data Status,Data reporting,"FINANCE DATA: IMF, World Economic Outlook"
XGOVEXP.IMF,TGO,2000,Source,Data sources,Country's submission to UIS SFE Questionnaire B
XGOVEXP.IMF,TGO,2001,Data Status,Data reporting,"FINANCE DATA: IMF, World Economic Outlook"
XGOVEXP.IMF,TGO,2001,Source,Data sources,Country's submission to UIS SFE Questionnaire B
XGOVEXP.IMF,TGO,2002,Data Status,Data reporting,"FINANCE DATA: IMF, World Economic Outlook"
XGOVEXP.IMF,TGO,2002,Source,Data sources,Country's submission to UIS SFE Questionnaire B
XGOVEXP.IMF,TGO,2003,Data Status,Data reporting,"FINANCE DATA: IMF, World Economic Outlook"
XGOVEXP.IMF,TGO,2003,Source,Data sources,Country's submission to UIS SFE Questionnaire B
XGOVEXP.IMF,TGO,2004,Data Status,Data reporting,"FINANCE DATA: IMF, World Economic Outlook"
XGOVEXP.IMF,TGO,2004,Source,Data sources,Country's submission to UIS SFE Questionnaire B
XGOVEXP.IMF,TGO,2005,Data Status,Data reporting,"FINANCE DATA: IMF, World Economic Outlook"
XGOVEXP.IMF,TGO,2005,Source,Data sources,Country's submission to UIS SFE Questionnaire B
XGOVEXP.IMF,TGO,2006,Data Status,Data reporting,"FINANCE DATA: IMF, World Economic Outlook"
XGOVEXP.IMF,TGO,2006,Source,Data sources,Country's submission to UIS SFE Questionnaire B
XGOVEXP.IMF,TGO,2007,Data Status,Data reporting,"FINANCE DATA: IMF, World Economic Outlook"
XGOVEXP.IMF,TGO,2007,Source,Data sources,Country's submission to UIS SFE Questionnaire B
XGOVEXP.IMF,TGO,2008,Data Status,Data reporting,"FINANCE DATA: IMF, World Economic Outlook"
XGOVEXP.IMF,TGO,2008,Source,Data sources,Country's submission to UIS SFE Questionnaire B
XGOVEXP.IMF,TGO,2009,Data Status,Data reporting,"FINANCE DATA: IMF, World Economic Outlook"
XGOVEXP.IMF,TGO,2009,Source,Data sources,Country's submission to UIS SFE Questionnaire B
XGOVEXP.IMF,TGO,2010,Data Status,Data reporting,"FINANCE DATA: IMF, World Economic Outlook"
XGOVEXP.IMF,TGO,2010,Source,Data sources,Country's submission to UIS SFE Questionnaire B
XGOVEXP.IMF,TGO,2011,Data Status,Data reporting,"FINANCE DATA: IMF, World Economic Outlook"
XGOVEXP.IMF,TGO,2011,Source,Data sources,Country's submission to UIS SFE Questionnaire B
XGOVEXP.IMF,TGO,2012,Data Status,Data reporting,"FINANCE DATA: IMF, World Economic Outlook"
XGOVEXP.IMF,TGO,2012,Source,Data sources,Country's submission to UIS SFE Questionnaire B
XGOVEXP.IMF,TGO,2013,Data Status,Data reporting,"FINANCE DATA: IMF, World Economic Outlook"
XGOVEXP.IMF,TGO,2013,Source,Data sources,Country's submission to UIS SFE Questionnaire B
XGOVEXP.IMF,TGO,2014,Data Status,Data reporting,"FINANCE DATA: IMF, World Economic Outlook"
XGOVEXP.IMF,TGO,2014,Source,Data sources,Country's submission to UIS SFE Questionnaire B
XGOVEXP.IMF,TGO,2015,Data Status,Data reporting,"FINANCE DATA: IMF, World Economic Outlook"
XGOVEXP.IMF,TGO,2015,Source,Data sources,Country's submission to UIS SFE Questionnaire B
XGOVEXP.IMF,TGO,2016,Data Status,Data reporting,"FINANCE DATA: IMF, World Economic Outlook"
XGOVEXP.IMF,TGO,2016,Source,Data sources,Country's submission to UIS SFE Questionnaire B
XGOVEXP.IMF,TGO,2017,Data Status,Data reporting,"FINANCE DATA: IMF, World Economic Outlook"
XGOVEXP.IMF,TGO,2017,Source,Data sources,Country's submission to UIS SFE Questionnaire B
XGOVEXP.IMF,TGO,2018,Data Status,Data reporting,"FINANCE DATA: IMF, World Economic Outlook"
XGOVEXP.IMF,TGO,2018,Source,Data sources,Country's submission to UIS SFE Questionnaire B
XGOVEXP.IMF,TGO,2019,Source,Data sources,"UIS Dynamic Template (mined data) based on Loi de Finances, Exercice 2019, Budget de l'Etat, Gestion 2019, Depenses (https://finances.gouv.tg/wp-content/uploads/files/2019/02%20-%20F%C3%A9vrier/BUDGET%20DEPENSES%202019%20.pdf; https://www.otr.tg/index.php/fr/impots/reglementations-fiscales/textes-fiscaux-nationaux/lois/141-loi-de-finance-gestion-2019/file.html)"
XGOVEXP.IMF,TGO,2020,Source,Data sources,"UIS Dynamic Template (mined data) based on Loi de Finances, Exercice 2020, Budget de l'Etat, Gestion 2020, Depenses (https://finances.gouv.tg/wp-content/uploads/files/2020/01%20-%20Janvier/DEPENSES%20GLOBALES%20ART.pdf; https://www.otr.tg/index.php/fr/impots/reglementations-fiscales/dernieres-publications/lois-2/189-loi-des-finances-gestion-2020/file.html)"
XGOVEXP.IMF,TGO,2021,Source,Data sources,"UIS Dynamic Template (mined data) based on Loi de Finances, Exercice 2021 (https://finances.gouv.tg/wp-content/uploads/2020/12/LFI-2021-min.pdf)"
XGOVEXP.IMF,TGO,2022,Source,Data sources,"UIS Dynamic Template (mined data) based on Loi de Finances, Exercice 2022 (https://finances.gouv.tg/wp-content/uploads/2022/01/Loi-de-finance-2022.pdf)"
XGOVEXP.IMF,TGO,2023,Source,Data sources,"UIS Dynamic Template (mined data) based on Loi de Finances, Exercice 2023 (https://finances.gouv.tg/wp-content/uploads/2022/12/Loi-de-finances-exercice-2023.pdf)"
XGOVEXP.IMF,TGO,2024,Source,Data sources,"UIS Dynamic Template (mined data) based on Loi de Finances, Exercice 2024 (https://assemblee-nationale.tg/wp-content/uploads/2023/12/LOI-de-FINANCES-loi-AN.pdf)"
XGOVEXP.IMF,THA,2000,Data Status,Data reporting,"FINANCE DATA: IMF, World Economic Outlook"
XGOVEXP.IMF,THA,2000,Source,Data sources,Country's submission to UIS SFE Questionnaire B
XGOVEXP.IMF,THA,2001,Data Status,Data reporting,"FINANCE DATA: IMF, World Economic Outlook"
XGOVEXP.IMF,THA,2001,Source,Data sources,Country's submission to UIS SFE Questionnaire B
XGOVEXP.IMF,THA,2002,Data Status,Data reporting,"FINANCE DATA: IMF, World Economic Outlook"
XGOVEXP.IMF,THA,2002,Source,Data sources,Country's submission to UIS SFE Questionnaire B
XGOVEXP.IMF,THA,2003,Data Status,Data reporting,"FINANCE DATA: IMF, World Economic Outlook"
XGOVEXP.IMF,THA,2003,Source,Data sources,Country's submission to UIS SFE Questionnaire B
XGOVEXP.IMF,THA,2004,Data Status,Data reporting,"FINANCE DATA: IMF, World Economic Outlook"
XGOVEXP.IMF,THA,2004,Source,Data sources,Country's submission to UIS SFE Questionnaire B
XGOVEXP.IMF,THA,2005,Data Status,Data reporting,"FINANCE DATA: IMF, World Economic Outlook"
XGOVEXP.IMF,THA,2005,Source,Data sources,Country's submission to UIS SFE Questionnaire B
XGOVEXP.IMF,THA,2006,Data Status,Data reporting,"FINANCE DATA: IMF, World Economic Outlook"
XGOVEXP.IMF,THA,2006,Source,Data sources,Country's submission to UIS SFE Questionnaire B
XGOVEXP.IMF,THA,2007,Data Status,Data reporting,"FINANCE DATA: IMF, World Economic Outlook"
XGOVEXP.IMF,THA,2007,Source,Data sources,Country's submission to UIS SFE Questionnaire B
XGOVEXP.IMF,THA,2008,Data Status,Data reporting,"FINANCE DATA: IMF, World Economic Outlook"
XGOVEXP.IMF,THA,2008,Source,Data sources,Country's submission to UIS SFE Questionnaire B
XGOVEXP.IMF,THA,2009,Data Status,Data reporting,"FINANCE DATA: IMF, World Economic Outlook"
XGOVEXP.IMF,THA,2009,Source,Data sources,Country's submission to UIS SFE Questionnaire B
XGOVEXP.IMF,THA,2010,Data Status,Data reporting,"FINANCE DATA: IMF, World Economic Outlook"
XGOVEXP.IMF,THA,2010,Source,Data sources,Country's submission to UIS SFE Questionnaire B
XGOVEXP.IMF,THA,2011,Data Status,Data reporting,"FINANCE DATA: IMF, World Economic Outlook"
XGOVEXP.IMF,THA,2011,Source,Data sources,Country's submission to UIS SFE Questionnaire B
XGOVEXP.IMF,THA,2012,Data Status,Data reporting,"FINANCE DATA: IMF, World Economic Outlook"
XGOVEXP.IMF,THA,2012,Source,Data sources,Country's submission to UIS SFE Questionnaire B
XGOVEXP.IMF,THA,2013,Data Status,Data reporting,"FINANCE DATA: IMF, World Economic Outlook"
XGOVEXP.IMF,THA,2013,Source,Data sources,Country's submission to UIS SFE Questionnaire B
XGOVEXP.IMF,THA,2014,Source,Data sources,UIS Dynamic template based on THAILAND'S BUDGET IN BRIEF FISCAL YEAR 2014 (https://www.bb.go.th/topic3.php?gid=862&mid=545)
XGOVEXP.IMF,THA,2015,Source,Data sources,UIS Dynamic template based on THAILAND'S BUDGET IN BRIEF FISCAL YEAR 2015 (https://www.bb.go.th/topic3.php?gid=862&mid=545)
XGOVEXP.IMF,THA,2016,Source,Data sources,UIS Dynamic template based on THAILAND'S BUDGET IN BRIEF FISCAL YEAR 2016 (https://www.bb.go.th/topic3.php?gid=862&mid=545)
XGOVEXP.IMF,THA,2017,Source,Data sources,UIS Dynamic template based on THAILAND'S BUDGET IN BRIEF FISCAL YEAR 2017 (https://www.bb.go.th/topic3.php?gid=862&mid=545)
XGOVEXP.IMF,THA,2018,Source,Data sources,UIS Dynamic template based on THAILAND'S BUDGET IN BRIEF FISCAL YEAR 2018 (https://www.bb.go.th/topic3.php?gid=862&mid=545)
XGOVEXP.IMF,THA,2019,Source,Data sources,UIS Dynamic template based on THAILAND'S BUDGET IN BRIEF FISCAL YEAR 2019 (https://www.bb.go.th/topic3.php?gid=862&mid=545)
XGOVEXP.IMF,THA,2020,Source,Data sources,UIS Dynamic template based on THAILAND'S BUDGET IN BRIEF FISCAL YEAR 2020 (https://www.bb.go.th/topic3.php?gid=862&mid=545)
XGOVEXP.IMF,THA,2021,Source,Data sources,UIS Dynamic template based on THAILAND'S BUDGET IN BRIEF FISCAL YEAR 2021 (https://www.bb.go.th/topic3.php?gid=862&mid=545)
XGOVEXP.IMF,THA,2022,Source,Data sources,UIS Dynamic template based on THAILAND'S BUDGET IN BRIEF FISCAL YEAR 2022 (https://www.bb.go.th/topic3.php?gid=862&mid=545)
XGOVEXP.IMF,THA,2023,Source,Data sources,UIS Dynamic template based on THAILAND'S BUDGET IN BRIEF FISCAL YEAR 2023 (https://www.bb.go.th/topic3.php?gid=862&mid=545)
XGOVEXP.IMF,THA,2024,Source,Data sources,UIS Dynamic template based on THAILAND'S BUDGET IN BRIEF FISCAL YEAR 2024 (https://www.bb.go.th/topic3.php?gid=862&mid=545)
XGOVEXP.IMF,THA,2025,Source,Data sources,UIS Dynamic template based on THAILAND'S BUDGET IN BRIEF FISCAL YEAR 2024 (https://www.bb.go.th/topic3.php?gid=862&mid=545)
XGOVEXP.IMF,TJK,2000,Data Status,Data reporting,"FINANCE DATA: IMF, World Economic Outlook"
XGOVEXP.IMF,TJK,2000,Source,Data sources,Country's submission to UIS SFE Questionnaire B
XGOVEXP.IMF,TJK,2001,Data Status,Data reporting,"FINANCE DATA: IMF, World Economic Outlook"
XGOVEXP.IMF,TJK,2001,Source,Data sources,Country's submission to UIS SFE Questionnaire B
XGOVEXP.IMF,TJK,2002,Data Status,Data reporting,"FINANCE DATA: IMF, World Economic Outlook"
XGOVEXP.IMF,TJK,2002,Source,Data sources,Country's submission to UIS SFE Questionnaire B
XGOVEXP.IMF,TJK,2003,Data Status,Data reporting,"FINANCE DATA: IMF, World Economic Outlook"
XGOVEXP.IMF,TJK,2003,Source,Data sources,Country's submission to UIS SFE Questionnaire B
XGOVEXP.IMF,TJK,2004,Data Status,Data reporting,"FINANCE DATA: IMF, World Economic Outlook"
XGOVEXP.IMF,TJK,2004,Source,Data sources,Country's submission to UIS SFE Questionnaire B
XGOVEXP.IMF,TJK,2005,Data Status,Data reporting,"FINANCE DATA: IMF, World Economic Outlook"
XGOVEXP.IMF,TJK,2005,Source,Data sources,Country's submission to UIS SFE Questionnaire B
XGOVEXP.IMF,TJK,2006,Data Status,Data reporting,"FINANCE DATA: IMF, World Economic Outlook"
XGOVEXP.IMF,TJK,2006,Source,Data sources,Country's submission to UIS SFE Questionnaire B
XGOVEXP.IMF,TJK,2007,Data Status,Data reporting,"FINANCE DATA: IMF, World Economic Outlook"
XGOVEXP.IMF,TJK,2007,Source,Data sources,Country's submission to UIS SFE Questionnaire B
XGOVEXP.IMF,TJK,2008,Data Status,Data reporting,"FINANCE DATA: IMF, World Economic Outlook"
XGOVEXP.IMF,TJK,2008,Source,Data sources,Country's submission to UIS SFE Questionnaire B
XGOVEXP.IMF,TJK,2009,Data Status,Data reporting,"FINANCE DATA: IMF, World Economic Outlook"
XGOVEXP.IMF,TJK,2009,Source,Data sources,Country's submission to UIS SFE Questionnaire B
XGOVEXP.IMF,TJK,2010,Data Status,Data reporting,"FINANCE DATA: IMF, World Economic Outlook"
XGOVEXP.IMF,TJK,2010,Source,Data sources,Country's submission to UIS SFE Questionnaire B
XGOVEXP.IMF,TJK,2011,Data Status,Data reporting,"FINANCE DATA: IMF, World Economic Outlook"
XGOVEXP.IMF,TJK,2011,Source,Data sources,Country's submission to UIS SFE Questionnaire B
XGOVEXP.IMF,TJK,2012,Data Status,Data reporting,"FINANCE DATA: IMF, World Economic Outlook"
XGOVEXP.IMF,TJK,2012,Source,Data sources,Country's submission to UIS SFE Questionnaire B
XGOVEXP.IMF,TJK,2013,Source,Data sources,UIS Dynamic Template (mined data) based on Government Budget of Tadjikistan for 2013 (https://moliya.tj/Admin/Documents/GetFile/311)
XGOVEXP.IMF,TJK,2014,Source,Data sources,UIS Dynamic Template (mined data) based on Government Budget of Tadjikistan for 2014 (https://moliya.tj/Admin/Documents/GetFile/312)
XGOVEXP.IMF,TJK,2015,Data Status,Data reporting,"FINANCE DATA: IMF, World Economic Outlook"
XGOVEXP.IMF,TJK,2015,Source,Data sources,Country's submission to UIS SFE Questionnaire B
XGOVEXP.IMF,TJK,2016,Source,Data sources,UIS Dynamic Template (mined data) based on TAJIKISTAN IN FIGURES 2018 (https://stat.ww.tj/publications/June2019/tajikistan-in-figures-2018.pdf)
XGOVEXP.IMF,TJK,2017,Source,Data sources,UIS Dynamic Template (mined data) based on TAJIKISTAN IN FIGURES 2018 (https://stat.ww.tj/publications/June2019/tajikistan-in-figures-2018.pdf)
XGOVEXP.IMF,TJK,2018,Source,Data sources,UIS Dynamic Template (mined data) based on Budget Execution Annual 2018 (http://minfin.tj/downloads/%D1%80%D0%B0%D0%BA%D0%B0%D0%BC%D1%85%D0%BE%D0%B8%20%D0%BF%D0%B5%D1%88%D0%B0%D0%BA%D0%B8%20%D1%85%D0%B8%D1%81%D0%BE%D0%B1%D0%BE%D1%82%20%D0%BE%D0%B8%D0%B4%20%D0%B1%D0%B0%20%D0%B8%D1%87%D1%80%D0%BE%D0%B8%D1%88%D0%B8%20%D0%B1%D1%83%D1%87%D0%B5%D1%82%D0%B8%20%D0%B4%D0%B0%D0%B2%D0%BB%D0%B0%D1%82%D0%B8%20%D0%B1%D0%B0%D1%80%D0%BE%D0%B8%20%D1%81%D0%BE%D0%BB%D0%B8%202018.pdf)
XGOVEXP.IMF,TJK,2019,Source,Data sources,UIS Dynamic Template (mined data) based on Government Budget of Tadjikistan for 2019 (https://moliya.tj/Admin/Documents/GetFile/317)
XGOVEXP.IMF,TJK,2020,Source,Data sources,UIS Dynamic Template (mined data) based on Report on the execution of the state budget of the Republic of Tajikistan for 2020 (https://moliya.tj/Admin/Documents/GetFile/270)
XGOVEXP.IMF,TJK,2021,Source,Data sources,UIS Dynamic Template (mined data) based on Report on the execution of the state budget of the Republic of Tajikistan for 2021 (https://moliya.tj/Admin/Documents/GetFile/274)
XGOVEXP.IMF,TJK,2022,Source,Data sources,UIS Dynamic Template (mined data) based on Report on the execution of the state budget of the Republic of Tajikistan for 2022 (https://moliya.tj/Admin/Documents/GetFile/278)
XGOVEXP.IMF,TJK,2023,Source,Data sources,UIS Dynamic Template (mined data) based on Report on the execution of the state budget of the Republic of Tajikistan for 2023 (https://moliya.tj/Admin/Documents/GetFile/734)
XGOVEXP.IMF,TJK,2024,Source,Data sources,UIS Dynamic Template (mined data) based on Report on the execution of the state budget of the Republic of Tajikistan for 2024 (https://moliya.tj/Admin/Documents/GetFile/2234)
XGOVEXP.IMF,TKM,2012,Data Status,Data reporting,"FINANCE DATA: IMF, World Economic Outlook"
XGOVEXP.IMF,TKM,2012,Source,Data sources,Country's submission to UIS SFE Questionnaire B
XGOVEXP.IMF,TKM,2019,Data Status,Data reporting,"FINANCE DATA: IMF, World Economic Outlook"
XGOVEXP.IMF,TKM,2019,Source,Data sources,Country's submission to UIS SFE Questionnaire B
XGOVEXP.IMF,TKM,2020,Data Status,Data reporting,"FINANCE DATA: IMF, World Economic Outlook"
XGOVEXP.IMF,TKM,2020,Source,Data sources,Country's submission to UIS SFE Questionnaire B
XGOVEXP.IMF,TKM,2021,Data Status,Data reporting,"FINANCE DATA: IMF, World Economic Outlook"
XGOVEXP.IMF,TKM,2021,Source,Data sources,Country's submission to UIS SFE Questionnaire B
XGOVEXP.IMF,TKM,2022,Data Status,Data reporting,"FINANCE DATA: IMF, World Economic Outlook"
XGOVEXP.IMF,TKM,2022,Source,Data sources,Country's submission to UIS SFE Questionnaire B
XGOVEXP.IMF,TKM,2023,Data Status,Data reporting,"FINANCE DATA: IMF, World Economic Outlook"
XGOVEXP.IMF,TKM,2023,Source,Data sources,Country's submission to UIS SFE Questionnaire B
XGOVEXP.IMF,TKM,2024,Data Status,Data reporting,"FINANCE DATA: IMF, World Economic Outlook"
XGOVEXP.IMF,TKM,2024,Source,Data sources,Country's submission to UIS SFE Questionnaire B
XGOVEXP.IMF,TLS,2008,Data Status,Data reporting,"FINANCE DATA: IMF, World Economic Outlook"
XGOVEXP.IMF,TLS,2008,Source,Data sources,Country's submission to UIS SFE Questionnaire B
XGOVEXP.IMF,TLS,2009,Data Status,Data reporting,"FINANCE DATA: IMF, World Economic Outlook"
XGOVEXP.IMF,TLS,2009,Source,Data sources,Country's submission to UIS SFE Questionnaire B
XGOVEXP.IMF,TLS,2010,Data Status,Data reporting,"FINANCE DATA: IMF, World Economic Outlook"
XGOVEXP.IMF,TLS,2010,Source,Data sources,Country's submission to UIS SFE Questionnaire B
XGOVEXP.IMF,TLS,2011,Data Status,Data reporting,"FINANCE DATA: IMF, World Economic Outlook"
XGOVEXP.IMF,TLS,2011,Source,Data sources,Country's submission to UIS SFE Questionnaire B
XGOVEXP.IMF,TLS,2012,Data Status,Data reporting,"FINANCE DATA: IMF, World Economic Outlook"
XGOVEXP.IMF,TLS,2012,Source,Data sources,Country's submission to UIS SFE Questionnaire B
XGOVEXP.IMF,TLS,2013,Data Status,Data reporting,"FINANCE DATA: IMF, World Economic Outlook"
XGOVEXP.IMF,TLS,2013,Source,Data sources,Country's submission to UIS SFE Questionnaire B
XGOVEXP.IMF,TLS,2014,Data Status,Data reporting,"FINANCE DATA: IMF, World Economic Outlook"
XGOVEXP.IMF,TLS,2014,Source,Data sources,Country's submission to UIS SFE Questionnaire B
XGOVEXP.IMF,TLS,2015,Data Status,Data reporting,"FINANCE DATA: IMF, World Economic Outlook"
XGOVEXP.IMF,TLS,2015,Source,Data sources,Country's submission to UIS SFE Questionnaire B
XGOVEXP.IMF,TLS,2016,Data Status,Data reporting,"FINANCE DATA: IMF, World Economic Outlook"
XGOVEXP.IMF,TLS,2016,Source,Data sources,Country's submission to UIS SFE Questionnaire B
XGOVEXP.IMF,TLS,2017,Data Status,Data reporting,"FINANCE DATA: IMF, World Economic Outlook"
XGOVEXP.IMF,TLS,2017,Source,Data sources,Country's submission to UIS SFE Questionnaire B
XGOVEXP.IMF,TLS,2018,Data Status,Data reporting,"FINANCE DATA: IMF, World Economic Outlook"
XGOVEXP.IMF,TLS,2018,Source,Data sources,Country's submission to UIS SFE Questionnaire B
XGOVEXP.IMF,TLS,2019,Source,Data sources,UIS Dynamic template based on Timor-Leste Government Expenditures; Freebalance (http://budgettransparency.gov.tl/public/index; https://grp.mof.gov.tl/gov-web/faces/fbFramesetTemplate.xhtml)
XGOVEXP.IMF,TLS,2020,Source,Data sources,UIS Dynamic template based on Timor-Leste Government Expenditures; Freebalance (http://budgettransparency.gov.tl/public/index; https://grp.mof.gov.tl/gov-web/faces/fbFramesetTemplate.xhtml)
XGOVEXP.IMF,TLS,2021,Source,Data sources,UIS Dynamic template based on Freebalance (https://grp.mof.gov.tl/gov-web/faces/fbFramesetTemplate.xhtml)
XGOVEXP.IMF,TLS,2024,Source,Data sources,UIS Dynamic template based on Freebalance (https://grp.mof.gov.tl/gov-web/faces/fbFramesetTemplate.xhtml)
XGOVEXP.IMF,TLS,2025,Source,Data sources,UIS Dynamic template based on Approved budget 2025; Freebalance (https://grp.mof.gov.tl/gov-web/faces/fbFramesetTemplate.xhtml)
XGOVEXP.IMF,TON,2000,Data Status,Data reporting,"FINANCE DATA: IMF, World Economic Outlook"
XGOVEXP.IMF,TON,2000,Source,Data sources,Country's submission to UIS SFE Questionnaire B
XGOVEXP.IMF,TON,2001,Data Status,Data reporting,"FINANCE DATA: IMF, World Economic Outlook"
XGOVEXP.IMF,TON,2001,Source,Data sources,Country's submission to UIS SFE Questionnaire B
XGOVEXP.IMF,TON,2002,Data Status,Data reporting,"FINANCE DATA: IMF, World Economic Outlook"
XGOVEXP.IMF,TON,2002,Source,Data sources,Country's submission to UIS SFE Questionnaire B
XGOVEXP.IMF,TON,2003,Data Status,Data reporting,"FINANCE DATA: IMF, World Economic Outlook"
XGOVEXP.IMF,TON,2003,Source,Data sources,Country's submission to UIS SFE Questionnaire B
XGOVEXP.IMF,TON,2004,Data Status,Data reporting,"FINANCE DATA: IMF, World Economic Outlook"
XGOVEXP.IMF,TON,2004,Source,Data sources,Country's submission to UIS SFE Questionnaire B
XGOVEXP.IMF,TON,2017,Source,Data sources,UIS Dynamic template based on Budget Statement 2017-2018 (http://www.finance.gov.to/sites/default/files/2020-09/Budget%20Statement%202017-2018.pdf)
XGOVEXP.IMF,TON,2018,Source,Data sources,UIS Dynamic template based on Budget Statement 2017-2018 (http://www.finance.gov.to/sites/default/files/2020-09/Budget%20Statement%202017-2018.pdf)
XGOVEXP.IMF,TON,2019,Source,Data sources,UIS Dynamic template based on Budget Statement 2019-2020 (http://www.finance.gov.to/sites/default/files/2020-09/Budget%20Statement%202019-2020.pdf)
XGOVEXP.IMF,TON,2020,Source,Data sources,UIS Dynamic template based on data provided by country
XGOVEXP.IMF,TON,2021,Source,Data sources,UIS Dynamic template based on data provided by country
XGOVEXP.IMF,TON,2022,Source,Data sources,UIS Dynamic template based on data provided by country
XGOVEXP.IMF,TON,2023,Source,Data sources,UIS Dynamic template based on Budget statement 2024 (https://finance.gov.to/sites/default/files/2023-07/Budget%20Statement%202023%20-%202024.pdf)
XGOVEXP.IMF,TON,2024,Source,Data sources,UIS Dynamic template based on Budget statement 2024 (https://finance.gov.to/sites/default/files/2023-07/Budget%20Statement%202023%20-%202024.pdf)
XGOVEXP.IMF,TTO,2000,Data Status,Data reporting,"FINANCE DATA: IMF, World Economic Outlook"
XGOVEXP.IMF,TTO,2000,Source,Data sources,Country's submission to UIS SFE Questionnaire B
XGOVEXP.IMF,TTO,2001,Data Status,Data reporting,"FINANCE DATA: IMF, World Economic Outlook"
XGOVEXP.IMF,TTO,2001,Source,Data sources,Country's submission to UIS SFE Questionnaire B
XGOVEXP.IMF,TTO,2002,Data Status,Data reporting,"FINANCE DATA: IMF, World Economic Outlook"
XGOVEXP.IMF,TTO,2002,Source,Data sources,Country's submission to UIS SFE Questionnaire B
XGOVEXP.IMF,TTO,2003,Data Status,Data reporting,"FINANCE DATA: IMF, World Economic Outlook"
XGOVEXP.IMF,TTO,2003,Source,Data sources,Country's submission to UIS SFE Questionnaire B
XGOVEXP.IMF,TTO,2010,Source,Data sources,UIS Dynamic Template (mined data) based on Estimates of Expenditure for the Financial Year (https://www.finance.gov.tt/wp-content/uploads/2020/09/Draft-Estimates-of-Expenditure-2012.pdf)
XGOVEXP.IMF,TTO,2011,Source,Data sources,UIS Dynamic Template (mined data) based on Estimates of Expenditure for the Financial Year (Estimates-of-Expenditure-2013.pdf (finance.gov.tt))
XGOVEXP.IMF,TTO,2012,Source,Data sources,UIS Dynamic Template (mined data) based on Estimates of Expenditure for the Financial Year (https://www.finance.gov.tt/wp-content/uploads/2013/11/Draft-Estimates-of-Expenditure-2014.pdf)
XGOVEXP.IMF,TTO,2013,Source,Data sources,UIS Dynamic Template (mined data) based on Estimates of Expenditure for the Financial Year (https://www.finance.gov.tt/wp-content/uploads/2014/09/Expenditure-2015.pdf)
XGOVEXP.IMF,TTO,2014,Source,Data sources,UIS Dynamic Template (mined data) based on Estimates of Expenditure for the Financial Year (https://www.finance.gov.tt/wp-content/uploads/2016/03/Expenditure-2016-Final-Book.pdf)
XGOVEXP.IMF,TTO,2015,Source,Data sources,UIS Dynamic Template (mined data) based on Estimates of Expenditure for the Financial Year (https://www.finance.gov.tt/wp-content/uploads/2016/03/Expenditure-2016-Final-Book.pdf)
XGOVEXP.IMF,TTO,2016,Source,Data sources,UIS Dynamic Template (mined data) based on Estimates of Expenditure for the Financial Year (https://www.finance.gov.tt/wp-content/uploads/2016/03/Expenditure-2016-Final-Book.pdf)
XGOVEXP.IMF,TTO,2017,Source,Data sources,UIS Dynamic Template (mined data) based on Estimates of Expenditure for the Financial Year (https://www.finance.gov.tt/wp-content/uploads/2016/09/Estimates-Expenditure-2017-Final-Book-Numbered.pdf)
XGOVEXP.IMF,TTO,2018,Source,Data sources,UIS Dynamic Template (mined data) based on Estimates of Expenditure for the Financial Year (https://www.finance.gov.tt/wp-content/uploads/2018/01/Numbered-Final-Estimates-of-Expenditure-2018.pdf)
XGOVEXP.IMF,TTO,2019,Source,Data sources,UIS Dynamic Template (mined data) based on Estimates of Expenditure for the Financial Year (https://www.finance.gov.tt/wp-content/uploads/2018/10/Numbered-Draft-Estimates-of-Expenditure-2019.pdf)
XGOVEXP.IMF,TTO,2020,Data Status,Data reporting,"FINANCE DATA: IMF, World Economic Outlook"
XGOVEXP.IMF,TTO,2020,Source,Data sources,Country's submission to UIS SFE Questionnaire B
XGOVEXP.IMF,TTO,2021,Data Status,Data reporting,"FINANCE DATA: IMF, World Economic Outlook"
XGOVEXP.IMF,TTO,2021,Source,Data sources,Country's submission to UIS SFE Questionnaire B
XGOVEXP.IMF,TTO,2022,Data Status,Data reporting,"FINANCE DATA: IMF, World Economic Outlook"
XGOVEXP.IMF,TTO,2022,Source,Data sources,Country's submission to UIS SFE Questionnaire B
XGOVEXP.IMF,TTO,2023,Data Status,Data reporting,"FINANCE DATA: IMF, World Economic Outlook"
XGOVEXP.IMF,TTO,2023,Source,Data sources,Country's submission to UIS SFE Questionnaire B
XGOVEXP.IMF,TTO,2024,Source,Data sources,UIS Dynamic template based on Estimates of Expenditure for the Financial Year (https://www.finance.gov.tt/wp-content/uploads/2023/10/Draft-Estimates-of-Expenditure-2024.pdf)
XGOVEXP.IMF,TTO,2025,Source,Data sources,UIS Dynamic Template (mined data) based on Budget statement 2025 (https://www.finance.gov.tt/wp-content/uploads/2024/09/Budget-Statement-2025.pdf)
XGOVEXP.IMF,TUN,2000,Data Status,Data reporting,"FINANCE DATA: IMF, World Economic Outlook"
XGOVEXP.IMF,TUN,2000,Source,Data sources,Country's submission to UIS SFE Questionnaire B
XGOVEXP.IMF,TUN,2001,Data Status,Data reporting,"FINANCE DATA: IMF, World Economic Outlook"
XGOVEXP.IMF,TUN,2001,Source,Data sources,Country's submission to UIS SFE Questionnaire B
XGOVEXP.IMF,TUN,2002,Data Status,Data reporting,"FINANCE DATA: IMF, World Economic Outlook"
XGOVEXP.IMF,TUN,2002,Source,Data sources,Country's submission to UIS SFE Questionnaire B
XGOVEXP.IMF,TUN,2003,Data Status,Data reporting,"FINANCE DATA: IMF, World Economic Outlook"
XGOVEXP.IMF,TUN,2003,Source,Data sources,Country's submission to UIS SFE Questionnaire B
XGOVEXP.IMF,TUN,2004,Data Status,Data reporting,"FINANCE DATA: IMF, World Economic Outlook"
XGOVEXP.IMF,TUN,2004,Source,Data sources,Country's submission to UIS SFE Questionnaire B
XGOVEXP.IMF,TUN,2005,Data Status,Data reporting,"FINANCE DATA: IMF, World Economic Outlook"
XGOVEXP.IMF,TUN,2005,Source,Data sources,Country's submission to UIS SFE Questionnaire B
XGOVEXP.IMF,TUN,2006,Data Status,Data reporting,"FINANCE DATA: IMF, World Economic Outlook"
XGOVEXP.IMF,TUN,2006,Source,Data sources,Country's submission to UIS SFE Questionnaire B
XGOVEXP.IMF,TUN,2007,Data Status,Data reporting,"FINANCE DATA: IMF, World Economic Outlook"
XGOVEXP.IMF,TUN,2007,Source,Data sources,Country's submission to UIS SFE Questionnaire B
XGOVEXP.IMF,TUN,2008,Data Status,Data reporting,"FINANCE DATA: IMF, World Economic Outlook"
XGOVEXP.IMF,TUN,2008,Source,Data sources,Country's submission to UIS SFE Questionnaire B
XGOVEXP.IMF,TUN,2009,Data Status,Data reporting,"FINANCE DATA: IMF, World Economic Outlook"
XGOVEXP.IMF,TUN,2009,Source,Data sources,Country's submission to UIS SFE Questionnaire B
XGOVEXP.IMF,TUN,2010,Data Status,Data reporting,"FINANCE DATA: IMF, World Economic Outlook"
XGOVEXP.IMF,TUN,2010,Source,Data sources,Country's submission to UIS SFE Questionnaire B
XGOVEXP.IMF,TUN,2012,Data Status,Data reporting,"FINANCE DATA: IMF, World Economic Outlook"
XGOVEXP.IMF,TUN,2012,Source,Data sources,Country's submission to UIS SFE Questionnaire B
XGOVEXP.IMF,TUN,2015,Data Status,Data reporting,"FINANCE DATA: IMF, World Economic Outlook"
XGOVEXP.IMF,TUN,2015,Source,Data sources,Country's submission to UIS SFE Questionnaire B
XGOVEXP.IMF,TUN,2019,Source,Data sources,UIS Dynamic Template (mined data) based on Projet de la loi de finances complementaire pour l'annee 2019 (Ar) (http://www.finances.gov.tn/sites/default/files/2019-10/%D9%82%D8%A7%D9%86%D9%88%D9%86%20%D8%A7%D9%84%D9%85%D8%A7%D9%84%D9%8A%D8%A9%20%D8%A7%D9%84%D8%AA%D9%83%D9%85%D9%8A%D9%84%D9%8A%20%D9%84%D8%B3%D9%86%D8%A9%202019_0.pdf)
XGOVEXP.IMF,TUN,2020,Source,Data sources,UIS Dynamic Template (mined data) based on Loi de finances complementaire pour l'annee 2020 (Ar) (http://www.finances.gov.tn/sites/default/files/2021-02/Loi2020_45Arrabe.pdf)
XGOVEXP.IMF,TUN,2021,Source,Data sources,UIS Dynamic Template (mined data) based on Rapport de la loi de finances rectificative 2021 (Fr) (http://www.finances.gov.tn/sites/default/files/2021-11/D%C3%A9cret-loi2021_3_0.pdf)
XGOVEXP.IMF,TUN,2022,Source,Data sources,UIS Dynamic Template (mined data) based on Loi de finances pour l'annee 2022 (Ar) (http://www.finances.gov.tn/sites/default/files/2022-02/Loi_des_Finances%202022_0.pdf)
XGOVEXP.IMF,TUN,2023,Source,Data sources,UIS Dynamic Template (mined data) based on Projet de la loi des finances rectificative 2023 (Ar) (http://www.finances.gov.tn/sites/default/files/2023-10/LFR.pdf)
XGOVEXP.IMF,TUN,2024,Source,Data sources,UIS Dynamic Template (mined data) based on Loi des finances pour l'annee 2024 (Ar) (http://www.finances.gov.tn/sites/default/files/2023-12/LF2024_0.pdf)
XGOVEXP.IMF,TUN,2025,Source,Data sources,UIS Dynamic Template (mined data) based on Loi des finances pour l'annee 2025 (Ar) (https://www.finances.gov.tn/sites/default/files/2024-12/LF2025.pdf)
XGOVEXP.IMF,TUR,2011,Data Status,Data reporting,"FINANCE DATA: IMF, World Economic Outlook"
XGOVEXP.IMF,TUR,2011,Source,Data sources,Country's submission to UNESCO OECD Eurostat (UOE) joint data collection
XGOVEXP.IMF,TUR,2012,Data Status,Data reporting,"FINANCE DATA: IMF, World Economic Outlook"
XGOVEXP.IMF,TUR,2012,Source,Data sources,Country's submission to UNESCO OECD Eurostat (UOE) joint data collection
XGOVEXP.IMF,TUR,2013,Data Status,Data reporting,"FINANCE DATA: IMF, World Economic Outlook"
XGOVEXP.IMF,TUR,2013,Source,Data sources,Country's submission to UNESCO OECD Eurostat (UOE) joint data collection
XGOVEXP.IMF,TUR,2014,Data Status,Data reporting,"FINANCE DATA: IMF, World Economic Outlook"
XGOVEXP.IMF,TUR,2014,Source,Data sources,Country's submission to UNESCO OECD Eurostat (UOE) joint data collection
XGOVEXP.IMF,TUR,2015,Data Status,Data reporting,"FINANCE DATA: IMF, World Economic Outlook"
XGOVEXP.IMF,TUR,2015,Source,Data sources,Country's submission to UNESCO OECD Eurostat (UOE) joint data collection
XGOVEXP.IMF,TUR,2016,Data Status,Data reporting,"FINANCE DATA: IMF, World Economic Outlook"
XGOVEXP.IMF,TUR,2016,Source,Data sources,Country's submission to UNESCO OECD Eurostat (UOE) joint data collection
XGOVEXP.IMF,TUR,2017,Data Status,Data reporting,"FINANCE DATA: IMF, World Economic Outlook"
XGOVEXP.IMF,TUR,2017,Source,Data sources,Country's submission to UNESCO OECD Eurostat (UOE) joint data collection
XGOVEXP.IMF,TUR,2018,Data Status,Data reporting,"FINANCE DATA: IMF, World Economic Outlook"
XGOVEXP.IMF,TUR,2018,Source,Data sources,Country's submission to UNESCO OECD Eurostat (UOE) joint data collection
XGOVEXP.IMF,TUR,2019,Data Status,Data reporting,"FINANCE DATA: IMF, World Economic Outlook"
XGOVEXP.IMF,TUR,2019,Source,Data sources,Country's submission to UNESCO OECD Eurostat (UOE) joint data collection
XGOVEXP.IMF,TUR,2020,Data Status,Data reporting,"FINANCE DATA: IMF, World Economic Outlook"
XGOVEXP.IMF,TUR,2020,Source,Data sources,Country's submission to UNESCO OECD Eurostat (UOE) joint data collection
XGOVEXP.IMF,TUR,2021,Data Status,Data reporting,"FINANCE DATA: IMF, World Economic Outlook"
XGOVEXP.IMF,TUR,2021,Source,Data sources,Country's submission to UNESCO OECD Eurostat (UOE) joint data collection
XGOVEXP.IMF,TUR,2022,Data Status,Data reporting,"FINANCE DATA: IMF, World Economic Outlook"
XGOVEXP.IMF,TUR,2022,Source,Data sources,Country's submission to UNESCO OECD Eurostat (UOE) joint data collection
XGOVEXP.IMF,TUV,2020,Source,Data sources,UIS Dynamic template based on UIS Dynamic template
XGOVEXP.IMF,TUV,2021,Source,Data sources,UIS Dynamic template based on UIS Dynamic template
XGOVEXP.IMF,TUV,2022,Source,Data sources,UIS Dynamic template based on UIS Dynamic template
XGOVEXP.IMF,TUV,2023,Data Status,Data reporting,"FINANCE DATA: IMF, World Economic Outlook"
XGOVEXP.IMF,TUV,2023,Source,Data sources,Country's submission to UIS SFE Questionnaire B
XGOVEXP.IMF,TUV,2024,Source,Data sources,UIS Dynamic template based on 2024-2025 National Budget (https://finance.gov.tv/wp-content/uploads/2024/07/National-Budget-2024-2025.pdf)
XGOVEXP.IMF,TUV,2025,Source,Data sources,UIS Dynamic template based on 2024-2025 National Budget (https://finance.gov.tv/wp-content/uploads/2024/07/National-Budget-2024-2025.pdf)
XGOVEXP.IMF,TZA,2004,Data Status,Data reporting,"FINANCE DATA: IMF, World Economic Outlook"
XGOVEXP.IMF,TZA,2004,Source,Data sources,Country's submission to UIS SFE Questionnaire B
XGOVEXP.IMF,TZA,2005,Data Status,Data reporting,"FINANCE DATA: IMF, World Economic Outlook"
XGOVEXP.IMF,TZA,2005,Source,Data sources,Country's submission to UIS SFE Questionnaire B
XGOVEXP.IMF,TZA,2006,Data Status,Data reporting,"FINANCE DATA: IMF, World Economic Outlook"
XGOVEXP.IMF,TZA,2006,Source,Data sources,Country's submission to UIS SFE Questionnaire B
XGOVEXP.IMF,TZA,2007,Data Status,Data reporting,"FINANCE DATA: IMF, World Economic Outlook"
XGOVEXP.IMF,TZA,2007,Source,Data sources,Country's submission to UIS SFE Questionnaire B
XGOVEXP.IMF,TZA,2008,Data Status,Data reporting,"FINANCE DATA: IMF, World Economic Outlook"
XGOVEXP.IMF,TZA,2008,Source,Data sources,Country's submission to UIS SFE Questionnaire B
XGOVEXP.IMF,TZA,2009,Data Status,Data reporting,"FINANCE DATA: IMF, World Economic Outlook"
XGOVEXP.IMF,TZA,2009,Source,Data sources,Country's submission to UIS SFE Questionnaire B
XGOVEXP.IMF,TZA,2010,Data Status,Data reporting,"FINANCE DATA: IMF, World Economic Outlook"
XGOVEXP.IMF,TZA,2010,Source,Data sources,Country's submission to UIS SFE Questionnaire B
XGOVEXP.IMF,TZA,2011,Source,Data sources,"UIS Dynamic Template (mined data) based on Education Sector Development Plan 2016/17 - 2020/21, Tanzania Mainland (https://www.globalpartnership.org/sites/default/files/document/file/2019-02-10-gpe-education-sector-development-plan-2016-17%E2%80%932020-21-tanzania-mainland.pdf)"
XGOVEXP.IMF,TZA,2012,Source,Data sources,"UIS Dynamic Template (mined data) based on Education Sector Development Plan 2016/17 - 2020/21, Tanzania Mainland (https://www.globalpartnership.org/sites/default/files/document/file/2019-02-10-gpe-education-sector-development-plan-2016-17%E2%80%932020-21-tanzania-mainland.pdf)"
XGOVEXP.IMF,TZA,2013,Source,Data sources,"UIS Dynamic Template (mined data) based on Education Sector Development Plan 2016/17 - 2020/21, Tanzania Mainland (https://www.globalpartnership.org/sites/default/files/document/file/2019-02-10-gpe-education-sector-development-plan-2016-17%E2%80%932020-21-tanzania-mainland.pdf)"
XGOVEXP.IMF,TZA,2014,Data Status,Data reporting,"FINANCE DATA: IMF, World Economic Outlook"
XGOVEXP.IMF,TZA,2014,Source,Data sources,Country's submission to UIS SFE Questionnaire B
XGOVEXP.IMF,TZA,2015,Source,Data sources,"UIS Dynamic Template (mined data) based on Education Sector Development Plan 2016/17 - 2020/21, Tanzania Mainland (https://www.globalpartnership.org/sites/default/files/document/file/2019-02-10-gpe-education-sector-development-plan-2016-17%E2%80%932020-21-tanzania-mainland.pdf)"
XGOVEXP.IMF,TZA,2016,Source,Data sources,"UIS Dynamic Template (mined data) based on Education Sector Development Plan 2016/17 - 2020/21, Tanzania Mainland (https://www.globalpartnership.org/sites/default/files/document/file/2019-02-10-gpe-education-sector-development-plan-2016-17%E2%80%932020-21-tanzania-mainland.pdf)"
XGOVEXP.IMF,TZA,2017,Data Status,Data reporting,"FINANCE DATA: IMF, World Economic Outlook"
XGOVEXP.IMF,TZA,2017,Source,Data sources,Country's submission to UIS SFE Questionnaire B
XGOVEXP.IMF,TZA,2018,Data Status,Data reporting,"FINANCE DATA: IMF, World Economic Outlook"
XGOVEXP.IMF,TZA,2018,Source,Data sources,Country's submission to UIS SFE Questionnaire B
XGOVEXP.IMF,TZA,2019,Source,Data sources,"UIS Dynamic Template (mined data) based on Education Sector Performance Report 2018/2019, Tanzania Mainland (https://www.globalpartnership.org/sites/default/files/document/file/2020-05-Tanzania%20Mainland-ESP-IR_0.pdf)"
XGOVEXP.IMF,TZA,2020,Source,Data sources,UIS Dynamic Template (mined data) based on The Citizens' Budget 2019/20 (https://mof.go.tz/docs/news/CITIZENS%20BUDGET%202019-20%20(English)-%202nd%20draft.pdf)
XGOVEXP.IMF,TZA,2021,Source,Data sources,UIS Dynamic Template (mined data) based on The Citizens' Budget 2020/21 (https://mof.go.tz/docs/news/CITIZEN%20BUDGET%20ENGLISH%20VERSION%202020_21.pdf)
XGOVEXP.IMF,TZA,2022,Source,Data sources,UIS Dynamic Template (mined data) based on The Citizens' Budget 2021/22 (https://mof.go.tz/mofdocs/news/The%20Citizens%20Budget%20for%20the%20Financial%20year%202021_21%20FINAL.pdf)
XGOVEXP.IMF,TZA,2023,Source,Data sources,UIS Dynamic Template (mined data) based on The Citizens' Budget 2022/23 (https://mof.go.tz/uploads/documents/en-1660656080-Citizen%20Budget%202022_23%20English.pdf)
XGOVEXP.IMF,TZA,2024,Source,Data sources,UIS Dynamic Template (mined data) based on The Citizens' Budget 2023/24 (https://www.mof.go.tz/uploads/documents/en-1690359817-BUDGET%20INSIGHTS%202023_24%20(3).pdf)
XGOVEXP.IMF,UGA,2000,Data Status,Data reporting,"FINANCE DATA: IMF, World Economic Outlook"
XGOVEXP.IMF,UGA,2000,Source,Data sources,Country's submission to UIS SFE Questionnaire B
XGOVEXP.IMF,UGA,2004,Data Status,Data reporting,"FINANCE DATA: IMF, World Economic Outlook"
XGOVEXP.IMF,UGA,2004,Source,Data sources,Country's submission to UIS SFE Questionnaire B
XGOVEXP.IMF,UGA,2010,Data Status,Data reporting,"FINANCE DATA: IMF, World Economic Outlook"
XGOVEXP.IMF,UGA,2010,Source,Data sources,Country's submission to UIS SFE Questionnaire B
XGOVEXP.IMF,UGA,2011,Data Status,Data reporting,"FINANCE DATA: IMF, World Economic Outlook"
XGOVEXP.IMF,UGA,2011,Source,Data sources,Country's submission to UIS SFE Questionnaire B
XGOVEXP.IMF,UGA,2012,Data Status,Data reporting,"FINANCE DATA: IMF, World Economic Outlook"
XGOVEXP.IMF,UGA,2012,Source,Data sources,Country's submission to UIS SFE Questionnaire B
XGOVEXP.IMF,UGA,2013,Data Status,Data reporting,"FINANCE DATA: IMF, World Economic Outlook"
XGOVEXP.IMF,UGA,2013,Source,Data sources,Country's submission to UIS SFE Questionnaire B
XGOVEXP.IMF,UGA,2014,Data Status,Data reporting,"FINANCE DATA: IMF, World Economic Outlook"
XGOVEXP.IMF,UGA,2014,Source,Data sources,Country's submission to UIS SFE Questionnaire B
XGOVEXP.IMF,UGA,2015,Data Status,Data reporting,"FINANCE DATA: IMF, World Economic Outlook"
XGOVEXP.IMF,UGA,2015,Source,Data sources,Country's submission to UIS SFE Questionnaire B
XGOVEXP.IMF,UGA,2016,Data Status,Data reporting,"FINANCE DATA: IMF, World Economic Outlook"
XGOVEXP.IMF,UGA,2016,Source,Data sources,Country's submission to UIS SFE Questionnaire B
XGOVEXP.IMF,UGA,2017,Data Status,Data reporting,"FINANCE DATA: IMF, World Economic Outlook"
XGOVEXP.IMF,UGA,2017,Source,Data sources,Country's submission to UIS SFE Questionnaire B
XGOVEXP.IMF,UGA,2018,Data Status,Data reporting,"FINANCE DATA: IMF, World Economic Outlook"
XGOVEXP.IMF,UGA,2018,Source,Data sources,Country's submission to UIS SFE Questionnaire B
XGOVEXP.IMF,UGA,2019,Source,Data sources,"UIS Dynamic Template (mined data) based on APPROVED ESTIMATES OF REVENUE AND EXPENDITURE (RECURRENT AND DEVELOPMENT), FY 2018/19 (https://budget.go.ug/library/543)"
XGOVEXP.IMF,UGA,2020,Source,Data sources,"UIS Dynamic Template (mined data) based on APPROVED ESTIMATES OF REVENUE AND EXPENDITURE (RECURRENT AND DEVELOPMENT), FY 2019/20 (https://budget.go.ug/library/544)"
XGOVEXP.IMF,UGA,2021,Source,Data sources,"UIS Dynamic Template (mined data) based on APPROVED ESTIMATES OF REVENUE AND EXPENDITURE (RECURRENT AND DEVELOPMENT), FY 2020/21 (https://budget.go.ug/sites/default/files/National%20Budget%20docs/Approved%20Budget%20Estimates%2C%20Local%20Governments%20FY%202020-21.pdf)"
XGOVEXP.IMF,UGA,2022,Source,Data sources,"UIS Dynamic Template (mined data) based on APPROVED ESTIMATES OF REVENUE AND EXPENDITURE (RECURRENT AND DEVELOPMENT), FY 2021/22 (https://budget.go.ug/sites/default/files/National%20Budget%20docs/Approved%20Budget%20Estimates%2C%20Local%20Governments-FY%202021-22.pdf)"
XGOVEXP.IMF,UKR,2000,Data Status,Data reporting,"FINANCE DATA: IMF, World Economic Outlook"
XGOVEXP.IMF,UKR,2000,Source,Data sources,Country's submission to UIS SFE Questionnaire B
XGOVEXP.IMF,UKR,2001,Data Status,Data reporting,"FINANCE DATA: IMF, World Economic Outlook"
XGOVEXP.IMF,UKR,2001,Source,Data sources,Country's submission to UIS SFE Questionnaire B
XGOVEXP.IMF,UKR,2002,Data Status,Data reporting,"FINANCE DATA: IMF, World Economic Outlook"
XGOVEXP.IMF,UKR,2002,Source,Data sources,Country's submission to UIS SFE Questionnaire B
XGOVEXP.IMF,UKR,2003,Data Status,Data reporting,"FINANCE DATA: IMF, World Economic Outlook"
XGOVEXP.IMF,UKR,2003,Source,Data sources,Country's submission to UIS SFE Questionnaire B
XGOVEXP.IMF,UKR,2004,Data Status,Data reporting,"FINANCE DATA: IMF, World Economic Outlook"
XGOVEXP.IMF,UKR,2004,Source,Data sources,Country's submission to UIS SFE Questionnaire B
XGOVEXP.IMF,UKR,2005,Data Status,Data reporting,"FINANCE DATA: IMF, World Economic Outlook"
XGOVEXP.IMF,UKR,2005,Source,Data sources,Country's submission to UIS SFE Questionnaire B
XGOVEXP.IMF,UKR,2006,Data Status,Data reporting,"FINANCE DATA: IMF, World Economic Outlook"
XGOVEXP.IMF,UKR,2006,Source,Data sources,Country's submission to UIS SFE Questionnaire B
XGOVEXP.IMF,UKR,2007,Data Status,Data reporting,"FINANCE DATA: IMF, World Economic Outlook"
XGOVEXP.IMF,UKR,2007,Source,Data sources,Country's submission to UIS SFE Questionnaire B
XGOVEXP.IMF,UKR,2008,Data Status,Data reporting,"FINANCE DATA: IMF, World Economic Outlook"
XGOVEXP.IMF,UKR,2008,Source,Data sources,Country's submission to UIS SFE Questionnaire B
XGOVEXP.IMF,UKR,2009,Data Status,Data reporting,"FINANCE DATA: IMF, World Economic Outlook"
XGOVEXP.IMF,UKR,2009,Source,Data sources,Country's submission to UIS SFE Questionnaire B
XGOVEXP.IMF,UKR,2011,Data Status,Data reporting,"FINANCE DATA: IMF, World Economic Outlook"
XGOVEXP.IMF,UKR,2011,Source,Data sources,Country's submission to UIS SFE Questionnaire B
XGOVEXP.IMF,UKR,2012,Data Status,Data reporting,"FINANCE DATA: IMF, World Economic Outlook"
XGOVEXP.IMF,UKR,2012,Source,Data sources,Country's submission to UIS SFE Questionnaire B
XGOVEXP.IMF,UKR,2013,Data Status,Data reporting,"FINANCE DATA: IMF, World Economic Outlook"
XGOVEXP.IMF,UKR,2013,Source,Data sources,Country's submission to UIS SFE Questionnaire B
XGOVEXP.IMF,UKR,2014,Data Status,Data reporting,"FINANCE DATA: IMF, World Economic Outlook"
XGOVEXP.IMF,UKR,2014,Source,Data sources,Country's submission to UIS SFE Questionnaire B
XGOVEXP.IMF,UKR,2015,Source,Data sources,UIS Dynamic template based on UIS Education Survey
XGOVEXP.IMF,UKR,2016,Data Status,Data reporting,"FINANCE DATA: IMF, World Economic Outlook"
XGOVEXP.IMF,UKR,2016,Source,Data sources,Country's submission to UIS SFE Questionnaire B
XGOVEXP.IMF,UKR,2017,Data Status,Data reporting,"FINANCE DATA: IMF, World Economic Outlook"
XGOVEXP.IMF,UKR,2017,Source,Data sources,Country's submission to UIS SFE Questionnaire B
XGOVEXP.IMF,UKR,2018,Data Status,Data reporting,"FINANCE DATA: IMF, World Economic Outlook"
XGOVEXP.IMF,UKR,2018,Source,Data sources,Country's submission to UIS SFE Questionnaire B
XGOVEXP.IMF,UKR,2019,Data Status,Data reporting,"FINANCE DATA: IMF, World Economic Outlook"
XGOVEXP.IMF,UKR,2019,Source,Data sources,Country's submission to UIS SFE Questionnaire B
XGOVEXP.IMF,UKR,2020,Data Status,Data reporting,"FINANCE DATA: IMF, World Economic Outlook"
XGOVEXP.IMF,UKR,2020,Source,Data sources,Country's submission to UIS SFE Questionnaire B
XGOVEXP.IMF,UKR,2021,Data Status,Data reporting,"FINANCE DATA: IMF, World Economic Outlook"
XGOVEXP.IMF,UKR,2021,Source,Data sources,Country's submission to UIS SFE Questionnaire B
XGOVEXP.IMF,URY,2000,Data Status,Data reporting,"FINANCE DATA: IMF, World Economic Outlook"
XGOVEXP.IMF,URY,2000,Source,Data sources,Country's submission to UIS SFE Questionnaire B
XGOVEXP.IMF,URY,2001,Data Status,Data reporting,"FINANCE DATA: IMF, World Economic Outlook"
XGOVEXP.IMF,URY,2001,Source,Data sources,Country's submission to UIS SFE Questionnaire B
XGOVEXP.IMF,URY,2002,Data Status,Data reporting,"FINANCE DATA: IMF, World Economic Outlook"
XGOVEXP.IMF,URY,2002,Source,Data sources,Country's submission to UIS SFE Questionnaire B
XGOVEXP.IMF,URY,2003,Data Status,Data reporting,"FINANCE DATA: IMF, World Economic Outlook"
XGOVEXP.IMF,URY,2003,Source,Data sources,Country's submission to UIS SFE Questionnaire B
XGOVEXP.IMF,URY,2004,Data Status,Data reporting,"FINANCE DATA: IMF, World Economic Outlook"
XGOVEXP.IMF,URY,2004,Source,Data sources,Country's submission to UIS SFE Questionnaire B
XGOVEXP.IMF,URY,2005,Data Status,Data reporting,"FINANCE DATA: IMF, World Economic Outlook"
XGOVEXP.IMF,URY,2005,Source,Data sources,Country's submission to UIS SFE Questionnaire B
XGOVEXP.IMF,URY,2006,Data Status,Data reporting,"FINANCE DATA: IMF, World Economic Outlook"
XGOVEXP.IMF,URY,2006,Source,Data sources,Country's submission to UIS SFE Questionnaire B
XGOVEXP.IMF,URY,2011,Data Status,Data reporting,"FINANCE DATA: IMF, World Economic Outlook"
XGOVEXP.IMF,URY,2011,Source,Data sources,Country's submission to UIS SFE Questionnaire B
XGOVEXP.IMF,URY,2012,Source,Data sources,UIS Dynamic Template (mined data) based on Transparencia Presupuestaria (https://transparenciapresupuestaria.opp.gub.uy/inicio/presupuesto-nacional/a-d%C3%B3nde-van-nuestros-impuestos)
XGOVEXP.IMF,URY,2013,Data Status,Data reporting,"FINANCE DATA: IMF, World Economic Outlook"
XGOVEXP.IMF,URY,2013,Source,Data sources,Country's submission to UIS SFE Questionnaire B
XGOVEXP.IMF,URY,2014,Data Status,Data reporting,"FINANCE DATA: IMF, World Economic Outlook"
XGOVEXP.IMF,URY,2014,Source,Data sources,Country's submission to UIS SFE Questionnaire B
XGOVEXP.IMF,URY,2015,Data Status,Data reporting,"FINANCE DATA: IMF, World Economic Outlook"
XGOVEXP.IMF,URY,2015,Source,Data sources,Country's submission to UIS SFE Questionnaire B
XGOVEXP.IMF,URY,2016,Data Status,Data reporting,"FINANCE DATA: IMF, World Economic Outlook"
XGOVEXP.IMF,URY,2016,Source,Data sources,Country's submission to UIS SFE Questionnaire B
XGOVEXP.IMF,URY,2017,Data Status,Data reporting,"FINANCE DATA: IMF, World Economic Outlook"
XGOVEXP.IMF,URY,2017,Source,Data sources,Country's submission to UIS SFE Questionnaire B
XGOVEXP.IMF,URY,2018,Data Status,Data reporting,"FINANCE DATA: IMF, World Economic Outlook"
XGOVEXP.IMF,URY,2018,Source,Data sources,Country's submission to UIS SFE Questionnaire B
XGOVEXP.IMF,URY,2019,Data Status,Data reporting,"FINANCE DATA: IMF, World Economic Outlook"
XGOVEXP.IMF,URY,2019,Source,Data sources,Country's submission to UIS SFE Questionnaire B
XGOVEXP.IMF,URY,2020,Data Status,Data reporting,"FINANCE DATA: IMF, World Economic Outlook"
XGOVEXP.IMF,URY,2020,Source,Data sources,Country's submission to UIS SFE Questionnaire B
XGOVEXP.IMF,URY,2021,Data Status,Data reporting,"FINANCE DATA: IMF, World Economic Outlook"
XGOVEXP.IMF,URY,2021,Source,Data sources,Country's submission to UIS SFE Questionnaire B
XGOVEXP.IMF,URY,2022,Data Status,Data reporting,"FINANCE DATA: IMF, World Economic Outlook"
XGOVEXP.IMF,URY,2022,Source,Data sources,Country's submission to UIS SFE Questionnaire B
XGOVEXP.IMF,URY,2023,Data Status,Data reporting,"FINANCE DATA: IMF, World Economic Outlook"
XGOVEXP.IMF,URY,2023,Source,Data sources,Country's submission to UIS SFE Questionnaire B
XGOVEXP.IMF,USA,2015,Data Status,Data reporting,"FINANCE DATA: IMF, World Economic Outlook"
XGOVEXP.IMF,USA,2015,Source,Data sources,Country's submission to UNESCO OECD Eurostat (UOE) joint data collection
XGOVEXP.IMF,USA,2016,Data Status,Data reporting,"FINANCE DATA: IMF, World Economic Outlook"
XGOVEXP.IMF,USA,2016,Source,Data sources,Country's submission to UNESCO OECD Eurostat (UOE) joint data collection
XGOVEXP.IMF,USA,2017,Data Status,Data reporting,"FINANCE DATA: IMF, World Economic Outlook"
XGOVEXP.IMF,USA,2017,Source,Data sources,Country's submission to UNESCO OECD Eurostat (UOE) joint data collection
XGOVEXP.IMF,USA,2018,Data Status,Data reporting,"FINANCE DATA: IMF, World Economic Outlook"
XGOVEXP.IMF,USA,2018,Source,Data sources,Country's submission to UNESCO OECD Eurostat (UOE) joint data collection
XGOVEXP.IMF,USA,2019,Data Status,Data reporting,"FINANCE DATA: IMF, World Economic Outlook"
XGOVEXP.IMF,USA,2019,Source,Data sources,Country's submission to UNESCO OECD Eurostat (UOE) joint data collection
XGOVEXP.IMF,USA,2020,Data Status,Data reporting,"FINANCE DATA: IMF, World Economic Outlook"
XGOVEXP.IMF,USA,2020,Source,Data sources,Country's submission to UNESCO OECD Eurostat (UOE) joint data collection
XGOVEXP.IMF,USA,2021,Data Status,Data reporting,"FINANCE DATA: IMF, World Economic Outlook"
XGOVEXP.IMF,USA,2021,Source,Data sources,Country's submission to UNESCO OECD Eurostat (UOE) joint data collection
XGOVEXP.IMF,UZB,2013,Data Status,Data reporting,"FINANCE DATA: IMF, World Economic Outlook"
XGOVEXP.IMF,UZB,2013,Source,Data sources,Country's submission to UIS SFE Questionnaire B
XGOVEXP.IMF,UZB,2014,Data Status,Data reporting,"FINANCE DATA: IMF, World Economic Outlook"
XGOVEXP.IMF,UZB,2014,Source,Data sources,Country's submission to UIS SFE Questionnaire B
XGOVEXP.IMF,UZB,2015,Data Status,Data reporting,"FINANCE DATA: IMF, World Economic Outlook"
XGOVEXP.IMF,UZB,2015,Source,Data sources,Country's submission to UIS SFE Questionnaire B
XGOVEXP.IMF,UZB,2016,Data Status,Data reporting,"FINANCE DATA: IMF, World Economic Outlook"
XGOVEXP.IMF,UZB,2016,Source,Data sources,Country's submission to UIS SFE Questionnaire B
XGOVEXP.IMF,UZB,2017,Data Status,Data reporting,"FINANCE DATA: IMF, World Economic Outlook"
XGOVEXP.IMF,UZB,2017,Source,Data sources,Country's submission to UIS SFE Questionnaire B
XGOVEXP.IMF,UZB,2018,Source,Data sources,"UIS Dynamic template based on Preliminary Execution of the State budget for 2018, Uzbekistan for 2020 (on spheres) (https://data.gov.uz/uz/datasets/10516?dp-1-page=2)"
XGOVEXP.IMF,UZB,2019,Source,Data sources,UIS Dynamic template based on State budget execution of the Republic of Uzbekistan for 2019 (on spheres) (https://data.gov.uz/uz/datasets/11611)
XGOVEXP.IMF,UZB,2020,Data Status,Data reporting,"FINANCE DATA: IMF, World Economic Outlook"
XGOVEXP.IMF,UZB,2020,Source,Data sources,Country's submission to UIS SFE Questionnaire B
XGOVEXP.IMF,UZB,2021,Data Status,Data reporting,"FINANCE DATA: IMF, World Economic Outlook"
XGOVEXP.IMF,UZB,2021,Source,Data sources,Country's submission to UIS SFE Questionnaire B
XGOVEXP.IMF,UZB,2022,Source,Data sources,UIS Dynamic template based on Budget for Citizens 2022 (https://admin.openbudget.uz/media/post_attachments/Budjet_22_P_ru_hqLTgq6.pdf)
XGOVEXP.IMF,UZB,2023,Source,Data sources,UIS Dynamic template based on Budget for Citizens 2023 (https://admin.openbudget.uz/media/post_attachments/Budjet_23_uz_ss7d1cT.pdf)
XGOVEXP.IMF,UZB,2024,Source,Data sources,UIS Dynamic template based on Budget for Citizens 2024 (https://openbudget.uz/api/v2/info/file/fcd09effa11433f5ffd31bcc73167fe0)
XGOVEXP.IMF,VCT,2000,Data Status,Data reporting,"FINANCE DATA: IMF, World Economic Outlook"
XGOVEXP.IMF,VCT,2000,Source,Data sources,Country's submission to UIS SFE Questionnaire B
XGOVEXP.IMF,VCT,2002,Data Status,Data reporting,"FINANCE DATA: IMF, World Economic Outlook"
XGOVEXP.IMF,VCT,2002,Source,Data sources,Country's submission to UIS SFE Questionnaire B
XGOVEXP.IMF,VCT,2003,Data Status,Data reporting,"FINANCE DATA: IMF, World Economic Outlook"
XGOVEXP.IMF,VCT,2003,Source,Data sources,Country's submission to UIS SFE Questionnaire B
XGOVEXP.IMF,VCT,2005,Data Status,Data reporting,"FINANCE DATA: IMF, World Economic Outlook"
XGOVEXP.IMF,VCT,2005,Source,Data sources,Country's submission to UIS SFE Questionnaire B
XGOVEXP.IMF,VCT,2007,Data Status,Data reporting,"FINANCE DATA: IMF, World Economic Outlook"
XGOVEXP.IMF,VCT,2007,Source,Data sources,Country's submission to UIS SFE Questionnaire B
XGOVEXP.IMF,VCT,2009,Data Status,Data reporting,"FINANCE DATA: IMF, World Economic Outlook"
XGOVEXP.IMF,VCT,2009,Source,Data sources,Country's submission to UIS SFE Questionnaire B
XGOVEXP.IMF,VCT,2010,Data Status,Data reporting,"FINANCE DATA: IMF, World Economic Outlook"
XGOVEXP.IMF,VCT,2010,Source,Data sources,Country's submission to UIS SFE Questionnaire B
XGOVEXP.IMF,VCT,2015,Source,Data sources,UIS Dynamic Template (mined data) based on Budget Speech 2019; Household Expenditure 2015 (http://finance.gov.vc/finance/images/PDF/budgetaddress/Budget-2019.pdf ; https://stats.gov.vc/subjects/national-accounts/household-final-consumption-expenditure-at-current-prices-2013-to-2017/)
XGOVEXP.IMF,VCT,2016,Data Status,Data reporting,"FINANCE DATA: IMF, World Economic Outlook"
XGOVEXP.IMF,VCT,2016,Source,Data sources,Country's submission to UIS SFE Questionnaire B
XGOVEXP.IMF,VCT,2017,Data Status,Data reporting,"FINANCE DATA: IMF, World Economic Outlook"
XGOVEXP.IMF,VCT,2017,Source,Data sources,Country's submission to UIS SFE Questionnaire B
XGOVEXP.IMF,VCT,2018,Data Status,Data reporting,"FINANCE DATA: IMF, World Economic Outlook"
XGOVEXP.IMF,VCT,2018,Source,Data sources,Country's submission to UIS SFE Questionnaire B
XGOVEXP.IMF,VCT,2020,Source,Data sources,UIS Dynamic Template (mined data) based on Budget Speech 2020 (http://finance.gov.vc/finance/images/PDF/budgetaddress/Budget2020_SVG.pdf)
XGOVEXP.IMF,VCT,2022,Source,Data sources,UIS Dynamic Template (mined data) based on Estimates of Revenue and Expenditure 2022; Estimates of Revenue and Expenditure 2022 (http://finance.gov.vc/finance/images/PDF/Budget_Estimates_2022.pdf; http://finance.gov.vc/finance/images/PDF/Budget_Estimates_2022.pdf)
XGOVEXP.IMF,VCT,2023,Source,Data sources,UIS Dynamic Template (mined data) based on Estimates of Revenue and Expenditure 2023 (https://finance.gov.vc/finance/images/PDF/estimates_2023_final.pdf)
XGOVEXP.IMF,VCT,2024,Source,Data sources,UIS Dynamic Template (mined data) based on Estimates of Revenue and Expenditure 2024 (https://finance.gov.vc/finance/images/PDF/Publications/Estimates_2024_Final_Updated_1.pdf)
XGOVEXP.IMF,VEN,2023,Data Status,Data reporting,"FINANCE DATA: IMF, World Economic Outlook"
XGOVEXP.IMF,VEN,2023,Source,Data sources,Country's submission to UIS SFE Questionnaire B
XGOVEXP.IMF,VEN,2024,Source,Data sources,UIS Dynamic Template (mined data) based on Presupuesto 2024 (https://transparenciave.org/wp-content/uploads/2024/06/Nuestro-Presupuesto-2024_TV.pdf)
XGOVEXP.IMF,VGB,2012,Source,Data sources,UIS Dynamic Template (mined data) based on Budget Estimates 2012 (https://bvi.gov.vg/sites/default/files/2012%20Budget%20Estimates.pdf)
XGOVEXP.IMF,VGB,2013,Source,Data sources,UIS Dynamic Template (mined data) based on Budget Estimates 2013 (https://bvi.gov.vg/sites/default/files/2013%20Budget%20Estimates.pdf)
XGOVEXP.IMF,VGB,2014,Source,Data sources,UIS Dynamic Template (mined data) based on Budget Estimates 2014 (https://bvi.gov.vg/sites/default/files/2014%20Budget%20Estimates.pdf)
XGOVEXP.IMF,VGB,2015,Source,Data sources,UIS Dynamic Template (mined data) based on Budget Estimates 2015 (http://bvi.gov.vg/pub/Official%202015-17%20Budget%20Estimates%20updated.pdf)
XGOVEXP.IMF,VGB,2016,Source,Data sources,UIS Dynamic Template (mined data) based on Budget Estimates 2016 (https://bvi.gov.vg/pub/2016%20-%202018%20Budget%20Estimates%20-%20Final.pdf)
XGOVEXP.IMF,VGB,2017,Source,Data sources,UIS Dynamic Template (mined data) based on Budget Estimates 2017 (https://bvi.gov.vg/pub/2017%20Budget%20Estimates.pdf)
XGOVEXP.IMF,VGB,2018,Source,Data sources,UIS Dynamic Template (mined data) based on Budget Estimates 2020 (https://bvi.gov.vg/pub/2020%20Budget%20Estimates%20Final.pdf)
XGOVEXP.IMF,VGB,2019,Source,Data sources,UIS Dynamic Template (mined data) based on Budget Estimates 2020 (https://bvi.gov.vg/pub/2020%20Budget%20Estimates%20Final.pdf)
XGOVEXP.IMF,VGB,2020,Source,Data sources,UIS Dynamic Template (mined data) based on Budget Estimates 2020 (https://bvi.gov.vg/pub/2020%20Budget%20Estimates%20Final.pdf)
XGOVEXP.IMF,VGB,2021,Source,Data sources,UIS Dynamic Template (mined data) based on Budget Estimates 2021 (https://bvi.gov.vg/pub/2021%20Budget%20Estimates%20Final.pdf)
XGOVEXP.IMF,VGB,2022,Source,Data sources,UIS Dynamic Template (mined data) based on Budget Estimates 2024 (https://bvi.gov.vg/sites/default/files/2024_budget_estimates_final.pdf)
XGOVEXP.IMF,VGB,2023,Source,Data sources,UIS Dynamic Template (mined data) based on Budget Estimates 2024 (https://bvi.gov.vg/sites/default/files/2024_budget_estimates_final.pdf)
XGOVEXP.IMF,VGB,2024,Source,Data sources,UIS Dynamic Template (mined data) based on Budget Estimates 2024 (https://bvi.gov.vg/sites/default/files/2024_budget_estimates_final.pdf)
XGOVEXP.IMF,VGB,2025,Source,Data sources,UIS Dynamic Template (mined data) based on Budget Estimates 2025 (https://bvi.gov.vg/sites/default/files/2025_budget_estimates_-_final_v3.pdf)
XGOVEXP.IMF,VNM,2008,Data Status,Data reporting,"FINANCE DATA: IMF, World Economic Outlook"
XGOVEXP.IMF,VNM,2008,Source,Data sources,Country's submission to UIS SFE Questionnaire B
XGOVEXP.IMF,VNM,2009,Data Status,Data reporting,"FINANCE DATA: IMF, World Economic Outlook"
XGOVEXP.IMF,VNM,2009,Source,Data sources,Country's submission to UIS SFE Questionnaire B
XGOVEXP.IMF,VNM,2010,Data Status,Data reporting,"FINANCE DATA: IMF, World Economic Outlook"
XGOVEXP.IMF,VNM,2010,Source,Data sources,Country's submission to UIS SFE Questionnaire B
XGOVEXP.IMF,VNM,2011,Data Status,Data reporting,"FINANCE DATA: IMF, World Economic Outlook"
XGOVEXP.IMF,VNM,2011,Source,Data sources,Country's submission to UIS SFE Questionnaire B
XGOVEXP.IMF,VNM,2012,Data Status,Data reporting,"FINANCE DATA: IMF, World Economic Outlook"
XGOVEXP.IMF,VNM,2012,Source,Data sources,Country's submission to UIS SFE Questionnaire B
XGOVEXP.IMF,VNM,2013,Data Status,Data reporting,"FINANCE DATA: IMF, World Economic Outlook"
XGOVEXP.IMF,VNM,2013,Source,Data sources,Country's submission to UIS SFE Questionnaire B
XGOVEXP.IMF,VNM,2014,Source,Data sources,UIS Dynamic template based on Final account 2014 (https://mof.gov.vn/webcenter/portal/btcen/pages_r/l/newsdetails?dDocName=MOFUCM093493&dID=80464)
XGOVEXP.IMF,VNM,2015,Source,Data sources,UIS Dynamic template based on Final account 2015 (https://mof.gov.vn/webcenter/portal/btcen/pages_r/l/newsdetails?dDocName=MOFUCM109082&dID=23943)
XGOVEXP.IMF,VNM,2016,Data Status,Data reporting,"FINANCE DATA: IMF, World Economic Outlook"
XGOVEXP.IMF,VNM,2016,Source,Data sources,Country's submission to UIS SFE Questionnaire B
XGOVEXP.IMF,VNM,2017,Source,Data sources,UIS Dynamic template based on State budget plan 2017 (https://mof.gov.vn/webcenter/portal/btcen/pages_r/l/newsdetails?dDocName=MOFUCM094413&dID=78507)
XGOVEXP.IMF,VNM,2018,Data Status,Data reporting,"FINANCE DATA: IMF, World Economic Outlook"
XGOVEXP.IMF,VNM,2018,Source,Data sources,Country's submission to UIS SFE Questionnaire B
XGOVEXP.IMF,VNM,2019,Source,Data sources,UIS Dynamic template based on Final Accounts 2019 (https://mof.gov.vn/webcenter/portal/btcen/pages_r/l/newsdetails?dDocName=MOFUCM207468&dID=206546)
XGOVEXP.IMF,VNM,2020,Source,Data sources,UIS Dynamic template based on State budget plan 2020 (actual) (https://mof.gov.vn/webcenter/portal/btcen/pages_r/l/newsdetails?dDocName=MOFUCM198840&dID=4256)
XGOVEXP.IMF,VNM,2021,Source,Data sources,UIS Dynamic template based on State budget plan for 2021 (https://mof.gov.vn/webcenter/portal/btcen/pages_r/l/newsdetails?dDocName=MOFUCM186726&dID=6815)
XGOVEXP.IMF,VNM,2022,Source,Data sources,UIS Dynamic template based on State Budget Plan for 2022 (https://mof.gov.vn/webcenter/portal/btcen/pages_r/l/newsdetails?dDocName=MOFUCM217567&dID=217981)
XGOVEXP.IMF,VUT,2000,Data Status,Data reporting,"FINANCE DATA: IMF, World Economic Outlook"
XGOVEXP.IMF,VUT,2000,Source,Data sources,Country's submission to UIS SFE Questionnaire B
XGOVEXP.IMF,VUT,2001,Data Status,Data reporting,"FINANCE DATA: IMF, World Economic Outlook"
XGOVEXP.IMF,VUT,2001,Source,Data sources,Country's submission to UIS SFE Questionnaire B
XGOVEXP.IMF,VUT,2002,Data Status,Data reporting,"FINANCE DATA: IMF, World Economic Outlook"
XGOVEXP.IMF,VUT,2002,Source,Data sources,Country's submission to UIS SFE Questionnaire B
XGOVEXP.IMF,VUT,2003,Data Status,Data reporting,"FINANCE DATA: IMF, World Economic Outlook"
XGOVEXP.IMF,VUT,2003,Source,Data sources,Country's submission to UIS SFE Questionnaire B
XGOVEXP.IMF,VUT,2008,Data Status,Data reporting,"FINANCE DATA: IMF, World Economic Outlook"
XGOVEXP.IMF,VUT,2008,Source,Data sources,Country's submission to UIS SFE Questionnaire B
XGOVEXP.IMF,VUT,2009,Data Status,Data reporting,"FINANCE DATA: IMF, World Economic Outlook"
XGOVEXP.IMF,VUT,2009,Source,Data sources,Country's submission to UIS SFE Questionnaire B
XGOVEXP.IMF,VUT,2014,Data Status,Data reporting,"FINANCE DATA: IMF, World Economic Outlook"
XGOVEXP.IMF,VUT,2014,Source,Data sources,Country's submission to UIS SFE Questionnaire B
XGOVEXP.IMF,VUT,2015,Data Status,Data reporting,"FINANCE DATA: IMF, World Economic Outlook"
XGOVEXP.IMF,VUT,2015,Source,Data sources,Country's submission to UIS SFE Questionnaire B
XGOVEXP.IMF,VUT,2016,Source,Data sources,UIS Dynamic template based on Budget Apropriations 2016 (https://doft.gov.vu/images/2016/budget_2016.pdf)
XGOVEXP.IMF,VUT,2017,Data Status,Data reporting,"FINANCE DATA: IMF, World Economic Outlook"
XGOVEXP.IMF,VUT,2017,Source,Data sources,Country's submission to UIS SFE Questionnaire B
XGOVEXP.IMF,VUT,2018,Source,Data sources,UIS Dynamic template based on Budget Apropriations 2018 (https://doft.gov.vu/images/2018/Budget/Vol_1__2_Budget_Book_2018_English.pdf)
XGOVEXP.IMF,VUT,2019,Data Status,Data reporting,"FINANCE DATA: IMF, World Economic Outlook"
XGOVEXP.IMF,VUT,2019,Source,Data sources,Country's submission to UIS SFE Questionnaire B
XGOVEXP.IMF,VUT,2020,Data Status,Data reporting,"FINANCE DATA: IMF, World Economic Outlook"
XGOVEXP.IMF,VUT,2020,Source,Data sources,Country's submission to UIS SFE Questionnaire B
XGOVEXP.IMF,VUT,2021,Source,Data sources,UIS Dynamic template based on Budget Apropriations 2021 (https://doft.gov.vu/images/2021/Budget/Book/2021_Budget_Book_Volume_1_2__English.pdf)
XGOVEXP.IMF,VUT,2022,Source,Data sources,UIS Dynamic template based on Budget Apropriations 2022 (https://doft.gov.vu/images/2022/Budget-Book/2022_Volume_1__2_Budget_Book_English_Website.pdf)
XGOVEXP.IMF,VUT,2023,Data Status,Data reporting,"FINANCE DATA: IMF, World Economic Outlook"
XGOVEXP.IMF,VUT,2023,Source,Data sources,Country's submission to UIS SFE Questionnaire B
XGOVEXP.IMF,VUT,2024,Data Status,Data reporting,"FINANCE DATA: IMF, World Economic Outlook"
XGOVEXP.IMF,VUT,2024,Source,Data sources,Country's submission to UIS SFE Questionnaire B
XGOVEXP.IMF,WSM,2000,Data Status,Data reporting,"FINANCE DATA: IMF, World Economic Outlook"
XGOVEXP.IMF,WSM,2000,Source,Data sources,Country's submission to UIS SFE Questionnaire B
XGOVEXP.IMF,WSM,2001,Data Status,Data reporting,"FINANCE DATA: IMF, World Economic Outlook"
XGOVEXP.IMF,WSM,2001,Source,Data sources,Country's submission to UIS SFE Questionnaire B
XGOVEXP.IMF,WSM,2002,Data Status,Data reporting,"FINANCE DATA: IMF, World Economic Outlook"
XGOVEXP.IMF,WSM,2002,Source,Data sources,Country's submission to UIS SFE Questionnaire B
XGOVEXP.IMF,WSM,2008,Data Status,Data reporting,"FINANCE DATA: IMF, World Economic Outlook"
XGOVEXP.IMF,WSM,2008,Source,Data sources,Country's submission to UIS SFE Questionnaire B
XGOVEXP.IMF,WSM,2010,Source,Data sources,UIS Dynamic template based on BUDGET ADDRESS 2009/2010 (https://mof.gov.ws/budget-address/)
XGOVEXP.IMF,WSM,2011,Source,Data sources,UIS Dynamic template based on BUDGET ADDRESS 2010/2011 (https://mof.gov.ws/budget-address/)
XGOVEXP.IMF,WSM,2012,Source,Data sources,UIS Dynamic template based on BUDGET ADDRESS 2011/2012 (https://mof.gov.ws/budget-address/)
XGOVEXP.IMF,WSM,2013,Source,Data sources,UIS Dynamic template based on Government Finance Statistics (https://www.sbs.gov.ws/digi/Government%20Finance%20Statistics%20Report%20September%2015.pdf)
XGOVEXP.IMF,WSM,2014,Source,Data sources,UIS Dynamic template based on Government Finance Statistics (https://www.sbs.gov.ws/digi/Government%20Finance%20Statistics%20Report%20September%2015.pdf)
XGOVEXP.IMF,WSM,2015,Source,Data sources,UIS Dynamic template based on Government Finance Statistics (https://www.sbs.gov.ws/digi/Government%20Finance%20Statistics%20Report%20September%2015.pdf)
XGOVEXP.IMF,WSM,2016,Data Status,Data reporting,"FINANCE DATA: IMF, World Economic Outlook"
XGOVEXP.IMF,WSM,2016,Source,Data sources,Country's submission to UIS SFE Questionnaire B
XGOVEXP.IMF,WSM,2017,Source,Data sources,UIS Dynamic template based on Government Finance Statistics (https://www.sbs.gov.ws/digi/Government%20Finance%20Statistics%20June%202017%20Report.pdf)
XGOVEXP.IMF,WSM,2018,Source,Data sources,UIS Dynamic template based on Government Finance Statistics (https://www.sbs.gov.ws/images/sbs-documents/Finance/GFS/December_Quarter_2019.pdf)
XGOVEXP.IMF,WSM,2019,Source,Data sources,UIS Dynamic template based on Government Finance Statistics (https://www.sbs.gov.ws/images/sbs-documents/Finance/GFS/December_Quarter_2019.pdf)
XGOVEXP.IMF,WSM,2020,Source,Data sources,UIS Dynamic template based on Government Finance Statistics (https://www.sbs.gov.ws/images/sbs-documents/Finance/GFS/2020/GFS_Report_December_2020_final.pdf)
XGOVEXP.IMF,WSM,2021,Source,Data sources,UIS Dynamic template based on Public Accounts 2021 (https://mof.gov.ws/services/accounts/financial-reporting/public-accounts/)
XGOVEXP.IMF,WSM,2022,Source,Data sources,UIS Dynamic template based on BUDGET ADDRESS 2021/2022 (https://mof.gov.ws/budget-address/)
XGOVEXP.IMF,WSM,2023,Source,Data sources,UIS Dynamic template based on BUDGET ADDRESS 2022/2023 (https://mof.gov.ws/budget-address/)
XGOVEXP.IMF,WSM,2024,Source,Data sources,UIS Dynamic template based on BUDGET ADDRESS 2023/2024 (https://mof.gov.ws/budget-address/)
XGOVEXP.IMF,WSM,2025,Source,Data sources,UIS Dynamic template based on BUDGET ADDRESS 2024/2025 (https://www.mof.gov.ws/publications/budget-fiscal-policy/budget-address)
XGOVEXP.IMF,YEM,2000,Data Status,Data reporting,"FINANCE DATA: IMF, World Economic Outlook"
XGOVEXP.IMF,YEM,2000,Source,Data sources,Country's submission to UIS SFE Questionnaire B
XGOVEXP.IMF,YEM,2001,Data Status,Data reporting,"FINANCE DATA: IMF, World Economic Outlook"
XGOVEXP.IMF,YEM,2001,Source,Data sources,Country's submission to UIS SFE Questionnaire B
XGOVEXP.IMF,YEM,2008,Data Status,Data reporting,"FINANCE DATA: IMF, World Economic Outlook"
XGOVEXP.IMF,YEM,2008,Source,Data sources,Country's submission to UIS SFE Questionnaire B
XGOVEXP.IMF,ZAF,2000,Data Status,Data reporting,"FINANCE DATA: IMF, World Economic Outlook"
XGOVEXP.IMF,ZAF,2000,Source,Data sources,Country's submission to UIS SFE Questionnaire B
XGOVEXP.IMF,ZAF,2001,Data Status,Data reporting,"FINANCE DATA: IMF, World Economic Outlook"
XGOVEXP.IMF,ZAF,2001,Source,Data sources,Country's submission to UIS SFE Questionnaire B
XGOVEXP.IMF,ZAF,2002,Data Status,Data reporting,"FINANCE DATA: IMF, World Economic Outlook"
XGOVEXP.IMF,ZAF,2002,Source,Data sources,Country's submission to UIS SFE Questionnaire B
XGOVEXP.IMF,ZAF,2003,Data Status,Data reporting,"FINANCE DATA: IMF, World Economic Outlook"
XGOVEXP.IMF,ZAF,2003,Source,Data sources,Country's submission to UIS SFE Questionnaire B
XGOVEXP.IMF,ZAF,2004,Data Status,Data reporting,"FINANCE DATA: IMF, World Economic Outlook"
XGOVEXP.IMF,ZAF,2004,Source,Data sources,Country's submission to UIS SFE Questionnaire B
XGOVEXP.IMF,ZAF,2005,Data Status,Data reporting,"FINANCE DATA: IMF, World Economic Outlook"
XGOVEXP.IMF,ZAF,2005,Source,Data sources,Country's submission to UIS SFE Questionnaire B
XGOVEXP.IMF,ZAF,2006,Data Status,Data reporting,"FINANCE DATA: IMF, World Economic Outlook"
XGOVEXP.IMF,ZAF,2006,Source,Data sources,Country's submission to UIS SFE Questionnaire B
XGOVEXP.IMF,ZAF,2007,Data Status,Data reporting,"FINANCE DATA: IMF, World Economic Outlook"
XGOVEXP.IMF,ZAF,2007,Source,Data sources,Country's submission to UIS SFE Questionnaire B
XGOVEXP.IMF,ZAF,2008,Data Status,Data reporting,"FINANCE DATA: IMF, World Economic Outlook"
XGOVEXP.IMF,ZAF,2008,Source,Data sources,Country's submission to UIS SFE Questionnaire B
XGOVEXP.IMF,ZAF,2009,Data Status,Data reporting,"FINANCE DATA: IMF, World Economic Outlook"
XGOVEXP.IMF,ZAF,2009,Source,Data sources,Country's submission to UIS SFE Questionnaire B
XGOVEXP.IMF,ZAF,2010,Data Status,Data reporting,"FINANCE DATA: IMF, World Economic Outlook"
XGOVEXP.IMF,ZAF,2010,Source,Data sources,Country's submission to UIS SFE Questionnaire B
XGOVEXP.IMF,ZAF,2011,Data Status,Data reporting,"FINANCE DATA: IMF, World Economic Outlook"
XGOVEXP.IMF,ZAF,2011,Source,Data sources,Country's submission to UIS SFE Questionnaire B
XGOVEXP.IMF,ZAF,2012,Data Status,Data reporting,"FINANCE DATA: IMF, World Economic Outlook"
XGOVEXP.IMF,ZAF,2012,Source,Data sources,Country's submission to UIS SFE Questionnaire B
XGOVEXP.IMF,ZAF,2013,Data Status,Data reporting,"FINANCE DATA: IMF, World Economic Outlook"
XGOVEXP.IMF,ZAF,2013,Source,Data sources,Country's submission to UIS SFE Questionnaire B
XGOVEXP.IMF,ZAF,2014,Data Status,Data reporting,"FINANCE DATA: IMF, World Economic Outlook"
XGOVEXP.IMF,ZAF,2014,Source,Data sources,Country's submission to UIS SFE Questionnaire B
XGOVEXP.IMF,ZAF,2015,Data Status,Data reporting,"FINANCE DATA: IMF, World Economic Outlook"
XGOVEXP.IMF,ZAF,2015,Source,Data sources,Country's submission to UIS SFE Questionnaire B
XGOVEXP.IMF,ZAF,2016,Data Status,Data reporting,"FINANCE DATA: IMF, World Economic Outlook"
XGOVEXP.IMF,ZAF,2016,Source,Data sources,Country's submission to UIS SFE Questionnaire B
XGOVEXP.IMF,ZAF,2017,Data Status,Data reporting,"FINANCE DATA: IMF, World Economic Outlook"
XGOVEXP.IMF,ZAF,2017,Source,Data sources,Country's submission to UIS SFE Questionnaire B
XGOVEXP.IMF,ZAF,2018,Data Status,Data reporting,"FINANCE DATA: IMF, World Economic Outlook"
XGOVEXP.IMF,ZAF,2018,Source,Data sources,Country's submission to UIS SFE Questionnaire B
XGOVEXP.IMF,ZAF,2019,Data Status,Data reporting,"FINANCE DATA: IMF, World Economic Outlook"
XGOVEXP.IMF,ZAF,2019,Source,Data sources,Country's submission to UIS SFE Questionnaire B
XGOVEXP.IMF,ZAF,2020,Data Status,Data reporting,"FINANCE DATA: IMF, World Economic Outlook"
XGOVEXP.IMF,ZAF,2020,Source,Data sources,Country's submission to UIS SFE Questionnaire B
XGOVEXP.IMF,ZAF,2021,Data Status,Data reporting,"FINANCE DATA: IMF, World Economic Outlook"
XGOVEXP.IMF,ZAF,2021,Source,Data sources,Country's submission to UIS SFE Questionnaire B
XGOVEXP.IMF,ZAF,2022,Data Status,Data reporting,"FINANCE DATA: IMF, World Economic Outlook"
XGOVEXP.IMF,ZAF,2022,Source,Data sources,Country's submission to UIS SFE Questionnaire B
XGOVEXP.IMF,ZAF,2023,Data Status,Data reporting,"FINANCE DATA: IMF, World Economic Outlook"
XGOVEXP.IMF,ZAF,2023,Source,Data sources,Country's submission to UIS SFE Questionnaire B
XGOVEXP.IMF,ZAF,2024,Data Status,Data reporting,"FINANCE DATA: IMF, World Economic Outlook"
XGOVEXP.IMF,ZAF,2024,Source,Data sources,Country's submission to UIS SFE Questionnaire B
XGOVEXP.IMF,ZAF,2025,Source,Data sources,UIS Dynamic Template (mined data) based on Budget Review 2025 (https://www.treasury.gov.za/documents/National%20Budget/2025/review/FullBR.pdf)
XGOVEXP.IMF,ZMB,2000,Data Status,Data reporting,"FINANCE DATA: IMF, World Economic Outlook"
XGOVEXP.IMF,ZMB,2000,Source,Data sources,Country's submission to UIS SFE Questionnaire B
XGOVEXP.IMF,ZMB,2004,Data Status,Data reporting,"FINANCE DATA: IMF, World Economic Outlook"
XGOVEXP.IMF,ZMB,2004,Source,Data sources,Country's submission to UIS SFE Questionnaire B
XGOVEXP.IMF,ZMB,2005,Data Status,Data reporting,"FINANCE DATA: IMF, World Economic Outlook"
XGOVEXP.IMF,ZMB,2005,Source,Data sources,Country's submission to UIS SFE Questionnaire B
XGOVEXP.IMF,ZMB,2007,Data Status,Data reporting,"FINANCE DATA: IMF, World Economic Outlook"
XGOVEXP.IMF,ZMB,2007,Source,Data sources,Country's submission to UIS SFE Questionnaire B
XGOVEXP.IMF,ZMB,2008,Data Status,Data reporting,"FINANCE DATA: IMF, World Economic Outlook"
XGOVEXP.IMF,ZMB,2008,Source,Data sources,Country's submission to UIS SFE Questionnaire B
XGOVEXP.IMF,ZMB,2010,Source,Data sources,UIS Dynamic Template (mined data) based on 2010 Budget Speech (https://www.cabri-sbo.org/en/documents/2010-budget-address)
XGOVEXP.IMF,ZMB,2011,Source,Data sources,UIS Dynamic Template (mined data) based on 2011 Budget Speech (https://www.parliament.gov.zm/sites/default/files/images/publication_docs/2011%20Budget%20Speech.pdf)
XGOVEXP.IMF,ZMB,2012,Source,Data sources,UIS Dynamic Template (mined data) based on 2012 Budget Speech (https://www.cabri-sbo.org/en/documents/2012-budget-address)
XGOVEXP.IMF,ZMB,2013,Source,Data sources,UIS Dynamic Template (mined data) based on 2013 Budget Speech (https://www.parliament.gov.zm/sites/default/files/images/publication_docs/2013%20Budget%20Address.PDF)
XGOVEXP.IMF,ZMB,2014,Source,Data sources,UIS Dynamic Template (mined data) based on 2014 Budget Speech (http://zambiahighcommission.ca/wp/wp-content/uploads/2014nationalbudgetaddress.pdf)
XGOVEXP.IMF,ZMB,2015,Data Status,Data reporting,"FINANCE DATA: IMF, World Economic Outlook"
XGOVEXP.IMF,ZMB,2015,Source,Data sources,Country's submission to UIS SFE Questionnaire B
XGOVEXP.IMF,ZMB,2016,Data Status,Data reporting,"FINANCE DATA: IMF, World Economic Outlook"
XGOVEXP.IMF,ZMB,2016,Source,Data sources,Country's submission to UIS SFE Questionnaire B
XGOVEXP.IMF,ZMB,2017,Data Status,Data reporting,"FINANCE DATA: IMF, World Economic Outlook"
XGOVEXP.IMF,ZMB,2017,Source,Data sources,Country's submission to UIS SFE Questionnaire B
XGOVEXP.IMF,ZMB,2018,Data Status,Data reporting,"FINANCE DATA: IMF, World Economic Outlook"
XGOVEXP.IMF,ZMB,2018,Source,Data sources,Country's submission to UIS SFE Questionnaire B
XGOVEXP.IMF,ZMB,2019,Source,Data sources,UIS Dynamic Template (mined data) based on 2019 Budget Speech (https://www.parliament.gov.zm/sites/default/files/images/publication_docs/Budget%20Speech%202019.pdf)
XGOVEXP.IMF,ZMB,2020,Source,Data sources,UIS Dynamic Template (mined data) based on 2020 Budget Speech (https://www.parliament.gov.zm/sites/default/files/images/publication_docs/2020BUDGET-SPEECH.pdf)
XGOVEXP.IMF,ZMB,2021,Source,Data sources,UIS Dynamic Template (mined data) based on 2021 Budget Speech (https://www.parliament.gov.zm/sites/default/files/images/publication_docs/2021_National_Budget_Speech.pdf)
XGOVEXP.IMF,ZMB,2023,Source,Data sources,UIS Dynamic Template (mined data) based on 2023 Budget Speech (https://www.parliament.gov.zm/sites/default/files/images/publication_docs/2023%20Budget%20Speech.pdf)
XGOVEXP.IMF,ZMB,2024,Source,Data sources,UIS Dynamic Template (mined data) based on 2024 Budget Speech (https://www.parliament.gov.zm/sites/default/files/images/publication_docs/2024%20BUDGET%20SPEECH_230929_174057.pdf)
XGOVEXP.IMF,ZMB,2025,Source,Data sources,UIS Dynamic Template (mined data) based on 2025 Budget Speech (https://www.parliament.gov.zm/sites/default/files/images/publication_docs/2025%20BUDGET%20SPEECH%20%20FINAL.pdf)
XGOVEXP.IMF,ZWE,2010,Source,Data sources,UIS Dynamic template based on UIS Education Survey
XGOVEXP.IMF,ZWE,2012,Source,Data sources,UIS Dynamic template based on UIS Education Survey
XGOVEXP.IMF,ZWE,2013,Source,Data sources,UIS Dynamic template based on UIS Education Survey
XGOVEXP.IMF,ZWE,2014,Source,Data sources,UIS Dynamic template based on UIS Education Survey
XGOVEXP.IMF,ZWE,2015,Source,Data sources,UIS Dynamic Template (mined data) based on Education Statistical Report 2018-2020 (https://www.zimstat.co.zw/wp-content/uploads/publications/Social/Education/Education_Report_2020.pdf)
XGOVEXP.IMF,ZWE,2016,Source,Data sources,UIS Dynamic Template (mined data) based on Education Statistical Report 2018-2020 (https://www.zimstat.co.zw/wp-content/uploads/publications/Social/Education/Education_Report_2020.pdf)
XGOVEXP.IMF,ZWE,2017,Source,Data sources,UIS Dynamic Template (mined data) based on Education Statistical Report 2018-2020 (https://www.zimstat.co.zw/wp-content/uploads/publications/Social/Education/Education_Report_2020.pdf)
XGOVEXP.IMF,ZWE,2018,Source,Data sources,UIS Dynamic Template (mined data) based on Education Statistical Report 2018-2020 (https://www.zimstat.co.zw/wp-content/uploads/publications/Social/Education/Education_Report_2020.pdf)
XGOVEXP.IMF,ZWE,2019,Source,Data sources,UIS Dynamic Template (mined data) based on Education Statistical Report 2018-2020 (https://www.zimstat.co.zw/wp-content/uploads/publications/Social/Education/Education_Report_2020.pdf)
XGOVEXP.IMF,ZWE,2020,Source,Data sources,UIS Dynamic Template (mined data) based on Education Statistical Report 2018-2020 (https://www.zimstat.co.zw/wp-content/uploads/publications/Social/Education/Education_Report_2020.pdf)
XGOVEXP.IMF,ZWE,2023,Source,Data sources,UIS Dynamic Template (mined data) based on Citizens budget 2023 (https://zimtreasury.co.zw/wp-content/uploads/2025/01/Citizens-Budget.pdf)
XGOVEXP.IMF,ZWE,2024,Source,Data sources,UIS Dynamic Template (mined data) based on 2025 Estimates of Expenditure (https://zimtreasury.co.zw/wp-content/uploads/2024/11/2025-National-Budget-Statement-FINAL.pdf)
XGOVEXP.IMF,ZWE,2025,Source,Data sources,UIS Dynamic Template (mined data) based on 2025 Estimates of Expenditure (https://zimtreasury.co.zw/wp-content/uploads/2024/11/2025-National-Budget-Statement-FINAL.pdf)